iteration_num,expe_num,validation_result,clock_freq,current_sample,current_timestamp,timing_sample
0,0,,,3.2325744628906254,0.015,
0,0,,,3.2363891601562504,0.042,
0,0,,,3.2363891601562504,0.069,
0,0,,,3.27911376953125,0.095,
0,0,,,3.289031982421875,0.122,
0,0,,,3.289031982421875,0.148,
0,0,,,3.28521728515625,0.175,
0,0,,,3.28521728515625,0.201,
0,0,,,3.2978057861328125,0.228,
0,0,,,3.2978057861328125,0.254,
0,0,,,3.299331665039063,0.281,
0,0,,,3.299331665039063,0.307,
0,0,,,3.30352783203125,0.334,
0,0,,,3.30352783203125,0.361,
0,0,,,3.271484375,0.387,
0,0,,,3.271484375,0.414,
0,0,,,3.2974243164062504,0.44,
0,0,,,3.2974243164062504,0.467,
0,0,,,3.28826904296875,0.493,
0,0,,,3.28826904296875,0.52,
0,0,,,3.2909393310546875,0.546,
0,0,,,3.2909393310546875,0.573,
0,0,,,3.292083740234375,0.599,
0,0,,,3.292083740234375,0.626,
0,0,,,3.289031982421875,0.653,
0,0,,,3.2783508300781254,0.679,
0,0,,,3.2783508300781254,0.706,
0,0,,,3.3000946044921875,0.732,
0,0,,,3.3000946044921875,0.759,
0,0,,,3.277969360351563,0.785,
0,0,,,3.277969360351563,0.812,
0,0,,,3.3016204833984375,0.838,
0,0,,,3.3016204833984375,0.865,
0,0,,,3.2867431640625,0.891,
0,0,,,3.2867431640625,0.918,
0,0,,,3.284454345703125,0.945,
0,0,,,3.284454345703125,0.971,
0,0,,,3.310775756835938,0.998,
0,0,,,3.310775756835938,1.024,
0,0,,,3.2928466796875,1.051,
0,0,,,3.2928466796875,1.077,
0,0,,,3.2871246337890625,1.104,
0,0,,,3.2871246337890625,1.13,
0,0,,,3.2924652099609375,1.157,
0,0,,,3.2798767089843754,1.183,
0,0,,,3.2798767089843754,1.21,
0,0,,,3.2810211181640625,1.237,
0,0,,,3.2810211181640625,1.263,
0,0,,,3.287887573242188,1.29,
0,0,,,3.287887573242188,1.316,
0,0,,,3.262710571289063,1.343,
0,0,,,3.262710571289063,1.369,
0,0,,,3.2745361328125004,1.396,
0,0,,,3.2745361328125004,1.422,
0,0,,,3.2962799072265625,1.449,
0,0,,,3.2962799072265625,1.475,
0,0,,,3.2749176025390625,1.502,
0,0,,,3.2749176025390625,1.529,
0,0,,,3.305816650390625,1.555,
0,0,,,3.305816650390625,1.582,
0,0,,,3.299331665039063,1.608,
0,0,,,3.299331665039063,1.635,
0,0,,,3.3115386962890625,1.661,
0,0,,,3.289413452148438,1.688,
0,0,,,3.289413452148438,1.714,
0,0,,,3.290557861328125,1.741,
0,0,,,3.290557861328125,1.767,
0,0,,,3.308486938476563,1.794,
0,0,,,3.308486938476563,1.821,
0,0,,,3.275299072265625,1.847,
0,0,,,3.275299072265625,1.874,
0,0,,,3.2936096191406254,1.9,
0,0,,,3.2936096191406254,1.927,
0,0,,,3.2867431640625,1.953,
0,0,,,3.2867431640625,1.98,
0,0,,,3.267669677734375,2.006,
0,0,,,3.267669677734375,2.033,
0,0,,,3.2939910888671875,2.06,
0,0,,,3.2939910888671875,2.086,
0,0,,,3.2936096191406254,2.113,
0,0,,,3.2936096191406254,2.139,
0,0,,,3.2798767089843754,2.166,
0,0,,,3.2901763916015625,2.192,
0,0,,,3.2901763916015625,2.219,
0,0,,,3.2718658447265625,2.245,
0,0,,,3.2718658447265625,2.272,
0,0,,,3.2867431640625,2.299,
0,0,,,3.2867431640625,2.325,
0,0,,,3.30963134765625,2.352,
0,0,,,3.30963134765625,2.378,
0,0,,,3.30352783203125,2.405,
0,0,,,3.30352783203125,2.431,
0,0,,,3.3039093017578125,2.458,
0,0,,,3.3039093017578125,2.484,
0,0,,,3.2871246337890625,2.511,
0,0,,,3.2871246337890625,2.537,
0,0,,,3.284454345703125,2.564,
0,0,,,3.284454345703125,2.591,
0,0,,,3.2985687255859375,2.617,
0,0,,,3.2985687255859375,2.644,
0,0,,,3.290557861328125,2.67,
0,0,,,3.290557861328125,2.697,
0,0,,,3.280258178710938,2.723,
0,0,,,3.298187255859375,2.75,
0,0,,,3.298187255859375,2.776,
0,0,,,3.28826904296875,2.803,
0,0,,,3.28826904296875,2.829,
0,0,,,3.295516967773438,2.856,
0,0,,,3.295516967773438,2.883,
0,0,,,3.28826904296875,2.909,
0,0,,,3.28826904296875,2.936,
0,0,,,3.281784057617188,2.962,
0,0,,,3.281784057617188,2.993,
0,0,,,3.2897949218750004,3.02,
0,0,,,3.2897949218750004,3.047,
0,0,,,3.2875061035156254,3.073,
0,0,,,3.2875061035156254,3.1,
0,0,,,3.2951354980468754,3.126,
0,0,,,3.2928466796875,3.153,
0,0,,,3.2928466796875,3.179,
0,0,,,3.2672882080078125,3.206,
0,0,,,3.2672882080078125,3.233,
0,0,,,3.299331665039063,3.259,
0,0,,,3.299331665039063,3.286,
0,0,,,3.2913208007812504,3.312,
0,0,,,3.2913208007812504,3.339,
0,0,,,3.2939910888671875,3.365,
0,0,,,3.2939910888671875,3.392,
0,0,,,3.3000946044921875,3.418,
0,0,,,3.3000946044921875,3.445,
0,0,,,3.2875061035156254,3.471,
0,0,,,3.2875061035156254,3.498,
0,0,,,3.2974243164062504,3.524,
0,0,,,3.2974243164062504,3.551,
0,0,,,3.2958984375,3.578,
0,0,,,3.2958984375,3.604,
0,0,,,3.2947540283203125,3.631,
0,0,,,3.284072875976563,3.657,
0,0,,,3.284072875976563,3.684,
0,0,,,3.289413452148438,3.71,
0,0,,,3.289413452148438,3.737,
0,0,,,3.2989501953125004,3.763,
0,0,,,3.2989501953125004,3.79,
0,0,,,3.2871246337890625,3.817,
0,0,,,3.2871246337890625,3.843,
0,0,,,3.2806396484375,3.87,
0,0,,,3.2806396484375,3.896,
0,0,,,3.26995849609375,3.923,
0,0,,,3.26995849609375,3.949,
0,0,,,3.281402587890625,3.976,
0,0,,,3.281402587890625,4.002,
0,0,,,3.303146362304688,4.029,
0,0,,,3.303146362304688,4.055,
0,0,,,3.280258178710938,4.082,
0,0,,,3.280258178710938,4.108,
0,0,,,3.2913208007812504,4.135,
0,0,,,3.2913208007812504,4.162,
0,0,,,3.264999389648438,4.188,
0,0,,,3.2913208007812504,4.215,
0,0,,,3.2913208007812504,4.241,
0,0,,,3.30047607421875,4.268,
0,0,,,3.30047607421875,4.294,
0,0,,,3.29437255859375,4.321,
0,0,,,3.29437255859375,4.347,
0,0,,,3.2924652099609375,4.374,
0,0,,,3.2924652099609375,4.4,
0,0,,,3.2962799072265625,4.427,
0,0,,,3.2962799072265625,4.454,
0,0,,,3.2772064208984375,4.48,
0,0,,,3.2772064208984375,4.507,
0,0,,,3.2939910888671875,4.533,
0,0,,,3.2939910888671875,4.56,
0,0,,,3.29437255859375,4.586,
0,0,,,3.29437255859375,4.613,
0,0,,,3.285598754882813,4.639,
0,0,,,3.285598754882813,4.666,
0,0,,,3.287887573242188,4.692,
0,0,,,3.2848358154296875,4.719,
0,0,,,3.2848358154296875,4.746,
0,0,,,3.290557861328125,4.772,
0,0,,,3.290557861328125,4.799,
0,0,,,3.2871246337890625,4.825,
0,0,,,3.2871246337890625,4.852,
0,0,,,3.2825469970703125,4.878,
0,0,,,3.2825469970703125,4.905,
0,0,,,3.296661376953125,4.931,
0,0,,,3.296661376953125,4.958,
0,0,,,3.2962799072265625,4.984,
0,0,,,3.2962799072265625,5.011,
0,0,,,3.28826904296875,5.038,
0,0,,,3.28826904296875,5.064,
0,0,,,3.2810211181640625,5.091,
0,0,,,3.2810211181640625,5.117,
0,0,,,3.2951354980468754,5.144,
0,0,,,3.2951354980468754,5.17,
0,0,,,3.281402587890625,5.197,
0,0,,,3.2733917236328125,5.223,
0,0,,,3.2733917236328125,5.25,
0,0,,,3.299713134765625,5.277,
0,0,,,3.299713134765625,5.303,
0,0,,,3.2871246337890625,5.33,
0,0,,,3.2871246337890625,5.356,
0,0,,,3.3000946044921875,5.383,
0,0,,,3.3000946044921875,5.409,
0,0,,,3.2749176025390625,5.436,
0,0,,,3.2749176025390625,5.462,
0,0,,,3.2875061035156254,5.489,
0,0,,,3.2875061035156254,5.515,
0,0,,,3.2783508300781254,5.542,
0,0,,,3.2783508300781254,5.569,
0,0,,,3.287887573242188,5.595,
0,0,,,3.287887573242188,5.622,
0,0,,,3.2821655273437504,5.648,
0,0,,,3.2821655273437504,5.675,
0,0,,,3.2928466796875,5.701,
0,0,,,3.2928466796875,5.728,
0,0,,,3.2859802246093754,5.754,
0,0,,,3.285598754882813,5.781,
0,0,,,3.285598754882813,5.807,
0,0,,,3.2913208007812504,5.834,
0,0,,,3.2913208007812504,5.861,
0,0,,,3.282928466796875,5.887,
0,0,,,3.282928466796875,5.914,
0,0,,,3.2924652099609375,5.94,
0,0,,,3.2924652099609375,5.967,
0,0,,,3.2924652099609375,5.993,
0,0,,,3.2924652099609375,6.02,
0,0,,,3.27301025390625,6.046,
0,0,,,3.27301025390625,6.073,
0,0,,,3.2962799072265625,6.099,
0,0,,,3.2962799072265625,6.126,
0,0,,,3.29437255859375,6.153,
0,0,,,3.29437255859375,6.179,
0,0,,,3.304290771484375,6.206,
0,0,,,3.304290771484375,6.232,
0,0,,,3.2867431640625,6.259,
0,0,,,3.2783508300781254,6.285,
0,0,,,3.2783508300781254,6.312,
0,0,,,3.291702270507813,6.338,
0,0,,,3.291702270507813,6.365,
0,0,,,3.2810211181640625,6.391,
0,0,,,3.2810211181640625,6.418,
0,0,,,3.2821655273437504,6.444,
0,0,,,3.2821655273437504,6.471,
0,0,,,3.284072875976563,6.498,
0,0,,,3.284072875976563,6.524,
0,0,,,3.285598754882813,6.551,
0,0,,,3.285598754882813,6.577,
0,0,,,3.295516967773438,6.604,
0,0,,,3.295516967773438,6.63,
0,0,,,3.2810211181640625,6.657,
0,0,,,3.2810211181640625,6.683,
0,0,,,3.2772064208984375,6.71,
0,0,,,3.2772064208984375,6.737,
0,0,,,3.274154663085938,6.763,
0,0,,,3.30047607421875,6.79,
0,0,,,3.30047607421875,6.816,
0,0,,,3.2833099365234375,6.843,
0,0,,,3.2833099365234375,6.869,
0,0,,,3.2669067382812504,6.896,
0,0,,,3.2669067382812504,6.922,
0,0,,,3.2951354980468754,6.949,
0,0,,,3.2951354980468754,6.975,
0,0,,,3.2798767089843754,7.002,
0,0,,,3.2798767089843754,7.029,
0,0,,,3.2760620117187504,7.055,
0,0,,,3.2760620117187504,7.082,
0,0,,,3.2794952392578125,7.109,
0,0,,,3.2794952392578125,7.135,
0,0,,,3.2867431640625,7.162,
0,0,,,3.2867431640625,7.188,
0,0,,,3.2909393310546875,7.215,
0,0,,,3.2909393310546875,7.241,
0,0,,,3.281784057617188,7.268,
0,0,,,3.276824951171875,7.295,
0,0,,,3.276824951171875,7.321,
0,0,,,3.296661376953125,7.348,
0,0,,,3.296661376953125,7.374,
0,0,,,3.2924652099609375,7.401,
0,0,,,3.2924652099609375,7.427,
0,0,,,3.2684326171875004,7.454,
0,0,,,3.2684326171875004,7.48,
0,0,,,3.282928466796875,7.507,
0,0,,,3.282928466796875,7.533,
0,0,,,3.2783508300781254,7.56,
0,0,,,3.2783508300781254,7.587,
0,0,,,3.2951354980468754,7.613,
0,0,,,3.2951354980468754,7.64,
0,0,,,3.2833099365234375,7.666,
0,0,,,3.2833099365234375,7.693,
0,0,,,3.297042846679688,7.719,
0,0,,,3.297042846679688,7.746,
0,0,,,3.289031982421875,7.772,
0,0,,,3.289413452148438,7.799,
0,0,,,3.289413452148438,7.825,
0,0,,,3.287887573242188,7.852,
0,0,,,3.287887573242188,7.879,
0,0,,,3.2836914062500004,7.905,
0,0,,,3.2836914062500004,7.932,
0,0,,,3.2936096191406254,7.958,
0,0,,,3.2936096191406254,7.985,
0,0,,,3.3039093017578125,8.011,
0,0,,,3.3039093017578125,8.038,
0,0,,,3.2875061035156254,8.065,
0,0,,,3.2875061035156254,8.091,
0,0,,,3.281784057617188,8.118,
0,0,,,3.281784057617188,8.144,
0,0,,,3.28521728515625,8.171,
0,0,,,3.28521728515625,8.197,
0,0,,,3.2833099365234375,8.224,
0,0,,,3.2833099365234375,8.25,
0,0,,,3.2863616943359375,8.277,
0,0,,,3.2863616943359375,8.303,
0,0,,,3.287887573242188,8.33,
0,0,,,3.295516967773438,8.357,
0,0,,,3.295516967773438,8.383,
0,0,,,3.2913208007812504,8.41,
0,0,,,3.2913208007812504,8.436,
0,0,,,3.282928466796875,8.463,
0,0,,,3.282928466796875,8.489,
0,0,,,3.2863616943359375,8.516,
0,0,,,3.2863616943359375,8.542,
0,0,,,3.2901763916015625,8.569,
0,0,,,3.2901763916015625,8.596,
0,0,,,3.300857543945313,8.622,
0,0,,,3.300857543945313,8.649,
0,0,,,3.27301025390625,8.675,
0,0,,,3.27301025390625,8.702,
0,0,,,3.2939910888671875,8.728,
0,0,,,3.2939910888671875,8.755,
0,0,,,3.2928466796875,8.781,
0,0,,,3.2928466796875,8.808,
0,0,,,3.27911376953125,8.834,
0,0,,,3.2806396484375,8.861,
0,0,,,3.2806396484375,8.888,
0,0,,,3.2913208007812504,8.914,
0,0,,,3.2913208007812504,8.941,
0,0,,,3.281784057617188,8.967,
0,0,,,3.281784057617188,8.994,
0,0,,,3.2806396484375,9.02,
0,0,,,3.2806396484375,9.047,
0,0,,,3.290557861328125,9.073,
0,0,,,3.290557861328125,9.1,
0,0,,,3.292083740234375,9.126,
0,0,,,3.292083740234375,9.153,
0,0,,,3.298187255859375,9.18,
0,0,,,3.298187255859375,9.206,
0,0,,,3.298187255859375,9.233,
0,0,,,3.298187255859375,9.259,
0,0,,,3.2886505126953125,9.286,
0,0,,,3.2886505126953125,9.312,
0,0,,,3.2798767089843754,9.339,
0,0,,,3.285598754882813,9.365,
0,0,,,3.285598754882813,9.392,
0,0,,,3.2875061035156254,9.418,
0,0,,,3.2875061035156254,9.445,
0,0,,,3.289413452148438,9.472,
0,0,,,3.289413452148438,9.498,
0,0,,,3.282928466796875,9.525,
0,0,,,3.282928466796875,9.551,
0,0,,,3.284454345703125,9.578,
0,0,,,3.284454345703125,9.604,
0,0,,,3.2886505126953125,9.631,
0,0,,,3.2886505126953125,9.657,
0,0,,,3.281402587890625,9.684,
0,0,,,3.281402587890625,9.71,
0,0,,,3.2974243164062504,9.737,
0,0,,,3.2974243164062504,9.764,
0,0,,,3.2951354980468754,9.79,
0,0,,,3.2951354980468754,9.817,
0,0,,,3.2749176025390625,9.843,
0,0,,,3.2749176025390625,9.87,
0,0,,,3.2848358154296875,9.896,
0,0,,,3.289413452148438,9.923,
0,0,,,3.289413452148438,9.949,
0,0,,,3.2909393310546875,9.976,
0,1,,,3.3294677734375004,10.109,
0,1,,,3.18145751953125,10.135,
0,1,,,3.18145751953125,10.162,
0,1,,,3.1349182128906254,10.188,
0,1,,,3.1349182128906254,10.215,
0,1,,,3.30810546875,10.241,
0,1,,,3.30810546875,10.268,
0,1,,,3.1692504882812504,10.295,
0,1,,,3.1692504882812504,10.321,
0,1,,,3.1906127929687504,10.348,
0,1,,,3.1906127929687504,10.374,
0,1,,,3.2161712646484375,10.401,
0,1,,,3.197860717773438,10.427,
0,1,,,3.197860717773438,10.454,
0,1,,,3.1600952148437504,10.48,
0,1,,,3.1600952148437504,10.507,
0,1,,,3.216552734375,10.534,
0,1,,,3.216552734375,10.56,
0,1,,,3.3191680908203125,10.587,
0,1,,,3.3191680908203125,10.613,
0,1,,,3.183746337890625,10.64,
0,1,,,3.183746337890625,10.666,
0,1,,,3.345489501953125,10.693,
0,1,,,3.345489501953125,10.719,
0,1,,,3.1906127929687504,10.746,
0,1,,,3.1906127929687504,10.772,
0,1,,,3.154754638671875,10.799,
0,1,,,3.154754638671875,10.826,
0,1,,,3.27911376953125,10.852,
0,1,,,3.27911376953125,10.879,
0,1,,,3.155517578125,10.905,
0,1,,,3.34014892578125,10.932,
0,1,,,3.34014892578125,10.958,
0,1,,,3.223037719726563,10.985,
0,1,,,3.223037719726563,11.011,
0,1,,,3.1730651855468754,11.038,
0,1,,,3.1730651855468754,11.065,
0,1,,,3.2032012939453125,11.091,
0,1,,,3.2032012939453125,11.118,
0,1,,,3.2646179199218754,11.144,
0,1,,,3.2646179199218754,11.171,
0,1,,,3.1890869140625,11.197,
0,1,,,3.1890869140625,11.224,
0,1,,,3.258514404296875,11.251,
0,1,,,3.258514404296875,11.277,
0,1,,,3.2592773437500004,11.304,
0,1,,,3.2592773437500004,11.331,
0,1,,,3.261184692382813,11.357,
0,1,,,3.261184692382813,11.384,
0,1,,,3.1295776367187504,11.41,
0,1,,,3.276824951171875,11.437,
0,1,,,3.276824951171875,11.463,
0,1,,,3.258514404296875,11.49,
0,1,,,3.258514404296875,11.516,
0,1,,,3.2363891601562504,11.543,
0,1,,,3.2363891601562504,11.569,
0,1,,,3.363037109375,11.596,
0,1,,,3.363037109375,11.623,
0,1,,,3.243255615234375,11.649,
0,1,,,3.243255615234375,11.676,
0,1,,,3.129196166992188,11.702,
0,1,,,3.129196166992188,11.729,
0,1,,,3.3660888671875004,11.755,
0,1,,,3.3660888671875004,11.782,
0,1,,,3.238296508789063,11.808,
0,1,,,3.238296508789063,11.835,
0,1,,,3.3016204833984375,11.861,
0,1,,,3.3016204833984375,11.888,
0,1,,,3.1703948974609375,11.915,
0,1,,,3.2657623291015625,11.941,
0,1,,,3.2657623291015625,11.968,
0,1,,,3.238677978515625,11.995,
0,1,,,3.238677978515625,12.021,
0,1,,,3.228378295898438,12.048,
0,1,,,3.228378295898438,12.074,
0,1,,,3.298187255859375,12.101,
0,1,,,3.298187255859375,12.127,
0,1,,,3.2341003417968754,12.154,
0,1,,,3.2341003417968754,12.181,
0,1,,,3.3588409423828125,12.207,
0,1,,,3.3588409423828125,12.234,
0,1,,,3.2020568847656254,12.26,
0,1,,,3.2020568847656254,12.287,
0,1,,,3.2299041748046875,12.313,
0,1,,,3.2299041748046875,12.34,
0,1,,,3.145599365234375,12.366,
0,1,,,3.145599365234375,12.393,
0,1,,,3.29437255859375,12.42,
0,1,,,3.2020568847656254,12.446,
0,1,,,3.2020568847656254,12.473,
0,1,,,3.261184692382813,12.499,
0,1,,,3.261184692382813,12.526,
0,1,,,3.3519744873046875,12.552,
0,1,,,3.3519744873046875,12.579,
0,1,,,3.2337188720703125,12.605,
0,1,,,3.2337188720703125,12.632,
0,1,,,3.2123565673828125,12.659,
0,1,,,3.2123565673828125,12.685,
0,1,,,3.197860717773438,12.712,
0,1,,,3.197860717773438,12.738,
0,1,,,3.244781494140625,12.765,
0,1,,,3.244781494140625,12.791,
0,1,,,3.1715393066406254,12.818,
0,1,,,3.1715393066406254,12.844,
0,1,,,3.266525268554688,12.871,
0,1,,,3.266525268554688,12.898,
0,1,,,3.2337188720703125,12.924,
0,1,,,3.2337188720703125,12.951,
0,1,,,3.2032012939453125,12.977,
0,1,,,3.1921386718750004,13.004,
0,1,,,3.1921386718750004,13.03,
0,1,,,3.215789794921875,13.057,
0,1,,,3.215789794921875,13.083,
0,1,,,3.197860717773438,13.11,
0,1,,,3.197860717773438,13.137,
0,1,,,3.12652587890625,13.163,
0,1,,,3.12652587890625,13.19,
0,1,,,3.1322479248046875,13.216,
0,1,,,3.1322479248046875,13.243,
0,1,,,3.2035827636718754,13.269,
0,1,,,3.2035827636718754,13.296,
0,1,,,3.267669677734375,13.322,
0,1,,,3.267669677734375,13.349,
0,1,,,3.3649444580078125,13.376,
0,1,,,3.3649444580078125,13.402,
0,1,,,3.215789794921875,13.429,
0,1,,,3.215789794921875,13.455,
0,1,,,3.2505035400390625,13.482,
0,1,,,3.15093994140625,13.508,
0,1,,,3.15093994140625,13.535,
0,1,,,3.2520294189453125,13.561,
0,1,,,3.2520294189453125,13.588,
0,1,,,3.2070159912109375,13.614,
0,1,,,3.2070159912109375,13.641,
0,1,,,3.252410888671875,13.668,
0,1,,,3.252410888671875,13.694,
0,1,,,3.26995849609375,13.721,
0,1,,,3.26995849609375,13.747,
0,1,,,3.182220458984375,13.774,
0,1,,,3.182220458984375,13.8,
0,1,,,3.231048583984375,13.827,
0,1,,,3.231048583984375,13.853,
0,1,,,3.2516479492187504,13.88,
0,1,,,3.2516479492187504,13.906,
0,1,,,3.1841278076171875,13.933,
0,1,,,3.1841278076171875,13.96,
0,1,,,3.192520141601563,13.986,
0,1,,,3.1681060791015625,14.013,
0,1,,,3.1681060791015625,14.039,
0,1,,,3.2161712646484375,14.066,
0,1,,,3.2161712646484375,14.092,
0,1,,,3.351593017578125,14.119,
0,1,,,3.351593017578125,14.146,
0,1,,,3.2733917236328125,14.172,
0,1,,,3.2733917236328125,14.199,
0,1,,,3.3626556396484375,14.225,
0,1,,,3.3626556396484375,14.252,
0,1,,,3.2516479492187504,14.278,
0,1,,,3.2516479492187504,14.305,
0,1,,,3.250885009765625,14.331,
0,1,,,3.250885009765625,14.358,
0,1,,,3.2112121582031254,14.385,
0,1,,,3.2112121582031254,14.411,
0,1,,,3.2253265380859375,14.438,
0,1,,,3.2253265380859375,14.464,
0,1,,,3.251266479492188,14.491,
0,1,,,3.253936767578125,14.517,
0,1,,,3.253936767578125,14.544,
0,1,,,3.21807861328125,14.57,
0,1,,,3.21807861328125,14.597,
0,1,,,3.2482147216796875,14.623,
0,1,,,3.2482147216796875,14.65,
0,1,,,3.3409118652343754,14.677,
0,1,,,3.3409118652343754,14.703,
0,1,,,3.251266479492188,14.73,
0,1,,,3.251266479492188,14.756,
0,1,,,3.2501220703125,14.783,
0,1,,,3.2501220703125,14.809,
0,1,,,3.171157836914063,14.836,
0,1,,,3.171157836914063,14.862,
0,1,,,3.224563598632813,14.889,
0,1,,,3.224563598632813,14.916,
0,1,,,3.252410888671875,14.942,
0,1,,,3.252410888671875,14.969,
0,1,,,3.2211303710937504,14.995,
0,1,,,3.2211303710937504,15.022,
0,1,,,3.243637084960938,15.048,
0,1,,,3.2623291015625,15.075,
0,1,,,3.2623291015625,15.101,
0,1,,,3.244781494140625,15.128,
0,1,,,3.244781494140625,15.155,
0,1,,,3.227996826171875,15.181,
0,1,,,3.227996826171875,15.208,
0,1,,,3.246307373046875,15.234,
0,1,,,3.246307373046875,15.261,
0,1,,,3.2402038574218754,15.287,
0,1,,,3.2402038574218754,15.314,
0,1,,,3.3435821533203125,15.341,
0,1,,,3.3435821533203125,15.368,
0,1,,,3.2188415527343754,15.394,
0,1,,,3.2188415527343754,15.421,
0,1,,,3.25469970703125,15.447,
0,1,,,3.25469970703125,15.474,
0,1,,,3.227996826171875,15.501,
0,1,,,3.227996826171875,15.527,
0,1,,,3.2112121582031254,15.554,
0,1,,,3.322219848632813,15.58,
0,1,,,3.322219848632813,15.607,
0,1,,,3.2913208007812504,15.633,
0,1,,,3.2913208007812504,15.66,
0,1,,,3.2222747802734375,15.686,
0,1,,,3.2222747802734375,15.713,
0,1,,,3.14788818359375,15.739,
0,1,,,3.14788818359375,15.766,
0,1,,,3.17230224609375,15.792,
0,1,,,3.17230224609375,15.819,
0,1,,,3.23486328125,15.846,
0,1,,,3.23486328125,15.872,
0,1,,,3.2196044921875,15.899,
0,2,,,3.345489501953125,16.031,
0,2,,,3.2150268554687504,16.058,
0,2,,,3.440475463867188,16.085,
0,2,,,3.440475463867188,16.111,
0,2,,,3.4778594970703125,16.138,
0,2,,,3.4778594970703125,16.164,
0,2,,,3.4637451171875,16.191,
0,2,,,3.4637451171875,16.217,
0,2,,,3.4580230712890625,16.244,
0,2,,,3.4580230712890625,16.271,
0,2,,,3.4656524658203125,16.297,
0,2,,,3.4656524658203125,16.324,
0,2,,,3.4564971923828125,16.35,
0,2,,,3.4564971923828125,16.377,
0,2,,,3.4587860107421875,16.403,
0,2,,,3.4587860107421875,16.43,
0,2,,,3.441619873046875,16.456,
0,2,,,3.441619873046875,16.483,
0,2,,,3.4591674804687504,16.509,
0,2,,,3.4591674804687504,16.536,
0,2,,,3.4347534179687504,16.563,
0,2,,,3.4435272216796875,16.589,
0,2,,,3.4435272216796875,16.616,
0,2,,,3.455734252929688,16.642,
0,2,,,3.455734252929688,16.669,
0,2,,,3.4439086914062504,16.695,
0,2,,,3.4439086914062504,16.722,
0,2,,,3.46832275390625,16.748,
0,2,,,3.46832275390625,16.775,
0,2,,,3.4309387207031254,16.802,
0,2,,,3.4309387207031254,16.828,
0,2,,,3.4362792968750004,16.855,
0,2,,,3.4362792968750004,16.881,
0,2,,,3.459930419921875,16.908,
0,2,,,3.459930419921875,16.934,
0,2,,,3.449249267578125,16.961,
0,2,,,3.449249267578125,16.987,
0,2,,,3.444290161132813,17.014,
0,2,,,3.444290161132813,17.041,
0,2,,,3.4580230712890625,17.067,
0,2,,,3.45611572265625,17.094,
0,2,,,3.45611572265625,17.12,
0,2,,,3.4500122070312504,17.147,
0,2,,,3.4500122070312504,17.173,
0,2,,,3.4332275390625,17.2,
0,2,,,3.4332275390625,17.226,
0,2,,,3.438186645507813,17.253,
0,2,,,3.438186645507813,17.279,
0,2,,,3.4652709960937504,17.306,
0,2,,,3.4652709960937504,17.333,
0,2,,,3.4221649169921875,17.359,
0,2,,,3.4221649169921875,17.386,
0,2,,,3.4637451171875,17.412,
0,2,,,3.4637451171875,17.439,
0,2,,,3.43780517578125,17.465,
0,2,,,3.43780517578125,17.492,
0,2,,,3.464508056640625,17.518,
0,2,,,3.464508056640625,17.545,
0,2,,,3.4542083740234375,17.571,
0,2,,,3.4542083740234375,17.598,
0,2,,,3.322219848632813,17.625,
0,2,,,3.176116943359375,17.651,
0,2,,,3.176116943359375,17.678,
0,2,,,3.1845092773437504,17.704,
0,2,,,3.1845092773437504,17.731,
0,2,,,3.181076049804688,17.757,
0,2,,,3.181076049804688,17.784,
0,2,,,3.1803131103515625,17.81,
0,2,,,3.1803131103515625,17.837,
0,2,,,3.1883239746093754,17.864,
0,2,,,3.1883239746093754,17.89,
0,2,,,3.181076049804688,17.917,
0,2,,,3.181076049804688,17.943,
0,2,,,3.183746337890625,17.97,
0,2,,,3.183746337890625,17.996,
0,2,,,3.1806945800781254,18.023,
0,2,,,3.1806945800781254,18.049,
0,2,,,3.1883239746093754,18.076,
0,2,,,3.1883239746093754,18.103,
0,2,,,3.1742095947265625,18.129,
0,2,,,3.1833648681640625,18.156,
0,2,,,3.1833648681640625,18.182,
0,2,,,3.1791687011718754,18.209,
0,2,,,3.1791687011718754,18.235,
0,2,,,3.1948089599609375,18.262,
0,2,,,3.1948089599609375,18.288,
0,2,,,3.207778930664063,18.315,
0,2,,,3.207778930664063,18.342,
0,2,,,3.183746337890625,18.368,
0,2,,,3.183746337890625,18.395,
0,2,,,3.181076049804688,18.421,
0,2,,,3.181076049804688,18.448,
0,2,,,3.1894683837890625,18.475,
0,2,,,3.1894683837890625,18.501,
0,2,,,3.174591064453125,18.528,
0,2,,,3.174591064453125,18.554,
0,2,,,3.194046020507813,18.581,
0,2,,,3.194046020507813,18.607,
0,2,,,3.2150268554687504,18.634,
0,2,,,3.1829833984375004,18.66,
0,2,,,3.1829833984375004,18.687,
0,2,,,3.1726837158203125,18.714,
0,2,,,3.1726837158203125,18.74,
0,2,,,3.185272216796875,18.767,
0,2,,,3.185272216796875,18.793,
0,2,,,3.1764984130859375,18.82,
0,2,,,3.1764984130859375,18.846,
0,2,,,3.1856536865234375,18.873,
0,2,,,3.1856536865234375,18.899,
0,2,,,3.1833648681640625,18.926,
0,2,,,3.1833648681640625,18.953,
0,2,,,3.177261352539063,18.979,
0,2,,,3.177261352539063,19.006,
0,2,,,3.1795501708984375,19.032,
0,2,,,3.1795501708984375,19.059,
0,2,,,3.1944274902343754,19.085,
0,2,,,3.1944274902343754,19.112,
0,2,,,3.1806945800781254,19.138,
0,2,,,3.1726837158203125,19.165,
0,2,,,3.1726837158203125,19.191,
0,2,,,3.192520141601563,19.218,
0,2,,,3.192520141601563,19.245,
0,2,,,3.1795501708984375,19.271,
0,2,,,3.1795501708984375,19.298,
0,2,,,3.18145751953125,19.324,
0,2,,,3.18145751953125,19.351,
0,2,,,3.1806945800781254,19.377,
0,2,,,3.1806945800781254,19.404,
0,2,,,3.188705444335938,19.43,
0,2,,,3.188705444335938,19.457,
0,2,,,3.1757354736328125,19.484,
0,2,,,3.1757354736328125,19.511,
0,2,,,3.1894683837890625,19.537,
0,2,,,3.1894683837890625,19.564,
0,2,,,3.1742095947265625,19.59,
0,2,,,3.1742095947265625,19.617,
0,2,,,3.1803131103515625,19.643,
0,2,,,3.177261352539063,19.67,
0,2,,,3.177261352539063,19.697,
0,2,,,3.1909942626953125,19.723,
0,2,,,3.1909942626953125,19.75,
0,2,,,3.1791687011718754,19.776,
0,2,,,3.1791687011718754,19.803,
0,2,,,3.186416625976563,19.829,
0,2,,,3.186416625976563,19.856,
0,2,,,3.1791687011718754,19.882,
0,2,,,3.1791687011718754,19.909,
0,2,,,3.1906127929687504,19.935,
0,2,,,3.1906127929687504,19.962,
0,2,,,3.1867980957031254,19.989,
0,2,,,3.1867980957031254,20.015,
0,2,,,3.185272216796875,20.042,
0,2,,,3.185272216796875,20.068,
0,2,,,3.197860717773438,20.095,
0,2,,,3.197860717773438,20.121,
0,2,,,3.1642913818359375,20.148,
0,2,,,3.1726837158203125,20.175,
0,2,,,3.1726837158203125,20.201,
0,2,,,3.1829833984375004,20.228,
0,2,,,3.1829833984375004,20.254,
0,2,,,3.176116943359375,20.281,
0,2,,,3.176116943359375,20.307,
0,2,,,3.19671630859375,20.334,
0,2,,,3.19671630859375,20.361,
0,2,,,3.19671630859375,20.387,
0,2,,,3.19671630859375,20.414,
0,2,,,3.1909942626953125,20.44,
0,2,,,3.1909942626953125,20.467,
0,3,,,3.245925903320313,20.599,
0,3,,,3.245925903320313,20.626,
0,3,,,3.3981323242187504,20.653,
0,3,,,3.3981323242187504,20.679,
0,3,,,3.427886962890625,20.706,
0,3,,,3.4118652343750004,20.732,
0,3,,,3.4118652343750004,20.759,
0,3,,,3.406143188476563,20.785,
0,3,,,3.406143188476563,20.812,
0,3,,,3.4145355224609375,20.838,
0,3,,,3.4145355224609375,20.865,
0,3,,,3.4069061279296875,20.892,
0,3,,,3.4069061279296875,20.918,
0,3,,,3.403472900390625,20.945,
0,3,,,3.403472900390625,20.971,
0,3,,,3.424072265625,20.998,
0,3,,,3.424072265625,21.024,
0,3,,,3.3992767333984375,21.051,
0,3,,,3.3992767333984375,21.077,
0,3,,,3.411102294921875,21.104,
0,3,,,3.411102294921875,21.13,
0,3,,,3.4080505371093754,21.157,
0,3,,,3.4080505371093754,21.184,
0,3,,,3.4172058105468754,21.21,
0,3,,,3.421783447265625,21.237,
0,3,,,3.421783447265625,21.263,
0,3,,,3.391265869140625,21.29,
0,3,,,3.391265869140625,21.316,
0,3,,,3.3901214599609375,21.343,
0,3,,,3.3901214599609375,21.369,
0,3,,,3.4198760986328125,21.396,
0,3,,,3.4198760986328125,21.422,
0,3,,,3.43170166015625,21.449,
0,3,,,3.43170166015625,21.476,
0,3,,,3.43017578125,21.502,
0,3,,,3.43017578125,21.529,
0,3,,,3.3889770507812504,21.555,
0,3,,,3.3889770507812504,21.582,
0,3,,,3.4122467041015625,21.608,
0,3,,,3.4122467041015625,21.635,
0,3,,,3.4244537353515625,21.661,
0,3,,,3.4244537353515625,21.688,
0,3,,,3.4122467041015625,21.715,
0,3,,,3.413772583007813,21.741,
0,3,,,3.413772583007813,21.768,
0,3,,,3.425216674804688,21.794,
0,3,,,3.425216674804688,21.821,
0,3,,,3.4248352050781254,21.847,
0,3,,,3.4248352050781254,21.874,
0,3,,,3.4259796142578125,21.9,
0,3,,,3.4259796142578125,21.927,
0,3,,,3.4210205078125004,21.954,
0,3,,,3.4210205078125004,21.98,
0,3,,,3.43017578125,22.007,
0,3,,,3.43017578125,22.033,
0,3,,,3.4046173095703125,22.06,
0,3,,,3.4046173095703125,22.086,
0,3,,,3.395843505859375,22.113,
0,3,,,3.395843505859375,22.139,
0,3,,,3.434371948242188,22.166,
0,3,,,3.434371948242188,22.192,
0,3,,,3.41644287109375,22.219,
0,3,,,3.427886962890625,22.246,
0,3,,,3.427886962890625,22.272,
0,3,,,3.4183502197265625,22.299,
0,3,,,3.4183502197265625,22.325,
0,3,,,3.4019470214843754,22.352,
0,3,,,3.4019470214843754,22.378,
0,3,,,3.3977508544921875,22.405,
0,3,,,3.3977508544921875,22.431,
0,3,,,3.424072265625,22.458,
0,3,,,3.424072265625,22.485,
0,3,,,3.4130096435546875,22.511,
0,3,,,3.4130096435546875,22.538,
0,3,,,3.415298461914063,22.564,
0,3,,,3.415298461914063,22.591,
0,3,,,3.4069061279296875,22.617,
0,3,,,3.4069061279296875,22.644,
0,3,,,3.424072265625,22.67,
0,3,,,3.424072265625,22.697,
0,3,,,3.4236907958984375,22.723,
0,3,,,3.4236907958984375,22.75,
0,3,,,3.4156799316406254,22.777,
0,3,,,3.420257568359375,22.803,
0,3,,,3.420257568359375,22.83,
0,3,,,3.4069061279296875,22.856,
0,3,,,3.4069061279296875,22.883,
0,3,,,3.420257568359375,22.909,
0,3,,,3.420257568359375,22.936,
0,3,,,3.413772583007813,22.962,
0,3,,,3.413772583007813,22.989,
0,3,,,3.4130096435546875,23.015,
0,3,,,3.4130096435546875,23.042,
0,3,,,3.4156799316406254,23.069,
0,3,,,3.4156799316406254,23.095,
0,3,,,3.411102294921875,23.122,
0,3,,,3.411102294921875,23.148,
0,3,,,3.4027099609375,23.175,
0,3,,,3.4027099609375,23.201,
0,3,,,3.4206390380859375,23.228,
0,3,,,3.4206390380859375,23.254,
0,3,,,3.402328491210938,23.281,
0,3,,,3.39508056640625,23.307,
0,3,,,3.39508056640625,23.334,
0,3,,,3.4210205078125004,23.361,
0,3,,,3.4210205078125004,23.387,
0,3,,,3.412628173828125,23.414,
0,3,,,3.412628173828125,23.44,
0,3,,,3.426361083984375,23.467,
0,3,,,3.426361083984375,23.493,
0,3,,,3.403472900390625,23.52,
0,3,,,3.403472900390625,23.546,
0,3,,,3.4400939941406254,23.573,
0,3,,,3.4400939941406254,23.6,
0,3,,,3.4133911132812504,23.626,
0,3,,,3.4133911132812504,23.653,
0,3,,,3.425216674804688,23.68,
0,3,,,3.425216674804688,23.706,
0,3,,,3.399658203125,23.733,
0,3,,,3.399658203125,23.759,
0,3,,,3.4030914306640625,23.786,
0,3,,,3.4259796142578125,23.812,
0,3,,,3.4259796142578125,23.839,
0,3,,,3.4194946289062504,23.866,
0,3,,,3.4194946289062504,23.892,
0,3,,,3.433990478515625,23.919,
0,3,,,3.433990478515625,23.945,
0,3,,,3.4088134765625,23.972,
0,3,,,3.4088134765625,23.998,
0,3,,,3.3878326416015625,24.025,
0,3,,,3.3878326416015625,24.051,
0,3,,,3.4320831298828125,24.078,
0,3,,,3.4320831298828125,24.104,
0,3,,,3.409957885742188,24.131,
0,4,,,3.2379150390625004,24.264,
0,4,,,3.28826904296875,24.29,
0,4,,,3.3138275146484375,24.317,
0,4,,,3.3138275146484375,24.343,
0,4,,,3.333663940429688,24.37,
0,4,,,3.333663940429688,24.397,
0,4,,,3.3550262451171875,24.423,
0,4,,,3.3550262451171875,24.45,
0,4,,,3.3672332763671875,24.476,
0,4,,,3.3672332763671875,24.503,
0,4,,,3.3634185791015625,24.529,
0,4,,,3.3634185791015625,24.556,
0,4,,,3.3283233642578125,24.582,
0,4,,,3.3283233642578125,24.609,
0,4,,,3.30352783203125,24.635,
0,4,,,3.30352783203125,24.662,
0,4,,,3.336334228515625,24.689,
0,4,,,3.336334228515625,24.715,
0,4,,,3.363037109375,24.742,
0,4,,,3.363037109375,24.768,
0,4,,,3.361892700195313,24.795,
0,4,,,3.361892700195313,24.821,
0,4,,,3.3176422119140625,24.848,
0,4,,,3.3901214599609375,24.874,
0,4,,,3.3901214599609375,24.901,
0,4,,,3.3164978027343754,24.927,
0,4,,,3.3164978027343754,24.954,
0,4,,,3.302001953125,24.981,
0,4,,,3.302001953125,25.007,
0,4,,,3.327178955078125,25.034,
0,4,,,3.327178955078125,25.06,
0,4,,,3.3596038818359375,25.087,
0,4,,,3.3596038818359375,25.113,
0,4,,,3.361892700195313,25.14,
0,4,,,3.361892700195313,25.166,
0,4,,,3.3393859863281254,25.193,
0,4,,,3.3393859863281254,25.22,
0,4,,,3.36151123046875,25.246,
0,4,,,3.36151123046875,25.273,
0,4,,,3.2974243164062504,25.299,
0,4,,,3.2974243164062504,25.326,
0,4,,,3.326034545898438,25.352,
0,4,,,3.335189819335938,25.379,
0,4,,,3.335189819335938,25.405,
0,4,,,3.3588409423828125,25.432,
0,4,,,3.3588409423828125,25.458,
0,4,,,3.3294677734375004,25.485,
0,4,,,3.3294677734375004,25.512,
0,4,,,3.2947540283203125,25.538,
0,4,,,3.2947540283203125,25.565,
0,4,,,3.365707397460938,25.591,
0,4,,,3.365707397460938,25.618,
0,4,,,3.2867431640625,25.644,
0,4,,,3.2867431640625,25.671,
0,4,,,3.3142089843750004,25.697,
0,4,,,3.3142089843750004,25.724,
0,4,,,3.34625244140625,25.75,
0,4,,,3.34625244140625,25.777,
0,4,,,3.3256530761718754,25.804,
0,4,,,3.3256530761718754,25.83,
0,4,,,3.365707397460938,25.857,
0,4,,,3.345489501953125,25.883,
0,4,,,3.345489501953125,25.91,
0,4,,,3.3508300781250004,25.936,
0,4,,,3.3508300781250004,25.963,
0,4,,,3.3828735351562504,25.989,
0,4,,,3.3828735351562504,26.016,
0,4,,,3.3332824707031254,26.043,
0,4,,,3.3332824707031254,26.069,
0,4,,,3.3611297607421875,26.096,
0,4,,,3.3611297607421875,26.122,
0,4,,,3.3168792724609375,26.149,
0,4,,,3.3168792724609375,26.175,
0,4,,,3.384780883789063,26.202,
0,4,,,3.384780883789063,26.228,
0,4,,,3.334808349609375,26.255,
0,4,,,3.334808349609375,26.282,
0,4,,,3.337860107421875,26.308,
0,4,,,3.337860107421875,26.335,
0,4,,,3.3702850341796875,26.361,
0,4,,,3.3290863037109375,26.388,
0,4,,,3.3290863037109375,26.414,
0,4,,,3.3626556396484375,26.441,
0,4,,,3.3626556396484375,26.467,
0,4,,,3.307342529296875,26.494,
0,4,,,3.307342529296875,26.521,
0,4,,,3.3180236816406254,26.547,
0,4,,,3.3180236816406254,26.574,
0,4,,,3.299713134765625,26.6,
0,4,,,3.299713134765625,26.627,
0,4,,,3.3088684082031254,26.653,
0,4,,,3.3088684082031254,26.68,
0,4,,,3.3218383789062504,26.706,
0,4,,,3.3218383789062504,26.733,
0,4,,,3.36151123046875,26.76,
0,4,,,3.36151123046875,26.786,
0,4,,,3.3027648925781254,26.813,
0,4,,,3.3027648925781254,26.839,
0,4,,,3.3843994140625,26.866,
0,4,,,3.3843994140625,26.892,
0,4,,,3.3206939697265625,26.919,
0,4,,,3.345108032226563,26.945,
0,4,,,3.345108032226563,26.972,
0,4,,,3.302001953125,26.998,
0,4,,,3.302001953125,27.025,
0,4,,,3.3458709716796875,27.052,
0,4,,,3.3458709716796875,27.078,
0,4,,,3.3512115478515625,27.105,
0,4,,,3.3512115478515625,27.131,
0,4,,,3.34625244140625,27.158,
0,4,,,3.34625244140625,27.184,
0,4,,,3.339004516601563,27.211,
0,4,,,3.339004516601563,27.237,
0,4,,,3.3088684082031254,27.264,
0,4,,,3.3088684082031254,27.29,
0,4,,,3.3256530761718754,27.317,
0,4,,,3.3256530761718754,27.344,
0,4,,,3.313446044921875,27.37,
0,4,,,3.313446044921875,27.397,
0,4,,,3.367996215820313,27.423,
0,4,,,3.3344268798828125,27.45,
0,4,,,3.3344268798828125,27.476,
0,4,,,3.33099365234375,27.503,
0,4,,,3.33099365234375,27.529,
0,4,,,3.3535003662109375,27.556,
0,4,,,3.3535003662109375,27.582,
0,4,,,3.3382415771484375,27.609,
0,4,,,3.3382415771484375,27.636,
0,4,,,3.354263305664063,27.662,
0,4,,,3.354263305664063,27.689,
0,4,,,3.3763885498046875,27.715,
0,4,,,3.3763885498046875,27.742,
0,4,,,3.383255004882813,27.768,
0,4,,,3.383255004882813,27.795,
0,4,,,3.3420562744140625,27.822,
0,4,,,3.3420562744140625,27.849,
0,4,,,3.3283233642578125,27.875,
0,4,,,3.3283233642578125,27.902,
0,4,,,3.3599853515625004,27.928,
0,4,,,3.3416748046875,27.955,
0,4,,,3.3416748046875,27.981,
0,4,,,3.311920166015625,28.008,
0,4,,,3.311920166015625,28.034,
0,4,,,3.3748626708984375,28.061,
0,4,,,3.3748626708984375,28.087,
0,4,,,3.3229827880859375,28.114,
0,4,,,3.3229827880859375,28.141,
0,4,,,3.333663940429688,28.167,
0,4,,,3.333663940429688,28.194,
0,4,,,3.3470153808593754,28.22,
0,4,,,3.3470153808593754,28.247,
0,4,,,3.346633911132813,28.273,
0,4,,,3.346633911132813,28.3,
0,4,,,3.3447265625000004,28.326,
0,4,,,3.3447265625000004,28.353,
0,4,,,3.3241271972656254,28.38,
0,4,,,3.3241271972656254,28.406,
0,4,,,3.3748626708984375,28.433,
0,4,,,3.33251953125,28.459,
0,4,,,3.33251953125,28.486,
0,4,,,3.358078002929688,28.512,
0,4,,,3.358078002929688,28.539,
0,4,,,3.3370971679687504,28.565,
0,4,,,3.3370971679687504,28.592,
0,4,,,3.329849243164063,28.619,
0,4,,,3.329849243164063,28.645,
0,4,,,3.3359527587890625,28.672,
0,4,,,3.3359527587890625,28.698,
0,4,,,3.3191680908203125,28.725,
0,4,,,3.3191680908203125,28.751,
0,4,,,3.4004211425781254,28.778,
0,4,,,3.4004211425781254,28.804,
0,4,,,3.3321380615234375,28.831,
0,4,,,3.3321380615234375,28.857,
0,4,,,3.3535003662109375,28.884,
0,4,,,3.3535003662109375,28.911,
0,4,,,3.364181518554688,28.937,
0,4,,,3.3939361572265625,28.964,
0,4,,,3.3939361572265625,28.99,
0,4,,,3.3626556396484375,29.017,
0,4,,,3.3626556396484375,29.043,
0,4,,,3.3508300781250004,29.07,
0,4,,,3.3508300781250004,29.096,
0,4,,,3.3687591552734375,29.123,
0,4,,,3.3687591552734375,29.149,
0,4,,,3.300857543945313,29.176,
0,4,,,3.300857543945313,29.203,
0,4,,,3.3252716064453125,29.229,
0,4,,,3.3252716064453125,29.256,
0,4,,,3.364181518554688,29.282,
0,4,,,3.364181518554688,29.309,
0,4,,,3.356552124023438,29.335,
0,4,,,3.356552124023438,29.362,
0,4,,,3.3473968505859375,29.388,
0,4,,,3.3473968505859375,29.415,
0,4,,,3.37677001953125,29.442,
0,4,,,3.37677001953125,29.468,
0,4,,,3.4004211425781254,29.495,
0,4,,,3.3893585205078125,29.521,
0,4,,,3.3893585205078125,29.548,
0,4,,,3.3367156982421875,29.574,
0,4,,,3.3367156982421875,29.601,
0,4,,,3.3596038818359375,29.627,
0,4,,,3.3596038818359375,29.654,
0,4,,,3.365707397460938,29.68,
0,4,,,3.365707397460938,29.707,
0,4,,,3.3843994140625,29.734,
0,4,,,3.3843994140625,29.76,
0,4,,,3.353118896484375,29.787,
0,4,,,3.353118896484375,29.813,
0,4,,,3.380966186523438,29.84,
0,4,,,3.380966186523438,29.866,
0,4,,,3.333663940429688,29.893,
0,4,,,3.333663940429688,29.919,
0,4,,,3.342819213867188,29.946,
0,4,,,3.342819213867188,29.972,
0,4,,,3.3103942871093754,29.999,
0,4,,,3.2897949218750004,30.026,
0,4,,,3.2897949218750004,30.052,
0,4,,,3.3443450927734375,30.079,
0,4,,,3.3443450927734375,30.105,
0,4,,,3.334808349609375,30.132,
0,4,,,3.334808349609375,30.158,
0,4,,,3.333663940429688,30.185,
0,4,,,3.333663940429688,30.211,
0,4,,,3.352737426757813,30.238,
0,4,,,3.352737426757813,30.265,
0,4,,,3.3473968505859375,30.291,
0,4,,,3.3473968505859375,30.318,
0,4,,,3.364181518554688,30.344,
0,4,,,3.364181518554688,30.371,
0,4,,,3.3561706542968754,30.397,
0,4,,,3.3561706542968754,30.424,
0,4,,,3.341293334960938,30.45,
0,4,,,3.341293334960938,30.477,
0,4,,,3.351593017578125,30.503,
0,4,,,3.3721923828125,30.53,
0,4,,,3.3721923828125,30.557,
0,4,,,3.3813476562500004,30.583,
0,4,,,3.3813476562500004,30.61,
0,4,,,3.319549560546875,30.636,
0,4,,,3.319549560546875,30.663,
0,4,,,3.3420562744140625,30.689,
0,4,,,3.3420562744140625,30.716,
0,4,,,3.3485412597656254,30.742,
0,4,,,3.3485412597656254,30.769,
0,4,,,3.31878662109375,30.795,
0,4,,,3.31878662109375,30.822,
0,4,,,3.3367156982421875,30.849,
0,4,,,3.3367156982421875,30.875,
0,4,,,3.30963134765625,30.902,
0,4,,,3.30963134765625,30.928,
0,4,,,3.3359527587890625,30.955,
0,4,,,3.3359527587890625,30.981,
0,4,,,3.3130645751953125,31.008,
0,4,,,3.3752441406250004,31.034,
0,4,,,3.3752441406250004,31.061,
0,4,,,3.3218383789062504,31.088,
0,4,,,3.3218383789062504,31.114,
0,4,,,3.354263305664063,31.141,
0,4,,,3.354263305664063,31.167,
0,4,,,3.3443450927734375,31.194,
0,4,,,3.3443450927734375,31.22,
0,4,,,3.3329010009765625,31.247,
0,4,,,3.3329010009765625,31.273,
0,4,,,3.3740997314453125,31.3,
0,4,,,3.3740997314453125,31.326,
0,4,,,3.3782958984375,31.353,
0,4,,,3.3782958984375,31.38,
0,4,,,3.3344268798828125,31.406,
0,4,,,3.3344268798828125,31.433,
0,4,,,3.3477783203125,31.459,
0,4,,,3.3477783203125,31.486,
0,4,,,3.3416748046875,31.512,
0,4,,,3.3416748046875,31.539,
0,4,,,3.31878662109375,31.565,
0,4,,,3.3599853515625004,31.592,
0,4,,,3.3599853515625004,31.618,
0,4,,,3.33099365234375,31.645,
0,4,,,3.33099365234375,31.672,
0,4,,,3.365325927734375,31.698,
0,4,,,3.365325927734375,31.725,
0,4,,,3.3306121826171875,31.751,
0,4,,,3.3306121826171875,31.778,
0,4,,,3.366851806640625,31.804,
0,4,,,3.366851806640625,31.831,
0,4,,,3.3927917480468754,31.857,
0,4,,,3.3927917480468754,31.884,
0,4,,,3.3596038818359375,31.911,
0,4,,,3.3596038818359375,31.938,
0,4,,,3.3420562744140625,31.964,
0,4,,,3.3420562744140625,31.991,
0,4,,,3.34930419921875,32.018,
0,4,,,3.34930419921875,32.044,
0,4,,,3.3332824707031254,32.071,
0,4,,,3.334808349609375,32.097,
0,4,,,3.334808349609375,32.124,
0,4,,,3.3828735351562504,32.15,
0,4,,,3.3828735351562504,32.177,
0,4,,,3.33251953125,32.203,
0,4,,,3.33251953125,32.23,
0,4,,,3.3283233642578125,32.257,
0,4,,,3.3283233642578125,32.283,
0,4,,,3.334808349609375,32.31,
0,4,,,3.334808349609375,32.336,
0,4,,,3.3786773681640625,32.363,
0,4,,,3.3786773681640625,32.389,
0,4,,,3.372955322265625,32.416,
0,4,,,3.372955322265625,32.442,
0,4,,,3.3561706542968754,32.469,
0,4,,,3.3561706542968754,32.495,
0,4,,,3.341293334960938,32.522,
0,4,,,3.341293334960938,32.549,
0,4,,,3.326034545898438,32.575,
0,4,,,3.333663940429688,32.602,
0,4,,,3.333663940429688,32.628,
0,4,,,3.3699035644531254,32.655,
0,4,,,3.3699035644531254,32.681,
0,4,,,3.3828735351562504,32.708,
0,4,,,3.3828735351562504,32.734,
0,4,,,3.3702850341796875,32.761,
0,4,,,3.3702850341796875,32.787,
0,4,,,3.3332824707031254,32.814,
0,4,,,3.3332824707031254,32.84,
0,4,,,3.353118896484375,32.867,
0,4,,,3.353118896484375,32.894,
0,4,,,3.3966064453125004,32.92,
0,4,,,3.3966064453125004,32.947,
0,4,,,3.350448608398438,32.973,
0,4,,,3.350448608398438,33.0,
0,4,,,3.3103942871093754,33.026,
0,4,,,3.3103942871093754,33.053,
0,4,,,3.33404541015625,33.079,
0,4,,,3.334808349609375,33.106,
0,4,,,3.334808349609375,33.133,
0,4,,,3.322219848632813,33.159,
0,4,,,3.322219848632813,33.186,
0,4,,,3.36456298828125,33.212,
0,4,,,3.36456298828125,33.239,
0,4,,,3.369140625,33.265,
0,4,,,3.369140625,33.292,
0,4,,,3.358078002929688,33.318,
0,4,,,3.358078002929688,33.345,
0,4,,,3.352737426757813,33.371,
0,4,,,3.352737426757813,33.398,
0,4,,,3.3176422119140625,33.425,
0,4,,,3.3176422119140625,33.451,
0,4,,,3.3622741699218754,33.478,
0,4,,,3.3622741699218754,33.504,
0,4,,,3.3241271972656254,33.531,
0,4,,,3.3241271972656254,33.557,
0,4,,,3.3382415771484375,33.584,
0,4,,,3.3382415771484375,33.61,
0,4,,,3.3763885498046875,33.637,
0,4,,,3.3622741699218754,33.663,
0,4,,,3.3622741699218754,33.69,
0,4,,,3.3241271972656254,33.717,
0,4,,,3.3241271972656254,33.743,
0,4,,,3.3725738525390625,33.77,
0,4,,,3.3725738525390625,33.796,
0,4,,,3.3306121826171875,33.823,
0,4,,,3.3306121826171875,33.849,
0,4,,,3.376007080078125,33.876,
0,4,,,3.376007080078125,33.902,
0,4,,,3.359222412109375,33.929,
0,4,,,3.359222412109375,33.955,
0,4,,,3.3000946044921875,33.982,
0,4,,,3.3000946044921875,34.009,
0,4,,,3.3420562744140625,34.035,
0,4,,,3.3420562744140625,34.062,
0,4,,,3.3508300781250004,34.088,
0,4,,,3.3508300781250004,34.115,
0,4,,,3.39508056640625,34.141,
0,4,,,3.3725738525390625,34.168,
0,4,,,3.3725738525390625,34.194,
0,4,,,3.341293334960938,34.221,
0,4,,,3.341293334960938,34.247,
0,4,,,3.3172607421875,34.274,
0,4,,,3.3172607421875,34.301,
0,4,,,3.3306121826171875,34.327,
0,4,,,3.3306121826171875,34.354,
0,4,,,3.3458709716796875,34.38,
0,4,,,3.3458709716796875,34.407,
0,4,,,3.314590454101563,34.433,
0,4,,,3.314590454101563,34.46,
0,4,,,3.310775756835938,34.486,
0,4,,,3.310775756835938,34.513,
0,4,,,3.281402587890625,34.539,
0,4,,,3.281402587890625,34.566,
0,4,,,3.34014892578125,34.592,
0,4,,,3.34014892578125,34.619,
0,4,,,3.34014892578125,34.646,
0,4,,,3.3672332763671875,34.672,
0,4,,,3.3672332763671875,34.699,
0,4,,,3.34625244140625,34.725,
0,4,,,3.34625244140625,34.752,
0,4,,,3.342437744140625,34.778,
0,4,,,3.342437744140625,34.805,
0,4,,,3.3245086669921875,34.831,
0,4,,,3.3245086669921875,34.858,
0,4,,,3.350067138671875,34.885,
0,4,,,3.350067138671875,34.911,
0,4,,,3.3626556396484375,34.938,
0,4,,,3.3626556396484375,34.964,
0,4,,,3.338623046875,34.991,
0,4,,,3.338623046875,35.017,
0,4,,,3.3435821533203125,35.044,
0,4,,,3.3435821533203125,35.07,
0,4,,,3.3535003662109375,35.097,
0,4,,,3.3535003662109375,35.123,
0,4,,,3.351593017578125,35.15,
0,4,,,3.3916473388671875,35.177,
0,4,,,3.3916473388671875,35.203,
0,4,,,3.3863067626953125,35.23,
0,4,,,3.3863067626953125,35.256,
0,4,,,3.369522094726563,35.283,
0,4,,,3.369522094726563,35.309,
0,4,,,3.3508300781250004,35.336,
0,4,,,3.3508300781250004,35.362,
0,4,,,3.3241271972656254,35.389,
0,4,,,3.3241271972656254,35.415,
0,4,,,3.3393859863281254,35.442,
0,4,,,3.3393859863281254,35.469,
0,4,,,3.3496856689453125,35.495,
0,4,,,3.3496856689453125,35.522,
0,4,,,3.37677001953125,35.548,
0,4,,,3.37677001953125,35.575,
0,4,,,3.319931030273438,35.601,
0,4,,,3.319931030273438,35.628,
0,4,,,3.4004211425781254,35.654,
0,4,,,3.4004211425781254,35.681,
0,4,,,3.3416748046875,35.707,
0,4,,,3.3290863037109375,35.734,
0,4,,,3.3290863037109375,35.761,
0,4,,,3.353118896484375,35.787,
0,4,,,3.353118896484375,35.814,
0,4,,,3.326416015625,35.84,
0,4,,,3.326416015625,35.867,
0,4,,,3.3611297607421875,35.893,
0,4,,,3.3611297607421875,35.92,
0,4,,,3.329849243164063,35.946,
0,4,,,3.329849243164063,35.973,
0,4,,,3.3496856689453125,35.999,
0,4,,,3.3496856689453125,36.027,
0,4,,,3.322219848632813,36.053,
0,4,,,3.322219848632813,36.08,
0,4,,,3.327560424804688,36.106,
0,4,,,3.327560424804688,36.133,
0,4,,,3.3290863037109375,36.159,
0,4,,,3.3290863037109375,36.186,
0,4,,,3.3714294433593754,36.212,
0,4,,,3.3306121826171875,36.239,
0,4,,,3.3306121826171875,36.265,
0,4,,,3.3435821533203125,36.292,
0,4,,,3.3435821533203125,36.319,
0,4,,,3.333663940429688,36.345,
0,4,,,3.333663940429688,36.372,
0,4,,,3.369522094726563,36.398,
0,4,,,3.369522094726563,36.425,
0,4,,,3.3203125000000004,36.451,
0,4,,,3.3203125000000004,36.478,
0,4,,,3.361892700195313,36.504,
0,4,,,3.361892700195313,36.531,
0,4,,,3.336334228515625,36.558,
0,4,,,3.336334228515625,36.584,
0,4,,,3.345489501953125,36.611,
0,4,,,3.345489501953125,36.637,
0,4,,,3.3306121826171875,36.664,
0,4,,,3.3306121826171875,36.69,
0,4,,,3.3279418945312504,36.717,
0,4,,,3.330230712890625,36.743,
0,4,,,3.330230712890625,36.77,
0,4,,,3.3306121826171875,36.797,
0,4,,,3.3306121826171875,36.823,
0,4,,,3.3214569091796875,36.85,
0,4,,,3.3214569091796875,36.876,
0,4,,,3.3638000488281254,36.903,
0,4,,,3.3638000488281254,36.929,
0,4,,,3.3344268798828125,36.956,
0,4,,,3.3344268798828125,36.982,
0,4,,,3.3344268798828125,37.009,
0,4,,,3.3344268798828125,37.035,
0,4,,,3.3546447753906254,37.062,
0,4,,,3.3546447753906254,37.089,
0,4,,,3.366851806640625,37.115,
0,4,,,3.366851806640625,37.142,
0,4,,,3.36456298828125,37.168,
0,4,,,3.36456298828125,37.195,
0,4,,,3.342819213867188,37.221,
0,4,,,3.380966186523438,37.248,
0,4,,,3.380966186523438,37.274,
0,4,,,3.3557891845703125,37.301,
0,4,,,3.3557891845703125,37.327,
0,4,,,3.3443450927734375,37.354,
0,4,,,3.3443450927734375,37.38,
0,4,,,3.350448608398438,37.407,
0,4,,,3.350448608398438,37.434,
0,4,,,3.3382415771484375,37.46,
0,4,,,3.3382415771484375,37.487,
0,4,,,3.3496856689453125,37.513,
0,4,,,3.3496856689453125,37.54,
0,4,,,3.3294677734375004,37.566,
0,4,,,3.3294677734375004,37.593,
0,4,,,3.319549560546875,37.619,
0,4,,,3.319549560546875,37.646,
0,4,,,3.333663940429688,37.672,
0,4,,,3.333663940429688,37.699,
0,4,,,3.2958984375,37.726,
0,4,,,3.2958984375,37.752,
0,4,,,3.3638000488281254,37.779,
0,4,,,3.3397674560546875,37.805,
0,4,,,3.3397674560546875,37.832,
0,4,,,3.3714294433593754,37.858,
0,4,,,3.3714294433593754,37.885,
0,4,,,3.333663940429688,37.912,
0,4,,,3.333663940429688,37.938,
0,4,,,3.343963623046875,37.965,
0,4,,,3.343963623046875,37.991,
0,4,,,3.3782958984375,38.018,
0,4,,,3.3782958984375,38.044,
0,4,,,3.3477783203125,38.071,
0,4,,,3.3477783203125,38.098,
0,4,,,3.3550262451171875,38.124,
0,4,,,3.3550262451171875,38.151,
0,4,,,3.3420562744140625,38.177,
0,4,,,3.3420562744140625,38.204,
0,4,,,3.336334228515625,38.23,
0,4,,,3.336334228515625,38.257,
0,4,,,3.328704833984375,38.283,
0,4,,,3.3828735351562504,38.31,
0,4,,,3.3828735351562504,38.336,
0,5,,,3.3241271972656254,38.469,
0,5,,,3.3241271972656254,38.496,
0,5,,,3.383255004882813,38.522,
0,5,,,3.383255004882813,38.549,
0,5,,,3.3843994140625,38.576,
0,5,,,3.3843994140625,38.602,
0,5,,,3.3481597900390625,38.629,
0,5,,,3.3481597900390625,38.655,
0,5,,,3.4046173095703125,38.682,
0,5,,,3.4046173095703125,38.708,
0,5,,,3.3676147460937504,38.735,
0,5,,,3.3676147460937504,38.761,
0,5,,,3.3935546875,38.788,
0,5,,,3.3954620361328125,38.814,
0,5,,,3.3954620361328125,38.841,
0,5,,,3.4004211425781254,38.868,
0,5,,,3.4004211425781254,38.894,
0,5,,,3.351593017578125,38.921,
0,5,,,3.351593017578125,38.947,
0,5,,,3.4286499023437504,38.974,
0,5,,,3.4286499023437504,39.0,
0,5,,,3.3981323242187504,39.027,
0,5,,,3.3981323242187504,39.053,
0,5,,,3.3901214599609375,39.08,
0,5,,,3.3901214599609375,39.106,
0,5,,,3.350448608398438,39.133,
0,5,,,3.350448608398438,39.16,
0,5,,,3.3813476562500004,39.186,
0,5,,,3.3813476562500004,39.213,
0,5,,,3.3779144287109375,39.239,
0,5,,,3.3779144287109375,39.266,
0,5,,,3.3893585205078125,39.292,
0,5,,,3.38592529296875,39.319,
0,5,,,3.38592529296875,39.345,
0,5,,,3.37677001953125,39.372,
0,5,,,3.37677001953125,39.398,
0,5,,,3.3935546875,39.425,
0,5,,,3.3935546875,39.452,
0,5,,,3.3901214599609375,39.478,
0,5,,,3.3901214599609375,39.505,
0,5,,,3.3863067626953125,39.531,
0,5,,,3.3863067626953125,39.558,
0,5,,,3.341293334960938,39.584,
0,5,,,3.341293334960938,39.611,
0,5,,,3.34930419921875,39.637,
0,5,,,3.34930419921875,39.664,
0,5,,,3.389739990234375,39.69,
0,5,,,3.389739990234375,39.717,
0,5,,,3.3828735351562504,39.743,
0,5,,,3.3828735351562504,39.77,
0,5,,,3.387069702148438,39.797,
0,5,,,3.387069702148438,39.823,
0,5,,,3.389739990234375,39.85,
0,5,,,3.388214111328125,39.876,
0,5,,,3.388214111328125,39.903,
0,5,,,3.3931732177734375,39.929,
0,5,,,3.3931732177734375,39.956,
0,5,,,3.438186645507813,39.982,
0,5,,,3.438186645507813,40.009,
0,5,,,3.3824920654296875,40.036,
0,5,,,3.3824920654296875,40.062,
0,5,,,3.3721923828125,40.089,
0,5,,,3.3721923828125,40.115,
0,5,,,3.412628173828125,40.142,
0,5,,,3.412628173828125,40.169,
0,5,,,3.411102294921875,40.195,
0,5,,,3.411102294921875,40.222,
0,5,,,3.4053802490234375,40.249,
0,5,,,3.4053802490234375,40.275,
0,5,,,3.3763885498046875,40.302,
0,5,,,3.3763885498046875,40.328,
0,5,,,3.4133911132812504,40.355,
0,5,,,3.3740997314453125,40.381,
0,5,,,3.3740997314453125,40.408,
0,5,,,3.3893585205078125,40.434,
0,5,,,3.3893585205078125,40.461,
0,5,,,3.397369384765625,40.487,
0,5,,,3.397369384765625,40.514,
0,5,,,3.354263305664063,40.541,
0,5,,,3.354263305664063,40.567,
0,5,,,3.397369384765625,40.594,
0,5,,,3.397369384765625,40.62,
0,5,,,3.353118896484375,40.647,
0,5,,,3.353118896484375,40.673,
0,5,,,3.3813476562500004,40.7,
0,5,,,3.3813476562500004,40.726,
0,5,,,3.383255004882813,40.753,
0,5,,,3.383255004882813,40.78,
0,5,,,3.3817291259765625,40.806,
0,5,,,3.3817291259765625,40.833,
0,5,,,3.37066650390625,40.859,
0,5,,,3.3977508544921875,40.886,
0,5,,,3.3977508544921875,40.912,
0,5,,,3.39508056640625,40.939,
0,5,,,3.39508056640625,40.965,
0,5,,,3.4320831298828125,40.992,
0,5,,,3.4320831298828125,41.019,
0,5,,,3.3782958984375,41.045,
0,5,,,3.3782958984375,41.072,
0,5,,,3.3470153808593754,41.098,
0,5,,,3.3470153808593754,41.125,
0,5,,,3.3840179443359375,41.151,
0,5,,,3.3840179443359375,41.178,
0,5,,,3.3939361572265625,41.204,
0,5,,,3.3939361572265625,41.231,
0,5,,,3.3981323242187504,41.257,
0,5,,,3.3981323242187504,41.284,
0,5,,,3.3905029296875004,41.311,
0,5,,,3.3905029296875004,41.337,
0,5,,,3.399658203125,41.364,
0,5,,,3.4088134765625,41.39,
0,5,,,3.4088134765625,41.417,
0,5,,,3.411102294921875,41.443,
0,5,,,3.411102294921875,41.47,
0,5,,,3.380584716796875,41.496,
0,5,,,3.380584716796875,41.523,
0,5,,,3.3824920654296875,41.549,
0,5,,,3.3824920654296875,41.576,
0,5,,,3.4156799316406254,41.602,
0,5,,,3.4156799316406254,41.629,
0,5,,,3.3740997314453125,41.656,
0,5,,,3.3740997314453125,41.682,
0,5,,,3.397369384765625,41.709,
0,5,,,3.397369384765625,41.735,
0,5,,,3.3981323242187504,41.762,
0,5,,,3.3981323242187504,41.788,
0,5,,,3.3866882324218754,41.815,
0,5,,,3.3866882324218754,41.841,
0,5,,,3.388595581054688,41.868,
0,5,,,3.4244537353515625,41.895,
0,5,,,3.4244537353515625,41.921,
0,5,,,3.326034545898438,41.948,
0,5,,,3.326034545898438,41.974,
0,5,,,3.367996215820313,42.001,
0,5,,,3.367996215820313,42.027,
0,5,,,3.387069702148438,42.054,
0,5,,,3.387069702148438,42.08,
0,6,,,3.5861968994140625,43.089,
0,6,,,3.612518310546875,43.115,
0,6,,,3.612518310546875,43.142,
0,6,,,3.6460876464843754,43.168,
0,6,,,3.6460876464843754,43.195,
0,6,,,3.6739349365234375,43.221,
0,6,,,3.6739349365234375,43.248,
0,6,,,3.6418914794921875,43.275,
0,6,,,3.6418914794921875,43.301,
0,6,,,3.6369323730468754,43.328,
0,6,,,3.6369323730468754,43.354,
0,6,,,3.6830902099609375,43.381,
0,6,,,3.6830902099609375,43.407,
0,6,,,3.6685943603515625,43.434,
0,6,,,3.6598205566406254,43.46,
0,6,,,3.6598205566406254,43.487,
0,6,,,3.647613525390625,43.513,
0,6,,,3.647613525390625,43.54,
0,6,,,3.6624908447265625,43.567,
0,6,,,3.6624908447265625,43.593,
0,6,,,3.657913208007813,43.62,
0,6,,,3.657913208007813,43.646,
0,6,,,3.65447998046875,43.673,
0,6,,,3.65447998046875,43.699,
0,6,,,3.6613464355468754,43.726,
0,6,,,3.6613464355468754,43.752,
0,6,,,3.6357879638671875,43.779,
0,6,,,3.6357879638671875,43.805,
0,6,,,3.6571502685546875,43.832,
0,6,,,3.6571502685546875,43.859,
0,6,,,3.6533355712890625,43.885,
0,6,,,3.6533355712890625,43.912,
0,6,,,3.650665283203125,43.938,
0,6,,,3.650665283203125,43.965,
0,6,,,3.6537170410156254,43.991,
0,6,,,3.6636352539062504,44.018,
0,6,,,3.6636352539062504,44.045,
0,6,,,3.665924072265625,44.071,
0,6,,,3.665924072265625,44.098,
0,6,,,3.650283813476563,44.124,
0,6,,,3.650283813476563,44.151,
0,6,,,3.6575317382812504,44.177,
0,6,,,3.6575317382812504,44.204,
0,6,,,3.640365600585938,44.231,
0,6,,,3.640365600585938,44.257,
0,6,,,3.665924072265625,44.284,
0,6,,,3.665924072265625,44.31,
0,6,,,3.6499023437500004,44.337,
0,6,,,3.6499023437500004,44.363,
0,6,,,3.6510467529296875,44.39,
0,6,,,3.6510467529296875,44.417,
0,6,,,3.628921508789063,44.443,
0,6,,,3.628921508789063,44.47,
0,6,,,3.678512573242188,44.497,
0,6,,,3.6483764648437504,44.523,
0,6,,,3.6483764648437504,44.55,
0,6,,,3.658294677734375,44.577,
0,6,,,3.658294677734375,44.603,
0,6,,,3.650283813476563,44.63,
0,6,,,3.650283813476563,44.656,
0,6,,,3.650283813476563,44.683,
0,6,,,3.650283813476563,44.709,
0,6,,,3.665542602539063,44.736,
0,6,,,3.665542602539063,44.762,
0,6,,,3.655624389648438,44.789,
0,6,,,3.655624389648438,44.815,
0,6,,,3.681182861328125,44.842,
0,6,,,3.681182861328125,44.869,
0,6,,,3.65447998046875,44.895,
0,6,,,3.65447998046875,44.922,
0,6,,,3.6418914794921875,44.948,
0,6,,,3.6418914794921875,44.975,
0,6,,,3.663253784179688,45.001,
0,6,,,3.662109375,45.028,
0,6,,,3.662109375,45.054,
0,6,,,3.6598205566406254,45.081,
0,6,,,3.6598205566406254,45.107,
0,6,,,3.6495208740234375,45.134,
0,6,,,3.6495208740234375,45.161,
0,6,,,3.6575317382812504,45.187,
0,6,,,3.6575317382812504,45.214,
0,6,,,3.6331176757812504,45.24,
0,6,,,3.6331176757812504,45.267,
0,6,,,3.6815643310546875,45.293,
0,6,,,3.6815643310546875,45.32,
0,6,,,3.6602020263671875,45.346,
0,6,,,3.6602020263671875,45.373,
0,6,,,3.658294677734375,45.399,
0,6,,,3.658294677734375,45.426,
0,6,,,3.65142822265625,45.453,
0,6,,,3.65142822265625,45.479,
0,6,,,3.6304473876953125,45.506,
0,6,,,3.6716461181640625,45.532,
0,6,,,3.6716461181640625,45.559,
0,6,,,3.63922119140625,45.585,
0,6,,,3.63922119140625,45.612,
0,6,,,3.6499023437500004,45.638,
0,6,,,3.6499023437500004,45.665,
0,6,,,3.6663055419921875,45.692,
0,6,,,3.6663055419921875,45.718,
0,6,,,3.662109375,45.745,
0,6,,,3.662109375,45.771,
0,6,,,3.6533355712890625,45.798,
0,6,,,3.6533355712890625,45.824,
0,6,,,3.678512573242188,45.851,
0,6,,,3.678512573242188,45.877,
0,6,,,3.6609649658203125,45.904,
0,6,,,3.6609649658203125,45.93,
0,6,,,3.65142822265625,45.957,
0,6,,,3.65142822265625,45.984,
0,6,,,3.63616943359375,46.01,
0,6,,,3.649139404296875,46.037,
0,6,,,3.649139404296875,46.063,
0,6,,,3.662109375,46.09,
0,6,,,3.662109375,46.116,
0,6,,,3.654098510742188,46.143,
0,6,,,3.654098510742188,46.169,
0,6,,,3.6457061767578125,46.196,
0,6,,,3.6457061767578125,46.222,
0,6,,,3.664398193359375,46.249,
0,6,,,3.664398193359375,46.276,
0,6,,,3.632354736328125,46.302,
0,6,,,3.632354736328125,46.329,
0,6,,,3.662872314453125,46.355,
0,6,,,3.662872314453125,46.382,
0,6,,,3.6529541015625,46.408,
0,6,,,3.6529541015625,46.435,
0,6,,,3.635025024414063,46.461,
0,6,,,3.635025024414063,46.488,
0,6,,,3.6941528320312504,46.514,
0,6,,,3.6941528320312504,46.541,
0,6,,,3.6266326904296875,46.568,
0,6,,,3.656768798828125,46.594,
0,6,,,3.656768798828125,46.621,
0,6,,,3.6750793457031254,46.647,
0,6,,,3.6750793457031254,46.674,
0,6,,,3.6602020263671875,46.7,
0,6,,,3.6602020263671875,46.727,
0,6,,,3.670883178710938,46.753,
0,6,,,3.670883178710938,46.78,
0,6,,,3.6376953125,46.806,
0,6,,,3.6376953125,46.833,
0,6,,,3.670501708984375,46.86,
0,6,,,3.670501708984375,46.886,
0,6,,,3.665924072265625,46.913,
0,6,,,3.665924072265625,46.939,
0,6,,,3.6472320556640625,46.966,
0,6,,,3.6472320556640625,46.992,
0,6,,,3.670883178710938,47.019,
0,6,,,3.670883178710938,47.045,
0,6,,,3.656768798828125,47.072,
0,6,,,3.6571502685546875,47.099,
0,6,,,3.6571502685546875,47.125,
0,6,,,3.6285400390625,47.152,
0,6,,,3.6285400390625,47.178,
0,6,,,3.6586761474609375,47.205,
0,6,,,3.6586761474609375,47.231,
0,6,,,3.6586761474609375,47.258,
0,6,,,3.6586761474609375,47.284,
0,6,,,3.64532470703125,47.311,
0,6,,,3.64532470703125,47.338,
0,6,,,3.6865234375000004,47.364,
0,6,,,3.6865234375000004,47.391,
0,6,,,3.685760498046875,47.417,
0,6,,,3.685760498046875,47.444,
0,6,,,3.643798828125,47.47,
0,6,,,3.643798828125,47.497,
0,6,,,3.6407470703125004,47.523,
0,6,,,3.6407470703125004,47.55,
0,6,,,3.6636352539062504,47.576,
0,6,,,3.672027587890625,47.603,
0,6,,,3.672027587890625,47.63,
0,6,,,3.6521911621093754,47.656,
0,6,,,3.6521911621093754,47.683,
0,6,,,3.627777099609375,47.709,
0,6,,,3.627777099609375,47.736,
0,6,,,3.6674499511718754,47.762,
0,6,,,3.6674499511718754,47.789,
0,6,,,3.6483764648437504,47.815,
0,6,,,3.6483764648437504,47.842,
0,6,,,3.6651611328125004,47.869,
0,6,,,3.6651611328125004,47.895,
0,6,,,3.6571502685546875,47.922,
0,6,,,3.6571502685546875,47.948,
0,6,,,3.6376953125,47.975,
0,6,,,3.6376953125,48.001,
0,6,,,3.6663055419921875,48.028,
0,6,,,3.6663055419921875,48.054,
0,6,,,3.6445617675781254,48.081,
0,6,,,3.6487579345703125,48.107,
0,6,,,3.6487579345703125,48.134,
0,6,,,3.687286376953125,48.161,
0,6,,,3.687286376953125,48.187,
0,6,,,3.6422729492187504,48.214,
0,6,,,3.6422729492187504,48.24,
0,6,,,3.6571502685546875,48.267,
0,6,,,3.6571502685546875,48.293,
0,6,,,3.6357879638671875,48.32,
0,6,,,3.6357879638671875,48.346,
0,6,,,3.6525726318359375,48.373,
0,6,,,3.6525726318359375,48.399,
0,6,,,3.6529541015625,48.426,
0,6,,,3.6529541015625,48.452,
0,6,,,3.6880493164062504,48.479,
0,6,,,3.6880493164062504,48.506,
0,6,,,3.6678314208984375,48.532,
0,6,,,3.6678314208984375,48.559,
0,6,,,3.650665283203125,48.586,
0,6,,,3.650665283203125,48.612,
0,6,,,3.6258697509765625,48.639,
0,6,,,3.6712646484375004,48.665,
0,6,,,3.6712646484375004,48.692,
0,6,,,3.6468505859375,48.719,
0,6,,,3.6468505859375,48.745,
0,6,,,3.6956787109375004,48.772,
0,6,,,3.6956787109375004,48.798,
0,6,,,3.63922119140625,48.825,
0,6,,,3.63922119140625,48.851,
0,6,,,3.6487579345703125,48.878,
0,6,,,3.6487579345703125,48.904,
0,6,,,3.6499023437500004,48.931,
0,6,,,3.6499023437500004,48.957,
0,6,,,3.61328125,48.984,
0,6,,,3.61328125,49.011,
0,6,,,3.6457061767578125,49.037,
0,6,,,3.6457061767578125,49.064,
0,6,,,3.6563873291015625,49.09,
0,6,,,3.6563873291015625,49.117,
0,6,,,3.659439086914063,49.143,
0,6,,,3.667068481445313,49.17,
0,6,,,3.667068481445313,49.196,
0,6,,,3.6804199218750004,49.223,
0,6,,,3.6804199218750004,49.249,
0,6,,,3.6304473876953125,49.276,
0,6,,,3.6304473876953125,49.303,
0,6,,,3.619766235351563,49.329,
0,6,,,3.619766235351563,49.356,
0,6,,,3.6663055419921875,49.382,
0,6,,,3.6663055419921875,49.409,
0,6,,,3.6548614501953125,49.435,
0,6,,,3.6548614501953125,49.462,
0,6,,,3.638839721679688,49.488,
0,6,,,3.638839721679688,49.515,
0,6,,,3.6701202392578125,49.542,
0,6,,,3.6701202392578125,49.568,
0,6,,,3.669357299804688,49.595,
0,6,,,3.669357299804688,49.621,
0,6,,,3.647994995117188,49.648,
0,6,,,3.6182403564453125,49.674,
0,6,,,3.6182403564453125,49.701,
0,6,,,3.665924072265625,49.727,
0,6,,,3.665924072265625,49.754,
0,6,,,3.6270141601562504,49.78,
0,6,,,3.6270141601562504,49.807,
0,6,,,3.662872314453125,49.834,
0,6,,,3.662872314453125,49.86,
0,6,,,3.6598205566406254,49.887,
0,6,,,3.6598205566406254,49.913,
0,6,,,3.656768798828125,49.94,
0,6,,,3.656768798828125,49.966,
0,6,,,3.6396026611328125,49.993,
0,6,,,3.6396026611328125,50.02,
0,6,,,3.6685943603515625,50.046,
0,6,,,3.6685943603515625,50.073,
0,6,,,3.6308288574218754,50.099,
0,6,,,3.6308288574218754,50.126,
0,6,,,3.6827087402343754,50.152,
0,6,,,3.623580932617188,50.179,
0,6,,,3.623580932617188,50.205,
0,6,,,3.667068481445313,50.232,
0,6,,,3.667068481445313,50.259,
0,6,,,3.6422729492187504,50.285,
0,6,,,3.6422729492187504,50.312,
0,6,,,3.688812255859375,50.338,
0,6,,,3.688812255859375,50.365,
0,6,,,3.702545166015625,50.391,
0,6,,,3.702545166015625,50.418,
0,6,,,3.649139404296875,50.444,
0,6,,,3.649139404296875,50.471,
0,6,,,3.6983489990234375,50.498,
0,6,,,3.6983489990234375,50.524,
0,6,,,3.655624389648438,50.551,
0,6,,,3.655624389648438,50.577,
0,6,,,3.628921508789063,50.604,
0,6,,,3.628921508789063,50.63,
0,6,,,3.6460876464843754,50.657,
0,6,,,3.6460876464843754,50.683,
0,6,,,3.6853790283203125,50.71,
0,6,,,3.633880615234375,50.736,
0,6,,,3.633880615234375,50.763,
0,6,,,3.6815643310546875,50.79,
0,6,,,3.6815643310546875,50.816,
0,6,,,3.655242919921875,50.843,
0,6,,,3.655242919921875,50.869,
0,6,,,3.6529541015625,50.896,
0,6,,,3.6529541015625,50.922,
0,6,,,3.6376953125,50.949,
0,6,,,3.6376953125,50.975,
0,6,,,3.6663055419921875,51.002,
0,6,,,3.6663055419921875,51.028,
0,6,,,3.635025024414063,51.055,
0,6,,,3.635025024414063,51.082,
0,6,,,3.6529541015625,51.108,
0,6,,,3.6529541015625,51.135,
0,6,,,3.665542602539063,51.161,
0,6,,,3.665542602539063,51.188,
0,6,,,3.6521911621093754,51.214,
0,6,,,3.6590576171875,51.241,
0,6,,,3.6590576171875,51.267,
0,6,,,3.6529541015625,51.294,
0,6,,,3.6529541015625,51.32,
0,6,,,3.668212890625,51.347,
0,6,,,3.668212890625,51.374,
0,6,,,3.628921508789063,51.4,
0,6,,,3.628921508789063,51.427,
0,6,,,3.6590576171875,51.453,
0,6,,,3.6590576171875,51.48,
0,6,,,3.7082672119140625,51.506,
0,6,,,3.7082672119140625,51.533,
0,6,,,3.6762237548828125,51.559,
0,6,,,3.6762237548828125,51.586,
0,6,,,3.65447998046875,51.612,
0,6,,,3.65447998046875,51.639,
0,6,,,3.620147705078125,51.666,
0,6,,,3.620147705078125,51.692,
0,6,,,3.665542602539063,51.719,
0,6,,,3.6678314208984375,51.745,
0,6,,,3.6678314208984375,51.772,
0,6,,,3.6468505859375,51.798,
0,6,,,3.6468505859375,51.825,
0,6,,,3.676986694335938,51.851,
0,6,,,3.676986694335938,51.878,
0,6,,,3.6296844482421875,51.905,
0,6,,,3.6296844482421875,51.931,
0,6,,,3.672027587890625,51.958,
0,6,,,3.672027587890625,51.984,
0,6,,,3.655624389648438,52.011,
0,6,,,3.655624389648438,52.037,
0,6,,,3.6304473876953125,52.064,
0,6,,,3.6304473876953125,52.09,
0,6,,,3.6724090576171875,52.117,
0,6,,,3.6724090576171875,52.144,
0,6,,,3.6113739013671875,52.17,
0,6,,,3.6113739013671875,52.197,
0,6,,,3.6499023437500004,52.223,
0,6,,,3.635406494140625,52.25,
0,6,,,3.635406494140625,52.276,
0,6,,,3.631210327148438,52.303,
0,6,,,3.631210327148438,52.329,
0,6,,,3.6647796630859375,52.356,
0,6,,,3.6647796630859375,52.382,
0,6,,,3.673553466796875,52.409,
0,6,,,3.673553466796875,52.436,
0,6,,,3.650665283203125,52.462,
0,6,,,3.650665283203125,52.489,
0,6,,,3.6331176757812504,52.515,
0,6,,,3.6331176757812504,52.542,
0,6,,,3.6834716796875,52.568,
0,6,,,3.6834716796875,52.595,
0,6,,,3.6827087402343754,52.621,
0,6,,,3.6827087402343754,52.648,
0,6,,,3.6529541015625,52.674,
0,6,,,3.6529541015625,52.702,
0,6,,,3.6613464355468754,52.728,
0,6,,,3.663253784179688,52.755,
0,6,,,3.663253784179688,52.781,
0,6,,,3.6613464355468754,52.808,
0,6,,,3.6613464355468754,52.834,
0,6,,,3.6422729492187504,52.861,
0,6,,,3.6422729492187504,52.887,
0,6,,,3.7006378173828125,52.914,
0,6,,,3.7006378173828125,52.941,
0,6,,,3.631210327148438,52.967,
0,6,,,3.631210327148438,52.994,
0,6,,,3.6773681640625,53.02,
0,6,,,3.6773681640625,53.047,
0,6,,,3.6373138427734375,53.073,
0,7,,,3.607177734375,53.206,
0,7,,,3.594207763671875,53.233,
0,7,,,3.594207763671875,53.259,
0,7,,,3.6041259765625004,53.286,
0,7,,,3.597259521484375,53.312,
0,7,,,3.597259521484375,53.339,
0,7,,,3.5953521728515625,53.365,
0,7,,,3.5953521728515625,53.392,
0,7,,,3.5919189453125,53.419,
0,7,,,3.5919189453125,53.445,
0,7,,,3.60107421875,53.472,
0,7,,,3.60107421875,53.498,
0,7,,,3.6003112792968754,53.525,
0,7,,,3.6003112792968754,53.551,
0,7,,,3.617095947265625,53.578,
0,7,,,3.617095947265625,53.604,
0,7,,,3.6041259765625004,53.631,
0,7,,,3.6041259765625004,53.657,
0,7,,,3.613662719726563,53.684,
0,7,,,3.613662719726563,53.71,
0,7,,,3.5961151123046875,53.737,
0,7,,,3.5961151123046875,53.764,
0,7,,,3.61328125,53.79,
0,7,,,3.608322143554688,53.817,
0,7,,,3.608322143554688,53.843,
0,7,,,3.597259521484375,53.87,
0,7,,,3.597259521484375,53.896,
0,7,,,3.604888916015625,53.923,
0,7,,,3.604888916015625,53.949,
0,7,,,3.60870361328125,53.976,
0,7,,,3.60870361328125,54.002,
0,7,,,3.588104248046875,54.029,
0,7,,,3.588104248046875,54.056,
0,7,,,3.590774536132813,54.082,
0,7,,,3.590774536132813,54.109,
0,7,,,3.5964965820312504,54.135,
0,7,,,3.5964965820312504,54.162,
0,7,,,3.5873413085937504,54.188,
0,7,,,3.5873413085937504,54.215,
0,7,,,3.5953521728515625,54.241,
0,7,,,3.5953521728515625,54.268,
0,7,,,3.603363037109375,54.294,
0,7,,,3.609466552734375,54.321,
0,7,,,3.609466552734375,54.348,
0,7,,,3.6041259765625004,54.374,
0,7,,,3.6041259765625004,54.401,
0,7,,,3.606033325195313,54.427,
0,7,,,3.606033325195313,54.454,
0,7,,,3.5938262939453125,54.48,
0,7,,,3.5938262939453125,54.507,
0,7,,,3.5915374755859375,54.533,
0,7,,,3.5915374755859375,54.56,
0,7,,,3.5991668701171875,54.586,
0,7,,,3.5991668701171875,54.613,
0,7,,,3.6140441894531254,54.64,
0,7,,,3.6140441894531254,54.666,
0,7,,,3.58428955078125,54.693,
0,7,,,3.58428955078125,54.719,
0,7,,,3.598403930664063,54.746,
0,7,,,3.598403930664063,54.772,
0,7,,,3.6041259765625004,54.799,
0,7,,,3.6041259765625004,54.825,
0,7,,,3.6026000976562504,54.852,
0,7,,,3.600692749023438,54.878,
0,7,,,3.600692749023438,54.905,
0,7,,,3.589630126953125,54.932,
0,7,,,3.589630126953125,54.958,
0,7,,,3.590774536132813,54.985,
0,7,,,3.590774536132813,55.011,
0,7,,,3.6067962646484375,55.038,
0,7,,,3.6067962646484375,55.064,
0,7,,,3.607177734375,55.091,
0,7,,,3.607177734375,55.117,
0,7,,,3.60565185546875,55.144,
0,7,,,3.60565185546875,55.17,
0,7,,,3.5900115966796875,55.197,
0,7,,,3.5900115966796875,55.224,
0,7,,,3.609848022460938,55.25,
0,7,,,3.609848022460938,55.277,
0,7,,,3.6026000976562504,55.303,
0,7,,,3.6026000976562504,55.33,
0,7,,,3.6003112792968754,55.356,
0,7,,,3.604507446289063,55.383,
0,7,,,3.604507446289063,55.409,
0,7,,,3.6041259765625004,55.436,
0,7,,,3.6041259765625004,55.463,
0,7,,,3.6029815673828125,55.489,
0,7,,,3.6029815673828125,55.516,
0,7,,,3.59344482421875,55.542,
0,7,,,3.59344482421875,55.569,
0,7,,,3.5964965820312504,55.595,
0,7,,,3.5964965820312504,55.622,
0,7,,,3.609466552734375,55.648,
0,7,,,3.609466552734375,55.675,
0,7,,,3.589248657226563,55.701,
0,7,,,3.589248657226563,55.728,
0,7,,,3.5976409912109375,55.754,
0,7,,,3.5976409912109375,55.781,
0,7,,,3.6029815673828125,55.808,
0,7,,,3.6029815673828125,55.834,
0,7,,,3.6052703857421875,55.861,
0,7,,,3.5911560058593754,55.887,
0,7,,,3.5911560058593754,55.914,
0,7,,,3.5964965820312504,55.94,
0,7,,,3.5964965820312504,55.967,
0,7,,,3.6003112792968754,55.993,
0,7,,,3.6003112792968754,56.02,
0,7,,,3.5949707031250004,56.047,
0,7,,,3.5949707031250004,56.073,
0,7,,,3.6014556884765625,56.1,
0,7,,,3.6014556884765625,56.126,
0,7,,,3.6067962646484375,56.153,
0,7,,,3.6067962646484375,56.179,
0,7,,,3.6117553710937504,56.206,
0,7,,,3.6117553710937504,56.233,
0,7,,,3.5938262939453125,56.259,
0,7,,,3.5938262939453125,56.286,
0,7,,,3.607177734375,56.312,
0,7,,,3.607177734375,56.339,
0,7,,,3.596878051757813,56.365,
0,7,,,3.6037445068359375,56.392,
0,7,,,3.6037445068359375,56.418,
0,7,,,3.6067962646484375,56.445,
0,7,,,3.6067962646484375,56.472,
0,7,,,3.61328125,56.498,
0,7,,,3.61328125,56.525,
0,7,,,3.6075592041015625,56.551,
0,7,,,3.6075592041015625,56.578,
0,7,,,3.60870361328125,56.604,
0,7,,,3.60870361328125,56.631,
0,7,,,3.6090850830078125,56.657,
0,7,,,3.6090850830078125,56.684,
0,7,,,3.6003112792968754,56.71,
0,7,,,3.6003112792968754,56.737,
0,7,,,3.607177734375,56.764,
0,7,,,3.607177734375,56.79,
0,7,,,3.5888671875000004,56.817,
0,7,,,3.5888671875000004,56.844,
0,7,,,3.6067962646484375,56.87,
0,7,,,3.6064147949218754,56.897,
0,7,,,3.6064147949218754,56.924,
0,7,,,3.617477416992188,56.95,
0,7,,,3.617477416992188,56.977,
0,7,,,3.597259521484375,57.003,
0,7,,,3.597259521484375,57.03,
0,7,,,3.6029815673828125,57.056,
0,7,,,3.6029815673828125,57.083,
0,7,,,3.600692749023438,57.109,
0,7,,,3.600692749023438,57.136,
0,7,,,3.600692749023438,57.162,
0,7,,,3.600692749023438,57.189,
0,7,,,3.5987854003906254,57.216,
0,7,,,3.5987854003906254,57.242,
0,7,,,3.6163330078125,57.269,
0,7,,,3.6163330078125,57.295,
0,7,,,3.588104248046875,57.322,
0,7,,,3.588104248046875,57.348,
0,7,,,3.597259521484375,57.375,
0,7,,,3.597259521484375,57.401,
0,7,,,3.604888916015625,57.428,
0,7,,,3.6037445068359375,57.455,
0,7,,,3.6037445068359375,57.481,
0,7,,,3.60107421875,57.508,
0,7,,,3.60107421875,57.534,
0,7,,,3.586578369140625,57.561,
0,7,,,3.586578369140625,57.587,
0,7,,,3.5919189453125,57.614,
0,7,,,3.5919189453125,57.64,
0,7,,,3.5991668701171875,57.667,
0,7,,,3.5991668701171875,57.693,
0,7,,,3.6113739013671875,57.72,
0,7,,,3.6113739013671875,57.746,
0,7,,,3.619766235351563,57.773,
0,7,,,3.619766235351563,57.8,
0,7,,,3.6106109619140625,57.826,
0,7,,,3.6106109619140625,57.853,
0,7,,,3.601837158203125,57.879,
0,7,,,3.601837158203125,57.906,
0,7,,,3.612518310546875,57.932,
0,7,,,3.604507446289063,57.959,
0,7,,,3.604507446289063,57.985,
0,7,,,3.6003112792968754,58.012,
0,7,,,3.6003112792968754,58.038,
0,7,,,3.5938262939453125,58.065,
0,7,,,3.5938262939453125,58.092,
0,7,,,3.612518310546875,58.118,
0,7,,,3.612518310546875,58.145,
0,7,,,3.6026000976562504,58.171,
0,7,,,3.6026000976562504,58.198,
0,7,,,3.5900115966796875,58.224,
0,7,,,3.5900115966796875,58.251,
0,7,,,3.604888916015625,58.277,
0,7,,,3.604888916015625,58.304,
0,7,,,3.603363037109375,58.33,
0,7,,,3.603363037109375,58.357,
0,7,,,3.602218627929688,58.384,
0,7,,,3.602218627929688,58.41,
0,7,,,3.608322143554688,58.437,
0,7,,,3.602218627929688,58.463,
0,7,,,3.602218627929688,58.49,
0,7,,,3.5911560058593754,58.516,
0,7,,,3.5911560058593754,58.543,
0,7,,,3.5991668701171875,58.569,
0,7,,,3.5991668701171875,58.596,
0,7,,,3.610992431640625,58.622,
0,7,,,3.610992431640625,58.649,
0,7,,,3.6067962646484375,58.676,
0,7,,,3.6067962646484375,58.702,
0,7,,,3.5800933837890625,58.729,
0,7,,,3.5800933837890625,58.755,
0,7,,,3.603363037109375,58.782,
0,8,,,3.609848022460938,58.915,
0,8,,,3.67431640625,58.941,
0,8,,,3.8276672363281254,58.968,
0,8,,,3.8276672363281254,58.994,
0,8,,,3.8215637207031254,59.021,
0,8,,,3.8215637207031254,59.047,
0,8,,,3.810501098632813,59.074,
0,8,,,3.810501098632813,59.1,
0,8,,,3.816986083984375,59.127,
0,8,,,3.816986083984375,59.153,
0,8,,,3.806686401367188,59.18,
0,8,,,3.806686401367188,59.207,
0,8,,,3.8059234619140625,59.233,
0,8,,,3.8059234619140625,59.26,
0,8,,,3.8059234619140625,59.286,
0,8,,,3.8059234619140625,59.313,
0,8,,,3.7975311279296875,59.339,
0,8,,,3.7975311279296875,59.366,
0,8,,,3.8047790527343754,59.392,
0,8,,,3.8047790527343754,59.419,
0,8,,,3.8318634033203125,59.446,
0,8,,,3.8318634033203125,59.472,
0,8,,,3.8097381591796875,59.499,
0,8,,,3.8112640380859375,59.525,
0,8,,,3.8112640380859375,59.552,
0,8,,,3.8051605224609375,59.578,
0,8,,,3.8051605224609375,59.605,
0,8,,,3.796768188476563,59.631,
0,8,,,3.796768188476563,59.658,
0,8,,,3.809356689453125,59.685,
0,8,,,3.809356689453125,59.711,
0,8,,,3.821945190429688,59.738,
0,8,,,3.821945190429688,59.764,
0,8,,,3.801727294921875,59.791,
0,8,,,3.801727294921875,59.817,
0,8,,,3.824615478515625,59.844,
0,8,,,3.824615478515625,59.87,
0,8,,,3.8089752197265625,59.897,
0,8,,,3.8089752197265625,59.923,
0,8,,,3.84368896484375,59.95,
0,8,,,3.84368896484375,59.977,
0,8,,,3.7975311279296875,60.003,
0,8,,,3.7986755371093754,60.03,
0,8,,,3.7986755371093754,60.056,
0,8,,,3.8063049316406254,60.083,
0,8,,,3.8063049316406254,60.109,
0,8,,,3.8063049316406254,60.136,
0,8,,,3.8063049316406254,60.162,
0,8,,,3.807830810546875,60.189,
0,8,,,3.807830810546875,60.215,
0,8,,,3.8238525390625004,60.242,
0,8,,,3.8238525390625004,60.269,
0,8,,,3.80401611328125,60.295,
0,8,,,3.80401611328125,60.322,
0,8,,,3.8162231445312504,60.348,
0,8,,,3.8162231445312504,60.375,
0,8,,,3.8162231445312504,60.401,
0,8,,,3.8162231445312504,60.428,
0,8,,,3.6067962646484375,60.454,
0,8,,,3.6067962646484375,60.481,
0,8,,,3.546142578125,60.508,
0,8,,,3.549957275390625,60.534,
0,8,,,3.549957275390625,60.561,
0,8,,,3.54766845703125,60.587,
0,8,,,3.54766845703125,60.614,
0,8,,,3.5419464111328125,60.64,
0,8,,,3.5419464111328125,60.667,
0,8,,,3.558731079101563,60.693,
0,8,,,3.558731079101563,60.72,
0,8,,,3.552627563476563,60.746,
0,8,,,3.552627563476563,60.773,
0,8,,,3.546142578125,60.799,
0,8,,,3.546142578125,60.826,
0,8,,,3.552627563476563,60.853,
0,8,,,3.552627563476563,60.879,
0,8,,,3.5606384277343754,60.906,
0,8,,,3.5606384277343754,60.932,
0,8,,,3.533554077148438,60.959,
0,8,,,3.533554077148438,60.986,
0,8,,,3.547286987304688,61.012,
0,8,,,3.5491943359375004,61.039,
0,8,,,3.5491943359375004,61.066,
0,8,,,3.556442260742188,61.092,
0,8,,,3.556442260742188,61.119,
0,8,,,3.54766845703125,61.145,
0,8,,,3.54766845703125,61.172,
0,8,,,3.566360473632813,61.198,
0,8,,,3.566360473632813,61.225,
0,8,,,3.5518646240234375,61.251,
0,8,,,3.5518646240234375,61.278,
0,8,,,3.537368774414063,61.305,
0,8,,,3.537368774414063,61.331,
0,8,,,3.549957275390625,61.358,
0,8,,,3.549957275390625,61.384,
0,8,,,3.5388946533203125,61.411,
0,8,,,3.5388946533203125,61.437,
0,8,,,3.533172607421875,61.464,
0,8,,,3.533172607421875,61.49,
0,8,,,3.5552978515625,61.517,
0,8,,,3.5552978515625,61.543,
0,8,,,3.5617828369140625,61.57,
0,8,,,3.548812866210938,61.597,
0,8,,,3.548812866210938,61.623,
0,8,,,3.543472290039063,61.65,
0,8,,,3.543472290039063,61.676,
0,8,,,3.5453796386718754,61.703,
0,8,,,3.5453796386718754,61.729,
0,8,,,3.5617828369140625,61.756,
0,8,,,3.5617828369140625,61.782,
0,8,,,3.5343170166015625,61.809,
0,8,,,3.5343170166015625,61.835,
0,8,,,3.5583496093750004,61.862,
0,8,,,3.5583496093750004,61.889,
0,8,,,3.548812866210938,61.915,
0,8,,,3.548812866210938,61.942,
0,8,,,3.539657592773438,61.968,
0,8,,,3.539657592773438,61.995,
0,8,,,3.552627563476563,62.021,
0,8,,,3.552627563476563,62.048,
0,8,,,3.5545349121093754,62.075,
0,8,,,3.5366058349609375,62.101,
0,8,,,3.5366058349609375,62.128,
0,8,,,3.5400390625,62.154,
0,8,,,3.5400390625,62.181,
0,8,,,3.5381317138671875,62.207,
0,8,,,3.5381317138671875,62.234,
0,8,,,3.546142578125,62.26,
0,8,,,3.546142578125,62.287,
0,8,,,3.549957275390625,62.314,
0,8,,,3.549957275390625,62.34,
0,8,,,3.5415649414062504,62.367,
0,8,,,3.5415649414062504,62.393,
0,8,,,3.5404205322265625,62.42,
0,8,,,3.5404205322265625,62.446,
0,8,,,3.53851318359375,62.473,
0,8,,,3.53851318359375,62.499,
0,8,,,3.5491943359375004,62.526,
0,8,,,3.5491943359375004,62.552,
0,8,,,3.5541534423828125,62.579,
0,8,,,3.566741943359375,62.606,
0,8,,,3.566741943359375,62.632,
0,8,,,3.549957275390625,62.659,
0,8,,,3.549957275390625,62.685,
0,8,,,3.5339355468750004,62.712,
0,8,,,3.5339355468750004,62.738,
0,8,,,3.5469055175781254,62.765,
0,8,,,3.5469055175781254,62.791,
0,8,,,3.556060791015625,62.818,
0,8,,,3.556060791015625,62.844,
0,8,,,3.55377197265625,62.871,
0,8,,,3.55377197265625,62.898,
0,8,,,3.5469055175781254,62.924,
0,8,,,3.5469055175781254,62.951,
0,8,,,3.5453796386718754,62.977,
0,8,,,3.5453796386718754,63.004,
0,8,,,3.541183471679688,63.03,
0,8,,,3.541183471679688,63.057,
0,8,,,3.5491943359375004,63.083,
0,8,,,3.5552978515625,63.11,
0,8,,,3.5552978515625,63.137,
0,8,,,3.5530090332031254,63.163,
0,8,,,3.5530090332031254,63.19,
0,9,,,3.610992431640625,63.322,
0,9,,,3.610992431640625,63.349,
0,9,,,3.7857055664062504,63.375,
0,9,,,3.7857055664062504,63.402,
0,9,,,3.771209716796875,63.429,
0,9,,,3.771209716796875,63.455,
0,9,,,3.7631988525390625,63.482,
0,9,,,3.7631988525390625,63.508,
0,9,,,3.7948608398437504,63.535,
0,9,,,3.7948608398437504,63.561,
0,9,,,3.7563323974609375,63.588,
0,9,,,3.7563323974609375,63.614,
0,9,,,3.7994384765625,63.641,
0,9,,,3.76129150390625,63.668,
0,9,,,3.76129150390625,63.694,
0,9,,,3.770065307617188,63.721,
0,9,,,3.770065307617188,63.747,
0,9,,,3.7590026855468754,63.774,
0,9,,,3.7590026855468754,63.8,
0,9,,,3.7719726562500004,63.827,
0,9,,,3.7719726562500004,63.853,
0,9,,,3.7860870361328125,63.88,
0,9,,,3.7860870361328125,63.906,
0,9,,,3.778839111328125,63.933,
0,9,,,3.778839111328125,63.96,
0,9,,,3.763580322265625,63.986,
0,9,,,3.763580322265625,64.013,
0,9,,,3.760910034179688,64.039,
0,9,,,3.760910034179688,64.066,
0,9,,,3.7811279296875,64.092,
0,9,,,3.7811279296875,64.119,
0,9,,,3.7899017333984375,64.145,
0,9,,,3.7792205810546875,64.172,
0,9,,,3.7792205810546875,64.198,
0,9,,,3.779983520507813,64.225,
0,9,,,3.779983520507813,64.252,
0,9,,,3.776168823242188,64.278,
0,9,,,3.776168823242188,64.305,
0,9,,,3.76739501953125,64.331,
0,9,,,3.76739501953125,64.358,
0,9,,,3.7708282470703125,64.384,
0,9,,,3.7708282470703125,64.411,
0,9,,,3.7704467773437504,64.437,
0,9,,,3.7704467773437504,64.464,
0,9,,,3.7746429443359375,64.491,
0,9,,,3.7746429443359375,64.517,
0,9,,,3.787994384765625,64.544,
0,9,,,3.787994384765625,64.57,
0,9,,,3.776168823242188,64.597,
0,9,,,3.776168823242188,64.623,
0,9,,,3.7704467773437504,64.65,
0,9,,,3.7982940673828125,64.676,
0,9,,,3.7982940673828125,64.703,
0,9,,,3.7750244140625,64.729,
0,9,,,3.7750244140625,64.756,
0,9,,,3.7948608398437504,64.783,
0,9,,,3.7948608398437504,64.809,
0,9,,,3.783798217773438,64.836,
0,9,,,3.783798217773438,64.862,
0,9,,,3.77349853515625,64.889,
0,9,,,3.77349853515625,64.915,
0,9,,,3.7628173828125004,64.942,
0,9,,,3.7628173828125004,64.968,
0,9,,,3.7746429443359375,64.995,
0,9,,,3.7746429443359375,65.021,
0,9,,,3.7784576416015625,65.048,
0,9,,,3.7784576416015625,65.075,
0,9,,,3.763580322265625,65.101,
0,9,,,3.763580322265625,65.128,
0,9,,,3.78265380859375,65.155,
0,9,,,3.7750244140625,65.182,
0,9,,,3.7750244140625,65.208,
0,9,,,3.7807464599609375,65.235,
0,9,,,3.7807464599609375,65.261,
0,9,,,3.7670135498046875,65.288,
0,9,,,3.7670135498046875,65.314,
0,9,,,3.785324096679688,65.341,
0,9,,,3.785324096679688,65.367,
0,9,,,3.77349853515625,65.394,
0,9,,,3.77349853515625,65.421,
0,9,,,3.7883758544921875,65.447,
0,9,,,3.7883758544921875,65.474,
0,9,,,3.7670135498046875,65.5,
0,9,,,3.7670135498046875,65.527,
0,9,,,3.781509399414063,65.553,
0,9,,,3.781509399414063,65.58,
0,9,,,3.7811279296875,65.607,
0,9,,,3.7811279296875,65.633,
0,9,,,3.7731170654296875,65.66,
0,9,,,3.772354125976563,65.686,
0,9,,,3.772354125976563,65.713,
0,9,,,3.772354125976563,65.739,
0,9,,,3.772354125976563,65.766,
0,9,,,3.765869140625,65.792,
0,9,,,3.765869140625,65.819,
0,9,,,3.804397583007813,65.846,
0,9,,,3.804397583007813,65.872,
0,9,,,3.7754058837890625,65.899,
0,9,,,3.7754058837890625,65.925,
0,9,,,3.771209716796875,65.952,
0,9,,,3.771209716796875,65.978,
0,9,,,3.777694702148438,66.005,
0,9,,,3.777694702148438,66.031,
0,9,,,3.7868499755859375,66.058,
0,9,,,3.7868499755859375,66.084,
0,9,,,3.7742614746093754,66.111,
0,9,,,3.7742614746093754,66.138,
0,9,,,3.7811279296875,66.164,
0,9,,,3.778839111328125,66.191,
0,9,,,3.778839111328125,66.217,
0,9,,,3.773880004882813,66.244,
0,9,,,3.773880004882813,66.27,
0,9,,,3.7731170654296875,66.297,
0,9,,,3.7731170654296875,66.323,
0,9,,,3.7731170654296875,66.35,
0,9,,,3.7731170654296875,66.377,
0,9,,,3.770065307617188,66.403,
0,9,,,3.770065307617188,66.43,
0,9,,,3.7841796875,66.456,
0,9,,,3.7841796875,66.483,
0,9,,,3.7704467773437504,66.509,
0,9,,,3.7704467773437504,66.536,
0,9,,,3.7807464599609375,66.562,
0,9,,,3.7807464599609375,66.589,
0,9,,,3.7906646728515625,66.615,
0,9,,,3.7906646728515625,66.642,
0,9,,,3.766250610351563,66.669,
0,9,,,3.766250610351563,66.695,
0,9,,,3.7628173828125004,66.722,
0,10,,,3.60107421875,66.854,
0,10,,,3.60107421875,66.881,
0,10,,,3.7067413330078125,66.907,
0,10,,,3.7067413330078125,66.934,
0,10,,,3.7097930908203125,66.961,
0,10,,,3.7097930908203125,66.987,
0,10,,,3.71246337890625,67.014,
0,10,,,3.71246337890625,67.04,
0,10,,,3.708648681640625,67.067,
0,10,,,3.708648681640625,67.093,
0,10,,,3.711700439453125,67.12,
0,10,,,3.711700439453125,67.146,
0,10,,,3.693771362304688,67.173,
0,10,,,3.693771362304688,67.199,
0,10,,,3.704833984375,67.226,
0,10,,,3.7208557128906254,67.253,
0,10,,,3.7208557128906254,67.279,
0,10,,,3.69873046875,67.306,
0,10,,,3.69873046875,67.332,
0,10,,,3.701019287109375,67.359,
0,10,,,3.701019287109375,67.385,
0,10,,,3.7212371826171875,67.412,
0,10,,,3.7212371826171875,67.438,
0,10,,,3.7120819091796875,67.465,
0,10,,,3.7120819091796875,67.492,
0,10,,,3.7059783935546875,67.518,
0,10,,,3.7059783935546875,67.545,
0,10,,,3.7067413330078125,67.571,
0,10,,,3.7067413330078125,67.598,
0,10,,,3.7181854248046875,67.624,
0,10,,,3.7181854248046875,67.651,
0,10,,,3.69873046875,67.677,
0,10,,,3.69873046875,67.704,
0,10,,,3.6994934082031254,67.73,
0,10,,,3.7208557128906254,67.757,
0,10,,,3.7208557128906254,67.784,
0,10,,,3.702545166015625,67.81,
0,10,,,3.702545166015625,67.837,
0,10,,,3.707504272460938,67.863,
0,10,,,3.707504272460938,67.89,
0,10,,,3.710174560546875,67.916,
0,10,,,3.710174560546875,67.943,
0,10,,,3.7120819091796875,67.969,
0,10,,,3.7120819091796875,67.996,
0,10,,,3.6876678466796875,68.023,
0,10,,,3.6876678466796875,68.049,
0,10,,,3.7033081054687504,68.076,
0,10,,,3.7033081054687504,68.102,
0,10,,,3.694915771484375,68.129,
0,10,,,3.694915771484375,68.155,
0,10,,,3.7078857421875,68.182,
0,10,,,3.7078857421875,68.208,
0,10,,,3.6930084228515625,68.235,
0,10,,,3.6930084228515625,68.262,
0,10,,,3.711318969726563,68.288,
0,10,,,3.69873046875,68.315,
0,10,,,3.69873046875,68.341,
0,10,,,3.7078857421875,68.368,
0,10,,,3.7078857421875,68.394,
0,10,,,3.684616088867188,68.421,
0,10,,,3.684616088867188,68.447,
0,10,,,3.7136077880859375,68.474,
0,10,,,3.7136077880859375,68.501,
0,10,,,3.724288940429688,68.527,
0,10,,,3.724288940429688,68.554,
0,10,,,3.70025634765625,68.58,
0,10,,,3.70025634765625,68.607,
0,10,,,3.71551513671875,68.633,
0,10,,,3.71551513671875,68.66,
0,10,,,3.70635986328125,68.686,
0,10,,,3.70635986328125,68.713,
0,10,,,3.684616088867188,68.739,
0,10,,,3.684616088867188,68.766,
0,10,,,3.709030151367188,68.792,
0,10,,,3.7185668945312504,68.819,
0,10,,,3.7185668945312504,68.846,
0,10,,,3.704071044921875,68.872,
0,10,,,3.704071044921875,68.899,
0,10,,,3.694915771484375,68.925,
0,10,,,3.694915771484375,68.952,
0,10,,,3.7197113037109375,68.978,
0,10,,,3.7197113037109375,69.005,
0,10,,,3.692626953125,69.031,
0,10,,,3.692626953125,69.058,
0,10,,,3.7067413330078125,69.085,
0,10,,,3.7067413330078125,69.111,
0,10,,,3.705215454101563,69.138,
0,10,,,3.705215454101563,69.164,
0,10,,,3.7132263183593754,69.191,
0,10,,,3.7132263183593754,69.217,
0,10,,,3.7158966064453125,69.244,
0,10,,,3.7158966064453125,69.271,
0,10,,,3.682327270507813,69.298,
0,10,,,3.6991119384765625,69.324,
0,10,,,3.6991119384765625,69.351,
0,10,,,3.696060180664063,69.377,
0,10,,,3.696060180664063,69.404,
0,10,,,3.702545166015625,69.43,
0,10,,,3.702545166015625,69.457,
0,10,,,3.711318969726563,69.483,
0,10,,,3.711318969726563,69.51,
0,10,,,3.699874877929688,69.536,
0,10,,,3.699874877929688,69.563,
0,10,,,3.7220001220703125,69.59,
0,10,,,3.7220001220703125,69.616,
0,10,,,3.6869049072265625,69.643,
0,10,,,3.6869049072265625,69.669,
0,10,,,3.7136077880859375,69.696,
0,10,,,3.7136077880859375,69.722,
0,10,,,3.718948364257813,69.749,
0,10,,,3.718948364257813,69.775,
0,10,,,3.6834716796875,69.802,
0,10,,,3.7067413330078125,69.829,
0,10,,,3.7067413330078125,69.855,
0,10,,,3.7059783935546875,69.882,
0,10,,,3.7059783935546875,69.908,
0,10,,,3.7208557128906254,69.935,
0,10,,,3.7208557128906254,69.961,
0,10,,,3.696060180664063,69.988,
0,10,,,3.696060180664063,70.014,
0,10,,,3.6994934082031254,70.041,
0,10,,,3.6994934082031254,70.067,
0,10,,,3.720474243164063,70.094,
0,10,,,3.720474243164063,70.12,
0,10,,,3.6941528320312504,70.147,
0,10,,,3.6941528320312504,70.174,
0,10,,,3.7006378173828125,70.2,
0,10,,,3.7006378173828125,70.227,
0,10,,,3.69720458984375,70.253,
0,10,,,3.69720458984375,70.28,
0,10,,,3.6918640136718754,70.306,
0,10,,,3.6968231201171875,70.333,
0,10,,,3.6968231201171875,70.359,
0,10,,,3.711700439453125,70.386,
0,10,,,3.711700439453125,70.413,
0,10,,,3.6956787109375004,70.439,
0,10,,,3.6956787109375004,70.466,
0,10,,,3.7132263183593754,70.492,
0,10,,,3.7132263183593754,70.519,
0,10,,,3.7078857421875,70.545,
0,10,,,3.7078857421875,70.572,
0,10,,,3.7044525146484375,70.598,
0,10,,,3.7044525146484375,70.625,
0,10,,,3.69720458984375,70.651,
0,10,,,3.69720458984375,70.678,
0,10,,,3.7170410156250004,70.705,
0,10,,,3.7170410156250004,70.731,
0,10,,,3.6983489990234375,70.758,
0,10,,,3.6983489990234375,70.784,
0,10,,,3.715133666992188,70.811,
0,10,,,3.715133666992188,70.837,
0,10,,,3.702545166015625,70.864,
0,10,,,3.712844848632813,70.89,
0,10,,,3.712844848632813,70.917,
0,10,,,3.710174560546875,70.943,
0,10,,,3.710174560546875,70.97,
0,10,,,3.7082672119140625,70.997,
0,10,,,3.7082672119140625,71.023,
0,10,,,3.6991119384765625,71.05,
0,10,,,3.6991119384765625,71.076,
0,10,,,3.6895751953125,71.103,
0,10,,,3.6895751953125,71.129,
0,10,,,3.7185668945312504,71.156,
0,10,,,3.7185668945312504,71.182,
0,10,,,3.7158966064453125,71.209,
0,10,,,3.7158966064453125,71.235,
0,10,,,3.703689575195313,71.262,
0,10,,,3.703689575195313,71.288,
0,10,,,3.7197113037109375,71.315,
0,10,,,3.7197113037109375,71.342,
0,10,,,3.7029266357421875,71.368,
0,10,,,3.6952972412109375,71.395,
0,10,,,3.6952972412109375,71.421,
0,10,,,3.711318969726563,71.448,
0,10,,,3.711318969726563,71.474,
0,10,,,3.7258148193359375,71.501,
0,10,,,3.7258148193359375,71.527,
0,10,,,3.6930084228515625,71.554,
0,10,,,3.6930084228515625,71.58,
0,10,,,3.7033081054687504,71.607,
0,10,,,3.7033081054687504,71.634,
0,10,,,3.722763061523438,71.66,
0,10,,,3.722763061523438,71.687,
0,10,,,3.703689575195313,71.713,
0,10,,,3.703689575195313,71.74,
0,10,,,3.710174560546875,71.766,
0,10,,,3.710174560546875,71.793,
0,10,,,3.7120819091796875,71.82,
0,10,,,3.7120819091796875,71.846,
0,10,,,3.7097930908203125,71.873,
0,10,,,3.6994934082031254,71.899,
0,10,,,3.6994934082031254,71.926,
0,10,,,3.7139892578125,71.952,
0,10,,,3.7139892578125,71.979,
0,10,,,3.716278076171875,72.006,
0,10,,,3.716278076171875,72.032,
0,10,,,3.7055969238281254,72.059,
0,10,,,3.7055969238281254,72.085,
0,10,,,3.7029266357421875,72.112,
0,10,,,3.7029266357421875,72.138,
0,10,,,3.7284851074218754,72.165,
0,10,,,3.7284851074218754,72.191,
0,10,,,3.6945343017578125,72.218,
0,10,,,3.6945343017578125,72.244,
0,10,,,3.693389892578125,72.271,
0,10,,,3.693389892578125,72.298,
0,10,,,3.6983489990234375,72.324,
0,10,,,3.6983489990234375,72.351,
0,10,,,3.708648681640625,72.377,
0,10,,,3.707504272460938,72.404,
0,10,,,3.707504272460938,72.43,
0,10,,,3.7006378173828125,72.457,
0,10,,,3.7006378173828125,72.483,
0,10,,,3.7109375000000004,72.51,
0,10,,,3.7109375000000004,72.537,
0,10,,,3.703689575195313,72.563,
0,10,,,3.703689575195313,72.59,
0,10,,,3.688430786132813,72.616,
0,10,,,3.688430786132813,72.643,
0,10,,,3.69873046875,72.669,
0,10,,,3.69873046875,72.696,
0,10,,,3.7136077880859375,72.722,
0,10,,,3.7136077880859375,72.749,
0,10,,,3.731536865234375,72.775,
0,10,,,3.731536865234375,72.802,
0,10,,,3.694915771484375,72.829,
0,10,,,3.694915771484375,72.855,
0,10,,,3.72314453125,72.882,
0,10,,,3.72314453125,72.908,
0,10,,,3.70025634765625,72.935,
0,10,,,3.701400756835938,72.961,
0,10,,,3.701400756835938,72.988,
0,10,,,3.70635986328125,73.014,
0,10,,,3.70635986328125,73.041,
0,10,,,3.7059783935546875,73.067,
0,10,,,3.7059783935546875,73.094,
0,10,,,3.7250518798828125,73.121,
0,10,,,3.7250518798828125,73.147,
0,10,,,3.692626953125,73.174,
0,10,,,3.692626953125,73.2,
0,10,,,3.720474243164063,73.227,
0,10,,,3.720474243164063,73.253,
0,10,,,3.6903381347656254,73.28,
0,10,,,3.6903381347656254,73.306,
0,10,,,3.69110107421875,73.333,
0,10,,,3.69110107421875,73.359,
0,10,,,3.7220001220703125,73.387,
0,10,,,3.7220001220703125,73.413,
0,10,,,3.7055969238281254,73.44,
0,10,,,3.693771362304688,73.466,
0,10,,,3.693771362304688,73.493,
0,10,,,3.6983489990234375,73.519,
0,10,,,3.6983489990234375,73.546,
0,10,,,3.7170410156250004,73.572,
0,10,,,3.7170410156250004,73.599,
0,10,,,3.6968231201171875,73.625,
0,10,,,3.6968231201171875,73.652,
0,10,,,3.704071044921875,73.679,
0,10,,,3.704071044921875,73.705,
0,10,,,3.6766052246093754,73.732,
0,10,,,3.6766052246093754,73.758,
0,10,,,3.7170410156250004,73.785,
0,10,,,3.7170410156250004,73.811,
0,10,,,3.7055969238281254,73.838,
0,10,,,3.7055969238281254,73.864,
0,10,,,3.711318969726563,73.891,
0,10,,,3.711318969726563,73.917,
0,10,,,3.70025634765625,73.944,
0,10,,,3.704833984375,73.971,
0,10,,,3.704833984375,73.997,
0,10,,,3.711700439453125,74.024,
0,10,,,3.711700439453125,74.05,
0,10,,,3.7158966064453125,74.077,
0,10,,,3.7158966064453125,74.103,
0,10,,,3.712844848632813,74.13,
0,10,,,3.712844848632813,74.157,
0,10,,,3.710174560546875,74.183,
0,10,,,3.710174560546875,74.21,
0,10,,,3.7185668945312504,74.236,
0,10,,,3.7185668945312504,74.263,
0,10,,,3.709030151367188,74.289,
0,10,,,3.709030151367188,74.316,
0,10,,,3.69873046875,74.342,
0,10,,,3.69873046875,74.369,
0,10,,,3.710174560546875,74.395,
0,10,,,3.710174560546875,74.422,
0,10,,,3.6979675292968754,74.449,
0,10,,,3.728103637695313,74.475,
0,10,,,3.728103637695313,74.502,
0,10,,,3.7097930908203125,74.528,
0,10,,,3.7097930908203125,74.555,
0,10,,,3.7021636962890625,74.581,
0,10,,,3.7021636962890625,74.608,
0,10,,,3.716278076171875,74.634,
0,10,,,3.716278076171875,74.661,
0,10,,,3.722763061523438,74.687,
0,10,,,3.722763061523438,74.714,
0,10,,,3.7006378173828125,74.741,
0,10,,,3.7006378173828125,74.767,
0,10,,,3.6979675292968754,74.794,
0,10,,,3.6979675292968754,74.82,
0,10,,,3.69110107421875,74.847,
0,10,,,3.69110107421875,74.873,
0,10,,,3.6914825439453125,74.9,
0,10,,,3.6914825439453125,74.926,
0,10,,,3.696441650390625,74.953,
0,10,,,3.696441650390625,74.979,
0,10,,,3.70635986328125,75.006,
0,10,,,3.7006378173828125,75.033,
0,10,,,3.7006378173828125,75.059,
0,10,,,3.710174560546875,75.086,
0,10,,,3.710174560546875,75.112,
0,10,,,3.701400756835938,75.139,
0,10,,,3.701400756835938,75.165,
0,10,,,3.7097930908203125,75.192,
0,10,,,3.7097930908203125,75.218,
0,10,,,3.7120819091796875,75.245,
0,10,,,3.7120819091796875,75.271,
0,10,,,3.702545166015625,75.298,
0,10,,,3.702545166015625,75.325,
0,10,,,3.7067413330078125,75.351,
0,10,,,3.7067413330078125,75.378,
0,10,,,3.7029266357421875,75.404,
0,10,,,3.7029266357421875,75.431,
0,10,,,3.6815643310546875,75.457,
0,10,,,3.6815643310546875,75.484,
0,10,,,3.715133666992188,75.51,
0,10,,,3.7017822265625004,75.537,
0,10,,,3.7017822265625004,75.564,
0,10,,,3.692626953125,75.59,
0,10,,,3.692626953125,75.617,
0,10,,,3.71551513671875,75.643,
0,10,,,3.71551513671875,75.67,
0,10,,,3.7158966064453125,75.696,
0,10,,,3.7158966064453125,75.723,
0,10,,,3.704833984375,75.749,
0,10,,,3.704833984375,75.776,
0,10,,,3.7223815917968754,75.802,
0,10,,,3.7223815917968754,75.829,
0,10,,,3.686141967773438,75.855,
0,10,,,3.686141967773438,75.882,
0,10,,,3.70635986328125,75.909,
0,10,,,3.70635986328125,75.935,
0,10,,,3.692245483398438,75.962,
0,10,,,3.692245483398438,75.988,
0,10,,,3.6979675292968754,76.015,
0,10,,,3.715133666992188,76.041,
0,10,,,3.715133666992188,76.068,
0,10,,,3.7143707275390625,76.094,
0,10,,,3.7143707275390625,76.121,
0,10,,,3.692245483398438,76.148,
0,10,,,3.692245483398438,76.174,
0,10,,,3.7197113037109375,76.201,
0,10,,,3.7197113037109375,76.227,
0,10,,,3.728103637695313,76.254,
0,10,,,3.728103637695313,76.28,
0,10,,,3.704833984375,76.307,
0,10,,,3.704833984375,76.333,
0,10,,,3.689956665039063,76.36,
0,10,,,3.689956665039063,76.386,
0,10,,,3.6869049072265625,76.413,
0,10,,,3.6869049072265625,76.44,
0,10,,,3.705215454101563,76.466,
0,10,,,3.705215454101563,76.493,
0,10,,,3.708648681640625,76.519,
0,10,,,3.7059783935546875,76.546,
0,10,,,3.7059783935546875,76.572,
0,10,,,3.716278076171875,76.599,
0,10,,,3.716278076171875,76.625,
0,10,,,3.7078857421875,76.652,
0,10,,,3.7078857421875,76.679,
0,10,,,3.699874877929688,76.705,
0,10,,,3.699874877929688,76.732,
0,10,,,3.7017822265625004,76.758,
0,10,,,3.7017822265625004,76.785,
0,10,,,3.69720458984375,76.811,
0,10,,,3.69720458984375,76.838,
0,10,,,3.710174560546875,76.864,
0,10,,,3.710174560546875,76.891,
0,10,,,3.7158966064453125,76.918,
0,10,,,3.7158966064453125,76.944,
0,10,,,3.712844848632813,76.971,
0,10,,,3.712844848632813,76.997,
0,10,,,3.6804199218750004,77.024,
0,10,,,3.6804199218750004,77.05,
0,10,,,3.704071044921875,77.077,
0,10,,,3.7170410156250004,77.103,
0,10,,,3.7170410156250004,77.13,
0,10,,,3.7097930908203125,77.157,
0,10,,,3.7097930908203125,77.183,
0,10,,,3.694915771484375,77.21,
0,10,,,3.694915771484375,77.236,
0,10,,,3.7097930908203125,77.263,
0,10,,,3.7097930908203125,77.289,
0,10,,,3.705215454101563,77.316,
0,10,,,3.705215454101563,77.342,
0,10,,,3.7170410156250004,77.369,
0,10,,,3.7170410156250004,77.395,
0,10,,,3.720474243164063,77.422,
0,10,,,3.720474243164063,77.449,
0,10,,,3.701019287109375,77.475,
0,10,,,3.701019287109375,77.502,
0,10,,,3.7017822265625004,77.529,
0,10,,,3.7017822265625004,77.555,
0,10,,,3.71246337890625,77.582,
0,10,,,3.7071228027343754,77.608,
0,10,,,3.7071228027343754,77.635,
0,10,,,3.7082672119140625,77.662,
0,10,,,3.7082672119140625,77.688,
0,10,,,3.7158966064453125,77.715,
0,10,,,3.7158966064453125,77.741,
0,10,,,3.704071044921875,77.768,
0,10,,,3.704071044921875,77.794,
0,10,,,3.71246337890625,77.821,
0,10,,,3.71246337890625,77.847,
0,10,,,3.6766052246093754,77.874,
0,10,,,3.6766052246093754,77.9,
0,10,,,3.6766052246093754,77.927,
0,10,,,3.6766052246093754,77.954,
0,10,,,3.6979675292968754,77.98,
0,10,,,3.6979675292968754,78.007,
0,10,,,3.7143707275390625,78.033,
0,10,,,3.7143707275390625,78.06,
0,10,,,3.707504272460938,78.086,
0,10,,,3.699874877929688,78.113,
0,10,,,3.699874877929688,78.139,
0,10,,,3.6895751953125,78.166,
0,10,,,3.6895751953125,78.192,
0,10,,,3.7212371826171875,78.219,
0,10,,,3.7212371826171875,78.246,
0,10,,,3.712844848632813,78.272,
0,10,,,3.712844848632813,78.299,
0,10,,,3.71551513671875,78.325,
0,10,,,3.71551513671875,78.352,
0,10,,,3.7029266357421875,78.378,
0,10,,,3.7029266357421875,78.405,
0,10,,,3.710174560546875,78.431,
0,10,,,3.710174560546875,78.458,
0,10,,,3.7246704101562504,78.485,
0,10,,,3.7246704101562504,78.511,
0,10,,,3.704071044921875,78.538,
0,10,,,3.704071044921875,78.564,
0,10,,,3.711700439453125,78.591,
0,10,,,3.6907196044921875,78.617,
0,10,,,3.6907196044921875,78.644,
0,10,,,3.7174224853515625,78.67,
0,10,,,3.7174224853515625,78.697,
0,10,,,3.717803955078125,78.724,
0,10,,,3.717803955078125,78.75,
0,10,,,3.7017822265625004,78.777,
0,10,,,3.7017822265625004,78.803,
0,10,,,3.703689575195313,78.83,
0,10,,,3.703689575195313,78.856,
0,10,,,3.7246704101562504,78.883,
0,10,,,3.7246704101562504,78.91,
0,10,,,3.6983489990234375,78.936,
0,10,,,3.6983489990234375,78.963,
0,10,,,3.702545166015625,78.989,
0,10,,,3.702545166015625,79.016,
0,10,,,3.7067413330078125,79.042,
0,10,,,3.7067413330078125,79.069,
0,10,,,3.705215454101563,79.096,
0,10,,,3.7223815917968754,79.122,
0,10,,,3.7223815917968754,79.149,
0,10,,,3.70635986328125,79.175,
0,10,,,3.70635986328125,79.202,
0,10,,,3.6968231201171875,79.229,
0,10,,,3.6968231201171875,79.255,
0,10,,,3.6979675292968754,79.282,
0,10,,,3.6979675292968754,79.308,
0,10,,,3.7120819091796875,79.335,
0,10,,,3.7120819091796875,79.362,
0,10,,,3.7246704101562504,79.388,
0,10,,,3.7246704101562504,79.415,
0,10,,,3.701019287109375,79.441,
0,10,,,3.701019287109375,79.468,
0,10,,,3.6979675292968754,79.494,
0,10,,,3.6979675292968754,79.521,
0,10,,,3.696060180664063,79.548,
0,10,,,3.696060180664063,79.574,
0,10,,,3.70025634765625,79.601,
0,10,,,3.701019287109375,79.627,
0,10,,,3.701019287109375,79.654,
0,10,,,3.716659545898438,79.681,
0,10,,,3.716659545898438,79.707,
0,10,,,3.693389892578125,79.734,
0,10,,,3.693389892578125,79.76,
0,10,,,3.731536865234375,79.787,
0,10,,,3.731536865234375,79.813,
0,10,,,3.7021636962890625,79.84,
0,10,,,3.7021636962890625,79.867,
0,10,,,3.6952972412109375,79.893,
0,10,,,3.6952972412109375,79.92,
0,10,,,3.692245483398438,79.946,
0,10,,,3.692245483398438,79.973,
0,10,,,3.7067413330078125,79.999,
0,10,,,3.7067413330078125,80.026,
0,10,,,3.7170410156250004,80.053,
0,10,,,3.7170410156250004,80.079,
0,10,,,3.7220001220703125,80.106,
0,10,,,3.7132263183593754,80.133,
0,10,,,3.7132263183593754,80.159,
0,10,,,3.6914825439453125,80.186,
0,10,,,3.6914825439453125,80.212,
0,10,,,3.715133666992188,80.239,
0,10,,,3.715133666992188,80.265,
0,10,,,3.716659545898438,80.292,
0,10,,,3.716659545898438,80.319,
0,10,,,3.69720458984375,80.345,
0,10,,,3.69720458984375,80.372,
0,10,,,3.707504272460938,80.398,
0,10,,,3.707504272460938,80.425,
0,11,,,3.59039306640625,80.558,
0,11,,,3.59039306640625,80.584,
0,11,,,3.7441253662109375,80.611,
0,11,,,3.7399291992187504,80.638,
0,11,,,3.7399291992187504,80.664,
0,11,,,3.7528991699218754,80.691,
0,11,,,3.7528991699218754,80.717,
0,11,,,3.743362426757813,80.744,
0,11,,,3.743362426757813,80.77,
0,11,,,3.7708282470703125,80.797,
0,11,,,3.7708282470703125,80.824,
0,11,,,3.7372589111328125,80.85,
0,11,,,3.7372589111328125,80.877,
0,11,,,3.7414550781250004,80.903,
0,11,,,3.7414550781250004,80.93,
0,11,,,3.746795654296875,80.957,
0,11,,,3.746795654296875,80.983,
0,11,,,3.759765625,81.01,
0,11,,,3.759765625,81.036,
0,11,,,3.7349700927734375,81.063,
0,11,,,3.7349700927734375,81.089,
0,11,,,3.7399291992187504,81.116,
0,11,,,3.7250518798828125,81.143,
0,11,,,3.7250518798828125,81.169,
0,11,,,3.7364959716796875,81.196,
0,11,,,3.7364959716796875,81.222,
0,11,,,3.757476806640625,81.249,
0,11,,,3.757476806640625,81.276,
0,11,,,3.7334442138671875,81.302,
0,11,,,3.7334442138671875,81.329,
0,11,,,3.738021850585938,81.355,
0,11,,,3.738021850585938,81.382,
0,11,,,3.7448883056640625,81.408,
0,11,,,3.7448883056640625,81.435,
0,11,,,3.735733032226563,81.462,
0,11,,,3.735733032226563,81.488,
0,11,,,3.7528991699218754,81.515,
0,11,,,3.7528991699218754,81.541,
0,11,,,3.7376403808593754,81.568,
0,11,,,3.7376403808593754,81.594,
0,11,,,3.760910034179688,81.621,
0,11,,,3.717803955078125,81.648,
0,11,,,3.717803955078125,81.675,
0,11,,,3.741836547851563,81.701,
0,11,,,3.741836547851563,81.728,
0,11,,,3.748321533203125,81.755,
0,11,,,3.748321533203125,81.781,
0,11,,,3.7479400634765625,81.808,
0,11,,,3.7479400634765625,81.834,
0,11,,,3.7525177001953125,81.861,
0,11,,,3.7525177001953125,81.887,
0,11,,,3.72772216796875,81.914,
0,11,,,3.72772216796875,81.941,
0,11,,,3.75823974609375,81.967,
0,11,,,3.75823974609375,81.994,
0,11,,,3.7284851074218754,82.02,
0,11,,,3.7284851074218754,82.047,
0,11,,,3.7448883056640625,82.073,
0,11,,,3.7448883056640625,82.1,
0,11,,,3.7563323974609375,82.126,
0,11,,,3.746795654296875,82.153,
0,11,,,3.746795654296875,82.179,
0,11,,,3.753280639648438,82.206,
0,11,,,3.753280639648438,82.233,
0,11,,,3.7590026855468754,82.259,
0,11,,,3.7590026855468754,82.286,
0,11,,,3.7311553955078125,82.312,
0,11,,,3.7311553955078125,82.339,
0,11,,,3.7479400634765625,82.365,
0,11,,,3.7479400634765625,82.392,
0,11,,,3.7517547607421875,82.418,
0,11,,,3.7517547607421875,82.445,
0,11,,,3.748321533203125,82.471,
0,11,,,3.748321533203125,82.498,
0,11,,,3.7666320800781254,82.525,
0,11,,,3.7666320800781254,82.551,
0,11,,,3.7487030029296875,82.578,
0,11,,,3.7487030029296875,82.604,
0,11,,,3.7590026855468754,82.631,
0,11,,,3.7590026855468754,82.657,
0,11,,,3.7628173828125004,82.684,
0,11,,,3.7448883056640625,82.71,
0,11,,,3.7448883056640625,82.737,
0,11,,,3.739166259765625,82.763,
0,11,,,3.739166259765625,82.79,
0,11,,,3.7551879882812504,82.817,
0,11,,,3.7551879882812504,82.843,
0,11,,,3.750991821289063,82.87,
0,11,,,3.750991821289063,82.896,
0,11,,,3.746795654296875,82.923,
0,11,,,3.746795654296875,82.949,
0,11,,,3.7452697753906254,82.976,
0,11,,,3.7452697753906254,83.002,
0,11,,,3.740692138671875,83.029,
0,11,,,3.740692138671875,83.056,
0,11,,,3.753662109375,83.082,
0,11,,,3.753662109375,83.109,
0,11,,,3.7593841552734375,83.135,
0,11,,,3.7593841552734375,83.162,
0,11,,,3.7528991699218754,83.188,
0,11,,,3.7399291992187504,83.215,
0,11,,,3.7399291992187504,83.241,
0,11,,,3.743362426757813,83.268,
0,11,,,3.743362426757813,83.294,
0,11,,,3.7502288818359375,83.321,
0,11,,,3.7502288818359375,83.347,
0,11,,,3.7479400634765625,83.374,
0,11,,,3.7479400634765625,83.401,
0,11,,,3.7361145019531254,83.427,
0,11,,,3.7361145019531254,83.454,
0,11,,,3.7628173828125004,83.48,
0,11,,,3.7628173828125004,83.507,
0,11,,,3.76129150390625,83.533,
0,11,,,3.76129150390625,83.56,
0,11,,,3.7399291992187504,83.586,
0,11,,,3.7399291992187504,83.613,
0,11,,,3.7445068359375,83.639,
0,11,,,3.7445068359375,83.666,
0,11,,,3.7250518798828125,83.693,
0,11,,,3.758621215820313,83.719,
0,11,,,3.758621215820313,83.746,
0,11,,,3.7490844726562504,83.772,
0,11,,,3.7490844726562504,83.799,
0,11,,,3.7475585937500004,83.825,
0,11,,,3.7475585937500004,83.852,
0,11,,,3.7517547607421875,83.878,
0,11,,,3.7517547607421875,83.905,
0,11,,,3.722763061523438,83.931,
0,11,,,3.722763061523438,83.958,
0,11,,,3.7704467773437504,83.985,
0,11,,,3.7704467773437504,84.011,
0,11,,,3.7551879882812504,84.038,
0,12,,,4.3010711669921875,85.073,
0,12,,,4.33807373046875,85.099,
0,12,,,4.33807373046875,85.126,
0,12,,,4.388427734375,85.152,
0,12,,,4.388427734375,85.179,
0,12,,,4.3956756591796875,85.206,
0,12,,,4.3956756591796875,85.232,
0,12,,,4.405975341796875,85.259,
0,12,,,4.3933868408203125,85.285,
0,12,,,4.3933868408203125,85.312,
0,12,,,4.413604736328125,85.338,
0,12,,,4.413604736328125,85.365,
0,12,,,4.3964385986328125,85.391,
0,12,,,4.3964385986328125,85.418,
0,12,,,4.3880462646484375,85.445,
0,12,,,4.3880462646484375,85.471,
0,12,,,4.415130615234375,85.498,
0,12,,,4.415130615234375,85.524,
0,12,,,4.412841796875,85.551,
0,12,,,4.412841796875,85.577,
0,12,,,4.38232421875,85.604,
0,12,,,4.38232421875,85.63,
0,12,,,4.393768310546875,85.657,
0,12,,,4.393768310546875,85.684,
0,12,,,4.4132232666015625,85.71,
0,12,,,4.4132232666015625,85.737,
0,12,,,4.4246673583984375,85.763,
0,12,,,4.40673828125,85.79,
0,12,,,4.40673828125,85.816,
0,12,,,4.4342041015625,85.843,
0,12,,,4.4342041015625,85.869,
0,12,,,4.4033050537109375,85.896,
0,12,,,4.4033050537109375,85.923,
0,12,,,4.3933868408203125,85.949,
0,12,,,4.3933868408203125,85.976,
0,12,,,4.370117187500001,86.003,
0,12,,,4.370117187500001,86.03,
0,12,,,4.3903350830078125,86.056,
0,12,,,4.3903350830078125,86.083,
0,12,,,4.3735504150390625,86.109,
0,12,,,4.3735504150390625,86.136,
0,12,,,4.388427734375,86.162,
0,12,,,4.388427734375,86.189,
0,12,,,4.402923583984375,86.216,
0,12,,,4.402923583984375,86.242,
0,12,,,4.4269561767578125,86.269,
0,12,,,4.410552978515625,86.295,
0,12,,,4.410552978515625,86.322,
0,12,,,4.376220703125,86.348,
0,12,,,4.376220703125,86.375,
0,12,,,4.4353485107421875,86.401,
0,12,,,4.4353485107421875,86.428,
0,12,,,4.3857574462890625,86.454,
0,12,,,4.3857574462890625,86.481,
0,12,,,4.36553955078125,86.508,
0,12,,,4.36553955078125,86.534,
0,12,,,4.400634765625001,86.561,
0,12,,,4.400634765625001,86.587,
0,12,,,4.4528961181640625,86.614,
0,12,,,4.4528961181640625,86.64,
0,12,,,4.3781280517578125,86.667,
0,12,,,4.3781280517578125,86.693,
0,12,,,4.3636322021484375,86.72,
0,12,,,4.3636322021484375,86.746,
0,12,,,4.4185638427734375,86.773,
0,12,,,4.4353485107421875,86.8,
0,12,,,4.4353485107421875,86.826,
0,12,,,4.3727874755859375,86.853,
0,12,,,4.3727874755859375,86.879,
0,12,,,4.3895721435546875,86.906,
0,12,,,4.3895721435546875,86.932,
0,12,,,4.387283325195313,86.959,
0,12,,,4.387283325195313,86.985,
0,12,,,4.401397705078125,87.012,
0,12,,,4.401397705078125,87.039,
0,12,,,4.3773651123046875,87.065,
0,12,,,4.3773651123046875,87.092,
0,12,,,4.405975341796875,87.118,
0,12,,,4.405975341796875,87.145,
0,12,,,4.404449462890626,87.171,
0,12,,,4.404449462890626,87.198,
0,12,,,4.391098022460938,87.224,
0,12,,,4.391098022460938,87.251,
0,12,,,4.387664794921875,87.277,
0,12,,,4.387664794921875,87.304,
0,12,,,4.364013671875,87.331,
0,12,,,4.4116973876953125,87.357,
0,12,,,4.4116973876953125,87.384,
0,12,,,4.398345947265625,87.41,
0,12,,,4.398345947265625,87.437,
0,12,,,4.4361114501953125,87.463,
0,12,,,4.4361114501953125,87.49,
0,12,,,4.389190673828126,87.516,
0,12,,,4.389190673828126,87.543,
0,12,,,4.431915283203125,87.569,
0,12,,,4.431915283203125,87.596,
0,12,,,4.413604736328125,87.622,
0,12,,,4.413604736328125,87.649,
0,12,,,4.4055938720703125,87.676,
0,12,,,4.4055938720703125,87.702,
0,12,,,4.3521881103515625,87.729,
0,12,,,4.3521881103515625,87.755,
0,12,,,4.413986206054688,87.782,
0,12,,,4.413986206054688,87.808,
0,12,,,4.376983642578125,87.835,
0,12,,,4.3888092041015625,87.861,
0,12,,,4.3888092041015625,87.888,
0,12,,,4.364395141601563,87.914,
0,12,,,4.364395141601563,87.941,
0,12,,,4.3914794921875,87.968,
0,12,,,4.3914794921875,87.994,
0,12,,,4.4040679931640625,88.021,
0,12,,,4.4040679931640625,88.047,
0,12,,,4.3537139892578125,88.074,
0,12,,,4.3537139892578125,88.1,
0,12,,,4.362487792968751,88.127,
0,12,,,4.362487792968751,88.153,
0,12,,,4.404449462890626,88.18,
0,12,,,4.404449462890626,88.206,
0,12,,,4.37164306640625,88.233,
0,12,,,4.37164306640625,88.26,
0,12,,,4.421615600585938,88.286,
0,12,,,4.421615600585938,88.313,
0,12,,,4.4162750244140625,88.339,
0,12,,,4.407501220703125,88.366,
0,12,,,4.407501220703125,88.392,
0,12,,,4.3903350830078125,88.419,
0,12,,,4.3903350830078125,88.445,
0,12,,,4.4189453125,88.472,
0,12,,,4.4189453125,88.499,
0,12,,,4.4055938720703125,88.525,
0,12,,,4.4055938720703125,88.552,
0,12,,,4.4078826904296875,88.578,
0,12,,,4.4078826904296875,88.605,
0,12,,,4.425811767578125,88.631,
0,12,,,4.425811767578125,88.658,
0,12,,,4.398345947265625,88.684,
0,12,,,4.398345947265625,88.711,
0,12,,,4.4338226318359375,88.737,
0,12,,,4.4338226318359375,88.764,
0,12,,,4.40521240234375,88.791,
0,12,,,4.40521240234375,88.817,
0,12,,,4.386138916015625,88.844,
0,12,,,4.3590545654296875,88.87,
0,12,,,4.3590545654296875,88.897,
0,12,,,4.3994903564453125,88.923,
0,12,,,4.3994903564453125,88.95,
0,12,,,4.409027099609375,88.976,
0,12,,,4.409027099609375,89.003,
0,12,,,4.372406005859375,89.03,
0,12,,,4.372406005859375,89.056,
0,12,,,4.4322967529296875,89.083,
0,12,,,4.4322967529296875,89.109,
0,12,,,4.3956756591796875,89.136,
0,12,,,4.3956756591796875,89.162,
0,12,,,4.3819427490234375,89.189,
0,12,,,4.3819427490234375,89.215,
0,12,,,4.383087158203125,89.242,
0,12,,,4.383087158203125,89.269,
0,12,,,4.4193267822265625,89.295,
0,12,,,4.4193267822265625,89.322,
0,12,,,4.383087158203125,89.348,
0,12,,,4.383087158203125,89.375,
0,12,,,4.3926239013671875,89.401,
0,12,,,4.4002532958984375,89.428,
0,12,,,4.4002532958984375,89.454,
0,12,,,4.38385009765625,89.481,
0,12,,,4.38385009765625,89.507,
0,12,,,4.355621337890625,89.534,
0,12,,,4.355621337890625,89.561,
0,12,,,4.38232421875,89.587,
0,12,,,4.38232421875,89.614,
0,12,,,4.4231414794921875,89.64,
0,12,,,4.4231414794921875,89.667,
0,12,,,4.4223785400390625,89.693,
0,12,,,4.4223785400390625,89.72,
0,12,,,4.383087158203125,89.746,
0,12,,,4.383087158203125,89.773,
0,12,,,4.448699951171875,89.799,
0,12,,,4.448699951171875,89.826,
0,12,,,4.421615600585938,89.853,
0,12,,,4.421615600585938,89.879,
0,12,,,4.38995361328125,89.906,
0,12,,,4.407501220703125,89.932,
0,12,,,4.407501220703125,89.959,
0,12,,,4.415130615234375,89.985,
0,12,,,4.415130615234375,90.012,
0,12,,,4.4269561767578125,90.038,
0,12,,,4.4269561767578125,90.065,
0,12,,,4.430389404296875,90.092,
0,12,,,4.430389404296875,90.119,
0,12,,,4.3697357177734375,90.145,
0,12,,,4.3697357177734375,90.172,
0,12,,,4.3994903564453125,90.198,
0,12,,,4.3994903564453125,90.225,
0,12,,,4.3880462646484375,90.251,
0,12,,,4.3880462646484375,90.278,
0,12,,,4.409027099609375,90.305,
0,12,,,4.409027099609375,90.331,
0,12,,,4.4403076171875,90.358,
0,12,,,4.4403076171875,90.384,
0,12,,,4.3743133544921875,90.411,
0,12,,,4.380035400390625,90.437,
0,12,,,4.380035400390625,90.464,
0,12,,,4.3933868408203125,90.49,
0,12,,,4.3933868408203125,90.517,
0,12,,,4.400634765625001,90.543,
0,12,,,4.400634765625001,90.57,
0,12,,,4.38690185546875,90.597,
0,12,,,4.38690185546875,90.623,
0,12,,,4.398345947265625,90.65,
0,12,,,4.398345947265625,90.676,
0,12,,,4.410552978515625,90.703,
0,12,,,4.410552978515625,90.729,
0,12,,,4.4109344482421875,90.756,
0,12,,,4.4109344482421875,90.782,
0,12,,,4.4147491455078125,90.809,
0,12,,,4.4147491455078125,90.836,
0,12,,,4.4040679931640625,90.862,
0,12,,,4.4040679931640625,90.889,
0,12,,,4.3865203857421875,90.915,
0,12,,,4.394912719726563,90.942,
0,12,,,4.394912719726563,90.968,
0,12,,,4.4208526611328125,90.995,
0,12,,,4.4208526611328125,91.021,
0,12,,,4.433441162109375,91.048,
0,12,,,4.433441162109375,91.074,
0,12,,,4.393005371093751,91.101,
0,12,,,4.393005371093751,91.128,
0,12,,,4.3590545654296875,91.154,
0,12,,,4.3590545654296875,91.181,
0,12,,,4.376983642578125,91.207,
0,12,,,4.376983642578125,91.234,
0,12,,,4.4002532958984375,91.26,
0,12,,,4.4002532958984375,91.287,
0,12,,,4.3975830078125,91.313,
0,12,,,4.3975830078125,91.34,
0,12,,,4.392242431640625,91.366,
0,12,,,4.392242431640625,91.393,
0,12,,,4.395294189453125,91.42,
0,12,,,4.395294189453125,91.446,
0,12,,,4.4002532958984375,91.473,
0,12,,,4.418182373046875,91.499,
0,12,,,4.418182373046875,91.526,
0,12,,,4.388427734375,91.552,
0,12,,,4.388427734375,91.579,
0,12,,,4.3964385986328125,91.605,
0,12,,,4.3964385986328125,91.632,
0,12,,,4.429244995117188,91.658,
0,12,,,4.429244995117188,91.685,
0,12,,,4.412841796875,91.712,
0,12,,,4.412841796875,91.738,
0,12,,,4.396820068359376,91.765,
0,12,,,4.396820068359376,91.791,
0,12,,,4.391098022460938,91.818,
0,12,,,4.391098022460938,91.844,
0,12,,,4.3407440185546875,91.871,
0,12,,,4.3407440185546875,91.897,
0,12,,,4.375839233398438,91.924,
0,12,,,4.375839233398438,91.95,
0,12,,,4.3842315673828125,91.977,
0,12,,,4.384613037109375,92.004,
0,12,,,4.384613037109375,92.03,
0,12,,,4.378509521484375,92.057,
0,12,,,4.378509521484375,92.083,
0,12,,,4.377746582031251,92.11,
0,12,,,4.377746582031251,92.137,
0,12,,,4.40216064453125,92.163,
0,12,,,4.40216064453125,92.19,
0,12,,,4.4170379638671875,92.216,
0,12,,,4.4170379638671875,92.243,
0,12,,,4.398345947265625,92.269,
0,12,,,4.398345947265625,92.296,
0,12,,,4.3918609619140625,92.323,
0,12,,,4.3918609619140625,92.349,
0,12,,,4.4040679931640625,92.376,
0,12,,,4.4040679931640625,92.402,
0,12,,,4.4036865234375,92.429,
0,12,,,4.4036865234375,92.456,
0,12,,,4.4513702392578125,92.482,
0,12,,,4.3697357177734375,92.509,
0,12,,,4.3697357177734375,92.535,
0,12,,,4.412841796875,92.562,
0,12,,,4.412841796875,92.588,
0,12,,,4.3903350830078125,92.615,
0,12,,,4.3903350830078125,92.642,
0,12,,,4.408264160156251,92.668,
0,12,,,4.408264160156251,92.695,
0,12,,,4.4467926025390625,92.721,
0,12,,,4.4467926025390625,92.748,
0,12,,,4.395294189453125,92.774,
0,12,,,4.395294189453125,92.801,
0,12,,,4.38385009765625,92.828,
0,12,,,4.38385009765625,92.854,
0,12,,,4.399871826171875,92.881,
0,12,,,4.399871826171875,92.907,
0,12,,,4.430389404296875,92.934,
0,12,,,4.430389404296875,92.961,
0,12,,,4.4086456298828125,92.987,
0,12,,,4.43267822265625,93.014,
0,12,,,4.43267822265625,93.04,
0,12,,,4.4094085693359375,93.067,
0,12,,,4.4094085693359375,93.093,
0,12,,,4.41436767578125,93.12,
0,12,,,4.41436767578125,93.147,
0,12,,,4.4094085693359375,93.173,
0,12,,,4.4094085693359375,93.2,
0,12,,,4.4078826904296875,93.226,
0,12,,,4.4078826904296875,93.253,
0,12,,,4.4322967529296875,93.279,
0,12,,,4.4322967529296875,93.306,
0,12,,,4.3880462646484375,93.332,
0,12,,,4.3880462646484375,93.359,
0,12,,,4.4094085693359375,93.385,
0,12,,,4.4094085693359375,93.412,
0,12,,,4.40521240234375,93.439,
0,12,,,4.40521240234375,93.465,
0,12,,,4.4010162353515625,93.492,
0,12,,,4.4239044189453125,93.518,
0,12,,,4.4239044189453125,93.545,
0,12,,,4.393005371093751,93.571,
0,12,,,4.393005371093751,93.598,
0,12,,,4.415130615234375,93.624,
0,12,,,4.415130615234375,93.651,
0,12,,,4.38079833984375,93.678,
0,12,,,4.38079833984375,93.704,
0,12,,,4.3914794921875,93.731,
0,12,,,4.3914794921875,93.757,
0,12,,,4.415130615234375,93.784,
0,12,,,4.415130615234375,93.81,
0,12,,,4.37469482421875,93.837,
0,12,,,4.37469482421875,93.863,
0,12,,,4.393005371093751,93.89,
0,12,,,4.393005371093751,93.917,
0,12,,,4.4097900390625,93.943,
0,12,,,4.4097900390625,93.97,
0,12,,,4.3537139892578125,93.996,
0,12,,,4.3888092041015625,94.023,
0,12,,,4.3888092041015625,94.049,
0,12,,,4.3994903564453125,94.076,
0,12,,,4.3994903564453125,94.102,
0,12,,,4.3880462646484375,94.129,
0,12,,,4.3880462646484375,94.155,
0,12,,,4.388427734375,94.182,
0,12,,,4.388427734375,94.209,
0,12,,,4.383087158203125,94.236,
0,12,,,4.383087158203125,94.262,
0,12,,,4.389190673828126,94.289,
0,12,,,4.389190673828126,94.315,
0,12,,,4.358673095703126,94.342,
0,12,,,4.358673095703126,94.368,
0,12,,,4.373931884765626,94.395,
0,12,,,4.373931884765626,94.422,
0,12,,,4.425430297851563,94.448,
0,12,,,4.425430297851563,94.475,
0,12,,,4.3743133544921875,94.501,
0,12,,,4.437255859375,94.528,
0,12,,,4.437255859375,94.554,
0,12,,,4.399871826171875,94.581,
0,12,,,4.399871826171875,94.607,
0,12,,,4.399871826171875,94.634,
0,12,,,4.399871826171875,94.661,
0,12,,,4.4239044189453125,94.687,
0,12,,,4.4239044189453125,94.714,
0,12,,,4.4071197509765625,94.74,
0,12,,,4.4071197509765625,94.767,
0,12,,,4.389190673828126,94.793,
0,12,,,4.389190673828126,94.82,
0,12,,,4.4239044189453125,94.846,
0,12,,,4.4239044189453125,94.873,
0,12,,,4.3766021728515625,94.899,
0,12,,,4.3766021728515625,94.926,
0,12,,,4.39605712890625,94.952,
0,12,,,4.39605712890625,94.979,
0,12,,,4.3926239013671875,95.006,
0,12,,,4.3926239013671875,95.032,
0,13,,,4.326248168945313,95.165,
0,13,,,4.3117523193359375,95.191,
0,13,,,4.3117523193359375,95.218,
0,13,,,4.31365966796875,95.245,
0,13,,,4.31365966796875,95.271,
0,13,,,4.28314208984375,95.298,
0,13,,,4.28314208984375,95.324,
0,13,,,4.3170928955078125,95.351,
0,13,,,4.3170928955078125,95.377,
0,13,,,4.334259033203125,95.404,
0,13,,,4.334259033203125,95.43,
0,13,,,4.3018341064453125,95.457,
0,13,,,4.3018341064453125,95.483,
0,13,,,4.303741455078125,95.51,
0,13,,,4.303741455078125,95.537,
0,13,,,4.312896728515626,95.563,
0,13,,,4.3430328369140625,95.59,
0,13,,,4.3430328369140625,95.616,
0,13,,,4.302978515625,95.643,
0,13,,,4.302978515625,95.669,
0,13,,,4.30755615234375,95.696,
0,13,,,4.30755615234375,95.722,
0,13,,,4.322433471679688,95.749,
0,13,,,4.322433471679688,95.775,
0,13,,,4.340362548828125,95.802,
0,13,,,4.340362548828125,95.829,
0,13,,,4.314422607421875,95.855,
0,13,,,4.314422607421875,95.882,
0,13,,,4.32891845703125,95.908,
0,13,,,4.32891845703125,95.935,
0,13,,,4.3285369873046875,95.961,
0,13,,,4.3285369873046875,95.988,
0,13,,,4.323577880859375,96.015,
0,13,,,4.323577880859375,96.041,
0,13,,,4.3468475341796875,96.068,
0,13,,,4.331207275390625,96.094,
0,13,,,4.331207275390625,96.121,
0,13,,,4.2877197265625,96.147,
0,13,,,4.2877197265625,96.174,
0,13,,,4.3178558349609375,96.201,
0,13,,,4.3178558349609375,96.227,
0,13,,,4.293823242187501,96.254,
0,13,,,4.293823242187501,96.28,
0,13,,,4.3254852294921875,96.307,
0,13,,,4.3254852294921875,96.333,
0,13,,,4.296112060546875,96.36,
0,13,,,4.296112060546875,96.386,
0,13,,,4.2926788330078125,96.413,
0,13,,,4.2926788330078125,96.44,
0,13,,,4.3102264404296875,96.466,
0,13,,,4.3102264404296875,96.493,
0,13,,,4.328155517578126,96.519,
0,13,,,4.328155517578126,96.546,
0,13,,,4.300689697265625,96.572,
0,13,,,4.3331146240234375,96.599,
0,13,,,4.3331146240234375,96.625,
0,13,,,4.334259033203125,96.652,
0,13,,,4.334259033203125,96.679,
0,13,,,4.314804077148438,96.705,
0,13,,,4.314804077148438,96.732,
0,13,,,4.30755615234375,96.758,
0,13,,,4.30755615234375,96.785,
0,13,,,4.330062866210938,96.811,
0,13,,,4.330062866210938,96.838,
0,13,,,4.29229736328125,96.864,
0,13,,,4.29229736328125,96.891,
0,13,,,4.29840087890625,96.917,
0,13,,,4.29840087890625,96.944,
0,13,,,4.325103759765625,96.97,
0,13,,,4.325103759765625,96.997,
0,13,,,4.322433471679688,97.024,
0,13,,,4.322433471679688,97.05,
0,13,,,4.3003082275390625,97.077,
0,13,,,4.3003082275390625,97.103,
0,13,,,4.3323516845703125,97.13,
0,13,,,4.329681396484375,97.156,
0,13,,,4.329681396484375,97.183,
0,13,,,4.3216705322265625,97.209,
0,13,,,4.3216705322265625,97.236,
0,13,,,4.337692260742188,97.263,
0,13,,,4.337692260742188,97.289,
0,13,,,4.305267333984376,97.316,
0,13,,,4.305267333984376,97.342,
0,13,,,4.3365478515625,97.369,
0,13,,,4.3365478515625,97.395,
0,13,,,4.3117523193359375,97.422,
0,13,,,4.3117523193359375,97.448,
0,13,,,4.349517822265625,97.475,
0,13,,,4.349517822265625,97.501,
0,13,,,4.28924560546875,97.528,
0,13,,,4.28924560546875,97.555,
0,13,,,4.3003082275390625,97.581,
0,13,,,4.3003082275390625,97.608,
0,13,,,4.33807373046875,97.634,
0,13,,,4.3270111083984375,97.661,
0,13,,,4.3270111083984375,97.687,
0,13,,,4.318618774414063,97.714,
0,13,,,4.318618774414063,97.74,
0,13,,,4.2926788330078125,97.767,
0,13,,,4.2926788330078125,97.793,
0,13,,,4.3010711669921875,97.82,
0,13,,,4.3010711669921875,97.847,
0,13,,,4.3651580810546875,97.873,
0,13,,,4.3651580810546875,97.9,
0,13,,,4.326629638671875,97.926,
0,13,,,4.326629638671875,97.953,
0,13,,,4.3346405029296875,97.979,
0,13,,,4.3346405029296875,98.006,
0,13,,,4.3212890625,98.033,
0,13,,,4.3212890625,98.059,
0,13,,,4.3018341064453125,98.086,
0,13,,,4.3018341064453125,98.112,
0,13,,,4.3239593505859375,98.139,
0,13,,,4.3392181396484375,98.166,
0,13,,,4.3392181396484375,98.192,
0,13,,,4.3201446533203125,98.219,
0,13,,,4.3201446533203125,98.245,
0,13,,,4.309082031250001,98.272,
0,13,,,4.309082031250001,98.298,
0,13,,,4.305267333984376,98.325,
0,13,,,4.305267333984376,98.352,
0,13,,,4.2926788330078125,98.379,
0,13,,,4.2926788330078125,98.405,
0,13,,,4.34112548828125,98.432,
0,13,,,4.34112548828125,98.458,
0,13,,,4.2949676513671875,98.485,
0,13,,,4.2949676513671875,98.511,
0,13,,,4.2812347412109375,98.538,
0,13,,,4.2812347412109375,98.565,
0,13,,,4.3201446533203125,98.591,
0,13,,,4.3201446533203125,98.618,
0,13,,,4.3121337890625,98.644,
0,14,,,4.3231964111328125,98.75,
0,14,,,4.457855224609376,98.777,
0,14,,,4.457855224609376,98.804,
0,14,,,4.6360015869140625,98.83,
0,14,,,4.6360015869140625,98.857,
0,14,,,4.619979858398438,98.883,
0,14,,,4.619979858398438,98.91,
0,14,,,4.6596527099609375,98.936,
0,14,,,4.6596527099609375,98.963,
0,14,,,4.615020751953125,98.989,
0,14,,,4.615020751953125,99.016,
0,14,,,4.6054840087890625,99.042,
0,14,,,4.6054840087890625,99.069,
0,14,,,4.5940399169921875,99.096,
0,14,,,4.5940399169921875,99.122,
0,14,,,4.608917236328125,99.149,
0,14,,,4.618072509765626,99.175,
0,14,,,4.618072509765626,99.202,
0,14,,,4.6184539794921875,99.228,
0,14,,,4.6184539794921875,99.255,
0,14,,,4.6298980712890625,99.281,
0,14,,,4.6298980712890625,99.308,
0,14,,,4.608154296875,99.334,
0,14,,,4.608154296875,99.361,
0,14,,,4.6268463134765625,99.388,
0,14,,,4.6268463134765625,99.414,
0,14,,,4.616165161132813,99.441,
0,14,,,4.616165161132813,99.467,
0,14,,,4.634857177734375,99.494,
0,14,,,4.634857177734375,99.52,
0,14,,,4.6539306640625,99.547,
0,14,,,4.6539306640625,99.573,
0,14,,,4.5928955078125,99.6,
0,14,,,4.5928955078125,99.626,
0,14,,,4.633331298828126,99.653,
0,14,,,4.633331298828126,99.679,
0,14,,,4.61578369140625,99.706,
0,14,,,4.2285919189453125,99.733,
0,14,,,4.2285919189453125,99.759,
0,14,,,4.2629241943359375,99.786,
0,14,,,4.2629241943359375,99.812,
0,14,,,4.1988372802734375,99.839,
0,14,,,4.1988372802734375,99.865,
0,14,,,4.2583465576171875,99.892,
0,14,,,4.2583465576171875,99.918,
0,14,,,4.146957397460938,99.945,
0,14,,,4.146957397460938,99.971,
0,14,,,4.23431396484375,99.998,
0,14,,,4.23431396484375,100.025,
0,14,,,4.24346923828125,100.051,
0,14,,,4.24346923828125,100.078,
0,14,,,4.257965087890625,100.104,
0,14,,,4.257965087890625,100.131,
0,14,,,4.219818115234375,100.157,
0,14,,,4.219818115234375,100.184,
0,14,,,4.2217254638671875,100.21,
0,14,,,4.2217254638671875,100.237,
0,14,,,4.2217254638671875,100.263,
0,14,,,4.3018341064453125,100.29,
0,14,,,4.3018341064453125,100.317,
0,14,,,4.141998291015625,100.343,
0,14,,,4.141998291015625,100.37,
0,14,,,4.242706298828125,100.396,
0,14,,,4.242706298828125,100.423,
0,14,,,4.286956787109375,100.449,
0,14,,,4.286956787109375,100.476,
0,14,,,4.2034149169921875,100.502,
0,14,,,4.2034149169921875,100.529,
0,14,,,4.223251342773438,100.555,
0,14,,,4.223251342773438,100.582,
0,14,,,4.207992553710938,100.608,
0,14,,,4.207992553710938,100.635,
0,14,,,4.22210693359375,100.662,
0,14,,,4.22210693359375,100.688,
0,14,,,4.26025390625,100.715,
0,14,,,4.2407989501953125,100.741,
0,14,,,4.2407989501953125,100.768,
0,14,,,4.195404052734375,100.794,
0,14,,,4.195404052734375,100.821,
0,14,,,4.2240142822265625,100.847,
0,14,,,4.2240142822265625,100.874,
0,14,,,4.261016845703125,100.901,
0,14,,,4.261016845703125,100.927,
0,14,,,4.302215576171875,100.954,
0,14,,,4.302215576171875,100.98,
0,14,,,4.309082031250001,101.007,
0,14,,,4.309082031250001,101.033,
0,14,,,4.248046875000001,101.06,
0,14,,,4.248046875000001,101.086,
0,14,,,4.235076904296875,101.113,
0,14,,,4.235076904296875,101.139,
0,14,,,4.1988372802734375,101.166,
0,14,,,4.1988372802734375,101.193,
0,14,,,4.2636871337890625,101.219,
0,14,,,4.249954223632813,101.246,
0,14,,,4.249954223632813,101.272,
0,14,,,4.189300537109375,101.299,
0,14,,,4.189300537109375,101.325,
0,14,,,4.28314208984375,101.352,
0,14,,,4.28314208984375,101.378,
0,14,,,4.187011718750001,101.405,
0,15,,,4.32891845703125,101.538,
0,15,,,4.44793701171875,101.564,
0,15,,,4.44793701171875,101.591,
0,15,,,4.550933837890625,101.618,
0,15,,,4.550933837890625,101.644,
0,15,,,4.5459747314453125,101.671,
0,15,,,4.5459747314453125,101.697,
0,15,,,4.555511474609375,101.724,
0,15,,,4.555511474609375,101.75,
0,15,,,4.586029052734375,101.777,
0,15,,,4.564666748046876,101.803,
0,15,,,4.564666748046876,101.83,
0,15,,,4.5501708984375,101.857,
0,15,,,4.5501708984375,101.883,
0,15,,,4.5520782470703125,101.91,
0,15,,,4.5520782470703125,101.936,
0,15,,,4.575347900390625,101.963,
0,15,,,4.575347900390625,101.989,
0,15,,,4.57916259765625,102.016,
0,15,,,4.57916259765625,102.042,
0,15,,,4.575347900390625,102.069,
0,15,,,4.575347900390625,102.095,
0,15,,,4.562759399414063,102.122,
0,15,,,4.562759399414063,102.149,
0,15,,,4.5757293701171875,102.175,
0,15,,,4.5757293701171875,102.202,
0,15,,,4.560089111328125,102.228,
0,15,,,4.560089111328125,102.255,
0,15,,,4.5497894287109375,102.281,
0,15,,,4.558944702148438,102.308,
0,15,,,4.558944702148438,102.334,
0,15,,,4.5566558837890625,102.361,
0,15,,,4.5566558837890625,102.387,
0,15,,,4.5886993408203125,102.414,
0,15,,,4.5886993408203125,102.441,
0,15,,,4.5757293701171875,102.467,
0,15,,,4.5757293701171875,102.494,
0,15,,,4.5375823974609375,102.521,
0,15,,,4.5375823974609375,102.547,
0,15,,,4.5680999755859375,102.574,
0,15,,,4.5680999755859375,102.6,
0,15,,,4.597091674804688,102.627,
0,15,,,4.597091674804688,102.654,
0,15,,,4.546356201171875,102.68,
0,15,,,4.546356201171875,102.707,
0,15,,,4.5543670654296875,102.733,
0,15,,,4.5543670654296875,102.76,
0,15,,,4.5879364013671875,102.786,
0,15,,,4.569244384765625,102.813,
0,15,,,4.569244384765625,102.839,
0,15,,,4.589080810546875,102.866,
0,15,,,4.589080810546875,102.892,
0,15,,,4.571533203125,102.919,
0,15,,,4.571533203125,102.946,
0,15,,,4.5673370361328125,102.972,
0,15,,,4.5673370361328125,102.999,
0,15,,,4.5806884765625,103.025,
0,15,,,4.5806884765625,103.052,
0,15,,,4.572296142578126,103.078,
0,15,,,4.572296142578126,103.105,
0,15,,,4.557037353515626,103.131,
0,15,,,4.557037353515626,103.158,
0,15,,,4.593276977539063,103.184,
0,15,,,4.593276977539063,103.211,
0,15,,,4.570770263671875,103.238,
0,15,,,4.570770263671875,103.264,
0,15,,,4.57916259765625,103.291,
0,15,,,4.5452117919921875,103.317,
0,15,,,4.5452117919921875,103.344,
0,15,,,4.5642852783203125,103.37,
0,15,,,4.5642852783203125,103.397,
0,15,,,4.5841217041015625,103.423,
0,15,,,4.5841217041015625,103.45,
0,15,,,4.56695556640625,103.476,
0,15,,,4.56695556640625,103.503,
0,15,,,4.55169677734375,103.53,
0,15,,,4.55169677734375,103.556,
0,15,,,4.5978546142578125,103.583,
0,15,,,4.5978546142578125,103.609,
0,15,,,4.5719146728515625,103.636,
0,16,,,4.3087005615234375,103.769,
0,16,,,4.3788909912109375,103.795,
0,16,,,4.3788909912109375,103.822,
0,16,,,4.486083984375,103.848,
0,16,,,4.498291015625,103.875,
0,16,,,4.498291015625,103.901,
0,16,,,4.456329345703125,103.928,
0,16,,,4.456329345703125,103.954,
0,16,,,4.47845458984375,103.981,
0,16,,,4.47845458984375,104.008,
0,16,,,4.470062255859375,104.034,
0,16,,,4.470062255859375,104.061,
0,16,,,4.46624755859375,104.087,
0,16,,,4.46624755859375,104.114,
0,16,,,4.4918060302734375,104.14,
0,16,,,4.4918060302734375,104.167,
0,16,,,4.4727325439453125,104.194,
0,16,,,4.4727325439453125,104.22,
0,16,,,4.4643402099609375,104.247,
0,16,,,4.4643402099609375,104.273,
0,16,,,4.5009613037109375,104.3,
0,16,,,4.5009613037109375,104.326,
0,16,,,4.4322967529296875,104.353,
0,16,,,4.4475555419921875,104.38,
0,16,,,4.4475555419921875,104.406,
0,16,,,4.4849395751953125,104.433,
0,16,,,4.4849395751953125,104.459,
0,16,,,4.45709228515625,104.486,
0,16,,,4.45709228515625,104.512,
0,16,,,4.47235107421875,104.539,
0,16,,,4.47235107421875,104.565,
0,16,,,4.467010498046875,104.592,
0,16,,,4.467010498046875,104.618,
0,16,,,4.4719696044921875,104.645,
0,16,,,4.4719696044921875,104.672,
0,16,,,4.4681549072265625,104.698,
0,16,,,4.4681549072265625,104.725,
0,16,,,4.46319580078125,104.751,
0,16,,,4.46319580078125,104.778,
0,16,,,4.474639892578125,104.804,
0,16,,,4.474639892578125,104.831,
0,16,,,4.456329345703125,104.857,
0,16,,,4.476165771484375,104.884,
0,16,,,4.476165771484375,104.91,
0,16,,,4.461669921875001,104.937,
0,16,,,4.461669921875001,104.964,
0,16,,,4.4643402099609375,104.99,
0,16,,,4.4643402099609375,105.017,
0,16,,,4.478836059570313,105.043,
0,16,,,4.478836059570313,105.07,
0,16,,,4.454803466796875,105.096,
0,16,,,4.454803466796875,105.123,
0,16,,,4.4918060302734375,105.149,
0,16,,,4.4918060302734375,105.176,
0,16,,,4.4872283935546875,105.202,
0,16,,,4.4872283935546875,105.229,
0,16,,,4.4994354248046875,105.255,
0,16,,,4.4994354248046875,105.282,
0,16,,,4.4666290283203125,105.309,
0,16,,,4.4666290283203125,105.335,
0,16,,,4.470062255859375,105.362,
0,16,,,4.4780731201171875,105.388,
0,16,,,4.4780731201171875,105.415,
0,16,,,4.490280151367188,105.441,
0,16,,,4.490280151367188,105.468,
0,16,,,4.4780731201171875,105.494,
0,16,,,4.4780731201171875,105.521,
0,16,,,4.4567108154296875,105.547,
0,16,,,4.4567108154296875,105.574,
0,16,,,4.46624755859375,105.601,
0,16,,,4.46624755859375,105.627,
0,16,,,4.467391967773438,105.654,
0,16,,,4.467391967773438,105.68,
0,16,,,4.4849395751953125,105.707,
0,16,,,4.4849395751953125,105.733,
0,16,,,4.4475555419921875,105.76,
0,16,,,4.4475555419921875,105.786,
0,16,,,4.490280151367188,105.813,
0,16,,,4.490280151367188,105.839,
0,16,,,4.4773101806640625,105.866,
0,16,,,4.4773101806640625,105.893,
0,16,,,4.484558105468751,105.919,
0,16,,,4.46319580078125,105.946,
0,16,,,4.46319580078125,105.972,
0,16,,,4.478836059570313,105.999,
0,16,,,4.478836059570313,106.025,
0,16,,,4.447174072265625,106.052,
0,16,,,4.447174072265625,106.078,
0,16,,,4.494094848632813,106.105,
0,16,,,4.494094848632813,106.131,
0,16,,,4.4658660888671875,106.158,
0,16,,,4.4658660888671875,106.185,
0,16,,,4.4971466064453125,106.211,
0,16,,,4.4971466064453125,106.238,
0,16,,,4.508209228515625,106.264,
0,16,,,4.508209228515625,106.291,
0,16,,,4.448699951171875,106.317,
0,16,,,4.448699951171875,106.344,
0,16,,,4.471588134765625,106.37,
0,16,,,4.471588134765625,106.397,
0,16,,,4.476928710937501,106.423,
0,16,,,4.457855224609376,106.45,
0,16,,,4.457855224609376,106.477,
0,16,,,4.461669921875001,106.503,
0,16,,,4.461669921875001,106.53,
0,16,,,4.4757843017578125,106.556,
0,16,,,4.4757843017578125,106.583,
0,16,,,4.467391967773438,106.609,
0,16,,,4.467391967773438,106.636,
0,16,,,4.44793701171875,106.663,
0,16,,,4.44793701171875,106.69,
0,16,,,4.4994354248046875,106.716,
0,16,,,4.4994354248046875,106.743,
0,16,,,4.448318481445313,106.769,
0,16,,,4.448318481445313,106.796,
0,16,,,4.456329345703125,106.822,
0,16,,,4.456329345703125,106.849,
0,16,,,4.4742584228515625,106.875,
0,16,,,4.4742584228515625,106.902,
0,16,,,4.454803466796875,106.928,
0,16,,,4.4429779052734375,106.955,
0,16,,,4.4429779052734375,106.982,
0,16,,,4.4689178466796875,107.008,
0,16,,,4.4689178466796875,107.035,
0,16,,,4.454040527343751,107.061,
0,16,,,4.454040527343751,107.088,
0,16,,,4.4742584228515625,107.114,
0,16,,,4.4742584228515625,107.141,
0,16,,,4.467010498046875,107.167,
0,16,,,4.467010498046875,107.194,
0,16,,,4.491424560546875,107.22,
0,16,,,4.491424560546875,107.247,
0,16,,,4.453277587890625,107.274,
0,16,,,4.453277587890625,107.3,
0,16,,,4.4467926025390625,107.327,
0,16,,,4.4467926025390625,107.353,
0,16,,,4.4742584228515625,107.38,
0,16,,,4.4742584228515625,107.406,
0,16,,,4.4467926025390625,107.433,
0,16,,,4.4605255126953125,107.459,
0,16,,,4.4605255126953125,107.486,
0,16,,,4.470062255859375,107.512,
0,16,,,4.470062255859375,107.539,
0,16,,,4.4651031494140625,107.566,
0,16,,,4.4651031494140625,107.592,
0,16,,,4.483795166015625,107.619,
0,16,,,4.483795166015625,107.645,
0,16,,,4.476928710937501,107.672,
0,16,,,4.476928710937501,107.698,
0,16,,,4.496002197265626,107.725,
0,16,,,4.496002197265626,107.751,
0,16,,,4.4891357421875,107.778,
0,16,,,4.4891357421875,107.804,
0,16,,,4.469299316406251,107.831,
0,16,,,4.469299316406251,107.858,
0,16,,,4.513168334960938,107.884,
0,16,,,4.513168334960938,107.911,
0,16,,,4.4857025146484375,107.937,
0,16,,,4.4986724853515625,107.964,
0,16,,,4.4986724853515625,107.99,
0,16,,,4.4956207275390625,108.017,
0,16,,,4.4956207275390625,108.043,
0,16,,,4.4895172119140625,108.07,
0,16,,,4.4895172119140625,108.097,
0,16,,,4.49676513671875,108.123,
0,16,,,4.49676513671875,108.15,
0,16,,,4.4849395751953125,108.176,
0,16,,,4.4849395751953125,108.203,
0,16,,,4.453277587890625,108.229,
0,16,,,4.453277587890625,108.256,
0,16,,,4.4818878173828125,108.282,
0,16,,,4.4818878173828125,108.309,
0,16,,,4.4879913330078125,108.335,
0,16,,,4.4879913330078125,108.362,
0,16,,,4.453277587890625,108.388,
0,16,,,4.453277587890625,108.415,
0,16,,,4.4551849365234375,108.442,
0,16,,,4.4551849365234375,108.468,
0,16,,,4.4689178466796875,108.495,
0,16,,,4.5001983642578125,108.521,
0,16,,,4.5001983642578125,108.548,
0,16,,,4.4528961181640625,108.574,
0,16,,,4.4528961181640625,108.601,
0,16,,,4.4628143310546875,108.627,
0,16,,,4.4628143310546875,108.654,
0,16,,,4.465484619140626,108.68,
0,16,,,4.465484619140626,108.707,
0,16,,,4.4727325439453125,108.734,
0,16,,,4.4727325439453125,108.76,
0,16,,,4.4506072998046875,108.787,
0,16,,,4.4506072998046875,108.813,
0,16,,,4.4620513916015625,108.84,
0,16,,,4.4620513916015625,108.866,
0,16,,,4.473114013671876,108.893,
0,16,,,4.473114013671876,108.919,
0,16,,,4.452133178710938,108.946,
0,16,,,4.452133178710938,108.972,
0,16,,,4.485321044921875,108.999,
0,16,,,4.454040527343751,109.026,
0,16,,,4.454040527343751,109.052,
0,16,,,4.4734954833984375,109.079,
0,16,,,4.4734954833984375,109.105,
0,16,,,4.4689178466796875,109.132,
0,16,,,4.4689178466796875,109.158,
0,16,,,4.490280151367188,109.185,
0,16,,,4.490280151367188,109.211,
0,16,,,4.491424560546875,109.238,
0,16,,,4.491424560546875,109.265,
0,16,,,4.4773101806640625,109.291,
0,16,,,4.4773101806640625,109.318,
0,16,,,4.4780731201171875,109.344,
0,16,,,4.4780731201171875,109.371,
0,16,,,4.4891357421875,109.397,
0,16,,,4.4891357421875,109.424,
0,16,,,4.486846923828125,109.45,
0,16,,,4.486846923828125,109.477,
0,16,,,4.4666290283203125,109.503,
0,16,,,4.478836059570313,109.53,
0,16,,,4.478836059570313,109.557,
0,16,,,4.4452667236328125,109.583,
0,16,,,4.4452667236328125,109.61,
0,16,,,4.4689178466796875,109.636,
0,16,,,4.4689178466796875,109.663,
0,16,,,4.4467926025390625,109.689,
0,16,,,4.4467926025390625,109.716,
0,16,,,4.4384002685546875,109.742,
0,16,,,4.4384002685546875,109.769,
0,16,,,4.4666290283203125,109.795,
0,16,,,4.4666290283203125,109.822,
0,16,,,4.4475555419921875,109.849,
0,16,,,4.4475555419921875,109.875,
0,16,,,4.459762573242188,109.902,
0,16,,,4.459762573242188,109.928,
0,16,,,4.4765472412109375,109.955,
0,16,,,4.4765472412109375,109.981,
0,16,,,4.4643402099609375,110.008,
0,16,,,4.4643402099609375,110.034,
0,16,,,4.49066162109375,110.061,
0,16,,,4.457855224609376,110.088,
0,16,,,4.457855224609376,110.114,
0,16,,,4.4490814208984375,110.141,
0,16,,,4.4490814208984375,110.167,
0,16,,,4.45709228515625,110.194,
0,16,,,4.45709228515625,110.22,
0,16,,,4.47998046875,110.247,
0,16,,,4.47998046875,110.273,
0,16,,,4.4544219970703125,110.3,
0,16,,,4.4544219970703125,110.326,
0,16,,,4.4879913330078125,110.353,
0,16,,,4.4879913330078125,110.38,
0,16,,,4.4971466064453125,110.406,
0,16,,,4.4971466064453125,110.433,
0,16,,,4.489898681640625,110.459,
0,16,,,4.489898681640625,110.486,
0,16,,,4.450225830078126,110.512,
0,16,,,4.450225830078126,110.539,
0,16,,,4.459762573242188,110.565,
0,16,,,4.4643402099609375,110.592,
0,16,,,4.4643402099609375,110.618,
0,16,,,4.513168334960938,110.645,
0,16,,,4.513168334960938,110.672,
0,16,,,4.4795989990234375,110.698,
0,16,,,4.4795989990234375,110.725,
0,16,,,4.4628143310546875,110.752,
0,16,,,4.4628143310546875,110.778,
0,16,,,4.478836059570313,110.805,
0,16,,,4.478836059570313,110.831,
0,16,,,4.4704437255859375,110.858,
0,16,,,4.4704437255859375,110.885,
0,16,,,4.4612884521484375,110.911,
0,16,,,4.4612884521484375,110.938,
0,16,,,4.471588134765625,110.964,
0,16,,,4.471588134765625,110.991,
0,16,,,4.4780731201171875,111.017,
0,16,,,4.4780731201171875,111.044,
0,16,,,4.498291015625,111.07,
0,16,,,4.482269287109375,111.097,
0,16,,,4.482269287109375,111.123,
0,16,,,4.4811248779296875,111.15,
0,16,,,4.4811248779296875,111.177,
0,16,,,4.47540283203125,111.203,
0,16,,,4.47540283203125,111.23,
0,16,,,4.473114013671876,111.256,
0,16,,,4.473114013671876,111.283,
0,16,,,4.4612884521484375,111.309,
0,16,,,4.4612884521484375,111.336,
0,16,,,4.482269287109375,111.362,
0,16,,,4.482269287109375,111.389,
0,16,,,4.4399261474609375,111.416,
0,16,,,4.4399261474609375,111.442,
0,16,,,4.4830322265625,111.469,
0,16,,,4.4830322265625,111.495,
0,16,,,4.431152343750001,111.522,
0,16,,,4.431152343750001,111.548,
0,16,,,4.4872283935546875,111.575,
0,16,,,4.4620513916015625,111.602,
0,16,,,4.4620513916015625,111.628,
0,16,,,4.4708251953125,111.655,
0,16,,,4.4708251953125,111.681,
0,16,,,4.447174072265625,111.708,
0,16,,,4.447174072265625,111.734,
0,16,,,4.476928710937501,111.761,
0,16,,,4.476928710937501,111.787,
0,16,,,4.485321044921875,111.814,
0,16,,,4.485321044921875,111.841,
0,16,,,4.473876953125,111.867,
0,16,,,4.473876953125,111.894,
0,16,,,4.4773101806640625,111.92,
0,16,,,4.4773101806640625,111.947,
0,16,,,4.46014404296875,111.973,
0,16,,,4.46014404296875,112.0,
0,16,,,4.4719696044921875,112.026,
0,16,,,4.4719696044921875,112.053,
0,16,,,4.4773101806640625,112.079,
0,16,,,4.4773101806640625,112.106,
0,16,,,4.4773101806640625,112.132,
0,16,,,4.4536590576171875,112.159,
0,16,,,4.4536590576171875,112.186,
0,16,,,4.4322967529296875,112.212,
0,17,,,4.3804168701171875,112.318,
0,17,,,4.3804168701171875,112.345,
0,17,,,4.50897216796875,112.371,
0,17,,,4.50897216796875,112.398,
0,17,,,4.510498046875,112.425,
0,17,,,4.510498046875,112.451,
0,17,,,4.5490264892578125,112.478,
0,17,,,4.5490264892578125,112.504,
0,17,,,4.543685913085938,112.531,
0,17,,,4.543685913085938,112.557,
0,17,,,4.531097412109375,112.584,
0,17,,,4.531097412109375,112.61,
0,17,,,4.534912109375,112.637,
0,17,,,4.54864501953125,112.663,
0,17,,,4.54864501953125,112.69,
0,17,,,4.53338623046875,112.717,
0,17,,,4.53338623046875,112.743,
0,17,,,4.5318603515625,112.77,
0,17,,,4.5318603515625,112.796,
0,17,,,4.526519775390626,112.823,
0,17,,,4.526519775390626,112.849,
0,17,,,4.509735107421875,112.876,
0,17,,,4.509735107421875,112.902,
0,17,,,4.5383453369140625,112.929,
0,17,,,4.5383453369140625,112.955,
0,17,,,4.535675048828125,112.982,
0,17,,,4.535675048828125,113.009,
0,17,,,4.5291900634765625,113.035,
0,17,,,4.5291900634765625,113.062,
0,17,,,4.53338623046875,113.088,
0,17,,,4.53338623046875,113.115,
0,17,,,4.5490264892578125,113.141,
0,17,,,4.520797729492188,113.168,
0,17,,,4.520797729492188,113.194,
0,17,,,4.508209228515625,113.221,
0,17,,,4.508209228515625,113.248,
0,17,,,4.5185089111328125,113.274,
0,17,,,4.5185089111328125,113.301,
0,17,,,4.5413970947265625,113.327,
0,17,,,4.5413970947265625,113.354,
0,17,,,4.5230865478515625,113.381,
0,17,,,4.5230865478515625,113.407,
0,17,,,4.5452117919921875,113.434,
0,17,,,4.5452117919921875,113.46,
0,17,,,4.520416259765625,113.487,
0,17,,,4.520416259765625,113.513,
0,17,,,4.543304443359375,113.54,
0,17,,,4.543304443359375,113.566,
0,17,,,4.5307159423828125,113.593,
0,17,,,4.5307159423828125,113.619,
0,17,,,4.55474853515625,113.646,
0,17,,,4.503631591796876,113.673,
0,17,,,4.503631591796876,113.699,
0,17,,,4.5299530029296875,113.726,
0,17,,,4.5299530029296875,113.752,
0,17,,,4.5337677001953125,113.779,
0,17,,,4.5337677001953125,113.805,
0,17,,,4.5318603515625,113.832,
0,17,,,4.5318603515625,113.858,
0,17,,,4.543685913085938,113.885,
0,17,,,4.543685913085938,113.911,
0,17,,,4.517364501953125,113.938,
0,17,,,4.517364501953125,113.965,
0,17,,,4.5467376708984375,113.991,
0,17,,,4.5467376708984375,114.018,
0,17,,,4.528045654296875,114.044,
0,17,,,4.528045654296875,114.071,
0,17,,,4.5108795166015625,114.097,
0,17,,,4.5108795166015625,114.124,
0,17,,,4.5185089111328125,114.15,
0,17,,,4.524612426757813,114.177,
0,17,,,4.524612426757813,114.204,
0,17,,,4.539871215820313,114.23,
0,17,,,4.539871215820313,114.257,
0,17,,,4.5269012451171875,114.283,
0,17,,,4.5269012451171875,114.31,
0,17,,,4.5452117919921875,114.336,
0,17,,,4.5452117919921875,114.363,
0,17,,,4.526519775390626,114.389,
0,17,,,4.526519775390626,114.416,
0,17,,,4.5200347900390625,114.443,
0,17,,,4.5200347900390625,114.469,
0,17,,,4.5307159423828125,114.496,
0,18,,,4.5948028564453125,115.505,
0,18,,,4.5948028564453125,115.531,
0,18,,,4.633331298828126,115.558,
0,18,,,4.633331298828126,115.584,
0,18,,,4.659271240234375,115.611,
0,18,,,4.659271240234375,115.638,
0,18,,,4.64935302734375,115.664,
0,18,,,4.64935302734375,115.691,
0,18,,,4.614257812500001,115.717,
0,18,,,4.6527862548828125,115.744,
0,18,,,4.6527862548828125,115.77,
0,18,,,4.6779632568359375,115.797,
0,18,,,4.6779632568359375,115.823,
0,18,,,4.615020751953125,115.85,
0,18,,,4.615020751953125,115.876,
0,18,,,4.615020751953125,115.903,
0,18,,,4.615020751953125,115.93,
0,18,,,4.653167724609375,115.956,
0,18,,,4.653167724609375,115.983,
0,18,,,4.6329498291015625,116.009,
0,18,,,4.6329498291015625,116.036,
0,18,,,4.6764373779296875,116.063,
0,18,,,4.6764373779296875,116.089,
0,18,,,4.654693603515625,116.116,
0,18,,,4.654693603515625,116.142,
0,18,,,4.648590087890626,116.169,
0,18,,,4.648590087890626,116.195,
0,18,,,4.64935302734375,116.222,
0,18,,,4.634857177734375,116.248,
0,18,,,4.634857177734375,116.275,
0,18,,,4.6260833740234375,116.301,
0,18,,,4.6260833740234375,116.328,
0,18,,,4.645538330078125,116.355,
0,18,,,4.645538330078125,116.381,
0,18,,,4.632568359375,116.408,
0,18,,,4.632568359375,116.434,
0,18,,,4.6169281005859375,116.461,
0,18,,,4.6169281005859375,116.487,
0,18,,,4.6260833740234375,116.514,
0,18,,,4.6260833740234375,116.54,
0,18,,,4.631805419921875,116.567,
0,18,,,4.631805419921875,116.594,
0,18,,,4.666900634765625,116.62,
0,18,,,4.666900634765625,116.647,
0,18,,,4.629516601562501,116.673,
0,18,,,4.629516601562501,116.7,
0,18,,,4.62799072265625,116.726,
0,18,,,4.6844482421875,116.753,
0,18,,,4.6844482421875,116.78,
0,18,,,4.6260833740234375,116.806,
0,18,,,4.6260833740234375,116.833,
0,18,,,4.653167724609375,116.859,
0,18,,,4.653167724609375,116.886,
0,18,,,4.63104248046875,116.912,
0,18,,,4.63104248046875,116.939,
0,18,,,4.680633544921875,116.965,
0,18,,,4.680633544921875,116.992,
0,18,,,4.652404785156251,117.018,
0,18,,,4.652404785156251,117.045,
0,18,,,4.6375274658203125,117.072,
0,18,,,4.6375274658203125,117.098,
0,18,,,4.6497344970703125,117.125,
0,18,,,4.6497344970703125,117.151,
0,18,,,4.6192169189453125,117.178,
0,18,,,4.6192169189453125,117.204,
0,18,,,4.6627044677734375,117.231,
0,18,,,4.6627044677734375,117.257,
0,18,,,4.62493896484375,117.284,
0,18,,,4.6489715576171875,117.31,
0,18,,,4.6489715576171875,117.337,
0,18,,,4.625701904296876,117.364,
0,18,,,4.625701904296876,117.39,
0,18,,,4.6260833740234375,117.417,
0,18,,,4.6260833740234375,117.443,
0,18,,,4.677200317382813,117.47,
0,18,,,4.677200317382813,117.496,
0,18,,,4.64019775390625,117.523,
0,18,,,4.64019775390625,117.549,
0,18,,,4.634857177734375,117.576,
0,18,,,4.634857177734375,117.602,
0,18,,,4.63104248046875,117.629,
0,18,,,4.63104248046875,117.656,
0,18,,,4.6154022216796875,117.682,
0,18,,,4.6154022216796875,117.709,
0,18,,,4.667663574218751,117.735,
0,18,,,4.667663574218751,117.762,
0,18,,,4.6596527099609375,117.788,
0,18,,,4.6630859375,117.815,
0,18,,,4.6630859375,117.841,
0,18,,,4.6421051025390625,117.868,
0,18,,,4.6421051025390625,117.895,
0,18,,,4.668426513671875,117.921,
0,18,,,4.668426513671875,117.948,
0,18,,,4.624176025390625,117.974,
0,18,,,4.624176025390625,118.001,
0,18,,,4.63409423828125,118.027,
0,18,,,4.63409423828125,118.054,
0,18,,,4.65087890625,118.08,
0,18,,,4.65087890625,118.107,
0,18,,,4.62646484375,118.134,
0,18,,,4.62646484375,118.16,
0,18,,,4.6398162841796875,118.187,
0,18,,,4.6398162841796875,118.213,
0,18,,,4.657745361328125,118.24,
0,18,,,4.657745361328125,118.266,
0,18,,,4.6291351318359375,118.293,
0,18,,,4.62493896484375,118.319,
0,18,,,4.62493896484375,118.346,
0,18,,,4.6436309814453125,118.373,
0,18,,,4.6436309814453125,118.399,
0,18,,,4.66156005859375,118.426,
0,18,,,4.66156005859375,118.452,
0,18,,,4.6337127685546875,118.479,
0,18,,,4.6337127685546875,118.505,
0,18,,,4.6253204345703125,118.532,
0,18,,,4.6253204345703125,118.558,
0,18,,,4.618072509765626,118.585,
0,18,,,4.618072509765626,118.611,
0,18,,,4.6497344970703125,118.638,
0,18,,,4.6497344970703125,118.664,
0,18,,,4.6306610107421875,118.691,
0,18,,,4.6306610107421875,118.718,
0,18,,,4.6512603759765625,118.744,
0,18,,,4.6512603759765625,118.771,
0,18,,,4.6478271484375,118.797,
0,18,,,4.644012451171875,118.824,
0,18,,,4.644012451171875,118.85,
0,18,,,4.6169281005859375,118.877,
0,18,,,4.6169281005859375,118.903,
0,18,,,4.660034179687501,118.93,
0,18,,,4.660034179687501,118.957,
0,18,,,4.64935302734375,118.983,
0,18,,,4.64935302734375,119.01,
0,18,,,4.6054840087890625,119.036,
0,18,,,4.6054840087890625,119.063,
0,18,,,4.6497344970703125,119.089,
0,18,,,4.6497344970703125,119.116,
0,18,,,4.64324951171875,119.142,
0,18,,,4.64324951171875,119.169,
0,18,,,4.6665191650390625,119.196,
0,18,,,4.6665191650390625,119.223,
0,18,,,4.6329498291015625,119.249,
0,18,,,4.6329498291015625,119.276,
0,18,,,4.663848876953126,119.302,
0,18,,,4.6344757080078125,119.329,
0,18,,,4.6344757080078125,119.356,
0,18,,,4.644012451171875,119.382,
0,18,,,4.644012451171875,119.409,
0,18,,,4.6672821044921875,119.435,
0,18,,,4.6672821044921875,119.462,
0,18,,,4.6329498291015625,119.488,
0,18,,,4.6329498291015625,119.515,
0,18,,,4.6207427978515625,119.541,
0,18,,,4.6207427978515625,119.568,
0,18,,,4.614257812500001,119.595,
0,18,,,4.614257812500001,119.621,
0,18,,,4.656219482421876,119.648,
0,18,,,4.656219482421876,119.674,
0,18,,,4.639053344726563,119.701,
0,18,,,4.639053344726563,119.727,
0,18,,,4.6260833740234375,119.754,
0,18,,,4.6260833740234375,119.78,
0,18,,,4.64019775390625,119.807,
0,18,,,4.64019775390625,119.834,
0,18,,,4.6417236328125,119.86,
0,18,,,4.6436309814453125,119.887,
0,18,,,4.6436309814453125,119.913,
0,18,,,4.6234130859375,119.94,
0,18,,,4.6234130859375,119.966,
0,18,,,4.618072509765626,119.993,
0,18,,,4.618072509765626,120.02,
0,18,,,4.6291351318359375,120.046,
0,18,,,4.6291351318359375,120.073,
0,18,,,4.6558380126953125,120.099,
0,18,,,4.6558380126953125,120.126,
0,18,,,4.63409423828125,120.152,
0,18,,,4.63409423828125,120.179,
0,18,,,4.639434814453125,120.205,
0,18,,,4.639434814453125,120.232,
0,18,,,4.67071533203125,120.258,
0,18,,,4.67071533203125,120.285,
0,18,,,4.656982421875,120.311,
0,18,,,4.656982421875,120.338,
0,18,,,4.621887207031251,120.365,
0,18,,,4.61883544921875,120.391,
0,18,,,4.61883544921875,120.418,
0,18,,,4.648590087890626,120.444,
0,18,,,4.648590087890626,120.471,
0,18,,,4.629516601562501,120.497,
0,18,,,4.629516601562501,120.524,
0,18,,,4.66156005859375,120.55,
0,18,,,4.66156005859375,120.577,
0,18,,,4.661941528320313,120.604,
0,18,,,4.661941528320313,120.63,
0,18,,,4.644775390625001,120.657,
0,18,,,4.644775390625001,120.683,
0,18,,,4.6421051025390625,120.71,
0,18,,,4.6421051025390625,120.736,
0,18,,,4.6566009521484375,120.763,
0,18,,,4.6566009521484375,120.789,
0,18,,,4.6413421630859375,120.816,
0,18,,,4.6413421630859375,120.842,
0,18,,,4.6306610107421875,120.869,
0,18,,,4.621887207031251,120.896,
0,18,,,4.621887207031251,120.922,
0,18,,,4.6478271484375,120.949,
0,18,,,4.6478271484375,120.975,
0,18,,,4.6329498291015625,121.002,
0,18,,,4.6329498291015625,121.028,
0,18,,,4.6245574951171875,121.055,
0,18,,,4.6245574951171875,121.081,
0,18,,,4.6878814697265625,121.108,
0,18,,,4.6878814697265625,121.134,
0,18,,,4.6443939208984375,121.161,
0,18,,,4.6443939208984375,121.188,
0,18,,,4.6367645263671875,121.214,
0,18,,,4.6367645263671875,121.241,
0,18,,,4.621124267578125,121.267,
0,18,,,4.621124267578125,121.294,
0,18,,,4.647064208984375,121.32,
0,18,,,4.647064208984375,121.347,
0,18,,,4.6253204345703125,121.373,
0,18,,,4.6405792236328125,121.4,
0,18,,,4.6405792236328125,121.426,
0,18,,,4.6573638916015625,121.453,
0,18,,,4.6573638916015625,121.479,
0,18,,,4.6138763427734375,121.506,
0,18,,,4.6138763427734375,121.533,
0,18,,,4.6627044677734375,121.559,
0,18,,,4.6627044677734375,121.586,
0,18,,,4.637145996093751,121.612,
0,18,,,4.637145996093751,121.639,
0,18,,,4.6367645263671875,121.665,
0,18,,,4.6367645263671875,121.692,
0,18,,,4.612350463867188,121.718,
0,18,,,4.612350463867188,121.745,
0,18,,,4.6489715576171875,121.771,
0,18,,,4.6489715576171875,121.798,
0,18,,,4.662322998046875,121.825,
0,18,,,4.662322998046875,121.851,
0,18,,,4.6634674072265625,121.878,
0,18,,,4.6634674072265625,121.904,
0,18,,,4.6344757080078125,121.931,
0,18,,,4.6367645263671875,121.957,
0,18,,,4.6367645263671875,121.984,
0,18,,,4.669570922851563,122.011,
0,18,,,4.669570922851563,122.037,
0,18,,,4.64324951171875,122.064,
0,18,,,4.64324951171875,122.09,
0,18,,,4.6558380126953125,122.117,
0,18,,,4.6558380126953125,122.143,
0,18,,,4.598236083984375,122.17,
0,18,,,4.598236083984375,122.196,
0,18,,,4.65850830078125,122.223,
0,18,,,4.65850830078125,122.25,
0,18,,,4.63104248046875,122.276,
0,18,,,4.63104248046875,122.303,
0,18,,,4.6298980712890625,122.329,
0,18,,,4.6298980712890625,122.356,
0,18,,,4.6184539794921875,122.382,
0,18,,,4.6184539794921875,122.409,
0,18,,,4.647064208984375,122.435,
0,18,,,4.680633544921875,122.462,
0,18,,,4.680633544921875,122.488,
0,18,,,4.6527862548828125,122.515,
0,18,,,4.6527862548828125,122.542,
0,18,,,4.620361328125,122.568,
0,18,,,4.620361328125,122.595,
0,18,,,4.6833038330078125,122.621,
0,18,,,4.6833038330078125,122.648,
0,18,,,4.6512603759765625,122.674,
0,18,,,4.6512603759765625,122.701,
0,18,,,4.6489715576171875,122.727,
0,18,,,4.6489715576171875,122.754,
0,18,,,4.60968017578125,122.781,
0,18,,,4.60968017578125,122.807,
0,18,,,4.6421051025390625,122.834,
0,18,,,4.6421051025390625,122.86,
0,18,,,4.6417236328125,122.887,
0,18,,,4.6417236328125,122.913,
0,18,,,4.657745361328125,122.94,
0,18,,,4.6459197998046875,122.966,
0,18,,,4.6459197998046875,122.993,
0,18,,,4.6840667724609375,123.019,
0,18,,,4.6840667724609375,123.046,
0,18,,,4.6375274658203125,123.072,
0,18,,,4.6375274658203125,123.099,
0,18,,,4.650115966796875,123.126,
0,18,,,4.650115966796875,123.152,
0,18,,,4.62493896484375,123.179,
0,18,,,4.62493896484375,123.205,
0,18,,,4.656219482421876,123.232,
0,18,,,4.656219482421876,123.258,
0,18,,,4.6787261962890625,123.285,
0,18,,,4.6787261962890625,123.312,
0,18,,,4.6360015869140625,123.339,
0,18,,,4.6360015869140625,123.365,
0,18,,,4.6398162841796875,123.392,
0,18,,,4.6398162841796875,123.418,
0,18,,,4.6245574951171875,123.445,
0,18,,,4.6405792236328125,123.471,
0,18,,,4.6405792236328125,123.498,
0,18,,,4.6443939208984375,123.524,
0,18,,,4.6443939208984375,123.551,
0,18,,,4.622650146484375,123.577,
0,18,,,4.622650146484375,123.604,
0,18,,,4.6604156494140625,123.631,
0,18,,,4.6604156494140625,123.657,
0,18,,,4.6306610107421875,123.684,
0,18,,,4.6306610107421875,123.71,
0,18,,,4.61578369140625,123.737,
0,18,,,4.61578369140625,123.763,
0,18,,,4.6291351318359375,123.79,
0,18,,,4.6291351318359375,123.816,
0,18,,,4.63104248046875,123.843,
0,18,,,4.63104248046875,123.869,
0,18,,,4.6321868896484375,123.896,
0,18,,,4.6321868896484375,123.923,
0,18,,,4.661941528320313,123.949,
0,18,,,4.673385620117188,123.976,
0,18,,,4.673385620117188,124.002,
0,18,,,4.6588897705078125,124.029,
0,18,,,4.6588897705078125,124.055,
0,18,,,4.6398162841796875,124.082,
0,18,,,4.6398162841796875,124.108,
0,18,,,4.637145996093751,124.135,
0,18,,,4.637145996093751,124.162,
0,18,,,4.640960693359376,124.188,
0,18,,,4.640960693359376,124.215,
0,18,,,4.660797119140625,124.241,
0,18,,,4.660797119140625,124.268,
0,18,,,4.6443939208984375,124.294,
0,18,,,4.6443939208984375,124.321,
0,18,,,4.6417236328125,124.347,
0,18,,,4.6417236328125,124.374,
0,18,,,4.646682739257813,124.4,
0,18,,,4.646682739257813,124.427,
0,18,,,4.660797119140625,124.454,
0,18,,,4.660797119140625,124.48,
0,18,,,4.642868041992188,124.507,
0,18,,,4.645538330078125,124.533,
0,18,,,4.645538330078125,124.56,
0,18,,,4.64324951171875,124.586,
0,18,,,4.64324951171875,124.613,
0,18,,,4.629516601562501,124.639,
0,18,,,4.629516601562501,124.666,
0,18,,,4.637908935546875,124.692,
0,18,,,4.637908935546875,124.719,
0,18,,,4.625701904296876,124.746,
0,18,,,4.625701904296876,124.772,
0,18,,,4.6291351318359375,124.799,
0,18,,,4.6291351318359375,124.825,
0,18,,,4.652404785156251,124.852,
0,18,,,4.652404785156251,124.878,
0,18,,,4.635238647460938,124.905,
0,18,,,4.635238647460938,124.931,
0,18,,,4.665756225585938,124.958,
0,18,,,4.665756225585938,124.984,
0,18,,,4.6512603759765625,125.011,
0,18,,,4.623794555664063,125.038,
0,18,,,4.623794555664063,125.064,
0,18,,,4.629516601562501,125.091,
0,18,,,4.629516601562501,125.117,
0,18,,,4.6539306640625,125.144,
0,18,,,4.6539306640625,125.17,
0,18,,,4.635238647460938,125.197,
0,18,,,4.635238647460938,125.223,
0,18,,,4.66461181640625,125.25,
0,18,,,4.66461181640625,125.276,
0,18,,,4.619598388671875,125.303,
0,18,,,4.619598388671875,125.33,
0,18,,,4.6451568603515625,125.356,
0,18,,,4.6451568603515625,125.383,
0,18,,,4.627227783203125,125.409,
0,18,,,4.627227783203125,125.436,
0,18,,,4.63409423828125,125.462,
0,18,,,4.63409423828125,125.489,
0,19,,,4.5902252197265625,125.622,
0,19,,,4.55169677734375,125.648,
0,19,,,4.55169677734375,125.675,
0,19,,,4.5505523681640625,125.702,
0,19,,,4.5505523681640625,125.728,
0,19,,,4.5680999755859375,125.755,
0,19,,,4.5680999755859375,125.781,
0,19,,,4.5925140380859375,125.808,
0,19,,,4.5925140380859375,125.834,
0,19,,,4.550933837890625,125.861,
0,19,,,4.550933837890625,125.887,
0,19,,,4.558563232421875,125.914,
0,19,,,4.558563232421875,125.941,
0,19,,,4.5383453369140625,125.967,
0,19,,,4.5383453369140625,125.994,
0,19,,,4.579925537109376,126.02,
0,19,,,4.579925537109376,126.047,
0,19,,,4.54864501953125,126.073,
0,19,,,4.560852050781251,126.1,
0,19,,,4.560852050781251,126.126,
0,19,,,4.55169677734375,126.153,
0,19,,,4.55169677734375,126.179,
0,19,,,4.561614990234375,126.206,
0,19,,,4.561614990234375,126.233,
0,19,,,4.574203491210938,126.259,
0,19,,,4.574203491210938,126.286,
0,19,,,4.5803070068359375,126.312,
0,19,,,4.5803070068359375,126.339,
0,19,,,4.547882080078125,126.365,
0,19,,,4.547882080078125,126.392,
0,19,,,4.55780029296875,126.418,
0,19,,,4.55780029296875,126.445,
0,19,,,4.5795440673828125,126.471,
0,19,,,4.5795440673828125,126.498,
0,19,,,4.5482635498046875,126.525,
0,19,,,4.5482635498046875,126.551,
0,19,,,4.547500610351563,126.578,
0,19,,,4.5574188232421875,126.604,
0,19,,,4.5574188232421875,126.631,
0,19,,,4.5623779296875,126.657,
0,19,,,4.5623779296875,126.684,
0,19,,,4.5444488525390625,126.71,
0,19,,,4.5444488525390625,126.737,
0,19,,,4.5806884765625,126.763,
0,19,,,4.5806884765625,126.79,
0,19,,,4.5879364013671875,126.817,
0,19,,,4.5879364013671875,126.843,
0,19,,,4.570388793945313,126.87,
0,19,,,4.570388793945313,126.896,
0,19,,,4.5501708984375,126.923,
0,19,,,4.5501708984375,126.949,
0,19,,,4.5658111572265625,126.976,
0,19,,,4.5658111572265625,127.002,
0,19,,,4.569244384765625,127.029,
0,19,,,4.569244384765625,127.055,
0,19,,,4.5680999755859375,127.082,
0,19,,,4.575347900390625,127.109,
0,19,,,4.575347900390625,127.135,
0,19,,,4.5841217041015625,127.162,
0,19,,,4.5841217041015625,127.188,
0,19,,,4.55474853515625,127.215,
0,19,,,4.55474853515625,127.241,
0,19,,,4.5696258544921875,127.268,
0,19,,,4.5696258544921875,127.294,
0,19,,,4.558944702148438,127.321,
0,19,,,4.558944702148438,127.348,
0,19,,,4.579925537109376,127.374,
0,19,,,4.579925537109376,127.401,
0,19,,,4.576110839843751,127.427,
0,19,,,4.576110839843751,127.454,
0,19,,,4.558563232421875,127.481,
0,19,,,4.558563232421875,127.507,
0,19,,,4.573822021484375,127.534,
0,19,,,4.573822021484375,127.561,
0,19,,,4.585647583007813,127.587,
0,19,,,4.5654296875,127.614,
0,19,,,4.5654296875,127.64,
0,19,,,4.547882080078125,127.667,
0,19,,,4.547882080078125,127.693,
0,19,,,4.5650482177734375,127.72,
0,19,,,4.5650482177734375,127.746,
0,19,,,4.57916259765625,127.773,
0,19,,,4.57916259765625,127.799,
0,19,,,4.566192626953125,127.826,
0,19,,,4.566192626953125,127.853,
0,19,,,4.5597076416015625,127.879,
0,19,,,4.5597076416015625,127.906,
0,19,,,4.56695556640625,127.932,
0,19,,,4.56695556640625,127.959,
0,19,,,4.5505523681640625,127.985,
0,19,,,4.5505523681640625,128.012,
0,19,,,4.55780029296875,128.038,
0,19,,,4.55780029296875,128.065,
0,19,,,4.553222656250001,128.092,
0,19,,,4.5764923095703125,128.118,
0,19,,,4.5764923095703125,128.145,
0,19,,,4.5696258544921875,128.171,
0,19,,,4.5696258544921875,128.198,
0,19,,,4.5497894287109375,128.224,
0,19,,,4.5497894287109375,128.251,
0,19,,,4.5658111572265625,128.277,
0,19,,,4.5658111572265625,128.304,
0,19,,,4.560089111328125,128.33,
0,19,,,4.560089111328125,128.357,
0,19,,,4.58221435546875,128.384,
0,19,,,4.58221435546875,128.41,
0,19,,,4.5925140380859375,128.437,
0,19,,,4.5925140380859375,128.463,
0,19,,,4.57916259765625,128.49,
0,19,,,4.57916259765625,128.516,
0,19,,,4.5879364013671875,128.543,
0,19,,,4.5879364013671875,128.569,
0,19,,,4.538726806640625,128.596,
0,19,,,4.538726806640625,128.622,
0,19,,,4.576110839843751,128.649,
0,19,,,4.5803070068359375,128.676,
0,19,,,4.5803070068359375,128.702,
0,19,,,4.5623779296875,128.729,
0,19,,,4.5623779296875,128.755,
0,19,,,4.5642852783203125,128.782,
0,19,,,4.5642852783203125,128.808,
0,19,,,4.559326171875,128.835,
0,19,,,4.559326171875,128.861,
0,19,,,4.55780029296875,128.888,
0,19,,,4.55780029296875,128.914,
0,19,,,4.5604705810546875,128.941,
0,19,,,4.5604705810546875,128.968,
0,19,,,4.5574188232421875,128.994,
0,19,,,4.5574188232421875,129.021,
0,19,,,4.5597076416015625,129.047,
0,19,,,4.5597076416015625,129.074,
0,20,,,4.590606689453125,129.207,
0,20,,,4.785919189453126,129.233,
0,20,,,4.785919189453126,129.26,
0,20,,,4.881286621093751,129.286,
0,20,,,4.881286621093751,129.313,
0,20,,,4.9083709716796875,129.339,
0,20,,,4.9083709716796875,129.366,
0,20,,,4.876327514648438,129.392,
0,20,,,4.876327514648438,129.419,
0,20,,,4.8854827880859375,129.446,
0,20,,,4.8854827880859375,129.472,
0,20,,,4.888916015625001,129.499,
0,20,,,4.888916015625001,129.525,
0,20,,,4.865264892578125,129.552,
0,20,,,4.865264892578125,129.578,
0,20,,,4.8740386962890625,129.605,
0,20,,,4.8740386962890625,129.631,
0,20,,,4.8633575439453125,129.658,
0,20,,,4.872512817382813,129.684,
0,20,,,4.872512817382813,129.711,
0,20,,,4.8980712890625,129.738,
0,20,,,4.8980712890625,129.764,
0,20,,,4.8732757568359375,129.791,
0,20,,,4.8732757568359375,129.817,
0,20,,,4.88739013671875,129.844,
0,20,,,4.88739013671875,129.87,
0,20,,,4.902267456054688,129.897,
0,20,,,4.902267456054688,129.923,
0,20,,,4.916381835937501,129.95,
0,20,,,4.916381835937501,129.976,
0,20,,,4.891586303710938,130.003,
0,20,,,4.891586303710938,130.03,
0,20,,,4.8854827880859375,130.056,
0,20,,,4.8854827880859375,130.083,
0,20,,,4.8797607421875,130.109,
0,20,,,4.8797607421875,130.136,
0,20,,,4.799652099609375,130.162,
0,20,,,4.4841766357421875,130.189,
0,20,,,4.4841766357421875,130.215,
0,20,,,4.486846923828125,130.242,
0,20,,,4.486846923828125,130.269,
0,20,,,4.4956207275390625,130.295,
0,20,,,4.4956207275390625,130.322,
0,20,,,4.4803619384765625,130.348,
0,20,,,4.4803619384765625,130.375,
0,20,,,4.499816894531251,130.401,
0,20,,,4.499816894531251,130.428,
0,20,,,4.4918060302734375,130.454,
0,20,,,4.4918060302734375,130.481,
0,20,,,4.4830322265625,130.507,
0,20,,,4.4830322265625,130.534,
0,20,,,4.4952392578125,130.561,
0,20,,,4.4952392578125,130.587,
0,20,,,4.486465454101563,130.614,
0,20,,,4.486465454101563,130.64,
0,20,,,4.459762573242188,130.667,
0,20,,,4.459762573242188,130.693,
0,20,,,4.4952392578125,130.72,
0,20,,,4.5070648193359375,130.746,
0,20,,,4.5070648193359375,130.773,
0,20,,,4.4704437255859375,130.8,
0,20,,,4.4704437255859375,130.826,
0,20,,,4.47540283203125,130.853,
0,20,,,4.47540283203125,130.879,
0,20,,,4.5013427734375,130.906,
0,20,,,4.5013427734375,130.932,
0,20,,,4.4956207275390625,130.959,
0,20,,,4.4956207275390625,130.985,
0,20,,,4.4708251953125,131.012,
0,20,,,4.4708251953125,131.039,
0,20,,,4.4780731201171875,131.065,
0,20,,,4.4780731201171875,131.092,
0,20,,,4.494094848632813,131.118,
0,20,,,4.494094848632813,131.145,
0,20,,,4.52117919921875,131.171,
0,20,,,4.52117919921875,131.198,
0,20,,,4.508209228515625,131.224,
0,20,,,4.4963836669921875,131.251,
0,20,,,4.4963836669921875,131.278,
0,20,,,4.4834136962890625,131.304,
0,20,,,4.4834136962890625,131.331,
0,20,,,4.483795166015625,131.357,
0,20,,,4.483795166015625,131.384,
0,20,,,4.494094848632813,131.41,
0,20,,,4.494094848632813,131.437,
0,20,,,4.4834136962890625,131.463,
0,20,,,4.4834136962890625,131.49,
0,20,,,4.486465454101563,131.516,
0,20,,,4.486465454101563,131.543,
0,20,,,4.51202392578125,131.57,
0,20,,,4.51202392578125,131.597,
0,20,,,4.5047760009765625,131.623,
0,20,,,4.5047760009765625,131.65,
0,20,,,4.488372802734376,131.676,
0,20,,,4.488372802734376,131.703,
0,20,,,4.512786865234375,131.729,
0,20,,,4.4780731201171875,131.756,
0,20,,,4.4780731201171875,131.783,
0,20,,,4.5230865478515625,131.809,
0,20,,,4.5230865478515625,131.836,
0,20,,,4.5024871826171875,131.862,
0,21,,,4.6039581298828125,131.995,
0,21,,,4.715347290039063,132.022,
0,21,,,4.715347290039063,132.048,
0,21,,,4.8091888427734375,132.075,
0,21,,,4.8091888427734375,132.101,
0,21,,,4.82635498046875,132.128,
0,21,,,4.82635498046875,132.155,
0,21,,,4.8492431640625,132.181,
0,21,,,4.8492431640625,132.208,
0,21,,,4.848480224609375,132.234,
0,21,,,4.822540283203125,132.261,
0,21,,,4.822540283203125,132.287,
0,21,,,4.848861694335938,132.314,
0,21,,,4.848861694335938,132.341,
0,21,,,4.8465728759765625,132.367,
0,21,,,4.8465728759765625,132.394,
0,21,,,4.834747314453125,132.42,
0,21,,,4.834747314453125,132.447,
0,21,,,4.82940673828125,132.473,
0,21,,,4.82940673828125,132.5,
0,21,,,4.82635498046875,132.527,
0,21,,,4.82635498046875,132.553,
0,21,,,4.832458496093751,132.58,
0,21,,,4.832458496093751,132.606,
0,21,,,4.8274993896484375,132.633,
0,21,,,4.8274993896484375,132.659,
0,21,,,4.816436767578126,132.686,
0,21,,,4.816436767578126,132.712,
0,21,,,4.804229736328125,132.739,
0,21,,,4.807662963867188,132.766,
0,21,,,4.807662963867188,132.792,
0,21,,,4.8309326171875,132.819,
0,21,,,4.8309326171875,132.845,
0,21,,,4.8358917236328125,132.872,
0,21,,,4.8358917236328125,132.898,
0,21,,,4.848861694335938,132.925,
0,21,,,4.848861694335938,132.951,
0,21,,,4.8614501953125,132.978,
0,21,,,4.8614501953125,133.005,
0,21,,,4.83856201171875,133.031,
0,21,,,4.83856201171875,133.058,
0,21,,,4.811477661132813,133.084,
0,21,,,4.811477661132813,133.111,
0,21,,,4.8358917236328125,133.137,
0,21,,,4.8358917236328125,133.164,
0,21,,,4.8358917236328125,133.19,
0,21,,,4.8358917236328125,133.217,
0,21,,,4.815292358398438,133.243,
0,21,,,4.856109619140625,133.27,
0,21,,,4.856109619140625,133.297,
0,21,,,4.8351287841796875,133.323,
0,21,,,4.8351287841796875,133.35,
0,21,,,4.8244476318359375,133.376,
0,21,,,4.8244476318359375,133.403,
0,21,,,4.833602905273438,133.429,
0,21,,,4.833602905273438,133.456,
0,21,,,4.8168182373046875,133.482,
0,21,,,4.8168182373046875,133.509,
0,21,,,4.821014404296876,133.535,
0,21,,,4.821014404296876,133.562,
0,21,,,4.818344116210938,133.589,
0,21,,,4.818344116210938,133.615,
0,21,,,4.7969818115234375,133.642,
0,21,,,4.7969818115234375,133.668,
0,21,,,4.815673828125,133.695,
0,21,,,4.815673828125,133.721,
0,21,,,4.821014404296876,133.748,
0,21,,,4.821014404296876,133.774,
0,21,,,4.835510253906251,133.801,
0,21,,,4.8370361328125,133.827,
0,21,,,4.8370361328125,133.854,
0,21,,,4.8236846923828125,133.881,
0,21,,,4.8236846923828125,133.907,
0,21,,,4.832458496093751,133.934,
0,21,,,4.832458496093751,133.96,
0,21,,,4.827880859375001,133.987,
0,21,,,4.827880859375001,134.013,
0,21,,,4.832458496093751,134.04,
0,21,,,4.832458496093751,134.067,
0,21,,,4.82330322265625,134.093,
0,22,,,4.561614990234375,134.226,
0,22,,,4.66156005859375,134.253,
0,22,,,4.66156005859375,134.279,
0,22,,,4.714202880859376,134.306,
0,22,,,4.7222137451171875,134.332,
0,22,,,4.7222137451171875,134.359,
0,22,,,4.729461669921876,134.385,
0,22,,,4.729461669921876,134.412,
0,22,,,4.742431640625,134.439,
0,22,,,4.742431640625,134.465,
0,22,,,4.730987548828125,134.492,
0,22,,,4.730987548828125,134.518,
0,22,,,4.7359466552734375,134.545,
0,22,,,4.7359466552734375,134.571,
0,22,,,4.697036743164063,134.598,
0,22,,,4.697036743164063,134.624,
0,22,,,4.6825408935546875,134.651,
0,22,,,4.6825408935546875,134.678,
0,22,,,4.717254638671876,134.704,
0,22,,,4.717254638671876,134.731,
0,22,,,4.717254638671876,134.757,
0,22,,,4.717254638671876,134.784,
0,22,,,4.730987548828125,134.81,
0,22,,,4.74700927734375,134.837,
0,22,,,4.74700927734375,134.863,
0,22,,,4.715347290039063,134.89,
0,22,,,4.715347290039063,134.917,
0,22,,,4.69970703125,134.943,
0,22,,,4.69970703125,134.97,
0,22,,,4.7176361083984375,134.996,
0,22,,,4.7176361083984375,135.023,
0,22,,,4.7214508056640625,135.049,
0,22,,,4.7214508056640625,135.076,
0,22,,,4.7626495361328125,135.102,
0,22,,,4.7626495361328125,135.129,
0,22,,,4.711532592773438,135.156,
0,22,,,4.711532592773438,135.182,
0,22,,,4.732513427734376,135.209,
0,22,,,4.732513427734376,135.235,
0,22,,,4.7374725341796875,135.262,
0,22,,,4.7374725341796875,135.288,
0,22,,,4.742431640625,135.315,
0,22,,,4.757308959960938,135.341,
0,22,,,4.757308959960938,135.368,
0,22,,,4.752349853515626,135.395,
0,22,,,4.752349853515626,135.421,
0,22,,,4.727935791015625,135.448,
0,22,,,4.727935791015625,135.474,
0,22,,,4.742050170898438,135.501,
0,22,,,4.742050170898438,135.527,
0,22,,,4.708480834960938,135.554,
0,22,,,4.708480834960938,135.58,
0,22,,,4.742813110351563,135.607,
0,22,,,4.742813110351563,135.634,
0,22,,,4.731369018554688,135.66,
0,22,,,4.731369018554688,135.687,
0,22,,,4.718780517578125,135.713,
0,22,,,4.718780517578125,135.74,
0,22,,,4.693603515625,135.767,
0,22,,,4.693603515625,135.794,
0,22,,,4.7214508056640625,135.82,
0,22,,,4.720306396484375,135.847,
0,22,,,4.720306396484375,135.873,
0,22,,,4.73785400390625,135.9,
0,22,,,4.73785400390625,135.926,
0,22,,,4.711151123046875,135.953,
0,22,,,4.711151123046875,135.979,
0,22,,,4.741668701171875,136.006,
0,22,,,4.741668701171875,136.033,
0,22,,,4.738616943359375,136.059,
0,22,,,4.738616943359375,136.086,
0,22,,,4.693603515625,136.112,
0,22,,,4.693603515625,136.139,
0,22,,,4.6539306640625,136.165,
0,22,,,4.6539306640625,136.192,
0,22,,,4.7374725341796875,136.218,
0,22,,,4.7374725341796875,136.245,
0,22,,,4.726791381835938,136.271,
0,22,,,4.726791381835938,136.298,
0,22,,,4.713439941406251,136.325,
0,22,,,4.740142822265626,136.351,
0,22,,,4.740142822265626,136.378,
0,22,,,4.734420776367188,136.404,
0,22,,,4.734420776367188,136.431,
0,22,,,4.719161987304688,136.457,
0,22,,,4.719161987304688,136.484,
0,22,,,4.7176361083984375,136.51,
0,22,,,4.7176361083984375,136.537,
0,22,,,4.717254638671876,136.563,
0,22,,,4.717254638671876,136.59,
0,22,,,4.728698730468751,136.617,
0,22,,,4.728698730468751,136.643,
0,22,,,4.7206878662109375,136.67,
0,22,,,4.7206878662109375,136.696,
0,22,,,4.7298431396484375,136.723,
0,22,,,4.7298431396484375,136.749,
0,22,,,4.7412872314453125,136.776,
0,22,,,4.7412872314453125,136.802,
0,22,,,4.692840576171875,136.829,
0,22,,,4.692840576171875,136.855,
0,22,,,4.7100067138671875,136.882,
0,22,,,4.7519683837890625,136.909,
0,22,,,4.7519683837890625,136.935,
0,22,,,4.700088500976563,136.962,
0,22,,,4.700088500976563,136.988,
0,22,,,4.725646972656251,137.015,
0,22,,,4.725646972656251,137.041,
0,22,,,4.7271728515625,137.068,
0,22,,,4.7271728515625,137.094,
0,22,,,4.74700927734375,137.121,
0,22,,,4.74700927734375,137.148,
0,22,,,4.735183715820313,137.174,
0,22,,,4.735183715820313,137.201,
0,22,,,4.7054290771484375,137.227,
0,22,,,4.7054290771484375,137.254,
0,22,,,4.711532592773438,137.28,
0,22,,,4.711532592773438,137.307,
0,22,,,4.7321319580078125,137.333,
0,22,,,4.7321319580078125,137.36,
0,22,,,4.7130584716796875,137.386,
0,22,,,4.734039306640625,137.413,
0,22,,,4.734039306640625,137.439,
0,22,,,4.73175048828125,137.466,
0,22,,,4.73175048828125,137.493,
0,22,,,4.705810546875001,137.519,
0,22,,,4.705810546875001,137.546,
0,22,,,4.674530029296875,137.572,
0,22,,,4.674530029296875,137.599,
0,22,,,4.7138214111328125,137.625,
0,22,,,4.7138214111328125,137.652,
0,22,,,4.708480834960938,137.678,
0,22,,,4.708480834960938,137.705,
0,22,,,4.67681884765625,137.731,
0,22,,,4.67681884765625,137.758,
0,22,,,4.728698730468751,137.785,
0,22,,,4.728698730468751,137.811,
0,22,,,4.7168731689453125,137.838,
0,22,,,4.7168731689453125,137.864,
0,22,,,4.7023773193359375,137.891,
0,22,,,4.710388183593751,137.917,
0,22,,,4.710388183593751,137.944,
0,22,,,4.734039306640625,137.97,
0,22,,,4.734039306640625,137.997,
0,22,,,4.712295532226563,138.023,
0,22,,,4.712295532226563,138.05,
0,22,,,4.722976684570313,138.077,
0,22,,,4.722976684570313,138.103,
0,22,,,4.730224609375,138.13,
0,22,,,4.730224609375,138.156,
0,22,,,4.722976684570313,138.183,
0,22,,,4.722976684570313,138.209,
0,22,,,4.743957519531251,138.236,
0,22,,,4.743957519531251,138.262,
0,22,,,4.7092437744140625,138.289,
0,22,,,4.7092437744140625,138.316,
0,22,,,4.7119140625,138.342,
0,22,,,4.7119140625,138.369,
0,22,,,4.714202880859376,138.395,
0,22,,,4.714202880859376,138.422,
0,22,,,4.7328948974609375,138.448,
0,22,,,4.711532592773438,138.475,
0,22,,,4.711532592773438,138.502,
0,22,,,4.702758789062501,138.528,
0,22,,,4.702758789062501,138.555,
0,22,,,4.7397613525390625,138.581,
0,22,,,4.7397613525390625,138.608,
0,22,,,4.72259521484375,138.634,
0,22,,,4.72259521484375,138.661,
0,22,,,4.71649169921875,138.688,
0,22,,,4.71649169921875,138.714,
0,22,,,4.708480834960938,138.741,
0,22,,,4.708480834960938,138.767,
0,22,,,4.7321319580078125,138.794,
0,22,,,4.7321319580078125,138.821,
0,22,,,4.7336578369140625,138.847,
0,22,,,4.7336578369140625,138.874,
0,22,,,4.721832275390626,138.9,
0,22,,,4.721832275390626,138.927,
0,22,,,4.709625244140626,138.953,
0,22,,,4.712295532226563,138.98,
0,22,,,4.712295532226563,139.007,
0,22,,,4.735183715820313,139.033,
0,22,,,4.735183715820313,139.06,
0,22,,,4.702758789062501,139.086,
0,22,,,4.702758789062501,139.113,
0,22,,,4.730606079101563,139.139,
0,22,,,4.730606079101563,139.166,
0,22,,,4.705810546875001,139.193,
0,22,,,4.705810546875001,139.219,
0,22,,,4.707717895507813,139.246,
0,22,,,4.707717895507813,139.272,
0,22,,,4.718780517578125,139.299,
0,22,,,4.718780517578125,139.325,
0,22,,,4.70428466796875,139.352,
0,22,,,4.70428466796875,139.379,
0,22,,,4.7481536865234375,139.405,
0,22,,,4.7481536865234375,139.432,
0,22,,,4.7088623046875,139.458,
0,22,,,4.7298431396484375,139.485,
0,22,,,4.7298431396484375,139.511,
0,22,,,4.71649169921875,139.538,
0,22,,,4.71649169921875,139.564,
0,22,,,4.7031402587890625,139.591,
0,22,,,4.7031402587890625,139.618,
0,22,,,4.7359466552734375,139.644,
0,22,,,4.7359466552734375,139.671,
0,22,,,4.716110229492188,139.697,
0,22,,,4.716110229492188,139.724,
0,22,,,4.723358154296875,139.75,
0,22,,,4.723358154296875,139.777,
0,22,,,4.726791381835938,139.803,
0,22,,,4.726791381835938,139.83,
0,22,,,4.7145843505859375,139.857,
0,22,,,4.7145843505859375,139.884,
0,22,,,4.765701293945313,139.91,
0,22,,,4.765701293945313,139.937,
0,22,,,4.764938354492188,139.963,
0,22,,,4.7283172607421875,139.99,
0,22,,,4.7283172607421875,140.017,
0,22,,,4.7206878662109375,140.043,
0,22,,,4.7206878662109375,140.07,
0,22,,,4.701995849609376,140.096,
0,22,,,4.701995849609376,140.123,
0,22,,,4.738616943359375,140.15,
0,22,,,4.738616943359375,140.176,
0,22,,,4.738998413085938,140.203,
0,22,,,4.738998413085938,140.229,
0,22,,,4.7138214111328125,140.256,
0,22,,,4.7138214111328125,140.282,
0,22,,,4.767608642578126,140.309,
0,22,,,4.767608642578126,140.335,
0,22,,,4.712677001953125,140.362,
0,22,,,4.712677001953125,140.389,
0,22,,,4.729461669921876,140.415,
0,22,,,4.729461669921876,140.442,
0,22,,,4.70428466796875,140.468,
0,22,,,4.684829711914063,140.495,
0,22,,,4.684829711914063,140.521,
0,22,,,4.715347290039063,140.548,
0,22,,,4.715347290039063,140.574,
0,22,,,4.73175048828125,140.601,
0,22,,,4.73175048828125,140.627,
0,22,,,4.73785400390625,140.654,
0,22,,,4.73785400390625,140.681,
0,22,,,4.7412872314453125,140.707,
0,22,,,4.7412872314453125,140.734,
0,22,,,4.747772216796876,140.76,
0,22,,,4.747772216796876,140.787,
0,22,,,4.7454833984375,140.813,
0,22,,,4.7454833984375,140.84,
0,22,,,4.705810546875001,140.866,
0,22,,,4.705810546875001,140.893,
0,22,,,4.7321319580078125,140.919,
0,22,,,4.7321319580078125,140.946,
0,22,,,4.74700927734375,140.973,
0,22,,,4.7405242919921875,140.999,
0,22,,,4.7405242919921875,141.026,
0,22,,,4.7252655029296875,141.052,
0,22,,,4.7252655029296875,141.079,
0,22,,,4.711151123046875,141.105,
0,22,,,4.711151123046875,141.132,
0,22,,,4.73785400390625,141.158,
0,22,,,4.73785400390625,141.185,
0,22,,,4.7443389892578125,141.211,
0,22,,,4.7443389892578125,141.238,
0,22,,,4.6649932861328125,141.265,
0,22,,,4.6649932861328125,141.291,
0,22,,,4.749298095703125,141.318,
0,22,,,4.749298095703125,141.344,
0,22,,,4.720306396484375,141.371,
0,22,,,4.720306396484375,141.397,
0,22,,,4.741668701171875,141.424,
0,22,,,4.741668701171875,141.45,
0,22,,,4.721832275390626,141.477,
0,22,,,4.7489166259765625,141.503,
0,22,,,4.7489166259765625,141.53,
0,22,,,4.719161987304688,141.557,
0,22,,,4.719161987304688,141.583,
0,22,,,4.7397613525390625,141.61,
0,22,,,4.7397613525390625,141.636,
0,22,,,4.7088623046875,141.663,
0,22,,,4.7088623046875,141.689,
0,22,,,4.730224609375,141.716,
0,22,,,4.730224609375,141.742,
0,22,,,4.732513427734376,141.769,
0,22,,,4.732513427734376,141.795,
0,22,,,4.70123291015625,141.822,
0,22,,,4.70123291015625,141.848,
0,22,,,4.695892333984375,141.875,
0,22,,,4.695892333984375,141.902,
0,22,,,4.719161987304688,141.928,
0,22,,,4.719161987304688,141.955,
0,22,,,4.719924926757813,141.981,
0,22,,,4.719924926757813,142.008,
0,22,,,4.72259521484375,142.034,
0,22,,,4.7100067138671875,142.061,
0,22,,,4.7100067138671875,142.087,
0,22,,,4.7367095947265625,142.114,
0,22,,,4.7367095947265625,142.14,
0,22,,,4.7454833984375,142.167,
0,22,,,4.7454833984375,142.194,
0,22,,,4.6802520751953125,142.22,
0,22,,,4.6802520751953125,142.247,
0,22,,,4.725646972656251,142.273,
0,22,,,4.725646972656251,142.3,
0,22,,,4.71954345703125,142.326,
0,22,,,4.71954345703125,142.353,
0,22,,,4.7206878662109375,142.379,
0,22,,,4.7206878662109375,142.406,
0,22,,,4.716110229492188,142.433,
0,22,,,4.716110229492188,142.459,
0,22,,,4.692840576171875,142.486,
0,22,,,4.692840576171875,142.512,
0,22,,,4.731369018554688,142.539,
0,22,,,4.746246337890625,142.565,
0,22,,,4.746246337890625,142.592,
0,22,,,4.7214508056640625,142.618,
0,22,,,4.7214508056640625,142.645,
0,23,,,4.6039581298828125,142.778,
0,23,,,4.6039581298828125,142.804,
0,23,,,4.778289794921876,142.831,
0,23,,,4.778289794921876,142.857,
0,23,,,4.786682128906251,142.884,
0,23,,,4.786682128906251,142.91,
0,23,,,4.787826538085938,142.937,
0,23,,,4.787826538085938,142.964,
0,23,,,4.787445068359375,142.99,
0,23,,,4.787445068359375,143.017,
0,23,,,4.7901153564453125,143.043,
0,23,,,4.795455932617188,143.07,
0,23,,,4.795455932617188,143.096,
0,23,,,4.81109619140625,143.123,
0,23,,,4.81109619140625,143.149,
0,23,,,4.7710418701171875,143.176,
0,23,,,4.7710418701171875,143.202,
0,23,,,4.7672271728515625,143.229,
0,23,,,4.7672271728515625,143.256,
0,23,,,4.7748565673828125,143.282,
0,23,,,4.7748565673828125,143.309,
0,23,,,4.7863006591796875,143.335,
0,23,,,4.7863006591796875,143.362,
0,23,,,4.775238037109376,143.388,
0,23,,,4.775238037109376,143.415,
0,23,,,4.7760009765625,143.441,
0,23,,,4.7760009765625,143.468,
0,23,,,4.7672271728515625,143.494,
0,23,,,4.7672271728515625,143.521,
0,23,,,4.767608642578126,143.548,
0,23,,,4.767608642578126,143.574,
0,23,,,4.78515625,143.601,
0,23,,,4.7672271728515625,143.627,
0,23,,,4.7672271728515625,143.654,
0,23,,,4.801177978515626,143.68,
0,23,,,4.801177978515626,143.707,
0,23,,,4.796600341796875,143.733,
0,23,,,4.796600341796875,143.76,
0,23,,,4.8015594482421875,143.786,
0,23,,,4.8015594482421875,143.813,
0,23,,,4.780960083007813,143.84,
0,23,,,4.780960083007813,143.866,
0,23,,,4.7557830810546875,143.893,
0,23,,,4.7557830810546875,143.919,
0,23,,,4.7855377197265625,143.946,
0,23,,,4.7855377197265625,143.972,
0,23,,,4.7473907470703125,143.999,
0,23,,,4.7473907470703125,144.026,
0,23,,,4.7817230224609375,144.053,
0,23,,,4.7817230224609375,144.079,
0,23,,,4.761505126953125,144.106,
0,23,,,4.791641235351563,144.132,
0,23,,,4.791641235351563,144.159,
0,23,,,4.791259765625,144.185,
0,23,,,4.791259765625,144.212,
0,23,,,4.795074462890625,144.238,
0,23,,,4.795074462890625,144.265,
0,23,,,4.756927490234375,144.291,
0,23,,,4.756927490234375,144.318,
0,23,,,4.790496826171876,144.345,
0,23,,,4.790496826171876,144.371,
0,23,,,4.789733886718751,144.398,
0,23,,,4.789733886718751,144.424,
0,23,,,4.7527313232421875,144.451,
0,23,,,4.7527313232421875,144.477,
0,23,,,4.764938354492188,144.504,
0,23,,,4.764938354492188,144.53,
0,23,,,4.78057861328125,144.557,
0,23,,,4.78057861328125,144.584,
0,23,,,4.781341552734375,144.61,
0,23,,,4.807281494140625,144.637,
0,23,,,4.807281494140625,144.663,
0,23,,,4.792022705078125,144.69,
0,23,,,4.792022705078125,144.716,
0,23,,,4.7718048095703125,144.743,
0,23,,,4.7718048095703125,144.769,
0,23,,,4.776382446289063,144.796,
0,23,,,4.776382446289063,144.823,
0,23,,,4.78515625,144.849,
0,23,,,4.78515625,144.876,
0,23,,,4.784393310546875,144.902,
0,23,,,4.784393310546875,144.929,
0,24,,,5.568695068359376,145.964,
0,24,,,5.568695068359376,145.99,
0,24,,,5.5721282958984375,146.017,
0,24,,,5.5721282958984375,146.044,
0,24,,,5.61676025390625,146.07,
0,24,,,5.61676025390625,146.097,
0,24,,,5.665206909179688,146.123,
0,24,,,5.665206909179688,146.15,
0,24,,,5.612564086914063,146.176,
0,24,,,5.57098388671875,146.203,
0,24,,,5.57098388671875,146.229,
0,24,,,5.626678466796875,146.256,
0,24,,,5.626678466796875,146.283,
0,24,,,5.628204345703125,146.309,
0,24,,,5.628204345703125,146.336,
0,24,,,5.667114257812501,146.362,
0,24,,,5.667114257812501,146.389,
0,24,,,5.633544921875001,146.415,
0,24,,,5.633544921875001,146.442,
0,24,,,5.6369781494140625,146.468,
0,24,,,5.6369781494140625,146.495,
0,24,,,5.578231811523438,146.522,
0,24,,,5.578231811523438,146.548,
0,24,,,5.652618408203126,146.575,
0,24,,,5.652618408203126,146.601,
0,24,,,5.6304931640625,146.628,
0,24,,,5.6304931640625,146.654,
0,24,,,5.5950164794921875,146.681,
0,24,,,5.587768554687501,146.707,
0,24,,,5.587768554687501,146.734,
0,24,,,5.644989013671876,146.761,
0,24,,,5.644989013671876,146.787,
0,24,,,5.617523193359376,146.814,
0,24,,,5.617523193359376,146.84,
0,24,,,5.658340454101563,146.867,
0,24,,,5.658340454101563,146.893,
0,24,,,5.629730224609376,146.92,
0,24,,,5.629730224609376,146.946,
0,24,,,5.67626953125,146.973,
0,24,,,5.67626953125,146.999,
0,24,,,5.603790283203125,147.026,
0,24,,,5.603790283203125,147.053,
0,24,,,5.624008178710938,147.079,
0,24,,,5.624008178710938,147.106,
0,24,,,5.664062500000001,147.132,
0,24,,,5.664062500000001,147.159,
0,24,,,5.636596679687501,147.185,
0,24,,,5.624008178710938,147.212,
0,24,,,5.624008178710938,147.238,
0,24,,,5.6186676025390625,147.265,
0,24,,,5.6186676025390625,147.291,
0,24,,,5.5805206298828125,147.318,
0,24,,,5.5805206298828125,147.345,
0,24,,,5.6262969970703125,147.371,
0,24,,,5.6262969970703125,147.398,
0,24,,,5.6121826171875,147.424,
0,24,,,5.6121826171875,147.451,
0,24,,,5.6133270263671875,147.477,
0,24,,,5.6133270263671875,147.504,
0,24,,,5.62744140625,147.53,
0,24,,,5.62744140625,147.557,
0,24,,,5.588912963867188,147.583,
0,24,,,5.588912963867188,147.61,
0,24,,,5.624008178710938,147.637,
0,24,,,5.624008178710938,147.663,
0,24,,,5.589675903320313,147.69,
0,24,,,5.611801147460938,147.716,
0,24,,,5.611801147460938,147.743,
0,24,,,5.6072235107421875,147.769,
0,24,,,5.6072235107421875,147.796,
0,24,,,5.5805206298828125,147.822,
0,24,,,5.5805206298828125,147.849,
0,24,,,5.6056976318359375,147.875,
0,24,,,5.6056976318359375,147.902,
0,24,,,5.629730224609376,147.929,
0,24,,,5.629730224609376,147.955,
0,24,,,5.6549072265625,147.982,
0,24,,,5.6549072265625,148.008,
0,24,,,5.64727783203125,148.035,
0,24,,,5.64727783203125,148.061,
0,24,,,5.63812255859375,148.088,
0,24,,,5.63812255859375,148.114,
0,24,,,5.6629180908203125,148.141,
0,24,,,5.6629180908203125,148.167,
0,24,,,5.649948120117188,148.194,
0,24,,,5.649948120117188,148.221,
0,24,,,5.63812255859375,148.247,
0,24,,,5.599212646484376,148.274,
0,24,,,5.599212646484376,148.3,
0,24,,,5.628967285156251,148.327,
0,24,,,5.628967285156251,148.354,
0,24,,,5.633544921875001,148.38,
0,24,,,5.633544921875001,148.407,
0,24,,,5.583953857421876,148.434,
0,24,,,5.583953857421876,148.46,
0,24,,,5.615997314453125,148.487,
0,24,,,5.615997314453125,148.513,
0,24,,,5.596160888671875,148.54,
0,24,,,5.596160888671875,148.566,
0,24,,,5.623245239257813,148.593,
0,24,,,5.623245239257813,148.619,
0,24,,,5.646514892578125,148.646,
0,24,,,5.646514892578125,148.672,
0,24,,,5.6446075439453125,148.699,
0,24,,,5.6446075439453125,148.726,
0,24,,,5.6606292724609375,148.752,
0,24,,,5.595397949218751,148.779,
0,24,,,5.595397949218751,148.805,
0,24,,,5.585479736328125,148.832,
0,24,,,5.585479736328125,148.858,
0,24,,,5.63507080078125,148.885,
0,24,,,5.63507080078125,148.912,
0,24,,,5.6255340576171875,148.938,
0,24,,,5.6255340576171875,148.965,
0,24,,,5.6606292724609375,148.991,
0,24,,,5.6606292724609375,149.018,
0,24,,,5.622100830078126,149.044,
0,24,,,5.622100830078126,149.071,
0,24,,,5.615234375,149.097,
0,24,,,5.615234375,149.124,
0,24,,,5.6255340576171875,149.15,
0,24,,,5.6255340576171875,149.177,
0,24,,,5.62744140625,149.204,
0,24,,,5.62744140625,149.23,
0,24,,,5.574417114257813,149.257,
0,24,,,5.694580078125001,149.283,
0,24,,,5.694580078125001,149.31,
0,24,,,5.6522369384765625,149.336,
0,24,,,5.6522369384765625,149.363,
0,24,,,5.660247802734376,149.389,
0,24,,,5.660247802734376,149.416,
0,24,,,5.617523193359376,149.442,
0,24,,,5.617523193359376,149.469,
0,24,,,5.604171752929688,149.495,
0,24,,,5.604171752929688,149.522,
0,24,,,5.622100830078126,149.549,
0,24,,,5.622100830078126,149.575,
0,24,,,5.607986450195313,149.602,
0,24,,,5.607986450195313,149.628,
0,24,,,5.643463134765625,149.655,
0,24,,,5.643463134765625,149.681,
0,24,,,5.6121826171875,149.708,
0,24,,,5.6121826171875,149.734,
0,24,,,5.65032958984375,149.761,
0,24,,,5.646133422851563,149.788,
0,24,,,5.646133422851563,149.814,
0,24,,,5.636596679687501,149.841,
0,24,,,5.636596679687501,149.867,
0,24,,,5.620574951171875,149.894,
0,24,,,5.620574951171875,149.92,
0,24,,,5.632781982421876,149.947,
0,24,,,5.632781982421876,149.973,
0,24,,,5.626678466796875,150.0,
0,24,,,5.626678466796875,150.027,
0,24,,,5.613708496093751,150.053,
0,24,,,5.613708496093751,150.08,
0,24,,,5.6171417236328125,150.106,
0,24,,,5.6171417236328125,150.133,
0,24,,,5.648803710937501,150.159,
0,24,,,5.648803710937501,150.186,
0,24,,,5.706787109375,150.213,
0,24,,,5.706787109375,150.239,
0,24,,,5.630874633789063,150.266,
0,24,,,5.630874633789063,150.292,
0,24,,,5.6529998779296875,150.319,
0,24,,,5.61981201171875,150.345,
0,24,,,5.61981201171875,150.372,
0,24,,,5.5988311767578125,150.398,
0,24,,,5.5988311767578125,150.425,
0,24,,,5.62744140625,150.451,
0,24,,,5.62744140625,150.478,
0,24,,,5.6491851806640625,150.505,
0,24,,,5.6491851806640625,150.531,
0,24,,,5.626678466796875,150.558,
0,24,,,5.626678466796875,150.584,
0,24,,,5.631256103515625,150.611,
0,24,,,5.631256103515625,150.637,
0,24,,,5.649566650390625,150.664,
0,24,,,5.649566650390625,150.69,
0,24,,,5.597686767578125,150.717,
0,24,,,5.597686767578125,150.744,
0,24,,,5.607986450195313,150.77,
0,24,,,5.607986450195313,150.797,
0,24,,,5.6034088134765625,150.823,
0,24,,,5.626678466796875,150.85,
0,24,,,5.626678466796875,150.876,
0,24,,,5.6514739990234375,150.903,
0,24,,,5.6514739990234375,150.929,
0,24,,,5.608367919921875,150.956,
0,24,,,5.608367919921875,150.983,
0,24,,,5.585861206054688,151.009,
0,24,,,5.585861206054688,151.036,
0,24,,,5.617523193359376,151.062,
0,24,,,5.617523193359376,151.089,
0,24,,,5.645751953125,151.115,
0,24,,,5.645751953125,151.142,
0,24,,,5.6026458740234375,151.168,
0,24,,,5.6026458740234375,151.195,
0,24,,,5.66253662109375,151.221,
0,24,,,5.66253662109375,151.248,
0,24,,,5.624008178710938,151.275,
0,24,,,5.624008178710938,151.301,
0,24,,,5.644989013671876,151.328,
0,24,,,5.617523193359376,151.354,
0,24,,,5.617523193359376,151.381,
0,24,,,5.6056976318359375,151.407,
0,24,,,5.6056976318359375,151.434,
0,24,,,5.6369781494140625,151.46,
0,24,,,5.6369781494140625,151.487,
0,24,,,5.6301116943359375,151.514,
0,24,,,5.6301116943359375,151.54,
0,24,,,5.602264404296876,151.567,
0,24,,,5.602264404296876,151.593,
0,24,,,5.6110382080078125,151.62,
0,24,,,5.6110382080078125,151.646,
0,24,,,5.6018829345703125,151.673,
0,24,,,5.6018829345703125,151.699,
0,24,,,5.6110382080078125,151.726,
0,24,,,5.6110382080078125,151.753,
0,24,,,5.6209564208984375,151.779,
0,24,,,5.6209564208984375,151.806,
0,24,,,5.627822875976563,151.832,
0,24,,,5.661773681640625,151.859,
0,24,,,5.661773681640625,151.885,
0,24,,,5.640411376953126,151.912,
0,24,,,5.640411376953126,151.938,
0,24,,,5.602264404296876,151.965,
0,24,,,5.602264404296876,151.991,
0,24,,,5.598449707031251,152.018,
0,24,,,5.598449707031251,152.045,
0,24,,,5.6072235107421875,152.071,
0,24,,,5.6072235107421875,152.098,
0,24,,,5.638504028320313,152.124,
0,24,,,5.638504028320313,152.151,
0,24,,,5.6476593017578125,152.177,
0,24,,,5.6476593017578125,152.204,
0,24,,,5.637359619140626,152.231,
0,24,,,5.637359619140626,152.257,
0,24,,,5.610656738281251,152.284,
0,24,,,5.610656738281251,152.31,
0,24,,,5.659484863281251,152.337,
0,24,,,5.6400299072265625,152.363,
0,24,,,5.6400299072265625,152.39,
0,24,,,5.6179046630859375,152.416,
0,24,,,5.6179046630859375,152.443,
0,24,,,5.5652618408203125,152.47,
0,24,,,5.5652618408203125,152.497,
0,24,,,5.628967285156251,152.523,
0,24,,,5.628967285156251,152.55,
0,24,,,5.599212646484376,152.576,
0,24,,,5.599212646484376,152.603,
0,24,,,5.603027343750001,152.63,
0,24,,,5.603027343750001,152.656,
0,24,,,5.641937255859375,152.683,
0,24,,,5.641937255859375,152.709,
0,24,,,5.6453704833984375,152.736,
0,24,,,5.6453704833984375,152.762,
0,24,,,5.6446075439453125,152.789,
0,24,,,5.6446075439453125,152.815,
0,24,,,5.673599243164063,152.842,
0,24,,,5.565643310546875,152.868,
0,24,,,5.565643310546875,152.895,
0,24,,,5.664825439453125,152.922,
0,24,,,5.664825439453125,152.948,
0,24,,,5.613708496093751,152.975,
0,24,,,5.613708496093751,153.001,
0,24,,,5.664825439453125,153.028,
0,24,,,5.664825439453125,153.054,
0,24,,,5.60760498046875,153.081,
0,24,,,5.60760498046875,153.107,
0,24,,,5.618286132812501,153.134,
0,24,,,5.618286132812501,153.161,
0,24,,,5.5759429931640625,153.187,
0,24,,,5.5759429931640625,153.214,
0,24,,,5.704498291015625,153.24,
0,24,,,5.704498291015625,153.267,
0,24,,,5.604934692382813,153.293,
0,24,,,5.604934692382813,153.32,
0,24,,,5.650711059570313,153.346,
0,24,,,5.650711059570313,153.373,
0,24,,,5.64727783203125,153.399,
0,24,,,5.6140899658203125,153.426,
0,24,,,5.6140899658203125,153.452,
0,24,,,5.620574951171875,153.479,
0,24,,,5.620574951171875,153.506,
0,24,,,5.651855468750001,153.532,
0,24,,,5.651855468750001,153.559,
0,24,,,5.6186676025390625,153.585,
0,24,,,5.6186676025390625,153.612,
0,24,,,5.648803710937501,153.638,
0,24,,,5.648803710937501,153.665,
0,24,,,5.604934692382813,153.691,
0,24,,,5.604934692382813,153.718,
0,24,,,5.652618408203126,153.744,
0,24,,,5.652618408203126,153.771,
0,24,,,5.6568145751953125,153.798,
0,24,,,5.6568145751953125,153.824,
0,24,,,5.627059936523438,153.851,
0,24,,,5.627059936523438,153.877,
0,24,,,5.625152587890626,153.904,
0,24,,,5.631637573242188,153.93,
0,24,,,5.631637573242188,153.957,
0,24,,,5.612945556640625,153.983,
0,24,,,5.612945556640625,154.01,
0,24,,,5.628204345703125,154.037,
0,24,,,5.628204345703125,154.063,
0,24,,,5.646514892578125,154.09,
0,24,,,5.646514892578125,154.116,
0,24,,,5.631256103515625,154.143,
0,24,,,5.631256103515625,154.169,
0,24,,,5.653762817382813,154.196,
0,24,,,5.653762817382813,154.222,
0,24,,,5.5912017822265625,154.249,
0,24,,,5.5912017822265625,154.276,
0,24,,,5.6514739990234375,154.302,
0,24,,,5.6514739990234375,154.329,
0,24,,,5.660247802734376,154.355,
0,24,,,5.660247802734376,154.382,
0,24,,,5.63507080078125,154.408,
0,24,,,5.6095123291015625,154.435,
0,24,,,5.6095123291015625,154.461,
0,24,,,5.618286132812501,154.488,
0,24,,,5.618286132812501,154.514,
0,24,,,5.651855468750001,154.541,
0,24,,,5.651855468750001,154.568,
0,24,,,5.66558837890625,154.594,
0,24,,,5.66558837890625,154.621,
0,24,,,5.609130859375,154.647,
0,24,,,5.609130859375,154.674,
0,24,,,5.606842041015626,154.7,
0,24,,,5.606842041015626,154.727,
0,24,,,5.604171752929688,154.753,
0,24,,,5.604171752929688,154.78,
0,24,,,5.650711059570313,154.806,
0,24,,,5.650711059570313,154.833,
0,24,,,5.6243896484375,154.86,
0,24,,,5.6243896484375,154.886,
0,24,,,5.63507080078125,154.913,
0,24,,,5.63507080078125,154.939,
0,24,,,5.650711059570313,154.966,
0,24,,,5.65032958984375,154.992,
0,24,,,5.65032958984375,155.019,
0,24,,,5.606842041015626,155.045,
0,24,,,5.606842041015626,155.072,
0,24,,,5.602264404296876,155.098,
0,24,,,5.602264404296876,155.125,
0,24,,,5.634689331054688,155.151,
0,24,,,5.634689331054688,155.178,
0,24,,,5.574798583984375,155.205,
0,24,,,5.574798583984375,155.231,
0,24,,,5.588531494140625,155.258,
0,24,,,5.588531494140625,155.284,
0,24,,,5.6133270263671875,155.311,
0,24,,,5.6133270263671875,155.337,
0,24,,,5.669021606445313,155.364,
0,24,,,5.669021606445313,155.39,
0,24,,,5.625915527343751,155.417,
0,24,,,5.625915527343751,155.444,
0,24,,,5.626678466796875,155.47,
0,24,,,5.59234619140625,155.497,
0,24,,,5.59234619140625,155.523,
0,24,,,5.646514892578125,155.55,
0,24,,,5.646514892578125,155.576,
0,24,,,5.633544921875001,155.603,
0,24,,,5.633544921875001,155.629,
0,24,,,5.6304931640625,155.656,
0,24,,,5.6304931640625,155.682,
0,24,,,5.620574951171875,155.709,
0,24,,,5.620574951171875,155.736,
0,24,,,5.6339263916015625,155.762,
0,24,,,5.6339263916015625,155.789,
0,24,,,5.6522369384765625,155.815,
0,24,,,5.6522369384765625,155.842,
0,24,,,5.6339263916015625,155.868,
0,24,,,5.6339263916015625,155.895,
0,24,,,5.681228637695313,155.922,
0,24,,,5.681228637695313,155.948,
0,25,,,5.604934692382813,156.054,
0,25,,,5.604934692382813,156.081,
0,25,,,5.475234985351563,156.108,
0,25,,,5.475234985351563,156.134,
0,25,,,5.4931640625,156.161,
0,25,,,5.4931640625,156.187,
0,25,,,5.481719970703125,156.214,
0,25,,,5.481719970703125,156.24,
0,25,,,5.480194091796876,156.267,
0,25,,,5.480194091796876,156.293,
0,25,,,5.523681640625,156.32,
0,25,,,5.523681640625,156.347,
0,25,,,5.517578125,156.373,
0,25,,,5.517578125,156.4,
0,25,,,5.512237548828125,156.426,
0,25,,,5.512237548828125,156.453,
0,25,,,5.534362792968751,156.479,
0,25,,,5.524063110351563,156.506,
0,25,,,5.524063110351563,156.532,
0,25,,,5.5301666259765625,156.559,
0,25,,,5.5301666259765625,156.585,
0,25,,,5.465698242187501,156.613,
0,25,,,5.465698242187501,156.639,
0,25,,,5.46722412109375,156.666,
0,25,,,5.46722412109375,156.692,
0,25,,,5.490493774414063,156.719,
0,25,,,5.490493774414063,156.745,
0,25,,,5.463027954101563,156.772,
0,25,,,5.463027954101563,156.798,
0,25,,,5.482101440429688,156.825,
0,25,,,5.482101440429688,156.852,
0,25,,,5.5027008056640625,156.878,
0,25,,,5.5027008056640625,156.905,
0,25,,,5.51300048828125,156.931,
0,25,,,5.51300048828125,156.958,
0,25,,,5.462646484375,156.984,
0,25,,,5.532455444335938,157.011,
0,25,,,5.532455444335938,157.037,
0,25,,,5.526733398437501,157.064,
0,25,,,5.526733398437501,157.09,
0,25,,,5.4901123046875,157.117,
0,25,,,5.4901123046875,157.144,
0,25,,,5.4988861083984375,157.17,
0,25,,,5.4988861083984375,157.197,
0,25,,,5.4595947265625,157.223,
0,25,,,5.4595947265625,157.25,
0,25,,,5.516815185546875,157.276,
0,25,,,5.516815185546875,157.303,
0,25,,,5.4836273193359375,157.329,
0,25,,,5.4836273193359375,157.356,
0,25,,,5.496978759765625,157.383,
0,25,,,5.496978759765625,157.409,
0,25,,,5.4988861083984375,157.436,
0,25,,,5.4988861083984375,157.462,
0,25,,,5.487060546875,157.489,
0,25,,,5.485916137695313,157.516,
0,25,,,5.485916137695313,157.542,
0,25,,,5.480957031250001,157.569,
0,25,,,5.480957031250001,157.595,
0,25,,,5.461883544921876,157.622,
0,25,,,5.461883544921876,157.648,
0,25,,,5.532073974609375,157.675,
0,25,,,5.532073974609375,157.701,
0,25,,,5.4492950439453125,157.728,
0,25,,,5.4492950439453125,157.755,
0,25,,,5.482864379882813,157.781,
0,25,,,5.482864379882813,157.808,
0,25,,,5.5255889892578125,157.834,
0,25,,,5.5255889892578125,157.861,
0,25,,,5.5118560791015625,157.887,
0,25,,,5.5118560791015625,157.914,
0,25,,,5.490493774414063,157.94,
0,25,,,5.490493774414063,157.967,
0,25,,,5.4901123046875,157.994,
0,25,,,5.4901123046875,158.02,
0,25,,,5.522155761718751,158.047,
0,25,,,5.522155761718751,158.073,
0,25,,,5.522155761718751,158.1,
0,25,,,5.534362792968751,158.127,
0,25,,,5.534362792968751,158.153,
0,25,,,5.5339813232421875,158.18,
0,25,,,5.5339813232421875,158.206,
0,25,,,5.508804321289063,158.233,
0,25,,,5.508804321289063,158.259,
0,25,,,5.490493774414063,158.286,
0,25,,,5.490493774414063,158.312,
0,25,,,5.5004119873046875,158.339,
0,25,,,5.5004119873046875,158.365,
0,25,,,5.5389404296875,158.392,
0,25,,,5.5389404296875,158.418,
0,25,,,5.482101440429688,158.445,
0,25,,,5.482101440429688,158.472,
0,25,,,5.492401123046876,158.498,
0,25,,,5.492401123046876,158.525,
0,25,,,5.498123168945313,158.551,
0,26,,,5.754852294921876,158.684,
0,26,,,5.754852294921876,158.711,
0,26,,,5.969238281250001,158.737,
0,26,,,5.969238281250001,158.764,
0,26,,,5.989837646484375,158.79,
0,26,,,5.989837646484375,158.817,
0,26,,,5.948638916015625,158.843,
0,26,,,5.948638916015625,158.87,
0,26,,,5.983734130859376,158.896,
0,26,,,5.983734130859376,158.923,
0,26,,,5.9566497802734375,158.95,
0,26,,,5.9566497802734375,158.976,
0,26,,,5.9772491455078125,159.003,
0,26,,,5.9772491455078125,159.029,
0,26,,,5.927276611328126,159.056,
0,26,,,5.970001220703125,159.082,
0,26,,,5.970001220703125,159.109,
0,26,,,5.963897705078125,159.135,
0,26,,,5.963897705078125,159.162,
0,26,,,5.963134765625,159.189,
0,26,,,5.963134765625,159.215,
0,26,,,5.9604644775390625,159.242,
0,26,,,5.9604644775390625,159.268,
0,26,,,5.949401855468751,159.295,
0,26,,,5.949401855468751,159.321,
0,26,,,5.863571166992188,159.348,
0,26,,,5.863571166992188,159.374,
0,26,,,5.392456054687501,159.401,
0,26,,,5.392456054687501,159.427,
0,26,,,5.4012298583984375,159.454,
0,26,,,5.4012298583984375,159.48,
0,26,,,5.4080963134765625,159.507,
0,26,,,5.4080963134765625,159.534,
0,26,,,5.3802490234375,159.56,
0,26,,,5.3859710693359375,159.587,
0,26,,,5.3859710693359375,159.613,
0,26,,,5.396270751953126,159.64,
0,26,,,5.396270751953126,159.666,
0,26,,,5.34210205078125,159.693,
0,26,,,5.34210205078125,159.719,
0,26,,,5.391311645507813,159.746,
0,26,,,5.391311645507813,159.773,
0,26,,,5.3386688232421875,159.799,
0,26,,,5.3386688232421875,159.826,
0,26,,,5.3775787353515625,159.852,
0,26,,,5.3775787353515625,159.879,
0,26,,,5.345535278320313,159.905,
0,26,,,5.345535278320313,159.932,
0,26,,,5.375289916992188,159.959,
0,26,,,5.375289916992188,159.985,
0,26,,,5.384063720703125,160.012,
0,26,,,5.384063720703125,160.038,
0,26,,,5.382919311523438,160.065,
0,26,,,5.382919311523438,160.091,
0,26,,,5.3707122802734375,160.118,
0,26,,,5.346679687500001,160.144,
0,26,,,5.346679687500001,160.171,
0,26,,,5.37109375,160.197,
0,26,,,5.37109375,160.224,
0,26,,,5.3859710693359375,160.251,
0,26,,,5.3859710693359375,160.277,
0,26,,,5.3707122802734375,160.304,
0,26,,,5.3707122802734375,160.33,
0,26,,,5.347442626953126,160.357,
0,26,,,5.347442626953126,160.383,
0,26,,,5.3928375244140625,160.41,
0,26,,,5.3928375244140625,160.436,
0,26,,,5.375289916992188,160.463,
0,26,,,5.375289916992188,160.49,
0,26,,,5.368423461914063,160.516,
0,26,,,5.368423461914063,160.543,
0,26,,,5.350494384765626,160.569,
0,27,,,5.714797973632813,160.702,
0,27,,,5.714797973632813,160.729,
0,27,,,5.867385864257813,160.755,
0,27,,,5.867385864257813,160.782,
0,27,,,5.863189697265625,160.809,
0,27,,,5.863189697265625,160.836,
0,27,,,5.883026123046875,160.862,
0,27,,,5.883026123046875,160.889,
0,27,,,5.9200286865234375,160.915,
0,27,,,5.9200286865234375,160.942,
0,27,,,5.92498779296875,160.968,
0,27,,,5.92498779296875,160.995,
0,27,,,5.876922607421876,161.022,
0,27,,,5.876922607421876,161.048,
0,27,,,5.900573730468751,161.075,
0,27,,,5.900573730468751,161.101,
0,27,,,5.852508544921875,161.128,
0,27,,,5.854797363281251,161.154,
0,27,,,5.854797363281251,161.181,
0,27,,,5.894088745117188,161.207,
0,27,,,5.894088745117188,161.234,
0,27,,,5.857849121093751,161.261,
0,27,,,5.857849121093751,161.287,
0,27,,,5.8589935302734375,161.314,
0,27,,,5.8589935302734375,161.34,
0,27,,,5.902099609375,161.367,
0,27,,,5.902099609375,161.393,
0,27,,,5.880737304687501,161.42,
0,27,,,5.880737304687501,161.446,
0,27,,,5.866241455078126,161.473,
0,27,,,5.866241455078126,161.499,
0,27,,,5.8818817138671875,161.526,
0,27,,,5.8818817138671875,161.553,
0,27,,,5.870819091796875,161.579,
0,27,,,5.870819091796875,161.606,
0,27,,,5.819702148437501,161.632,
0,27,,,5.9085845947265625,161.659,
0,27,,,5.9085845947265625,161.685,
0,27,,,5.907440185546876,161.712,
0,27,,,5.907440185546876,161.738,
0,27,,,5.887603759765625,161.765,
0,27,,,5.887603759765625,161.791,
0,27,,,5.8734893798828125,161.818,
0,27,,,5.8734893798828125,161.845,
0,27,,,5.8746337890625,161.871,
0,27,,,5.8746337890625,161.898,
0,27,,,5.848312377929688,161.924,
0,27,,,5.848312377929688,161.951,
0,27,,,5.871963500976563,161.977,
0,27,,,5.871963500976563,162.004,
0,27,,,5.913162231445313,162.03,
0,27,,,5.913162231445313,162.057,
0,27,,,5.896759033203126,162.083,
0,27,,,5.896759033203126,162.11,
0,27,,,5.889129638671876,162.137,
0,27,,,5.900573730468751,162.163,
0,27,,,5.900573730468751,162.19,
0,28,,,5.58929443359375,162.322,
0,28,,,5.58929443359375,162.349,
0,28,,,5.7598114013671875,162.376,
0,28,,,5.7598114013671875,162.402,
0,28,,,5.7830810546875,162.429,
0,28,,,5.7830810546875,162.455,
0,28,,,5.7247161865234375,162.482,
0,28,,,5.7247161865234375,162.508,
0,28,,,5.7952880859375,162.535,
0,28,,,5.7952880859375,162.561,
0,28,,,5.7430267333984375,162.588,
0,28,,,5.7430267333984375,162.615,
0,28,,,5.718994140625,162.641,
0,28,,,5.7865142822265625,162.668,
0,28,,,5.7865142822265625,162.694,
0,28,,,5.72357177734375,162.721,
0,28,,,5.72357177734375,162.747,
0,28,,,5.659484863281251,162.774,
0,28,,,5.659484863281251,162.8,
0,28,,,5.791091918945313,162.827,
0,28,,,5.791091918945313,162.853,
0,28,,,5.731964111328126,162.88,
0,28,,,5.731964111328126,162.907,
0,28,,,5.717468261718751,162.933,
0,28,,,5.717468261718751,162.96,
0,28,,,5.788040161132813,162.986,
0,28,,,5.788040161132813,163.013,
0,28,,,5.744171142578126,163.039,
0,28,,,5.744171142578126,163.066,
0,28,,,5.7094573974609375,163.092,
0,28,,,5.7094573974609375,163.119,
0,28,,,5.780410766601563,163.145,
0,28,,,5.780410766601563,163.172,
0,28,,,5.728149414062501,163.199,
0,28,,,5.714797973632813,163.225,
0,28,,,5.714797973632813,163.252,
0,28,,,5.753326416015625,163.278,
0,28,,,5.753326416015625,163.305,
0,28,,,5.714797973632813,163.331,
0,28,,,5.714797973632813,163.358,
0,28,,,5.69610595703125,163.384,
0,28,,,5.69610595703125,163.411,
0,28,,,5.757522583007813,163.437,
0,28,,,5.757522583007813,163.464,
0,28,,,5.742645263671875,163.49,
0,28,,,5.742645263671875,163.517,
0,28,,,5.7277679443359375,163.544,
0,28,,,5.7277679443359375,163.57,
0,28,,,5.7373046875,163.597,
0,28,,,5.7373046875,163.623,
0,28,,,5.677032470703125,163.65,
0,28,,,5.677032470703125,163.677,
0,28,,,5.7590484619140625,163.703,
0,28,,,5.728149414062501,163.73,
0,28,,,5.728149414062501,163.756,
0,28,,,5.690765380859376,163.783,
0,28,,,5.690765380859376,163.809,
0,28,,,5.727005004882813,163.836,
0,28,,,5.727005004882813,163.862,
0,28,,,5.726242065429688,163.889,
0,28,,,5.726242065429688,163.916,
0,28,,,5.706787109375,163.942,
0,28,,,5.706787109375,163.969,
0,28,,,5.7064056396484375,163.995,
0,28,,,5.7064056396484375,164.022,
0,28,,,5.797576904296876,164.049,
0,28,,,5.797576904296876,164.075,
0,28,,,5.7239532470703125,164.102,
0,28,,,5.7239532470703125,164.128,
0,28,,,5.765151977539063,164.155,
0,28,,,5.765151977539063,164.181,
0,28,,,5.7464599609375,164.208,
0,28,,,5.672836303710938,164.234,
0,28,,,5.672836303710938,164.261,
0,28,,,5.751037597656251,164.287,
0,28,,,5.751037597656251,164.314,
0,28,,,5.7392120361328125,164.341,
0,28,,,5.7392120361328125,164.367,
0,28,,,5.697631835937501,164.394,
0,28,,,5.697631835937501,164.42,
0,28,,,5.8010101318359375,164.447,
0,28,,,5.8010101318359375,164.473,
0,28,,,5.730056762695313,164.5,
0,28,,,5.730056762695313,164.527,
0,28,,,5.7025909423828125,164.553,
0,28,,,5.7025909423828125,164.58,
0,28,,,5.75714111328125,164.606,
0,28,,,5.75714111328125,164.633,
0,28,,,5.7010650634765625,164.659,
0,28,,,5.7010650634765625,164.686,
0,28,,,5.72662353515625,164.712,
0,28,,,5.7598114013671875,164.739,
0,28,,,5.7598114013671875,164.765,
0,28,,,5.6819915771484375,164.792,
0,28,,,5.6819915771484375,164.819,
0,28,,,5.7159423828125,164.845,
0,28,,,5.7159423828125,164.872,
0,28,,,5.77239990234375,164.898,
0,28,,,5.77239990234375,164.925,
0,28,,,5.686950683593751,164.952,
0,28,,,5.686950683593751,164.979,
0,28,,,5.681610107421875,165.005,
0,28,,,5.681610107421875,165.032,
0,28,,,5.742263793945313,165.058,
0,28,,,5.742263793945313,165.085,
0,28,,,5.690002441406251,165.111,
0,28,,,5.690002441406251,165.138,
0,28,,,5.745315551757813,165.164,
0,28,,,5.745315551757813,165.191,
0,28,,,5.7102203369140625,165.217,
0,28,,,5.72662353515625,165.244,
0,28,,,5.72662353515625,165.271,
0,28,,,5.760574340820313,165.297,
0,28,,,5.760574340820313,165.324,
0,28,,,5.7407379150390625,165.35,
0,28,,,5.7407379150390625,165.377,
0,28,,,5.704498291015625,165.403,
0,28,,,5.704498291015625,165.43,
0,28,,,5.7331085205078125,165.456,
0,28,,,5.7331085205078125,165.483,
0,28,,,5.7781219482421875,165.509,
0,28,,,5.7781219482421875,165.536,
0,28,,,5.758666992187501,165.562,
0,28,,,5.758666992187501,165.589,
0,28,,,5.7525634765625,165.616,
0,28,,,5.7525634765625,165.642,
0,28,,,5.74493408203125,165.669,
0,28,,,5.74493408203125,165.695,
0,28,,,5.706024169921876,165.722,
0,28,,,5.706024169921876,165.748,
0,28,,,5.7849884033203125,165.775,
0,28,,,5.728912353515626,165.801,
0,28,,,5.728912353515626,165.828,
0,28,,,5.6674957275390625,165.854,
0,28,,,5.6674957275390625,165.881,
0,28,,,5.794525146484375,165.908,
0,28,,,5.794525146484375,165.934,
0,28,,,5.732727050781251,165.961,
0,28,,,5.732727050781251,165.987,
0,28,,,5.6484222412109375,166.014,
0,28,,,5.6484222412109375,166.04,
0,28,,,5.7750701904296875,166.067,
0,28,,,5.7750701904296875,166.093,
0,28,,,5.741500854492188,166.12,
0,28,,,5.741500854492188,166.146,
0,28,,,5.6858062744140625,166.173,
0,28,,,5.6858062744140625,166.199,
0,28,,,5.796813964843751,166.226,
0,28,,,5.796813964843751,166.253,
0,28,,,5.7132720947265625,166.279,
0,28,,,5.690002441406251,166.306,
0,28,,,5.690002441406251,166.332,
0,28,,,5.72357177734375,166.359,
0,28,,,5.72357177734375,166.385,
0,28,,,5.6644439697265625,166.412,
0,28,,,5.6644439697265625,166.438,
0,28,,,5.705261230468751,166.465,
0,28,,,5.705261230468751,166.491,
0,28,,,5.8193206787109375,166.518,
0,28,,,5.8193206787109375,166.544,
0,28,,,5.66558837890625,166.571,
0,28,,,5.66558837890625,166.598,
0,28,,,5.745697021484375,166.624,
0,28,,,5.745697021484375,166.651,
0,28,,,5.755615234375001,166.677,
0,28,,,5.755615234375001,166.704,
0,28,,,5.699539184570313,166.73,
0,28,,,5.699539184570313,166.757,
0,28,,,5.7140350341796875,166.783,
0,28,,,5.76171875,166.81,
0,28,,,5.76171875,166.836,
0,28,,,5.706787109375,166.863,
0,28,,,5.706787109375,166.89,
0,28,,,5.750274658203125,166.916,
0,28,,,5.750274658203125,166.943,
0,28,,,5.772018432617188,166.969,
0,28,,,5.772018432617188,166.996,
0,28,,,5.733489990234375,167.022,
0,28,,,5.733489990234375,167.049,
0,28,,,5.726242065429688,167.075,
0,28,,,5.726242065429688,167.102,
0,28,,,5.7476043701171875,167.128,
0,28,,,5.7476043701171875,167.155,
0,28,,,5.709075927734376,167.182,
0,28,,,5.709075927734376,167.208,
0,28,,,5.710601806640625,167.235,
0,28,,,5.710601806640625,167.261,
0,28,,,5.7647705078125,167.288,
0,28,,,5.7647705078125,167.314,
0,28,,,5.7285308837890625,167.341,
0,28,,,5.694580078125001,167.367,
0,28,,,5.694580078125001,167.394,
0,28,,,5.738067626953125,167.42,
0,28,,,5.738067626953125,167.447,
0,28,,,5.718231201171875,167.474,
0,28,,,5.718231201171875,167.5,
0,28,,,5.772781372070313,167.527,
0,28,,,5.772781372070313,167.553,
0,28,,,5.74493408203125,167.58,
0,28,,,5.74493408203125,167.606,
0,28,,,5.7209014892578125,167.633,
0,28,,,5.7209014892578125,167.659,
0,28,,,5.750274658203125,167.686,
0,28,,,5.750274658203125,167.712,
0,28,,,5.705261230468751,167.739,
0,28,,,5.705261230468751,167.766,
0,28,,,5.7025909423828125,167.792,
0,28,,,5.7025909423828125,167.819,
0,28,,,5.7399749755859375,167.845,
0,28,,,5.749130249023438,167.872,
0,28,,,5.749130249023438,167.898,
0,28,,,5.718994140625,167.925,
0,28,,,5.718994140625,167.951,
0,28,,,5.7743072509765625,167.978,
0,28,,,5.7743072509765625,168.004,
0,28,,,5.715560913085938,168.031,
0,28,,,5.715560913085938,168.058,
0,28,,,5.727005004882813,168.084,
0,28,,,5.727005004882813,168.111,
0,28,,,5.73883056640625,168.137,
0,28,,,5.73883056640625,168.164,
0,28,,,5.724334716796876,168.19,
0,28,,,5.724334716796876,168.217,
0,28,,,5.7342529296875,168.243,
0,28,,,5.7342529296875,168.27,
0,28,,,5.7582855224609375,168.296,
0,28,,,5.7582855224609375,168.323,
0,28,,,5.709838867187501,168.35,
0,29,,,5.5980682373046875,168.482,
0,29,,,5.5980682373046875,168.509,
0,29,,,5.852127075195313,168.535,
0,29,,,5.852127075195313,168.562,
0,29,,,5.788421630859375,168.589,
0,29,,,5.788421630859375,168.615,
0,29,,,5.810165405273438,168.642,
0,29,,,5.810165405273438,168.668,
0,29,,,5.819702148437501,168.695,
0,29,,,5.819702148437501,168.721,
0,29,,,5.883407592773438,168.748,
0,29,,,5.883407592773438,168.774,
0,29,,,5.753707885742188,168.801,
0,29,,,5.753707885742188,168.828,
0,29,,,5.812072753906251,168.854,
0,29,,,5.873870849609376,168.881,
0,29,,,5.873870849609376,168.907,
0,29,,,5.821990966796875,168.934,
0,29,,,5.821990966796875,168.96,
0,29,,,5.791091918945313,168.987,
0,29,,,5.791091918945313,169.013,
0,29,,,5.84869384765625,169.04,
0,29,,,5.84869384765625,169.067,
0,29,,,5.79986572265625,169.094,
0,29,,,5.79986572265625,169.12,
0,29,,,5.850219726562501,169.147,
0,29,,,5.850219726562501,169.173,
0,29,,,5.7743072509765625,169.2,
0,29,,,5.7743072509765625,169.227,
0,29,,,5.828857421875,169.253,
0,29,,,5.828857421875,169.28,
0,29,,,5.831909179687501,169.306,
0,29,,,5.831909179687501,169.333,
0,29,,,5.84869384765625,169.359,
0,29,,,5.781555175781251,169.386,
0,29,,,5.781555175781251,169.412,
0,29,,,5.83648681640625,169.439,
0,29,,,5.83648681640625,169.465,
0,29,,,5.855941772460938,169.492,
0,29,,,5.855941772460938,169.519,
0,29,,,5.8589935302734375,169.545,
0,29,,,5.8589935302734375,169.572,
0,29,,,5.7952880859375,169.598,
0,29,,,5.7952880859375,169.625,
0,29,,,5.8582305908203125,169.651,
0,29,,,5.8582305908203125,169.678,
0,29,,,5.844879150390625,169.704,
0,29,,,5.844879150390625,169.731,
0,29,,,5.8162689208984375,169.757,
0,29,,,5.8162689208984375,169.784,
0,29,,,5.787277221679688,169.811,
0,29,,,5.787277221679688,169.837,
0,29,,,5.8124542236328125,169.864,
0,29,,,5.8124542236328125,169.89,
0,29,,,5.8422088623046875,169.917,
0,29,,,5.813980102539063,169.943,
0,29,,,5.813980102539063,169.97,
0,29,,,5.819702148437501,169.996,
0,29,,,5.819702148437501,170.023,
0,30,,,5.754852294921876,171.058,
0,30,,,5.754852294921876,171.084,
0,30,,,5.8002471923828125,171.111,
0,30,,,5.8002471923828125,171.138,
0,30,,,5.768585205078125,171.164,
0,30,,,5.768585205078125,171.191,
0,30,,,5.829238891601563,171.217,
0,30,,,5.829238891601563,171.244,
0,30,,,5.809783935546875,171.27,
0,30,,,5.809783935546875,171.297,
0,30,,,5.797576904296876,171.323,
0,30,,,5.797576904296876,171.35,
0,30,,,5.804443359375001,171.376,
0,30,,,5.804443359375001,171.403,
0,30,,,5.786895751953125,171.43,
0,30,,,5.786895751953125,171.456,
0,30,,,5.7895660400390625,171.483,
0,30,,,5.821990966796875,171.509,
0,30,,,5.821990966796875,171.536,
0,30,,,5.779266357421875,171.562,
0,30,,,5.779266357421875,171.589,
0,30,,,5.8574676513671875,171.615,
0,30,,,5.8574676513671875,171.642,
0,30,,,5.777740478515626,171.668,
0,30,,,5.777740478515626,171.695,
0,30,,,5.802154541015625,171.722,
0,30,,,5.802154541015625,171.748,
0,30,,,5.821609497070313,171.775,
0,30,,,5.821609497070313,171.801,
0,30,,,5.832672119140625,171.828,
0,30,,,5.832672119140625,171.854,
0,30,,,5.841064453125,171.881,
0,30,,,5.841064453125,171.907,
0,30,,,5.7819366455078125,171.934,
0,30,,,5.7819366455078125,171.961,
0,30,,,5.789947509765626,171.987,
0,30,,,5.8074951171875,172.014,
0,30,,,5.8074951171875,172.04,
0,30,,,5.812835693359376,172.067,
0,30,,,5.812835693359376,172.093,
0,30,,,5.823516845703126,172.12,
0,30,,,5.823516845703126,172.146,
0,30,,,5.80291748046875,172.173,
0,30,,,5.80291748046875,172.199,
0,30,,,5.767059326171876,172.226,
0,30,,,5.767059326171876,172.252,
0,30,,,5.8055877685546875,172.279,
0,30,,,5.8055877685546875,172.306,
0,30,,,5.8132171630859375,172.332,
0,30,,,5.8132171630859375,172.359,
0,30,,,5.797576904296876,172.385,
0,30,,,5.797576904296876,172.412,
0,30,,,5.823516845703126,172.438,
0,30,,,5.823516845703126,172.465,
0,30,,,5.78765869140625,172.492,
0,30,,,5.841064453125,172.518,
0,30,,,5.841064453125,172.545,
0,30,,,5.808258056640626,172.571,
0,30,,,5.808258056640626,172.598,
0,30,,,5.8162689208984375,172.624,
0,30,,,5.8162689208984375,172.651,
0,30,,,5.829238891601563,172.678,
0,30,,,5.829238891601563,172.704,
0,30,,,5.779266357421875,172.731,
0,30,,,5.779266357421875,172.757,
0,30,,,5.7903289794921875,172.784,
0,30,,,5.7903289794921875,172.81,
0,30,,,5.773162841796875,172.837,
0,30,,,5.773162841796875,172.864,
0,30,,,5.806732177734375,172.89,
0,30,,,5.806732177734375,172.917,
0,30,,,5.8383941650390625,172.943,
0,30,,,5.8383941650390625,172.97,
0,30,,,5.81512451171875,172.996,
0,30,,,5.844497680664063,173.023,
0,30,,,5.844497680664063,173.05,
0,30,,,5.8094024658203125,173.076,
0,30,,,5.8094024658203125,173.103,
0,30,,,5.798721313476563,173.129,
0,30,,,5.798721313476563,173.156,
0,30,,,5.789947509765626,173.182,
0,30,,,5.789947509765626,173.209,
0,30,,,5.772018432617188,173.235,
0,30,,,5.772018432617188,173.262,
0,30,,,5.7769775390625,173.288,
0,30,,,5.7769775390625,173.315,
0,30,,,5.817413330078125,173.342,
0,30,,,5.817413330078125,173.368,
0,30,,,5.775833129882813,173.395,
0,30,,,5.775833129882813,173.422,
0,30,,,5.822372436523438,173.448,
0,30,,,5.822372436523438,173.475,
0,30,,,5.79071044921875,173.502,
0,30,,,5.814743041992188,173.528,
0,30,,,5.814743041992188,173.555,
0,30,,,5.8315277099609375,173.581,
0,30,,,5.8315277099609375,173.608,
0,30,,,5.816650390625001,173.634,
0,30,,,5.816650390625001,173.661,
0,30,,,5.854034423828126,173.687,
0,30,,,5.854034423828126,173.714,
0,30,,,5.809020996093751,173.741,
0,30,,,5.809020996093751,173.767,
0,30,,,5.834960937500001,173.794,
0,30,,,5.834960937500001,173.82,
0,30,,,5.82122802734375,173.847,
0,30,,,5.82122802734375,173.873,
0,30,,,5.775833129882813,173.9,
0,30,,,5.775833129882813,173.926,
0,30,,,5.8132171630859375,173.953,
0,30,,,5.8132171630859375,173.979,
0,30,,,5.840301513671875,174.006,
0,30,,,5.840301513671875,174.033,
0,30,,,5.7895660400390625,174.059,
0,30,,,5.80291748046875,174.086,
0,30,,,5.80291748046875,174.112,
0,30,,,5.843353271484376,174.139,
0,30,,,5.843353271484376,174.166,
0,30,,,5.786132812500001,174.192,
0,30,,,5.786132812500001,174.219,
0,30,,,5.8238983154296875,174.245,
0,30,,,5.8238983154296875,174.272,
0,30,,,5.81512451171875,174.298,
0,30,,,5.81512451171875,174.325,
0,30,,,5.794525146484375,174.351,
0,30,,,5.794525146484375,174.378,
0,30,,,5.810165405273438,174.404,
0,30,,,5.810165405273438,174.431,
0,30,,,5.812835693359376,174.458,
0,30,,,5.812835693359376,174.484,
0,30,,,5.803298950195313,174.511,
0,30,,,5.803298950195313,174.537,
0,30,,,5.8307647705078125,174.564,
0,30,,,5.7788848876953125,174.59,
0,30,,,5.7788848876953125,174.617,
0,30,,,5.797576904296876,174.643,
0,30,,,5.797576904296876,174.67,
0,30,,,5.791854858398438,174.697,
0,30,,,5.791854858398438,174.723,
0,30,,,5.7750701904296875,174.75,
0,30,,,5.7750701904296875,174.776,
0,30,,,5.84869384765625,174.803,
0,30,,,5.84869384765625,174.829,
0,30,,,5.802154541015625,174.856,
0,30,,,5.802154541015625,174.882,
0,30,,,5.7941436767578125,174.909,
0,30,,,5.7941436767578125,174.935,
0,30,,,5.767822265625,174.962,
0,30,,,5.767822265625,174.989,
0,30,,,5.7964324951171875,175.015,
0,30,,,5.7964324951171875,175.042,
0,30,,,5.817413330078125,175.068,
0,30,,,5.837631225585938,175.095,
0,30,,,5.837631225585938,175.122,
0,30,,,5.794906616210938,175.148,
0,30,,,5.794906616210938,175.175,
0,30,,,5.762481689453126,175.201,
0,30,,,5.762481689453126,175.228,
0,30,,,5.7743072509765625,175.254,
0,30,,,5.7743072509765625,175.281,
0,30,,,5.8010101318359375,175.307,
0,30,,,5.8010101318359375,175.334,
0,30,,,5.783843994140625,175.36,
0,30,,,5.783843994140625,175.387,
0,30,,,5.780410766601563,175.414,
0,30,,,5.780410766601563,175.44,
0,30,,,5.814743041992188,175.467,
0,30,,,5.814743041992188,175.493,
0,30,,,5.783462524414063,175.52,
0,30,,,5.783462524414063,175.546,
0,30,,,5.791473388671875,175.573,
0,30,,,5.80291748046875,175.599,
0,30,,,5.80291748046875,175.626,
0,30,,,5.8155059814453125,175.653,
0,30,,,5.8155059814453125,175.679,
0,30,,,5.817794799804688,175.706,
0,30,,,5.817794799804688,175.732,
0,30,,,5.806732177734375,175.759,
0,30,,,5.806732177734375,175.785,
0,30,,,5.8437347412109375,175.812,
0,30,,,5.8437347412109375,175.838,
0,30,,,5.823516845703126,175.865,
0,30,,,5.823516845703126,175.891,
0,30,,,5.768203735351563,175.918,
0,30,,,5.768203735351563,175.945,
0,30,,,5.8765411376953125,175.971,
0,30,,,5.8765411376953125,175.998,
0,30,,,5.8094024658203125,176.024,
0,30,,,5.8094024658203125,176.051,
0,30,,,5.776596069335938,176.078,
0,30,,,5.833816528320313,176.104,
0,30,,,5.833816528320313,176.131,
0,30,,,5.7888031005859375,176.157,
0,30,,,5.7888031005859375,176.184,
0,30,,,5.781555175781251,176.211,
0,30,,,5.781555175781251,176.237,
0,30,,,5.848312377929688,176.264,
0,30,,,5.848312377929688,176.29,
0,30,,,5.8200836181640625,176.317,
0,30,,,5.8200836181640625,176.343,
0,30,,,5.824279785156251,176.37,
0,30,,,5.824279785156251,176.396,
0,30,,,5.825424194335938,176.423,
0,30,,,5.825424194335938,176.449,
0,30,,,5.7811737060546875,176.476,
0,30,,,5.7811737060546875,176.503,
0,30,,,5.745697021484375,176.529,
0,30,,,5.745697021484375,176.556,
0,30,,,5.803298950195313,176.583,
0,30,,,5.7926177978515625,176.609,
0,30,,,5.7926177978515625,176.636,
0,30,,,5.80596923828125,176.663,
0,30,,,5.80596923828125,176.689,
0,30,,,5.7952880859375,176.716,
0,30,,,5.7952880859375,176.742,
0,30,,,5.788040161132813,176.769,
0,30,,,5.788040161132813,176.795,
0,30,,,5.802154541015625,176.822,
0,30,,,5.802154541015625,176.849,
0,30,,,5.8506011962890625,176.875,
0,30,,,5.8506011962890625,176.902,
0,30,,,5.809020996093751,176.928,
0,30,,,5.809020996093751,176.955,
0,30,,,5.7849884033203125,176.982,
0,30,,,5.7849884033203125,177.008,
0,30,,,5.805206298828126,177.035,
0,30,,,5.805206298828126,177.061,
0,30,,,5.785369873046876,177.088,
0,30,,,5.8200836181640625,177.115,
0,30,,,5.8200836181640625,177.141,
0,30,,,5.8582305908203125,177.168,
0,30,,,5.8582305908203125,177.194,
0,30,,,5.7819366455078125,177.221,
0,30,,,5.7819366455078125,177.247,
0,30,,,5.839538574218751,177.274,
0,30,,,5.839538574218751,177.301,
0,30,,,5.7964324951171875,177.327,
0,30,,,5.7964324951171875,177.354,
0,30,,,5.788040161132813,177.38,
0,30,,,5.788040161132813,177.407,
0,30,,,5.789947509765626,177.434,
0,30,,,5.789947509765626,177.46,
0,30,,,5.841445922851563,177.487,
0,30,,,5.841445922851563,177.514,
0,30,,,5.765151977539063,177.541,
0,30,,,5.765151977539063,177.567,
0,30,,,5.8162689208984375,177.594,
0,30,,,5.7979583740234375,177.62,
0,30,,,5.7979583740234375,177.647,
0,30,,,5.765151977539063,177.673,
0,30,,,5.765151977539063,177.7,
0,30,,,5.8040618896484375,177.727,
0,30,,,5.8040618896484375,177.753,
0,30,,,5.810546875,177.78,
0,30,,,5.810546875,177.807,
0,30,,,5.816650390625001,177.833,
0,30,,,5.816650390625001,177.86,
0,30,,,5.7979583740234375,177.887,
0,30,,,5.7979583740234375,177.913,
0,30,,,5.802154541015625,177.94,
0,30,,,5.802154541015625,177.966,
0,30,,,5.807113647460938,177.993,
0,30,,,5.807113647460938,178.02,
0,30,,,5.781555175781251,178.046,
0,30,,,5.781555175781251,178.073,
0,30,,,5.786895751953125,178.099,
0,30,,,5.788421630859375,178.126,
0,30,,,5.788421630859375,178.153,
0,30,,,5.8193206787109375,178.179,
0,30,,,5.8193206787109375,178.206,
0,30,,,5.823516845703126,178.232,
0,30,,,5.823516845703126,178.259,
0,30,,,5.8315277099609375,178.285,
0,30,,,5.8315277099609375,178.312,
0,30,,,5.7888031005859375,178.338,
0,30,,,5.7888031005859375,178.365,
0,30,,,5.8055877685546875,178.391,
0,30,,,5.8055877685546875,178.418,
0,30,,,5.8116912841796875,178.445,
0,30,,,5.8116912841796875,178.471,
0,30,,,5.7781219482421875,178.498,
0,30,,,5.7781219482421875,178.524,
0,30,,,5.7895660400390625,178.551,
0,30,,,5.7895660400390625,178.577,
0,30,,,5.817413330078125,178.604,
0,30,,,5.8055877685546875,178.63,
0,30,,,5.8055877685546875,178.657,
0,30,,,5.801391601562501,178.683,
0,30,,,5.801391601562501,178.71,
0,30,,,5.819702148437501,178.737,
0,30,,,5.819702148437501,178.763,
0,30,,,5.797576904296876,178.79,
0,30,,,5.797576904296876,178.816,
0,30,,,5.777740478515626,178.843,
0,30,,,5.777740478515626,178.869,
0,30,,,5.802536010742188,178.896,
0,30,,,5.802536010742188,178.922,
0,30,,,5.807113647460938,178.949,
0,30,,,5.807113647460938,178.976,
0,30,,,5.783462524414063,179.002,
0,30,,,5.783462524414063,179.029,
0,30,,,5.8094024658203125,179.055,
0,30,,,5.8094024658203125,179.082,
0,30,,,5.810928344726563,179.108,
0,30,,,5.804443359375001,179.135,
0,30,,,5.804443359375001,179.161,
0,30,,,5.8002471923828125,179.188,
0,30,,,5.8002471923828125,179.214,
0,30,,,5.76019287109375,179.241,
0,30,,,5.76019287109375,179.268,
0,30,,,5.7888031005859375,179.294,
0,30,,,5.7888031005859375,179.321,
0,30,,,5.8094024658203125,179.347,
0,30,,,5.8094024658203125,179.374,
0,30,,,5.764389038085938,179.4,
0,30,,,5.764389038085938,179.427,
0,30,,,5.7621002197265625,179.453,
0,30,,,5.7621002197265625,179.48,
0,30,,,5.79833984375,179.506,
0,30,,,5.79833984375,179.533,
0,30,,,5.7826995849609375,179.56,
0,30,,,5.7826995849609375,179.586,
0,30,,,5.841445922851563,179.613,
0,30,,,5.841445922851563,179.639,
0,30,,,5.799102783203125,179.666,
0,30,,,5.8048248291015625,179.692,
0,30,,,5.8048248291015625,179.719,
0,30,,,5.8170318603515625,179.745,
0,30,,,5.8170318603515625,179.772,
0,30,,,5.7819366455078125,179.799,
0,30,,,5.7819366455078125,179.825,
0,30,,,5.837249755859375,179.852,
0,30,,,5.837249755859375,179.878,
0,30,,,5.81512451171875,179.905,
0,30,,,5.81512451171875,179.931,
0,30,,,5.856704711914063,179.958,
0,30,,,5.856704711914063,179.984,
0,30,,,5.7865142822265625,180.011,
0,30,,,5.7865142822265625,180.037,
0,30,,,5.818939208984375,180.064,
0,30,,,5.818939208984375,180.091,
0,30,,,5.79833984375,180.117,
0,30,,,5.79833984375,180.144,
0,30,,,5.806350708007813,180.17,
0,30,,,5.826568603515625,180.197,
0,30,,,5.826568603515625,180.223,
0,30,,,5.8002471923828125,180.25,
0,30,,,5.8002471923828125,180.277,
0,30,,,5.8124542236328125,180.303,
0,30,,,5.8124542236328125,180.33,
0,30,,,5.811309814453125,180.356,
0,30,,,5.811309814453125,180.383,
0,30,,,5.782318115234376,180.409,
0,30,,,5.782318115234376,180.436,
0,30,,,5.7697296142578125,180.462,
0,30,,,5.7697296142578125,180.489,
0,30,,,5.794525146484375,180.515,
0,30,,,5.794525146484375,180.542,
0,30,,,5.821990966796875,180.569,
0,30,,,5.821990966796875,180.595,
0,30,,,5.7769775390625,180.622,
0,30,,,5.7769775390625,180.648,
0,30,,,5.760955810546875,180.675,
0,30,,,5.8040618896484375,180.701,
0,30,,,5.8040618896484375,180.728,
0,30,,,5.8277130126953125,180.754,
0,30,,,5.8277130126953125,180.781,
0,30,,,5.772781372070313,180.808,
0,30,,,5.772781372070313,180.834,
0,30,,,5.777740478515626,180.861,
0,30,,,5.777740478515626,180.887,
0,30,,,5.7849884033203125,180.914,
0,30,,,5.7849884033203125,180.94,
0,30,,,5.810546875,180.967,
0,30,,,5.810546875,180.993,
0,30,,,5.791854858398438,181.02,
0,31,,,5.7704925537109375,181.153,
0,31,,,5.7323455810546875,181.18,
0,31,,,5.67779541015625,181.206,
0,31,,,5.67779541015625,181.233,
0,31,,,5.69915771484375,181.259,
0,31,,,5.69915771484375,181.286,
0,31,,,5.709075927734376,181.313,
0,31,,,5.709075927734376,181.339,
0,31,,,5.71136474609375,181.366,
0,31,,,5.71136474609375,181.392,
0,31,,,5.658340454101563,181.419,
0,31,,,5.658340454101563,181.445,
0,31,,,5.72662353515625,181.472,
0,31,,,5.72662353515625,181.498,
0,31,,,5.6941986083984375,181.525,
0,31,,,5.6941986083984375,181.551,
0,31,,,5.686187744140626,181.578,
0,31,,,5.686187744140626,181.605,
0,31,,,5.691909790039063,181.631,
0,31,,,5.691909790039063,181.658,
0,31,,,5.7048797607421875,181.685,
0,31,,,5.683135986328126,181.711,
0,31,,,5.683135986328126,181.738,
0,31,,,5.715179443359375,181.764,
0,31,,,5.715179443359375,181.791,
0,31,,,5.688095092773438,181.818,
0,31,,,5.688095092773438,181.844,
0,31,,,5.7170867919921875,181.871,
0,31,,,5.7170867919921875,181.897,
0,31,,,5.651092529296875,181.924,
0,31,,,5.651092529296875,181.95,
0,31,,,5.7170867919921875,181.977,
0,31,,,5.7170867919921875,182.004,
0,31,,,5.707550048828125,182.03,
0,31,,,5.707550048828125,182.057,
0,31,,,5.683135986328126,182.083,
0,31,,,5.683135986328126,182.11,
0,31,,,5.6491851806640625,182.137,
0,31,,,5.6491851806640625,182.163,
0,31,,,5.69610595703125,182.19,
0,31,,,5.744171142578126,182.216,
0,31,,,5.744171142578126,182.243,
0,31,,,5.6915283203125,182.27,
0,31,,,5.6915283203125,182.296,
0,31,,,5.669021606445313,182.323,
0,31,,,5.669021606445313,182.349,
0,31,,,5.684661865234375,182.376,
0,31,,,5.684661865234375,182.402,
0,31,,,5.692672729492188,182.429,
0,31,,,5.692672729492188,182.456,
0,31,,,5.7010650634765625,182.482,
0,31,,,5.7010650634765625,182.509,
0,31,,,5.6427001953125,182.535,
0,31,,,5.6427001953125,182.562,
0,31,,,5.681610107421875,182.589,
0,31,,,5.681610107421875,182.615,
0,31,,,5.674743652343751,182.642,
0,31,,,5.674743652343751,182.668,
0,31,,,5.692291259765625,182.695,
0,31,,,5.7018280029296875,182.721,
0,31,,,5.7018280029296875,182.748,
0,31,,,5.6835174560546875,182.775,
0,31,,,5.6835174560546875,182.801,
0,31,,,5.701446533203126,182.828,
0,31,,,5.701446533203126,182.854,
0,31,,,5.661392211914063,182.881,
0,31,,,5.661392211914063,182.907,
0,31,,,5.6854248046875,182.934,
0,31,,,5.6854248046875,182.961,
0,31,,,5.6301116943359375,182.987,
0,31,,,5.6301116943359375,183.014,
0,31,,,5.709075927734376,183.04,
0,31,,,5.709075927734376,183.067,
0,31,,,5.656433105468751,183.094,
0,31,,,5.656433105468751,183.12,
0,31,,,5.667114257812501,183.147,
0,31,,,5.667114257812501,183.173,
0,31,,,5.706787109375,183.2,
0,31,,,5.7239532470703125,183.226,
0,31,,,5.7239532470703125,183.253,
0,31,,,5.670928955078126,183.28,
0,31,,,5.670928955078126,183.306,
0,31,,,5.681610107421875,183.333,
0,31,,,5.681610107421875,183.359,
0,31,,,5.71441650390625,183.386,
0,31,,,5.71441650390625,183.412,
0,31,,,5.722427368164063,183.439,
0,31,,,5.722427368164063,183.466,
0,31,,,5.683135986328126,183.492,
0,31,,,5.683135986328126,183.519,
0,31,,,5.6732177734375,183.545,
0,31,,,5.6732177734375,183.572,
0,31,,,5.709838867187501,183.598,
0,31,,,5.709838867187501,183.625,
0,32,,,5.74951171875,183.758,
0,32,,,6.031036376953125,183.785,
0,32,,,6.031036376953125,183.811,
0,32,,,6.1279296875,183.838,
0,32,,,6.1279296875,183.864,
0,32,,,6.076812744140625,183.891,
0,32,,,6.076812744140625,183.917,
0,32,,,6.056213378906251,183.944,
0,32,,,6.056213378906251,183.971,
0,32,,,6.0634613037109375,183.997,
0,32,,,6.0634613037109375,184.024,
0,32,,,6.1145782470703125,184.05,
0,32,,,6.1145782470703125,184.077,
0,32,,,6.145858764648438,184.104,
0,32,,,6.145858764648438,184.13,
0,32,,,6.084823608398438,184.157,
0,32,,,6.084823608398438,184.183,
0,32,,,6.087493896484376,184.21,
0,32,,,6.077957153320313,184.236,
0,32,,,6.077957153320313,184.263,
0,32,,,6.069183349609375,184.29,
0,32,,,6.069183349609375,184.316,
0,32,,,6.1176300048828125,184.343,
0,32,,,6.1176300048828125,184.369,
0,32,,,6.094360351562501,184.396,
0,32,,,6.094360351562501,184.423,
0,32,,,5.8551788330078125,184.449,
0,32,,,5.8551788330078125,184.476,
0,32,,,5.5530548095703125,184.502,
0,32,,,5.5530548095703125,184.529,
0,32,,,5.559539794921875,184.555,
0,32,,,5.559539794921875,184.582,
0,32,,,5.5694580078125,184.609,
0,32,,,5.5694580078125,184.635,
0,32,,,5.535125732421875,184.662,
0,32,,,5.535125732421875,184.688,
0,32,,,5.585098266601563,184.715,
0,32,,,5.553436279296876,184.741,
0,32,,,5.553436279296876,184.768,
0,32,,,5.571746826171876,184.795,
0,32,,,5.571746826171876,184.821,
0,32,,,5.5446624755859375,184.848,
0,32,,,5.5446624755859375,184.874,
0,32,,,5.575561523437501,184.901,
0,32,,,5.575561523437501,184.927,
0,32,,,5.558395385742188,184.954,
0,32,,,5.558395385742188,184.981,
0,32,,,5.55572509765625,185.007,
0,32,,,5.55572509765625,185.034,
0,32,,,5.58624267578125,185.06,
0,32,,,5.58624267578125,185.087,
0,32,,,5.58624267578125,185.113,
0,32,,,5.58624267578125,185.14,
0,32,,,5.5797576904296875,185.166,
0,32,,,5.5797576904296875,185.193,
0,32,,,5.581283569335938,185.22,
0,32,,,5.581283569335938,185.246,
0,32,,,5.587005615234376,185.273,
0,32,,,5.5263519287109375,185.299,
0,32,,,5.5263519287109375,185.326,
0,32,,,5.554580688476563,185.352,
0,32,,,5.554580688476563,185.379,
0,32,,,5.5633544921875,185.405,
0,32,,,5.5633544921875,185.432,
0,32,,,5.591583251953126,185.458,
0,32,,,5.591583251953126,185.485,
0,32,,,5.559539794921875,185.512,
0,32,,,5.559539794921875,185.538,
0,32,,,5.565643310546875,185.565,
0,32,,,5.565643310546875,185.591,
0,32,,,5.5767059326171875,185.618,
0,32,,,5.5767059326171875,185.644,
0,33,,,5.749893188476563,185.777,
0,33,,,5.926513671875001,185.804,
0,33,,,5.926513671875001,185.831,
0,33,,,6.0367584228515625,185.857,
0,33,,,6.0367584228515625,185.884,
0,33,,,6.049346923828126,185.911,
0,33,,,6.049346923828126,185.937,
0,33,,,5.999755859375001,185.964,
0,33,,,5.999755859375001,185.99,
0,33,,,6.086730957031251,186.017,
0,33,,,6.086730957031251,186.043,
0,33,,,6.073760986328125,186.07,
0,33,,,6.073760986328125,186.096,
0,33,,,6.0291290283203125,186.123,
0,33,,,6.0291290283203125,186.15,
0,33,,,6.043624877929688,186.176,
0,33,,,6.043624877929688,186.203,
0,33,,,6.061553955078125,186.229,
0,33,,,6.061553955078125,186.256,
0,33,,,6.0596466064453125,186.282,
0,33,,,6.012725830078125,186.309,
0,33,,,6.012725830078125,186.335,
0,33,,,6.029510498046876,186.362,
0,33,,,6.029510498046876,186.389,
0,33,,,6.008148193359375,186.415,
0,33,,,6.008148193359375,186.442,
0,33,,,6.013107299804688,186.468,
0,33,,,6.013107299804688,186.495,
0,33,,,6.05010986328125,186.521,
0,33,,,6.05010986328125,186.548,
0,33,,,6.0176849365234375,186.574,
0,33,,,6.0176849365234375,186.601,
0,33,,,6.0516357421875,186.627,
0,33,,,6.0516357421875,186.654,
0,33,,,6.022644042968751,186.681,
0,33,,,6.022644042968751,186.707,
0,33,,,6.0329437255859375,186.734,
0,33,,,6.0329437255859375,186.76,
0,33,,,6.012344360351563,186.787,
0,33,,,6.029510498046876,186.813,
0,33,,,6.029510498046876,186.84,
0,33,,,6.0688018798828125,186.866,
0,33,,,6.0688018798828125,186.893,
0,33,,,6.017303466796875,186.919,
0,33,,,6.017303466796875,186.946,
0,33,,,6.0573577880859375,186.973,
0,33,,,6.0573577880859375,186.999,
0,33,,,6.062698364257813,187.026,
0,33,,,6.062698364257813,187.052,
0,33,,,6.035232543945313,187.079,
0,33,,,6.035232543945313,187.105,
0,33,,,6.020736694335938,187.132,
0,33,,,6.020736694335938,187.158,
0,33,,,6.04705810546875,187.185,
0,33,,,6.04705810546875,187.212,
0,33,,,6.091308593750001,187.238,
0,33,,,6.091308593750001,187.265,
0,33,,,6.032562255859375,187.291,
0,34,,,5.770111083984376,187.424,
0,34,,,5.770111083984376,187.451,
0,34,,,5.951309204101563,187.477,
0,34,,,5.951309204101563,187.504,
0,34,,,5.879592895507813,187.53,
0,34,,,5.879592895507813,187.557,
0,34,,,5.8612823486328125,187.583,
0,34,,,5.8612823486328125,187.61,
0,34,,,5.8689117431640625,187.636,
0,34,,,5.8689117431640625,187.663,
0,34,,,5.910491943359375,187.689,
0,34,,,5.910491943359375,187.716,
0,34,,,5.899810791015626,187.743,
0,34,,,5.899810791015626,187.769,
0,34,,,5.9173583984375,187.796,
0,34,,,5.9173583984375,187.822,
0,34,,,5.9051513671875,187.849,
0,34,,,5.9429168701171875,187.875,
0,34,,,5.9429168701171875,187.902,
0,34,,,5.939483642578125,187.928,
0,34,,,5.939483642578125,187.955,
0,34,,,5.92803955078125,187.981,
0,34,,,5.92803955078125,188.008,
0,34,,,5.8887481689453125,188.035,
0,34,,,5.8887481689453125,188.061,
0,34,,,5.9326171875,188.088,
0,34,,,5.9326171875,188.114,
0,34,,,5.9032440185546875,188.141,
0,34,,,5.9032440185546875,188.168,
0,34,,,5.9051513671875,188.194,
0,34,,,5.9051513671875,188.221,
0,34,,,5.92041015625,188.247,
0,34,,,5.92041015625,188.274,
0,34,,,5.904388427734376,188.3,
0,34,,,5.904388427734376,188.327,
0,34,,,5.903625488281251,188.353,
0,34,,,5.9230804443359375,188.38,
0,34,,,5.9230804443359375,188.406,
0,34,,,5.894851684570313,188.433,
0,34,,,5.894851684570313,188.46,
0,34,,,5.9154510498046875,188.486,
0,34,,,5.9154510498046875,188.513,
0,34,,,5.8990478515625,188.539,
0,34,,,5.8990478515625,188.566,
0,34,,,5.8811187744140625,188.592,
0,34,,,5.8811187744140625,188.619,
0,34,,,5.899810791015626,188.645,
0,34,,,5.899810791015626,188.672,
0,34,,,5.925750732421875,188.699,
0,34,,,5.925750732421875,188.725,
0,34,,,5.873107910156251,188.752,
0,34,,,5.873107910156251,188.778,
0,34,,,5.9230804443359375,188.805,
0,34,,,5.9230804443359375,188.831,
0,34,,,5.93719482421875,188.858,
0,34,,,5.875396728515625,188.884,
0,34,,,5.875396728515625,188.911,
0,34,,,5.8887481689453125,188.938,
0,34,,,5.8887481689453125,188.964,
0,34,,,5.969238281250001,188.991,
0,34,,,5.969238281250001,189.017,
0,34,,,5.833816528320313,189.044,
0,34,,,5.833816528320313,189.07,
0,34,,,5.928421020507813,189.097,
0,34,,,5.928421020507813,189.124,
0,34,,,5.9326171875,189.15,
0,34,,,5.9326171875,189.177,
0,34,,,5.8383941650390625,189.203,
0,34,,,5.8383941650390625,189.23,
0,34,,,5.9070587158203125,189.256,
0,34,,,5.9070587158203125,189.283,
0,34,,,5.931091308593751,189.309,
0,34,,,5.931091308593751,189.336,
0,34,,,5.8441162109375,189.362,
0,34,,,5.949401855468751,189.389,
0,34,,,5.949401855468751,189.416,
0,34,,,5.940628051757813,189.442,
0,34,,,5.940628051757813,189.469,
0,34,,,5.887603759765625,189.495,
0,34,,,5.887603759765625,189.522,
0,34,,,5.93719482421875,189.548,
0,34,,,5.93719482421875,189.575,
0,34,,,5.8971405029296875,189.601,
0,34,,,5.8971405029296875,189.628,
0,34,,,5.8956146240234375,189.655,
0,34,,,5.8956146240234375,189.681,
0,34,,,5.931091308593751,189.708,
0,34,,,5.931091308593751,189.734,
0,34,,,5.899810791015626,189.761,
0,34,,,5.899810791015626,189.787,
0,34,,,5.9078216552734375,189.814,
0,34,,,5.9078216552734375,189.84,
0,34,,,5.9299468994140625,189.867,
0,34,,,5.86090087890625,189.893,
0,34,,,5.86090087890625,189.92,
0,34,,,5.8765411376953125,189.947,
0,34,,,5.8765411376953125,189.974,
0,34,,,5.922698974609376,190.0,
0,34,,,5.922698974609376,190.027,
0,34,,,5.834197998046875,190.053,
0,34,,,5.834197998046875,190.08,
0,34,,,5.898666381835938,190.106,
0,34,,,5.898666381835938,190.133,
0,34,,,5.9261322021484375,190.16,
0,34,,,5.9261322021484375,190.186,
0,34,,,5.893707275390625,190.213,
0,34,,,5.893707275390625,190.239,
0,34,,,5.847167968750001,190.266,
0,34,,,5.847167968750001,190.292,
0,34,,,5.892181396484376,190.319,
0,34,,,5.892181396484376,190.345,
0,34,,,5.858612060546876,190.372,
0,34,,,5.902099609375,190.399,
0,34,,,5.902099609375,190.425,
0,34,,,5.89447021484375,190.452,
0,34,,,5.89447021484375,190.478,
0,34,,,5.890655517578125,190.505,
0,34,,,5.890655517578125,190.531,
0,34,,,5.9051513671875,190.558,
0,34,,,5.9051513671875,190.584,
0,34,,,5.913543701171875,190.611,
0,34,,,5.913543701171875,190.637,
0,34,,,5.87921142578125,190.664,
0,34,,,5.87921142578125,190.691,
0,34,,,5.8666229248046875,190.717,
0,34,,,5.8666229248046875,190.744,
0,34,,,5.9192657470703125,190.77,
0,34,,,5.9192657470703125,190.797,
0,34,,,5.868148803710938,190.823,
0,34,,,5.868148803710938,190.85,
0,34,,,5.890655517578125,190.876,
0,34,,,5.890655517578125,190.903,
0,34,,,5.889129638671876,190.929,
0,34,,,5.86395263671875,190.956,
0,34,,,5.86395263671875,190.982,
0,34,,,5.9268951416015625,191.009,
0,34,,,5.9268951416015625,191.036,
0,34,,,5.913543701171875,191.062,
0,34,,,5.913543701171875,191.089,
0,34,,,5.871200561523438,191.115,
0,34,,,5.871200561523438,191.142,
0,34,,,5.8956146240234375,191.168,
0,34,,,5.8956146240234375,191.195,
0,34,,,5.8818817138671875,191.221,
0,34,,,5.8818817138671875,191.248,
0,34,,,5.908966064453125,191.274,
0,34,,,5.908966064453125,191.301,
0,34,,,5.904388427734376,191.328,
0,34,,,5.904388427734376,191.354,
0,34,,,5.887603759765625,191.381,
0,34,,,5.887603759765625,191.407,
0,34,,,5.867385864257813,191.434,
0,34,,,5.907440185546876,191.46,
0,34,,,5.907440185546876,191.487,
0,34,,,5.852127075195313,191.513,
0,34,,,5.852127075195313,191.54,
0,34,,,5.94024658203125,191.566,
0,34,,,5.94024658203125,191.593,
0,34,,,5.908966064453125,191.62,
0,34,,,5.908966064453125,191.646,
0,34,,,5.852508544921875,191.673,
0,34,,,5.852508544921875,191.699,
0,34,,,5.908203125000001,191.726,
0,34,,,5.908203125000001,191.752,
0,34,,,5.928421020507813,191.779,
0,34,,,5.928421020507813,191.805,
0,34,,,5.860137939453125,191.832,
0,34,,,5.860137939453125,191.858,
0,34,,,5.920791625976563,191.885,
0,34,,,5.920791625976563,191.912,
0,34,,,5.9085845947265625,191.938,
0,34,,,5.869293212890626,191.965,
0,34,,,5.869293212890626,191.991,
0,34,,,5.9535980224609375,192.018,
0,34,,,5.9535980224609375,192.044,
0,34,,,5.898666381835938,192.071,
0,34,,,5.898666381835938,192.097,
0,34,,,5.923461914062501,192.124,
0,34,,,5.923461914062501,192.15,
0,34,,,5.9528350830078125,192.177,
0,34,,,5.9528350830078125,192.203,
0,34,,,5.906295776367188,192.23,
0,34,,,5.906295776367188,192.257,
0,34,,,5.8689117431640625,192.283,
0,34,,,5.8689117431640625,192.31,
0,34,,,5.908203125000001,192.336,
0,34,,,5.908203125000001,192.363,
0,34,,,5.947494506835938,192.389,
0,34,,,5.947494506835938,192.416,
0,34,,,5.8536529541015625,192.442,
0,34,,,5.8536529541015625,192.469,
0,34,,,5.9391021728515625,192.495,
0,34,,,5.9261322021484375,192.522,
0,34,,,5.9261322021484375,192.549,
0,34,,,5.895233154296875,192.575,
0,34,,,5.895233154296875,192.602,
0,34,,,5.956268310546875,192.628,
0,34,,,5.956268310546875,192.655,
0,34,,,5.8917999267578125,192.681,
0,34,,,5.8917999267578125,192.708,
0,34,,,5.8536529541015625,192.734,
0,34,,,5.8536529541015625,192.761,
0,34,,,5.9604644775390625,192.787,
0,34,,,5.9604644775390625,192.814,
0,34,,,5.8917999267578125,192.841,
0,34,,,5.8917999267578125,192.867,
0,34,,,5.890655517578125,192.894,
0,34,,,5.890655517578125,192.92,
0,34,,,5.932998657226563,192.947,
0,34,,,5.932998657226563,192.973,
0,34,,,5.897903442382813,193.0,
0,34,,,5.889129638671876,193.026,
0,34,,,5.889129638671876,193.053,
0,34,,,5.902481079101563,193.08,
0,34,,,5.902481079101563,193.106,
0,34,,,5.888366699218751,193.133,
0,34,,,5.888366699218751,193.159,
0,34,,,5.921554565429688,193.186,
0,34,,,5.921554565429688,193.212,
0,34,,,5.924224853515625,193.239,
0,34,,,5.924224853515625,193.266,
0,34,,,5.862426757812501,193.292,
0,34,,,5.862426757812501,193.319,
0,34,,,5.928802490234375,193.346,
0,34,,,5.928802490234375,193.373,
0,34,,,5.923461914062501,193.399,
0,34,,,5.923461914062501,193.426,
0,34,,,5.895233154296875,193.452,
0,35,,,5.810165405273438,193.585,
0,35,,,5.810165405273438,193.612,
0,35,,,6.009674072265625,193.638,
0,35,,,6.009674072265625,193.665,
0,35,,,6.028366088867188,193.691,
0,35,,,6.028366088867188,193.718,
0,35,,,5.997467041015625,193.745,
0,35,,,5.997467041015625,193.771,
0,35,,,5.975341796875,193.798,
0,35,,,5.975341796875,193.824,
0,35,,,5.983734130859376,193.851,
0,35,,,5.983734130859376,193.878,
0,35,,,6.016921997070313,193.904,
0,35,,,6.016921997070313,193.931,
0,35,,,5.982208251953125,193.957,
0,35,,,5.982208251953125,193.984,
0,35,,,5.970001220703125,194.011,
0,35,,,5.9810638427734375,194.037,
0,35,,,5.9810638427734375,194.064,
0,35,,,6.022644042968751,194.09,
0,35,,,6.022644042968751,194.117,
0,35,,,5.937957763671876,194.144,
0,35,,,5.937957763671876,194.171,
0,35,,,5.967330932617188,194.197,
0,35,,,5.967330932617188,194.224,
0,35,,,5.9734344482421875,194.25,
0,35,,,5.9734344482421875,194.277,
0,35,,,6.00128173828125,194.304,
0,35,,,6.00128173828125,194.33,
0,35,,,5.98297119140625,194.357,
0,35,,,5.98297119140625,194.383,
0,35,,,5.971145629882813,194.41,
0,35,,,5.971145629882813,194.437,
0,35,,,6.024932861328125,194.463,
0,35,,,6.024932861328125,194.49,
0,35,,,6.060028076171876,194.516,
0,35,,,5.981826782226563,194.543,
0,35,,,5.981826782226563,194.569,
0,35,,,6.0115814208984375,194.596,
0,35,,,6.0115814208984375,194.623,
0,35,,,5.9612274169921875,194.649,
0,35,,,5.9612274169921875,194.676,
0,35,,,6.0062408447265625,194.702,
0,35,,,6.0062408447265625,194.729,
0,35,,,5.997467041015625,194.755,
0,35,,,5.997467041015625,194.782,
0,35,,,5.9909820556640625,194.809,
0,35,,,5.9909820556640625,194.835,
0,35,,,6.016159057617188,194.862,
0,35,,,6.016159057617188,194.888,
0,35,,,6.016159057617188,194.915,
0,35,,,6.016159057617188,194.941,
0,35,,,5.9490203857421875,194.968,
0,35,,,5.9490203857421875,194.995,
0,35,,,6.000518798828125,195.021,
0,35,,,6.008529663085938,195.048,
0,35,,,6.008529663085938,195.074,
0,35,,,6.008529663085938,195.101,
0,35,,,6.008529663085938,195.127,
0,36,,,7.5481414794921875,196.136,
0,36,,,7.591629028320313,196.162,
0,36,,,7.591629028320313,196.189,
0,36,,,7.617187500000001,196.216,
0,36,,,7.617187500000001,196.242,
0,36,,,7.6251983642578125,196.269,
0,36,,,7.6251983642578125,196.295,
0,36,,,7.607269287109375,196.322,
0,36,,,7.607269287109375,196.348,
0,36,,,7.6389312744140625,196.375,
0,36,,,7.6389312744140625,196.401,
0,36,,,7.652664184570313,196.428,
0,36,,,7.652664184570313,196.455,
0,36,,,7.6061248779296875,196.481,
0,36,,,7.6061248779296875,196.508,
0,36,,,7.62939453125,196.534,
0,36,,,7.62939453125,196.561,
0,36,,,7.608795166015626,196.587,
0,36,,,7.6137542724609375,196.614,
0,36,,,7.6137542724609375,196.64,
0,36,,,7.6061248779296875,196.667,
0,36,,,7.6061248779296875,196.694,
0,36,,,7.634735107421875,196.72,
0,36,,,7.634735107421875,196.747,
0,36,,,7.62939453125,196.773,
0,36,,,7.62939453125,196.8,
0,36,,,7.623291015625,196.826,
0,36,,,7.623291015625,196.853,
0,36,,,7.6511383056640625,196.879,
0,36,,,7.6511383056640625,196.906,
0,36,,,7.614898681640625,196.933,
0,36,,,7.614898681640625,196.959,
0,36,,,7.632446289062501,196.986,
0,36,,,7.632446289062501,197.012,
0,36,,,7.6007843017578125,197.039,
0,36,,,7.6007843017578125,197.065,
0,36,,,7.6274871826171875,197.092,
0,36,,,7.623291015625,197.118,
0,36,,,7.623291015625,197.145,
0,36,,,7.6244354248046875,197.172,
0,36,,,7.6244354248046875,197.198,
0,36,,,7.623291015625,197.225,
0,36,,,7.623291015625,197.251,
0,36,,,7.633590698242188,197.278,
0,36,,,7.633590698242188,197.304,
0,36,,,7.597351074218751,197.331,
0,36,,,7.597351074218751,197.357,
0,36,,,7.633209228515625,197.384,
0,36,,,7.633209228515625,197.411,
0,36,,,7.6427459716796875,197.437,
0,36,,,7.6427459716796875,197.464,
0,36,,,7.64617919921875,197.49,
0,36,,,7.64617919921875,197.517,
0,36,,,7.646942138671876,197.544,
0,36,,,7.646942138671876,197.57,
0,36,,,7.650756835937501,197.597,
0,36,,,7.643890380859376,197.623,
0,36,,,7.643890380859376,197.65,
0,36,,,7.618331909179688,197.676,
0,36,,,7.618331909179688,197.703,
0,36,,,7.5946807861328125,197.73,
0,36,,,7.5946807861328125,197.756,
0,36,,,7.626724243164063,197.783,
0,36,,,7.626724243164063,197.809,
0,36,,,7.646942138671876,197.836,
0,36,,,7.646942138671876,197.862,
0,36,,,7.636260986328126,197.889,
0,36,,,7.636260986328126,197.916,
0,36,,,7.6328277587890625,197.942,
0,36,,,7.6328277587890625,197.969,
0,36,,,7.6503753662109375,197.995,
0,36,,,7.6503753662109375,198.022,
0,36,,,7.625579833984375,198.049,
0,36,,,7.625579833984375,198.075,
0,36,,,7.617950439453125,198.102,
0,36,,,7.639312744140626,198.128,
0,36,,,7.639312744140626,198.155,
0,36,,,7.62176513671875,198.181,
0,36,,,7.62176513671875,198.208,
0,36,,,7.630538940429688,198.235,
0,36,,,7.630538940429688,198.261,
0,36,,,7.6427459716796875,198.288,
0,36,,,7.6427459716796875,198.314,
0,36,,,7.640838623046875,198.341,
0,36,,,7.640838623046875,198.367,
0,36,,,7.6503753662109375,198.394,
0,36,,,7.6503753662109375,198.421,
0,36,,,7.640838623046875,198.448,
0,36,,,7.640838623046875,198.475,
0,36,,,7.638168334960938,198.501,
0,36,,,7.638168334960938,198.528,
0,36,,,7.622909545898438,198.554,
0,36,,,7.622909545898438,198.581,
0,36,,,7.627105712890625,198.607,
0,36,,,7.6251983642578125,198.634,
0,36,,,7.6251983642578125,198.661,
0,36,,,7.60650634765625,198.687,
0,36,,,7.60650634765625,198.714,
0,36,,,7.6465606689453125,198.74,
0,36,,,7.6465606689453125,198.767,
0,36,,,7.622909545898438,198.793,
0,36,,,7.622909545898438,198.82,
0,36,,,7.643890380859376,198.847,
0,36,,,7.643890380859376,198.873,
0,36,,,7.624816894531251,198.9,
0,36,,,7.624816894531251,198.926,
0,36,,,7.6263427734375,198.953,
0,36,,,7.6263427734375,198.979,
0,36,,,7.599639892578125,199.006,
0,36,,,7.599639892578125,199.033,
0,36,,,7.633590698242188,199.059,
0,36,,,7.633590698242188,199.086,
0,36,,,7.645797729492188,199.112,
0,36,,,7.622909545898438,199.139,
0,36,,,7.622909545898438,199.165,
0,36,,,7.6206207275390625,199.192,
0,36,,,7.6206207275390625,199.218,
0,36,,,7.6435089111328125,199.245,
0,36,,,7.6435089111328125,199.271,
0,36,,,7.6480865478515625,199.298,
0,36,,,7.6480865478515625,199.325,
0,36,,,7.647705078125001,199.351,
0,36,,,7.647705078125001,199.378,
0,36,,,7.620239257812501,199.404,
0,36,,,7.620239257812501,199.431,
0,36,,,7.622909545898438,199.457,
0,36,,,7.622909545898438,199.484,
0,36,,,7.6263427734375,199.51,
0,36,,,7.6263427734375,199.537,
0,36,,,7.656478881835938,199.563,
0,36,,,7.656478881835938,199.59,
0,36,,,7.6465606689453125,199.617,
0,36,,,7.6427459716796875,199.643,
0,36,,,7.6427459716796875,199.67,
0,36,,,7.592391967773438,199.696,
0,36,,,7.592391967773438,199.723,
0,36,,,7.654571533203126,199.749,
0,36,,,7.654571533203126,199.776,
0,36,,,7.625579833984375,199.802,
0,36,,,7.625579833984375,199.829,
0,36,,,7.6446533203125,199.856,
0,36,,,7.6446533203125,199.882,
0,36,,,7.6290130615234375,199.909,
0,36,,,7.6290130615234375,199.935,
0,36,,,7.6290130615234375,199.962,
0,36,,,7.6290130615234375,199.988,
0,36,,,7.6168060302734375,200.015,
0,36,,,7.6168060302734375,200.041,
0,36,,,7.634353637695313,200.068,
0,36,,,7.634353637695313,200.095,
0,36,,,7.637405395507813,200.121,
0,36,,,7.63397216796875,200.148,
0,36,,,7.63397216796875,200.174,
0,36,,,7.6244354248046875,200.201,
0,36,,,7.6244354248046875,200.227,
0,36,,,7.6396942138671875,200.254,
0,36,,,7.6396942138671875,200.28,
0,36,,,7.597351074218751,200.307,
0,36,,,7.597351074218751,200.333,
0,36,,,7.6137542724609375,200.36,
0,36,,,7.6137542724609375,200.387,
0,36,,,7.6099395751953125,200.413,
0,36,,,7.6099395751953125,200.44,
0,36,,,7.6160430908203125,200.466,
0,36,,,7.6160430908203125,200.493,
0,36,,,7.5958251953125,200.519,
0,36,,,7.5958251953125,200.546,
0,36,,,7.6099395751953125,200.572,
0,36,,,7.6099395751953125,200.599,
0,36,,,7.62176513671875,200.626,
0,36,,,7.62176513671875,200.652,
0,36,,,7.610321044921875,200.679,
0,36,,,7.6282501220703125,200.705,
0,36,,,7.6282501220703125,200.732,
0,36,,,7.608795166015626,200.758,
0,36,,,7.608795166015626,200.785,
0,36,,,7.6313018798828125,200.811,
0,36,,,7.6313018798828125,200.838,
0,36,,,7.6313018798828125,200.864,
0,36,,,7.6313018798828125,200.891,
0,36,,,7.637786865234375,200.918,
0,36,,,7.637786865234375,200.944,
0,36,,,7.6396942138671875,200.971,
0,36,,,7.6396942138671875,200.997,
0,36,,,7.628631591796876,201.024,
0,36,,,7.628631591796876,201.05,
0,36,,,7.6251983642578125,201.077,
0,36,,,7.6251983642578125,201.103,
0,36,,,7.6263427734375,201.13,
0,36,,,7.6263427734375,201.157,
0,36,,,7.620239257812501,201.183,
0,36,,,7.620239257812501,201.21,
0,36,,,7.620239257812501,201.236,
0,36,,,7.61871337890625,201.263,
0,36,,,7.61871337890625,201.289,
0,36,,,7.6244354248046875,201.316,
0,36,,,7.6244354248046875,201.342,
0,36,,,7.6274871826171875,201.369,
0,36,,,7.6274871826171875,201.395,
0,36,,,7.600021362304688,201.422,
0,36,,,7.600021362304688,201.449,
0,36,,,7.623291015625,201.475,
0,36,,,7.623291015625,201.502,
0,36,,,7.649612426757813,201.528,
0,36,,,7.649612426757813,201.555,
0,36,,,7.6263427734375,201.581,
0,36,,,7.6263427734375,201.608,
0,36,,,7.6168060302734375,201.634,
0,36,,,7.6168060302734375,201.661,
0,36,,,7.606887817382813,201.687,
0,36,,,7.649993896484375,201.714,
0,36,,,7.649993896484375,201.741,
0,36,,,7.633590698242188,201.767,
0,36,,,7.633590698242188,201.794,
0,36,,,7.6313018798828125,201.82,
0,36,,,7.6313018798828125,201.847,
0,36,,,7.631683349609376,201.873,
0,36,,,7.631683349609376,201.9,
0,36,,,7.608795166015626,201.926,
0,36,,,7.608795166015626,201.953,
0,36,,,7.6351165771484375,201.979,
0,36,,,7.6351165771484375,202.006,
0,36,,,7.6416015625,202.033,
0,36,,,7.6416015625,202.059,
0,36,,,7.643127441406251,202.086,
0,36,,,7.643127441406251,202.112,
0,36,,,7.6282501220703125,202.139,
0,36,,,7.6282501220703125,202.165,
0,36,,,7.6435089111328125,202.192,
0,36,,,7.629776000976563,202.218,
0,36,,,7.629776000976563,202.245,
0,36,,,7.6446533203125,202.271,
0,36,,,7.6446533203125,202.298,
0,36,,,7.640075683593751,202.325,
0,36,,,7.640075683593751,202.351,
0,36,,,7.6251983642578125,202.378,
0,36,,,7.6251983642578125,202.404,
0,36,,,7.649993896484375,202.431,
0,36,,,7.649993896484375,202.457,
0,36,,,7.6213836669921875,202.484,
0,36,,,7.6213836669921875,202.51,
0,36,,,7.6274871826171875,202.538,
0,36,,,7.6274871826171875,202.564,
0,36,,,7.6206207275390625,202.591,
0,36,,,7.6206207275390625,202.617,
0,36,,,7.622146606445313,202.644,
0,36,,,7.622146606445313,202.67,
0,36,,,7.6389312744140625,202.697,
0,36,,,7.62176513671875,202.724,
0,36,,,7.62176513671875,202.75,
0,36,,,7.618331909179688,202.777,
0,36,,,7.618331909179688,202.803,
0,36,,,7.6366424560546875,202.83,
0,36,,,7.6366424560546875,202.856,
0,36,,,7.62939453125,202.883,
0,36,,,7.62939453125,202.909,
0,36,,,7.611465454101563,202.936,
0,36,,,7.611465454101563,202.962,
0,36,,,7.595443725585938,202.989,
0,36,,,7.595443725585938,203.016,
0,36,,,7.645416259765625,203.042,
0,36,,,7.645416259765625,203.069,
0,36,,,7.6213836669921875,203.095,
0,36,,,7.6213836669921875,203.122,
0,36,,,7.623291015625,203.148,
0,36,,,7.623291015625,203.175,
0,36,,,7.646942138671876,203.201,
0,36,,,7.646942138671876,203.228,
0,36,,,7.631683349609376,203.254,
0,36,,,7.65228271484375,203.281,
0,36,,,7.65228271484375,203.308,
0,36,,,7.612609863281251,203.334,
0,36,,,7.612609863281251,203.361,
0,36,,,7.6618194580078125,203.387,
0,36,,,7.6618194580078125,203.414,
0,36,,,7.63397216796875,203.44,
0,36,,,7.63397216796875,203.467,
0,36,,,7.622528076171875,203.493,
0,36,,,7.622528076171875,203.52,
0,36,,,7.6385498046875,203.546,
0,36,,,7.6385498046875,203.573,
0,36,,,7.614898681640625,203.6,
0,36,,,7.614898681640625,203.626,
0,36,,,7.6541900634765625,203.653,
0,36,,,7.6541900634765625,203.679,
0,36,,,7.633590698242188,203.706,
0,36,,,7.633590698242188,203.732,
0,36,,,7.631683349609376,203.759,
0,36,,,7.638168334960938,203.785,
0,36,,,7.638168334960938,203.812,
0,36,,,7.656478881835938,203.838,
0,36,,,7.656478881835938,203.865,
0,36,,,7.612609863281251,203.892,
0,36,,,7.612609863281251,203.918,
0,36,,,7.6366424560546875,203.945,
0,36,,,7.6366424560546875,203.971,
0,36,,,7.625579833984375,203.998,
0,36,,,7.625579833984375,204.024,
0,36,,,7.631683349609376,204.051,
0,36,,,7.631683349609376,204.077,
0,36,,,7.633590698242188,204.104,
0,36,,,7.633590698242188,204.131,
0,36,,,7.61871337890625,204.157,
0,36,,,7.61871337890625,204.184,
0,36,,,7.643127441406251,204.21,
0,36,,,7.643127441406251,204.237,
0,36,,,7.643890380859376,204.263,
0,36,,,7.624816894531251,204.29,
0,36,,,7.624816894531251,204.316,
0,36,,,7.611465454101563,204.343,
0,36,,,7.611465454101563,204.37,
0,36,,,7.6206207275390625,204.396,
0,36,,,7.6206207275390625,204.423,
0,36,,,7.615280151367188,204.449,
0,36,,,7.615280151367188,204.476,
0,36,,,7.631683349609376,204.503,
0,36,,,7.631683349609376,204.529,
0,36,,,7.6389312744140625,204.556,
0,36,,,7.6389312744140625,204.582,
0,36,,,7.616424560546876,204.609,
0,36,,,7.616424560546876,204.635,
0,36,,,7.6396942138671875,204.662,
0,36,,,7.6396942138671875,204.688,
0,36,,,7.611083984375,204.715,
0,36,,,7.611083984375,204.741,
0,36,,,7.6549530029296875,204.768,
0,36,,,7.6313018798828125,204.795,
0,36,,,7.6313018798828125,204.821,
0,36,,,7.640075683593751,204.848,
0,36,,,7.640075683593751,204.874,
0,36,,,7.601928710937501,204.901,
0,36,,,7.601928710937501,204.927,
0,36,,,7.6328277587890625,204.954,
0,36,,,7.6328277587890625,204.98,
0,36,,,7.5908660888671875,205.007,
0,36,,,7.5908660888671875,205.034,
0,36,,,7.626724243164063,205.06,
0,36,,,7.626724243164063,205.087,
0,36,,,7.6198577880859375,205.113,
0,36,,,7.6198577880859375,205.14,
0,36,,,7.635498046875001,205.166,
0,36,,,7.635498046875001,205.193,
0,36,,,7.626724243164063,205.219,
0,36,,,7.626724243164063,205.246,
0,36,,,7.58819580078125,205.273,
0,36,,,7.58819580078125,205.299,
0,36,,,7.6244354248046875,205.326,
0,36,,,7.617187500000001,205.352,
0,36,,,7.617187500000001,205.379,
0,36,,,7.6168060302734375,205.405,
0,36,,,7.6168060302734375,205.432,
0,36,,,7.633209228515625,205.458,
0,36,,,7.633209228515625,205.485,
0,36,,,7.6320648193359375,205.511,
0,36,,,7.6320648193359375,205.538,
0,36,,,7.643127441406251,205.565,
0,36,,,7.643127441406251,205.591,
0,36,,,7.6358795166015625,205.618,
0,36,,,7.6358795166015625,205.644,
0,36,,,7.6213836669921875,205.671,
0,36,,,7.6213836669921875,205.697,
0,36,,,7.622528076171875,205.724,
0,36,,,7.622528076171875,205.75,
0,36,,,7.61566162109375,205.777,
0,36,,,7.61566162109375,205.804,
0,36,,,7.6427459716796875,205.83,
0,36,,,7.6366424560546875,205.857,
0,36,,,7.6366424560546875,205.883,
0,36,,,7.626724243164063,205.91,
0,36,,,7.626724243164063,205.936,
0,36,,,7.5855255126953125,205.963,
0,36,,,7.5855255126953125,205.989,
0,36,,,7.6568603515625,206.016,
0,36,,,7.6568603515625,206.043,
0,36,,,7.603836059570313,206.069,
0,36,,,7.603836059570313,206.096,
0,36,,,7.629776000976563,206.122,
0,37,,,7.5717926025390625,206.255,
0,37,,,7.4954986572265625,206.282,
0,37,,,7.4954986572265625,206.308,
0,37,,,7.4481964111328125,206.335,
0,37,,,7.446670532226563,206.361,
0,37,,,7.446670532226563,206.388,
0,37,,,7.460784912109376,206.414,
0,37,,,7.460784912109376,206.441,
0,37,,,7.458114624023438,206.468,
0,37,,,7.458114624023438,206.494,
0,37,,,7.448577880859376,206.521,
0,37,,,7.448577880859376,206.547,
0,37,,,7.45849609375,206.574,
0,37,,,7.45849609375,206.6,
0,37,,,7.463836669921876,206.627,
0,37,,,7.463836669921876,206.653,
0,37,,,7.455062866210938,206.681,
0,37,,,7.455062866210938,206.707,
0,37,,,7.456970214843751,206.734,
0,37,,,7.456970214843751,206.76,
0,37,,,7.449340820312501,206.787,
0,37,,,7.449340820312501,206.813,
0,37,,,7.4634552001953125,206.84,
0,37,,,7.445526123046876,206.867,
0,37,,,7.445526123046876,206.893,
0,37,,,7.469558715820313,206.92,
0,37,,,7.469558715820313,206.946,
0,37,,,7.45391845703125,206.973,
0,37,,,7.45391845703125,206.999,
0,37,,,7.480621337890625,207.026,
0,37,,,7.480621337890625,207.052,
0,37,,,7.482147216796875,207.079,
0,37,,,7.482147216796875,207.106,
0,37,,,7.447052001953125,207.132,
0,37,,,7.447052001953125,207.159,
0,37,,,7.434844970703125,207.185,
0,37,,,7.434844970703125,207.212,
0,37,,,7.442474365234375,207.238,
0,37,,,7.442474365234375,207.265,
0,37,,,7.4535369873046875,207.291,
0,37,,,7.4535369873046875,207.318,
0,37,,,7.477188110351563,207.345,
0,37,,,7.456970214843751,207.371,
0,37,,,7.456970214843751,207.398,
0,37,,,7.442855834960938,207.424,
0,37,,,7.442855834960938,207.451,
0,37,,,7.4615478515625,207.477,
0,37,,,7.4615478515625,207.504,
0,37,,,7.4596405029296875,207.53,
0,37,,,7.4596405029296875,207.557,
0,37,,,7.458877563476563,207.583,
0,37,,,7.458877563476563,207.61,
0,37,,,7.457733154296875,207.637,
0,37,,,7.457733154296875,207.663,
0,37,,,7.458877563476563,207.69,
0,37,,,7.458877563476563,207.716,
0,37,,,7.450485229492188,207.743,
0,37,,,7.450485229492188,207.769,
0,37,,,7.4565887451171875,207.796,
0,38,,,7.69805908203125,207.929,
0,38,,,7.69805908203125,207.955,
0,38,,,8.099746704101562,207.982,
0,38,,,8.099746704101562,208.008,
0,38,,,8.154296875,208.035,
0,38,,,8.154296875,208.061,
0,38,,,8.101654052734375,208.088,
0,38,,,8.101654052734375,208.114,
0,38,,,8.10089111328125,208.141,
0,38,,,8.10089111328125,208.168,
0,38,,,8.116912841796875,208.194,
0,38,,,8.116912841796875,208.221,
0,38,,,8.11614990234375,208.247,
0,38,,,8.11614990234375,208.274,
0,38,,,8.115005493164062,208.3,
0,38,,,8.115005493164062,208.327,
0,38,,,8.066558837890625,208.353,
0,38,,,8.066558837890625,208.38,
0,38,,,7.4306488037109375,208.406,
0,38,,,7.292938232421876,208.433,
0,38,,,7.292938232421876,208.46,
0,38,,,7.285308837890626,208.486,
0,38,,,7.285308837890626,208.513,
0,38,,,7.289123535156251,208.539,
0,38,,,7.289123535156251,208.566,
0,38,,,7.28302001953125,208.592,
0,38,,,7.28302001953125,208.619,
0,38,,,7.2780609130859375,208.645,
0,38,,,7.2780609130859375,208.672,
0,38,,,7.283782958984375,208.698,
0,38,,,7.283782958984375,208.725,
0,38,,,7.282638549804688,208.751,
0,38,,,7.282638549804688,208.778,
0,38,,,7.2971343994140625,208.805,
0,38,,,7.2971343994140625,208.831,
0,38,,,7.289123535156251,208.858,
0,38,,,7.289123535156251,208.884,
0,38,,,7.286453247070313,208.911,
0,38,,,7.276916503906251,208.937,
0,38,,,7.276916503906251,208.964,
0,38,,,7.289123535156251,208.99,
0,38,,,7.289123535156251,209.017,
0,38,,,7.2818756103515625,209.044,
0,38,,,7.2818756103515625,209.07,
0,38,,,7.2811126708984375,209.097,
0,38,,,7.2811126708984375,209.123,
0,39,,,7.5931549072265625,209.256,
0,39,,,7.5931549072265625,209.283,
0,39,,,8.006668090820312,209.309,
0,39,,,8.006668090820312,209.336,
0,39,,,7.975387573242188,209.362,
0,39,,,7.975387573242188,209.389,
0,39,,,8.008956909179688,209.415,
0,39,,,7.97882080078125,209.442,
0,39,,,7.97882080078125,209.468,
0,39,,,7.991027832031251,209.495,
0,39,,,7.991027832031251,209.522,
0,39,,,7.979202270507813,209.548,
0,39,,,7.979202270507813,209.575,
0,39,,,8.002853393554688,209.601,
0,39,,,8.002853393554688,209.628,
0,39,,,7.962799072265625,209.654,
0,39,,,7.962799072265625,209.681,
0,39,,,7.9708099365234375,209.708,
0,39,,,7.9708099365234375,209.734,
0,39,,,7.984924316406251,209.761,
0,39,,,7.984924316406251,209.787,
0,39,,,7.9723358154296875,209.814,
0,39,,,7.9723358154296875,209.84,
0,39,,,7.960128784179688,209.867,
0,39,,,7.960128784179688,209.893,
0,39,,,8.012008666992188,209.92,
0,39,,,8.012008666992188,209.946,
0,39,,,7.959747314453125,209.973,
0,39,,,7.984924316406251,210.0,
0,39,,,7.984924316406251,210.026,
0,39,,,7.975006103515625,210.053,
0,39,,,7.975006103515625,210.079,
0,39,,,7.9502105712890625,210.106,
0,39,,,7.9502105712890625,210.132,
0,39,,,7.9807281494140625,210.159,
0,39,,,7.9807281494140625,210.185,
0,40,,,7.5775146484375,210.318,
0,40,,,7.5775146484375,210.345,
0,40,,,7.75604248046875,210.371,
0,40,,,7.75604248046875,210.398,
0,40,,,7.770538330078125,210.425,
0,40,,,7.770538330078125,210.451,
0,40,,,7.7915191650390625,210.478,
0,40,,,7.784271240234376,210.504,
0,40,,,7.784271240234376,210.531,
0,40,,,7.7617645263671875,210.557,
0,40,,,7.7617645263671875,210.584,
0,40,,,7.8037261962890625,210.61,
0,40,,,7.8037261962890625,210.637,
0,40,,,7.7625274658203125,210.663,
0,40,,,7.7625274658203125,210.69,
0,40,,,7.7877044677734375,210.717,
0,40,,,7.7877044677734375,210.743,
0,40,,,7.748794555664063,210.77,
0,40,,,7.748794555664063,210.796,
0,40,,,7.767486572265625,210.823,
0,40,,,7.767486572265625,210.85,
0,40,,,7.770919799804688,210.877,
0,40,,,7.770919799804688,210.903,
0,40,,,7.7808380126953125,210.93,
0,40,,,7.7808380126953125,210.956,
0,40,,,7.779693603515625,210.983,
0,40,,,7.825088500976563,211.009,
0,40,,,7.825088500976563,211.036,
0,40,,,7.733154296875,211.062,
0,40,,,7.733154296875,211.089,
0,40,,,7.78350830078125,211.116,
0,40,,,7.78350830078125,211.142,
0,40,,,7.796478271484376,211.169,
0,40,,,7.796478271484376,211.195,
0,40,,,7.7777862548828125,211.222,
0,40,,,7.7777862548828125,211.248,
0,40,,,7.771682739257813,211.275,
0,40,,,7.771682739257813,211.301,
0,40,,,7.7770233154296875,211.328,
0,40,,,7.7770233154296875,211.354,
0,40,,,7.7648162841796875,211.381,
0,40,,,7.7648162841796875,211.408,
0,40,,,7.772827148437501,211.434,
0,40,,,7.772827148437501,211.461,
0,40,,,7.81402587890625,211.487,
0,40,,,7.801437377929688,211.514,
0,40,,,7.801437377929688,211.54,
0,40,,,7.7884674072265625,211.567,
0,40,,,7.7884674072265625,211.593,
0,40,,,7.817459106445313,211.62,
0,40,,,7.817459106445313,211.646,
0,40,,,7.805252075195313,211.673,
0,40,,,7.805252075195313,211.7,
0,40,,,7.7465057373046875,211.726,
0,40,,,7.7465057373046875,211.753,
0,40,,,7.7571868896484375,211.779,
0,40,,,7.7571868896484375,211.806,
0,40,,,7.8159332275390625,211.832,
0,40,,,7.8159332275390625,211.859,
0,40,,,7.78656005859375,211.885,
0,40,,,7.78656005859375,211.912,
0,40,,,7.7571868896484375,211.938,
0,40,,,7.7571868896484375,211.965,
0,40,,,7.787322998046875,211.992,
0,40,,,7.7579498291015625,212.018,
0,40,,,7.7579498291015625,212.045,
0,40,,,7.787322998046875,212.072,
0,40,,,7.787322998046875,212.098,
0,40,,,7.8235626220703125,212.125,
0,40,,,7.8235626220703125,212.151,
0,40,,,7.784271240234376,212.178,
0,40,,,7.784271240234376,212.204,
0,40,,,7.795715332031251,212.231,
0,40,,,7.795715332031251,212.257,
0,40,,,7.786178588867188,212.284,
0,40,,,7.786178588867188,212.31,
0,40,,,7.7503204345703125,212.337,
0,40,,,7.7503204345703125,212.364,
0,40,,,7.764434814453125,212.39,
0,40,,,7.764434814453125,212.417,
0,40,,,7.78350830078125,212.443,
0,40,,,7.78350830078125,212.47,
0,40,,,7.802200317382813,212.496,
0,40,,,7.798004150390625,212.523,
0,40,,,7.798004150390625,212.549,
0,40,,,7.78350830078125,212.576,
0,40,,,7.78350830078125,212.602,
0,40,,,7.810211181640625,212.629,
0,40,,,7.810211181640625,212.656,
0,40,,,7.781219482421876,212.682,
0,40,,,7.781219482421876,212.709,
0,40,,,7.7457427978515625,212.735,
0,40,,,7.7457427978515625,212.762,
0,40,,,7.7484130859375,212.788,
0,40,,,7.7484130859375,212.815,
0,40,,,7.811737060546876,212.841,
0,40,,,7.811737060546876,212.868,
0,40,,,7.799530029296876,212.894,
0,40,,,7.799530029296876,212.921,
0,40,,,7.7541351318359375,212.948,
0,40,,,7.7541351318359375,212.974,
0,40,,,7.7625274658203125,213.001,
0,40,,,7.7625274658203125,213.027,
0,40,,,7.7911376953125,213.054,
0,40,,,7.756423950195313,213.08,
0,40,,,7.756423950195313,213.107,
0,40,,,7.783126831054688,213.134,
0,40,,,7.783126831054688,213.16,
0,40,,,7.822418212890625,213.187,
0,40,,,7.822418212890625,213.213,
0,40,,,7.7991485595703125,213.24,
0,40,,,7.7991485595703125,213.266,
0,40,,,7.78961181640625,213.293,
0,40,,,7.78961181640625,213.319,
0,40,,,7.7922821044921875,213.346,
0,40,,,7.7922821044921875,213.372,
0,40,,,7.770538330078125,213.399,
0,40,,,7.770538330078125,213.426,
0,40,,,7.788848876953126,213.452,
0,40,,,7.788848876953126,213.479,
0,40,,,7.773590087890626,213.505,
0,40,,,7.773590087890626,213.532,
0,40,,,7.7960968017578125,213.558,
0,40,,,7.771682739257813,213.585,
0,40,,,7.771682739257813,213.611,
0,40,,,7.7930450439453125,213.638,
0,40,,,7.7930450439453125,213.664,
0,40,,,7.778167724609375,213.691,
0,40,,,7.778167724609375,213.718,
0,40,,,7.7892303466796875,213.744,
0,40,,,7.7892303466796875,213.771,
0,40,,,7.772064208984375,213.797,
0,40,,,7.772064208984375,213.824,
0,40,,,7.780456542968751,213.85,
0,40,,,7.780456542968751,213.877,
0,40,,,7.758331298828126,213.903,
0,40,,,7.758331298828126,213.93,
0,40,,,7.7739715576171875,213.957,
0,40,,,7.7739715576171875,213.983,
0,40,,,7.7724456787109375,214.01,
0,40,,,7.7724456787109375,214.036,
0,40,,,7.7701568603515625,214.063,
0,40,,,7.784271240234376,214.089,
0,40,,,7.784271240234376,214.116,
0,40,,,7.775115966796875,214.142,
0,41,,,7.573699951171875,214.249,
0,41,,,7.573699951171875,214.275,
0,41,,,7.89031982421875,214.302,
0,41,,,7.89031982421875,214.328,
0,41,,,7.875823974609375,214.355,
0,41,,,7.875823974609375,214.381,
0,41,,,7.9036712646484375,214.408,
0,41,,,7.9036712646484375,214.434,
0,41,,,7.880401611328126,214.461,
0,41,,,7.880401611328126,214.488,
0,41,,,7.9135894775390625,214.514,
0,41,,,7.9135894775390625,214.541,
0,41,,,7.903289794921876,214.567,
0,41,,,7.8922271728515625,214.594,
0,41,,,7.8922271728515625,214.62,
0,41,,,7.918548583984376,214.647,
0,41,,,7.918548583984376,214.673,
0,41,,,7.940673828125,214.7,
0,41,,,7.940673828125,214.727,
0,41,,,7.9288482666015625,214.753,
0,41,,,7.9288482666015625,214.78,
0,41,,,7.894134521484375,214.806,
0,41,,,7.894134521484375,214.833,
0,41,,,7.928085327148438,214.859,
0,41,,,7.928085327148438,214.886,
0,41,,,7.9132080078125,214.912,
0,41,,,7.9132080078125,214.939,
0,41,,,7.9132080078125,214.966,
0,41,,,7.9132080078125,214.993,
0,41,,,7.886123657226563,215.019,
0,41,,,7.886123657226563,215.046,
0,41,,,7.91015625,215.072,
0,41,,,7.891464233398438,215.099,
0,41,,,7.891464233398438,215.126,
0,41,,,7.9132080078125,215.152,
0,41,,,7.9132080078125,215.179,
0,41,,,7.905197143554688,215.205,
0,41,,,7.905197143554688,215.232,
0,42,,,7.7472686767578125,216.24,
0,42,,,7.770538330078125,216.267,
0,42,,,7.770538330078125,216.293,
0,42,,,7.8044891357421875,216.32,
0,42,,,7.8044891357421875,216.347,
0,42,,,7.817459106445313,216.373,
0,42,,,7.817459106445313,216.4,
0,42,,,7.817840576171875,216.426,
0,42,,,7.817840576171875,216.453,
0,42,,,7.7968597412109375,216.479,
0,42,,,7.7968597412109375,216.506,
0,42,,,7.807159423828126,216.533,
0,42,,,7.807159423828126,216.559,
0,42,,,7.855606079101563,216.586,
0,42,,,7.855606079101563,216.612,
0,42,,,7.778549194335938,216.639,
0,42,,,7.786178588867188,216.665,
0,42,,,7.786178588867188,216.692,
0,42,,,7.7960968017578125,216.718,
0,42,,,7.7960968017578125,216.745,
0,42,,,7.805252075195313,216.771,
0,42,,,7.805252075195313,216.798,
0,42,,,7.807922363281251,216.825,
0,42,,,7.807922363281251,216.851,
0,42,,,7.8433990478515625,216.878,
0,42,,,7.8433990478515625,216.904,
0,42,,,7.838439941406251,216.931,
0,42,,,7.838439941406251,216.957,
0,42,,,7.8125,216.984,
0,42,,,7.8125,217.01,
0,42,,,7.82623291015625,217.037,
0,42,,,7.82623291015625,217.064,
0,42,,,7.790756225585938,217.09,
0,42,,,7.790756225585938,217.117,
0,42,,,7.7533721923828125,217.143,
0,42,,,7.7533721923828125,217.17,
0,42,,,7.8125,217.196,
0,42,,,7.783126831054688,217.223,
0,42,,,7.783126831054688,217.249,
0,42,,,7.8006744384765625,217.276,
0,42,,,7.8006744384765625,217.302,
0,42,,,7.784271240234376,217.329,
0,42,,,7.784271240234376,217.356,
0,42,,,7.77435302734375,217.382,
0,42,,,7.77435302734375,217.409,
0,42,,,7.830810546875001,217.435,
0,42,,,7.830810546875001,217.462,
0,42,,,7.817459106445313,217.488,
0,42,,,7.817459106445313,217.515,
0,42,,,7.7693939208984375,217.541,
0,42,,,7.7693939208984375,217.568,
0,42,,,7.779312133789063,217.594,
0,42,,,7.779312133789063,217.621,
0,42,,,7.787322998046875,217.648,
0,42,,,7.787322998046875,217.674,
0,42,,,7.77130126953125,217.701,
0,42,,,7.8205108642578125,217.727,
0,42,,,7.8205108642578125,217.754,
0,42,,,7.8029632568359375,217.78,
0,42,,,7.8029632568359375,217.807,
0,42,,,7.808685302734375,217.833,
0,42,,,7.808685302734375,217.86,
0,42,,,7.810211181640625,217.886,
0,42,,,7.810211181640625,217.913,
0,42,,,7.807922363281251,217.939,
0,42,,,7.807922363281251,217.966,
0,42,,,7.8311920166015625,217.993,
0,42,,,7.8311920166015625,218.019,
0,42,,,7.8029632568359375,218.046,
0,42,,,7.8029632568359375,218.072,
0,42,,,7.816314697265625,218.099,
0,42,,,7.816314697265625,218.126,
0,42,,,7.802200317382813,218.152,
0,42,,,7.802200317382813,218.179,
0,42,,,7.8113555908203125,218.205,
0,42,,,7.817459106445313,218.232,
0,42,,,7.817459106445313,218.258,
0,42,,,7.805633544921875,218.285,
0,42,,,7.805633544921875,218.311,
0,42,,,7.806396484375,218.338,
0,42,,,7.806396484375,218.365,
0,42,,,7.8472137451171875,218.391,
0,42,,,7.8472137451171875,218.418,
0,42,,,7.788848876953126,218.444,
0,42,,,7.788848876953126,218.471,
0,42,,,7.83538818359375,218.497,
0,42,,,7.83538818359375,218.524,
0,42,,,7.802581787109375,218.55,
0,42,,,7.802581787109375,218.577,
0,42,,,7.8125,218.604,
0,42,,,7.8125,218.63,
0,42,,,7.811737060546876,218.657,
0,42,,,7.811737060546876,218.683,
0,42,,,7.784271240234376,218.71,
0,42,,,7.811737060546876,218.736,
0,42,,,7.811737060546876,218.763,
0,42,,,7.8182220458984375,218.789,
0,42,,,7.8182220458984375,218.816,
0,42,,,7.78350830078125,218.842,
0,42,,,7.78350830078125,218.869,
0,42,,,7.8144073486328125,218.896,
0,42,,,7.8144073486328125,218.922,
0,42,,,7.806015014648438,218.949,
0,42,,,7.806015014648438,218.975,
0,42,,,7.813644409179688,219.002,
0,42,,,7.813644409179688,219.028,
0,42,,,7.818603515625,219.055,
0,42,,,7.818603515625,219.081,
0,42,,,7.805633544921875,219.108,
0,42,,,7.805633544921875,219.135,
0,42,,,7.798004150390625,219.161,
0,42,,,7.798004150390625,219.188,
0,42,,,7.817459106445313,219.214,
0,42,,,7.8235626220703125,219.241,
0,42,,,7.8235626220703125,219.267,
0,42,,,7.7877044677734375,219.294,
0,42,,,7.7877044677734375,219.321,
0,42,,,7.791900634765626,219.348,
0,42,,,7.791900634765626,219.374,
0,42,,,7.791900634765626,219.401,
0,42,,,7.791900634765626,219.427,
0,42,,,7.830429077148438,219.454,
0,42,,,7.830429077148438,219.48,
0,42,,,7.842254638671876,219.507,
0,42,,,7.842254638671876,219.533,
0,42,,,7.8277587890625,219.56,
0,42,,,7.8277587890625,219.587,
0,42,,,7.811737060546876,219.613,
0,42,,,7.811737060546876,219.64,
0,42,,,7.809829711914063,219.666,
0,42,,,7.809829711914063,219.693,
0,42,,,7.7808380126953125,219.719,
0,42,,,7.7808380126953125,219.746,
0,42,,,7.796478271484376,219.772,
0,42,,,7.8113555908203125,219.799,
0,42,,,7.8113555908203125,219.825,
0,42,,,7.798004150390625,219.852,
0,42,,,7.798004150390625,219.879,
0,42,,,7.793426513671875,219.905,
0,42,,,7.793426513671875,219.932,
0,42,,,7.7960968017578125,219.958,
0,42,,,7.7960968017578125,219.985,
0,42,,,7.8220367431640625,220.011,
0,42,,,7.8220367431640625,220.038,
0,42,,,7.8296661376953125,220.064,
0,42,,,7.8296661376953125,220.091,
0,42,,,7.80487060546875,220.117,
0,42,,,7.80487060546875,220.144,
0,42,,,7.780456542968751,220.171,
0,42,,,7.780456542968751,220.197,
0,42,,,7.7846527099609375,220.224,
0,42,,,7.7846527099609375,220.25,
0,42,,,7.8372955322265625,220.277,
0,42,,,7.793807983398438,220.303,
0,42,,,7.793807983398438,220.33,
0,42,,,7.797622680664063,220.356,
0,42,,,7.797622680664063,220.383,
0,42,,,7.8067779541015625,220.41,
0,42,,,7.8067779541015625,220.436,
0,42,,,7.8094482421875,220.463,
0,42,,,7.8094482421875,220.489,
0,42,,,7.8121185302734375,220.516,
0,42,,,7.8121185302734375,220.542,
0,42,,,7.7877044677734375,220.569,
0,42,,,7.7877044677734375,220.595,
0,42,,,7.8319549560546875,220.622,
0,42,,,7.8319549560546875,220.648,
0,42,,,7.839965820312501,220.675,
0,42,,,7.839965820312501,220.702,
0,42,,,7.802581787109375,220.728,
0,42,,,7.802581787109375,220.755,
0,42,,,7.8075408935546875,220.781,
0,42,,,7.800292968750001,220.808,
0,42,,,7.800292968750001,220.834,
0,42,,,7.798385620117188,220.861,
0,42,,,7.798385620117188,220.887,
0,42,,,7.8075408935546875,220.914,
0,42,,,7.8075408935546875,220.941,
0,42,,,7.828903198242188,220.967,
0,42,,,7.828903198242188,220.994,
0,42,,,7.794952392578125,221.02,
0,42,,,7.794952392578125,221.047,
0,42,,,7.8067779541015625,221.073,
0,42,,,7.8067779541015625,221.1,
0,42,,,7.7877044677734375,221.126,
0,42,,,7.7877044677734375,221.153,
0,42,,,7.7770233154296875,221.179,
0,42,,,7.7770233154296875,221.206,
0,42,,,7.8357696533203125,221.233,
0,42,,,7.8357696533203125,221.259,
0,42,,,7.8540802001953125,221.286,
0,42,,,7.7606201171875,221.312,
0,42,,,7.7606201171875,221.339,
0,42,,,7.817459106445313,221.365,
0,42,,,7.817459106445313,221.392,
0,42,,,7.813644409179688,221.418,
0,42,,,7.813644409179688,221.445,
0,42,,,7.7877044677734375,221.472,
0,42,,,7.7877044677734375,221.498,
0,42,,,7.8144073486328125,221.525,
0,42,,,7.8144073486328125,221.551,
0,42,,,7.8273773193359375,221.578,
0,42,,,7.8273773193359375,221.604,
0,42,,,7.7972412109375,221.631,
0,42,,,7.7972412109375,221.657,
0,42,,,7.786941528320313,221.684,
0,42,,,7.786941528320313,221.71,
0,42,,,7.791900634765626,221.737,
0,42,,,7.791900634765626,221.763,
0,42,,,7.8029632568359375,221.79,
0,42,,,7.8029632568359375,221.817,
0,42,,,7.770538330078125,221.843,
0,42,,,7.815551757812501,221.87,
0,42,,,7.815551757812501,221.896,
0,42,,,7.778549194335938,221.923,
0,42,,,7.778549194335938,221.949,
0,42,,,7.854461669921875,221.976,
0,42,,,7.854461669921875,222.002,
0,42,,,7.807922363281251,222.029,
0,42,,,7.807922363281251,222.056,
0,42,,,7.82012939453125,222.082,
0,42,,,7.82012939453125,222.109,
0,42,,,7.795715332031251,222.135,
0,42,,,7.795715332031251,222.162,
0,42,,,7.781982421875,222.188,
0,42,,,7.781982421875,222.215,
0,42,,,7.813644409179688,222.241,
0,42,,,7.813644409179688,222.268,
0,42,,,7.815170288085938,222.294,
0,42,,,7.815170288085938,222.321,
0,42,,,7.8319549560546875,222.348,
0,42,,,7.817077636718751,222.374,
0,42,,,7.817077636718751,222.401,
0,42,,,7.8243255615234375,222.427,
0,42,,,7.8243255615234375,222.454,
0,42,,,7.82623291015625,222.48,
0,42,,,7.82623291015625,222.507,
0,42,,,7.798004150390625,222.533,
0,42,,,7.798004150390625,222.56,
0,42,,,7.793807983398438,222.586,
0,42,,,7.793807983398438,222.613,
0,42,,,7.8277587890625,222.64,
0,42,,,7.8277587890625,222.666,
0,42,,,7.796478271484376,222.693,
0,42,,,7.796478271484376,222.719,
0,42,,,7.8182220458984375,222.746,
0,42,,,7.8182220458984375,222.772,
0,42,,,7.8296661376953125,222.799,
0,42,,,7.8296661376953125,222.825,
0,42,,,7.847976684570313,222.852,
0,42,,,7.834625244140626,222.879,
0,42,,,7.834625244140626,222.905,
0,42,,,7.8044891357421875,222.932,
0,42,,,7.8044891357421875,222.958,
0,42,,,7.8205108642578125,222.985,
0,42,,,7.8205108642578125,223.011,
0,42,,,7.770919799804688,223.038,
0,42,,,7.770919799804688,223.064,
0,42,,,7.80181884765625,223.091,
0,42,,,7.80181884765625,223.117,
0,42,,,7.8521728515625,223.144,
0,42,,,7.8521728515625,223.171,
0,42,,,7.825088500976563,223.197,
0,42,,,7.825088500976563,223.224,
0,42,,,7.8159332275390625,223.25,
0,42,,,7.8159332275390625,223.277,
0,42,,,7.8006744384765625,223.303,
0,42,,,7.8006744384765625,223.33,
0,42,,,7.7854156494140625,223.356,
0,42,,,7.872772216796876,223.383,
0,42,,,7.872772216796876,223.41,
0,42,,,7.8220367431640625,223.437,
0,42,,,7.8220367431640625,223.463,
0,42,,,7.817840576171875,223.49,
0,42,,,7.817840576171875,223.516,
0,42,,,7.806396484375,223.543,
0,42,,,7.806396484375,223.569,
0,42,,,7.8105926513671875,223.596,
0,42,,,7.8105926513671875,223.622,
0,42,,,7.8311920166015625,223.649,
0,42,,,7.8311920166015625,223.675,
0,42,,,7.844161987304688,223.702,
0,42,,,7.844161987304688,223.729,
0,42,,,7.77587890625,223.755,
0,42,,,7.77587890625,223.782,
0,42,,,7.8369140625,223.808,
0,42,,,7.8369140625,223.835,
0,42,,,7.77587890625,223.861,
0,42,,,7.7884674072265625,223.888,
0,42,,,7.7884674072265625,223.914,
0,42,,,7.7922821044921875,223.941,
0,42,,,7.7922821044921875,223.968,
0,42,,,7.8037261962890625,223.994,
0,42,,,7.8037261962890625,224.021,
0,42,,,7.8044891357421875,224.047,
0,42,,,7.8044891357421875,224.074,
0,42,,,7.7816009521484375,224.1,
0,42,,,7.7816009521484375,224.127,
0,42,,,7.823944091796875,224.153,
0,42,,,7.823944091796875,224.18,
0,42,,,7.7922821044921875,224.206,
0,42,,,7.7922821044921875,224.233,
0,42,,,7.803344726562501,224.259,
0,42,,,7.803344726562501,224.286,
0,42,,,7.8166961669921875,224.312,
0,42,,,7.8166961669921875,224.339,
0,42,,,7.782363891601563,224.365,
0,42,,,7.782363891601563,224.392,
0,42,,,7.808685302734375,224.418,
0,42,,,7.781982421875,224.445,
0,42,,,7.781982421875,224.472,
0,42,,,7.7972412109375,224.498,
0,42,,,7.7972412109375,224.525,
0,42,,,7.78350830078125,224.551,
0,42,,,7.78350830078125,224.578,
0,42,,,7.830047607421875,224.604,
0,42,,,7.830047607421875,224.631,
0,42,,,7.8083038330078125,224.657,
0,42,,,7.8083038330078125,224.684,
0,42,,,7.8197479248046875,224.71,
0,42,,,7.8197479248046875,224.737,
0,42,,,7.8182220458984375,224.764,
0,42,,,7.8182220458984375,224.79,
0,42,,,7.8105926513671875,224.817,
0,42,,,7.8105926513671875,224.843,
0,42,,,7.799530029296876,224.87,
0,42,,,7.799530029296876,224.896,
0,42,,,7.809066772460938,224.923,
0,42,,,7.831573486328125,224.949,
0,42,,,7.831573486328125,224.976,
0,42,,,7.82928466796875,225.003,
0,42,,,7.82928466796875,225.029,
0,42,,,7.803344726562501,225.056,
0,42,,,7.803344726562501,225.082,
0,42,,,7.7884674072265625,225.109,
0,42,,,7.7884674072265625,225.135,
0,42,,,7.790374755859375,225.162,
0,42,,,7.790374755859375,225.188,
0,42,,,7.8006744384765625,225.215,
0,42,,,7.8006744384765625,225.241,
0,42,,,7.839965820312501,225.268,
0,42,,,7.839965820312501,225.295,
0,42,,,7.782363891601563,225.321,
0,42,,,7.782363891601563,225.348,
0,42,,,7.802581787109375,225.374,
0,42,,,7.802581787109375,225.401,
0,42,,,7.822418212890625,225.427,
0,42,,,7.807159423828126,225.454,
0,42,,,7.807159423828126,225.48,
0,42,,,7.845306396484375,225.507,
0,42,,,7.845306396484375,225.534,
0,42,,,7.791900634765626,225.56,
0,42,,,7.791900634765626,225.587,
0,42,,,7.8216552734375,225.613,
0,42,,,7.8216552734375,225.64,
0,42,,,7.774734497070313,225.666,
0,42,,,7.774734497070313,225.693,
0,42,,,7.8388214111328125,225.719,
0,42,,,7.8388214111328125,225.746,
0,42,,,7.817840576171875,225.773,
0,42,,,7.817840576171875,225.799,
0,42,,,7.814788818359375,225.826,
0,42,,,7.814788818359375,225.852,
0,42,,,7.799530029296876,225.879,
0,42,,,7.799530029296876,225.905,
0,42,,,7.8277587890625,225.932,
0,42,,,7.8277587890625,225.958,
0,42,,,7.8197479248046875,225.985,
0,42,,,7.801437377929688,226.011,
0,42,,,7.801437377929688,226.038,
0,42,,,7.779312133789063,226.065,
0,42,,,7.779312133789063,226.091,
0,42,,,7.784271240234376,226.118,
0,42,,,7.784271240234376,226.144,
0,42,,,7.830047607421875,226.171,
0,42,,,7.830047607421875,226.197,
0,42,,,7.834243774414063,226.224,
0,43,,,7.776641845703126,226.357,
0,43,,,7.695770263671875,226.383,
0,43,,,7.695770263671875,226.41,
0,43,,,7.66143798828125,226.436,
0,43,,,7.66143798828125,226.463,
0,43,,,7.636260986328126,226.489,
0,43,,,7.654571533203126,226.516,
0,43,,,7.654571533203126,226.543,
0,43,,,7.601928710937501,226.569,
0,43,,,7.601928710937501,226.596,
0,43,,,7.614517211914063,226.622,
0,43,,,7.614517211914063,226.649,
0,43,,,7.655334472656251,226.675,
0,43,,,7.655334472656251,226.702,
0,43,,,7.645034790039063,226.728,
0,43,,,7.645034790039063,226.755,
0,43,,,7.66448974609375,226.782,
0,43,,,7.66448974609375,226.808,
0,43,,,7.6709747314453125,226.835,
0,43,,,7.6709747314453125,226.861,
0,43,,,7.671737670898438,226.888,
0,43,,,7.671737670898438,226.914,
0,43,,,7.6465606689453125,226.941,
0,43,,,7.6465606689453125,226.967,
0,43,,,7.672500610351563,226.994,
0,43,,,7.66754150390625,227.021,
0,43,,,7.66754150390625,227.047,
0,43,,,7.6404571533203125,227.074,
0,43,,,7.6404571533203125,227.1,
0,43,,,7.6549530029296875,227.127,
0,43,,,7.6549530029296875,227.153,
0,43,,,7.6690673828125,227.18,
0,43,,,7.6690673828125,227.206,
0,43,,,7.645034790039063,227.233,
0,43,,,7.645034790039063,227.259,
0,43,,,7.6595306396484375,227.286,
0,43,,,7.6595306396484375,227.313,
0,43,,,7.6824188232421875,227.339,
0,43,,,7.6824188232421875,227.366,
0,43,,,7.6416015625,227.392,
0,43,,,7.6416015625,227.419,
0,43,,,7.6511383056640625,227.445,
0,43,,,7.6511383056640625,227.472,
0,43,,,7.6141357421875,227.498,
0,43,,,7.672119140625,227.525,
0,43,,,7.672119140625,227.552,
0,43,,,7.656097412109375,227.579,
0,43,,,7.656097412109375,227.605,
0,43,,,7.647705078125001,227.632,
0,43,,,7.647705078125001,227.658,
0,43,,,7.6541900634765625,227.685,
0,43,,,7.6541900634765625,227.711,
0,43,,,7.64923095703125,227.738,
0,43,,,7.64923095703125,227.765,
0,43,,,7.665252685546875,227.791,
0,43,,,7.665252685546875,227.818,
0,43,,,7.648849487304688,227.844,
0,43,,,7.648849487304688,227.871,
0,43,,,7.678222656250001,227.897,
0,43,,,7.678222656250001,227.924,
0,44,,,7.7610015869140625,228.03,
0,44,,,7.7610015869140625,228.057,
0,44,,,8.395767211914062,228.083,
0,44,,,8.395767211914062,228.11,
0,44,,,8.350753784179688,228.136,
0,44,,,8.350753784179688,228.163,
0,44,,,8.328247070312502,228.189,
0,44,,,8.328247070312502,228.216,
0,44,,,8.311843872070312,228.242,
0,44,,,8.311843872070312,228.269,
0,44,,,8.349990844726562,228.296,
0,44,,,8.349990844726562,228.322,
0,44,,,8.376312255859375,228.349,
0,44,,,8.376312255859375,228.375,
0,44,,,8.331680297851562,228.402,
0,44,,,8.331680297851562,228.428,
0,44,,,8.366775512695312,228.455,
0,44,,,8.366775512695312,228.481,
0,44,,,7.803344726562501,228.508,
0,44,,,7.803344726562501,228.534,
0,44,,,7.489776611328125,228.561,
0,44,,,7.496261596679688,228.588,
0,44,,,7.496261596679688,228.614,
0,44,,,7.490539550781251,228.641,
0,44,,,7.490539550781251,228.667,
0,44,,,7.501220703125,228.694,
0,44,,,7.501220703125,228.72,
0,44,,,7.492446899414063,228.747,
0,44,,,7.492446899414063,228.773,
0,44,,,7.497406005859375,228.8,
0,44,,,7.497406005859375,228.826,
0,44,,,7.497406005859375,228.853,
0,44,,,7.497406005859375,228.88,
0,44,,,7.494354248046876,228.906,
0,44,,,7.494354248046876,228.933,
0,44,,,7.500076293945313,228.959,
0,44,,,7.500076293945313,228.986,
0,44,,,7.489395141601563,229.012,
0,44,,,7.489395141601563,229.039,
0,44,,,7.498168945312501,229.066,
0,44,,,7.508087158203125,229.092,
0,44,,,7.508087158203125,229.119,
0,44,,,7.4901580810546875,229.145,
0,44,,,7.4901580810546875,229.172,
0,44,,,7.48138427734375,229.199,
0,44,,,7.48138427734375,229.225,
0,45,,,7.7693939208984375,229.358,
0,45,,,7.7693939208984375,229.385,
0,45,,,8.150100708007812,229.411,
0,45,,,8.150100708007812,229.438,
0,45,,,8.184432983398438,229.464,
0,45,,,8.184432983398438,229.491,
0,45,,,8.24127197265625,229.518,
0,45,,,8.24127197265625,229.544,
0,45,,,8.243560791015625,229.571,
0,45,,,8.246231079101564,229.597,
0,45,,,8.246231079101564,229.624,
0,45,,,8.253860473632814,229.651,
0,45,,,8.253860473632814,229.677,
0,45,,,8.180618286132812,229.704,
0,45,,,8.180618286132812,229.73,
0,45,,,8.203125,229.757,
0,45,,,8.203125,229.783,
0,45,,,8.24127197265625,229.81,
0,45,,,8.24127197265625,229.837,
0,45,,,8.246612548828125,229.863,
0,45,,,8.246612548828125,229.89,
0,45,,,8.22296142578125,229.916,
0,45,,,8.22296142578125,229.943,
0,45,,,8.190155029296875,229.969,
0,45,,,8.190155029296875,229.996,
0,45,,,8.199691772460938,230.023,
0,45,,,8.199691772460938,230.049,
0,45,,,8.257293701171875,230.076,
0,45,,,8.19664001464844,230.102,
0,45,,,8.19664001464844,230.129,
0,45,,,8.222198486328125,230.156,
0,45,,,8.222198486328125,230.182,
0,45,,,8.215713500976564,230.209,
0,45,,,8.215713500976564,230.235,
0,45,,,8.179092407226562,230.262,
0,45,,,8.179092407226562,230.288,
0,45,,,8.2275390625,230.315,
0,46,,,7.791900634765626,230.448,
0,46,,,7.866668701171876,230.474,
0,46,,,7.866668701171876,230.501,
0,46,,,8.007049560546875,230.527,
0,46,,,8.007049560546875,230.554,
0,46,,,7.994461059570313,230.581,
0,46,,,7.983398437500001,230.607,
0,46,,,7.983398437500001,230.634,
0,46,,,7.9593658447265625,230.66,
0,46,,,7.9593658447265625,230.687,
0,46,,,7.984924316406251,230.713,
0,46,,,7.984924316406251,230.74,
0,46,,,8.007431030273438,230.766,
0,46,,,8.007431030273438,230.793,
0,46,,,7.9883575439453125,230.819,
0,46,,,7.9883575439453125,230.846,
0,46,,,7.944869995117188,230.873,
0,46,,,7.944869995117188,230.899,
0,46,,,7.9708099365234375,230.926,
0,46,,,7.9708099365234375,230.952,
0,46,,,7.9860687255859375,230.979,
0,46,,,7.9860687255859375,231.005,
0,46,,,7.978057861328125,231.032,
0,46,,,7.978057861328125,231.058,
0,46,,,7.945251464843751,231.085,
0,46,,,7.950592041015626,231.112,
0,46,,,7.950592041015626,231.138,
0,46,,,7.98797607421875,231.165,
0,46,,,7.98797607421875,231.191,
0,46,,,7.9746246337890625,231.218,
0,46,,,7.9746246337890625,231.244,
0,46,,,8.020401000976562,231.271,
0,46,,,8.020401000976562,231.297,
0,46,,,7.990264892578125,231.324,
0,46,,,7.990264892578125,231.35,
0,46,,,7.973861694335938,231.377,
0,46,,,7.973861694335938,231.404,
0,46,,,7.9631805419921875,231.43,
0,46,,,7.9631805419921875,231.457,
0,46,,,7.9730987548828125,231.483,
0,46,,,7.9730987548828125,231.51,
0,46,,,7.970046997070313,231.536,
0,46,,,7.970046997070313,231.563,
0,46,,,7.982635498046875,231.589,
0,46,,,7.982635498046875,231.616,
0,46,,,7.963943481445313,231.643,
0,46,,,7.956695556640626,231.669,
0,46,,,7.956695556640626,231.696,
0,46,,,7.981109619140626,231.723,
0,46,,,7.981109619140626,231.749,
0,46,,,7.931518554687501,231.776,
0,46,,,7.931518554687501,231.803,
0,46,,,7.969665527343751,231.829,
0,46,,,7.969665527343751,231.856,
0,46,,,7.983016967773438,231.882,
0,46,,,7.983016967773438,231.909,
0,46,,,7.9517364501953125,231.935,
0,46,,,7.9517364501953125,231.962,
0,46,,,7.985305786132813,231.988,
0,46,,,7.985305786132813,232.015,
0,46,,,7.989120483398438,232.042,
0,46,,,7.989120483398438,232.068,
0,46,,,7.9799652099609375,232.095,
0,46,,,7.998275756835938,232.121,
0,46,,,7.998275756835938,232.148,
0,46,,,7.9803466796875,232.174,
0,46,,,7.9803466796875,232.201,
0,46,,,7.9540252685546875,232.227,
0,46,,,7.9540252685546875,232.254,
0,46,,,7.979202270507813,232.281,
0,46,,,7.979202270507813,232.307,
0,46,,,7.9837799072265625,232.334,
0,46,,,7.9837799072265625,232.36,
0,46,,,7.961273193359375,232.387,
0,46,,,7.961273193359375,232.413,
0,46,,,7.96661376953125,232.44,
0,46,,,7.96661376953125,232.466,
0,46,,,7.9631805419921875,232.493,
0,46,,,7.9631805419921875,232.519,
0,46,,,7.9692840576171875,232.546,
0,46,,,7.9692840576171875,232.573,
0,46,,,7.9746246337890625,232.599,
0,46,,,7.9746246337890625,232.626,
0,46,,,7.9311370849609375,232.652,
0,46,,,7.965850830078126,232.679,
0,46,,,7.965850830078126,232.705,
0,46,,,7.9723358154296875,232.732,
0,46,,,7.9723358154296875,232.758,
0,46,,,7.991790771484375,232.785,
0,46,,,7.991790771484375,232.811,
0,46,,,7.983016967773438,232.838,
0,46,,,7.983016967773438,232.865,
0,46,,,7.975006103515625,232.891,
0,46,,,7.975006103515625,232.918,
0,46,,,7.946014404296875,232.944,
0,46,,,7.946014404296875,232.971,
0,46,,,8.015823364257812,232.997,
0,46,,,8.015823364257812,233.024,
0,46,,,7.965087890625,233.05,
0,46,,,7.965087890625,233.077,
0,46,,,7.950592041015626,233.103,
0,46,,,7.950592041015626,233.13,
0,46,,,7.9593658447265625,233.157,
0,46,,,7.962417602539063,233.183,
0,46,,,7.962417602539063,233.21,
0,46,,,7.9441070556640625,233.236,
0,46,,,7.9441070556640625,233.263,
0,46,,,7.968139648437501,233.289,
0,46,,,7.968139648437501,233.316,
0,46,,,8.000564575195312,233.342,
0,46,,,8.000564575195312,233.369,
0,46,,,7.9540252685546875,233.396,
0,46,,,7.9540252685546875,233.422,
0,46,,,7.987213134765626,233.449,
0,46,,,7.987213134765626,233.475,
0,46,,,7.9746246337890625,233.502,
0,46,,,7.9746246337890625,233.528,
0,46,,,7.9803466796875,233.555,
0,46,,,7.9803466796875,233.581,
0,46,,,7.940673828125,233.608,
0,46,,,7.940673828125,233.634,
0,46,,,8.001708984375,233.661,
0,46,,,7.954788208007813,233.688,
0,46,,,7.954788208007813,233.714,
0,46,,,7.952499389648438,233.741,
0,46,,,7.952499389648438,233.767,
0,46,,,8.012008666992188,233.794,
0,46,,,8.012008666992188,233.82,
0,46,,,7.940673828125,233.847,
0,46,,,7.940673828125,233.873,
0,46,,,7.948684692382813,233.9,
0,46,,,7.948684692382813,233.926,
0,46,,,7.97271728515625,233.953,
0,46,,,7.97271728515625,233.98,
0,46,,,8.0047607421875,234.006,
0,46,,,8.0047607421875,234.033,
0,46,,,7.991027832031251,234.059,
0,46,,,7.991027832031251,234.086,
0,46,,,7.9570770263671875,234.112,
0,46,,,7.9570770263671875,234.139,
0,46,,,7.9570770263671875,234.165,
0,46,,,7.9570770263671875,234.192,
0,46,,,7.97882080078125,234.218,
0,46,,,7.977294921875001,234.245,
0,46,,,7.977294921875001,234.272,
0,47,,,7.8655242919921875,234.404,
0,47,,,7.8655242919921875,234.431,
0,47,,,8.122634887695312,234.457,
0,47,,,8.122634887695312,234.484,
0,47,,,8.12034606933594,234.51,
0,47,,,8.12034606933594,234.537,
0,47,,,8.10546875,234.564,
0,47,,,8.10546875,234.59,
0,47,,,8.104324340820312,234.617,
0,47,,,8.104324340820312,234.643,
0,47,,,8.154296875,234.67,
0,47,,,8.154296875,234.696,
0,47,,,8.068847656250002,234.723,
0,47,,,8.136749267578125,234.749,
0,47,,,8.136749267578125,234.776,
0,47,,,8.121871948242188,234.802,
0,47,,,8.121871948242188,234.829,
0,47,,,8.101272583007814,234.856,
0,47,,,8.101272583007814,234.882,
0,47,,,8.145523071289062,234.909,
0,47,,,8.145523071289062,234.935,
0,47,,,8.11271667480469,234.962,
0,47,,,8.11271667480469,234.988,
0,47,,,8.099746704101562,235.015,
0,47,,,8.099746704101562,235.041,
0,47,,,8.098983764648438,235.068,
0,47,,,8.098983764648438,235.094,
0,47,,,8.114624023437502,235.121,
0,47,,,8.114624023437502,235.148,
0,47,,,8.121109008789062,235.174,
0,47,,,8.121109008789062,235.201,
0,47,,,8.121109008789062,235.227,
0,47,,,8.116531372070314,235.254,
0,47,,,8.116531372070314,235.28,
0,47,,,8.129501342773438,235.307,
0,47,,,8.129501342773438,235.333,
0,47,,,8.147811889648438,235.36,
0,48,,,5.138397216796875,236.396,
0,48,,,5.2249908447265625,236.422,
0,48,,,5.2249908447265625,236.449,
0,48,,,5.2249908447265625,236.476,
0,48,,,5.2249908447265625,236.502,
0,48,,,5.246353149414063,236.529,
0,48,,,5.246353149414063,236.555,
0,48,,,5.203628540039063,236.582,
0,48,,,5.203628540039063,236.608,
0,48,,,5.224609375000001,236.635,
0,48,,,5.224609375000001,236.661,
0,48,,,5.2581787109375,236.688,
0,48,,,5.2581787109375,236.715,
0,48,,,5.222702026367188,236.741,
0,48,,,5.222702026367188,236.768,
0,48,,,5.216979980468751,236.794,
0,48,,,5.2581787109375,236.821,
0,48,,,5.2581787109375,236.847,
0,48,,,5.252838134765625,236.874,
0,48,,,5.252838134765625,236.9,
0,48,,,5.216217041015625,236.927,
0,48,,,5.216217041015625,236.953,
0,48,,,5.2394866943359375,236.98,
0,48,,,5.2394866943359375,237.007,
0,48,,,5.245208740234375,237.033,
0,48,,,5.245208740234375,237.06,
0,48,,,5.247497558593751,237.086,
0,48,,,5.247497558593751,237.113,
0,48,,,5.18798828125,237.139,
0,48,,,5.18798828125,237.166,
0,48,,,5.217742919921876,237.192,
0,48,,,5.217742919921876,237.219,
0,48,,,5.206298828125001,237.246,
0,48,,,5.206298828125001,237.272,
0,48,,,5.234527587890625,237.299,
0,48,,,5.243682861328126,237.325,
0,48,,,5.243682861328126,237.352,
0,48,,,5.237579345703125,237.378,
0,48,,,5.237579345703125,237.405,
0,48,,,5.2066802978515625,237.431,
0,48,,,5.2066802978515625,237.458,
0,48,,,5.251312255859376,237.485,
0,48,,,5.251312255859376,237.511,
0,48,,,5.213928222656251,237.538,
0,48,,,5.213928222656251,237.565,
0,48,,,5.229187011718751,237.591,
0,48,,,5.229187011718751,237.618,
0,48,,,5.242156982421875,237.645,
0,48,,,5.242156982421875,237.671,
0,48,,,5.222702026367188,237.698,
0,48,,,5.222702026367188,237.724,
0,48,,,5.253982543945313,237.751,
0,48,,,5.253982543945313,237.777,
0,48,,,5.249404907226563,237.804,
0,48,,,5.223846435546875,237.831,
0,48,,,5.223846435546875,237.857,
0,48,,,5.216979980468751,237.884,
0,48,,,5.216979980468751,237.91,
0,48,,,5.22613525390625,237.937,
0,48,,,5.22613525390625,237.963,
0,48,,,5.236053466796876,237.99,
0,48,,,5.236053466796876,238.017,
0,48,,,5.1975250244140625,238.043,
0,48,,,5.1975250244140625,238.07,
0,48,,,5.217742919921876,238.096,
0,48,,,5.217742919921876,238.123,
0,48,,,5.212020874023438,238.149,
0,48,,,5.212020874023438,238.176,
0,48,,,5.2104949951171875,238.203,
0,48,,,5.2104949951171875,238.229,
0,48,,,5.233001708984376,238.256,
0,48,,,5.233001708984376,238.282,
0,48,,,5.218887329101563,238.309,
0,48,,,5.258941650390626,238.335,
0,48,,,5.258941650390626,238.362,
0,48,,,5.2337646484375,238.389,
0,48,,,5.2337646484375,238.415,
0,48,,,5.2707672119140625,238.442,
0,48,,,5.2707672119140625,238.468,
0,48,,,5.226516723632813,238.495,
0,48,,,5.226516723632813,238.521,
0,48,,,5.261993408203125,238.548,
0,48,,,5.261993408203125,238.574,
0,48,,,5.2295684814453125,238.601,
0,48,,,5.2295684814453125,238.628,
0,48,,,5.261611938476563,238.654,
0,48,,,5.261611938476563,238.681,
0,48,,,5.23529052734375,238.707,
0,48,,,5.23529052734375,238.734,
0,48,,,5.200576782226563,238.76,
0,48,,,5.200576782226563,238.787,
0,48,,,5.2394866943359375,238.813,
0,48,,,5.207443237304688,238.84,
0,48,,,5.207443237304688,238.866,
0,48,,,5.229949951171875,238.893,
0,48,,,5.229949951171875,238.92,
0,48,,,5.211257934570313,238.946,
0,48,,,5.211257934570313,238.973,
0,48,,,5.2440643310546875,238.999,
0,48,,,5.2440643310546875,239.026,
0,48,,,5.231475830078125,239.052,
0,48,,,5.231475830078125,239.079,
0,48,,,5.234527587890625,239.105,
0,48,,,5.234527587890625,239.132,
0,48,,,5.2097320556640625,239.159,
0,48,,,5.2097320556640625,239.185,
0,48,,,5.2173614501953125,239.212,
0,48,,,5.2173614501953125,239.238,
0,48,,,5.239868164062501,239.265,
0,48,,,5.239868164062501,239.291,
0,48,,,5.245590209960938,239.318,
0,48,,,5.222320556640625,239.344,
0,48,,,5.222320556640625,239.371,
0,48,,,5.2173614501953125,239.397,
0,48,,,5.2173614501953125,239.424,
0,48,,,5.2471160888671875,239.451,
0,48,,,5.2471160888671875,239.477,
0,48,,,5.243682861328126,239.504,
0,48,,,5.243682861328126,239.53,
0,48,,,5.215835571289063,239.557,
0,48,,,5.215835571289063,239.583,
0,48,,,5.272293090820313,239.61,
0,48,,,5.272293090820313,239.636,
0,48,,,5.2001953125,239.663,
0,48,,,5.2001953125,239.69,
0,48,,,5.2356719970703125,239.716,
0,48,,,5.2356719970703125,239.743,
0,48,,,5.2295684814453125,239.769,
0,48,,,5.2295684814453125,239.796,
0,48,,,5.232238769531251,239.822,
0,48,,,5.232238769531251,239.849,
0,48,,,5.2600860595703125,239.875,
0,48,,,5.2295684814453125,239.902,
0,48,,,5.2295684814453125,239.929,
0,48,,,5.226898193359375,239.955,
0,48,,,5.226898193359375,239.982,
0,48,,,5.2257537841796875,240.008,
0,48,,,5.2257537841796875,240.035,
0,48,,,5.243682861328126,240.061,
0,48,,,5.243682861328126,240.088,
0,48,,,5.225372314453126,240.114,
0,48,,,5.225372314453126,240.141,
0,48,,,5.239868164062501,240.168,
0,48,,,5.239868164062501,240.195,
0,48,,,5.210113525390626,240.221,
0,48,,,5.210113525390626,240.248,
0,48,,,5.20782470703125,240.274,
0,48,,,5.20782470703125,240.301,
0,48,,,5.242538452148438,240.327,
0,48,,,5.242538452148438,240.354,
0,48,,,5.224609375000001,240.381,
0,48,,,5.2364349365234375,240.407,
0,48,,,5.2364349365234375,240.434,
0,48,,,5.2219390869140625,240.46,
0,48,,,5.2219390869140625,240.487,
0,48,,,5.2127838134765625,240.513,
0,48,,,5.2127838134765625,240.54,
0,48,,,5.2280426025390625,240.566,
0,48,,,5.2280426025390625,240.593,
0,48,,,5.2276611328125,240.62,
0,48,,,5.2276611328125,240.646,
0,48,,,5.231094360351563,240.673,
0,48,,,5.231094360351563,240.699,
0,48,,,5.221557617187501,240.726,
0,48,,,5.221557617187501,240.752,
0,48,,,5.2295684814453125,240.779,
0,48,,,5.2295684814453125,240.805,
0,48,,,5.2555084228515625,240.832,
0,48,,,5.2555084228515625,240.859,
0,48,,,5.2700042724609375,240.885,
0,48,,,5.2211761474609375,240.912,
0,48,,,5.2211761474609375,240.938,
0,48,,,5.2585601806640625,240.965,
0,48,,,5.2585601806640625,240.991,
0,48,,,5.239868164062501,241.018,
0,48,,,5.239868164062501,241.044,
0,48,,,5.22308349609375,241.071,
0,48,,,5.22308349609375,241.097,
0,48,,,5.2486419677734375,241.124,
0,48,,,5.2486419677734375,241.151,
0,48,,,5.198669433593751,241.177,
0,48,,,5.198669433593751,241.204,
0,48,,,5.18798828125,241.23,
0,48,,,5.18798828125,241.257,
0,48,,,5.223464965820313,241.283,
0,48,,,5.223464965820313,241.31,
0,48,,,5.260467529296875,241.336,
0,48,,,5.260467529296875,241.363,
0,48,,,5.226898193359375,241.39,
0,48,,,5.249404907226563,241.416,
0,48,,,5.249404907226563,241.443,
0,48,,,5.250167846679688,241.469,
0,48,,,5.250167846679688,241.496,
0,48,,,5.248260498046876,241.522,
0,48,,,5.248260498046876,241.549,
0,48,,,5.208206176757813,241.575,
0,48,,,5.208206176757813,241.602,
0,48,,,5.240631103515626,241.628,
0,48,,,5.240631103515626,241.655,
0,48,,,5.2326202392578125,241.682,
0,48,,,5.2326202392578125,241.708,
0,48,,,5.20477294921875,241.735,
0,48,,,5.20477294921875,241.761,
0,48,,,5.230712890625,241.788,
0,48,,,5.230712890625,241.814,
0,48,,,5.2516937255859375,241.841,
0,48,,,5.2516937255859375,241.867,
0,48,,,5.2402496337890625,241.894,
0,48,,,5.218887329101563,241.921,
0,48,,,5.218887329101563,241.947,
0,48,,,5.241775512695313,241.974,
0,48,,,5.241775512695313,242.0,
0,48,,,5.229949951171875,242.027,
0,48,,,5.229949951171875,242.053,
0,48,,,5.249404907226563,242.08,
0,48,,,5.249404907226563,242.106,
0,48,,,5.210113525390626,242.133,
0,48,,,5.210113525390626,242.159,
0,48,,,5.239105224609375,242.186,
0,48,,,5.239105224609375,242.213,
0,48,,,5.2562713623046875,242.239,
0,48,,,5.2562713623046875,242.266,
0,48,,,5.233001708984376,242.292,
0,48,,,5.233001708984376,242.319,
0,48,,,5.1982879638671875,242.345,
0,48,,,5.1982879638671875,242.372,
0,48,,,5.262756347656251,242.398,
0,48,,,5.262756347656251,242.425,
0,48,,,5.241775512695313,242.452,
0,48,,,5.21087646484375,242.478,
0,48,,,5.21087646484375,242.505,
0,48,,,5.233001708984376,242.531,
0,48,,,5.233001708984376,242.558,
0,48,,,5.2295684814453125,242.584,
0,48,,,5.2295684814453125,242.611,
0,48,,,5.20782470703125,242.637,
0,48,,,5.20782470703125,242.664,
0,48,,,5.232238769531251,242.69,
0,48,,,5.232238769531251,242.717,
0,48,,,5.223846435546875,242.744,
0,48,,,5.223846435546875,242.77,
0,48,,,5.237579345703125,242.797,
0,48,,,5.237579345703125,242.823,
0,48,,,5.2547454833984375,242.85,
0,48,,,5.2547454833984375,242.876,
0,48,,,5.245590209960938,242.903,
0,48,,,5.245590209960938,242.929,
0,48,,,5.2337646484375,242.956,
0,48,,,5.224609375000001,242.982,
0,48,,,5.224609375000001,243.009,
0,48,,,5.2135467529296875,243.036,
0,48,,,5.2135467529296875,243.062,
0,48,,,5.2173614501953125,243.089,
0,48,,,5.2173614501953125,243.115,
0,48,,,5.206298828125001,243.142,
0,48,,,5.206298828125001,243.168,
0,48,,,5.2593231201171875,243.195,
0,48,,,5.2593231201171875,243.221,
0,48,,,5.245208740234375,243.248,
0,48,,,5.245208740234375,243.275,
0,48,,,5.234909057617188,243.301,
0,48,,,5.234909057617188,243.328,
0,48,,,5.215072631835938,243.354,
0,48,,,5.215072631835938,243.381,
0,48,,,5.181503295898438,243.407,
0,48,,,5.181503295898438,243.434,
0,48,,,5.222702026367188,243.46,
0,48,,,5.236816406250001,243.487,
0,48,,,5.236816406250001,243.513,
0,48,,,5.254364013671875,243.54,
0,48,,,5.254364013671875,243.567,
0,48,,,5.215072631835938,243.593,
0,48,,,5.215072631835938,243.62,
0,48,,,5.24139404296875,243.646,
0,48,,,5.24139404296875,243.673,
0,48,,,5.272293090820313,243.699,
0,48,,,5.272293090820313,243.726,
0,48,,,5.211639404296875,243.752,
0,48,,,5.211639404296875,243.779,
0,48,,,5.230712890625,243.806,
0,48,,,5.230712890625,243.832,
0,48,,,5.244445800781251,243.859,
0,48,,,5.244445800781251,243.885,
0,48,,,5.221557617187501,243.912,
0,48,,,5.221557617187501,243.938,
0,48,,,5.219650268554688,243.965,
0,48,,,5.243682861328126,243.991,
0,48,,,5.243682861328126,244.018,
0,48,,,5.2555084228515625,244.045,
0,48,,,5.2555084228515625,244.071,
0,48,,,5.267333984375001,244.098,
0,48,,,5.267333984375001,244.124,
0,48,,,5.2257537841796875,244.151,
0,48,,,5.2257537841796875,244.177,
0,48,,,5.230331420898438,244.204,
0,48,,,5.230331420898438,244.23,
0,48,,,5.2288055419921875,244.257,
0,48,,,5.2288055419921875,244.284,
0,48,,,5.232238769531251,244.311,
0,48,,,5.232238769531251,244.337,
0,48,,,5.230712890625,244.364,
0,48,,,5.230712890625,244.39,
0,48,,,5.219650268554688,244.417,
0,48,,,5.219650268554688,244.443,
0,48,,,5.209350585937501,244.47,
0,48,,,5.2402496337890625,244.497,
0,48,,,5.2402496337890625,244.523,
0,48,,,5.22613525390625,244.55,
0,48,,,5.22613525390625,244.576,
0,48,,,5.238723754882813,244.603,
0,48,,,5.238723754882813,244.629,
0,48,,,5.2059173583984375,244.656,
0,48,,,5.2059173583984375,244.682,
0,48,,,5.2829742431640625,244.709,
0,48,,,5.2829742431640625,244.735,
0,48,,,5.255889892578126,244.762,
0,48,,,5.255889892578126,244.789,
0,48,,,5.219650268554688,244.815,
0,48,,,5.219650268554688,244.842,
0,48,,,5.245590209960938,244.868,
0,48,,,5.245590209960938,244.895,
0,48,,,5.228424072265626,244.921,
0,48,,,5.228424072265626,244.948,
0,48,,,5.219650268554688,244.974,
0,48,,,5.219650268554688,245.001,
0,48,,,5.2394866943359375,245.028,
0,48,,,5.237960815429688,245.054,
0,48,,,5.237960815429688,245.081,
0,48,,,5.2337646484375,245.107,
0,48,,,5.2337646484375,245.134,
0,48,,,5.229949951171875,245.16,
0,48,,,5.229949951171875,245.187,
0,48,,,5.252838134765625,245.213,
0,48,,,5.252838134765625,245.24,
0,48,,,5.242538452148438,245.266,
0,48,,,5.242538452148438,245.293,
0,48,,,5.241775512695313,245.32,
0,48,,,5.241775512695313,245.346,
0,48,,,5.243682861328126,245.373,
0,48,,,5.243682861328126,245.399,
0,48,,,5.2600860595703125,245.426,
0,48,,,5.2600860595703125,245.452,
0,48,,,5.226898193359375,245.479,
0,48,,,5.226898193359375,245.505,
0,48,,,5.224609375000001,245.532,
0,48,,,5.230331420898438,245.558,
0,48,,,5.230331420898438,245.585,
0,48,,,5.228424072265626,245.612,
0,48,,,5.228424072265626,245.638,
0,48,,,5.294036865234376,245.665,
0,48,,,5.294036865234376,245.691,
0,48,,,5.245208740234375,245.718,
0,48,,,5.245208740234375,245.744,
0,48,,,5.234146118164063,245.771,
0,48,,,5.234146118164063,245.797,
0,48,,,5.230331420898438,245.824,
0,48,,,5.230331420898438,245.85,
0,48,,,5.236816406250001,245.877,
0,48,,,5.236816406250001,245.904,
0,48,,,5.2249908447265625,245.93,
0,48,,,5.2249908447265625,245.957,
0,48,,,5.217742919921876,245.983,
0,48,,,5.217742919921876,246.01,
0,48,,,5.207061767578125,246.036,
0,48,,,5.213165283203126,246.063,
0,48,,,5.213165283203126,246.089,
0,48,,,5.220794677734376,246.116,
0,48,,,5.220794677734376,246.142,
0,48,,,5.2707672119140625,246.169,
0,48,,,5.2707672119140625,246.196,
0,48,,,5.232238769531251,246.222,
0,48,,,5.232238769531251,246.249,
0,48,,,5.230331420898438,246.275,
0,48,,,5.230331420898438,246.302,
0,48,,,5.188369750976563,246.328,
0,48,,,5.188369750976563,246.355,
0,49,,,5.131912231445313,246.488,
0,49,,,5.131912231445313,246.514,
0,49,,,5.1303863525390625,246.541,
0,49,,,5.1303863525390625,246.567,
0,49,,,5.079650878906251,246.594,
0,49,,,5.0991058349609375,246.62,
0,49,,,5.0991058349609375,246.647,
0,49,,,5.1074981689453125,246.673,
0,49,,,5.1074981689453125,246.7,
0,49,,,5.1250457763671875,246.727,
0,49,,,5.1250457763671875,246.753,
0,49,,,5.082321166992188,246.78,
0,49,,,5.082321166992188,246.806,
0,49,,,5.1097869873046875,246.833,
0,49,,,5.1097869873046875,246.859,
0,49,,,5.096435546875,246.886,
0,49,,,5.096435546875,246.912,
0,49,,,5.1364898681640625,246.939,
0,49,,,5.1364898681640625,246.965,
0,49,,,5.087280273437501,246.992,
0,49,,,5.087280273437501,247.019,
0,49,,,5.089950561523438,247.045,
0,49,,,5.089950561523438,247.072,
0,49,,,5.1151275634765625,247.098,
0,49,,,5.062103271484375,247.125,
0,49,,,5.062103271484375,247.151,
0,49,,,5.1055908203125,247.178,
0,49,,,5.1055908203125,247.205,
0,49,,,5.074691772460938,247.231,
0,49,,,5.074691772460938,247.258,
0,49,,,5.086135864257813,247.284,
0,49,,,5.086135864257813,247.311,
0,49,,,5.093765258789063,247.337,
0,49,,,5.093765258789063,247.364,
0,49,,,5.089569091796875,247.39,
0,49,,,5.089569091796875,247.417,
0,49,,,5.094146728515625,247.443,
0,49,,,5.094146728515625,247.47,
0,49,,,5.089950561523438,247.497,
0,49,,,5.089950561523438,247.523,
0,49,,,5.070877075195313,247.55,
0,49,,,5.070877075195313,247.576,
0,49,,,5.0868988037109375,247.603,
0,49,,,5.0868988037109375,247.629,
0,49,,,5.0868988037109375,247.656,
0,49,,,5.1326751708984375,247.682,
0,49,,,5.1326751708984375,247.709,
0,49,,,5.143356323242188,247.735,
0,49,,,5.143356323242188,247.762,
0,49,,,5.1055908203125,247.789,
0,49,,,5.1055908203125,247.815,
0,49,,,5.1212310791015625,247.842,
0,49,,,5.1212310791015625,247.868,
0,49,,,5.1029205322265625,247.895,
0,49,,,5.1029205322265625,247.921,
0,49,,,5.107879638671875,247.948,
0,49,,,5.107879638671875,247.974,
0,49,,,5.103302001953126,248.002,
0,49,,,5.103302001953126,248.028,
0,49,,,5.104446411132813,248.055,
0,49,,,5.104446411132813,248.081,
0,49,,,5.05218505859375,248.108,
0,49,,,5.115509033203125,248.134,
0,49,,,5.115509033203125,248.161,
0,49,,,5.0960540771484375,248.187,
0,49,,,5.0960540771484375,248.214,
0,49,,,5.0750732421875,248.241,
0,49,,,5.0750732421875,248.267,
0,49,,,5.091094970703126,248.294,
0,49,,,5.091094970703126,248.32,
0,49,,,5.130767822265625,248.347,
0,49,,,5.130767822265625,248.373,
0,49,,,5.097198486328125,248.4,
0,49,,,5.097198486328125,248.427,
0,49,,,5.0769805908203125,248.454,
0,49,,,5.0769805908203125,248.48,
0,49,,,5.089950561523438,248.507,
0,49,,,5.089950561523438,248.533,
0,49,,,5.0960540771484375,248.56,
0,49,,,5.0960540771484375,248.586,
0,49,,,5.112838745117188,248.613,
0,49,,,5.093002319335938,248.639,
0,49,,,5.093002319335938,248.666,
0,49,,,5.0830841064453125,248.692,
0,49,,,5.0830841064453125,248.719,
0,49,,,5.091094970703126,248.746,
0,49,,,5.091094970703126,248.772,
0,49,,,5.0838470458984375,248.799,
0,49,,,5.0838470458984375,248.825,
0,49,,,5.088043212890626,248.852,
0,49,,,5.088043212890626,248.878,
0,49,,,5.0792694091796875,248.905,
0,49,,,5.0792694091796875,248.931,
0,49,,,5.077743530273438,248.958,
0,49,,,5.077743530273438,248.984,
0,49,,,5.144500732421876,249.011,
0,49,,,5.144500732421876,249.038,
0,49,,,5.078506469726563,249.064,
0,49,,,5.078506469726563,249.091,
0,49,,,5.100631713867188,249.117,
0,49,,,5.086135864257813,249.144,
0,49,,,5.086135864257813,249.17,
0,50,,,5.313110351562501,249.303,
0,50,,,5.313110351562501,249.33,
0,50,,,5.601119995117188,249.356,
0,50,,,5.601119995117188,249.383,
0,50,,,5.6110382080078125,249.409,
0,50,,,5.6110382080078125,249.436,
0,50,,,5.54046630859375,249.462,
0,50,,,5.54046630859375,249.489,
0,50,,,5.5492401123046875,249.515,
0,50,,,5.5492401123046875,249.542,
0,50,,,5.5389404296875,249.569,
0,50,,,5.5389404296875,249.595,
0,50,,,5.559158325195313,249.622,
0,50,,,5.559158325195313,249.648,
0,50,,,5.5500030517578125,249.675,
0,50,,,5.601119995117188,249.701,
0,50,,,5.601119995117188,249.728,
0,50,,,5.595397949218751,249.754,
0,50,,,5.595397949218751,249.781,
0,50,,,5.57403564453125,249.807,
0,50,,,5.57403564453125,249.834,
0,50,,,5.5728912353515625,249.861,
0,50,,,5.5728912353515625,249.887,
0,50,,,5.5614471435546875,249.914,
0,50,,,5.5614471435546875,249.94,
0,50,,,5.5652618408203125,249.967,
0,50,,,5.5652618408203125,249.993,
0,50,,,5.55419921875,250.02,
0,50,,,5.55419921875,250.046,
0,50,,,4.99420166015625,250.073,
0,50,,,4.99420166015625,250.099,
0,50,,,4.947662353515625,250.126,
0,50,,,4.947662353515625,250.153,
0,50,,,4.9625396728515625,250.179,
0,50,,,4.9358367919921875,250.206,
0,50,,,4.9358367919921875,250.232,
0,50,,,4.985046386718751,250.259,
0,50,,,4.985046386718751,250.285,
0,50,,,4.9591064453125,250.312,
0,50,,,4.9591064453125,250.338,
0,50,,,4.9312591552734375,250.365,
0,50,,,4.9312591552734375,250.391,
0,50,,,4.9625396728515625,250.418,
0,50,,,4.9625396728515625,250.444,
0,50,,,4.967117309570313,250.471,
0,50,,,4.967117309570313,250.498,
0,50,,,4.967117309570313,250.524,
0,50,,,4.967117309570313,250.551,
0,50,,,4.9381256103515625,250.577,
0,50,,,4.9381256103515625,250.604,
0,50,,,4.956436157226563,250.63,
0,50,,,4.956436157226563,250.657,
0,50,,,4.978561401367188,250.683,
0,50,,,4.979705810546875,250.71,
0,50,,,4.979705810546875,250.736,
0,50,,,4.951858520507813,250.763,
0,50,,,4.951858520507813,250.79,
0,50,,,4.978179931640625,250.816,
0,50,,,4.978179931640625,250.843,
0,50,,,4.938507080078126,250.869,
0,50,,,4.938507080078126,250.896,
0,50,,,4.946136474609376,250.922,
0,50,,,4.946136474609376,250.949,
0,50,,,4.9816131591796875,250.975,
0,50,,,4.9816131591796875,251.002,
0,50,,,4.9617767333984375,251.028,
0,50,,,4.9617767333984375,251.055,
0,50,,,4.985809326171875,251.082,
0,50,,,4.985809326171875,251.108,
0,50,,,4.9839019775390625,251.135,
0,50,,,4.9839019775390625,251.161,
0,50,,,4.91790771484375,251.188,
0,50,,,4.91790771484375,251.214,
0,50,,,4.972839355468751,251.241,
0,50,,,4.979705810546875,251.267,
0,50,,,4.979705810546875,251.294,
0,50,,,4.9770355224609375,251.32,
0,50,,,4.9770355224609375,251.347,
0,51,,,5.192947387695313,251.48,
0,51,,,5.192947387695313,251.506,
0,51,,,5.5263519287109375,251.533,
0,51,,,5.5263519287109375,251.56,
0,51,,,5.501556396484375,251.586,
0,51,,,5.501556396484375,251.613,
0,51,,,5.564117431640626,251.639,
0,51,,,5.564117431640626,251.666,
0,51,,,5.507659912109376,251.692,
0,51,,,5.507659912109376,251.719,
0,51,,,5.519866943359375,251.745,
0,51,,,5.5103302001953125,251.772,
0,51,,,5.5103302001953125,251.798,
0,51,,,5.5301666259765625,251.825,
0,51,,,5.5301666259765625,251.852,
0,51,,,5.498504638671875,251.878,
0,51,,,5.498504638671875,251.905,
0,51,,,5.515289306640626,251.931,
0,51,,,5.515289306640626,251.958,
0,51,,,5.5194854736328125,251.984,
0,51,,,5.5194854736328125,252.011,
0,51,,,5.476379394531251,252.037,
0,51,,,5.476379394531251,252.064,
0,51,,,5.451202392578125,252.09,
0,51,,,5.451202392578125,252.117,
0,51,,,5.498123168945313,252.144,
0,51,,,5.498123168945313,252.17,
0,51,,,5.5004119873046875,252.197,
0,51,,,5.5004119873046875,252.223,
0,51,,,5.472564697265626,252.25,
0,51,,,5.5347442626953125,252.276,
0,51,,,5.5347442626953125,252.303,
0,51,,,5.464935302734376,252.329,
0,51,,,5.464935302734376,252.356,
0,51,,,5.570220947265625,252.382,
0,51,,,5.570220947265625,252.409,
0,51,,,5.506134033203125,252.435,
0,51,,,5.506134033203125,252.462,
0,51,,,5.5103302001953125,252.489,
0,51,,,5.5103302001953125,252.515,
0,51,,,5.524826049804688,252.542,
0,51,,,5.524826049804688,252.568,
0,51,,,5.4988861083984375,252.595,
0,51,,,5.4988861083984375,252.622,
0,51,,,5.490493774414063,252.649,
0,51,,,5.490493774414063,252.675,
0,51,,,5.568695068359376,252.702,
0,51,,,5.568695068359376,252.728,
0,51,,,5.458831787109375,252.755,
0,51,,,5.5072784423828125,252.781,
0,51,,,5.5072784423828125,252.808,
0,51,,,5.51300048828125,252.834,
0,51,,,5.51300048828125,252.861,
0,51,,,5.501937866210938,252.887,
0,51,,,5.501937866210938,252.914,
0,51,,,5.462646484375,252.941,
0,51,,,5.462646484375,252.967,
0,51,,,5.509567260742188,252.994,
0,51,,,5.509567260742188,253.02,
0,51,,,5.500030517578126,253.047,
0,51,,,5.500030517578126,253.073,
0,51,,,5.49468994140625,253.1,
0,52,,,5.1799774169921875,253.233,
0,52,,,5.214691162109375,253.259,
0,52,,,5.3287506103515625,253.286,
0,52,,,5.3287506103515625,253.312,
0,52,,,5.356979370117188,253.339,
0,52,,,5.356979370117188,253.365,
0,52,,,5.350494384765626,253.392,
0,52,,,5.350494384765626,253.419,
0,52,,,5.352020263671875,253.445,
0,52,,,5.352020263671875,253.472,
0,52,,,5.311203002929688,253.498,
0,52,,,5.311203002929688,253.525,
0,52,,,5.368423461914063,253.552,
0,52,,,5.368423461914063,253.578,
0,52,,,5.3310394287109375,253.605,
0,52,,,5.3310394287109375,253.631,
0,52,,,5.360031127929688,253.658,
0,52,,,5.360031127929688,253.684,
0,52,,,5.353546142578125,253.711,
0,52,,,5.353546142578125,253.738,
0,52,,,5.30242919921875,253.764,
0,52,,,5.363845825195313,253.791,
0,52,,,5.363845825195313,253.817,
0,52,,,5.330657958984375,253.844,
0,52,,,5.330657958984375,253.871,
0,52,,,5.31768798828125,253.897,
0,52,,,5.31768798828125,253.924,
0,52,,,5.382537841796875,253.95,
0,52,,,5.382537841796875,253.977,
0,52,,,5.302810668945313,254.004,
0,52,,,5.302810668945313,254.03,
0,52,,,5.358886718750001,254.057,
0,52,,,5.358886718750001,254.083,
0,52,,,5.279541015625,254.11,
0,52,,,5.279541015625,254.137,
0,52,,,5.3699493408203125,254.163,
0,52,,,5.3699493408203125,254.19,
0,52,,,5.371475219726563,254.216,
0,52,,,5.371475219726563,254.243,
0,52,,,5.3096771240234375,254.269,
0,52,,,5.41839599609375,254.296,
0,52,,,5.41839599609375,254.323,
0,52,,,5.3501129150390625,254.349,
0,52,,,5.3501129150390625,254.376,
0,52,,,5.3680419921875,254.402,
0,52,,,5.3680419921875,254.429,
0,52,,,5.3592681884765625,254.456,
0,52,,,5.3592681884765625,254.482,
0,52,,,5.305480957031251,254.509,
0,52,,,5.305480957031251,254.535,
0,52,,,5.4042816162109375,254.562,
0,52,,,5.4042816162109375,254.588,
0,52,,,5.291748046875,254.615,
0,52,,,5.291748046875,254.642,
0,52,,,5.3462982177734375,254.668,
0,52,,,5.3462982177734375,254.695,
0,52,,,5.34515380859375,254.721,
0,52,,,5.34515380859375,254.748,
0,52,,,5.2974700927734375,254.775,
0,52,,,5.394363403320313,254.801,
0,52,,,5.394363403320313,254.828,
0,52,,,5.2822113037109375,254.854,
0,52,,,5.2822113037109375,254.881,
0,52,,,5.3699493408203125,254.907,
0,52,,,5.3699493408203125,254.934,
0,52,,,5.341720581054688,254.961,
0,52,,,5.341720581054688,254.987,
0,52,,,5.3287506103515625,255.014,
0,52,,,5.3287506103515625,255.041,
0,52,,,5.3955078125,255.067,
0,52,,,5.3955078125,255.094,
0,52,,,5.3249359130859375,255.12,
0,52,,,5.3249359130859375,255.147,
0,52,,,5.3745269775390625,255.173,
0,52,,,5.3745269775390625,255.2,
0,52,,,5.345916748046875,255.227,
0,52,,,5.345916748046875,255.253,
0,52,,,5.318450927734375,255.28,
0,52,,,5.326461791992188,255.306,
0,52,,,5.326461791992188,255.333,
0,52,,,5.32684326171875,255.359,
0,52,,,5.32684326171875,255.386,
0,52,,,5.3478240966796875,255.412,
0,52,,,5.3478240966796875,255.439,
0,52,,,5.341339111328125,255.465,
0,52,,,5.341339111328125,255.492,
0,52,,,5.356979370117188,255.519,
0,52,,,5.356979370117188,255.545,
0,52,,,5.3928375244140625,255.572,
0,52,,,5.3928375244140625,255.598,
0,52,,,5.2974700927734375,255.625,
0,52,,,5.2974700927734375,255.651,
0,52,,,5.3813934326171875,255.678,
0,52,,,5.3813934326171875,255.704,
0,52,,,5.348587036132813,255.731,
0,52,,,5.348587036132813,255.757,
0,52,,,5.3375244140625,255.784,
0,52,,,5.3375244140625,255.811,
0,52,,,5.396270751953126,255.837,
0,52,,,5.3165435791015625,255.864,
0,52,,,5.3165435791015625,255.89,
0,52,,,5.383682250976563,255.917,
0,52,,,5.383682250976563,255.943,
0,52,,,5.3195953369140625,255.97,
0,52,,,5.3195953369140625,255.996,
0,52,,,5.313110351562501,256.023,
0,52,,,5.313110351562501,256.05,
0,52,,,5.390548706054688,256.076,
0,52,,,5.390548706054688,256.103,
0,52,,,5.286407470703126,256.129,
0,52,,,5.286407470703126,256.156,
0,52,,,5.4111480712890625,256.182,
0,52,,,5.4111480712890625,256.209,
0,52,,,5.325698852539063,256.235,
0,52,,,5.325698852539063,256.262,
0,52,,,5.3310394287109375,256.288,
0,52,,,5.3310394287109375,256.315,
0,52,,,5.350494384765626,256.342,
0,52,,,5.30242919921875,256.368,
0,52,,,5.30242919921875,256.395,
0,52,,,5.356216430664063,256.421,
0,52,,,5.356216430664063,256.448,
0,52,,,5.2852630615234375,256.474,
0,52,,,5.2852630615234375,256.501,
0,52,,,5.325698852539063,256.527,
0,52,,,5.325698852539063,256.554,
0,52,,,5.367660522460938,256.58,
0,52,,,5.367660522460938,256.607,
0,52,,,5.281829833984376,256.634,
0,52,,,5.281829833984376,256.66,
0,52,,,5.4050445556640625,256.687,
0,52,,,5.4050445556640625,256.713,
0,52,,,5.3737640380859375,256.741,
0,52,,,5.3737640380859375,256.767,
0,52,,,5.3546905517578125,256.794,
0,52,,,5.3546905517578125,256.82,
0,52,,,5.364990234375,256.847,
0,52,,,5.325698852539063,256.873,
0,52,,,5.325698852539063,256.9,
0,52,,,5.364990234375,256.926,
0,52,,,5.364990234375,256.953,
0,52,,,5.307388305664063,256.979,
0,52,,,5.307388305664063,257.006,
0,52,,,5.348587036132813,257.033,
0,52,,,5.348587036132813,257.059,
0,52,,,5.3375244140625,257.086,
0,52,,,5.3375244140625,257.112,
0,52,,,5.310821533203125,257.139,
0,52,,,5.310821533203125,257.165,
0,52,,,5.4203033447265625,257.192,
0,52,,,5.4203033447265625,257.218,
0,52,,,5.341339111328125,257.245,
0,52,,,5.341339111328125,257.271,
0,52,,,5.360794067382813,257.298,
0,52,,,5.360794067382813,257.325,
0,52,,,5.341339111328125,257.351,
0,52,,,5.322647094726563,257.378,
0,52,,,5.322647094726563,257.404,
0,52,,,5.3539276123046875,257.431,
0,52,,,5.3539276123046875,257.457,
0,52,,,5.28411865234375,257.484,
0,52,,,5.28411865234375,257.51,
0,52,,,5.3585052490234375,257.537,
0,52,,,5.3585052490234375,257.563,
0,52,,,5.3203582763671875,257.59,
0,52,,,5.3203582763671875,257.616,
0,52,,,5.299758911132813,257.643,
0,52,,,5.299758911132813,257.67,
0,52,,,5.329513549804688,257.696,
0,52,,,5.329513549804688,257.723,
0,52,,,5.27191162109375,257.749,
0,52,,,5.27191162109375,257.776,
0,52,,,5.355072021484376,257.802,
0,52,,,5.355072021484376,257.829,
0,52,,,5.3501129150390625,257.855,
0,52,,,5.3501129150390625,257.882,
0,52,,,5.303955078125,257.908,
0,52,,,5.392456054687501,257.935,
0,52,,,5.392456054687501,257.962,
0,52,,,5.2822113037109375,257.988,
0,52,,,5.2822113037109375,258.015,
0,52,,,5.3516387939453125,258.041,
0,52,,,5.3516387939453125,258.068,
0,52,,,5.3195953369140625,258.094,
0,52,,,5.3195953369140625,258.121,
0,52,,,5.336761474609375,258.147,
0,52,,,5.336761474609375,258.174,
0,52,,,5.363845825195313,258.2,
0,52,,,5.363845825195313,258.227,
0,52,,,5.309295654296876,258.254,
0,52,,,5.309295654296876,258.28,
0,52,,,5.360031127929688,258.307,
0,52,,,5.360031127929688,258.333,
0,52,,,5.344390869140625,258.36,
0,52,,,5.344390869140625,258.386,
0,52,,,5.326461791992188,258.413,
0,52,,,5.382537841796875,258.439,
0,52,,,5.382537841796875,258.466,
0,52,,,5.334091186523438,258.492,
0,52,,,5.334091186523438,258.519,
0,52,,,5.358886718750001,258.546,
0,52,,,5.358886718750001,258.572,
0,52,,,5.329513549804688,258.599,
0,52,,,5.329513549804688,258.625,
0,52,,,5.333709716796875,258.652,
0,52,,,5.333709716796875,258.678,
0,52,,,5.371856689453125,258.705,
0,52,,,5.371856689453125,258.731,
0,52,,,5.301666259765626,258.758,
0,52,,,5.301666259765626,258.784,
0,52,,,5.4126739501953125,258.811,
0,52,,,5.4126739501953125,258.838,
0,52,,,5.322265625,258.864,
0,52,,,5.322265625,258.891,
0,52,,,5.319976806640626,258.917,
0,52,,,5.3966522216796875,258.944,
0,52,,,5.3966522216796875,258.97,
0,52,,,5.292510986328125,258.997,
0,52,,,5.292510986328125,259.023,
0,52,,,5.3737640380859375,259.05,
0,52,,,5.3737640380859375,259.076,
0,52,,,5.34820556640625,259.103,
0,52,,,5.34820556640625,259.13,
0,52,,,5.323028564453125,259.156,
0,52,,,5.323028564453125,259.183,
0,52,,,5.3577423095703125,259.209,
0,52,,,5.3577423095703125,259.236,
0,52,,,5.325698852539063,259.262,
0,52,,,5.325698852539063,259.289,
0,52,,,5.406951904296875,259.315,
0,52,,,5.406951904296875,259.342,
0,52,,,5.2947998046875,259.368,
0,52,,,5.2947998046875,259.395,
0,52,,,5.3348541259765625,259.422,
0,52,,,5.379867553710938,259.448,
0,52,,,5.379867553710938,259.475,
0,52,,,5.312347412109376,259.501,
0,52,,,5.312347412109376,259.528,
0,52,,,5.350494384765626,259.554,
0,52,,,5.350494384765626,259.581,
0,52,,,5.326461791992188,259.607,
0,52,,,5.326461791992188,259.634,
0,52,,,5.342864990234376,259.66,
0,52,,,5.342864990234376,259.687,
0,52,,,5.361175537109375,259.714,
0,52,,,5.361175537109375,259.74,
0,52,,,5.2738189697265625,259.767,
0,53,,,5.2127838134765625,259.899,
0,53,,,5.3318023681640625,259.926,
0,53,,,5.3318023681640625,259.953,
0,53,,,5.464935302734376,259.979,
0,53,,,5.451583862304688,260.006,
0,53,,,5.451583862304688,260.032,
0,53,,,5.4107666015625,260.059,
0,53,,,5.4107666015625,260.086,
0,53,,,5.4393768310546875,260.112,
0,53,,,5.4393768310546875,260.139,
0,53,,,5.4615020751953125,260.165,
0,53,,,5.4615020751953125,260.192,
0,53,,,5.4462432861328125,260.218,
0,53,,,5.4462432861328125,260.245,
0,53,,,5.4653167724609375,260.271,
0,53,,,5.4653167724609375,260.298,
0,53,,,5.4779052734375,260.325,
0,53,,,5.4779052734375,260.351,
0,53,,,5.426025390625,260.378,
0,53,,,5.426025390625,260.404,
0,53,,,5.4576873779296875,260.431,
0,53,,,5.4576873779296875,260.457,
0,53,,,5.451202392578125,260.484,
0,53,,,5.4653167724609375,260.51,
0,53,,,5.4653167724609375,260.537,
0,53,,,5.487060546875,260.563,
0,53,,,5.487060546875,260.59,
0,53,,,5.4187774658203125,260.617,
0,53,,,5.4187774658203125,260.643,
0,53,,,5.470657348632813,260.67,
0,53,,,5.470657348632813,260.696,
0,53,,,5.442047119140626,260.723,
0,53,,,5.442047119140626,260.749,
0,53,,,5.43212890625,260.776,
0,53,,,5.43212890625,260.802,
0,53,,,5.480957031250001,260.829,
0,53,,,5.480957031250001,260.855,
0,53,,,5.462646484375,260.883,
0,53,,,5.462646484375,260.909,
0,53,,,5.450439453125001,260.936,
0,53,,,5.450439453125001,260.963,
0,53,,,5.4718017578125,260.989,
0,53,,,5.4412841796875,261.016,
0,53,,,5.4412841796875,261.042,
0,53,,,5.388641357421876,261.069,
0,53,,,5.388641357421876,261.095,
0,53,,,5.424880981445313,261.122,
0,53,,,5.424880981445313,261.148,
0,53,,,5.426025390625,261.175,
0,53,,,5.426025390625,261.202,
0,53,,,5.435943603515625,261.228,
0,53,,,5.435943603515625,261.255,
0,53,,,5.452346801757813,261.281,
0,53,,,5.452346801757813,261.308,
0,53,,,5.464935302734376,261.334,
0,53,,,5.464935302734376,261.361,
0,53,,,5.459213256835938,261.388,
0,53,,,5.459213256835938,261.414,
0,53,,,5.4107666015625,261.441,
0,53,,,5.4107666015625,261.467,
0,53,,,5.460357666015625,261.494,
0,53,,,5.45654296875,261.52,
0,53,,,5.45654296875,261.547,
0,54,,,8.78753662109375,262.582,
0,54,,,8.78753662109375,262.609,
0,54,,,8.87451171875,262.635,
0,54,,,8.87451171875,262.662,
0,54,,,8.92181396484375,262.688,
0,54,,,8.92181396484375,262.715,
0,54,,,8.8897705078125,262.741,
0,54,,,8.8897705078125,262.768,
0,54,,,8.887863159179688,262.794,
0,54,,,8.887863159179688,262.821,
0,54,,,8.898162841796875,262.848,
0,54,,,8.898162841796875,262.874,
0,54,,,8.8592529296875,262.901,
0,54,,,8.8592529296875,262.927,
0,54,,,8.885574340820312,262.954,
0,54,,,8.885574340820312,262.98,
0,54,,,8.914947509765625,263.007,
0,54,,,8.914947509765625,263.033,
0,54,,,8.910751342773438,263.06,
0,54,,,8.914947509765625,263.087,
0,54,,,8.914947509765625,263.113,
0,54,,,8.913421630859375,263.14,
0,54,,,8.913421630859375,263.166,
0,54,,,8.884429931640625,263.193,
0,54,,,8.884429931640625,263.219,
0,54,,,8.86077880859375,263.246,
0,54,,,8.86077880859375,263.272,
0,54,,,8.9019775390625,263.299,
0,54,,,8.9019775390625,263.325,
0,54,,,8.905792236328125,263.352,
0,54,,,8.905792236328125,263.378,
0,54,,,8.885192871093752,263.405,
0,54,,,8.885192871093752,263.432,
0,54,,,8.931350708007812,263.458,
0,54,,,8.931350708007812,263.485,
0,54,,,8.875274658203125,263.511,
0,54,,,8.875274658203125,263.538,
0,54,,,8.869171142578125,263.564,
0,54,,,8.858108520507812,263.591,
0,54,,,8.858108520507812,263.617,
0,54,,,8.888626098632812,263.644,
0,54,,,8.888626098632812,263.67,
0,54,,,8.895111083984375,263.697,
0,54,,,8.895111083984375,263.724,
0,54,,,8.858871459960938,263.75,
0,54,,,8.858871459960938,263.777,
0,54,,,8.892059326171875,263.803,
0,54,,,8.892059326171875,263.83,
0,54,,,8.861160278320312,263.856,
0,54,,,8.861160278320312,263.883,
0,54,,,8.835220336914062,263.909,
0,54,,,8.835220336914062,263.936,
0,54,,,8.831787109375002,263.962,
0,54,,,8.831787109375002,263.989,
0,54,,,8.893203735351562,264.016,
0,54,,,8.893203735351562,264.042,
0,54,,,8.906936645507812,264.069,
0,54,,,8.902359008789064,264.095,
0,54,,,8.902359008789064,264.122,
0,54,,,8.900451660156252,264.148,
0,54,,,8.900451660156252,264.175,
0,54,,,8.873367309570312,264.201,
0,54,,,8.873367309570312,264.228,
0,54,,,8.854293823242188,264.255,
0,54,,,8.854293823242188,264.281,
0,54,,,8.880233764648438,264.308,
0,54,,,8.880233764648438,264.335,
0,54,,,8.834075927734375,264.361,
0,54,,,8.834075927734375,264.388,
0,54,,,8.880996704101562,264.414,
0,54,,,8.880996704101562,264.441,
0,54,,,8.855056762695312,264.467,
0,54,,,8.855056762695312,264.494,
0,54,,,8.879470825195314,264.52,
0,54,,,8.879470825195314,264.547,
0,54,,,8.899688720703125,264.574,
0,54,,,8.899688720703125,264.6,
0,54,,,8.900070190429688,264.627,
0,54,,,8.899688720703125,264.653,
0,54,,,8.899688720703125,264.68,
0,54,,,8.858108520507812,264.706,
0,54,,,8.858108520507812,264.733,
0,54,,,8.89091491699219,264.759,
0,54,,,8.89091491699219,264.786,
0,54,,,8.873748779296877,264.812,
0,54,,,8.873748779296877,264.839,
0,54,,,8.884811401367188,264.866,
0,54,,,8.884811401367188,264.892,
0,54,,,8.89129638671875,264.919,
0,54,,,8.89129638671875,264.945,
0,54,,,8.884811401367188,264.972,
0,54,,,8.884811401367188,264.998,
0,54,,,8.873367309570312,265.025,
0,54,,,8.873367309570312,265.051,
0,54,,,8.86039733886719,265.078,
0,54,,,8.86039733886719,265.105,
0,54,,,8.847427368164062,265.131,
0,54,,,8.874130249023438,265.158,
0,54,,,8.874130249023438,265.184,
0,54,,,8.893585205078125,265.211,
0,54,,,8.893585205078125,265.238,
0,54,,,8.892059326171875,265.264,
0,54,,,8.892059326171875,265.291,
0,54,,,8.893585205078125,265.318,
0,54,,,8.893585205078125,265.344,
0,54,,,8.847045898437502,265.371,
0,54,,,8.847045898437502,265.397,
0,54,,,8.89091491699219,265.424,
0,54,,,8.89091491699219,265.45,
0,54,,,8.877563476562502,265.477,
0,54,,,8.877563476562502,265.503,
0,54,,,8.864974975585938,265.53,
0,54,,,8.864974975585938,265.556,
0,54,,,8.930587768554688,265.583,
0,54,,,8.930587768554688,265.61,
0,54,,,8.877563476562502,265.637,
0,54,,,8.870315551757812,265.663,
0,54,,,8.870315551757812,265.69,
0,54,,,8.86039733886719,265.716,
0,54,,,8.86039733886719,265.743,
0,54,,,8.887481689453125,265.769,
0,54,,,8.887481689453125,265.796,
0,54,,,8.882904052734375,265.823,
0,54,,,8.882904052734375,265.849,
0,54,,,8.897018432617188,265.876,
0,54,,,8.897018432617188,265.902,
0,54,,,8.87908935546875,265.929,
0,54,,,8.87908935546875,265.955,
0,54,,,8.909988403320314,265.982,
0,54,,,8.909988403320314,266.009,
0,54,,,8.86383056640625,266.035,
0,54,,,8.86383056640625,266.062,
0,54,,,8.896636962890627,266.088,
0,54,,,8.896636962890627,266.115,
0,54,,,8.877944946289062,266.141,
0,54,,,8.884429931640625,266.168,
0,54,,,8.884429931640625,266.194,
0,54,,,8.89434814453125,266.221,
0,54,,,8.89434814453125,266.247,
0,54,,,8.894729614257814,266.274,
0,54,,,8.894729614257814,266.301,
0,54,,,8.872222900390625,266.327,
0,54,,,8.872222900390625,266.354,
0,54,,,8.87603759765625,266.38,
0,54,,,8.87603759765625,266.407,
0,54,,,8.892440795898438,266.433,
0,54,,,8.892440795898438,266.46,
0,54,,,8.877182006835938,266.486,
0,54,,,8.877182006835938,266.513,
0,54,,,8.911514282226562,266.54,
0,54,,,8.911514282226562,266.566,
0,54,,,8.9141845703125,266.593,
0,54,,,8.9141845703125,266.619,
0,54,,,8.869934082031252,266.646,
0,54,,,8.887100219726564,266.672,
0,54,,,8.887100219726564,266.699,
0,54,,,8.896255493164062,266.725,
0,54,,,8.896255493164062,266.752,
0,54,,,8.86077880859375,266.779,
0,54,,,8.86077880859375,266.805,
0,54,,,8.86688232421875,266.832,
0,54,,,8.86688232421875,266.858,
0,54,,,8.856201171875,266.885,
0,54,,,8.856201171875,266.911,
0,54,,,8.910369873046875,266.938,
0,54,,,8.910369873046875,266.964,
0,54,,,8.921051025390625,266.991,
0,54,,,8.921051025390625,267.018,
0,54,,,8.904647827148438,267.044,
0,54,,,8.904647827148438,267.071,
0,54,,,8.878326416015625,267.097,
0,54,,,8.878326416015625,267.124,
0,54,,,8.895111083984375,267.15,
0,54,,,8.892822265625002,267.177,
0,54,,,8.892822265625002,267.203,
0,54,,,8.869934082031252,267.23,
0,54,,,8.869934082031252,267.256,
0,54,,,8.88328552246094,267.283,
0,54,,,8.88328552246094,267.31,
0,54,,,8.887100219726564,267.336,
0,54,,,8.887100219726564,267.363,
0,54,,,8.861160278320312,267.389,
0,54,,,8.861160278320312,267.416,
0,54,,,8.855056762695312,267.442,
0,54,,,8.855056762695312,267.469,
0,54,,,8.881759643554688,267.495,
0,54,,,8.881759643554688,267.522,
0,54,,,8.842849731445312,267.549,
0,54,,,8.842849731445312,267.575,
0,54,,,8.878707885742188,267.602,
0,54,,,8.878707885742188,267.628,
0,54,,,8.866500854492188,267.655,
0,54,,,8.866500854492188,267.681,
0,54,,,8.861160278320312,267.708,
0,54,,,8.87908935546875,267.734,
0,54,,,8.87908935546875,267.761,
0,54,,,8.856582641601564,267.787,
0,54,,,8.856582641601564,267.814,
0,54,,,8.866119384765627,267.841,
0,54,,,8.866119384765627,267.867,
0,54,,,8.863449096679688,267.894,
0,54,,,8.863449096679688,267.92,
0,54,,,8.849334716796875,267.947,
0,54,,,8.849334716796875,267.973,
0,54,,,8.855056762695312,268.0,
0,54,,,8.855056762695312,268.026,
0,54,,,8.86802673339844,268.053,
0,54,,,8.86802673339844,268.079,
0,54,,,8.882904052734375,268.106,
0,54,,,8.882904052734375,268.133,
0,54,,,8.9019775390625,268.159,
0,54,,,8.9019775390625,268.186,
0,54,,,8.858871459960938,268.212,
0,54,,,8.854675292968752,268.239,
0,54,,,8.854675292968752,268.265,
0,54,,,8.86039733886719,268.292,
0,54,,,8.86039733886719,268.318,
0,54,,,8.877944946289062,268.345,
0,54,,,8.877944946289062,268.371,
0,54,,,8.872604370117188,268.398,
0,54,,,8.872604370117188,268.425,
0,54,,,8.87565612792969,268.451,
0,54,,,8.87565612792969,268.478,
0,54,,,8.849716186523438,268.504,
0,54,,,8.849716186523438,268.531,
0,54,,,8.908462524414062,268.557,
0,54,,,8.908462524414062,268.584,
0,54,,,8.8836669921875,268.61,
0,54,,,8.8836669921875,268.637,
0,54,,,8.893585205078125,268.663,
0,54,,,8.893585205078125,268.69,
0,54,,,8.882904052734375,268.717,
0,54,,,8.87603759765625,268.743,
0,54,,,8.87603759765625,268.77,
0,54,,,8.864593505859375,268.796,
0,54,,,8.864593505859375,268.823,
0,54,,,8.910751342773438,268.849,
0,54,,,8.910751342773438,268.876,
0,54,,,8.8958740234375,268.902,
0,54,,,8.8958740234375,268.929,
0,54,,,8.866500854492188,268.955,
0,54,,,8.866500854492188,268.982,
0,54,,,8.874130249023438,269.009,
0,54,,,8.874130249023438,269.035,
0,54,,,8.8531494140625,269.062,
0,54,,,8.8531494140625,269.088,
0,54,,,8.887100219726564,269.115,
0,54,,,8.887100219726564,269.141,
0,54,,,8.890151977539062,269.168,
0,54,,,8.890151977539062,269.195,
0,54,,,8.844757080078125,269.221,
0,54,,,8.853912353515625,269.248,
0,54,,,8.853912353515625,269.274,
0,54,,,8.862304687500002,269.301,
0,54,,,8.862304687500002,269.328,
0,54,,,8.905029296875,269.355,
0,54,,,8.905029296875,269.381,
0,54,,,8.88214111328125,269.408,
0,54,,,8.88214111328125,269.434,
0,54,,,8.913040161132812,269.461,
0,54,,,8.913040161132812,269.488,
0,54,,,8.877563476562502,269.514,
0,54,,,8.877563476562502,269.541,
0,54,,,8.917999267578125,269.567,
0,54,,,8.917999267578125,269.594,
0,54,,,8.868789672851562,269.62,
0,54,,,8.868789672851562,269.647,
0,54,,,8.8714599609375,269.673,
0,54,,,8.8714599609375,269.7,
0,54,,,8.887481689453125,269.727,
0,54,,,8.86039733886719,269.753,
0,54,,,8.86039733886719,269.78,
0,54,,,8.84513854980469,269.806,
0,54,,,8.84513854980469,269.833,
0,54,,,8.901214599609375,269.859,
0,54,,,8.901214599609375,269.886,
0,54,,,8.9019775390625,269.912,
0,54,,,8.9019775390625,269.939,
0,54,,,8.860015869140625,269.966,
0,54,,,8.860015869140625,269.992,
0,54,,,8.880233764648438,270.019,
0,54,,,8.880233764648438,270.045,
0,54,,,8.879470825195314,270.072,
0,54,,,8.879470825195314,270.098,
0,54,,,8.83750915527344,270.125,
0,54,,,8.83750915527344,270.151,
0,54,,,8.845901489257812,270.178,
0,54,,,8.845901489257812,270.205,
0,54,,,8.86077880859375,270.231,
0,54,,,8.856582641601564,270.258,
0,54,,,8.856582641601564,270.284,
0,54,,,8.900070190429688,270.311,
0,54,,,8.900070190429688,270.337,
0,54,,,8.877563476562502,270.364,
0,54,,,8.877563476562502,270.39,
0,54,,,8.886337280273438,270.417,
0,54,,,8.886337280273438,270.443,
0,54,,,8.870697021484375,270.47,
0,54,,,8.870697021484375,270.497,
0,54,,,8.887863159179688,270.523,
0,54,,,8.887863159179688,270.55,
0,54,,,8.882522583007812,270.576,
0,54,,,8.882522583007812,270.603,
0,54,,,8.889389038085938,270.629,
0,54,,,8.889389038085938,270.656,
0,54,,,8.842086791992188,270.682,
0,54,,,8.842086791992188,270.709,
0,54,,,8.832550048828125,270.736,
0,54,,,8.832550048828125,270.762,
0,54,,,8.826446533203125,270.789,
0,54,,,8.853912353515625,270.815,
0,54,,,8.853912353515625,270.842,
0,54,,,8.890533447265625,270.868,
0,54,,,8.890533447265625,270.895,
0,54,,,8.869552612304688,270.922,
0,54,,,8.869552612304688,270.948,
0,54,,,8.89091491699219,270.975,
0,54,,,8.89091491699219,271.001,
0,54,,,8.876419067382812,271.028,
0,54,,,8.876419067382812,271.054,
0,54,,,8.85162353515625,271.081,
0,54,,,8.85162353515625,271.107,
0,54,,,8.8836669921875,271.134,
0,54,,,8.8836669921875,271.16,
0,54,,,8.88671875,271.187,
0,54,,,8.88671875,271.214,
0,54,,,8.889389038085938,271.24,
0,54,,,8.889389038085938,271.267,
0,54,,,8.88328552246094,271.293,
0,54,,,8.89434814453125,271.32,
0,54,,,8.89434814453125,271.346,
0,54,,,8.912277221679688,271.373,
0,54,,,8.912277221679688,271.399,
0,54,,,8.917617797851564,271.426,
0,54,,,8.917617797851564,271.453,
0,54,,,8.90617370605469,271.479,
0,54,,,8.90617370605469,271.506,
0,54,,,8.909225463867188,271.532,
0,54,,,8.909225463867188,271.559,
0,54,,,8.903121948242188,271.585,
0,54,,,8.903121948242188,271.612,
0,54,,,8.869552612304688,271.638,
0,54,,,8.869552612304688,271.665,
0,54,,,8.878707885742188,271.691,
0,54,,,8.878707885742188,271.718,
0,54,,,8.909988403320314,271.745,
0,54,,,8.909988403320314,271.771,
0,54,,,8.86383056640625,271.798,
0,54,,,8.856582641601564,271.824,
0,54,,,8.856582641601564,271.851,
0,54,,,8.859634399414062,271.877,
0,54,,,8.859634399414062,271.904,
0,54,,,8.8958740234375,271.93,
0,54,,,8.8958740234375,271.957,
0,54,,,8.871078491210938,271.983,
0,54,,,8.871078491210938,272.01,
0,54,,,8.897018432617188,272.037,
0,54,,,8.897018432617188,272.063,
0,54,,,8.894729614257814,272.09,
0,54,,,8.894729614257814,272.116,
0,54,,,8.871078491210938,272.143,
0,54,,,8.871078491210938,272.17,
0,54,,,8.884811401367188,272.196,
0,54,,,8.884811401367188,272.223,
0,54,,,8.870315551757812,272.249,
0,54,,,8.870315551757812,272.276,
0,54,,,8.904266357421877,272.302,
0,54,,,8.8897705078125,272.329,
0,54,,,8.8897705078125,272.355,
0,54,,,8.876419067382812,272.382,
0,54,,,8.876419067382812,272.408,
0,54,,,8.903884887695312,272.435,
0,54,,,8.903884887695312,272.462,
0,54,,,8.911514282226562,272.488,
0,54,,,8.911514282226562,272.515,
0,54,,,8.845901489257812,272.541,
0,54,,,8.845901489257812,272.568,
0,55,,,8.844757080078125,272.674,
0,55,,,8.77227783203125,272.701,
0,55,,,8.77227783203125,272.727,
0,55,,,8.632659912109375,272.754,
0,55,,,8.632659912109375,272.78,
0,55,,,8.624267578125,272.807,
0,55,,,8.624267578125,272.833,
0,55,,,8.615875244140625,272.86,
0,55,,,8.6151123046875,272.886,
0,55,,,8.6151123046875,272.913,
0,55,,,8.663940429687502,272.94,
0,55,,,8.663940429687502,272.966,
0,55,,,8.641433715820312,272.993,
0,55,,,8.641433715820312,273.019,
0,55,,,8.643722534179688,273.046,
0,55,,,8.643722534179688,273.072,
0,55,,,8.628082275390625,273.099,
0,55,,,8.628082275390625,273.125,
0,55,,,8.691024780273438,273.152,
0,55,,,8.691024780273438,273.179,
0,55,,,8.655548095703125,273.205,
0,55,,,8.655548095703125,273.232,
0,55,,,8.642578125,273.258,
0,55,,,8.642578125,273.285,
0,55,,,8.644485473632812,273.311,
0,55,,,8.644485473632812,273.338,
0,55,,,8.63151550292969,273.364,
0,55,,,8.652496337890627,273.391,
0,55,,,8.652496337890627,273.417,
0,55,,,8.636474609375,273.444,
0,55,,,8.636474609375,273.471,
0,55,,,8.63914489746094,273.498,
0,55,,,8.63914489746094,273.524,
0,55,,,8.641052246093752,273.551,
0,55,,,8.641052246093752,273.577,
0,55,,,8.67462158203125,273.604,
0,55,,,8.67462158203125,273.631,
0,55,,,8.664321899414062,273.657,
0,55,,,8.664321899414062,273.684,
0,55,,,8.68988037109375,273.71,
0,55,,,8.68988037109375,273.737,
0,55,,,8.634185791015625,273.763,
0,55,,,8.634185791015625,273.79,
0,55,,,8.649826049804688,273.816,
0,55,,,8.649826049804688,273.843,
0,55,,,8.642578125,273.87,
0,55,,,8.638381958007812,273.896,
0,55,,,8.638381958007812,273.923,
0,55,,,8.678817749023438,273.949,
0,55,,,8.678817749023438,273.976,
0,55,,,8.656692504882812,274.002,
0,56,,,8.841323852539064,274.135,
0,56,,,9.148025512695312,274.162,
0,56,,,9.148025512695312,274.188,
0,56,,,9.320831298828125,274.215,
0,56,,,9.320831298828125,274.241,
0,56,,,9.30290222167969,274.268,
0,56,,,9.30290222167969,274.294,
0,56,,,9.252548217773438,274.321,
0,56,,,9.252548217773438,274.347,
0,56,,,9.336090087890625,274.374,
0,56,,,9.283828735351564,274.401,
0,56,,,9.283828735351564,274.427,
0,56,,,9.364700317382812,274.454,
0,56,,,9.364700317382812,274.48,
0,56,,,8.801651000976562,274.507,
0,56,,,8.801651000976562,274.533,
0,56,,,8.375167846679688,274.56,
0,56,,,8.375167846679688,274.586,
0,56,,,8.41026306152344,274.613,
0,56,,,8.41026306152344,274.639,
0,56,,,8.39080810546875,274.666,
0,56,,,8.39080810546875,274.693,
0,56,,,8.359527587890625,274.719,
0,56,,,8.359527587890625,274.746,
0,56,,,8.40606689453125,274.772,
0,56,,,8.40606689453125,274.799,
0,56,,,8.37974548339844,274.825,
0,56,,,8.37974548339844,274.852,
0,56,,,8.368682861328125,274.878,
0,56,,,8.354568481445312,274.905,
0,56,,,8.354568481445312,274.931,
0,56,,,8.379364013671875,274.958,
0,56,,,8.379364013671875,274.984,
0,56,,,8.385467529296877,275.011,
0,56,,,8.385467529296877,275.038,
0,56,,,8.393478393554688,275.064,
0,56,,,8.393478393554688,275.091,
0,56,,,8.377838134765627,275.117,
0,56,,,8.377838134765627,275.144,
0,57,,,8.83331298828125,275.25,
0,57,,,8.8714599609375,275.277,
0,57,,,8.8714599609375,275.303,
0,57,,,9.178924560546877,275.33,
0,57,,,9.178924560546877,275.356,
0,57,,,9.23309326171875,275.383,
0,57,,,9.23309326171875,275.409,
0,57,,,9.221649169921875,275.436,
0,57,,,9.236145019531252,275.462,
0,57,,,9.236145019531252,275.489,
0,57,,,9.2620849609375,275.515,
0,57,,,9.2620849609375,275.542,
0,57,,,9.222412109375,275.569,
0,57,,,9.222412109375,275.595,
0,57,,,9.202957153320312,275.622,
0,57,,,9.202957153320312,275.648,
0,57,,,9.19609069824219,275.675,
0,57,,,9.19609069824219,275.701,
0,57,,,9.177398681640625,275.728,
0,57,,,9.177398681640625,275.754,
0,57,,,9.189605712890625,275.781,
0,57,,,9.189605712890625,275.807,
0,57,,,9.21173095703125,275.834,
0,57,,,9.21173095703125,275.861,
0,57,,,9.230804443359375,275.887,
0,57,,,9.230804443359375,275.914,
0,57,,,9.204864501953125,275.94,
0,57,,,9.223175048828125,275.967,
0,57,,,9.223175048828125,275.993,
0,57,,,9.244155883789062,276.02,
0,57,,,9.244155883789062,276.046,
0,58,,,8.816909790039062,276.179,
0,58,,,8.816909790039062,276.206,
0,58,,,8.9111328125,276.232,
0,58,,,8.9111328125,276.259,
0,58,,,9.070587158203125,276.286,
0,58,,,9.070587158203125,276.312,
0,58,,,8.957672119140627,276.339,
0,58,,,8.957672119140627,276.365,
0,58,,,9.108352661132814,276.392,
0,58,,,9.108352661132814,276.418,
0,58,,,8.93402099609375,276.445,
0,58,,,9.094619750976562,276.471,
0,58,,,9.094619750976562,276.498,
0,58,,,8.922958374023438,276.525,
0,58,,,8.922958374023438,276.551,
0,58,,,9.112930297851562,276.578,
0,58,,,9.112930297851562,276.604,
0,58,,,8.983612060546875,276.631,
0,58,,,8.983612060546875,276.657,
0,58,,,9.129714965820312,276.684,
0,58,,,9.129714965820312,276.71,
0,58,,,8.957672119140627,276.737,
0,58,,,8.957672119140627,276.763,
0,58,,,9.117507934570312,276.79,
0,58,,,9.117507934570312,276.817,
0,58,,,8.917617797851564,276.843,
0,58,,,8.917617797851564,276.87,
0,58,,,9.088516235351562,276.896,
0,58,,,9.088516235351562,276.923,
0,58,,,8.89129638671875,276.949,
0,58,,,9.137344360351562,276.976,
0,58,,,9.137344360351562,277.002,
0,58,,,8.980178833007812,277.029,
0,58,,,8.980178833007812,277.055,
0,58,,,9.046173095703125,277.082,
0,58,,,9.046173095703125,277.109,
0,58,,,8.960723876953125,277.135,
0,58,,,8.960723876953125,277.162,
0,58,,,9.094619750976562,277.188,
0,58,,,9.094619750976562,277.215,
0,58,,,8.9630126953125,277.241,
0,58,,,8.9630126953125,277.268,
0,58,,,9.077072143554688,277.294,
0,58,,,9.077072143554688,277.321,
0,58,,,8.971023559570314,277.347,
0,58,,,8.971023559570314,277.374,
0,58,,,9.109115600585938,277.401,
0,58,,,9.109115600585938,277.427,
0,58,,,8.954238891601562,277.454,
0,58,,,8.954238891601562,277.48,
0,58,,,9.045410156250002,277.507,
0,58,,,8.945465087890625,277.533,
0,58,,,8.945465087890625,277.56,
0,58,,,9.082412719726562,277.586,
0,58,,,9.082412719726562,277.613,
0,58,,,8.969497680664062,277.64,
0,58,,,8.969497680664062,277.667,
0,58,,,9.094619750976562,277.693,
0,58,,,9.094619750976562,277.72,
0,58,,,8.932113647460938,277.746,
0,58,,,8.932113647460938,277.773,
0,58,,,9.083175659179688,277.799,
0,58,,,9.083175659179688,277.826,
0,58,,,8.940505981445314,277.853,
0,58,,,8.940505981445314,277.879,
0,58,,,9.057998657226562,277.906,
0,58,,,9.057998657226562,277.932,
0,58,,,8.985519409179688,277.959,
0,58,,,8.985519409179688,277.985,
0,58,,,9.122848510742188,278.012,
0,58,,,8.93707275390625,278.039,
0,58,,,8.93707275390625,278.065,
0,58,,,9.0972900390625,278.092,
0,58,,,9.0972900390625,278.118,
0,58,,,8.958053588867188,278.145,
0,58,,,8.958053588867188,278.171,
0,58,,,9.063720703125,278.198,
0,58,,,9.063720703125,278.224,
0,58,,,8.943557739257812,278.251,
0,58,,,8.943557739257812,278.277,
0,58,,,9.05876159667969,278.304,
0,58,,,9.05876159667969,278.33,
0,58,,,8.957672119140627,278.357,
0,58,,,8.957672119140627,278.384,
0,58,,,9.088134765625,278.41,
0,58,,,9.088134765625,278.437,
0,58,,,8.95538330078125,278.463,
0,58,,,8.95538330078125,278.49,
0,58,,,9.088134765625,278.516,
0,58,,,8.95957946777344,278.543,
0,58,,,8.95957946777344,278.57,
0,58,,,9.076309204101562,278.596,
0,58,,,9.076309204101562,278.623,
0,58,,,8.907318115234375,278.65,
0,58,,,8.907318115234375,278.676,
0,58,,,9.051895141601562,278.703,
0,58,,,9.051895141601562,278.729,
0,58,,,8.983993530273438,278.756,
0,58,,,8.983993530273438,278.782,
0,58,,,9.100341796875,278.809,
0,58,,,9.100341796875,278.835,
0,58,,,8.927536010742188,278.862,
0,58,,,8.927536010742188,278.888,
0,58,,,9.063720703125,278.915,
0,58,,,9.063720703125,278.942,
0,58,,,8.939361572265625,278.968,
0,58,,,8.939361572265625,278.995,
0,58,,,9.03587341308594,279.021,
0,58,,,8.99505615234375,279.048,
0,58,,,8.99505615234375,279.074,
0,58,,,9.067153930664062,279.101,
0,58,,,9.067153930664062,279.127,
0,58,,,8.927536010742188,279.154,
0,58,,,8.927536010742188,279.18,
0,58,,,9.114074707031252,279.207,
0,58,,,9.114074707031252,279.234,
0,58,,,8.97216796875,279.26,
0,58,,,8.97216796875,279.287,
0,58,,,9.112548828125,279.313,
0,58,,,9.112548828125,279.34,
0,58,,,8.955764770507814,279.366,
0,58,,,8.955764770507814,279.393,
0,58,,,9.04388427734375,279.419,
0,59,,,8.964157104492188,279.552,
0,59,,,8.964157104492188,279.579,
0,59,,,9.169769287109375,279.605,
0,59,,,9.169769287109375,279.632,
0,59,,,9.12628173828125,279.658,
0,59,,,9.12628173828125,279.685,
0,59,,,9.133148193359377,279.711,
0,59,,,9.133148193359377,279.738,
0,59,,,9.149169921875,279.765,
0,59,,,9.149169921875,279.791,
0,59,,,9.15794372558594,279.818,
0,59,,,9.15794372558594,279.844,
0,59,,,9.132003784179688,279.871,
0,59,,,9.132003784179688,279.897,
0,59,,,9.16557312011719,279.924,
0,59,,,9.16557312011719,279.95,
0,59,,,9.15069580078125,279.977,
0,59,,,9.15069580078125,280.003,
0,59,,,9.152603149414062,280.03,
0,59,,,9.152603149414062,280.057,
0,59,,,9.128952026367188,280.083,
0,59,,,9.16557312011719,280.11,
0,59,,,9.16557312011719,280.136,
0,59,,,9.141921997070312,280.163,
0,59,,,9.141921997070312,280.189,
0,59,,,9.14306640625,280.216,
0,59,,,9.14306640625,280.242,
0,59,,,9.101486206054688,280.269,
0,59,,,9.101486206054688,280.295,
0,59,,,9.123611450195314,280.322,
0,59,,,9.123611450195314,280.349,
0,60,,,9.38835144042969,281.384,
0,60,,,9.38835144042969,281.41,
0,60,,,9.459304809570314,281.437,
0,60,,,9.459304809570314,281.463,
0,60,,,9.476470947265627,281.49,
0,60,,,9.476470947265627,281.516,
0,60,,,9.498214721679688,281.543,
0,60,,,9.498214721679688,281.57,
0,60,,,9.492874145507812,281.596,
0,60,,,9.535598754882814,281.623,
0,60,,,9.535598754882814,281.649,
0,60,,,9.485626220703127,281.676,
0,60,,,9.485626220703127,281.702,
0,60,,,9.4482421875,281.729,
0,60,,,9.4482421875,281.755,
0,60,,,9.481430053710938,281.782,
0,60,,,9.481430053710938,281.808,
0,60,,,9.453964233398438,281.835,
0,60,,,9.453964233398438,281.862,
0,60,,,9.489059448242188,281.888,
0,60,,,9.489059448242188,281.915,
0,60,,,9.524917602539062,281.941,
0,60,,,9.524917602539062,281.969,
0,60,,,9.488296508789062,281.995,
0,60,,,9.488296508789062,282.022,
0,60,,,9.480285644531252,282.048,
0,60,,,9.480285644531252,282.075,
0,60,,,9.494400024414062,282.101,
0,60,,,9.511947631835938,282.128,
0,60,,,9.511947631835938,282.154,
0,60,,,9.50775146484375,282.181,
0,60,,,9.50775146484375,282.207,
0,60,,,9.4635009765625,282.234,
0,60,,,9.4635009765625,282.261,
0,60,,,9.479522705078125,282.287,
0,60,,,9.479522705078125,282.314,
0,60,,,9.48486328125,282.34,
0,60,,,9.48486328125,282.367,
0,60,,,9.527587890625002,282.393,
0,60,,,9.527587890625002,282.42,
0,60,,,9.462738037109377,282.446,
0,60,,,9.462738037109377,282.473,
0,60,,,9.489440917968752,282.499,
0,60,,,9.489440917968752,282.526,
0,60,,,9.512329101562502,282.553,
0,60,,,9.512329101562502,282.579,
0,60,,,9.512329101562502,282.606,
0,60,,,9.512329101562502,282.632,
0,60,,,9.464263916015625,282.659,
0,60,,,9.403991699218752,282.685,
0,60,,,9.403991699218752,282.712,
0,60,,,9.4329833984375,282.738,
0,60,,,9.4329833984375,282.765,
0,60,,,9.484481811523438,282.791,
0,60,,,9.484481811523438,282.818,
0,60,,,9.487915039062502,282.844,
0,60,,,9.487915039062502,282.871,
0,60,,,9.465026855468752,282.898,
0,60,,,9.465026855468752,282.924,
0,60,,,9.479522705078125,282.951,
0,60,,,9.479522705078125,282.977,
0,60,,,9.5001220703125,283.004,
0,60,,,9.5001220703125,283.03,
0,60,,,9.53941345214844,283.057,
0,60,,,9.53941345214844,283.083,
0,60,,,9.506607055664064,283.11,
0,60,,,9.506607055664064,283.136,
0,60,,,9.507369995117188,283.163,
0,60,,,9.446334838867188,283.19,
0,60,,,9.446334838867188,283.216,
0,60,,,9.491348266601564,283.243,
0,60,,,9.491348266601564,283.269,
0,60,,,9.500885009765627,283.296,
0,60,,,9.500885009765627,283.322,
0,60,,,9.508132934570312,283.349,
0,60,,,9.508132934570312,283.375,
0,60,,,9.515762329101562,283.402,
0,60,,,9.515762329101562,283.428,
0,60,,,9.467697143554688,283.455,
0,60,,,9.467697143554688,283.482,
0,60,,,9.481811523437502,283.508,
0,60,,,9.481811523437502,283.535,
0,60,,,9.46464538574219,283.561,
0,60,,,9.46464538574219,283.588,
0,60,,,9.458923339843752,283.614,
0,60,,,9.458923339843752,283.641,
0,60,,,9.482192993164064,283.667,
0,60,,,9.48486328125,283.694,
0,60,,,9.48486328125,283.72,
0,60,,,9.499359130859377,283.747,
0,60,,,9.499359130859377,283.774,
0,60,,,9.444427490234375,283.8,
0,60,,,9.444427490234375,283.827,
0,60,,,9.45701599121094,283.853,
0,60,,,9.45701599121094,283.88,
0,60,,,9.426116943359375,283.906,
0,60,,,9.426116943359375,283.933,
0,60,,,9.493255615234377,283.959,
0,60,,,9.493255615234377,283.986,
0,60,,,9.5062255859375,284.013,
0,60,,,9.5062255859375,284.039,
0,60,,,9.50164794921875,284.066,
0,60,,,9.50164794921875,284.092,
0,60,,,9.489440917968752,284.119,
0,60,,,9.489440917968752,284.145,
0,60,,,9.511566162109375,284.172,
0,60,,,9.511566162109375,284.198,
0,60,,,9.494400024414062,284.225,
0,60,,,9.513473510742188,284.252,
0,60,,,9.513473510742188,284.278,
0,60,,,9.513092041015625,284.305,
0,60,,,9.513092041015625,284.331,
0,60,,,9.51385498046875,284.358,
0,60,,,9.51385498046875,284.384,
0,60,,,9.459686279296875,284.411,
0,60,,,9.459686279296875,284.438,
0,60,,,9.474563598632814,284.464,
0,60,,,9.474563598632814,284.491,
0,60,,,9.510040283203125,284.517,
0,60,,,9.510040283203125,284.544,
0,60,,,9.475326538085938,284.57,
0,60,,,9.475326538085938,284.597,
0,60,,,9.551620483398438,284.623,
0,60,,,9.551620483398438,284.65,
0,60,,,9.458160400390625,284.676,
0,60,,,9.458160400390625,284.703,
0,60,,,9.484100341796877,284.73,
0,60,,,9.490585327148438,284.756,
0,60,,,9.490585327148438,284.783,
0,60,,,9.481048583984375,284.809,
0,60,,,9.481048583984375,284.836,
0,60,,,9.479141235351562,284.862,
0,60,,,9.479141235351562,284.889,
0,60,,,9.492874145507812,284.915,
0,60,,,9.492874145507812,284.942,
0,60,,,9.474945068359375,284.969,
0,60,,,9.474945068359375,284.995,
0,60,,,9.44938659667969,285.022,
0,60,,,9.44938659667969,285.048,
0,60,,,9.50279235839844,285.075,
0,60,,,9.50279235839844,285.101,
0,60,,,9.516143798828127,285.128,
0,60,,,9.516143798828127,285.154,
0,60,,,9.462356567382812,285.181,
0,60,,,9.462356567382812,285.207,
0,60,,,9.484100341796877,285.234,
0,60,,,9.500503540039062,285.261,
0,60,,,9.500503540039062,285.287,
0,60,,,9.52568054199219,285.314,
0,60,,,9.52568054199219,285.34,
0,60,,,9.44175720214844,285.367,
0,60,,,9.44175720214844,285.393,
0,60,,,9.444046020507814,285.42,
0,60,,,9.444046020507814,285.446,
0,60,,,9.526443481445312,285.473,
0,60,,,9.526443481445312,285.499,
0,60,,,9.50889587402344,285.526,
0,60,,,9.50889587402344,285.553,
0,60,,,9.480285644531252,285.579,
0,60,,,9.480285644531252,285.606,
0,60,,,9.459304809570314,285.632,
0,60,,,9.459304809570314,285.659,
0,60,,,9.468460083007814,285.685,
0,60,,,9.468460083007814,285.712,
0,60,,,9.476089477539064,285.738,
0,60,,,9.508514404296877,285.765,
0,60,,,9.508514404296877,285.791,
0,60,,,9.469223022460938,285.818,
0,60,,,9.469223022460938,285.844,
0,60,,,9.468460083007814,285.871,
0,60,,,9.468460083007814,285.898,
0,60,,,9.4940185546875,285.924,
0,60,,,9.4940185546875,285.951,
0,60,,,9.543991088867188,285.977,
0,60,,,9.543991088867188,286.004,
0,60,,,9.512329101562502,286.03,
0,60,,,9.512329101562502,286.057,
0,60,,,9.535217285156252,286.084,
0,60,,,9.535217285156252,286.111,
0,60,,,9.505462646484375,286.137,
0,60,,,9.505462646484375,286.164,
0,60,,,9.475326538085938,286.19,
0,60,,,9.475326538085938,286.217,
0,60,,,9.449005126953125,286.243,
0,60,,,9.489822387695314,286.27,
0,60,,,9.489822387695314,286.296,
0,60,,,9.50164794921875,286.323,
0,60,,,9.50164794921875,286.35,
0,60,,,9.480285644531252,286.376,
0,60,,,9.480285644531252,286.403,
0,60,,,9.505844116210938,286.429,
0,60,,,9.505844116210938,286.456,
0,60,,,9.48638916015625,286.482,
0,60,,,9.48638916015625,286.509,
0,60,,,9.494400024414062,286.535,
0,60,,,9.494400024414062,286.562,
0,60,,,9.5062255859375,286.588,
0,60,,,9.5062255859375,286.615,
0,60,,,9.467697143554688,286.642,
0,60,,,9.467697143554688,286.668,
0,60,,,9.519577026367188,286.695,
0,60,,,9.519577026367188,286.721,
0,60,,,9.485626220703127,286.748,
0,60,,,9.485626220703127,286.774,
0,60,,,9.47723388671875,286.801,
0,60,,,9.49516296386719,286.827,
0,60,,,9.49516296386719,286.854,
0,60,,,9.482955932617188,286.88,
0,60,,,9.482955932617188,286.907,
0,60,,,9.506988525390627,286.934,
0,60,,,9.506988525390627,286.96,
0,60,,,9.541320800781252,286.987,
0,60,,,9.541320800781252,287.013,
0,60,,,9.467697143554688,287.04,
0,60,,,9.467697143554688,287.066,
0,60,,,9.44061279296875,287.093,
0,60,,,9.44061279296875,287.119,
0,60,,,9.418487548828125,287.146,
0,60,,,9.418487548828125,287.172,
0,60,,,9.468841552734377,287.199,
0,60,,,9.468841552734377,287.226,
0,60,,,9.490203857421875,287.252,
0,60,,,9.490203857421875,287.279,
0,60,,,9.476852416992188,287.305,
0,60,,,9.474182128906252,287.332,
0,60,,,9.474182128906252,287.359,
0,60,,,9.490966796875,287.385,
0,60,,,9.490966796875,287.412,
0,60,,,9.433746337890625,287.438,
0,60,,,9.433746337890625,287.465,
0,60,,,9.47227478027344,287.491,
0,60,,,9.47227478027344,287.518,
0,60,,,9.490585327148438,287.544,
0,60,,,9.490585327148438,287.571,
0,60,,,9.514236450195314,287.597,
0,60,,,9.514236450195314,287.624,
0,60,,,9.513092041015625,287.651,
0,60,,,9.513092041015625,287.677,
0,60,,,9.530258178710938,287.704,
0,60,,,9.530258178710938,287.73,
0,60,,,9.512710571289064,287.757,
0,60,,,9.512710571289064,287.783,
0,60,,,9.453582763671877,287.81,
0,60,,,9.451675415039064,287.836,
0,60,,,9.451675415039064,287.863,
0,60,,,9.47113037109375,287.889,
0,60,,,9.47113037109375,287.916,
0,60,,,9.487152099609375,287.942,
0,60,,,9.487152099609375,287.969,
0,60,,,9.430313110351564,287.996,
0,60,,,9.430313110351564,288.022,
0,60,,,9.46464538574219,288.049,
0,60,,,9.46464538574219,288.075,
0,60,,,9.459686279296875,288.102,
0,60,,,9.459686279296875,288.128,
0,60,,,9.447479248046877,288.155,
0,60,,,9.447479248046877,288.181,
0,60,,,9.477996826171877,288.208,
0,60,,,9.477996826171877,288.234,
0,60,,,9.465789794921875,288.261,
0,60,,,9.465789794921875,288.288,
0,60,,,9.476089477539064,288.314,
0,60,,,9.474182128906252,288.341,
0,60,,,9.474182128906252,288.367,
0,60,,,9.48486328125,288.394,
0,60,,,9.48486328125,288.42,
0,60,,,9.480667114257812,288.447,
0,60,,,9.480667114257812,288.473,
0,60,,,9.503173828125002,288.5,
0,60,,,9.503173828125002,288.526,
0,60,,,9.465026855468752,288.553,
0,60,,,9.465026855468752,288.58,
0,60,,,9.512710571289064,288.606,
0,60,,,9.512710571289064,288.633,
0,60,,,9.470367431640627,288.659,
0,60,,,9.470367431640627,288.686,
0,60,,,9.4482421875,288.712,
0,60,,,9.4482421875,288.739,
0,60,,,9.472656250000002,288.765,
0,60,,,9.472656250000002,288.792,
0,60,,,9.49363708496094,288.818,
0,60,,,9.49363708496094,288.845,
0,60,,,9.452056884765625,288.872,
0,60,,,9.447097778320312,288.898,
0,60,,,9.447097778320312,288.925,
0,60,,,9.4635009765625,288.951,
0,60,,,9.4635009765625,288.978,
0,60,,,9.490203857421875,289.004,
0,60,,,9.490203857421875,289.031,
0,60,,,9.485626220703127,289.057,
0,60,,,9.485626220703127,289.084,
0,60,,,9.504318237304688,289.11,
0,60,,,9.504318237304688,289.137,
0,60,,,9.434509277343752,289.163,
0,60,,,9.434509277343752,289.19,
0,60,,,9.48333740234375,289.217,
0,60,,,9.48333740234375,289.243,
0,60,,,9.4757080078125,289.27,
0,60,,,9.4757080078125,289.296,
0,60,,,9.471893310546875,289.323,
0,60,,,9.471893310546875,289.349,
0,60,,,9.458160400390625,289.376,
0,60,,,9.542083740234375,289.402,
0,60,,,9.542083740234375,289.429,
0,60,,,9.5062255859375,289.455,
0,60,,,9.5062255859375,289.482,
0,60,,,9.497451782226564,289.509,
0,60,,,9.497451782226564,289.535,
0,60,,,9.458923339843752,289.562,
0,60,,,9.458923339843752,289.588,
0,60,,,9.47074890136719,289.615,
0,60,,,9.47074890136719,289.641,
0,60,,,9.4696044921875,289.668,
0,60,,,9.4696044921875,289.694,
0,60,,,9.4482421875,289.721,
0,60,,,9.4482421875,289.747,
0,60,,,9.512329101562502,289.774,
0,60,,,9.512329101562502,289.801,
0,60,,,9.514999389648438,289.827,
0,60,,,9.514999389648438,289.854,
0,60,,,9.53178405761719,289.88,
0,60,,,9.45281982421875,289.907,
0,60,,,9.45281982421875,289.933,
0,60,,,9.442520141601562,289.96,
0,60,,,9.442520141601562,289.986,
0,60,,,9.502029418945312,290.013,
0,60,,,9.502029418945312,290.04,
0,60,,,9.451293945312502,290.066,
0,60,,,9.451293945312502,290.093,
0,60,,,9.458923339843752,290.119,
0,60,,,9.458923339843752,290.146,
0,60,,,9.47113037109375,290.172,
0,60,,,9.47113037109375,290.2,
0,60,,,9.489822387695314,290.226,
0,60,,,9.489822387695314,290.253,
0,60,,,9.473037719726562,290.279,
0,60,,,9.473037719726562,290.306,
0,60,,,9.497070312500002,290.332,
0,60,,,9.497070312500002,290.359,
0,60,,,9.50164794921875,290.385,
0,60,,,9.462356567382812,290.412,
0,60,,,9.462356567382812,290.438,
0,60,,,9.480667114257812,290.465,
0,60,,,9.480667114257812,290.491,
0,60,,,9.450531005859375,290.518,
0,60,,,9.450531005859375,290.545,
0,60,,,9.498214721679688,290.571,
0,60,,,9.498214721679688,290.598,
0,60,,,9.465026855468752,290.624,
0,60,,,9.465026855468752,290.651,
0,60,,,9.481048583984375,290.677,
0,60,,,9.481048583984375,290.704,
0,60,,,9.502410888671875,290.73,
0,60,,,9.502410888671875,290.757,
0,60,,,9.494781494140625,290.783,
0,60,,,9.494781494140625,290.81,
0,60,,,9.506607055664064,290.837,
0,60,,,9.506607055664064,290.863,
0,60,,,9.499740600585938,290.89,
0,60,,,9.499740600585938,290.916,
0,60,,,9.475326538085938,290.943,
0,60,,,9.512710571289064,290.969,
0,60,,,9.512710571289064,290.996,
0,60,,,9.514236450195314,291.022,
0,60,,,9.514236450195314,291.049,
0,60,,,9.478759765625,291.075,
0,60,,,9.478759765625,291.102,
0,60,,,9.50927734375,291.128,
0,60,,,9.50927734375,291.155,
0,60,,,9.514617919921877,291.182,
0,60,,,9.514617919921877,291.208,
0,60,,,9.46311950683594,291.235,
0,60,,,9.46311950683594,291.261,
0,60,,,9.467697143554688,291.288,
0,60,,,9.467697143554688,291.314,
0,60,,,9.457397460937502,291.341,
0,60,,,9.457397460937502,291.367,
0,61,,,9.443283081054688,291.474,
0,61,,,9.443283081054688,291.5,
0,61,,,9.236526489257812,291.527,
0,61,,,9.236526489257812,291.553,
0,61,,,9.302139282226562,291.58,
0,61,,,9.302139282226562,291.606,
0,61,,,9.316253662109377,291.633,
0,61,,,9.316253662109377,291.659,
0,61,,,9.344100952148438,291.686,
0,61,,,9.344100952148438,291.713,
0,61,,,9.27238464355469,291.739,
0,61,,,9.27238464355469,291.766,
0,61,,,9.319686889648438,291.792,
0,61,,,9.319686889648438,291.819,
0,61,,,9.235763549804688,291.845,
0,61,,,9.235763549804688,291.872,
0,61,,,9.286880493164062,291.898,
0,61,,,9.286880493164062,291.925,
0,61,,,9.326171875,291.951,
0,61,,,9.286117553710938,291.978,
0,61,,,9.286117553710938,292.005,
0,61,,,9.304046630859375,292.031,
0,61,,,9.304046630859375,292.058,
0,61,,,9.28497314453125,292.084,
0,61,,,9.28497314453125,292.111,
0,61,,,9.328079223632812,292.137,
0,61,,,9.328079223632812,292.164,
0,61,,,9.31854248046875,292.19,
0,61,,,9.31854248046875,292.217,
0,61,,,9.271240234375,292.243,
0,61,,,9.271240234375,292.27,
0,61,,,9.30328369140625,292.296,
0,61,,,9.30328369140625,292.323,
0,61,,,9.299850463867188,292.35,
0,61,,,9.299850463867188,292.376,
0,61,,,9.261703491210938,292.403,
0,61,,,9.261703491210938,292.429,
0,61,,,9.24949645996094,292.456,
0,61,,,9.24949645996094,292.482,
0,61,,,9.327316284179688,292.509,
0,61,,,9.312820434570312,292.535,
0,61,,,9.312820434570312,292.562,
0,61,,,9.312057495117188,292.589,
0,61,,,9.312057495117188,292.615,
0,61,,,9.30290222167969,292.642,
0,62,,,9.439849853515627,292.748,
0,62,,,9.439849853515627,292.774,
0,62,,,9.931945800781252,292.801,
0,62,,,9.931945800781252,292.828,
0,62,,,10.01243591308594,292.854,
0,62,,,10.01243591308594,292.881,
0,62,,,10.015487670898438,292.907,
0,62,,,10.015487670898438,292.934,
0,62,,,9.972000122070314,292.96,
0,62,,,9.972000122070314,292.987,
0,62,,,9.988021850585938,293.013,
0,62,,,9.985733032226564,293.04,
0,62,,,9.985733032226564,293.066,
0,62,,,9.415817260742188,293.093,
0,62,,,9.415817260742188,293.12,
0,62,,,9.132003784179688,293.146,
0,62,,,9.132003784179688,293.173,
0,62,,,9.127044677734375,293.199,
0,62,,,9.127044677734375,293.226,
0,62,,,9.129714965820312,293.252,
0,62,,,9.129714965820312,293.279,
0,62,,,9.125518798828127,293.305,
0,62,,,9.125518798828127,293.332,
0,62,,,9.169387817382814,293.358,
0,62,,,9.169387817382814,293.385,
0,62,,,9.102249145507812,293.412,
0,62,,,9.102249145507812,293.438,
0,62,,,9.166336059570312,293.465,
0,62,,,9.166336059570312,293.491,
0,62,,,9.235763549804688,293.518,
0,62,,,9.128189086914062,293.545,
0,62,,,9.128189086914062,293.571,
0,62,,,9.1552734375,293.598,
0,62,,,9.1552734375,293.624,
0,63,,,9.453582763671877,293.757,
0,63,,,9.453582763671877,293.784,
0,63,,,9.923934936523438,293.81,
0,63,,,9.923934936523438,293.837,
0,63,,,9.894561767578125,293.864,
0,63,,,9.894561767578125,293.89,
0,63,,,9.893035888671875,293.917,
0,63,,,9.893035888671875,293.943,
0,63,,,9.88273620605469,293.97,
0,63,,,9.88273620605469,293.996,
0,63,,,9.918594360351564,294.023,
0,63,,,9.909057617187502,294.05,
0,63,,,9.909057617187502,294.076,
0,63,,,9.889602661132812,294.103,
0,63,,,9.889602661132812,294.129,
0,63,,,9.898757934570312,294.156,
0,63,,,9.898757934570312,294.183,
0,63,,,9.90715026855469,294.209,
0,63,,,9.90715026855469,294.236,
0,63,,,9.918212890625,294.262,
0,63,,,9.918212890625,294.289,
0,63,,,9.907531738281252,294.315,
0,63,,,9.907531738281252,294.342,
0,63,,,9.89837646484375,294.369,
0,63,,,9.89837646484375,294.396,
0,63,,,9.90447998046875,294.423,
0,63,,,9.90447998046875,294.45,
0,64,,,9.454345703125,294.583,
0,64,,,9.606552124023438,294.609,
0,64,,,9.606552124023438,294.636,
0,64,,,9.66033935546875,294.662,
0,64,,,9.66033935546875,294.689,
0,64,,,9.6527099609375,294.715,
0,64,,,9.6527099609375,294.742,
0,64,,,9.66949462890625,294.769,
0,64,,,9.66949462890625,294.795,
0,64,,,9.680938720703125,294.822,
0,64,,,9.680938720703125,294.848,
0,64,,,9.629440307617188,294.875,
0,64,,,9.629440307617188,294.901,
0,64,,,9.642791748046875,294.928,
0,64,,,9.642791748046875,294.955,
0,64,,,9.66644287109375,294.981,
0,64,,,9.66644287109375,295.008,
0,64,,,9.706878662109377,295.034,
0,64,,,9.6527099609375,295.061,
0,64,,,9.6527099609375,295.087,
0,64,,,9.632110595703125,295.114,
0,64,,,9.632110595703125,295.141,
0,64,,,9.695434570312502,295.167,
0,64,,,9.695434570312502,295.194,
0,64,,,9.679412841796875,295.22,
0,64,,,9.679412841796875,295.247,
0,64,,,9.6466064453125,295.274,
0,64,,,9.6466064453125,295.3,
0,64,,,9.645843505859377,295.327,
0,64,,,9.645843505859377,295.353,
0,64,,,9.674072265625,295.38,
0,64,,,9.674072265625,295.406,
0,64,,,9.666824340820314,295.433,
0,64,,,9.666824340820314,295.46,
0,64,,,9.66644287109375,295.486,
0,64,,,9.66644287109375,295.513,
0,64,,,9.674072265625,295.539,
0,64,,,9.639739990234375,295.566,
0,64,,,9.639739990234375,295.593,
0,64,,,9.681320190429688,295.619,
0,64,,,9.681320190429688,295.646,
0,64,,,9.659957885742188,295.672,
0,64,,,9.659957885742188,295.699,
0,64,,,9.64622497558594,295.725,
0,64,,,9.64622497558594,295.752,
0,64,,,9.654617309570312,295.779,
0,64,,,9.654617309570312,295.805,
0,64,,,9.666824340820314,295.832,
0,64,,,9.666824340820314,295.858,
0,64,,,9.647369384765625,295.885,
0,64,,,9.647369384765625,295.911,
0,64,,,9.650421142578125,295.938,
0,64,,,9.650421142578125,295.964,
0,64,,,9.629440307617188,295.991,
0,64,,,9.629440307617188,296.018,
0,64,,,9.642791748046875,296.044,
0,64,,,9.661102294921877,296.071,
0,64,,,9.661102294921877,296.097,
0,64,,,9.648895263671875,296.124,
0,64,,,9.648895263671875,296.15,
0,64,,,9.63134765625,296.177,
0,64,,,9.63134765625,296.204,
0,64,,,9.660720825195312,296.23,
0,64,,,9.660720825195312,296.257,
0,64,,,9.659957885742188,296.283,
0,64,,,9.659957885742188,296.31,
0,64,,,9.650039672851564,296.336,
0,64,,,9.650039672851564,296.363,
0,64,,,9.64622497558594,296.389,
0,64,,,9.64622497558594,296.416,
0,64,,,9.634399414062502,296.443,
0,64,,,9.634399414062502,296.469,
0,64,,,9.66949462890625,296.496,
0,64,,,9.66949462890625,296.522,
0,64,,,9.678649902343752,296.549,
0,64,,,9.687805175781252,296.575,
0,64,,,9.687805175781252,296.602,
0,64,,,9.643936157226564,296.628,
0,64,,,9.643936157226564,296.655,
0,64,,,9.63897705078125,296.681,
0,64,,,9.63897705078125,296.708,
0,64,,,9.650421142578125,296.735,
0,64,,,9.650421142578125,296.761,
0,64,,,9.675216674804688,296.788,
0,64,,,9.675216674804688,296.814,
0,64,,,9.647369384765625,296.841,
0,64,,,9.647369384765625,296.867,
0,64,,,9.627151489257814,296.894,
0,64,,,9.627151489257814,296.92,
0,64,,,9.69352722167969,296.947,
0,64,,,9.69352722167969,296.974,
0,64,,,9.693908691406252,297.0,
0,64,,,9.693908691406252,297.027,
0,64,,,9.669876098632812,297.053,
0,64,,,9.642028808593752,297.08,
0,64,,,9.642028808593752,297.106,
0,64,,,9.648513793945312,297.133,
0,64,,,9.648513793945312,297.159,
0,64,,,9.692764282226562,297.186,
0,64,,,9.692764282226562,297.212,
0,64,,,9.675216674804688,297.239,
0,64,,,9.675216674804688,297.266,
0,64,,,9.6221923828125,297.292,
0,64,,,9.6221923828125,297.319,
0,64,,,9.630584716796877,297.345,
0,64,,,9.630584716796877,297.372,
0,64,,,9.666061401367188,297.398,
0,65,,,9.424209594726562,297.531,
0,65,,,9.640884399414062,297.558,
0,65,,,9.816360473632812,297.584,
0,65,,,9.816360473632812,297.611,
0,65,,,9.810638427734375,297.637,
0,65,,,9.810638427734375,297.664,
0,65,,,9.819793701171877,297.69,
0,65,,,9.819793701171877,297.717,
0,65,,,9.816741943359375,297.744,
0,65,,,9.816741943359375,297.77,
0,65,,,9.812164306640627,297.797,
0,65,,,9.812164306640627,297.823,
0,65,,,9.851837158203127,297.85,
0,65,,,9.851837158203127,297.876,
0,65,,,9.827423095703127,297.903,
0,65,,,9.827423095703127,297.929,
0,65,,,9.802627563476564,297.956,
0,65,,,9.802627563476564,297.982,
0,65,,,9.804534912109377,298.009,
0,65,,,9.804534912109377,298.036,
0,65,,,9.83848571777344,298.062,
0,65,,,9.83848571777344,298.089,
0,65,,,9.813690185546877,298.115,
0,65,,,9.826278686523438,298.142,
0,65,,,9.826278686523438,298.168,
0,65,,,9.813308715820312,298.195,
0,65,,,9.813308715820312,298.221,
0,66,,,9.603500366210938,299.257,
0,66,,,9.603500366210938,299.284,
0,66,,,9.674835205078127,299.31,
0,66,,,9.674835205078127,299.337,
0,66,,,9.606170654296877,299.363,
0,66,,,9.606170654296877,299.39,
0,66,,,9.654998779296875,299.416,
0,66,,,9.654998779296875,299.443,
0,66,,,9.645843505859377,299.469,
0,66,,,9.645843505859377,299.496,
0,66,,,9.64012145996094,299.522,
0,66,,,9.64012145996094,299.549,
0,66,,,9.647369384765625,299.576,
0,66,,,9.647369384765625,299.602,
0,66,,,9.656143188476562,299.629,
0,66,,,9.656143188476562,299.655,
0,66,,,9.648132324218752,299.682,
0,66,,,9.641647338867188,299.708,
0,66,,,9.641647338867188,299.735,
0,66,,,9.664535522460938,299.761,
0,66,,,9.664535522460938,299.788,
0,66,,,9.642791748046875,299.814,
0,66,,,9.642791748046875,299.841,
0,66,,,9.629058837890627,299.868,
0,66,,,9.629058837890627,299.894,
0,66,,,9.6221923828125,299.921,
0,66,,,9.6221923828125,299.947,
0,66,,,9.665679931640625,299.974,
0,66,,,9.665679931640625,300.0,
0,66,,,9.63859558105469,300.027,
0,66,,,9.63859558105469,300.053,
0,66,,,9.66033935546875,300.08,
0,66,,,9.66033935546875,300.107,
0,66,,,9.645843505859377,300.133,
0,66,,,9.645843505859377,300.16,
0,66,,,9.639739990234375,300.186,
0,66,,,9.659194946289064,300.213,
0,66,,,9.659194946289064,300.239,
0,66,,,9.639358520507812,300.266,
0,66,,,9.639358520507812,300.293,
0,66,,,9.636306762695314,300.319,
0,66,,,9.636306762695314,300.346,
0,66,,,9.650802612304688,300.372,
0,66,,,9.650802612304688,300.399,
0,66,,,9.645843505859377,300.426,
0,66,,,9.645843505859377,300.452,
0,66,,,9.662628173828125,300.479,
0,66,,,9.662628173828125,300.505,
0,66,,,9.630203247070312,300.532,
0,66,,,9.630203247070312,300.558,
0,66,,,9.650039672851564,300.585,
0,66,,,9.650039672851564,300.612,
0,66,,,9.653091430664062,300.638,
0,66,,,9.653091430664062,300.665,
0,66,,,9.646987915039062,300.691,
0,66,,,9.668731689453127,300.718,
0,66,,,9.668731689453127,300.745,
0,66,,,9.655761718750002,300.771,
0,66,,,9.655761718750002,300.798,
0,66,,,9.6466064453125,300.824,
0,66,,,9.6466064453125,300.851,
0,66,,,9.66033935546875,300.877,
0,66,,,9.66033935546875,300.904,
0,66,,,9.633255004882812,300.93,
0,66,,,9.633255004882812,300.957,
0,66,,,9.63249206542969,300.984,
0,66,,,9.63249206542969,301.01,
0,66,,,9.62982177734375,301.037,
0,66,,,9.62982177734375,301.063,
0,66,,,9.63134765625,301.09,
0,66,,,9.63134765625,301.116,
0,66,,,9.648895263671875,301.143,
0,66,,,9.648895263671875,301.169,
0,66,,,9.649658203125002,301.196,
0,66,,,9.648513793945312,301.222,
0,66,,,9.648513793945312,301.249,
0,66,,,9.682846069335938,301.276,
0,66,,,9.682846069335938,301.302,
0,66,,,9.644317626953127,301.329,
0,66,,,9.644317626953127,301.355,
0,66,,,9.6771240234375,301.382,
0,66,,,9.6771240234375,301.408,
0,66,,,9.656524658203125,301.435,
0,66,,,9.656524658203125,301.461,
0,66,,,9.617614746093752,301.488,
0,66,,,9.617614746093752,301.514,
0,66,,,9.648132324218752,301.541,
0,66,,,9.648132324218752,301.567,
0,66,,,9.645843505859377,301.594,
0,66,,,9.645843505859377,301.621,
0,66,,,9.630203247070312,301.647,
0,66,,,9.630203247070312,301.674,
0,66,,,9.629058837890627,301.7,
0,66,,,9.634017944335938,301.727,
0,66,,,9.634017944335938,301.753,
0,66,,,9.658432006835938,301.78,
0,66,,,9.658432006835938,301.806,
0,66,,,9.655761718750002,301.833,
0,66,,,9.655761718750002,301.86,
0,66,,,9.653091430664062,301.886,
0,66,,,9.653091430664062,301.913,
0,66,,,9.659576416015627,301.939,
0,66,,,9.659576416015627,301.966,
0,66,,,9.614944458007812,301.992,
0,66,,,9.614944458007812,302.019,
0,66,,,9.6588134765625,302.046,
0,66,,,9.6588134765625,302.072,
0,66,,,9.646987915039062,302.099,
0,66,,,9.646987915039062,302.125,
0,66,,,9.650421142578125,302.152,
0,66,,,9.650421142578125,302.178,
0,66,,,9.643173217773438,302.205,
0,66,,,9.655761718750002,302.231,
0,66,,,9.655761718750002,302.258,
0,66,,,9.657287597656252,302.285,
0,66,,,9.657287597656252,302.311,
0,66,,,9.63859558105469,302.338,
0,66,,,9.63859558105469,302.364,
0,66,,,9.667587280273438,302.391,
0,66,,,9.667587280273438,302.417,
0,66,,,9.66148376464844,302.444,
0,66,,,9.66148376464844,302.47,
0,66,,,9.645843505859377,302.497,
0,66,,,9.645843505859377,302.523,
0,66,,,9.612274169921875,302.55,
0,66,,,9.612274169921875,302.577,
0,66,,,9.664916992187502,302.603,
0,66,,,9.664916992187502,302.63,
0,66,,,9.651947021484377,302.656,
0,66,,,9.651947021484377,302.683,
0,66,,,9.645462036132812,302.709,
0,66,,,9.645462036132812,302.736,
0,66,,,9.648513793945312,302.762,
0,66,,,9.657287597656252,302.789,
0,66,,,9.657287597656252,302.815,
0,66,,,9.62982177734375,302.843,
0,66,,,9.62982177734375,302.869,
0,66,,,9.654617309570312,302.896,
0,66,,,9.654617309570312,302.922,
0,66,,,9.658432006835938,302.949,
0,66,,,9.658432006835938,302.975,
0,66,,,9.649658203125002,303.002,
0,66,,,9.649658203125002,303.029,
0,66,,,9.633636474609375,303.055,
0,66,,,9.633636474609375,303.082,
0,66,,,9.649276733398438,303.108,
0,66,,,9.649276733398438,303.135,
0,66,,,9.632873535156252,303.161,
0,66,,,9.632873535156252,303.188,
0,66,,,9.642028808593752,303.214,
0,66,,,9.642028808593752,303.241,
0,66,,,9.6466064453125,303.267,
0,66,,,9.62982177734375,303.294,
0,66,,,9.62982177734375,303.32,
0,66,,,9.651565551757814,303.347,
0,66,,,9.651565551757814,303.374,
0,66,,,9.643936157226564,303.4,
0,66,,,9.643936157226564,303.427,
0,66,,,9.63134765625,303.453,
0,66,,,9.63134765625,303.48,
0,66,,,9.651565551757814,303.506,
0,66,,,9.651565551757814,303.533,
0,66,,,9.635162353515625,303.559,
0,66,,,9.635162353515625,303.586,
0,66,,,9.641647338867188,303.612,
0,66,,,9.641647338867188,303.639,
0,66,,,9.62982177734375,303.666,
0,66,,,9.62982177734375,303.692,
0,66,,,9.642791748046875,303.719,
0,66,,,9.642791748046875,303.745,
0,66,,,9.639739990234375,303.772,
0,66,,,9.6527099609375,303.798,
0,66,,,9.6527099609375,303.825,
0,66,,,9.621429443359377,303.852,
0,66,,,9.621429443359377,303.878,
0,66,,,9.616851806640625,303.905,
0,66,,,9.616851806640625,303.931,
0,66,,,9.644699096679688,303.958,
0,66,,,9.644699096679688,303.984,
0,66,,,9.65118408203125,304.011,
0,66,,,9.65118408203125,304.037,
0,66,,,9.641265869140625,304.064,
0,66,,,9.641265869140625,304.091,
0,66,,,9.656143188476562,304.117,
0,66,,,9.656143188476562,304.144,
0,66,,,9.633255004882812,304.17,
0,66,,,9.633255004882812,304.197,
0,66,,,9.656524658203125,304.223,
0,66,,,9.656524658203125,304.25,
0,66,,,9.640884399414062,304.276,
0,66,,,9.63592529296875,304.303,
0,66,,,9.63592529296875,304.329,
0,66,,,9.658050537109375,304.356,
0,66,,,9.658050537109375,304.382,
0,66,,,9.652328491210938,304.409,
0,66,,,9.652328491210938,304.436,
0,66,,,9.63134765625,304.462,
0,66,,,9.63134765625,304.489,
0,66,,,9.651947021484377,304.515,
0,66,,,9.651947021484377,304.542,
0,66,,,9.638214111328127,304.568,
0,66,,,9.638214111328127,304.595,
0,66,,,9.6282958984375,304.621,
0,66,,,9.6282958984375,304.648,
0,66,,,9.614944458007812,304.674,
0,66,,,9.614944458007812,304.701,
0,66,,,9.641265869140625,304.728,
0,66,,,9.641265869140625,304.754,
0,66,,,9.636688232421877,304.781,
0,66,,,9.636688232421877,304.807,
0,66,,,9.648132324218752,304.834,
0,66,,,9.62371826171875,304.86,
0,66,,,9.62371826171875,304.887,
0,66,,,9.652328491210938,304.913,
0,66,,,9.652328491210938,304.94,
0,66,,,9.649276733398438,304.966,
0,66,,,9.649276733398438,304.993,
0,66,,,9.651947021484377,305.019,
0,66,,,9.651947021484377,305.046,
0,66,,,9.642410278320314,305.073,
0,66,,,9.642410278320314,305.099,
0,66,,,9.624481201171875,305.126,
0,66,,,9.624481201171875,305.152,
0,66,,,9.637451171875,305.179,
0,66,,,9.637451171875,305.205,
0,66,,,9.602737426757812,305.232,
0,66,,,9.602737426757812,305.258,
0,66,,,9.643173217773438,305.285,
0,66,,,9.643173217773438,305.312,
0,66,,,9.631729125976562,305.338,
0,66,,,9.629058837890627,305.365,
0,66,,,9.629058837890627,305.391,
0,66,,,9.641647338867188,305.418,
0,66,,,9.641647338867188,305.444,
0,66,,,9.64622497558594,305.471,
0,66,,,9.64622497558594,305.497,
0,66,,,9.612274169921875,305.524,
0,66,,,9.612274169921875,305.55,
0,66,,,9.634017944335938,305.577,
0,66,,,9.634017944335938,305.604,
0,66,,,9.663391113281252,305.63,
0,66,,,9.663391113281252,305.657,
0,66,,,9.618377685546875,305.683,
0,66,,,9.618377685546875,305.71,
0,66,,,9.63897705078125,305.736,
0,66,,,9.63897705078125,305.763,
0,66,,,9.65538024902344,305.789,
0,66,,,9.65538024902344,305.816,
0,66,,,9.640502929687502,305.842,
0,66,,,9.632873535156252,305.869,
0,66,,,9.632873535156252,305.895,
0,66,,,9.61456298828125,305.922,
0,66,,,9.61456298828125,305.949,
0,66,,,9.627532958984375,305.975,
0,66,,,9.627532958984375,306.002,
0,66,,,9.647369384765625,306.028,
0,66,,,9.647369384765625,306.055,
0,66,,,9.621429443359377,306.081,
0,66,,,9.621429443359377,306.108,
0,66,,,9.648132324218752,306.134,
0,66,,,9.648132324218752,306.161,
0,66,,,9.621047973632814,306.188,
0,66,,,9.621047973632814,306.214,
0,66,,,9.627914428710938,306.241,
0,66,,,9.627914428710938,306.267,
0,66,,,9.627532958984375,306.294,
0,66,,,9.627532958984375,306.32,
0,66,,,9.620285034179688,306.347,
0,66,,,9.648132324218752,306.373,
0,66,,,9.648132324218752,306.4,
0,66,,,9.626007080078125,306.427,
0,66,,,9.626007080078125,306.453,
0,66,,,9.644699096679688,306.48,
0,66,,,9.644699096679688,306.506,
0,66,,,9.6588134765625,306.533,
0,66,,,9.6588134765625,306.559,
0,66,,,9.63897705078125,306.586,
0,66,,,9.63897705078125,306.612,
0,66,,,9.62982177734375,306.639,
0,66,,,9.62982177734375,306.665,
0,66,,,9.6160888671875,306.692,
0,66,,,9.6160888671875,306.719,
0,66,,,9.627914428710938,306.745,
0,66,,,9.627914428710938,306.772,
0,66,,,9.641265869140625,306.798,
0,66,,,9.641265869140625,306.825,
0,66,,,9.657287597656252,306.851,
0,66,,,9.657287597656252,306.878,
0,66,,,9.66033935546875,306.904,
0,66,,,9.675216674804688,306.931,
0,66,,,9.675216674804688,306.958,
0,66,,,9.656906127929688,306.985,
0,66,,,9.656906127929688,307.011,
0,66,,,9.635543823242188,307.038,
0,66,,,9.635543823242188,307.064,
0,66,,,9.645462036132812,307.091,
0,66,,,9.645462036132812,307.117,
0,66,,,9.648513793945312,307.144,
0,66,,,9.648513793945312,307.17,
0,66,,,9.656143188476562,307.197,
0,66,,,9.656143188476562,307.224,
0,66,,,9.630203247070312,307.25,
0,66,,,9.630203247070312,307.277,
0,66,,,9.63897705078125,307.303,
0,66,,,9.63897705078125,307.33,
0,66,,,9.649276733398438,307.356,
0,66,,,9.649276733398438,307.383,
0,66,,,9.635162353515625,307.409,
0,66,,,9.635162353515625,307.436,
0,66,,,9.635162353515625,307.462,
0,66,,,9.635162353515625,307.489,
0,66,,,9.635162353515625,307.516,
0,66,,,9.635543823242188,307.542,
0,66,,,9.635543823242188,307.569,
0,66,,,9.638214111328127,307.595,
0,66,,,9.638214111328127,307.622,
0,66,,,9.619522094726564,307.648,
0,66,,,9.619522094726564,307.675,
0,66,,,9.634399414062502,307.701,
0,66,,,9.634399414062502,307.728,
0,66,,,9.651947021484377,307.754,
0,66,,,9.651947021484377,307.781,
0,66,,,9.660720825195312,307.807,
0,66,,,9.660720825195312,307.834,
0,66,,,9.65118408203125,307.861,
0,66,,,9.65118408203125,307.887,
0,66,,,9.65118408203125,307.914,
0,66,,,9.631729125976562,307.94,
0,66,,,9.631729125976562,307.967,
0,66,,,9.653472900390627,307.993,
0,66,,,9.653472900390627,308.02,
0,66,,,9.664154052734375,308.047,
0,66,,,9.664154052734375,308.073,
0,66,,,9.62982177734375,308.1,
0,66,,,9.62982177734375,308.126,
0,66,,,9.644317626953127,308.153,
0,66,,,9.644317626953127,308.179,
0,66,,,9.62486267089844,308.206,
0,66,,,9.62486267089844,308.232,
0,66,,,9.637069702148438,308.259,
0,66,,,9.637069702148438,308.285,
0,66,,,9.649276733398438,308.312,
0,66,,,9.649276733398438,308.339,
0,66,,,9.656906127929688,308.365,
0,66,,,9.656906127929688,308.392,
0,66,,,9.63897705078125,308.418,
0,66,,,9.63134765625,308.445,
0,66,,,9.63134765625,308.471,
0,66,,,9.650421142578125,308.498,
0,66,,,9.650421142578125,308.524,
0,66,,,9.639739990234375,308.551,
0,66,,,9.639739990234375,308.578,
0,66,,,9.664916992187502,308.604,
0,66,,,9.664916992187502,308.631,
0,66,,,9.62982177734375,308.657,
0,66,,,9.62982177734375,308.684,
0,66,,,9.65538024902344,308.71,
0,66,,,9.65538024902344,308.737,
0,66,,,9.64622497558594,308.763,
0,66,,,9.64622497558594,308.79,
0,66,,,9.637451171875,308.816,
0,66,,,9.637451171875,308.843,
0,66,,,9.652328491210938,308.87,
0,66,,,9.652328491210938,308.896,
0,66,,,9.666824340820314,308.923,
0,66,,,9.666824340820314,308.949,
0,66,,,9.616470336914062,308.976,
0,66,,,9.63134765625,309.002,
0,66,,,9.63134765625,309.029,
0,66,,,9.665679931640625,309.055,
0,66,,,9.665679931640625,309.082,
0,66,,,9.655761718750002,309.108,
0,66,,,9.655761718750002,309.135,
0,66,,,9.657287597656252,309.162,
0,66,,,9.657287597656252,309.188,
0,66,,,9.650421142578125,309.215,
0,67,,,9.586334228515625,309.347,
0,67,,,9.57756042480469,309.374,
0,67,,,9.57756042480469,309.401,
0,67,,,9.433746337890625,309.427,
0,67,,,9.433746337890625,309.454,
0,67,,,9.464263916015625,309.48,
0,67,,,9.457397460937502,309.507,
0,67,,,9.457397460937502,309.533,
0,67,,,9.448623657226562,309.56,
0,67,,,9.448623657226562,309.586,
0,67,,,9.461212158203127,309.613,
0,67,,,9.461212158203127,309.64,
0,67,,,9.432220458984377,309.666,
0,67,,,9.432220458984377,309.693,
0,67,,,9.453201293945314,309.719,
0,67,,,9.453201293945314,309.746,
0,67,,,9.416580200195312,309.772,
0,67,,,9.416580200195312,309.799,
0,67,,,9.446334838867188,309.825,
0,67,,,9.446334838867188,309.852,
0,67,,,9.461212158203127,309.878,
0,67,,,9.461212158203127,309.905,
0,67,,,9.428405761718752,309.932,
0,67,,,9.428405761718752,309.958,
0,67,,,9.41009521484375,309.985,
0,67,,,9.436416625976564,310.011,
0,67,,,9.436416625976564,310.038,
0,67,,,9.445571899414064,310.064,
0,67,,,9.445571899414064,310.091,
0,67,,,9.42230224609375,310.117,
0,67,,,9.42230224609375,310.144,
0,67,,,9.421157836914064,310.171,
0,67,,,9.421157836914064,310.197,
0,67,,,9.421920776367188,310.224,
0,67,,,9.421920776367188,310.25,
0,67,,,9.458541870117188,310.277,
0,67,,,9.458541870117188,310.303,
0,67,,,9.430313110351564,310.33,
0,67,,,9.430313110351564,310.356,
0,67,,,9.477615356445312,310.383,
0,67,,,9.477615356445312,310.41,
0,67,,,9.449768066406252,310.436,
0,67,,,9.449768066406252,310.463,
0,67,,,9.4146728515625,310.489,
0,68,,,9.64012145996094,310.622,
0,68,,,9.64012145996094,310.649,
0,68,,,10.170745849609377,310.675,
0,68,,,10.170745849609377,310.702,
0,68,,,10.130691528320314,310.728,
0,68,,,10.130691528320314,310.755,
0,68,,,10.118865966796877,310.781,
0,68,,,10.118865966796877,310.808,
0,68,,,10.125732421875,310.834,
0,68,,,10.125732421875,310.861,
0,68,,,10.136795043945312,310.888,
0,68,,,10.136795043945312,310.914,
0,68,,,10.112380981445312,310.941,
0,68,,,10.112380981445312,310.967,
0,68,,,9.338760375976562,310.994,
0,68,,,9.338760375976562,311.02,
0,68,,,9.2559814453125,311.047,
0,68,,,9.26971435546875,311.073,
0,68,,,9.26971435546875,311.1,
0,68,,,9.302139282226562,311.127,
0,68,,,9.302139282226562,311.154,
0,68,,,9.261322021484375,311.18,
0,68,,,9.261322021484375,311.207,
0,68,,,9.233474731445312,311.233,
0,68,,,9.233474731445312,311.26,
0,68,,,9.310150146484375,311.286,
0,68,,,9.310150146484375,311.313,
0,68,,,9.266662597656252,311.339,
0,68,,,9.266662597656252,311.366,
0,68,,,9.222030639648438,311.393,
0,68,,,9.222030639648438,311.419,
0,68,,,9.281921386718752,311.446,
0,68,,,9.281921386718752,311.472,
0,68,,,9.27581787109375,311.499,
0,69,,,9.70726013183594,311.631,
0,69,,,9.70726013183594,311.658,
0,69,,,10.01739501953125,311.685,
0,69,,,10.01739501953125,311.711,
0,69,,,10.004043579101562,311.738,
0,69,,,10.004043579101562,311.764,
0,69,,,10.002517700195314,311.791,
0,69,,,10.002517700195314,311.818,
0,69,,,10.01396179199219,311.844,
0,69,,,10.01396179199219,311.871,
0,69,,,10.029983520507812,311.897,
0,69,,,10.029983520507812,311.924,
0,69,,,10.000228881835938,311.95,
0,69,,,10.000228881835938,311.977,
0,69,,,9.99755859375,312.003,
0,69,,,9.99755859375,312.03,
0,69,,,10.008239746093752,312.056,
0,69,,,9.982681274414062,312.083,
0,69,,,9.982681274414062,312.11,
0,69,,,10.037994384765625,312.136,
0,69,,,10.037994384765625,312.163,
0,69,,,10.017776489257814,312.189,
0,69,,,10.017776489257814,312.216,
0,69,,,10.02044677734375,312.242,
0,69,,,10.02044677734375,312.269,
0,69,,,10.014724731445312,312.295,
0,69,,,10.014724731445312,312.322,
0,70,,,9.5916748046875,312.455,
0,70,,,9.5916748046875,312.481,
0,70,,,9.835052490234377,312.508,
0,70,,,9.835052490234377,312.534,
0,70,,,9.824752807617188,312.561,
0,70,,,9.815979003906252,312.588,
0,70,,,9.815979003906252,312.614,
0,70,,,9.827423095703127,312.641,
0,70,,,9.827423095703127,312.667,
0,70,,,9.82208251953125,312.694,
0,70,,,9.82208251953125,312.72,
0,70,,,9.823989868164062,312.747,
0,70,,,9.823989868164062,312.773,
0,70,,,9.817123413085938,312.8,
0,70,,,9.817123413085938,312.826,
0,70,,,9.796524047851564,312.853,
0,70,,,9.796524047851564,312.88,
0,70,,,9.803009033203125,312.906,
0,70,,,9.803009033203125,312.933,
0,70,,,9.833145141601564,312.959,
0,70,,,9.833145141601564,312.986,
0,70,,,9.82933044433594,313.012,
0,70,,,9.82933044433594,313.039,
0,70,,,9.822845458984375,313.065,
0,70,,,9.783172607421877,313.092,
0,70,,,9.783172607421877,313.118,
0,70,,,9.815979003906252,313.145,
0,70,,,9.815979003906252,313.172,
0,70,,,9.81903076171875,313.198,
0,70,,,9.81903076171875,313.225,
0,70,,,9.813690185546877,313.251,
0,70,,,9.813690185546877,313.278,
0,70,,,9.794235229492188,313.304,
0,70,,,9.794235229492188,313.331,
0,70,,,9.790420532226562,313.357,
0,70,,,9.790420532226562,313.384,
0,70,,,9.840774536132814,313.41,
0,70,,,9.840774536132814,313.437,
0,70,,,9.824752807617188,313.463,
0,70,,,9.824752807617188,313.49,
0,70,,,9.813690185546877,313.517,
0,70,,,9.813690185546877,313.543,
0,70,,,9.779357910156252,313.57,
0,70,,,9.779357910156252,313.596,
0,70,,,9.809875488281252,313.623,
0,70,,,9.781265258789064,313.649,
0,70,,,9.781265258789064,313.676,
0,70,,,9.827804565429688,313.702,
0,70,,,9.827804565429688,313.729,
0,70,,,9.79156494140625,313.755,
0,70,,,9.79156494140625,313.782,
0,70,,,9.81292724609375,313.809,
0,70,,,9.81292724609375,313.835,
0,70,,,9.837722778320312,313.862,
0,70,,,9.837722778320312,313.888,
0,70,,,9.816741943359375,313.915,
0,70,,,9.816741943359375,313.941,
0,70,,,9.801483154296875,313.968,
0,70,,,9.801483154296875,313.994,
0,70,,,9.780120849609375,314.021,
0,70,,,9.780120849609375,314.048,
0,70,,,9.817504882812502,314.074,
0,70,,,9.817504882812502,314.101,
0,70,,,9.788894653320314,314.127,
0,70,,,9.807586669921875,314.154,
0,70,,,9.807586669921875,314.18,
0,70,,,9.759902954101562,314.207,
0,70,,,9.759902954101562,314.233,
0,70,,,9.801101684570312,314.26,
0,70,,,9.801101684570312,314.287,
0,70,,,9.821319580078127,314.313,
0,70,,,9.821319580078127,314.34,
0,70,,,9.82818603515625,314.366,
0,70,,,9.82818603515625,314.393,
0,70,,,9.821319580078127,314.419,
0,70,,,9.821319580078127,314.446,
0,70,,,9.827423095703127,314.472,
0,70,,,9.827423095703127,314.499,
0,70,,,9.811019897460938,314.526,
0,70,,,9.811019897460938,314.552,
0,70,,,9.822845458984375,314.579,
0,70,,,9.822845458984375,314.605,
0,70,,,9.807205200195312,314.632,
0,70,,,9.77592468261719,314.658,
0,70,,,9.77592468261719,314.685,
0,70,,,9.794616699218752,314.711,
0,70,,,9.794616699218752,314.738,
0,70,,,9.85870361328125,314.764,
0,70,,,9.85870361328125,314.791,
0,70,,,9.832382202148438,314.818,
0,70,,,9.832382202148438,314.844,
0,70,,,9.805679321289062,314.871,
0,70,,,9.805679321289062,314.897,
0,70,,,9.803390502929688,314.924,
0,70,,,9.803390502929688,314.95,
0,70,,,9.803009033203125,314.977,
0,70,,,9.803009033203125,315.003,
0,70,,,9.831619262695312,315.03,
0,70,,,9.831619262695312,315.057,
0,70,,,9.804534912109377,315.083,
0,70,,,9.804534912109377,315.11,
0,70,,,9.7991943359375,315.136,
0,70,,,9.819412231445314,315.163,
0,70,,,9.819412231445314,315.189,
0,70,,,9.82208251953125,315.216,
0,70,,,9.82208251953125,315.242,
0,70,,,9.82666015625,315.269,
0,71,,,9.580612182617188,315.376,
0,71,,,9.580612182617188,315.402,
0,71,,,9.878921508789064,315.429,
0,71,,,9.878921508789064,315.456,
0,71,,,9.928131103515627,315.482,
0,71,,,9.928131103515627,315.509,
0,71,,,9.945678710937502,315.535,
0,71,,,9.945678710937502,315.562,
0,71,,,9.940719604492188,315.588,
0,71,,,9.940719604492188,315.615,
0,71,,,9.91363525390625,315.641,
0,71,,,9.917831420898438,315.668,
0,71,,,9.917831420898438,315.694,
0,71,,,9.937286376953125,315.721,
0,71,,,9.937286376953125,315.748,
0,71,,,9.933090209960938,315.774,
0,71,,,9.933090209960938,315.801,
0,71,,,9.930801391601562,315.827,
0,71,,,9.930801391601562,315.854,
0,71,,,9.9029541015625,315.88,
0,71,,,9.9029541015625,315.907,
0,71,,,9.9212646484375,315.933,
0,71,,,9.9212646484375,315.96,
0,71,,,9.926223754882814,315.986,
0,71,,,9.926223754882814,316.013,
0,71,,,9.921646118164062,316.039,
0,71,,,9.921646118164062,316.066,
0,71,,,9.93614196777344,316.093,
0,0,,,,,10000104
0,1,,,,,5822554
0,2,,,,,4467890
0,3,,,,,3555000
0,4,,,,,14097734
0,5,,,,,3640120
0,6,,,,,10000075
0,7,,,,,5616920
0,8,,,,,4310235
0,9,,,,,3429175
0,10,,,,,13599769
0,11,,,,,3511445
0,12,,,,,10000075
0,13,,,,,3493515
0,14,,,,,2680800
0,15,,,,,2132814
0,16,,,,,8458555
0,17,,,,,2183990
0,18,,,,,10000075
0,19,,,,,3493515
0,20,,,,,2680810
0,21,,,,,2132815
0,22,,,,,8458554
0,23,,,,,2183990
0,24,,,,,10000075
0,25,,,,,2505105
0,26,,,,,1922335
0,27,,,,,1529385
0,28,,,,,6065404
0,29,,,,,1566080
0,30,,,,,10000070
0,31,,,,,2505105
0,32,,,,,1922315
0,33,,,,,1529385
0,34,,,,,6065405
0,35,,,,,1566075
0,36,,,,,10000069
0,37,,,,,1586246
0,38,,,,,1217230
0,39,,,,,968410
0,40,,,,,3840645
0,41,,,,,991645
0,42,,,,,10000075
0,43,,,,,1592395
0,44,,,,,1221935
0,45,,,,,972165
0,46,,,,,3855524
0,47,,,,,995490
0,48,,,,,10000075
0,49,,,,,2708820
0,50,,,,,2078655
0,51,,,,,1653750
0,52,,,,,6558635
0,53,,,,,1693430
0,54,,,,,10000069
0,55,,,,,1346125
0,56,,,,,1032955
0,57,,,,,821820
0,58,,,,,3259260
0,59,,,,,841535
0,60,,,,,10000075
0,61,,,,,1173820
0,62,,,,,900745
0,63,,,,,716625
0,64,,,,,2842075
0,65,,,,,733820
0,66,,,,,10000075
0,67,,,,,1173820
0,68,,,,,900745
0,69,,,,,716625
0,70,,,,,2842075
0,71,,,,,733820
