"","iteration_num","expe_num","validation_result","clock_freq","current_sample","power_sample","energy_sample","shunt_voltage_sample","bus_voltage_sample","current_timestamp","timing_sample"
"2860",0,0,NA,NA,14.2377853393555,74.580078125,1.650390625,0.106773125,5.23828125,0.029,NA
"2861",0,0,NA,NA,14.2377853393555,74.580078125,4.23828125,0.106773125,5.23828125,0.064,NA
"2862",0,0,NA,NA,14.2589569091797,74.6905517578125,6.826171875,0.106931875,5.23828125,0.098,NA
"2863",0,0,NA,NA,14.2642974853516,74.7186279296875,9.423828125,0.1069728125,5.2380859375,0.132,NA
"2864",0,0,NA,NA,14.2642974853516,74.7186279296875,12.01171875,0.1069728125,5.2380859375,0.166,NA
"2865",0,0,NA,NA,14.2599105834961,74.6978759765625,14.365234375,0.106939375,5.23828125,0.2,NA
"2866",0,0,NA,NA,14.2284393310547,74.53125,16.953125,0.10670375,5.2380859375,0.234,NA
"2867",0,0,NA,NA,14.2284393310547,74.53125,19.541015625,0.10670375,5.2380859375,0.268,NA
"2868",0,0,NA,NA,14.2284393310547,74.5367431640625,22.12890625,0.1067040625,5.2384765625,0.302,NA
"2869",0,0,NA,NA,14.2307281494141,74.5416259765625,24.482421875,0.1067209375,5.2380859375,0.336,NA
"2870",0,0,NA,NA,14.2307281494141,74.5416259765625,27.0703125,0.1067209375,5.2380859375,0.37,NA
"2871",0,0,NA,NA,14.238166809082,74.581298828125,29.658203125,0.1067759375,5.2380859375,0.404,NA
"2872",0,0,NA,NA,14.2436981201172,74.6148681640625,32.255859375,0.1068178125,5.2384765625,0.438,NA
"2873",0,0,NA,NA,14.2436981201172,74.6148681640625,34.84375,0.1068178125,5.2384765625,0.472,NA
"2874",0,0,NA,NA,14.2465591430664,74.63134765625,37.197265625,0.106839375,5.2384765625,0.506,NA
"2875",0,0,NA,NA,14.2330169677734,74.5526123046875,39.78515625,0.1067378125,5.2380859375,0.54,NA
"2876",0,0,NA,NA,14.2330169677734,74.5526123046875,42.373046875,0.1066709375,5.2380859375,0.574,NA
"2877",0,0,NA,NA,14.2240524291992,74.5062255859375,44.9609375,0.1066709375,5.2380859375,0.608,NA
"2878",0,0,NA,NA,14.2410278320313,74.593505859375,47.314453125,0.1067975,5.237890625,0.642,NA
"2879",0,0,NA,NA,14.2410278320313,74.593505859375,49.90234375,0.1068015625,5.23828125,0.676,NA
"2880",0,0,NA,NA,14.2416000366211,74.599609375,52.490234375,0.1068015625,5.23828125,0.71,NA
"2881",0,0,NA,NA,14.2477035522461,74.625244140625,55.087890625,0.1068475,5.2376953125,0.744,NA
"2882",0,0,NA,NA,14.2477035522461,74.625244140625,57.44140625,0.106826875,5.2376953125,0.778,NA
"2883",0,0,NA,NA,14.2448425292969,74.6112060546875,60.029296875,0.106826875,5.2376953125,0.812,NA
"2884",0,0,NA,NA,14.2473220825195,74.627685546875,62.6171875,0.1068453125,5.2380859375,0.846,NA
"2885",0,0,NA,NA,14.2473220825195,74.627685546875,65.205078125,0.1068525,5.23828125,0.88,NA
"2886",0,0,NA,NA,14.2482757568359,74.637451171875,67.802734375,0.1068525,5.23828125,0.914,NA
"2887",0,0,NA,NA,14.2585754394531,74.68017578125,70.15625,0.10693,5.2375,0.948,NA
"2888",0,0,NA,NA,14.2284393310547,74.530029296875,72.744140625,0.1067040625,5.2380859375,0.982,NA
"2889",0,0,NA,NA,14.2284393310547,74.530029296875,75.33203125,0.1067040625,5.2380859375,1.016,NA
"2890",0,0,NA,NA,14.2494201660156,74.6392822265625,77.919921875,0.1068609375,5.2380859375,1.05,NA
"2891",0,0,NA,NA,14.2435073852539,74.6173095703125,80.283203125,0.1068159375,5.238671875,1.084,NA
"2892",0,0,NA,NA,14.2435073852539,74.6173095703125,82.87109375,0.1068159375,5.238671875,1.119,NA
"2893",0,0,NA,NA,14.24560546875,74.6160888671875,85.458984375,0.106831875,5.237890625,1.153,NA
"2894",0,0,NA,NA,14.2499923706055,74.6478271484375,88.046875,0.106865,5.2384765625,1.187,NA
"2895",0,0,NA,NA,14.2499923706055,74.6478271484375,90.64453125,0.106865,5.2384765625,1.221,NA
"2896",0,0,NA,NA,14.24560546875,74.62158203125,93.22265625,0.1068315625,5.23828125,1.255,NA
"2897",0,0,NA,NA,14.2230987548828,74.5062255859375,95.576171875,0.10666375,5.2384765625,1.289,NA
"2898",0,0,NA,NA,14.2230987548828,74.5062255859375,98.173828125,0.10666375,5.2384765625,1.323,NA
"2899",0,0,NA,NA,14.2436981201172,74.6160888671875,100.76171875,0.106818125,5.2384765625,1.357,NA
"2900",0,0,NA,NA,14.2375946044922,74.5751953125,103.349609375,0.1067721875,5.237890625,1.391,NA
"2901",0,0,NA,NA,14.2375946044922,74.5751953125,105.703125,0.1067721875,5.237890625,1.425,NA
"2902",0,0,NA,NA,14.259147644043,74.6881103515625,108.291015625,0.10693375,5.237890625,1.459,NA
"2903",0,0,NA,NA,14.2339706420898,74.560546875,110.87890625,0.106744375,5.23828125,1.493,NA
"2904",0,0,NA,NA,14.2339706420898,74.560546875,113.4765625,0.106744375,5.23828125,1.527,NA
"2905",0,0,NA,NA,14.2509460449219,74.6478271484375,115.830078125,0.1068728125,5.2380859375,1.561,NA
"2906",0,0,NA,NA,14.251708984375,74.6563720703125,118.41796875,0.1068775,5.2384765625,1.595,NA
"2907",0,0,NA,NA,14.251708984375,74.6563720703125,121.015625,0.1068775,5.2384765625,1.629,NA
"2908",0,0,NA,NA,14.2642974853516,74.710693359375,123.61328125,0.1069728125,5.2375,1.663,NA
"2909",0,0,NA,NA,14.2494201660156,74.630126953125,125.966796875,0.106860625,5.2375,1.696,NA
"2910",0,0,NA,NA,14.2494201660156,74.630126953125,128.5546875,0.106860625,5.2375,1.73,NA
"2911",0,0,NA,NA,14.246940612793,74.6246337890625,131.142578125,0.106841875,5.237890625,1.764,NA
"2912",0,0,NA,NA,14.2368316650391,74.5703125,133.73046875,0.106765625,5.237890625,1.798,NA
"2913",0,0,NA,NA,14.2368316650391,74.5703125,136.318359375,0.106765625,5.237890625,1.832,NA
"2914",0,0,NA,NA,14.2250061035156,74.5196533203125,138.671875,0.106676875,5.238671875,1.866,NA
"2915",0,0,NA,NA,14.2538070678711,74.66064453125,141.259765625,0.10689375,5.237890625,1.9,NA
"2916",0,0,NA,NA,14.2538070678711,74.66064453125,143.857421875,0.10689375,5.237890625,1.934,NA
"2917",0,0,NA,NA,14.2511367797852,74.642333984375,146.4453125,0.106873125,5.2376953125,1.968,NA
"2918",0,0,NA,NA,14.2732620239258,74.7613525390625,148.80859375,0.1070403125,5.237890625,2.002,NA
"2919",0,0,NA,NA,14.2732620239258,74.7613525390625,151.396484375,0.1070403125,5.2380859375,2.036,NA
"2920",0,0,NA,NA,14.2412185668945,74.595947265625,153.984375,0.1067996875,5.2380859375,2.07,NA
"2921",0,0,NA,NA,14.2305374145508,74.5404052734375,156.572265625,0.1067184375,5.2380859375,2.104,NA
"2922",0,0,NA,NA,14.2305374145508,74.5404052734375,158.935546875,0.1067184375,5.23828125,2.138,NA
"2923",0,0,NA,NA,14.2633438110352,74.71435546875,161.5234375,0.106965,5.23828125,2.173,NA
"2924",0,0,NA,NA,14.2200469970703,74.4879150390625,164.1015625,0.106640625,5.23828125,2.207,NA
"2925",0,0,NA,NA,14.2200469970703,74.4879150390625,166.69921875,0.1068646875,5.23828125,2.241,NA
"2926",0,0,NA,NA,14.2499923706055,74.6441650390625,169.287109375,0.1068646875,5.23828125,2.275,NA
"2927",0,0,NA,NA,14.2158508300781,74.4659423828125,171.630859375,0.10660875,5.23828125,2.309,NA
"2928",0,0,NA,NA,14.2158508300781,74.4659423828125,174.21875,0.1067546875,5.23828125,2.343,NA
"2929",0,0,NA,NA,14.2353057861328,74.569091796875,176.806640625,0.1067546875,5.23828125,2.377,NA
"2930",0,0,NA,NA,14.2353057861328,74.566650390625,179.39453125,0.1067553125,5.2380859375,2.411,NA
"2931",0,0,NA,NA,14.2353057861328,74.566650390625,181.982421875,0.1066984375,5.2384765625,2.445,NA
"2932",0,0,NA,NA,14.2278671264648,74.532470703125,184.3359375,0.1066984375,5.2384765625,2.479,NA
"2933",0,0,NA,NA,14.219856262207,74.4854736328125,186.923828125,0.1066384375,5.2380859375,2.513,NA
"2934",0,0,NA,NA,14.219856262207,74.4854736328125,189.51171875,0.10678125,5.2380859375,2.547,NA
"2935",0,0,NA,NA,14.2387390136719,74.5831298828125,192.099609375,0.10678125,5.2380859375,2.581,NA
"2936",0,0,NA,NA,14.2433166503906,74.610595703125,194.462890625,0.1068146875,5.23828125,2.615,NA
"2937",0,0,NA,NA,14.2467498779297,74.6246337890625,197.05078125,0.10684,5.2380859375,2.649,NA
"2938",0,0,NA,NA,14.2467498779297,74.6246337890625,199.62890625,0.10684,5.2380859375,2.683,NA
"2939",0,0,NA,NA,14.2341613769531,74.561767578125,202.2265625,0.1067459375,5.23828125,2.717,NA
"2940",0,0,NA,NA,14.2244338989258,74.5166015625,204.5703125,0.1066728125,5.238671875,2.751,NA
"2941",0,0,NA,NA,14.2244338989258,74.5166015625,207.158203125,0.1066728125,5.238671875,2.785,NA
"2942",0,0,NA,NA,14.227294921875,74.5245361328125,209.74609375,0.106695,5.2380859375,2.819,NA
"2943",0,0,NA,NA,14.2282485961914,74.5269775390625,212.333984375,0.1067025,5.237890625,2.853,NA
"2944",0,0,NA,NA,14.2282485961914,74.5269775390625,214.921875,0.1067025,5.237890625,2.887,NA
"2945",0,0,NA,NA,14.2169952392578,74.47021484375,217.265625,0.106618125,5.2380859375,2.921,NA
"2946",0,0,NA,NA,14.2190933227539,74.488525390625,219.853515625,0.10663375,5.238671875,2.955,NA
"2947",0,0,NA,NA,14.2190933227539,74.488525390625,222.44140625,0.10663375,5.238671875,2.989,NA
"2948",0,0,NA,NA,14.2288208007812,74.5355224609375,225.029296875,0.10670625,5.23828125,3.023,NA
"2949",0,0,NA,NA,14.2309188842773,74.547119140625,227.3828125,0.1067221875,5.2384765625,3.056,NA
"2950",0,0,NA,NA,14.2309188842773,74.547119140625,229.970703125,0.1067221875,5.2384765625,3.09,NA
"2951",0,0,NA,NA,14.2261505126953,74.520263671875,232.55859375,0.1066865625,5.23828125,3.124,NA
"2952",0,0,NA,NA,14.2200469970703,74.4915771484375,235.146484375,0.1066396875,5.2384765625,3.158,NA
"2953",0,0,NA,NA,14.2200469970703,74.4915771484375,237.5,0.1066396875,5.2384765625,3.192,NA
"2954",0,0,NA,NA,14.2427444458008,74.609375,240.078125,0.1068109375,5.2384765625,3.227,NA
"2955",0,0,NA,NA,14.2200469970703,74.481201171875,242.666015625,0.1066396875,5.237890625,3.261,NA
"2956",0,0,NA,NA,14.2200469970703,74.481201171875,245.25390625,0.1066396875,5.237890625,3.295,NA
"2957",0,0,NA,NA,14.2232894897461,74.510498046875,247.841796875,0.1066640625,5.238671875,3.329,NA
"2958",0,0,NA,NA,14.2240524291992,74.508056640625,250.4296875,0.10667,5.23828125,3.363,NA
"2959",0,0,NA,NA,14.2240524291992,74.508056640625,252.7734375,0.10667,5.23828125,3.397,NA
"2960",0,0,NA,NA,14.2133712768555,74.45556640625,255.361328125,0.1065909375,5.2384765625,3.431,NA
"2961",0,0,NA,NA,14.1931533813477,74.345703125,257.939453125,0.106439375,5.2380859375,3.465,NA
"2962",0,0,NA,NA,14.1931533813477,74.345703125,260.517578125,0.106439375,5.2380859375,3.499,NA
"2963",0,0,NA,NA,14.1950607299805,74.3536376953125,262.87109375,0.1064528125,5.2380859375,3.533,NA
"2964",0,0,NA,NA,14.2168045043945,74.473876953125,265.458984375,0.10661625,5.2384765625,3.567,NA
"2965",0,0,NA,NA,14.2168045043945,74.473876953125,268.037109375,0.10661625,5.2384765625,3.601,NA
"2966",0,0,NA,NA,14.2097473144531,74.4293212890625,270.625,0.106563125,5.237890625,3.635,NA
"2967",0,0,NA,NA,14.216423034668,74.4671630859375,272.96875,0.106613125,5.2380859375,3.669,NA
"2968",0,0,NA,NA,14.216423034668,74.4671630859375,275.56640625,0.106613125,5.2384765625,3.703,NA
"2969",0,0,NA,NA,14.2354965209961,74.5703125,278.154296875,0.106755625,5.2384765625,3.737,NA
"2970",0,0,NA,NA,14.2349243164063,74.5660400390625,280.7421875,0.106751875,5.23828125,3.771,NA
"2971",0,0,NA,NA,14.2349243164063,74.5660400390625,283.3203125,0.106645,5.2384765625,3.805,NA
"2972",0,0,NA,NA,14.2206192016602,74.49462890625,285.673828125,0.106645,5.2384765625,3.839,NA
"2973",0,0,NA,NA,14.2370223999023,74.5782470703125,288.26171875,0.1067675,5.23828125,3.873,NA
"2974",0,0,NA,NA,14.2370223999023,74.5782470703125,290.849609375,0.1066278125,5.237890625,3.907,NA
"2975",0,0,NA,NA,14.2183303833008,74.47509765625,293.427734375,0.1066278125,5.237890625,3.941,NA
"2976",0,0,NA,NA,14.1971588134766,74.36767578125,296.015625,0.106469375,5.23828125,3.976,NA
"2977",0,0,NA,NA,14.1971588134766,74.36767578125,298.359375,0.1066003125,5.2384765625,4.01,NA
"2978",0,0,NA,NA,14.2147064208984,74.4622802734375,300.95703125,0.1066003125,5.2384765625,4.044,NA
"2979",0,0,NA,NA,14.2555236816406,74.683837890625,303.544921875,0.10690625,5.2390625,4.078,NA
"2980",0,0,NA,NA,14.2555236816406,74.683837890625,306.123046875,0.10649125,5.2380859375,4.112,NA
"2981",0,0,NA,NA,14.2002105712891,74.3804931640625,308.7109375,0.10649125,5.2380859375,4.146,NA
"2982",0,0,NA,NA,14.2082214355469,74.4268798828125,311.0546875,0.10655125,5.23828125,4.18,NA
"2983",0,0,NA,NA,14.2082214355469,74.515380859375,313.642578125,0.1066765625,5.2384765625,4.214,NA
"2984",0,0,NA,NA,14.2248153686523,74.515380859375,316.23046875,0.1066765625,5.2384765625,4.248,NA
"2985",0,0,NA,NA,14.2314910888672,74.5550537109375,318.818359375,0.10672625,5.2388671875,4.283,NA
"2986",0,0,NA,NA,14.2353057861328,74.5697021484375,321.40625,0.1067540625,5.2384765625,4.317,NA
"2987",0,0,NA,NA,14.2353057861328,74.5697021484375,323.994140625,0.1067540625,5.2384765625,4.351,NA
"2988",0,0,NA,NA,14.2332077026367,74.556884765625,326.34765625,0.1067396875,5.23828125,4.385,NA
"2989",0,0,NA,NA,14.2295837402344,74.537353515625,328.935546875,0.1067125,5.23828125,4.419,NA
"2990",0,0,NA,NA,14.2295837402344,74.537353515625,331.5234375,0.1067125,5.23828125,4.453,NA
"2991",0,0,NA,NA,14.2223358154297,74.5037841796875,334.111328125,0.1066575,5.2384765625,4.487,NA
"2992",0,0,NA,NA,14.2417907714844,74.6044921875,336.46484375,0.1068028125,5.2384765625,4.521,NA
"2993",0,0,NA,NA,14.2417907714844,74.6044921875,339.0625,0.1068028125,5.2384765625,4.555,NA
"2994",0,0,NA,NA,14.2349243164063,74.5635986328125,341.640625,0.1067515625,5.2380859375,4.589,NA
"2995",0,0,NA,NA,14.2169952392578,74.4805908203125,344.228515625,0.106618125,5.2388671875,4.623,NA
"2996",0,0,NA,NA,14.2169952392578,74.4805908203125,346.806640625,0.106618125,5.2388671875,4.657,NA
"2997",0,0,NA,NA,14.2152786254883,74.464111328125,349.16015625,0.1066040625,5.23828125,4.691,NA
"2998",0,0,NA,NA,14.2196655273438,74.493408203125,351.748046875,0.106636875,5.2388671875,4.725,NA
"2999",0,0,NA,NA,14.2196655273438,74.493408203125,354.3359375,0.106636875,5.2388671875,4.759,NA
"3000",0,0,NA,NA,14.2124176025391,74.45068359375,356.923828125,0.10658375,5.2384765625,4.793,NA
"3001",0,0,NA,NA,14.2206192016602,74.4940185546875,359.267578125,0.106644375,5.2384765625,4.827,NA
"3002",0,0,NA,NA,14.2206192016602,74.4940185546875,361.85546875,0.106644375,5.2384765625,4.861,NA
"3003",0,0,NA,NA,14.2078399658203,74.4256591796875,364.43359375,0.10654875,5.2384765625,4.895,NA
"3004",0,0,NA,NA,14.2173767089844,74.4744873046875,367.021484375,0.106620625,5.23828125,4.929,NA
"3005",0,0,NA,NA,14.2173767089844,74.4744873046875,369.375,0.106620625,5.23828125,4.963,NA
"3006",0,0,NA,NA,14.2131805419922,74.4476318359375,371.962890625,0.1065890625,5.237890625,4.997,NA
"3007",0,0,NA,NA,14.2356872558594,74.5684814453125,374.541015625,0.1067575,5.2380859375,5.031,NA
"3008",0,0,NA,NA,14.2356872558594,74.5684814453125,377.12890625,0.1067575,5.2380859375,5.065,NA
"3009",0,0,NA,NA,14.2372131347656,74.5721435546875,379.7265625,0.106769375,5.237890625,5.099,NA
"3010",0,0,NA,NA,14.2360687255859,74.5684814453125,382.080078125,0.106760625,5.2380859375,5.133,NA
"3011",0,0,NA,NA,14.2360687255859,74.5684814453125,384.66796875,0.106760625,5.23828125,5.167,NA
"3012",0,0,NA,NA,14.2263412475586,74.5220947265625,387.255859375,0.106688125,5.23828125,5.201,NA
"3013",0,0,NA,NA,14.2389297485352,74.5849609375,389.84375,0.1067825,5.2380859375,5.235,NA
"3014",0,0,NA,NA,14.2389297485352,74.5849609375,392.197265625,0.1067825,5.237890625,5.269,NA
"3015",0,0,NA,NA,14.2446517944336,74.6112060546875,394.775390625,0.1068246875,5.237890625,5.303,NA
"3016",0,0,NA,NA,14.2223358154297,74.5025634765625,398.779296875,0.1066575,5.2384765625,5.356,NA
"3017",0,0,NA,NA,14.2307281494141,74.541015625,401.1328125,0.106720625,5.2380859375,5.389,NA
"3018",0,0,NA,NA,14.2307281494141,74.541015625,403.720703125,0.1065696875,5.2376953125,5.422,NA
"3019",0,0,NA,NA,14.2107009887695,74.429931640625,406.064453125,0.1065696875,5.2376953125,5.455,NA
"3020",0,0,NA,NA,14.2290115356445,74.534912109375,408.65234375,0.1067071875,5.23828125,5.489,NA
"3021",0,0,NA,NA,14.2290115356445,74.534912109375,411.240234375,0.106788125,5.23828125,5.523,NA
"3022",0,0,NA,NA,14.2396926879883,74.5928955078125,413.837890625,0.106788125,5.23828125,5.557,NA
"3023",0,0,NA,NA,14.239501953125,74.5892333984375,416.181640625,0.10678625,5.23828125,5.591,NA
"3024",0,0,NA,NA,14.239501953125,74.5892333984375,418.76953125,0.106660625,5.23828125,5.625,NA
"3025",0,0,NA,NA,14.2227172851562,74.5013427734375,421.357421875,0.106660625,5.23828125,5.659,NA
"3026",0,0,NA,NA,14.2131805419922,74.451904296875,423.9453125,0.106588125,5.23828125,5.693,NA
"3027",0,0,NA,NA,14.2131805419922,74.451904296875,426.298828125,0.1067290625,5.2380859375,5.727,NA
"3028",0,0,NA,NA,14.2318725585938,74.5458984375,428.88671875,0.1067290625,5.2380859375,5.761,NA
"3029",0,0,NA,NA,14.2513275146484,74.6539306640625,431.474609375,0.106874375,5.2384765625,5.795,NA
"3030",0,0,NA,NA,14.2513275146484,74.6539306640625,434.0625,0.1067203125,5.2384765625,5.829,NA
"3031",0,0,NA,NA,14.2307281494141,74.5458984375,436.650390625,0.1067203125,5.2384765625,5.863,NA
"3032",0,0,NA,NA,14.2162322998047,74.464111328125,438.994140625,0.106611875,5.2380859375,5.897,NA
"3033",0,0,NA,NA,14.2274856567383,74.5263671875,441.58203125,0.1066959375,5.23828125,5.931,NA
"3034",0,0,NA,NA,14.2274856567383,74.5263671875,444.1796875,0.1066959375,5.23828125,5.965,NA
"3035",0,0,NA,NA,14.2509460449219,74.65087890625,446.767578125,0.1068725,5.23828125,5.999,NA
"3036",0,0,NA,NA,14.2265319824219,74.521484375,449.12109375,0.106689375,5.23828125,6.033,NA
"3037",0,0,NA,NA,14.2265319824219,74.521484375,451.69921875,0.106689375,5.23828125,6.067,NA
"3038",0,0,NA,NA,14.2223358154297,74.49951171875,454.287109375,0.1066578125,5.23828125,6.101,NA
"3039",0,0,NA,NA,14.2284393310547,74.5343017578125,456.875,0.106703125,5.2384765625,6.135,NA
"3040",0,0,NA,NA,14.2284393310547,74.5343017578125,459.228515625,0.106703125,5.2384765625,6.169,NA
"3041",0,0,NA,NA,14.2293930053711,74.5361328125,461.81640625,0.1067109375,5.23828125,6.203,NA
"3042",0,0,NA,NA,14.2360687255859,74.564208984375,464.404296875,0.106760625,5.2376953125,6.237,NA
"3043",0,0,NA,NA,14.2360687255859,74.564208984375,466.9921875,0.106760625,5.2376953125,6.272,NA
"3044",0,0,NA,NA,14.2175674438477,74.471435546875,469.580078125,0.1066221875,5.2380859375,6.306,NA
"3045",0,0,NA,NA,14.2261505126953,74.51416015625,472.158203125,0.1066859375,5.237890625,6.34,NA
"3046",0,0,NA,NA,14.2261505126953,74.51416015625,474.51171875,0.1066859375,5.237890625,6.374,NA
"3047",0,0,NA,NA,14.2210006713867,74.486083984375,477.099609375,0.1066478125,5.2376953125,6.408,NA
"3048",0,0,NA,NA,14.2257690429688,74.512939453125,479.6875,0.1066834375,5.237890625,6.442,NA
"3049",0,0,NA,NA,14.2257690429688,74.512939453125,482.265625,0.1066834375,5.237890625,6.476,NA
"3050",0,0,NA,NA,14.2101287841797,74.439697265625,484.619140625,0.1065665625,5.2384765625,6.51,NA
"3051",0,0,NA,NA,14.2169952392578,74.47021484375,487.20703125,0.1066178125,5.2380859375,6.544,NA
"3052",0,0,NA,NA,14.2169952392578,74.47021484375,489.78515625,0.1066178125,5.2380859375,6.578,NA
"3053",0,0,NA,NA,14.2148971557617,74.4561767578125,492.373046875,0.10660125,5.237890625,6.612,NA
"3054",0,0,NA,NA,14.2299652099609,74.537353515625,494.7265625,0.106714375,5.2380859375,6.645,NA
"3055",0,0,NA,NA,14.2299652099609,74.537353515625,497.3046875,0.106714375,5.2380859375,6.68,NA
"3056",0,0,NA,NA,14.2107009887695,74.432373046875,499.892578125,0.106570625,5.2376953125,6.714,NA
"3057",0,0,NA,NA,14.2242431640625,74.5123291015625,502.490234375,0.1066721875,5.2384765625,6.748,NA
"3058",0,0,NA,NA,14.2242431640625,74.5123291015625,505.068359375,0.1066721875,5.2384765625,6.782,NA
"3059",0,0,NA,NA,14.2341613769531,74.56298828125,507.421875,0.10674625,5.23828125,6.816,NA
"3060",0,0,NA,NA,14.2148971557617,74.456787109375,510.009765625,0.10660125,5.2380859375,6.849,NA
"3061",0,0,NA,NA,14.2148971557617,74.456787109375,512.59765625,0.10660125,5.2380859375,6.884,NA
"3062",0,0,NA,NA,14.227294921875,74.525146484375,515.17578125,0.1066946875,5.23828125,6.918,NA
"3063",0,0,NA,NA,14.2122268676758,74.447021484375,517.529296875,0.1065809375,5.23828125,6.952,NA
"3064",0,0,NA,NA,14.2122268676758,74.447021484375,520.1171875,0.1065809375,5.2384765625,6.986,NA
"3065",0,0,NA,NA,14.227294921875,74.52880859375,522.6953125,0.106694375,5.2384765625,7.02,NA
"3066",0,0,NA,NA,14.213752746582,74.453125,525.283203125,0.1065928125,5.2380859375,7.053,NA
"3067",0,0,NA,NA,14.213752746582,74.453125,527.87109375,0.1065928125,5.2384765625,7.087,NA
"3068",0,0,NA,NA,14.2261505126953,74.52392578125,530.224609375,0.1066859375,5.2384765625,7.121,NA
"3069",0,0,NA,NA,14.2202377319336,74.486083984375,532.8125,0.10664125,5.2380859375,7.155,NA
"3070",0,0,NA,NA,14.2202377319336,74.486083984375,535.390625,0.1066403125,5.2380859375,7.189,NA
"3071",0,0,NA,NA,14.2200469970703,74.4866943359375,537.978515625,0.1066403125,5.2380859375,7.223,NA
"3072",0,0,NA,NA,14.2244338989258,74.5098876953125,540.33203125,0.106673125,5.2380859375,7.257,NA
"3073",0,0,NA,NA,14.2244338989258,74.5098876953125,542.91015625,0.1065234375,5.2388671875,7.292,NA
"3074",0,0,NA,NA,14.2044067382813,74.4146728515625,545.498046875,0.1065234375,5.2388671875,7.326,NA
"3075",0,0,NA,NA,14.2114639282227,74.4488525390625,548.0859375,0.106576875,5.238671875,7.36,NA
"3076",0,0,NA,NA,14.2114639282227,74.4488525390625,550.673828125,0.106678125,5.2388671875,7.394,NA
"3077",0,0,NA,NA,14.2250061035156,74.5233154296875,553.02734375,0.106678125,5.2388671875,7.428,NA
"3078",0,0,NA,NA,14.2389297485352,74.5904541015625,555.60546875,0.1067815625,5.2384765625,7.462,NA
"3079",0,0,NA,NA,14.2389297485352,74.4329833984375,558.193359375,0.10655875,5.2384765625,7.496,NA
"3080",0,0,NA,NA,14.2091751098633,74.4329833984375,560.78125,0.10655875,5.2384765625,7.53,NA
"3081",0,0,NA,NA,14.2278671264648,74.5294189453125,563.369140625,0.106699375,5.23828125,7.564,NA
"3082",0,0,NA,NA,14.2255783081055,74.5159912109375,565.72265625,0.1066821875,5.23828125,7.598,NA
"3083",0,0,NA,NA,14.2255783081055,74.5159912109375,568.30078125,0.1066821875,5.23828125,7.632,NA
"3084",0,0,NA,NA,14.2112731933594,74.4415283203125,570.888671875,0.1065753125,5.23828125,7.666,NA
"3085",0,0,NA,NA,14.2210006713867,74.4940185546875,573.4765625,0.1066465625,5.23828125,7.7,NA
"3086",0,0,NA,NA,14.2210006713867,74.4940185546875,575.83984375,0.1066465625,5.23828125,7.734,NA
"3087",0,0,NA,NA,14.2576217651367,74.688720703125,578.427734375,0.1069228125,5.2384765625,7.768,NA
"3088",0,0,NA,NA,14.2433166503906,74.60693359375,581.015625,0.1068146875,5.2380859375,7.802,NA
"3089",0,0,NA,NA,14.2433166503906,74.60693359375,583.603515625,0.1068146875,5.2380859375,7.836,NA
"3090",0,0,NA,NA,14.2248153686523,74.5135498046875,585.95703125,0.10667625,5.23828125,7.87,NA
"3091",0,0,NA,NA,14.2313003540039,74.5428466796875,588.53515625,0.1067240625,5.2380859375,7.904,NA
"3092",0,0,NA,NA,14.2313003540039,74.5428466796875,591.1328125,0.1067240625,5.2380859375,7.938,NA
"3093",0,0,NA,NA,14.2360687255859,74.5709228515625,593.720703125,0.10676,5.23828125,7.973,NA
"3094",0,0,NA,NA,14.2242431640625,74.5166015625,596.298828125,0.1066721875,5.238671875,8.007,NA
"3095",0,0,NA,NA,14.2242431640625,74.5166015625,598.88671875,0.1066721875,5.238671875,8.041,NA
"3096",0,0,NA,NA,14.2074584960938,74.4232177734375,601.23046875,0.1065465625,5.23828125,8.075,NA
"3097",0,0,NA,NA,14.2017364501953,74.3890380859375,603.818359375,0.1065034375,5.2380859375,8.109,NA
"3098",0,0,NA,NA,14.2017364501953,74.3890380859375,606.40625,0.1065034375,5.2380859375,8.143,NA
"3099",0,0,NA,NA,14.2261505126953,74.52392578125,608.984375,0.1066865625,5.2384765625,8.177,NA
"3100",0,0,NA,NA,14.2290115356445,74.5343017578125,611.337890625,0.1067075,5.23828125,8.211,NA
"3101",0,0,NA,NA,14.2290115356445,74.5343017578125,613.92578125,0.1067075,5.23828125,8.245,NA
"3102",0,0,NA,NA,14.2171859741211,74.4720458984375,616.513671875,0.1066190625,5.23828125,8.279,NA
"3103",0,0,NA,NA,14.2093658447266,74.434814453125,619.091796875,0.10656,5.2384765625,8.313,NA
"3104",0,0,NA,NA,14.2093658447266,74.434814453125,621.6796875,0.10656,5.2384765625,8.348,NA
"3105",0,0,NA,NA,14.2282485961914,74.53857421875,624.267578125,0.1067021875,5.2388671875,8.382,NA
"3106",0,0,NA,NA,14.2185211181641,74.478759765625,626.62109375,0.1066290625,5.2380859375,8.416,NA
"3107",0,0,NA,NA,14.2185211181641,74.478759765625,629.19921875,0.1066290625,5.23828125,8.45,NA
"3108",0,0,NA,NA,14.216423034668,74.4696044921875,631.796875,0.106613125,5.23828125,8.484,NA
"3109",0,0,NA,NA,14.2217636108398,74.4915771484375,634.375,0.1066540625,5.237890625,8.518,NA
"3110",0,0,NA,NA,14.2217636108398,74.4915771484375,636.962890625,0.1066540625,5.238671875,8.552,NA
"3111",0,0,NA,NA,14.2156600952148,74.4696044921875,639.306640625,0.1066078125,5.238671875,8.586,NA
"3112",0,0,NA,NA,14.2120361328125,74.4403076171875,641.89453125,0.1065803125,5.237890625,8.62,NA
"3113",0,0,NA,NA,14.2120361328125,74.4403076171875,644.47265625,0.106486875,5.2384765625,8.654,NA
"3114",0,0,NA,NA,14.1996383666992,74.3841552734375,647.060546875,0.106486875,5.2384765625,8.688,NA
"3115",0,0,NA,NA,14.2004013061523,74.3914794921875,649.404296875,0.1064928125,5.238671875,8.722,NA
"3116",0,0,NA,NA,14.2004013061523,74.3914794921875,651.982421875,0.1064875,5.2384765625,8.756,NA
"3117",0,0,NA,NA,14.1996383666992,74.384765625,654.5703125,0.1064875,5.2384765625,8.79,NA
"3118",0,0,NA,NA,14.198112487793,74.38232421875,657.1484375,0.1064765625,5.2388671875,8.824,NA
"3119",0,0,NA,NA,14.198112487793,74.38232421875,659.736328125,0.10660625,5.23828125,8.858,NA
"3120",0,0,NA,NA,14.2154693603516,74.4635009765625,662.08984375,0.10660625,5.23828125,8.892,NA
"3121",0,0,NA,NA,14.2433166503906,74.60693359375,664.677734375,0.1068146875,5.2380859375,8.926,NA
"3122",0,0,NA,NA,14.2433166503906,74.60693359375,667.265625,0.1066915625,5.23828125,8.96,NA
"3123",0,0,NA,NA,14.2269134521484,74.5245361328125,669.853515625,0.1066915625,5.23828125,8.994,NA
"3124",0,0,NA,NA,14.2328262329102,74.55810546875,672.20703125,0.1067359375,5.2384765625,9.028,NA
"3125",0,0,NA,NA,14.2194747924805,74.481201171875,674.794921875,0.106636875,5.237890625,9.062,NA
"3126",0,0,NA,NA,14.2194747924805,74.481201171875,677.373046875,0.106636875,5.237890625,9.096,NA
"3127",0,0,NA,NA,14.2160415649414,74.4696044921875,679.9609375,0.1066103125,5.2384765625,9.13,NA
"3128",0,0,NA,NA,14.2038345336914,74.4049072265625,682.3046875,0.1065190625,5.2384765625,9.164,NA
"3129",0,0,NA,NA,14.2038345336914,74.4049072265625,684.892578125,0.1065190625,5.2384765625,9.198,NA
"3130",0,0,NA,NA,14.1885757446289,74.327392578125,687.470703125,0.106405,5.2384765625,9.232,NA
"3131",0,0,NA,NA,14.1927719116211,74.339599609375,690.048828125,0.1064353125,5.237890625,9.266,NA
"3132",0,0,NA,NA,14.1927719116211,74.339599609375,692.626953125,0.1064353125,5.237890625,9.3,NA
"3133",0,0,NA,NA,14.2047882080078,74.4036865234375,694.98046875,0.106525625,5.237890625,9.334,NA
"3134",0,0,NA,NA,14.1992568969727,74.371337890625,697.55859375,0.106485,5.2376953125,9.369,NA
"3135",0,0,NA,NA,14.1992568969727,74.371337890625,700.146484375,0.106485,5.2376953125,9.403,NA
"3136",0,0,NA,NA,14.2179489135742,74.4732666015625,702.724609375,0.1066246875,5.2380859375,9.436,NA
"3137",0,0,NA,NA,14.2040252685547,74.4012451171875,705.3125,0.1065196875,5.2380859375,9.47,NA
"3138",0,0,NA,NA,14.2040252685547,74.4012451171875,707.666015625,0.1065196875,5.2380859375,9.504,NA
"3139",0,0,NA,NA,14.2175674438477,74.47509765625,710.25390625,0.1066225,5.23828125,9.538,NA
"3140",0,0,NA,NA,14.2446517944336,74.6148681640625,712.841796875,0.106825,5.2380859375,9.572,NA
"3141",0,0,NA,NA,14.2446517944336,74.6148681640625,715.4296875,0.106825,5.2380859375,9.606,NA
"3142",0,0,NA,NA,14.2194747924805,74.4891357421875,717.7734375,0.10663625,5.2384765625,9.64,NA
"3143",0,0,NA,NA,14.2139434814453,74.4573974609375,720.361328125,0.1065946875,5.23828125,9.674,NA
"3144",0,0,NA,NA,14.2139434814453,74.4573974609375,722.94921875,0.1065946875,5.23828125,9.708,NA
"3145",0,0,NA,NA,14.2292022705078,74.539794921875,725.537109375,0.1067096875,5.2384765625,9.742,NA
"3146",0,0,NA,NA,14.2086029052734,74.4268798828125,727.880859375,0.1065546875,5.2380859375,9.776,NA
"3147",0,0,NA,NA,14.2086029052734,74.4268798828125,730.46875,0.1065546875,5.2380859375,9.81,NA
"3148",0,0,NA,NA,14.2333984375,74.5623779296875,733.056640625,0.1067403125,5.238671875,9.844,NA
"3149",0,0,NA,NA,14.215087890625,74.4683837890625,735.64453125,0.1066025,5.238671875,9.878,NA
"3150",0,0,NA,NA,14.215087890625,74.4683837890625,737.98828125,0.1066025,5.238671875,9.912,NA
"3151",0,0,NA,NA,14.2131805419922,74.461669921875,740.576171875,0.1065890625,5.2388671875,9.946,NA
"3152",0,0,NA,NA,14.1860961914062,74.306640625,743.154296875,0.1063853125,5.2380859375,9.98,NA
"3153",0,1,NA,NA,14.1773223876953,74.2755126953125,753.212890625,0.1063203125,5.2390625,10.114,NA
"3154",0,1,NA,NA,14.0304565429688,73.5003662109375,755.48828125,0.105219375,5.238671875,10.148,NA
"3155",0,1,NA,NA,13.8082504272461,72.3486328125,758.0078125,0.1035521875,5.239453125,10.182,NA
"3156",0,1,NA,NA,13.8082504272461,72.3486328125,760.5078125,0.1035521875,5.239453125,10.216,NA
"3157",0,1,NA,NA,13.7981414794922,72.2930908203125,763.02734375,0.1034765625,5.2392578125,10.25,NA
"3158",0,1,NA,NA,13.8076782226563,72.34619140625,765.302734375,0.1035478125,5.2396484375,10.284,NA
"3159",0,1,NA,NA,13.8076782226563,72.34619140625,767.822265625,0.1035478125,5.2390625,10.318,NA
"3160",0,1,NA,NA,13.8256072998047,72.43408203125,770.341796875,0.1036821875,5.2390625,10.352,NA
"3161",0,1,NA,NA,13.8385772705078,72.5018310546875,772.861328125,0.1037790625,5.2392578125,10.386,NA
"3162",0,1,NA,NA,13.8385772705078,72.5018310546875,775.146484375,0.1037790625,5.2390625,10.42,NA
"3163",0,1,NA,NA,13.8395309448242,72.506103515625,777.65625,0.1037875,5.2390625,10.454,NA
"3164",0,1,NA,NA,13.8092041015625,72.3486328125,780.166015625,0.10356,5.2392578125,10.488,NA
"3165",0,1,NA,NA,13.8092041015625,72.3486328125,782.685546875,0.1036425,5.2390625,10.523,NA
"3166",0,1,NA,NA,13.8202667236328,72.4053955078125,785.1953125,0.1036425,5.2390625,10.557,NA
"3167",0,1,NA,NA,13.8267517089844,72.44384765625,787.71484375,0.103690625,5.239453125,10.591,NA
"3168",0,1,NA,NA,13.8267517089844,72.44384765625,790,0.1037134375,5.2388671875,10.625,NA
"3169",0,1,NA,NA,13.8298034667969,72.4530029296875,792.509765625,0.1037134375,5.2388671875,10.659,NA
"3170",0,1,NA,NA,13.8191223144531,72.40234375,795.01953125,0.103633125,5.2392578125,10.693,NA
"3171",0,1,NA,NA,13.8191223144531,72.40234375,797.529296875,0.1035390625,5.2392578125,10.727,NA
"3172",0,1,NA,NA,13.8065338134766,72.3345947265625,799.82421875,0.1035390625,5.2392578125,10.761,NA
"3173",0,1,NA,NA,13.8498306274414,72.5616455078125,802.333984375,0.10386375,5.2392578125,10.795,NA
"3174",0,1,NA,NA,13.8498306274414,72.5616455078125,804.84375,0.1034703125,5.239453125,10.829,NA
"3175",0,1,NA,NA,13.7973785400391,72.291259765625,807.36328125,0.1034703125,5.239453125,10.863,NA
"3176",0,1,NA,NA,13.8235092163086,72.421875,809.6484375,0.1036659375,5.2390625,10.897,NA
"3177",0,1,NA,NA,13.8397216796875,72.5048828125,812.16796875,0.10378875,5.2388671875,10.931,NA
"3178",0,1,NA,NA,13.8397216796875,72.5048828125,814.677734375,0.10378875,5.2388671875,10.965,NA
"3179",0,1,NA,NA,13.8271331787109,72.447509765625,817.197265625,0.1036940625,5.239453125,10.999,NA
"3180",0,1,NA,NA,13.8175964355469,72.39501953125,819.47265625,0.1036221875,5.239453125,11.033,NA
"3181",0,1,NA,NA,13.8175964355469,72.39501953125,821.9921875,0.1036221875,5.239453125,11.067,NA
"3182",0,1,NA,NA,13.8418197631836,72.52197265625,824.501953125,0.103804375,5.2392578125,11.101,NA
"3183",0,1,NA,NA,13.8219833374023,72.418212890625,827.021484375,0.1036559375,5.239453125,11.135,NA
"3184",0,1,NA,NA,13.8219833374023,72.418212890625,829.541015625,0.1036559375,5.239453125,11.168,NA
"3185",0,1,NA,NA,13.8263702392578,72.44384765625,831.826171875,0.1036875,5.2396484375,11.202,NA
"3186",0,1,NA,NA,13.8355255126953,72.486572265625,834.345703125,0.103756875,5.2392578125,11.236,NA
"3187",0,1,NA,NA,13.8355255126953,72.486572265625,836.85546875,0.103756875,5.2392578125,11.27,NA
"3188",0,2,NA,NA,14.2452239990234,74.6209716796875,846.787109375,0.10682875,5.23828125,11.405,NA
"3189",0,2,NA,NA,15.0810241699219,78.9569091796875,849.521484375,0.1130971875,5.235546875,11.439,NA
"3190",0,2,NA,NA,15.0810241699219,78.9569091796875,852.255859375,0.1130971875,5.235546875,11.473,NA
"3191",0,2,NA,NA,15.0384902954102,78.7396240234375,854.990234375,0.1127775,5.2359375,11.507,NA
"3192",0,2,NA,NA,15.0529861450195,78.82568359375,857.48046875,0.1128871875,5.2365234375,11.541,NA
"3193",0,2,NA,NA,15.0529861450195,78.82568359375,860.21484375,0.1128871875,5.2365234375,11.575,NA
"3194",0,2,NA,NA,15.058708190918,78.8507080078125,862.958984375,0.11293,5.236328125,11.609,NA
"3195",0,2,NA,NA,15.0707244873047,78.914794921875,865.693359375,0.113019375,5.236328125,11.643,NA
"3196",0,2,NA,NA,15.0707244873047,78.914794921875,868.427734375,0.113019375,5.236328125,11.677,NA
"3197",0,2,NA,NA,15.0632858276367,78.8653564453125,871.044921875,0.11296375,5.235546875,11.711,NA
"3198",0,2,NA,NA,13.9348983764648,73.00537109375,873.3203125,0.104501875,5.2390625,11.745,NA
"3199",0,2,NA,NA,13.9348983764648,73.00537109375,875.8203125,0.104501875,5.2390625,11.779,NA
"3200",0,2,NA,NA,13.7744903564453,72.16552734375,878.330078125,0.103299375,5.2390625,11.813,NA
"3201",0,2,NA,NA,13.7849807739258,72.2198486328125,880.83984375,0.103378125,5.2390625,11.847,NA
"3202",0,2,NA,NA,13.7849807739258,72.2198486328125,883.125,0.103378125,5.2390625,11.881,NA
"3203",0,2,NA,NA,13.8114929199219,72.36328125,885.634765625,0.1035759375,5.239453125,11.915,NA
"3204",0,2,NA,NA,13.780403137207,72.200927734375,888.134765625,0.103343125,5.239453125,11.949,NA
"3205",0,2,NA,NA,13.780403137207,72.200927734375,890.64453125,0.103343125,5.239453125,11.983,NA
"3206",0,2,NA,NA,13.7973785400391,72.2900390625,892.9296875,0.10347125,5.239453125,12.017,NA
"3207",0,2,NA,NA,13.7765884399414,72.1759033203125,895.4296875,0.103315,5.2390625,12.051,NA
"3208",0,2,NA,NA,13.7765884399414,72.1759033203125,897.939453125,0.103315,5.2390625,12.085,NA
"3209",0,2,NA,NA,13.786506652832,72.2271728515625,900.439453125,0.1033890625,5.2390625,12.119,NA
"3210",0,2,NA,NA,13.7491226196289,72.0367431640625,902.939453125,0.103109375,5.239453125,12.153,NA
"3211",0,2,NA,NA,13.7491226196289,72.0367431640625,905.224609375,0.103109375,5.2392578125,12.187,NA
"3212",0,2,NA,NA,13.7760162353516,72.176513671875,907.734375,0.103310625,5.2392578125,12.221,NA
"3213",0,2,NA,NA,13.8027191162109,72.3162841796875,910.244140625,0.1035109375,5.2392578125,12.255,NA
"3214",0,3,NA,NA,14.2045974731445,74.400634765625,920.078125,0.106524375,5.237890625,12.389,NA
"3215",0,3,NA,NA,14.4147872924805,75.5029296875,922.7734375,0.108100625,5.237890625,12.423,NA
"3216",0,4,NA,NA,14.2616271972656,74.7003173828125,932.939453125,0.106951875,5.237890625,12.558,NA
"3217",0,4,NA,NA,14.2616271972656,74.7003173828125,935.322265625,0.106951875,5.237109375,12.592,NA
"3218",0,4,NA,NA,14.3949508666992,75.3875732421875,937.939453125,0.107951875,5.237109375,12.626,NA
"3219",0,4,NA,NA,14.3867492675781,75.35400390625,940.56640625,0.1078903125,5.2376953125,12.66,NA
"3220",0,4,NA,NA,14.3867492675781,75.35400390625,943.18359375,0.1087665625,5.237890625,12.694,NA
"3221",0,4,NA,NA,14.5036697387695,75.968017578125,945.83984375,0.1087665625,5.237890625,12.728,NA
"3222",0,4,NA,NA,14.5559310913086,76.243896484375,948.232421875,0.1091590625,5.2380859375,12.762,NA
"3223",0,5,NA,NA,14.2055511474609,74.4158935546875,956.474609375,0.10653125,5.2384765625,12.871,NA
"3224",0,5,NA,NA,14.4903182983398,75.8929443359375,959.12109375,0.1086671875,5.2375,12.905,NA
"3225",0,5,NA,NA,14.4903182983398,75.8929443359375,961.806640625,0.1086671875,5.2375,12.939,NA
"3226",0,5,NA,NA,14.739990234375,77.1966552734375,964.228515625,0.11053875,5.2373046875,12.973,NA
"3227",0,6,NA,NA,3.41377258300781,17.97119140625,0.107421875,0.0256009375,5.264453125,0.016,NA
"3228",0,6,NA,NA,3.41377258300781,17.97119140625,0.7421875,0.0259584375,5.264453125,0.05,NA
"3229",0,6,NA,NA,3.46145629882813,18.221435546875,1.376953125,0.0259584375,5.264453125,0.084,NA
"3230",0,6,NA,NA,3.46164703369141,18.2244873046875,2.01171875,0.02596,5.26484375,0.118,NA
"3231",0,6,NA,NA,3.46164703369141,18.2244873046875,2.587890625,0.02611,5.2640625,0.152,NA
"3232",0,6,NA,NA,3.48167419433594,18.3270263671875,3.22265625,0.02611,5.2640625,0.186,NA
"3233",0,6,NA,NA,3.47557067871094,18.2952880859375,3.84765625,0.0260646875,5.2640625,0.22,NA
"3234",0,6,NA,NA,3.47557067871094,18.2952880859375,4.482421875,0.02575875,5.2646484375,0.254,NA
"3235",0,6,NA,NA,3.43475341796875,18.0828857421875,5.1171875,0.02575875,5.2646484375,0.288,NA
"3236",0,6,NA,NA,3.45478057861328,18.187255859375,5.68359375,0.0259084375,5.2646484375,0.322,NA
"3237",0,6,NA,NA,3.45478057861328,18.291015625,6.318359375,0.0260584375,5.2642578125,0.356,NA
"3238",0,6,NA,NA,3.47461700439453,18.291015625,6.953125,0.0260584375,5.2642578125,0.39,NA
"3239",0,6,NA,NA,3.47137451171875,18.2763671875,7.587890625,0.02603375,5.26484375,0.424,NA
"3240",0,6,NA,NA,3.46317291259766,18.2293701171875,8.1640625,0.0259715625,5.2638671875,0.458,NA
"3241",0,6,NA,NA,3.46317291259766,18.2293701171875,8.798828125,0.0259715625,5.2638671875,0.492,NA
"3242",0,6,NA,NA,3.45325469970703,18.1781005859375,9.43359375,0.025896875,5.2642578125,0.526,NA
"3243",0,6,NA,NA,3.46393585205078,18.23486328125,10.05859375,0.025976875,5.264453125,0.56,NA
"3244",0,6,NA,NA,3.46393585205078,18.23486328125,10.634765625,0.025976875,5.264453125,0.594,NA
"3245",0,6,NA,NA,3.48014831542969,18.3203125,11.26953125,0.02609875,5.264453125,0.628,NA
"3246",0,6,NA,NA,3.44696044921875,18.14453125,11.904296875,0.025850625,5.2640625,0.662,NA
"3247",0,6,NA,NA,3.44696044921875,18.14453125,12.529296875,0.025850625,5.2640625,0.696,NA
"3248",0,6,NA,NA,3.44734191894531,18.1475830078125,13.1640625,0.0258540625,5.2642578125,0.73,NA
"3249",0,6,NA,NA,3.45726013183594,18.2000732421875,13.740234375,0.025928125,5.2642578125,0.764,NA
"3250",0,6,NA,NA,3.45726013183594,18.2000732421875,14.375,0.025928125,5.2642578125,0.798,NA
"3251",0,6,NA,NA,3.49235534667969,18.3843994140625,15,0.02619125,5.2640625,0.832,NA
"3252",0,6,NA,NA,3.45592498779297,18.1915283203125,15.634765625,0.0259178125,5.2640625,0.866,NA
"3253",0,6,NA,NA,3.45592498779297,18.1915283203125,16.220703125,0.0259178125,5.2640625,0.9,NA
"3254",0,6,NA,NA,3.46736907958984,18.25439453125,16.845703125,0.0260034375,5.2646484375,0.934,NA
"3255",0,6,NA,NA,3.45802307128906,18.203125,17.48046875,0.025933125,5.2642578125,0.968,NA
"3256",0,6,NA,NA,3.45802307128906,18.203125,18.115234375,0.025933125,5.2642578125,1.002,NA
"3257",0,6,NA,NA,3.47137451171875,18.275146484375,18.69140625,0.026033125,5.2646484375,1.036,NA
"3258",0,6,NA,NA,3.48300933837891,18.33740234375,19.326171875,0.026120625,5.26484375,1.071,NA
"3259",0,6,NA,NA,3.48300933837891,18.33740234375,19.9609375,0.026120625,5.26484375,1.105,NA
"3260",0,6,NA,NA,3.48701477050781,18.35693359375,20.60546875,0.026150625,5.264453125,1.139,NA
"3261",0,6,NA,NA,3.47824096679688,18.309326171875,21.240234375,0.026085625,5.2640625,1.173,NA
"3262",0,6,NA,NA,3.47824096679688,18.309326171875,21.865234375,0.026085625,5.2640625,1.207,NA
"3263",0,6,NA,NA,3.46260070800781,18.2281494140625,22.509765625,0.025968125,5.2642578125,1.243,NA
"3264",0,6,NA,NA,3.50055694580078,18.4271240234375,23.14453125,0.0262521875,5.2642578125,1.276,NA
"3265",0,6,NA,NA,3.50055694580078,18.4271240234375,23.720703125,0.0262521875,5.264453125,1.309,NA
"3266",0,6,NA,NA,3.45802307128906,18.204345703125,24.345703125,0.0259334375,5.264453125,1.343,NA
"3267",0,6,NA,NA,3.47480773925781,18.2928466796875,24.990234375,0.02605875,5.264453125,1.377,NA
"3268",0,6,NA,NA,3.47480773925781,18.2928466796875,25.56640625,0.02605875,5.264453125,1.411,NA
"3269",0,6,NA,NA,3.47366333007812,18.2867431640625,26.201171875,0.0260509375,5.264453125,1.445,NA
"3270",0,6,NA,NA,3.50532531738281,18.4527587890625,26.8359375,0.0262871875,5.264453125,1.479,NA
"3271",0,6,NA,NA,3.50532531738281,18.4527587890625,27.470703125,0.02603,5.2640625,1.513,NA
"3272",0,6,NA,NA,3.47099304199219,18.2708740234375,28.056640625,0.02603,5.2640625,1.547,NA
"3273",0,6,NA,NA,3.50761413574219,18.4649658203125,28.69140625,0.0263059375,5.2642578125,1.581,NA
"3274",0,6,NA,NA,3.50761413574219,18.4649658203125,29.326171875,0.0260528125,5.2646484375,1.615,NA
"3275",0,6,NA,NA,3.47385406494141,18.28857421875,29.9609375,0.0260528125,5.2646484375,1.649,NA
"3276",0,6,NA,NA,3.46412658691406,18.23486328125,30.595703125,0.025979375,5.2640625,1.683,NA
"3277",0,6,NA,NA,3.46412658691406,18.23486328125,31.171875,0.025950625,5.2642578125,1.717,NA
"3278",0,6,NA,NA,3.46031188964844,18.2159423828125,31.806640625,0.025950625,5.2642578125,1.751,NA
"3279",0,6,NA,NA,3.47557067871094,18.2940673828125,32.44140625,0.0260646875,5.263671875,1.785,NA
"3280",0,6,NA,NA,3.47557067871094,18.2940673828125,33.076171875,0.02605375,5.264453125,1.819,NA
"3281",0,6,NA,NA,3.47404479980469,18.2891845703125,33.65234375,0.02605375,5.264453125,1.853,NA
"3282",0,6,NA,NA,3.45649719238281,18.1976318359375,34.27734375,0.0259225,5.2646484375,1.887,NA
"3283",0,6,NA,NA,3.45649719238281,18.157958984375,34.90234375,0.02586875,5.2642578125,1.921,NA
"3284",0,6,NA,NA,3.44944000244141,18.157958984375,35.537109375,0.02586875,5.2642578125,1.955,NA
"3285",0,6,NA,NA,3.4759521484375,18.302001953125,36.181640625,0.0260671875,5.265625,1.989,NA
"3286",0,6,NA,NA,3.49273681640625,18.387451171875,36.7578125,0.0261934375,5.2646484375,2.023,NA
"3287",0,6,NA,NA,3.49273681640625,18.387451171875,37.3828125,0.0261934375,5.2646484375,2.057,NA
"3288",0,6,NA,NA,3.45630645751953,18.1939697265625,38.02734375,0.0259196875,5.2642578125,2.091,NA
"3289",0,6,NA,NA,3.48167419433594,18.3282470703125,38.662109375,0.0261109375,5.2640625,2.126,NA
"3290",0,6,NA,NA,3.48167419433594,18.3282470703125,39.296875,0.0261109375,5.2640625,2.16,NA
"3291",0,6,NA,NA,3.472900390625,18.2830810546875,39.873046875,0.026045625,5.264453125,2.194,NA
"3292",0,6,NA,NA,3.46431732177734,18.2379150390625,40.498046875,0.025980625,5.2646484375,2.228,NA
"3293",0,6,NA,NA,3.46431732177734,18.2379150390625,41.1328125,0.025980625,5.2646484375,2.262,NA
"3294",0,6,NA,NA,3.47251892089844,18.280029296875,41.77734375,0.0260421875,5.2642578125,2.296,NA
"3295",0,6,NA,NA,3.47518920898438,18.294677734375,42.34375,0.0260621875,5.264453125,2.33,NA
"3296",0,6,NA,NA,3.47518920898438,18.294677734375,42.978515625,0.0260621875,5.264453125,2.364,NA
"3297",0,6,NA,NA,3.46813201904297,18.2574462890625,43.61328125,0.026009375,5.264453125,2.398,NA
"3298",0,6,NA,NA,3.46221923828125,18.2257080078125,44.248046875,0.025965,5.2642578125,2.432,NA
"3299",0,6,NA,NA,3.46221923828125,18.2257080078125,44.8828125,0.025965,5.2642578125,2.466,NA
"3300",0,6,NA,NA,3.47404479980469,18.2879638671875,45.458984375,0.0260534375,5.2642578125,2.5,NA
"3301",0,6,NA,NA,3.44905853271484,18.1573486328125,46.083984375,0.0258653125,5.2646484375,2.534,NA
"3302",0,6,NA,NA,3.44905853271484,18.1573486328125,46.71875,0.0258653125,5.2646484375,2.568,NA
"3303",0,6,NA,NA,3.47309112548828,18.282470703125,47.353515625,0.0260465625,5.2640625,2.602,NA
"3304",0,6,NA,NA,3.45897674560547,18.2086181640625,47.9296875,0.0259409375,5.2640625,2.636,NA
"3305",0,6,NA,NA,3.45897674560547,18.2086181640625,48.564453125,0.0259409375,5.2640625,2.67,NA
"3306",0,6,NA,NA,3.45115661621094,18.1683349609375,49.189453125,0.02588125,5.2646484375,2.704,NA
"3307",0,6,NA,NA,3.45706939697266,18.199462890625,49.82421875,0.0259259375,5.264453125,2.738,NA
"3308",0,6,NA,NA,3.45706939697266,18.199462890625,50.44921875,0.0259259375,5.264453125,2.772,NA
"3309",0,6,NA,NA,3.44963073730469,18.1591796875,51.025390625,0.0258709375,5.2640625,2.806,NA
"3310",0,6,NA,NA,3.47766876220703,18.30810546875,51.66015625,0.02608,5.2646484375,2.84,NA
"3311",0,6,NA,NA,3.47766876220703,18.30810546875,52.294921875,0.02608,5.2646484375,2.874,NA
"3312",0,6,NA,NA,3.4637451171875,18.233642578125,52.9296875,0.0259759375,5.264453125,2.908,NA
"3313",0,6,NA,NA,3.46546173095703,18.2415771484375,53.49609375,0.02598875,5.2640625,2.942,NA
"3314",0,6,NA,NA,3.46546173095703,18.2415771484375,54.130859375,0.02598875,5.264453125,2.976,NA
"3315",0,6,NA,NA,3.46279144287109,18.22998046875,54.765625,0.0259690625,5.264453125,3.01,NA
"3316",0,6,NA,NA,3.45745086669922,18.2012939453125,55.400390625,0.025929375,5.264453125,3.044,NA
"3317",0,6,NA,NA,3.45745086669922,18.2012939453125,55.9765625,0.025929375,5.2642578125,3.078,NA
"3318",0,6,NA,NA,3.44924926757812,18.157958984375,56.611328125,0.0258684375,5.2642578125,3.112,NA
"3319",0,6,NA,NA,3.48415374755859,18.3428955078125,57.236328125,0.02613,5.2646484375,3.146,NA
"3320",0,6,NA,NA,3.48415374755859,18.3428955078125,57.880859375,0.026075625,5.264453125,3.181,NA
"3321",0,6,NA,NA,3.47690582275391,18.3038330078125,58.505859375,0.026075625,5.264453125,3.215,NA
"3322",0,6,NA,NA,3.45878601074219,18.209228515625,59.140625,0.02593875,5.2646484375,3.249,NA
"3323",0,6,NA,NA,3.45878601074219,18.209228515625,59.7265625,0.02623875,5.2646484375,3.283,NA
"3324",0,6,NA,NA,3.49884033203125,18.419189453125,60.361328125,0.02623875,5.2646484375,3.317,NA
"3325",0,6,NA,NA,3.44772338867188,18.148193359375,60.986328125,0.0258553125,5.2640625,3.351,NA
"3326",0,6,NA,NA,3.44772338867188,18.148193359375,61.611328125,0.0258678125,5.2646484375,3.385,NA
"3327",0,6,NA,NA,3.44924926757812,18.1591796875,62.1875,0.0258678125,5.2646484375,3.419,NA
"3328",0,6,NA,NA,3.47175598144531,18.2757568359375,62.83203125,0.02603625,5.2642578125,3.453,NA
"3329",0,6,NA,NA,3.47175598144531,18.2757568359375,63.466796875,0.0262934375,5.26484375,3.487,NA
"3330",0,6,NA,NA,3.50608825683594,18.458251953125,64.1015625,0.0262934375,5.26484375,3.521,NA
"3331",0,6,NA,NA,3.46488952636719,18.23974609375,64.677734375,0.0259840625,5.264453125,3.555,NA
"3332",0,6,NA,NA,3.48491668701172,18.34716796875,65.3125,0.0261353125,5.26484375,3.589,NA
"3333",0,6,NA,NA,3.48491668701172,18.34716796875,65.947265625,0.0261353125,5.26484375,3.623,NA
"3334",0,6,NA,NA,3.49464416503906,18.397216796875,66.591796875,0.0262078125,5.264453125,3.657,NA
"3335",0,6,NA,NA,3.45134735107422,18.170166015625,67.216796875,0.0258825,5.26484375,3.691,NA
"3336",0,6,NA,NA,3.45134735107422,18.170166015625,67.79296875,0.0258825,5.26484375,3.725,NA
"3337",0,6,NA,NA,3.44219207763672,18.1219482421875,68.41796875,0.0258146875,5.2646484375,3.759,NA
"3338",0,6,NA,NA,3.47232818603516,18.28125,69.052734375,0.0260409375,5.26484375,3.793,NA
"3339",0,6,NA,NA,3.47232818603516,18.28125,69.697265625,0.0260409375,5.26484375,3.827,NA
"3340",0,6,NA,NA,3.50456237792969,18.44970703125,70.2734375,0.0262828125,5.264453125,3.861,NA
"3341",0,6,NA,NA,3.48091125488281,18.3258056640625,70.908203125,0.026105625,5.2646484375,3.895,NA
"3342",0,6,NA,NA,3.48091125488281,18.3258056640625,71.552734375,0.026105625,5.2646484375,3.929,NA
"3343",0,6,NA,NA,3.49922180175781,18.4228515625,72.1875,0.0262425,5.2650390625,3.963,NA
"3344",0,6,NA,NA,3.48548889160156,18.3502197265625,72.822265625,0.02614,5.26484375,3.997,NA
"3345",0,6,NA,NA,3.48548889160156,18.3502197265625,73.3984375,0.02614,5.26484375,4.031,NA
"3346",0,6,NA,NA,3.42922210693359,18.0517578125,74.0234375,0.025716875,5.2642578125,4.065,NA
"3347",0,6,NA,NA,3.44486236572266,18.134765625,74.658203125,0.025835,5.264453125,4.099,NA
"3348",0,6,NA,NA,3.44486236572266,18.134765625,75.283203125,0.025835,5.264453125,4.133,NA
"3349",0,6,NA,NA,3.45115661621094,18.1695556640625,75.859375,0.02588125,5.26484375,4.167,NA
"3350",0,6,NA,NA,3.46794128417969,18.2574462890625,76.494140625,0.026008125,5.264453125,4.201,NA
"3351",0,6,NA,NA,3.46794128417969,18.2574462890625,77.12890625,0.026008125,5.264453125,4.235,NA
"3352",0,6,NA,NA,3.48606109619141,18.3526611328125,77.763671875,0.0261434375,5.2646484375,4.269,NA
"3353",0,6,NA,NA,3.47728729248047,18.306884765625,78.3984375,0.0260778125,5.26484375,4.303,NA
"3354",0,6,NA,NA,3.47728729248047,18.306884765625,78.974609375,0.0260778125,5.26484375,4.337,NA
"3355",0,6,NA,NA,3.46946716308594,18.2647705078125,79.609375,0.02601875,5.2646484375,4.371,NA
"3356",0,6,NA,NA,3.47347259521484,18.2867431640625,80.244140625,0.0260496875,5.2646484375,4.405,NA
"3357",0,6,NA,NA,3.47347259521484,18.2867431640625,80.87890625,0.0260496875,5.2646484375,4.439,NA
"3358",0,6,NA,NA,3.46870422363281,18.260498046875,81.513671875,0.02601375,5.264453125,4.473,NA
"3359",0,6,NA,NA,3.48720550537109,18.3587646484375,82.08984375,0.0261528125,5.264453125,4.507,NA
"3360",0,6,NA,NA,3.48720550537109,18.3587646484375,82.734375,0.0261528125,5.2640625,4.541,NA
"3361",0,6,NA,NA,3.48052978515625,18.321533203125,83.359375,0.0261015625,5.2640625,4.575,NA
"3362",0,6,NA,NA,3.46927642822266,18.2635498046875,83.994140625,0.0260171875,5.2646484375,4.609,NA
"3363",0,6,NA,NA,3.46927642822266,18.2635498046875,84.5703125,0.0260171875,5.264453125,4.643,NA
"3364",0,6,NA,NA,3.48262786865234,18.3343505859375,85.205078125,0.026118125,5.264453125,4.677,NA
"3365",0,6,NA,NA,3.47785949707031,18.3087158203125,85.849609375,0.0260815625,5.264453125,4.711,NA
"3366",0,6,NA,NA,3.47785949707031,18.3087158203125,86.484375,0.0260971875,5.2642578125,4.745,NA
"3367",0,6,NA,NA,3.47995758056641,18.319091796875,87.05078125,0.0260971875,5.2642578125,4.779,NA
"3368",0,6,NA,NA,3.47194671630859,18.2763671875,87.6953125,0.0260378125,5.2640625,4.813,NA
"3369",0,6,NA,NA,3.47194671630859,18.2763671875,88.3203125,0.0259840625,5.263671875,4.847,NA
"3370",0,6,NA,NA,3.46488952636719,18.2373046875,88.955078125,0.0259840625,5.263671875,4.881,NA
"3371",0,6,NA,NA,3.46546173095703,18.243408203125,89.58984375,0.02598875,5.264453125,4.915,NA
"3372",0,6,NA,NA,3.46546173095703,18.243408203125,90.17578125,0.02615625,5.26484375,4.949,NA
"3373",0,6,NA,NA,3.48777770996094,18.3624267578125,90.80078125,0.02615625,5.26484375,4.983,NA
"3374",0,6,NA,NA,3.48072052001953,18.323974609375,91.4453125,0.02610375,5.264453125,5.017,NA
"3375",0,6,NA,NA,3.48072052001953,18.323974609375,92.080078125,0.0260178125,5.264453125,5.051,NA
"3376",0,6,NA,NA,3.46927642822266,18.26416015625,92.646484375,0.0260178125,5.264453125,5.085,NA
"3377",0,6,NA,NA,3.45859527587891,18.206787109375,93.28125,0.0259378125,5.2642578125,5.119,NA
"3378",0,6,NA,NA,3.45859527587891,18.206787109375,93.916015625,0.026126875,5.2646484375,5.153,NA
"3379",0,6,NA,NA,3.48377227783203,18.341064453125,94.55078125,0.026126875,5.2646484375,5.187,NA
"3380",0,6,NA,NA,3.46412658691406,18.2366943359375,95.126953125,0.0259790625,5.2646484375,5.221,NA
"3381",0,6,NA,NA,3.47995758056641,18.3197021484375,95.76171875,0.0260971875,5.264453125,5.255,NA
"3382",0,6,NA,NA,3.47995758056641,18.3197021484375,96.396484375,0.0260971875,5.264453125,5.29,NA
"3383",0,6,NA,NA,3.47137451171875,18.2763671875,97.03125,0.02603375,5.26484375,5.324,NA
"3384",0,6,NA,NA,3.44562530517578,18.138427734375,97.65625,0.02584,5.264453125,5.358,NA
"3385",0,6,NA,NA,3.44562530517578,18.138427734375,98.291015625,0.02584,5.264453125,5.392,NA
"3386",0,6,NA,NA,3.45268249511719,18.175048828125,98.8671875,0.025893125,5.2640625,5.426,NA
"3387",0,6,NA,NA,3.47576141357422,18.29833984375,99.501953125,0.026066875,5.2646484375,5.46,NA
"3388",0,6,NA,NA,3.47576141357422,18.29833984375,100.126953125,0.026066875,5.2646484375,5.494,NA
"3389",0,6,NA,NA,3.44600677490234,18.140869140625,100.76171875,0.0258428125,5.2646484375,5.528,NA
"3390",0,6,NA,NA,3.48567962646484,18.349609375,101.396484375,0.0261409375,5.264453125,5.562,NA
"3391",0,6,NA,NA,3.48567962646484,18.349609375,101.97265625,0.0261409375,5.264453125,5.596,NA
"3392",0,6,NA,NA,3.45630645751953,18.197021484375,102.607421875,0.0259209375,5.26484375,5.63,NA
"3393",0,6,NA,NA,3.45172882080078,18.1707763671875,103.232421875,0.0258865625,5.2642578125,5.664,NA
"3394",0,6,NA,NA,3.45172882080078,18.1707763671875,103.876953125,0.0258865625,5.2642578125,5.698,NA
"3395",0,6,NA,NA,3.48682403564453,18.3551025390625,104.453125,0.0261496875,5.2640625,5.732,NA
"3396",0,6,NA,NA,3.47633361816406,18.3013916015625,105.087890625,0.026070625,5.264453125,5.766,NA
"3397",0,6,NA,NA,3.47633361816406,18.3013916015625,105.712890625,0.026070625,5.264453125,5.8,NA
"3398",0,6,NA,NA,3.44676971435547,18.14453125,106.34765625,0.0258484375,5.264453125,5.834,NA
"3399",0,6,NA,NA,3.47614288330078,18.299560546875,106.93359375,0.0260684375,5.264453125,5.868,NA
"3400",0,6,NA,NA,3.47614288330078,18.299560546875,107.568359375,0.0260684375,5.264453125,5.902,NA
"3401",0,6,NA,NA,3.51657867431641,18.511962890625,108.203125,0.026371875,5.264453125,5.936,NA
"3402",0,6,NA,NA,3.46965789794922,18.265380859375,108.837890625,0.0260203125,5.264453125,5.97,NA
"3403",0,6,NA,NA,3.46965789794922,18.265380859375,109.47265625,0.0260203125,5.264453125,6.004,NA
"3404",0,6,NA,NA,3.46202850341797,18.223876953125,110.048828125,0.025963125,5.2640625,6.038,NA
"3405",0,6,NA,NA,3.47099304199219,18.271484375,110.68359375,0.0260303125,5.2642578125,6.072,NA
"3406",0,6,NA,NA,3.47099304199219,18.271484375,111.318359375,0.0260303125,5.2642578125,6.106,NA
"3407",0,6,NA,NA,3.46031188964844,18.2171630859375,111.953125,0.0259503125,5.26484375,6.14,NA
"3408",0,6,NA,NA,3.51467132568359,18.502197265625,112.5390625,0.0263575,5.264453125,6.174,NA
"3409",0,6,NA,NA,3.51467132568359,18.502197265625,113.173828125,0.0263575,5.264453125,6.208,NA
"3410",0,6,NA,NA,3.50208282470703,18.436279296875,113.80859375,0.02626375,5.264453125,6.242,NA
"3411",0,6,NA,NA,3.44619750976563,18.1427001953125,114.443359375,0.025845,5.2646484375,6.276,NA
"3412",0,6,NA,NA,3.44619750976563,18.1427001953125,115.078125,0.025845,5.2642578125,6.311,NA
"3413",0,6,NA,NA,3.48339080810547,18.33740234375,115.712890625,0.0261240625,5.2642578125,6.345,NA
"3414",0,6,NA,NA,3.46813201904297,18.2562255859375,116.2890625,0.02600875,5.2642578125,6.379,NA
"3415",0,6,NA,NA,3.46813201904297,18.2562255859375,116.9140625,0.02592375,5.264453125,6.413,NA
"3416",0,6,NA,NA,3.45668792724609,18.1976318359375,117.55859375,0.02592375,5.264453125,6.447,NA
"3417",0,6,NA,NA,3.48834991455078,18.3660888671875,118.18359375,0.0261609375,5.2650390625,6.481,NA
"3418",0,6,NA,NA,3.48834991455078,18.3660888671875,118.759765625,0.0260596875,5.2640625,6.515,NA
"3419",0,6,NA,NA,3.47480773925781,18.2916259765625,119.39453125,0.0260596875,5.2640625,6.549,NA
"3420",0,6,NA,NA,3.4576416015625,18.201904296875,120.029296875,0.0259296875,5.264453125,6.583,NA
"3421",0,6,NA,NA,3.4576416015625,18.201904296875,120.6640625,0.026118125,5.2646484375,6.617,NA
"3422",0,6,NA,NA,3.48262786865234,18.3343505859375,121.240234375,0.026118125,5.2646484375,6.651,NA
"3423",0,6,NA,NA,3.44371795654297,18.1298828125,121.865234375,0.0258253125,5.26484375,6.685,NA
"3424",0,6,NA,NA,3.44371795654297,18.28369140625,122.509765625,0.0260471875,5.2642578125,6.719,NA
"3425",0,6,NA,NA,3.47328186035156,18.28369140625,123.134765625,0.0260471875,5.2642578125,6.753,NA
"3426",0,6,NA,NA,3.46431732177734,18.2373046875,123.76953125,0.02598,5.2646484375,6.787,NA
"3427",0,6,NA,NA,3.44867706298828,18.155517578125,124.345703125,0.025863125,5.2646484375,6.821,NA
"3428",0,6,NA,NA,3.44867706298828,18.155517578125,124.970703125,0.025863125,5.2646484375,6.855,NA
"3429",0,6,NA,NA,3.46240997314453,18.2269287109375,125.60546875,0.0259653125,5.264453125,6.889,NA
"3430",0,6,NA,NA,3.46908569335938,18.262939453125,126.240234375,0.026016875,5.264453125,6.923,NA
"3431",0,6,NA,NA,3.46908569335938,18.262939453125,126.81640625,0.026016875,5.264453125,6.957,NA
"3432",0,6,NA,NA,3.45363616943359,18.179931640625,127.451171875,0.025900625,5.2640625,6.991,NA
"3433",0,6,NA,NA,3.47919464111328,18.314208984375,128.0859375,0.02609125,5.2640625,7.025,NA
"3434",0,6,NA,NA,3.47919464111328,18.314208984375,128.720703125,0.02609125,5.2640625,7.059,NA
"3435",0,6,NA,NA,3.49082946777344,18.375244140625,129.296875,0.02617875,5.2640625,7.093,NA
"3436",0,6,NA,NA,3.47423553466797,18.2879638671875,129.931640625,0.0260546875,5.2640625,7.127,NA
"3437",0,6,NA,NA,3.47423553466797,18.2879638671875,130.56640625,0.0260546875,5.2640625,7.161,NA
"3438",0,6,NA,NA,3.48148345947266,18.32763671875,131.201171875,0.0261096875,5.2642578125,7.195,NA
"3439",0,6,NA,NA,3.45268249511719,18.17626953125,131.8359375,0.02589375,5.264453125,7.229,NA
"3440",0,6,NA,NA,3.45268249511719,18.17626953125,132.412109375,0.02589375,5.264453125,7.263,NA
"3441",0,6,NA,NA,3.47518920898438,18.2940673828125,133.046875,0.0260625,5.2642578125,7.297,NA
"3442",0,6,NA,NA,3.47614288330078,18.299560546875,133.681640625,0.026069375,5.2642578125,7.331,NA
"3443",0,6,NA,NA,3.47614288330078,18.299560546875,134.306640625,0.026069375,5.2642578125,7.366,NA
"3444",0,6,NA,NA,3.45191955566406,18.1719970703125,134.94140625,0.0258875,5.2642578125,7.4,NA
"3445",0,6,NA,NA,3.47633361816406,18.3001708984375,135.517578125,0.02607125,5.2640625,7.434,NA
"3446",0,6,NA,NA,3.47633361816406,18.3001708984375,136.15234375,0.02607125,5.2640625,7.468,NA
"3447",0,6,NA,NA,3.48243713378906,18.333740234375,136.796875,0.0261159375,5.26484375,7.502,NA
"3448",0,6,NA,NA,3.47614288330078,18.299560546875,137.431640625,0.0260696875,5.264453125,7.536,NA
"3449",0,6,NA,NA,3.47614288330078,18.299560546875,138.06640625,0.0260696875,5.264453125,7.57,NA
"3450",0,6,NA,NA,3.49102020263672,18.37890625,138.642578125,0.02618125,5.2646484375,7.604,NA
"3451",0,6,NA,NA,3.47709655761719,18.3056640625,139.27734375,0.0260765625,5.2646484375,7.638,NA
"3452",0,6,NA,NA,3.47709655761719,18.3056640625,139.912109375,0.0260765625,5.2646484375,7.671,NA
"3453",0,6,NA,NA,3.46107482910156,18.2220458984375,140.546875,0.025956875,5.26484375,7.705,NA
"3454",0,6,NA,NA,3.48606109619141,18.3544921875,141.123046875,0.02614375,5.2650390625,7.739,NA
"3455",0,6,NA,NA,3.48606109619141,18.3544921875,141.7578125,0.02614375,5.264453125,7.773,NA
"3456",0,6,NA,NA,3.47099304199219,18.2720947265625,142.392578125,0.0260309375,5.264453125,7.807,NA
"3457",0,6,NA,NA,3.46298217773438,18.2293701171875,143.02734375,0.025970625,5.2640625,7.841,NA
"3458",0,6,NA,NA,3.46298217773438,18.2293701171875,143.59375,0.025970625,5.2642578125,7.875,NA
"3459",0,6,NA,NA,3.4515380859375,18.1689453125,144.228515625,0.0258840625,5.2642578125,7.909,NA
"3460",0,6,NA,NA,3.49578857421875,18.4033203125,144.873046875,0.026215625,5.2646484375,7.943,NA
"3461",0,6,NA,NA,3.49578857421875,18.4033203125,145.5078125,0.0260384375,5.2646484375,7.977,NA
"3462",0,6,NA,NA,3.47194671630859,18.27880859375,146.142578125,0.0260384375,5.2646484375,8.011,NA
"3463",0,6,NA,NA,3.48186492919922,18.330078125,146.71875,0.0261121875,5.264453125,8.045,NA
"3464",0,6,NA,NA,3.48186492919922,18.330078125,147.353515625,0.0260128125,5.2642578125,8.079,NA
"3465",0,6,NA,NA,3.46870422363281,18.25927734375,147.978515625,0.0260128125,5.2642578125,8.113,NA
"3466",0,6,NA,NA,3.44104766845703,18.1146240234375,148.61328125,0.0258059375,5.2642578125,8.147,NA
"3467",0,6,NA,NA,3.44104766845703,18.1146240234375,149.189453125,0.0260840625,5.264453125,8.181,NA
"3468",0,6,NA,NA,3.47805023193359,18.3099365234375,149.82421875,0.0260840625,5.264453125,8.215,NA
"3469",0,6,NA,NA,3.45802307128906,18.2025146484375,150.44921875,0.0259334375,5.2638671875,8.249,NA
"3470",0,6,NA,NA,3.45802307128906,18.2025146484375,151.083984375,0.025921875,5.264453125,8.283,NA
"3471",0,6,NA,NA,3.45649719238281,18.1964111328125,151.66015625,0.025921875,5.264453125,8.317,NA
"3472",0,6,NA,NA,3.48834991455078,18.3636474609375,152.294921875,0.0261603125,5.264453125,8.351,NA
"3473",0,6,NA,NA,3.48834991455078,18.167724609375,152.9296875,0.0258790625,5.26484375,8.386,NA
"3474",0,6,NA,NA,3.45077514648438,18.167724609375,153.564453125,0.0258790625,5.26484375,8.42,NA
"3475",0,6,NA,NA,3.47080230712891,18.271484375,154.19921875,0.0260284375,5.2646484375,8.454,NA
"3476",0,6,NA,NA,3.47385406494141,18.2867431640625,154.833984375,0.0260515625,5.2642578125,8.488,NA
"3477",0,6,NA,NA,3.47385406494141,18.2867431640625,155.41015625,0.0260515625,5.2642578125,8.522,NA
"3478",0,6,NA,NA,3.48625183105469,18.353271484375,156.044921875,0.026145,5.2646484375,8.556,NA
"3479",0,6,NA,NA,3.47175598144531,18.2781982421875,156.6796875,0.0260365625,5.26484375,8.59,NA
"3480",0,6,NA,NA,3.47175598144531,18.2781982421875,157.314453125,0.0260365625,5.26484375,8.624,NA
"3481",0,6,NA,NA,3.46698760986328,18.251953125,157.890625,0.026000625,5.2646484375,8.658,NA
"3482",0,6,NA,NA,3.47805023193359,18.3099365234375,158.525390625,0.0260834375,5.264453125,8.692,NA
"3483",0,6,NA,NA,3.47805023193359,18.3099365234375,159.16015625,0.0260834375,5.264453125,8.726,NA
"3484",0,6,NA,NA,3.46469879150391,18.238525390625,159.78515625,0.02598375,5.2640625,8.76,NA
"3485",0,6,NA,NA,3.436279296875,18.08837890625,160.419921875,0.0257696875,5.2640625,8.794,NA
"3486",0,6,NA,NA,3.436279296875,18.08837890625,160.99609375,0.0257696875,5.2640625,8.828,NA
"3487",0,6,NA,NA,3.48434448242188,18.343505859375,161.630859375,0.02613,5.26484375,8.862,NA
"3488",0,6,NA,NA,3.45859527587891,18.2073974609375,162.255859375,0.025938125,5.264453125,8.896,NA
"3489",0,6,NA,NA,3.45859527587891,18.2073974609375,162.890625,0.025938125,5.264453125,8.93,NA
"3490",0,6,NA,NA,3.45439910888672,18.1854248046875,163.466796875,0.0259059375,5.264453125,8.964,NA
"3491",0,6,NA,NA,3.4759521484375,18.30078125,164.1015625,0.0260684375,5.26484375,8.998,NA
"3492",0,6,NA,NA,3.4759521484375,18.30078125,164.736328125,0.0260684375,5.26484375,9.032,NA
"3493",0,6,NA,NA,3.47690582275391,18.3038330078125,165.37109375,0.0260746875,5.264453125,9.066,NA
"3494",0,6,NA,NA,3.460693359375,18.2177734375,165.947265625,0.0259528125,5.264453125,9.1,NA
"3495",0,6,NA,NA,3.460693359375,18.2177734375,166.58203125,0.0259528125,5.264453125,9.134,NA
"3496",0,6,NA,NA,3.46641540527344,18.2476806640625,167.20703125,0.025996875,5.2640625,9.168,NA
"3497",0,6,NA,NA,3.45230102539062,18.1744384765625,167.841796875,0.02589,5.2646484375,9.202,NA
"3498",0,6,NA,NA,3.45230102539062,18.1744384765625,168.486328125,0.02589,5.2646484375,9.236,NA
"3499",0,6,NA,NA,3.50379943847656,18.44482421875,169.0625,0.0262765625,5.2642578125,9.27,NA
"3500",0,6,NA,NA,3.47805023193359,18.3087158203125,169.697265625,0.0260834375,5.2642578125,9.304,NA
"3501",0,6,NA,NA,3.47805023193359,18.3087158203125,170.322265625,0.0260834375,5.2642578125,9.338,NA
"3502",0,6,NA,NA,3.46221923828125,18.223876953125,170.966796875,0.0259640625,5.2638671875,9.372,NA
"3503",0,6,NA,NA,3.50360870361328,18.4454345703125,171.54296875,0.026275,5.26484375,9.407,NA
"3504",0,6,NA,NA,3.50360870361328,18.4454345703125,172.236328125,0.026275,5.264453125,9.441,NA
"3505",0,6,NA,NA,3.45001220703125,18.16162109375,172.8125,0.0258721875,5.264453125,9.475,NA
"3506",0,6,NA,NA,3.47995758056641,18.319091796875,173.447265625,0.0260971875,5.264453125,9.509,NA
"3507",0,6,NA,NA,3.47995758056641,18.319091796875,174.08203125,0.0261059375,5.264453125,9.543,NA
"3508",0,6,NA,NA,3.48110198974609,18.3251953125,174.716796875,0.0261059375,5.264453125,9.577,NA
"3509",0,6,NA,NA,3.48110198974609,18.326416015625,175.302734375,0.026106875,5.264453125,9.611,NA
"3510",0,6,NA,NA,3.48110198974609,18.326416015625,175.9375,0.026200625,5.2646484375,9.645,NA
"3511",0,6,NA,NA,3.49369049072266,18.392333984375,176.572265625,0.026200625,5.2646484375,9.679,NA
"3512",0,6,NA,NA,3.48415374755859,18.34228515625,177.20703125,0.026129375,5.264453125,9.713,NA
"3513",0,6,NA,NA,3.48415374755859,18.34228515625,177.783203125,0.026161875,5.2642578125,9.747,NA
"3514",0,6,NA,NA,3.48854064941406,18.3636474609375,178.41796875,0.026161875,5.2642578125,9.781,NA
"3515",0,6,NA,NA,3.46546173095703,18.2440185546875,179.052734375,0.0259896875,5.2646484375,9.815,NA
"3516",0,6,NA,NA,3.46546173095703,18.2440185546875,179.6875,0.026066875,5.26484375,9.849,NA
"3517",0,6,NA,NA,3.47576141357422,18.2989501953125,180.263671875,0.026066875,5.26484375,9.883,NA
"3518",0,6,NA,NA,3.46813201904297,18.2574462890625,180.8984375,0.026009375,5.264453125,9.917,NA
"3519",0,6,NA,NA,3.46813201904297,18.1048583984375,181.5234375,0.0257921875,5.2642578125,9.951,NA
"3520",0,6,NA,NA,3.43914031982422,18.1048583984375,182.158203125,0.0257921875,5.2642578125,9.985,NA
"3521",0,7,NA,NA,3.36666107177734,17.723388671875,184.541015625,0.0252478125,5.264453125,10.119,NA
"3522",0,7,NA,NA,3.411865234375,17.960205078125,185.166015625,0.025586875,5.2640625,10.153,NA
"3523",0,7,NA,NA,3.411865234375,17.960205078125,185.80078125,0.025586875,5.2640625,10.187,NA
"3524",0,7,NA,NA,3.43494415283203,18.0828857421875,186.42578125,0.0257596875,5.264453125,10.221,NA
"3525",0,7,NA,NA,3.41682434082031,17.98828125,186.9921875,0.0256240625,5.26484375,10.255,NA
"3526",0,7,NA,NA,3.41682434082031,17.98828125,187.607421875,0.0256240625,5.26484375,10.289,NA
"3527",0,7,NA,NA,3.39221954345703,17.8594970703125,188.2421875,0.0254403125,5.26484375,10.323,NA
"3528",0,7,NA,NA,3.43112945556641,18.0615234375,188.857421875,0.0257309375,5.2642578125,10.357,NA
"3529",0,7,NA,NA,3.43112945556641,18.0615234375,189.482421875,0.0257309375,5.2642578125,10.391,NA
"3530",0,7,NA,NA,3.39813232421875,17.8875732421875,190.0390625,0.0254834375,5.2642578125,10.425,NA
"3531",0,7,NA,NA,3.41396331787109,17.9742431640625,190.6640625,0.0256034375,5.26484375,10.459,NA
"3532",0,7,NA,NA,3.41396331787109,17.9742431640625,191.2890625,0.0256034375,5.26484375,10.493,NA
"3533",0,7,NA,NA,3.39794158935547,17.88818359375,191.9140625,0.0254825,5.264453125,10.527,NA
"3534",0,7,NA,NA,3.40442657470703,17.9241943359375,192.529296875,0.0255321875,5.2650390625,10.562,NA
"3535",0,7,NA,NA,3.40442657470703,17.9241943359375,193.10546875,0.0255321875,5.2650390625,10.596,NA
"3536",0,7,NA,NA,3.43379974365234,18.0767822265625,193.720703125,0.0257515625,5.264453125,10.63,NA
"3537",0,7,NA,NA,3.39908599853516,17.8924560546875,194.345703125,0.025491875,5.2638671875,10.664,NA
"3538",0,7,NA,NA,3.39908599853516,17.8924560546875,194.970703125,0.025491875,5.2638671875,10.698,NA
"3539",0,7,NA,NA,3.40194702148438,17.91015625,195.5859375,0.025513125,5.2646484375,10.732,NA
"3540",0,7,NA,NA,3.38668823242188,17.828369140625,196.15234375,0.0253984375,5.2642578125,10.766,NA
"3541",0,7,NA,NA,3.38668823242188,17.828369140625,196.767578125,0.0253984375,5.2642578125,10.8,NA
"3542",0,7,NA,NA,3.39202880859375,17.85888671875,197.392578125,0.02543875,5.26484375,10.834,NA
"3543",0,7,NA,NA,3.38859558105469,17.8387451171875,198.0078125,0.0254125,5.264453125,10.868,NA
"3544",0,7,NA,NA,3.38859558105469,17.8387451171875,198.6328125,0.0254125,5.264453125,10.902,NA
"3545",0,7,NA,NA,3.41472625732422,17.977294921875,199.19921875,0.02560875,5.2646484375,10.937,NA
"3546",0,7,NA,NA,3.39946746826172,17.896728515625,199.814453125,0.0254946875,5.2646484375,10.971,NA
"3547",0,7,NA,NA,3.39946746826172,17.896728515625,200.44921875,0.0254946875,5.2646484375,11.005,NA
"3548",0,7,NA,NA,3.42617034912109,18.035888671875,201.07421875,0.0256946875,5.2642578125,11.039,NA
"3549",0,7,NA,NA,3.42082977294922,18.0072021484375,201.69921875,0.025654375,5.2640625,11.073,NA
"3550",0,7,NA,NA,3.42082977294922,18.0072021484375,202.275390625,0.025654375,5.264453125,11.107,NA
"3551",0,7,NA,NA,3.45478057861328,18.187255859375,202.900390625,0.02590875,5.264453125,11.141,NA
"3552",0,7,NA,NA,3.43036651611328,18.057861328125,203.53515625,0.0257259375,5.2642578125,11.175,NA
"3553",0,7,NA,NA,3.43036651611328,18.057861328125,204.150390625,0.0256759375,5.264453125,11.209,NA
"3554",0,7,NA,NA,3.42369079589844,18.023681640625,204.775390625,0.0256759375,5.264453125,11.243,NA
"3555",0,7,NA,NA,3.41587066650391,17.9833984375,205.341796875,0.02561625,5.2650390625,11.277,NA
"3556",0,7,NA,NA,3.41587066650391,17.9833984375,205.966796875,0.025576875,5.264453125,11.311,NA
"3557",0,7,NA,NA,3.41053009033203,17.9541015625,206.591796875,0.025576875,5.264453125,11.345,NA
"3558",0,7,NA,NA,3.39775085449219,17.886962890625,207.216796875,0.025481875,5.264453125,11.38,NA
"3559",0,7,NA,NA,3.39775085449219,17.886962890625,207.783203125,0.0256834375,5.2642578125,11.414,NA
"3560",0,7,NA,NA,3.42464447021484,18.028564453125,208.3984375,0.0256834375,5.2642578125,11.448,NA
"3561",0,7,NA,NA,3.43265533447266,18.0706787109375,209.033203125,0.0257425,5.2646484375,11.482,NA
"3562",0,7,NA,NA,3.43265533447266,18.0706787109375,209.658203125,0.0256596875,5.2646484375,11.516,NA
"3563",0,7,NA,NA,3.42159271240234,18.0133056640625,210.2734375,0.0256596875,5.2646484375,11.55,NA
"3564",0,7,NA,NA,3.39126586914062,17.852783203125,210.83984375,0.0254325,5.264453125,11.585,NA
"3565",0,7,NA,NA,3.37905883789063,17.789306640625,211.513671875,0.0253409375,5.2646484375,11.619,NA
"3566",0,7,NA,NA,3.37905883789063,17.789306640625,212.0703125,0.0253409375,5.2646484375,11.653,NA
"3567",0,7,NA,NA,3.40194702148438,17.908935546875,212.705078125,0.0255121875,5.2646484375,11.687,NA
"3568",0,7,NA,NA,3.41339111328125,17.96875,213.3203125,0.025598125,5.2642578125,11.721,NA
"3569",0,7,NA,NA,3.41339111328125,17.96875,213.9453125,0.025598125,5.2642578125,11.756,NA
"3570",0,7,NA,NA,3.39851379394531,17.890625,214.5703125,0.0254875,5.2642578125,11.79,NA
"3571",0,7,NA,NA,3.41720581054688,17.989501953125,215.13671875,0.025626875,5.2646484375,11.824,NA
"3572",0,7,NA,NA,3.41720581054688,17.989501953125,215.751953125,0.025626875,5.2646484375,11.858,NA
"3573",0,7,NA,NA,3.3721923828125,17.750244140625,216.3671875,0.025289375,5.2638671875,11.892,NA
"3574",0,7,NA,NA,3.41701507568359,17.9864501953125,216.9921875,0.0256259375,5.2638671875,11.926,NA
"3575",0,7,NA,NA,3.41701507568359,17.9864501953125,217.6171875,0.0256259375,5.2638671875,11.96,NA
"3576",0,7,NA,NA,3.41835021972656,17.99560546875,218.193359375,0.0256353125,5.2646484375,11.994,NA
"3577",0,7,NA,NA,3.42445373535156,18.0267333984375,218.80859375,0.02568125,5.2642578125,12.028,NA
"3578",0,7,NA,NA,3.42445373535156,18.0267333984375,219.43359375,0.02568125,5.2642578125,12.062,NA
"3579",0,7,NA,NA,3.39679718017578,17.8839111328125,220.048828125,0.0254746875,5.26484375,12.096,NA
"3580",0,7,NA,NA,3.40785980224609,17.939453125,220.673828125,0.025556875,5.2642578125,12.13,NA
"3581",0,7,NA,NA,3.40785980224609,17.939453125,221.240234375,0.025556875,5.2642578125,12.164,NA
"3582",0,7,NA,NA,3.42025756835938,18.0072021484375,221.865234375,0.025650625,5.26484375,12.198,NA
"3583",0,7,NA,NA,3.38554382324219,17.822265625,222.490234375,0.025389375,5.264453125,12.233,NA
"3584",0,7,NA,NA,3.38554382324219,17.822265625,223.115234375,0.025389375,5.264453125,12.267,NA
"3585",0,7,NA,NA,3.42178344726562,18.013916015625,223.73046875,0.025661875,5.264453125,12.301,NA
"3586",0,7,NA,NA,3.38764190673828,17.8350830078125,224.287109375,0.0254059375,5.26484375,12.335,NA
"3587",0,7,NA,NA,3.38764190673828,17.8350830078125,224.912109375,0.0254059375,5.2646484375,12.369,NA
"3588",0,7,NA,NA,3.40480804443359,17.9248046875,225.537109375,0.0255340625,5.2646484375,12.403,NA
"3589",0,7,NA,NA,3.43055725097656,18.05908203125,226.162109375,0.0257275,5.2642578125,12.437,NA
"3590",0,7,NA,NA,3.43055725097656,18.05908203125,226.787109375,0.0257275,5.2650390625,12.471,NA
"3591",0,7,NA,NA,3.41110229492188,17.958984375,227.353515625,0.0255815625,5.2650390625,12.505,NA
"3592",0,7,NA,NA,3.40747833251953,17.9376220703125,227.978515625,0.0255546875,5.2642578125,12.539,NA
"3593",0,7,NA,NA,3.40747833251953,17.9376220703125,228.59375,0.0253609375,5.26484375,12.573,NA
"3594",0,7,NA,NA,3.38172912597656,17.803955078125,229.208984375,0.0253609375,5.26484375,12.608,NA
"3595",0,7,NA,NA,3.40347290039062,17.9180908203125,229.833984375,0.0255240625,5.2646484375,12.643,NA
"3596",0,7,NA,NA,3.40347290039062,17.9180908203125,230.458984375,0.0254409375,5.2640625,12.677,NA
"3597",0,7,NA,NA,3.39241027832031,17.857666015625,231.025390625,0.0254409375,5.2640625,12.711,NA
"3598",0,7,NA,NA,3.41358184814453,17.97119140625,231.640625,0.025599375,5.26484375,12.745,NA
"3599",0,7,NA,NA,3.41358184814453,17.9107666015625,232.265625,0.0255146875,5.264453125,12.779,NA
"3600",0,7,NA,NA,3.40213775634766,17.9107666015625,232.890625,0.0255146875,5.264453125,12.813,NA
"3601",0,7,NA,NA,3.42617034912109,18.037109375,233.515625,0.025695,5.264453125,12.847,NA
"3602",0,7,NA,NA,3.40709686279297,17.9388427734375,234.08203125,0.0255521875,5.2650390625,12.881,NA
"3603",0,7,NA,NA,3.40709686279297,17.9388427734375,234.70703125,0.0255521875,5.2650390625,12.915,NA
"3604",0,7,NA,NA,3.41968536376953,18.0029296875,235.33203125,0.02564625,5.2646484375,12.949,NA
"3605",0,7,NA,NA,3.39946746826172,17.8961181640625,235.95703125,0.02549375,5.264453125,12.983,NA
"3606",0,7,NA,NA,3.39946746826172,17.8961181640625,236.5234375,0.02549375,5.264453125,13.017,NA
"3607",0,7,NA,NA,3.42464447021484,18.028564453125,237.1484375,0.0256821875,5.264453125,13.051,NA
"3608",0,7,NA,NA,3.42197418212891,18.016357421875,237.7734375,0.0256634375,5.26484375,13.085,NA
"3609",0,7,NA,NA,3.42197418212891,18.016357421875,238.3984375,0.0256634375,5.26484375,13.119,NA
"3610",0,7,NA,NA,3.3966064453125,17.882080078125,238.955078125,0.0254725,5.26484375,13.153,NA
"3611",0,7,NA,NA,3.42254638671875,18.0194091796875,239.580078125,0.0256675,5.2650390625,13.187,NA
"3612",0,7,NA,NA,3.42254638671875,18.0194091796875,240.205078125,0.0256675,5.2650390625,13.221,NA
"3613",0,7,NA,NA,3.41567993164063,17.9803466796875,240.830078125,0.025615625,5.2640625,13.255,NA
"3614",0,7,NA,NA,3.38497161865234,17.81982421875,241.4453125,0.025385,5.2646484375,13.289,NA
"3615",0,7,NA,NA,3.38497161865234,17.81982421875,242.01171875,0.025385,5.2646484375,13.323,NA
"3616",0,7,NA,NA,3.41205596923828,17.9620361328125,242.63671875,0.0255890625,5.2642578125,13.357,NA
"3617",0,7,NA,NA,3.39527130126953,17.8741455078125,243.251953125,0.0254621875,5.2646484375,13.391,NA
"3618",0,7,NA,NA,3.39527130126953,17.8741455078125,243.88671875,0.0254621875,5.2646484375,13.425,NA
"3619",0,7,NA,NA,3.43685150146484,18.0914306640625,244.453125,0.025774375,5.2640625,13.459,NA
"3620",0,7,NA,NA,3.42254638671875,18.0194091796875,245.078125,0.0256678125,5.2650390625,13.493,NA
"3621",0,7,NA,NA,3.42254638671875,18.0194091796875,245.703125,0.0256678125,5.2650390625,13.527,NA
"3622",0,7,NA,NA,3.41072082519531,17.9559326171875,246.318359375,0.0255790625,5.264453125,13.561,NA
"3623",0,7,NA,NA,3.38878631591797,17.83935546875,246.884765625,0.0254140625,5.2642578125,13.595,NA
"3624",0,7,NA,NA,3.38878631591797,17.83935546875,247.509765625,0.0254140625,5.2642578125,13.629,NA
"3625",0,7,NA,NA,3.41587066650391,17.9815673828125,248.134765625,0.0256171875,5.2640625,13.664,NA
"3626",0,7,NA,NA,3.42292785644531,18.0206298828125,248.759765625,0.025670625,5.2646484375,13.698,NA
"3627",0,7,NA,NA,3.42292785644531,18.0206298828125,249.375,0.025670625,5.2646484375,13.732,NA
"3628",0,7,NA,NA,3.40938568115234,17.9486083984375,250.009765625,0.0255690625,5.264453125,13.766,NA
"3629",0,7,NA,NA,3.42311859130859,18.02001953125,250.576171875,0.0256709375,5.264453125,13.8,NA
"3630",0,7,NA,NA,3.42311859130859,18.02001953125,251.201171875,0.0256709375,5.2642578125,13.834,NA
"3631",0,7,NA,NA,3.43589782714844,18.0865478515625,251.826171875,0.0257665625,5.2642578125,13.867,NA
"3632",0,7,NA,NA,3.38535308837891,17.822265625,252.44140625,0.02538875,5.2646484375,13.901,NA
"3633",0,7,NA,NA,3.38535308837891,17.822265625,253.056640625,0.02538875,5.2646484375,13.935,NA
"3634",0,7,NA,NA,3.39813232421875,17.889404296875,253.6328125,0.0254834375,5.2646484375,13.969,NA
"3635",0,7,NA,NA,3.42350006103516,18.023681640625,254.2578125,0.0256746875,5.2646484375,14.003,NA
"3636",0,7,NA,NA,3.42350006103516,18.023681640625,254.8828125,0.0258078125,5.2646484375,14.037,NA
"3637",0,7,NA,NA,3.44123840332031,18.1170654296875,255.5078125,0.0258078125,5.2646484375,14.071,NA
"3638",0,7,NA,NA,3.41434478759766,17.9754638671875,256.083984375,0.0256059375,5.2646484375,14.105,NA
"3639",0,7,NA,NA,3.41434478759766,17.9754638671875,256.69921875,0.025708125,5.264453125,14.139,NA
"3640",0,7,NA,NA,3.42807769775391,18.0462646484375,257.32421875,0.025708125,5.264453125,14.173,NA
"3641",0,7,NA,NA,3.39794158935547,17.886962890625,257.94921875,0.025483125,5.2640625,14.207,NA
"3642",0,7,NA,NA,3.39794158935547,17.886962890625,258.515625,0.0256271875,5.2646484375,14.241,NA
"3643",0,7,NA,NA,3.41720581054688,17.99072265625,259.140625,0.0256271875,5.2646484375,14.275,NA
"3644",0,7,NA,NA,3.40499877929688,17.9266357421875,259.755859375,0.025535625,5.2650390625,14.309,NA
"3645",0,7,NA,NA,3.40499877929688,17.9266357421875,260.390625,0.02576375,5.2650390625,14.343,NA
"3646",0,7,NA,NA,3.43532562255859,18.087158203125,261.005859375,0.02576375,5.2650390625,14.377,NA
"3647",0,7,NA,NA,3.40232849121094,17.91259765625,261.572265625,0.02551625,5.26484375,14.411,NA
"3648",0,7,NA,NA,3.39622497558594,17.879638671875,262.197265625,0.0254703125,5.264453125,14.445,NA
"3649",0,7,NA,NA,3.39622497558594,17.879638671875,262.822265625,0.0254703125,5.264453125,14.479,NA
"3650",0,7,NA,NA,3.42578887939453,18.0340576171875,263.4375,0.0256915625,5.2642578125,14.513,NA
"3651",0,7,NA,NA,3.39107513427734,17.852783203125,264.00390625,0.025431875,5.2646484375,14.547,NA
"3652",0,7,NA,NA,3.39107513427734,17.852783203125,264.62890625,0.025431875,5.2646484375,14.581,NA
"3653",0,7,NA,NA,3.41777801513672,17.9925537109375,265.25390625,0.0256315625,5.264453125,14.616,NA
"3654",0,7,NA,NA,3.39927673339844,17.8973388671875,265.87890625,0.0254934375,5.2650390625,14.649,NA
"3655",0,7,NA,NA,3.39927673339844,17.8973388671875,266.494140625,0.0254934375,5.2650390625,14.684,NA
"3656",0,7,NA,NA,3.42464447021484,18.028564453125,267.12890625,0.025683125,5.264453125,14.719,NA
"3657",0,7,NA,NA,3.43284606933594,18.0706787109375,267.6953125,0.0257440625,5.2642578125,14.753,NA
"3658",0,7,NA,NA,3.43284606933594,18.0706787109375,268.310546875,0.0257440625,5.2642578125,14.787,NA
"3659",0,7,NA,NA,3.39984893798828,17.89794921875,268.935546875,0.025496875,5.264453125,14.821,NA
"3660",0,7,NA,NA,3.40061187744141,17.9046630859375,269.560546875,0.0255028125,5.265234375,14.855,NA
"3661",0,7,NA,NA,3.40061187744141,17.9046630859375,270.126953125,0.0255028125,5.265234375,14.889,NA
"3662",0,7,NA,NA,3.41854095458984,17.996826171875,270.751953125,0.0256371875,5.264453125,14.923,NA
"3663",0,7,NA,NA,3.41320037841797,17.9705810546875,271.376953125,0.0255975,5.2650390625,14.957,NA
"3664",0,7,NA,NA,3.41320037841797,17.9705810546875,271.9921875,0.0255975,5.2650390625,14.991,NA
"3665",0,7,NA,NA,3.42292785644531,18.018798828125,272.6171875,0.0256696875,5.264453125,15.025,NA
"3666",0,7,NA,NA,3.39584350585938,17.877197265625,273.18359375,0.025466875,5.2646484375,15.059,NA
"3667",0,7,NA,NA,3.39584350585938,17.877197265625,273.80859375,0.025466875,5.2646484375,15.093,NA
"3668",0,7,NA,NA,3.43036651611328,18.05908203125,274.443359375,0.0257253125,5.2646484375,15.127,NA
"3669",0,7,NA,NA,3.43608856201172,18.08837890625,275.068359375,0.025768125,5.264453125,15.161,NA
"3670",0,7,NA,NA,3.43608856201172,18.08837890625,275.634765625,0.025768125,5.264453125,15.195,NA
"3671",0,7,NA,NA,3.40976715087891,17.947998046875,276.259765625,0.02557125,5.2638671875,15.229,NA
"3672",0,7,NA,NA,3.42998504638672,18.056640625,276.884765625,0.0257228125,5.264453125,15.263,NA
"3673",0,7,NA,NA,3.42998504638672,18.056640625,277.5,0.0257228125,5.264453125,15.297,NA
"3674",0,7,NA,NA,3.40785980224609,17.938232421875,278.125,0.025556875,5.2638671875,15.331,NA
"3675",0,7,NA,NA,3.38668823242188,17.83203125,278.69140625,0.0253990625,5.265234375,15.365,NA
"3676",0,7,NA,NA,3.38668823242188,17.83203125,279.306640625,0.0253990625,5.264453125,15.399,NA
"3677",0,7,NA,NA,3.38077545166016,17.7978515625,279.931640625,0.02535375,5.264453125,15.433,NA
"3678",0,7,NA,NA,3.41453552246094,17.9766845703125,280.546875,0.0256065625,5.26484375,15.467,NA
"3679",0,7,NA,NA,3.41453552246094,17.9766845703125,281.123046875,0.0256065625,5.264453125,15.501,NA
"3680",0,7,NA,NA,3.41777801513672,17.991943359375,281.748046875,0.0256309375,5.264453125,15.535,NA
"3681",0,7,NA,NA,3.43074798583984,18.0609130859375,282.373046875,0.0257290625,5.264453125,15.569,NA
"3682",0,7,NA,NA,3.43074798583984,18.0609130859375,282.998046875,0.0258,5.2642578125,15.603,NA
"3683",0,7,NA,NA,3.44028472900391,18.1103515625,283.564453125,0.0258,5.2642578125,15.637,NA
"3684",0,7,NA,NA,3.40785980224609,17.940673828125,284.189453125,0.0255575,5.264453125,15.671,NA
"3685",0,7,NA,NA,3.40785980224609,17.940673828125,284.814453125,0.02569,5.2650390625,15.705,NA
"3686",0,7,NA,NA,3.42559814453125,18.0352783203125,285.439453125,0.02569,5.2650390625,15.74,NA
"3687",0,7,NA,NA,3.41205596923828,17.962646484375,286.064453125,0.02558875,5.264453125,15.774,NA
"3688",0,7,NA,NA,3.41205596923828,17.962646484375,286.689453125,0.025598125,5.264453125,15.808,NA
"3689",0,7,NA,NA,3.41339111328125,17.9693603515625,287.255859375,0.025598125,5.264453125,15.842,NA
"3690",0,7,NA,NA,3.41434478759766,17.9754638671875,287.880859375,0.0256059375,5.26484375,15.876,NA
"3691",0,7,NA,NA,3.41434478759766,17.938232421875,288.49609375,0.0255528125,5.26484375,15.909,NA
"3692",0,7,NA,NA,3.40728759765625,17.938232421875,289.130859375,0.0255528125,5.26484375,15.944,NA
"3693",0,7,NA,NA,3.42979431152344,18.055419921875,289.755859375,0.0257215625,5.264453125,15.978,NA
"3694",0,7,NA,NA,3.41930389404297,18.00048828125,290.322265625,0.025643125,5.264453125,16.011,NA
"3695",0,7,NA,NA,3.41930389404297,18.00048828125,290.9375,0.025643125,5.264453125,16.045,NA
"3696",0,7,NA,NA,3.37104797363281,17.7484130859375,291.552734375,0.0252815625,5.26484375,16.079,NA
"3697",0,7,NA,NA,3.40538024902344,17.9290771484375,292.177734375,0.0255384375,5.2650390625,16.113,NA
"3698",0,7,NA,NA,3.40538024902344,17.9290771484375,292.744140625,0.0255384375,5.2650390625,16.147,NA
"3699",0,7,NA,NA,3.41873168945312,17.996826171875,293.369140625,0.0256384375,5.264453125,16.181,NA
"3700",0,7,NA,NA,3.41815948486328,17.994384765625,293.994140625,0.0256340625,5.264453125,16.215,NA
"3701",0,7,NA,NA,3.41815948486328,17.994384765625,294.619140625,0.0256340625,5.264453125,16.249,NA
"3702",0,7,NA,NA,3.424072265625,18.0279541015625,295.1953125,0.0256790625,5.2650390625,16.283,NA
"3703",0,7,NA,NA,3.43036651611328,18.0584716796875,295.8203125,0.02572625,5.264453125,16.317,NA
"3704",0,7,NA,NA,3.43036651611328,18.0584716796875,296.4453125,0.02572625,5.264453125,16.351,NA
"3705",0,7,NA,NA,3.43799591064453,18.1011962890625,297.0703125,0.0257834375,5.2650390625,16.385,NA
"3706",0,7,NA,NA,3.39870452880859,17.8924560546875,297.6953125,0.02548875,5.264453125,16.419,NA
"3707",0,7,NA,NA,3.39870452880859,17.8924560546875,298.251953125,0.02548875,5.264453125,16.453,NA
"3708",0,7,NA,NA,3.39126586914062,17.8533935546875,298.876953125,0.0254321875,5.2646484375,16.487,NA
"3709",0,7,NA,NA,3.42025756835938,18.0072021484375,299.501953125,0.025650625,5.26484375,16.521,NA
"3710",0,7,NA,NA,3.42025756835938,18.0072021484375,300.126953125,0.025650625,5.26484375,16.555,NA
"3711",0,7,NA,NA,3.44066619873047,18.1109619140625,300.693359375,0.0258034375,5.2638671875,16.589,NA
"3712",0,7,NA,NA,3.37505340576172,17.767333984375,301.30859375,0.025310625,5.264453125,16.623,NA
"3713",0,7,NA,NA,3.37505340576172,17.767333984375,301.93359375,0.025310625,5.264453125,16.657,NA
"3714",0,7,NA,NA,3.38954925537109,17.843017578125,302.548828125,0.0254190625,5.2642578125,16.691,NA
"3715",0,7,NA,NA,3.42426300048828,18.026123046875,303.115234375,0.0256796875,5.264453125,16.725,NA
"3716",0,7,NA,NA,3.42426300048828,18.026123046875,303.798828125,0.0256796875,5.264453125,16.76,NA
"3717",0,7,NA,NA,3.40919494628906,17.947998046875,304.365234375,0.0255665625,5.26484375,16.794,NA
"3718",0,7,NA,NA,3.39756011962891,17.886962890625,304.98046875,0.02548,5.26484375,16.828,NA
"3719",0,7,NA,NA,3.39756011962891,17.886962890625,305.60546875,0.02548,5.26484375,16.862,NA
"3720",0,7,NA,NA,3.41129302978516,17.958984375,306.23046875,0.025583125,5.2646484375,16.896,NA
"3721",0,7,NA,NA,3.43837738037109,18.1024169921875,306.806640625,0.0257859375,5.26484375,16.93,NA
"3722",0,7,NA,NA,3.43837738037109,18.1024169921875,307.412109375,0.0257859375,5.2642578125,16.964,NA
"3723",0,7,NA,NA,3.37238311767578,17.7532958984375,308.046875,0.0252909375,5.2642578125,16.998,NA
"3724",0,7,NA,NA,3.43704223632812,18.094482421875,308.671875,0.0257759375,5.2646484375,17.032,NA
"3725",0,7,NA,NA,3.43704223632812,18.094482421875,309.23828125,0.0257759375,5.264453125,17.066,NA
"3726",0,7,NA,NA,3.41091156005859,17.9559326171875,309.86328125,0.025579375,5.264453125,17.1,NA
"3727",0,7,NA,NA,3.41835021972656,17.9962158203125,310.478515625,0.025635625,5.2646484375,17.134,NA
"3728",0,7,NA,NA,3.41835021972656,17.9962158203125,311.103515625,0.025625625,5.264453125,17.168,NA
"3729",0,7,NA,NA,3.41701507568359,17.98828125,311.728515625,0.025625625,5.264453125,17.202,NA
"3730",0,7,NA,NA,3.40595245361328,17.9302978515625,312.294921875,0.0255425,5.2646484375,17.236,NA
"3731",0,7,NA,NA,3.40595245361328,17.9302978515625,312.91015625,0.02540125,5.2642578125,17.27,NA
"3732",0,7,NA,NA,3.38706970214844,17.8302001953125,313.544921875,0.02540125,5.2642578125,17.304,NA
"3733",0,7,NA,NA,3.42807769775391,18.046875,314.169921875,0.0257078125,5.2646484375,17.338,NA
"3734",0,7,NA,NA,3.42807769775391,18.046875,314.736328125,0.0256221875,5.2646484375,17.372,NA
"3735",0,7,NA,NA,3.41663360595703,17.987060546875,315.361328125,0.0256221875,5.2646484375,17.406,NA
"3736",0,7,NA,NA,3.42464447021484,18.0279541015625,315.986328125,0.0256834375,5.2640625,17.44,NA
"3737",0,7,NA,NA,3.42464447021484,18.0279541015625,316.6015625,0.025415625,5.2640625,17.474,NA
"3738",0,7,NA,NA,3.38897705078125,17.8399658203125,317.16796875,0.025415625,5.2640625,17.508,NA
"3739",0,7,NA,NA,3.41415405273438,17.9742431640625,317.79296875,0.02560375,5.26484375,17.542,NA
"3740",0,7,NA,NA,3.41415405273438,17.9168701171875,318.408203125,0.0255246875,5.2642578125,17.576,NA
"3741",0,7,NA,NA,3.40347290039062,17.9168701171875,319.033203125,0.0255246875,5.2642578125,17.61,NA
"3742",0,7,NA,NA,3.39527130126953,17.874755859375,319.6484375,0.0254625,5.26484375,17.644,NA
"3743",0,7,NA,NA,3.43208312988281,18.0682373046875,320.224609375,0.02573875,5.2646484375,17.678,NA
"3744",0,7,NA,NA,3.43208312988281,18.0682373046875,320.83984375,0.02573875,5.2646484375,17.712,NA
"3745",0,7,NA,NA,3.40118408203125,17.9052734375,321.474609375,0.02550625,5.2646484375,17.746,NA
"3746",0,7,NA,NA,3.42998504638672,18.0572509765625,322.099609375,0.025723125,5.2646484375,17.781,NA
"3747",0,7,NA,NA,3.42998504638672,18.0572509765625,322.71484375,0.025723125,5.2646484375,17.815,NA
"3748",0,7,NA,NA,3.39584350585938,17.87841796875,323.28125,0.025466875,5.26484375,17.849,NA
"3749",0,7,NA,NA,3.38687896728516,17.83203125,323.896484375,0.0254,5.2650390625,17.883,NA
"3750",0,7,NA,NA,3.38687896728516,17.83203125,324.521484375,0.0254,5.2650390625,17.917,NA
"3751",0,7,NA,NA,3.40709686279297,17.9376220703125,325.146484375,0.025551875,5.26484375,17.951,NA
"3752",0,7,NA,NA,3.43437194824219,18.079833984375,325.771484375,0.025755,5.2646484375,17.985,NA
"3753",0,7,NA,NA,3.43437194824219,18.079833984375,326.337890625,0.025755,5.2646484375,18.019,NA
"3754",0,7,NA,NA,3.41987609863281,18.0023193359375,326.97265625,0.025646875,5.2642578125,18.053,NA
"3755",0,7,NA,NA,3.4332275390625,18.0743408203125,327.59765625,0.0257471875,5.2646484375,18.087,NA
"3756",0,7,NA,NA,3.4332275390625,18.0743408203125,328.212890625,0.0257471875,5.2646484375,18.121,NA
"3757",0,7,NA,NA,3.40003967285156,17.899169921875,328.779296875,0.0254984375,5.264453125,18.155,NA
"3758",0,7,NA,NA,3.41796875,17.9937744140625,329.404296875,0.0256325,5.264453125,18.189,NA
"3759",0,7,NA,NA,3.41796875,17.9937744140625,330.029296875,0.0256325,5.264453125,18.223,NA
"3760",0,7,NA,NA,3.40805053710938,17.94189453125,330.654296875,0.02555875,5.2646484375,18.257,NA
"3761",0,7,NA,NA,3.41911315917969,18.0010986328125,331.220703125,0.0256415625,5.26484375,18.291,NA
"3762",0,7,NA,NA,3.41911315917969,18.0010986328125,331.8359375,0.0256415625,5.26484375,18.325,NA
"3763",0,7,NA,NA,3.39984893798828,17.89794921875,332.4609375,0.02549625,5.264453125,18.359,NA
"3764",0,7,NA,NA,3.42216491699219,18.0157470703125,333.0859375,0.02566375,5.2646484375,18.393,NA
"3765",0,7,NA,NA,3.42216491699219,18.0157470703125,333.7109375,0.02566375,5.2646484375,18.427,NA
"3766",0,7,NA,NA,3.40728759765625,17.939453125,334.27734375,0.0255528125,5.2650390625,18.461,NA
"3767",0,7,NA,NA,3.39202880859375,17.8570556640625,334.892578125,0.0254378125,5.2646484375,18.495,NA
"3768",0,7,NA,NA,3.39202880859375,17.8570556640625,335.517578125,0.0254378125,5.2646484375,18.529,NA
"3769",0,7,NA,NA,3.40633392333984,17.930908203125,336.142578125,0.02554625,5.2638671875,18.563,NA
"3770",0,7,NA,NA,3.40824127197266,17.94189453125,336.708984375,0.025559375,5.264453125,18.597,NA
"3771",0,7,NA,NA,3.40824127197266,17.94189453125,337.333984375,0.025559375,5.2646484375,18.631,NA
"3772",0,7,NA,NA,3.42178344726562,18.0145263671875,337.94921875,0.025661875,5.2646484375,18.665,NA
"3773",0,7,NA,NA,3.40290069580078,17.91259765625,338.57421875,0.025519375,5.2640625,18.699,NA
"3774",0,7,NA,NA,3.40290069580078,17.91259765625,339.140625,0.025519375,5.2646484375,18.733,NA
"3775",0,7,NA,NA,3.40824127197266,17.943115234375,339.755859375,0.0255603125,5.2646484375,18.767,NA
"3776",0,7,NA,NA,3.39870452880859,17.8912353515625,340.380859375,0.0254884375,5.2642578125,18.801,NA
"3777",0,7,NA,NA,3.39870452880859,17.8912353515625,341.005859375,0.025451875,5.264453125,18.836,NA
"3778",0,7,NA,NA,3.39393615722656,17.8662109375,341.62109375,0.025451875,5.264453125,18.87,NA
"3779",0,7,NA,NA,3.40614318847656,17.930908203125,342.24609375,0.0255440625,5.264453125,18.904,NA
"3780",0,7,NA,NA,3.40614318847656,17.930908203125,342.8125,0.02555875,5.264453125,18.938,NA
"3781",0,7,NA,NA,3.40805053710938,17.9412841796875,343.447265625,0.02555875,5.264453125,18.972,NA
"3782",0,7,NA,NA,3.46279144287109,18.2318115234375,344.072265625,0.025969375,5.2650390625,19.006,NA
"3783",0,7,NA,NA,3.46279144287109,18.2318115234375,344.6875,0.0254378125,5.26484375,19.04,NA
"3784",0,7,NA,NA,3.39202880859375,17.857666015625,345.25390625,0.0254378125,5.26484375,19.074,NA
"3785",0,7,NA,NA,3.39469909667969,17.872314453125,345.87890625,0.0254584375,5.2650390625,19.108,NA
"3786",0,7,NA,NA,3.39469909667969,17.8314208984375,346.494140625,0.0254021875,5.264453125,19.142,NA
"3787",0,7,NA,NA,3.38726043701172,17.8314208984375,347.119140625,0.0254021875,5.264453125,19.176,NA
"3788",0,7,NA,NA,3.39927673339844,17.8948974609375,347.734375,0.0254928125,5.2642578125,19.21,NA
"3789",0,7,NA,NA,3.411865234375,17.9620361328125,348.30078125,0.0255865625,5.2646484375,19.244,NA
"3790",0,7,NA,NA,3.411865234375,17.9620361328125,348.92578125,0.0255865625,5.2646484375,19.278,NA
"3791",0,7,NA,NA,3.39679718017578,17.88330078125,349.541015625,0.0254746875,5.26484375,19.312,NA
"3792",0,7,NA,NA,3.4027099609375,17.9150390625,350.166015625,0.0255184375,5.2650390625,19.346,NA
"3793",0,7,NA,NA,3.4027099609375,17.9150390625,350.72265625,0.0255184375,5.2650390625,19.38,NA
"3794",0,7,NA,NA,3.375244140625,17.767333984375,351.337890625,0.0253121875,5.2640625,19.413,NA
"3795",0,7,NA,NA,3.41529846191406,17.979736328125,351.97265625,0.0256134375,5.264453125,19.447,NA
"3796",0,7,NA,NA,3.41529846191406,17.979736328125,352.587890625,0.0256134375,5.264453125,19.481,NA
"3797",0,7,NA,NA,3.40518951416016,17.926025390625,353.1640625,0.0255375,5.264453125,19.515,NA
"3798",0,7,NA,NA,3.42636108398438,18.03955078125,353.779296875,0.0256959375,5.2650390625,19.549,NA
"3799",0,7,NA,NA,3.42636108398438,18.03955078125,354.404296875,0.0256959375,5.2650390625,19.583,NA
"3800",0,7,NA,NA,3.40709686279297,17.9351806640625,355.029296875,0.025550625,5.2642578125,19.617,NA
"3801",0,7,NA,NA,3.42884063720703,18.0499267578125,355.654296875,0.0257146875,5.2642578125,19.651,NA
"3802",0,7,NA,NA,3.42884063720703,18.0499267578125,356.23046875,0.0257146875,5.2642578125,19.685,NA
"3803",0,7,NA,NA,3.43608856201172,18.0902099609375,356.85546875,0.025769375,5.26484375,19.719,NA
"3804",0,7,NA,NA,3.41701507568359,17.98828125,357.48046875,0.0256265625,5.264453125,19.753,NA
"3805",0,7,NA,NA,3.41701507568359,17.98828125,358.10546875,0.0256265625,5.264453125,19.787,NA
"3806",0,7,NA,NA,3.42254638671875,18.018798828125,358.662109375,0.0256675,5.2646484375,19.821,NA
"3807",0,7,NA,NA,3.39908599853516,17.894287109375,359.287109375,0.025491875,5.264453125,19.856,NA
"3808",0,7,NA,NA,3.39908599853516,17.894287109375,359.912109375,0.025491875,5.264453125,19.89,NA
"3809",0,7,NA,NA,3.39412689208984,17.867431640625,360.52734375,0.0254540625,5.2642578125,19.924,NA
"3810",0,7,NA,NA,3.40805053710938,17.9412841796875,361.15234375,0.0255578125,5.2646484375,19.958,NA
"3811",0,7,NA,NA,3.40805053710938,17.9412841796875,361.77734375,0.0255578125,5.2646484375,19.992,NA
"3812",0,7,NA,NA,3.40518951416016,17.928466796875,362.34375,0.0255378125,5.2650390625,20.026,NA
"3813",0,7,NA,NA,3.43894958496094,18.10302734375,362.96875,0.0257896875,5.264453125,20.06,NA
"3814",0,7,NA,NA,3.43894958496094,18.10302734375,363.59375,0.0257896875,5.264453125,20.094,NA
"3815",0,7,NA,NA,3.41567993164063,17.982177734375,364.21875,0.0256159375,5.2646484375,20.128,NA
"3816",0,7,NA,NA,3.42063903808594,18.0078125,364.78515625,0.0256525,5.2646484375,20.162,NA
"3817",0,7,NA,NA,3.42063903808594,18.0078125,365.41015625,0.0256525,5.264453125,20.196,NA
"3818",0,7,NA,NA,3.40156555175781,17.9071044921875,366.03515625,0.0255103125,5.264453125,20.23,NA
"3819",0,7,NA,NA,3.42922210693359,18.052978515625,366.66015625,0.0257171875,5.2646484375,20.264,NA
"3820",0,7,NA,NA,3.42922210693359,18.052978515625,367.275390625,0.0257171875,5.264453125,20.298,NA
"3821",0,7,NA,NA,3.38973999023438,17.8448486328125,367.841796875,0.0254215625,5.264453125,20.332,NA
"3822",0,7,NA,NA,3.39431762695313,17.8717041015625,368.466796875,0.025455625,5.265234375,20.366,NA
"3823",0,7,NA,NA,3.39431762695313,17.8717041015625,369.08203125,0.02562,5.264453125,20.4,NA
"3824",0,7,NA,NA,3.41625213623047,17.9840087890625,369.70703125,0.02562,5.264453125,20.434,NA
"3825",0,7,NA,NA,3.41529846191406,17.9803466796875,370.2734375,0.0256125,5.26484375,20.468,NA
"3826",0,7,NA,NA,3.41529846191406,17.9803466796875,370.8984375,0.0253653125,5.2646484375,20.502,NA
"3827",0,7,NA,NA,3.38230133056641,17.8057861328125,371.5234375,0.0253653125,5.2646484375,20.536,NA
"3828",0,7,NA,NA,3.42826843261719,18.0474853515625,372.1484375,0.0257096875,5.264453125,20.57,NA
"3829",0,7,NA,NA,3.42826843261719,18.0474853515625,372.71484375,0.0257259375,5.2646484375,20.604,NA
"3830",0,7,NA,NA,3.43036651611328,18.05908203125,373.33984375,0.0257259375,5.2646484375,20.638,NA
"3831",0,7,NA,NA,3.42121124267578,18.0108642578125,373.96484375,0.0256565625,5.2646484375,20.672,NA
"3832",0,7,NA,NA,3.42121124267578,18.0108642578125,374.599609375,0.0257896875,5.264453125,20.706,NA
"3833",0,7,NA,NA,3.43894958496094,18.1036376953125,375.21484375,0.0257896875,5.264453125,20.74,NA
"3834",0,7,NA,NA,3.40690612792969,17.935791015625,375.78125,0.0255503125,5.2646484375,20.774,NA
"3835",0,7,NA,NA,3.40690612792969,18.065185546875,376.416015625,0.0257328125,5.26484375,20.808,NA
"3836",0,7,NA,NA,3.43132019042969,18.065185546875,377.041015625,0.0257328125,5.26484375,20.842,NA
"3837",0,7,NA,NA,3.42464447021484,18.028564453125,377.666015625,0.0256821875,5.2646484375,20.877,NA
"3838",0,7,NA,NA,3.42884063720703,18.0517578125,378.291015625,0.0257146875,5.2646484375,20.911,NA
"3839",0,7,NA,NA,3.42884063720703,18.0517578125,378.857421875,0.0257146875,5.2646484375,20.945,NA
"3840",0,7,NA,NA,3.42082977294922,18.01025390625,379.482421875,0.025655,5.26484375,20.979,NA
"3841",0,7,NA,NA,3.38592529296875,17.82470703125,380.09765625,0.0253928125,5.264453125,21.013,NA
"3842",0,7,NA,NA,3.38592529296875,17.82470703125,380.72265625,0.0253928125,5.264453125,21.047,NA
"3843",0,7,NA,NA,3.41548919677734,17.982177734375,381.337890625,0.02561375,5.2650390625,21.081,NA
"3844",0,7,NA,NA,3.39088439941406,17.8509521484375,381.904296875,0.0254290625,5.2646484375,21.115,NA
"3845",0,7,NA,NA,3.39088439941406,17.8509521484375,382.529296875,0.0254290625,5.2646484375,21.149,NA
"3846",0,7,NA,NA,3.40824127197266,17.943115234375,383.154296875,0.02556,5.2646484375,21.183,NA
"3847",0,7,NA,NA,3.41930389404297,18.0023193359375,383.779296875,0.025643125,5.26484375,21.217,NA
"3848",0,7,NA,NA,3.41930389404297,18.0023193359375,384.345703125,0.025643125,5.26484375,21.251,NA
"3849",0,7,NA,NA,3.3905029296875,17.84912109375,384.9609375,0.02542625,5.2646484375,21.285,NA
"3850",0,7,NA,NA,3.41510772705078,17.9791259765625,385.5859375,0.0256115625,5.2646484375,21.319,NA
"3851",0,7,NA,NA,3.41510772705078,17.9791259765625,386.2109375,0.0256115625,5.2646484375,21.353,NA
"3852",0,7,NA,NA,3.41300964355469,17.9693603515625,386.77734375,0.02559625,5.26484375,21.387,NA
"3853",0,7,NA,NA,3.41205596923828,17.9632568359375,387.40234375,0.0255884375,5.26484375,21.421,NA
"3854",0,7,NA,NA,3.41205596923828,17.9632568359375,388.02734375,0.0255884375,5.26484375,21.455,NA
"3855",0,7,NA,NA,3.40747833251953,17.939453125,388.642578125,0.0255540625,5.26484375,21.489,NA
"3856",0,8,NA,NA,3.40938568115234,17.94921875,391.03515625,0.025568125,5.2646484375,21.624,NA
"3857",0,8,NA,NA,3.40938568115234,17.94921875,391.689453125,0.025568125,5.2646484375,21.658,NA
"3858",0,8,NA,NA,3.61976623535156,19.053955078125,392.36328125,0.0271465625,5.2638671875,21.692,NA
"3859",0,8,NA,NA,3.64112854003906,19.1668701171875,393.017578125,0.02730625,5.2640625,21.726,NA
"3860",0,8,NA,NA,3.64112854003906,19.1668701171875,393.623046875,0.02730625,5.2640625,21.76,NA
"3861",0,8,NA,NA,3.60927581787109,19.00146484375,394.27734375,0.0270678125,5.2646484375,21.794,NA
"3862",0,8,NA,NA,3.62796783447266,19.0966796875,394.94140625,0.0272075,5.2638671875,21.828,NA
"3863",0,8,NA,NA,3.62796783447266,19.0966796875,395.60546875,0.0272075,5.2638671875,21.862,NA
"3864",0,8,NA,NA,3.619384765625,19.0521240234375,396.26953125,0.0271428125,5.2640625,21.896,NA
"3865",0,8,NA,NA,3.61442565917969,19.0283203125,396.865234375,0.027106875,5.264453125,21.93,NA
"3866",0,8,NA,NA,3.61442565917969,19.0283203125,397.529296875,0.027106875,5.2640625,21.964,NA
"3867",0,8,NA,NA,3.61690521240234,19.039306640625,398.18359375,0.0271246875,5.2640625,21.998,NA
"3868",0,8,NA,NA,3.60565185546875,18.980712890625,398.84765625,0.027039375,5.2642578125,22.033,NA
"3869",0,8,NA,NA,3.60565185546875,18.980712890625,399.501953125,0.027030625,5.2638671875,22.067,NA
"3870",0,8,NA,NA,3.60431671142578,18.9727783203125,400.15625,0.027030625,5.2638671875,22.101,NA
"3871",0,8,NA,NA,3.61156463623047,19.0118408203125,400.76171875,0.0270840625,5.2642578125,22.135,NA
"3872",0,8,NA,NA,3.61156463623047,19.0118408203125,401.416015625,0.0269903125,5.263671875,22.169,NA
"3873",0,8,NA,NA,3.59897613525391,18.9434814453125,402.0703125,0.0269903125,5.263671875,22.203,NA
"3874",0,8,NA,NA,3.58676910400391,18.880615234375,402.724609375,0.0268990625,5.2640625,22.237,NA
"3875",0,8,NA,NA,3.58676910400391,18.880615234375,403.330078125,0.0270775,5.2638671875,22.271,NA
"3876",0,8,NA,NA,3.61061096191406,19.0057373046875,403.994140625,0.0270775,5.2638671875,22.305,NA
"3877",0,8,NA,NA,3.62453460693359,19.0814208984375,404.6484375,0.0271825,5.2646484375,22.339,NA
"3878",0,8,NA,NA,3.62453460693359,19.0814208984375,405.3125,0.0272078125,5.2642578125,22.373,NA
"3879",0,8,NA,NA,3.62796783447266,19.097900390625,405.91796875,0.0272078125,5.2642578125,22.407,NA
"3880",0,8,NA,NA,3.61175537109375,19.012451171875,406.572265625,0.0270865625,5.2640625,22.441,NA
"3881",0,8,NA,NA,3.61175537109375,18.8330078125,407.2265625,0.0268328125,5.263671875,22.475,NA
"3882",0,8,NA,NA,3.57799530029297,18.8330078125,407.880859375,0.0268328125,5.263671875,22.509,NA
"3883",0,8,NA,NA,3.58753204345703,18.885498046875,408.53515625,0.026905,5.2640625,22.543,NA
"3884",0,8,NA,NA,3.58905792236328,18.8934326171875,409.130859375,0.0269159375,5.264453125,22.577,NA
"3885",0,8,NA,NA,3.58905792236328,18.8934326171875,409.794921875,0.0269159375,5.264453125,22.611,NA
"3886",0,8,NA,NA,3.61728668212891,19.041748046875,410.458984375,0.0271284375,5.2640625,22.645,NA
"3887",0,8,NA,NA,3.61690521240234,19.0399169921875,411.11328125,0.0271246875,5.2642578125,22.679,NA
"3888",0,8,NA,NA,3.61690521240234,19.0399169921875,411.708984375,0.0271246875,5.2642578125,22.713,NA
"3889",0,8,NA,NA,3.59210968017578,18.90869140625,412.373046875,0.02693875,5.2640625,22.747,NA
"3890",0,8,NA,NA,3.59115600585938,18.902587890625,413.02734375,0.0269321875,5.263671875,22.781,NA
"3891",0,8,NA,NA,3.59115600585938,18.902587890625,413.69140625,0.0269321875,5.263671875,22.815,NA
"3892",0,8,NA,NA,3.62491607666016,19.080810546875,414.345703125,0.027184375,5.2638671875,22.849,NA
"3893",0,8,NA,NA,3.61099243164062,19.00634765625,414.94140625,0.02708,5.263671875,22.883,NA
"3894",0,8,NA,NA,3.61099243164062,19.00634765625,415.60546875,0.02708,5.263671875,22.917,NA
"3895",0,8,NA,NA,3.61080169677734,19.007568359375,416.26953125,0.0270796875,5.2640625,22.951,NA
"3896",0,8,NA,NA,3.62434387207031,19.0771484375,416.93359375,0.02718,5.2638671875,22.985,NA
"3897",0,8,NA,NA,3.62434387207031,19.0771484375,417.529296875,0.02718,5.2638671875,23.019,NA
"3898",0,8,NA,NA,3.62319946289063,19.072265625,418.193359375,0.0271725,5.2640625,23.054,NA
"3899",0,8,NA,NA,3.61442565917969,19.027099609375,418.84765625,0.0271065625,5.2642578125,23.088,NA
"3900",0,8,NA,NA,3.61442565917969,19.027099609375,419.51171875,0.0271065625,5.2642578125,23.122,NA
"3901",0,8,NA,NA,3.62606048583984,19.0869140625,420.17578125,0.027193125,5.2638671875,23.155,NA
"3902",0,8,NA,NA,3.62796783447266,19.0972900390625,420.83984375,0.0272071875,5.2640625,23.189,NA
"3903",0,8,NA,NA,3.62796783447266,19.0972900390625,421.435546875,0.0272071875,5.2640625,23.223,NA
"3904",0,8,NA,NA,3.61213684082031,19.0130615234375,422.099609375,0.027089375,5.2638671875,23.257,NA
"3905",0,8,NA,NA,3.58810424804688,18.88916015625,422.744140625,0.0269084375,5.264453125,23.291,NA
"3906",0,8,NA,NA,3.58810424804688,18.88916015625,423.408203125,0.0269084375,5.264453125,23.325,NA
"3907",0,8,NA,NA,3.59783172607422,18.9385986328125,424.013671875,0.0269821875,5.2638671875,23.359,NA
"3908",0,8,NA,NA,3.63025665283203,19.1094970703125,424.66796875,0.0272253125,5.2640625,23.393,NA
"3909",0,8,NA,NA,3.63025665283203,19.1094970703125,425.33203125,0.0272253125,5.2640625,23.427,NA
"3910",0,8,NA,NA,3.62606048583984,19.0863037109375,425.986328125,0.0271928125,5.2638671875,23.461,NA
"3911",0,8,NA,NA,3.58467102050781,18.8690185546875,426.58203125,0.0268828125,5.2638671875,23.495,NA
"3912",0,8,NA,NA,3.58467102050781,18.8690185546875,427.24609375,0.0268828125,5.2646484375,23.529,NA
"3913",0,8,NA,NA,3.62033843994141,19.0594482421875,427.91015625,0.027150625,5.2646484375,23.563,NA
"3914",0,8,NA,NA,3.62472534179688,19.0771484375,428.57421875,0.0271834375,5.2630859375,23.597,NA
"3915",0,8,NA,NA,3.62472534179688,19.0771484375,429.228515625,0.0271834375,5.2640625,23.631,NA
"3916",0,8,NA,NA,3.60202789306641,18.961181640625,429.833984375,0.0270134375,5.2640625,23.665,NA
"3917",0,8,NA,NA,3.61919403076172,19.0509033203125,430.48828125,0.02714125,5.2640625,23.699,NA
"3918",0,8,NA,NA,3.61919403076172,19.0509033203125,431.15234375,0.0270953125,5.2642578125,23.733,NA
"3919",0,8,NA,NA,3.61289978027344,19.019775390625,431.806640625,0.0270953125,5.2642578125,23.767,NA
"3920",0,8,NA,NA,3.61080169677734,19.007568359375,432.40234375,0.0270790625,5.2642578125,23.801,NA
"3921",0,8,NA,NA,3.61080169677734,19.007568359375,433.06640625,0.0270478125,5.2634765625,23.835,NA
"3922",0,8,NA,NA,3.60660552978516,18.983154296875,433.73046875,0.0270478125,5.2634765625,23.869,NA
"3923",0,8,NA,NA,3.61900329589844,19.0521240234375,434.39453125,0.0271409375,5.264453125,23.903,NA
"3924",0,8,NA,NA,3.61900329589844,19.0521240234375,434.990234375,0.0271090625,5.2640625,23.937,NA
"3925",0,8,NA,NA,3.61480712890625,19.0283203125,435.64453125,0.0271090625,5.2640625,23.971,NA
"3926",0,8,NA,NA,3.61595153808594,19.0338134765625,436.30859375,0.0271178125,5.2640625,24.005,NA
"3927",0,8,NA,NA,3.61595153808594,19.0338134765625,436.97265625,0.0271075,5.2646484375,24.039,NA
"3928",0,8,NA,NA,3.61461639404297,19.0289306640625,437.626953125,0.0271075,5.2646484375,24.074,NA
"3929",0,8,NA,NA,3.60202789306641,18.96240234375,438.291015625,0.02701375,5.264453125,24.108,NA
"3930",0,8,NA,NA,3.60240936279297,18.963623046875,438.88671875,0.02701625,5.2642578125,24.142,NA
"3931",0,8,NA,NA,3.60240936279297,18.963623046875,439.541015625,0.02701625,5.2642578125,24.176,NA
"3932",0,8,NA,NA,3.60660552978516,18.9862060546875,440.205078125,0.027046875,5.264453125,24.21,NA
"3933",0,8,NA,NA,3.58352661132813,18.863525390625,440.859375,0.026874375,5.2640625,24.244,NA
"3934",0,8,NA,NA,3.58352661132813,18.863525390625,441.455078125,0.026874375,5.2640625,24.278,NA
"3935",0,8,NA,NA,3.61747741699219,19.0411376953125,442.119140625,0.027129375,5.2638671875,24.312,NA
"3936",0,8,NA,NA,3.59554290771484,18.9263916015625,442.7734375,0.026964375,5.2640625,24.346,NA
"3937",0,8,NA,NA,3.59554290771484,18.9263916015625,443.427734375,0.026964375,5.2640625,24.38,NA
"3938",0,8,NA,NA,3.60832214355469,18.9947509765625,444.091796875,0.0270596875,5.264453125,24.414,NA
"3939",0,8,NA,NA,3.61366271972656,19.0228271484375,444.6875,0.0271009375,5.2640625,24.448,NA
"3940",0,8,NA,NA,3.61366271972656,19.0228271484375,445.3515625,0.0271009375,5.2640625,24.482,NA
"3941",0,8,NA,NA,3.61919403076172,19.052734375,446.015625,0.0271428125,5.2642578125,24.516,NA
"3942",0,8,NA,NA,3.59954833984375,18.9471435546875,446.669921875,0.0269946875,5.2638671875,24.55,NA
"3943",0,8,NA,NA,3.59954833984375,18.9471435546875,447.265625,0.0269946875,5.2638671875,24.584,NA
"3944",0,8,NA,NA,3.59745025634766,18.936767578125,447.919921875,0.026978125,5.2642578125,24.618,NA
"3945",0,8,NA,NA,3.60069274902344,18.953857421875,448.583984375,0.0270025,5.2642578125,24.652,NA
"3946",0,8,NA,NA,3.60069274902344,18.953857421875,449.208984375,0.0270025,5.2642578125,24.686,NA
"3947",0,8,NA,NA,3.45859527587891,18.2061767578125,449.765625,0.025936875,5.2642578125,24.72,NA
"3948",0,8,NA,NA,3.36856842041016,17.7349853515625,450.380859375,0.0252628125,5.2650390625,24.754,NA
"3949",0,8,NA,NA,3.36856842041016,17.7349853515625,451.015625,0.0252628125,5.2650390625,24.788,NA
"3950",0,8,NA,NA,3.41053009033203,17.9541015625,451.630859375,0.025576875,5.264453125,24.822,NA
"3951",0,8,NA,NA,3.37619781494141,17.7734375,452.24609375,0.0253190625,5.2646484375,24.856,NA
"3952",0,8,NA,NA,3.37619781494141,17.7734375,452.802734375,0.0253190625,5.2646484375,24.89,NA
"3953",0,8,NA,NA,3.387451171875,17.8326416015625,453.4375,0.02540375,5.264453125,24.924,NA
"3954",0,8,NA,NA,3.4088134765625,17.9461669921875,454.052734375,0.0255646875,5.2646484375,24.958,NA
"3955",0,8,NA,NA,3.4088134765625,17.9461669921875,454.66796875,0.0255646875,5.2646484375,24.992,NA
"3956",0,8,NA,NA,3.39565277099609,17.8759765625,455.234375,0.025465625,5.264453125,25.026,NA
"3957",0,8,NA,NA,3.3843994140625,17.8179931640625,455.849609375,0.025380625,5.26484375,25.06,NA
"3958",0,8,NA,NA,3.3843994140625,17.8179931640625,456.474609375,0.025380625,5.264453125,25.095,NA
"3959",0,8,NA,NA,3.37657928466797,17.7752685546875,457.08984375,0.0253228125,5.264453125,25.129,NA
"3960",0,8,NA,NA,3.39488983154297,17.8729248046875,457.71484375,0.02546,5.2646484375,25.163,NA
"3961",0,8,NA,NA,3.39488983154297,17.8729248046875,458.330078125,0.02549,5.2646484375,25.197,NA
"3962",0,8,NA,NA,3.39889526367188,17.8936767578125,458.896484375,0.02549,5.2646484375,25.231,NA
"3963",0,8,NA,NA,3.41777801513672,17.994384765625,459.521484375,0.0256321875,5.2650390625,25.265,NA
"3964",0,8,NA,NA,3.41777801513672,17.994384765625,460.146484375,0.0254734375,5.2646484375,25.299,NA
"3965",0,8,NA,NA,3.39679718017578,17.8826904296875,460.76171875,0.0254734375,5.2646484375,25.333,NA
"3966",0,8,NA,NA,3.40557098388672,17.926025390625,461.328125,0.0255396875,5.2638671875,25.367,NA
"3967",0,8,NA,NA,3.40557098388672,17.926025390625,461.953125,0.0254328125,5.264453125,25.401,NA
"3968",0,8,NA,NA,3.39126586914062,17.852783203125,462.568359375,0.0254328125,5.264453125,25.435,NA
"3969",0,8,NA,NA,3.38115692138672,17.8009033203125,463.18359375,0.0253575,5.2646484375,25.469,NA
"3970",0,8,NA,NA,3.38115692138672,17.8009033203125,463.75,0.025393125,5.2646484375,25.503,NA
"3971",0,8,NA,NA,3.38592529296875,17.8253173828125,464.35546875,0.025393125,5.2646484375,25.537,NA
"3972",0,8,NA,NA,3.37600708007812,17.7740478515625,464.98046875,0.0253184375,5.26484375,25.571,NA
"3973",0,8,NA,NA,3.37600708007812,17.7740478515625,465.60546875,0.0255328125,5.264453125,25.605,NA
"3974",0,8,NA,NA,3.40461730957031,17.9229736328125,466.23046875,0.0255328125,5.264453125,25.639,NA
"3975",0,8,NA,NA,3.40957641601563,17.9510498046875,466.787109375,0.025570625,5.26484375,25.673,NA
"3976",0,8,NA,NA,3.40957641601563,17.8460693359375,467.412109375,0.025425,5.2640625,25.707,NA
"3977",0,8,NA,NA,3.39031219482422,17.8460693359375,468.017578125,0.025425,5.2640625,25.741,NA
"3978",0,8,NA,NA,3.35102081298828,17.6416015625,468.642578125,0.0251315625,5.2646484375,25.775,NA
"3979",0,8,NA,NA,3.40156555175781,17.90771484375,469.19921875,0.025510625,5.2646484375,25.809,NA
"3980",0,8,NA,NA,3.40156555175781,17.90771484375,469.82421875,0.025510625,5.2646484375,25.843,NA
"3981",0,8,NA,NA,3.38687896728516,17.8302001953125,470.439453125,0.0254003125,5.264453125,25.877,NA
"3982",0,8,NA,NA,3.36284637451172,17.703857421875,471.0546875,0.025219375,5.2646484375,25.911,NA
"3983",0,8,NA,NA,3.36284637451172,17.703857421875,471.62109375,0.025219375,5.2646484375,25.945,NA
"3984",0,8,NA,NA,3.43132019042969,18.0645751953125,472.24609375,0.0257334375,5.2646484375,25.979,NA
"3985",0,8,NA,NA,3.38668823242188,17.8289794921875,472.87109375,0.025398125,5.2646484375,26.013,NA
"3986",0,8,NA,NA,3.38668823242188,17.8289794921875,473.49609375,0.025398125,5.2646484375,26.047,NA
"3987",0,8,NA,NA,3.41701507568359,17.9901123046875,474.111328125,0.02562625,5.26484375,26.081,NA
"3988",0,8,NA,NA,3.39031219482422,17.8485107421875,474.677734375,0.025425625,5.2646484375,26.115,NA
"3989",0,8,NA,NA,3.39031219482422,17.8485107421875,475.29296875,0.025425625,5.2646484375,26.15,NA
"3990",0,8,NA,NA,3.38821411132812,17.838134765625,475.91796875,0.02541,5.26484375,26.184,NA
"3991",0,8,NA,NA,3.41930389404297,18.00048828125,476.533203125,0.0256425,5.2646484375,26.218,NA
"3992",0,8,NA,NA,3.41930389404297,18.00048828125,477.158203125,0.0256425,5.2646484375,26.252,NA
"3993",0,8,NA,NA,3.375244140625,17.7691650390625,477.71484375,0.025313125,5.2646484375,26.286,NA
"3994",0,8,NA,NA,3.39984893798828,17.8973388671875,478.33984375,0.0254965625,5.264453125,26.32,NA
"3995",0,8,NA,NA,3.39984893798828,17.8973388671875,478.955078125,0.0254965625,5.264453125,26.354,NA
"3996",0,8,NA,NA,3.37638854980469,17.77587890625,479.5703125,0.02532125,5.26484375,26.388,NA
"3997",0,8,NA,NA,3.39031219482422,17.847900390625,480.1953125,0.025425,5.2646484375,26.421,NA
"3998",0,8,NA,NA,3.39031219482422,17.847900390625,480.751953125,0.025425,5.2646484375,26.455,NA
"3999",0,8,NA,NA,3.39946746826172,17.8948974609375,481.376953125,0.0254934375,5.2642578125,26.489,NA
"4000",0,8,NA,NA,3.38687896728516,17.830810546875,482.001953125,0.0253990625,5.26484375,26.523,NA
"4001",0,8,NA,NA,3.38687896728516,17.830810546875,482.6171875,0.0253990625,5.26484375,26.557,NA
"4002",0,8,NA,NA,3.42044830322266,18.0072021484375,483.193359375,0.0256515625,5.2646484375,26.592,NA
"4003",0,8,NA,NA,3.39984893798828,17.899169921875,483.80859375,0.02549625,5.26484375,26.626,NA
"4004",0,8,NA,NA,3.39984893798828,17.899169921875,484.423828125,0.02549625,5.26484375,26.66,NA
"4005",0,8,NA,NA,3.37009429931641,17.7410888671875,485.0390625,0.025274375,5.2642578125,26.694,NA
"4006",0,8,NA,NA,3.38954925537109,17.8436279296875,485.6640625,0.025419375,5.264453125,26.728,NA
"4007",0,8,NA,NA,3.38954925537109,17.8436279296875,486.220703125,0.025419375,5.2646484375,26.762,NA
"4008",0,8,NA,NA,3.3843994140625,17.8173828125,486.845703125,0.02538125,5.2646484375,26.796,NA
"4009",0,8,NA,NA,3.39488983154297,17.87109375,487.4609375,0.025459375,5.2642578125,26.829,NA
"4010",0,8,NA,NA,3.39488983154297,17.87109375,488.0859375,0.025459375,5.26484375,26.863,NA
"4011",0,8,NA,NA,3.39584350585938,17.8778076171875,488.642578125,0.0254665625,5.26484375,26.897,NA
"4012",0,8,NA,NA,3.40595245361328,17.9302978515625,489.267578125,0.0255421875,5.2646484375,26.931,NA
"4013",0,8,NA,NA,3.40595245361328,17.9302978515625,489.892578125,0.0256821875,5.2650390625,26.965,NA
"4014",0,8,NA,NA,3.42464447021484,18.02978515625,490.517578125,0.0256821875,5.2650390625,26.999,NA
"4015",0,8,NA,NA,3.36875915527344,17.7337646484375,491.07421875,0.0252640625,5.2642578125,27.033,NA
"4016",0,8,NA,NA,3.36875915527344,17.7337646484375,491.69921875,0.025545625,5.264453125,27.067,NA
"4017",0,8,NA,NA,3.40633392333984,17.93212890625,492.314453125,0.025545625,5.264453125,27.101,NA
"4018",0,8,NA,NA,3.39488983154297,17.8729248046875,492.939453125,0.025459375,5.26484375,27.135,NA
"4019",0,8,NA,NA,3.39488983154297,17.8729248046875,493.49609375,0.0253721875,5.2640625,27.17,NA
"4020",0,8,NA,NA,3.38325500488281,17.8094482421875,494.1796875,0.0253721875,5.2640625,27.204,NA
"4021",0,8,NA,NA,3.39565277099609,17.874755859375,494.736328125,0.0254653125,5.2640625,27.238,NA
"4022",0,8,NA,NA,3.40003967285156,17.8985595703125,495.361328125,0.02549875,5.2642578125,27.272,NA
"4023",0,8,NA,NA,3.40003967285156,17.8985595703125,495.9765625,0.02549875,5.2642578125,27.306,NA
"4024",0,8,NA,NA,3.37677001953125,17.777099609375,496.591796875,0.025324375,5.264453125,27.34,NA
"4025",0,8,NA,NA,3.38821411132812,17.8369140625,497.158203125,0.025410625,5.2642578125,27.374,NA
"4026",0,8,NA,NA,3.38821411132812,17.8369140625,497.783203125,0.025410625,5.2642578125,27.408,NA
"4027",0,8,NA,NA,3.40061187744141,17.901611328125,498.3984375,0.0255021875,5.264453125,27.442,NA
"4028",0,8,NA,NA,3.39565277099609,17.877197265625,499.0234375,0.025465,5.26484375,27.476,NA
"4029",0,8,NA,NA,3.39565277099609,17.877197265625,499.58984375,0.025465,5.26484375,27.51,NA
"4030",0,8,NA,NA,3.41167449951172,17.96142578125,500.21484375,0.025585625,5.26484375,27.544,NA
"4031",0,8,NA,NA,3.40404510498047,17.9193115234375,500.830078125,0.0255278125,5.2642578125,27.578,NA
"4032",0,8,NA,NA,3.40404510498047,17.9193115234375,501.455078125,0.0255278125,5.2642578125,27.612,NA
"4033",0,8,NA,NA,3.40595245361328,17.9296875,502.0703125,0.0255434375,5.2642578125,27.646,NA
"4034",0,8,NA,NA,3.39908599853516,17.8961181640625,502.63671875,0.0254915625,5.2650390625,27.68,NA
"4035",0,8,NA,NA,3.39908599853516,17.8961181640625,503.251953125,0.0254915625,5.2650390625,27.714,NA
"4036",0,8,NA,NA,3.38573455810547,17.82470703125,503.876953125,0.025390625,5.26484375,27.748,NA
"4037",0,8,NA,NA,3.38726043701172,17.830810546875,504.4921875,0.025401875,5.264453125,27.782,NA
"4038",0,8,NA,NA,3.38726043701172,17.830810546875,505.068359375,0.025401875,5.264453125,27.816,NA
"4039",0,8,NA,NA,3.42063903808594,18.009033203125,505.68359375,0.025653125,5.26484375,27.85,NA
"4040",0,8,NA,NA,3.40976715087891,17.9510498046875,506.30859375,0.025571875,5.264453125,27.884,NA
"4041",0,8,NA,NA,3.40976715087891,17.9510498046875,506.923828125,0.025571875,5.264453125,27.918,NA
"4042",0,8,NA,NA,3.38993072509766,17.845458984375,507.490234375,0.0254228125,5.2642578125,27.952,NA
"4043",0,8,NA,NA,3.38954925537109,17.84423828125,508.10546875,0.02542,5.264453125,27.986,NA
"4044",0,8,NA,NA,3.38954925537109,17.84423828125,508.73046875,0.02542,5.264453125,28.02,NA
"4045",0,8,NA,NA,3.38153839111328,17.8021240234375,509.345703125,0.02536,5.2646484375,28.054,NA
"4046",0,8,NA,NA,3.37104797363281,17.7459716796875,509.9609375,0.025280625,5.264453125,28.088,NA
"4047",0,8,NA,NA,3.37104797363281,17.7459716796875,510.517578125,0.025280625,5.264453125,28.122,NA
"4048",0,8,NA,NA,3.38172912597656,17.803955078125,511.142578125,0.02536125,5.26484375,28.156,NA
"4049",0,8,NA,NA,3.39031219482422,17.8485107421875,511.7578125,0.025425625,5.2646484375,28.191,NA
"4050",0,8,NA,NA,3.39031219482422,17.8485107421875,512.3828125,0.025425625,5.2646484375,28.225,NA
"4051",0,8,NA,NA,3.38973999023438,17.84423828125,512.98828125,0.0254215625,5.2640625,28.259,NA
"4052",0,8,NA,NA,3.35216522216797,17.6483154296875,513.544921875,0.02514,5.2646484375,28.293,NA
"4053",0,8,NA,NA,3.35216522216797,17.6483154296875,514.1796875,0.02514,5.2646484375,28.327,NA
"4054",0,8,NA,NA,3.42388153076172,18.0255126953125,514.8046875,0.025676875,5.2646484375,28.361,NA
"4055",0,8,NA,NA,3.41014862060547,17.9522705078125,515.419921875,0.02557375,5.2646484375,28.395,NA
"4056",0,8,NA,NA,3.41014862060547,17.9522705078125,516.044921875,0.02557375,5.26484375,28.429,NA
"4057",0,8,NA,NA,3.38497161865234,17.8204345703125,516.6015625,0.025385,5.26484375,28.463,NA
"4058",0,8,NA,NA,3.38287353515625,17.81005859375,517.216796875,0.025369375,5.26484375,28.497,NA
"4059",0,8,NA,NA,3.38287353515625,17.81005859375,517.841796875,0.0253853125,5.2642578125,28.531,NA
"4060",0,8,NA,NA,3.38497161865234,17.8192138671875,518.45703125,0.0253853125,5.2642578125,28.565,NA
"4061",0,8,NA,NA,3.39488983154297,17.8729248046875,519.0234375,0.0254603125,5.2646484375,28.599,NA
"4062",0,8,NA,NA,3.39488983154297,17.8729248046875,519.6484375,0.0254671875,5.2642578125,28.633,NA
"4063",0,8,NA,NA,3.39584350585938,17.8765869140625,520.263671875,0.0254671875,5.2642578125,28.667,NA
"4064",0,8,NA,NA,3.39508056640625,17.8717041015625,520.87890625,0.025461875,5.2640625,28.701,NA
"4065",0,8,NA,NA,3.39508056640625,17.8717041015625,521.4453125,0.025394375,5.2650390625,28.735,NA
"4066",0,8,NA,NA,3.38611602783203,17.8277587890625,522.0703125,0.025394375,5.2650390625,28.769,NA
"4067",0,8,NA,NA,3.41358184814453,17.97119140625,522.685546875,0.025600625,5.2646484375,28.803,NA
"4068",0,8,NA,NA,3.41358184814453,17.97119140625,523.30078125,0.02530375,5.2646484375,28.837,NA
"4069",0,8,NA,NA,3.37409973144531,17.763671875,523.92578125,0.02530375,5.2646484375,28.871,NA
"4070",0,8,NA,NA,3.41510772705078,17.9779052734375,524.4921875,0.0256115625,5.2642578125,28.905,NA
"4071",0,8,NA,NA,3.41510772705078,17.735595703125,525.107421875,0.0252659375,5.2642578125,28.939,NA
"4072",0,8,NA,NA,3.36894989013672,17.735595703125,525.732421875,0.0252659375,5.2642578125,28.973,NA
"4073",0,8,NA,NA,3.40194702148438,17.90771484375,526.34765625,0.025513125,5.2640625,29.007,NA
"4074",0,8,NA,NA,3.37677001953125,17.777099609375,526.904296875,0.0253240625,5.2646484375,29.041,NA
"4075",0,8,NA,NA,3.37677001953125,17.777099609375,527.529296875,0.0253240625,5.2646484375,29.075,NA
"4076",0,8,NA,NA,3.40213775634766,17.91015625,528.154296875,0.0255134375,5.2646484375,29.109,NA
"4077",0,8,NA,NA,3.38344573974609,17.811279296875,528.76953125,0.02537375,5.264453125,29.143,NA
"4078",0,8,NA,NA,3.38344573974609,17.811279296875,529.3359375,0.02537375,5.264453125,29.177,NA
"4079",0,8,NA,NA,3.40194702148438,17.9095458984375,529.951171875,0.0255121875,5.2646484375,29.211,NA
"4080",0,8,NA,NA,3.39221954345703,17.857666015625,530.576171875,0.0254396875,5.264453125,29.246,NA
"4081",0,8,NA,NA,3.39221954345703,17.857666015625,531.19140625,0.0254396875,5.264453125,29.28,NA
"4082",0,8,NA,NA,3.37657928466797,17.7764892578125,531.806640625,0.0253225,5.26484375,29.314,NA
"4083",0,8,NA,NA,3.38764190673828,17.83447265625,532.431640625,0.025405,5.26484375,29.348,NA
"4084",0,8,NA,NA,3.38764190673828,17.83447265625,533.046875,0.025405,5.26484375,29.382,NA
"4085",0,8,NA,NA,3.39775085449219,17.886962890625,533.61328125,0.025480625,5.2646484375,29.416,NA
"4086",0,8,NA,NA,3.39813232421875,17.890625,534.23828125,0.025485,5.26484375,29.45,NA
"4087",0,8,NA,NA,3.39813232421875,17.890625,534.853515625,0.025485,5.26484375,29.484,NA
"4088",0,8,NA,NA,3.38649749755859,17.828369140625,535.46875,0.025396875,5.26484375,29.518,NA
"4089",0,8,NA,NA,3.37047576904297,17.744140625,536.025390625,0.025276875,5.2646484375,29.552,NA
"4090",0,8,NA,NA,3.37047576904297,17.744140625,536.640625,0.025276875,5.2646484375,29.586,NA
"4091",0,8,NA,NA,3.3721923828125,17.7520751953125,537.255859375,0.025289375,5.264453125,29.62,NA
"4092",0,8,NA,NA,3.39622497558594,17.879638671875,537.880859375,0.0254703125,5.2646484375,29.654,NA
"4093",0,8,NA,NA,3.39622497558594,17.879638671875,538.447265625,0.0254703125,5.2646484375,29.688,NA
"4094",0,8,NA,NA,3.38153839111328,17.8021240234375,539.072265625,0.02536,5.264453125,29.722,NA
"4095",0,8,NA,NA,3.42235565185547,18.017578125,539.6875,0.0256653125,5.2650390625,29.756,NA
"4096",0,8,NA,NA,3.42235565185547,18.017578125,540.302734375,0.0256653125,5.2650390625,29.79,NA
"4097",0,8,NA,NA,3.37562561035156,17.7679443359375,540.927734375,0.025315,5.2638671875,29.824,NA
"4098",0,8,NA,NA,3.40385437011719,17.919921875,541.494140625,0.0255265625,5.2646484375,29.858,NA
"4099",0,8,NA,NA,3.40385437011719,17.919921875,542.109375,0.0255265625,5.2646484375,29.892,NA
"4100",0,8,NA,NA,3.39221954345703,17.8582763671875,542.724609375,0.025439375,5.2646484375,29.926,NA
"4101",0,8,NA,NA,3.37677001953125,17.77587890625,543.349609375,0.0253234375,5.264453125,29.96,NA
"4102",0,8,NA,NA,3.37677001953125,17.77587890625,543.916015625,0.0253234375,5.26484375,29.994,NA
"4103",0,8,NA,NA,3.41148376464844,17.960205078125,544.541015625,0.0255846875,5.26484375,30.028,NA
"4104",0,8,NA,NA,3.40747833251953,17.939453125,545.15625,0.025555,5.2646484375,30.062,NA
"4105",0,8,NA,NA,3.40747833251953,17.939453125,545.78125,0.025456875,5.2642578125,30.096,NA
"4106",0,8,NA,NA,3.39450836181641,17.8692626953125,546.396484375,0.025456875,5.2642578125,30.13,NA
"4107",0,8,NA,NA,3.37066650390625,17.744140625,546.953125,0.0252778125,5.264453125,30.164,NA
"4108",0,8,NA,NA,3.37066650390625,17.744140625,547.568359375,0.0253378125,5.2650390625,30.198,NA
"4109",0,8,NA,NA,3.37867736816406,17.7880859375,548.193359375,0.0253378125,5.2650390625,30.232,NA
"4110",0,8,NA,NA,3.39527130126953,17.8753662109375,548.80859375,0.025463125,5.2646484375,30.267,NA
"4111",0,8,NA,NA,3.39527130126953,17.8753662109375,549.423828125,0.02528125,5.2646484375,30.301,NA
"4112",0,8,NA,NA,3.37104797363281,17.7471923828125,550.0390625,0.02528125,5.2646484375,30.335,NA
"4113",0,8,NA,NA,3.38249206542969,17.80517578125,550.60546875,0.0253665625,5.2640625,30.369,NA
"4114",0,9,NA,NA,3.41224670410156,17.9632568359375,552.587890625,0.0255896875,5.2646484375,30.478,NA
"4115",0,9,NA,NA,3.52153778076172,18.53759765625,553.251953125,0.026409375,5.2640625,30.512,NA
"4116",0,9,NA,NA,3.52153778076172,18.53759765625,553.84765625,0.026409375,5.2640625,30.546,NA
"4117",0,9,NA,NA,3.60393524169922,18.97216796875,554.501953125,0.027026875,5.264453125,30.58,NA
"4118",0,9,NA,NA,3.57513427734375,18.8189697265625,555.15625,0.02681125,5.2640625,30.614,NA
"4119",0,9,NA,NA,3.57513427734375,18.8189697265625,555.810546875,0.02681125,5.2640625,30.648,NA
"4120",0,9,NA,NA,3.57265472412109,18.8055419921875,556.46484375,0.026793125,5.2638671875,30.682,NA
"4121",0,9,NA,NA,3.59287261962891,18.9129638671875,557.060546875,0.02694375,5.2642578125,30.716,NA
"4122",0,9,NA,NA,3.59287261962891,18.9129638671875,557.705078125,0.02694375,5.2642578125,30.75,NA
"4123",0,9,NA,NA,3.55396270751953,18.707275390625,558.359375,0.0266534375,5.263671875,30.784,NA
"4124",0,9,NA,NA,3.56502532958984,18.7664794921875,559.00390625,0.0267359375,5.2640625,30.818,NA
"4125",0,9,NA,NA,3.56502532958984,18.7664794921875,559.599609375,0.0267359375,5.264453125,30.852,NA
"4126",0,9,NA,NA,3.57265472412109,18.8079833984375,560.25390625,0.0267934375,5.264453125,30.886,NA
"4127",0,9,NA,NA,3.58009338378906,18.843994140625,560.908203125,0.0268490625,5.263671875,30.92,NA
"4128",0,9,NA,NA,3.58009338378906,18.843994140625,561.552734375,0.0266865625,5.264453125,30.954,NA
"4129",0,9,NA,NA,3.558349609375,18.73291015625,562.1484375,0.0266865625,5.264453125,30.988,NA
"4130",0,9,NA,NA,3.58676910400391,18.8800048828125,562.802734375,0.0268984375,5.2638671875,31.022,NA
"4131",0,10,NA,NA,3.41072082519531,17.955322265625,565.2734375,0.02645125,5.264453125,31.156,NA
"4132",0,10,NA,NA,3.52706909179688,18.568115234375,565.91796875,0.02645125,5.264453125,31.19,NA
"4133",0,10,NA,NA,3.50627899169922,18.455810546875,566.50390625,0.0262953125,5.2638671875,31.224,NA
"4134",0,10,NA,NA,3.50627899169922,18.455810546875,567.138671875,0.02617625,5.2642578125,31.258,NA
"4135",0,10,NA,NA,3.49044799804688,18.3740234375,567.7734375,0.02617625,5.2642578125,31.292,NA
"4136",0,10,NA,NA,3.49216461181641,18.3837890625,568.408203125,0.02619,5.2642578125,31.326,NA
"4137",0,10,NA,NA,3.49216461181641,18.3837890625,568.994140625,0.0263790625,5.26484375,31.36,NA
"4138",0,10,NA,NA,3.51753234863281,18.51806640625,569.658203125,0.0263790625,5.26484375,31.394,NA
"4139",0,10,NA,NA,3.56616973876953,18.77197265625,570.29296875,0.02674375,5.2642578125,31.428,NA
"4140",0,10,NA,NA,3.56616973876953,18.77197265625,570.9375,0.0262025,5.26484375,31.463,NA
"4141",0,10,NA,NA,3.49388122558594,18.394775390625,571.572265625,0.0262025,5.26484375,31.497,NA
"4142",0,10,NA,NA,3.52458953857422,18.555908203125,572.216796875,0.0264325,5.26484375,31.531,NA
"4143",0,10,NA,NA,3.47633361816406,18.299560546875,572.79296875,0.026070625,5.2642578125,31.565,NA
"4144",0,10,NA,NA,3.47633361816406,18.299560546875,573.45703125,0.026070625,5.2642578125,31.599,NA
"4145",0,10,NA,NA,3.60565185546875,18.9801025390625,574.091796875,0.0270403125,5.2640625,31.633,NA
"4146",0,10,NA,NA,3.47671508789063,18.3038330078125,574.7265625,0.0260740625,5.26484375,31.667,NA
"4147",0,10,NA,NA,3.47671508789063,18.3038330078125,575.3125,0.0260740625,5.26484375,31.701,NA
"4148",0,10,NA,NA,3.48567962646484,18.3514404296875,575.947265625,0.026140625,5.26484375,31.735,NA
"4149",0,10,NA,NA,3.50761413574219,18.4637451171875,576.591796875,0.026305625,5.2638671875,31.769,NA
"4150",0,10,NA,NA,3.50761413574219,18.4637451171875,577.24609375,0.026305625,5.2638671875,31.803,NA
"4151",0,10,NA,NA,3.58085632324219,18.851318359375,577.841796875,0.0268546875,5.264453125,31.837,NA
"4152",0,10,NA,NA,3.54499816894531,18.660888671875,578.486328125,0.026585625,5.2640625,31.871,NA
"4153",0,10,NA,NA,3.54499816894531,18.660888671875,579.12109375,0.026585625,5.2640625,31.905,NA
"4154",0,10,NA,NA,3.46240997314453,18.2275390625,579.755859375,0.02596625,5.264453125,31.939,NA
"4155",0,10,NA,NA,3.48930358886719,18.3697509765625,580.33203125,0.0261684375,5.2646484375,31.973,NA
"4156",0,10,NA,NA,3.48930358886719,18.3697509765625,580.966796875,0.0261684375,5.2646484375,32.007,NA
"4157",0,10,NA,NA,3.49807739257812,18.41552734375,581.62109375,0.026234375,5.264453125,32.041,NA
"4158",0,10,NA,NA,3.54728698730469,18.673095703125,582.265625,0.0266028125,5.2640625,32.075,NA
"4159",0,10,NA,NA,3.54728698730469,18.673095703125,582.900390625,0.0266028125,5.2640625,32.109,NA
"4160",0,10,NA,NA,3.50475311279297,18.44970703125,583.486328125,0.0262834375,5.2642578125,32.143,NA
"4161",0,10,NA,NA,3.48911285400391,18.3673095703125,584.12109375,0.0261665625,5.2640625,32.177,NA
"4162",0,10,NA,NA,3.48911285400391,18.3673095703125,584.755859375,0.0261665625,5.2640625,32.211,NA
"4163",0,10,NA,NA,3.49636077880859,18.40576171875,585.419921875,0.02622125,5.2642578125,32.245,NA
"4164",0,10,NA,NA,3.60698699951172,18.985595703125,586.005859375,0.0270496875,5.263671875,32.279,NA
"4165",0,10,NA,NA,3.60698699951172,18.985595703125,586.640625,0.0270496875,5.263671875,32.313,NA
"4166",0,10,NA,NA,3.48720550537109,18.3563232421875,587.275390625,0.0261521875,5.2640625,32.347,NA
"4167",0,10,NA,NA,3.47766876220703,18.3074951171875,587.91015625,0.026080625,5.264453125,32.381,NA
"4168",0,10,NA,NA,3.47766876220703,18.3074951171875,588.486328125,0.026080625,5.264453125,32.415,NA
"4169",0,10,NA,NA,3.48262786865234,18.3343505859375,589.140625,0.0261178125,5.2646484375,32.449,NA
"4170",0,10,NA,NA,3.60107421875,18.9556884765625,589.8046875,0.027005625,5.2640625,32.483,NA
"4171",0,10,NA,NA,3.60107421875,18.9556884765625,590.439453125,0.027005625,5.2638671875,32.518,NA
"4172",0,10,NA,NA,3.51886749267578,18.52294921875,591.07421875,0.0263896875,5.2638671875,32.552,NA
"4173",0,10,NA,NA,3.50589752197266,18.45458984375,591.71875,0.0262928125,5.2638671875,32.586,NA
"4174",0,10,NA,NA,3.50589752197266,18.45458984375,592.3046875,0.0262928125,5.2642578125,32.62,NA
"4175",0,10,NA,NA,3.49311828613281,18.388671875,592.939453125,0.0261971875,5.2642578125,32.654,NA
"4176",0,10,NA,NA,3.582763671875,18.8592529296875,593.603515625,0.0268690625,5.2640625,32.688,NA
"4177",0,10,NA,NA,3.582763671875,18.8592529296875,594.23828125,0.0262421875,5.2642578125,32.722,NA
"4178",0,10,NA,NA,3.49922180175781,18.42041015625,594.8828125,0.0262421875,5.2642578125,32.756,NA
"4179",0,10,NA,NA,3.48911285400391,18.3660888671875,595.458984375,0.026166875,5.2638671875,32.79,NA
"4180",0,10,NA,NA,3.48911285400391,18.3660888671875,596.103515625,0.02635,5.2646484375,32.824,NA
"4181",0,10,NA,NA,3.51352691650391,18.497314453125,596.73828125,0.02635,5.2646484375,32.858,NA
"4182",0,10,NA,NA,3.5064697265625,18.458251953125,597.392578125,0.02629625,5.2642578125,32.892,NA
"4183",0,10,NA,NA,3.5064697265625,18.458251953125,597.98828125,0.026856875,5.26484375,32.926,NA
"4184",0,10,NA,NA,3.58123779296875,18.853759765625,598.623046875,0.026856875,5.26484375,32.96,NA
"4185",0,10,NA,NA,3.50322723388672,18.441162109375,599.2578125,0.0262728125,5.2640625,32.994,NA
"4186",0,10,NA,NA,3.50322723388672,18.441162109375,599.90234375,0.026171875,5.264453125,33.028,NA
"4187",0,10,NA,NA,3.48987579345703,18.37158203125,600.478515625,0.026171875,5.264453125,33.062,NA
"4188",0,10,NA,NA,3.47023010253906,18.267822265625,601.11328125,0.026024375,5.264453125,33.096,NA
"4189",0,10,NA,NA,3.47023010253906,18.919677734375,601.77734375,0.0269534375,5.264453125,33.13,NA
"4190",0,10,NA,NA,3.59401702880859,18.919677734375,602.421875,0.0269534375,5.264453125,33.164,NA
"4191",0,10,NA,NA,3.50704193115234,18.4625244140625,603.056640625,0.0263015625,5.2642578125,33.198,NA
"4192",0,10,NA,NA,3.49082946777344,18.377685546875,603.6328125,0.0261790625,5.26484375,33.232,NA
"4193",0,10,NA,NA,3.49082946777344,18.377685546875,604.267578125,0.0261790625,5.26484375,33.266,NA
"4194",0,10,NA,NA,3.48186492919922,18.3282470703125,604.90234375,0.026111875,5.2640625,33.3,NA
"4195",0,11,NA,NA,3.52210998535156,18.5394287109375,607.32421875,0.0264134375,5.2640625,33.434,NA
"4196",0,11,NA,NA,3.52210998535156,18.5394287109375,607.96875,0.0264134375,5.2640625,33.468,NA
"4197",0,11,NA,NA,3.55644226074219,18.7213134765625,608.623046875,0.026671875,5.2640625,33.502,NA
"4198",0,11,NA,NA,3.53336334228516,18.60107421875,609.267578125,0.0264984375,5.264453125,33.536,NA
"4199",0,11,NA,NA,3.53336334228516,18.60107421875,609.84375,0.0264984375,5.264453125,33.57,NA
"4200",0,11,NA,NA,3.51982116699219,18.52783203125,610.48828125,0.0263965625,5.2640625,33.604,NA
"4201",0,11,NA,NA,3.52039337158203,18.5321044921875,611.1328125,0.026400625,5.264453125,33.639,NA
"4202",0,11,NA,NA,3.52039337158203,18.5321044921875,611.787109375,0.026400625,5.264453125,33.673,NA
"4203",0,11,NA,NA,3.54728698730469,18.673095703125,612.431640625,0.026603125,5.2640625,33.707,NA
"4204",0,11,NA,NA,3.55739593505859,18.7249755859375,613.076171875,0.026678125,5.263671875,33.741,NA
"4205",0,11,NA,NA,3.55739593505859,18.7249755859375,613.671875,0.026678125,5.263671875,33.775,NA
"4206",0,11,NA,NA,3.55987548828125,18.7371826171875,614.31640625,0.0266975,5.2634765625,33.809,NA
"4207",0,11,NA,NA,3.54118347167969,18.6407470703125,614.970703125,0.02655625,5.2640625,33.843,NA
"4208",0,11,NA,NA,3.54118347167969,18.6407470703125,615.615234375,0.02655625,5.2640625,33.877,NA
"4209",0,11,NA,NA,3.54671478271484,18.6700439453125,616.259765625,0.026598125,5.2642578125,33.911,NA
"4210",0,11,NA,NA,3.53527069091797,18.6102294921875,616.845703125,0.0265125,5.2642578125,33.945,NA
"4211",0,11,NA,NA,3.53527069091797,18.6102294921875,617.490234375,0.0265125,5.2642578125,33.979,NA
"4212",0,11,NA,NA,3.50513458251953,18.4521484375,618.134765625,0.0262865625,5.2642578125,34.013,NA
"4213",0,11,NA,NA,3.56655120849609,18.773193359375,618.779296875,0.0267478125,5.263671875,34.047,NA
"4214",0,11,NA,NA,3.56655120849609,18.773193359375,619.375,0.0267478125,5.263671875,34.081,NA
"4215",0,11,NA,NA,3.52821350097656,18.5736083984375,620.01953125,0.02646,5.264453125,34.115,NA
"4216",0,11,NA,NA,3.55854034423828,18.7335205078125,620.6640625,0.0266875,5.264453125,34.149,NA
"4217",0,11,NA,NA,3.55854034423828,18.7335205078125,621.318359375,0.0266875,5.264453125,34.183,NA
"4218",0,11,NA,NA,3.55739593505859,18.7261962890625,621.904296875,0.02667875,5.2640625,34.217,NA
"4219",0,11,NA,NA,3.53355407714844,18.602294921875,622.55859375,0.0265003125,5.264453125,34.251,NA
"4220",0,11,NA,NA,3.53355407714844,18.602294921875,623.203125,0.0265003125,5.264453125,34.285,NA
"4221",0,11,NA,NA,3.55186462402344,18.6962890625,623.84765625,0.02663625,5.2640625,34.319,NA
"4222",0,11,NA,NA,3.55205535888672,18.697509765625,624.43359375,0.026638125,5.2640625,34.353,NA
"4223",0,11,NA,NA,3.55205535888672,18.697509765625,625.09765625,0.026638125,5.264453125,34.387,NA
"4224",0,11,NA,NA,3.57398986816406,18.8140869140625,625.7421875,0.0268021875,5.264453125,34.421,NA
"4225",0,11,NA,NA,3.55243682861328,18.7017822265625,626.38671875,0.026640625,5.2646484375,34.455,NA
"4226",0,11,NA,NA,3.55243682861328,18.7017822265625,626.982421875,0.026640625,5.2646484375,34.489,NA
"4227",0,11,NA,NA,3.54328155517578,18.6541748046875,627.6171875,0.0265728125,5.2646484375,34.523,NA
"4228",0,11,NA,NA,3.509521484375,18.4747314453125,628.26171875,0.0263196875,5.2642578125,34.557,NA
"4229",0,11,NA,NA,3.509521484375,18.4747314453125,628.90625,0.0264909375,5.2638671875,34.591,NA
"4230",0,12,NA,NA,10.3086471557617,54.097900390625,0.849609375,0.0773075,5.2478515625,0.021,NA
"4231",0,12,NA,NA,10.2935791015625,54.0203857421875,2.548828125,0.0771946875,5.248046875,0.056,NA
"4232",0,12,NA,NA,10.3309631347656,54.210205078125,4.443359375,0.077475,5.2474609375,0.09,NA
"4233",0,12,NA,NA,10.3309631347656,54.210205078125,6.318359375,0.077475,5.2474609375,0.124,NA
"4234",0,12,NA,NA,10.3200912475586,54.1552734375,8.193359375,0.0773934375,5.24765625,0.158,NA
"4235",0,12,NA,NA,10.3252410888672,54.183349609375,10.078125,0.077431875,5.24765625,0.192,NA
"4236",0,12,NA,NA,10.3252410888672,54.183349609375,11.953125,0.077431875,5.24765625,0.226,NA
"4237",0,12,NA,NA,10.3130340576172,54.1180419921875,13.662109375,0.07734125,5.2474609375,0.26,NA
"4238",0,12,NA,NA,10.31494140625,54.1302490234375,15.546875,0.077354375,5.2478515625,0.294,NA
"4239",0,12,NA,NA,10.31494140625,54.1302490234375,17.421875,0.077354375,5.2478515625,0.329,NA
"4240",0,12,NA,NA,10.3107452392578,54.1107177734375,19.306640625,0.077323125,5.248046875,0.363,NA
"4241",0,12,NA,NA,10.3170394897461,54.136962890625,21.181640625,0.077370625,5.2474609375,0.397,NA
"4242",0,12,NA,NA,10.3170394897461,54.136962890625,22.890625,0.077370625,5.2474609375,0.431,NA
"4243",0,12,NA,NA,10.3328704833984,54.2230224609375,24.775390625,0.0774896875,5.24765625,0.465,NA
"4244",0,12,NA,NA,10.331916809082,54.2181396484375,26.650390625,0.0774815625,5.24765625,0.499,NA
"4245",0,12,NA,NA,10.331916809082,54.2181396484375,28.525390625,0.0774815625,5.24765625,0.533,NA
"4246",0,12,NA,NA,10.2941513061523,54.01611328125,30.41015625,0.07719875,5.247265625,0.567,NA
"4247",0,12,NA,NA,10.3443145751953,54.283447265625,32.119140625,0.077575625,5.24765625,0.601,NA
"4248",0,12,NA,NA,10.3443145751953,54.283447265625,34.00390625,0.077575625,5.24765625,0.635,NA
"4249",0,12,NA,NA,10.3176116943359,54.1424560546875,35.87890625,0.0773753125,5.24765625,0.669,NA
"4250",0,12,NA,NA,10.3153228759766,54.136962890625,37.763671875,0.077358125,5.2482421875,0.703,NA
"4251",0,12,NA,NA,10.3153228759766,54.136962890625,39.6484375,0.0774834375,5.2478515625,0.737,NA
"4252",0,12,NA,NA,10.3321075439453,54.22119140625,41.357421875,0.0774834375,5.2478515625,0.771,NA
"4253",0,12,NA,NA,10.3322982788086,54.2236328125,43.232421875,0.0774853125,5.248046875,0.806,NA
"4254",0,12,NA,NA,10.3322982788086,54.2236328125,45.1171875,0.0774384375,5.24765625,0.84,NA
"4255",0,12,NA,NA,10.3260040283203,54.188232421875,47.001953125,0.0774384375,5.24765625,0.874,NA
"4256",0,12,NA,NA,10.3412628173828,54.2633056640625,48.88671875,0.077553125,5.247265625,0.908,NA
"4257",0,12,NA,NA,10.3412628173828,54.2633056640625,50.595703125,0.077411875,5.247265625,0.942,NA
"4258",0,12,NA,NA,10.3225708007812,54.1650390625,52.470703125,0.077411875,5.247265625,0.976,NA
"4259",0,12,NA,NA,10.3120803833008,54.111328125,54.345703125,0.077333125,5.2474609375,1.01,NA
"4260",0,12,NA,NA,10.3120803833008,54.111328125,56.23046875,0.077451875,5.2474609375,1.044,NA
"4261",0,12,NA,NA,10.3279113769531,54.1949462890625,58.115234375,0.077451875,5.2474609375,1.078,NA
"4262",0,12,NA,NA,10.331916809082,54.2230224609375,59.990234375,0.077481875,5.2482421875,1.113,NA
"4263",0,12,NA,NA,10.3404998779297,54.2645263671875,61.708984375,0.0775465625,5.2478515625,1.147,NA
"4264",0,12,NA,NA,10.3404998779297,54.2645263671875,63.59375,0.0775465625,5.2478515625,1.181,NA
"4265",0,12,NA,NA,10.3387832641602,54.2596435546875,65.46875,0.07753375,5.2482421875,1.215,NA
"4266",0,12,NA,NA,10.3303909301758,54.2095947265625,67.353515625,0.0774703125,5.24765625,1.249,NA
"4267",0,12,NA,NA,10.3303909301758,54.2095947265625,69.0625,0.0774703125,5.24765625,1.283,NA
"4268",0,12,NA,NA,10.3254318237305,54.180908203125,70.947265625,0.0774340625,5.247265625,1.317,NA
"4269",0,12,NA,NA,10.3662490844727,54.405517578125,72.841796875,0.0777403125,5.2484375,1.351,NA
"4270",0,12,NA,NA,10.3662490844727,54.405517578125,74.716796875,0.0777403125,5.2484375,1.385,NA
"4271",0,12,NA,NA,10.3364944458008,54.246826171875,76.42578125,0.077516875,5.248046875,1.419,NA
"4272",0,12,NA,NA,10.3221893310547,54.1680908203125,78.310546875,0.07740875,5.2478515625,1.453,NA
"4273",0,12,NA,NA,10.3221893310547,54.1680908203125,80.1953125,0.07740875,5.2478515625,1.487,NA
"4274",0,12,NA,NA,10.3204727172852,54.1619873046875,82.0703125,0.077396875,5.248046875,1.521,NA
"4275",0,12,NA,NA,10.3113174438477,54.1082763671875,83.955078125,0.0773275,5.2474609375,1.555,NA
"4276",0,12,NA,NA,10.3113174438477,54.1082763671875,85.6640625,0.0773275,5.2474609375,1.589,NA
"4277",0,12,NA,NA,10.3322982788086,54.222412109375,87.5390625,0.077485,5.2478515625,1.623,NA
"4278",0,12,NA,NA,10.3254318237305,54.1839599609375,89.423828125,0.0774340625,5.24765625,1.657,NA
"4279",0,12,NA,NA,10.3254318237305,54.1839599609375,91.30859375,0.0774340625,5.24765625,1.691,NA
"4280",0,12,NA,NA,10.356330871582,54.34326171875,93.193359375,0.077665625,5.247265625,1.726,NA
"4281",0,12,NA,NA,10.3414535522461,54.26513671875,94.912109375,0.077554375,5.247265625,1.76,NA
"4282",0,12,NA,NA,10.3414535522461,54.26513671875,96.787109375,0.077554375,5.247265625,1.794,NA
"4283",0,12,NA,NA,10.3429794311523,54.278564453125,98.671875,0.0775653125,5.2478515625,1.828,NA
"4284",0,12,NA,NA,10.3157043457031,54.1314697265625,100.546875,0.07736,5.2474609375,1.862,NA
"4285",0,12,NA,NA,10.3157043457031,54.1314697265625,102.431640625,0.07736,5.2474609375,1.896,NA
"4286",0,12,NA,NA,10.3340148925781,54.2315673828125,104.140625,0.077498125,5.2478515625,1.93,NA
"4287",0,12,NA,NA,10.3322982788086,54.2193603515625,106.025390625,0.077485625,5.24765625,1.964,NA
"4288",0,12,NA,NA,10.3322982788086,54.2193603515625,107.91015625,0.077485625,5.2478515625,1.998,NA
"4289",0,12,NA,NA,10.3290557861328,54.205322265625,109.78515625,0.07746125,5.2478515625,2.032,NA
"4290",0,12,NA,NA,10.3366851806641,54.23828125,111.669921875,0.0775184375,5.2470703125,2.066,NA
"4291",0,12,NA,NA,10.3366851806641,54.23828125,113.5546875,0.0775184375,5.2478515625,2.101,NA
"4292",0,12,NA,NA,10.3164672851562,54.139404296875,115.25390625,0.07736625,5.2478515625,2.135,NA
"4293",0,12,NA,NA,10.3317260742188,54.2108154296875,117.1484375,0.0774815625,5.2470703125,2.169,NA
"4294",0,12,NA,NA,10.3317260742188,54.2108154296875,119.0234375,0.077430625,5.2478515625,2.204,NA
"4295",0,12,NA,NA,10.3250503540039,54.183349609375,120.908203125,0.077430625,5.2478515625,2.238,NA
"4296",0,12,NA,NA,10.3303909301758,54.20654296875,122.783203125,0.07747,5.2474609375,2.272,NA
"4297",0,12,NA,NA,10.3303909301758,54.20654296875,124.66796875,0.0774521875,5.247265625,2.306,NA
"4298",0,12,NA,NA,10.3279113769531,54.1937255859375,126.376953125,0.0774521875,5.247265625,2.34,NA
"4299",0,12,NA,NA,10.3324890136719,54.2205810546875,128.26171875,0.0774859375,5.24765625,2.374,NA
"4300",0,12,NA,NA,10.3324890136719,54.2205810546875,130.13671875,0.0774225,5.2470703125,2.408,NA
"4301",0,12,NA,NA,10.3239059448242,54.169921875,132.021484375,0.0774225,5.2470703125,2.442,NA
"4302",0,12,NA,NA,10.3279113769531,54.200439453125,133.90625,0.0774528125,5.248046875,2.476,NA
"4303",0,12,NA,NA,10.3363037109375,54.2431640625,135.615234375,0.0775153125,5.2478515625,2.51,NA
"4304",0,12,NA,NA,10.3363037109375,54.2431640625,137.490234375,0.0775153125,5.2478515625,2.544,NA
"4305",0,12,NA,NA,10.331916809082,54.2156982421875,139.384765625,0.0774815625,5.2474609375,2.578,NA
"4306",0,12,NA,NA,10.3509902954102,54.32373046875,141.26953125,0.077625,5.2482421875,2.612,NA
"4307",0,12,NA,NA,10.3509902954102,54.32373046875,142.978515625,0.077625,5.2482421875,2.647,NA
"4308",0,12,NA,NA,10.3422164916992,54.2706298828125,144.86328125,0.0775590625,5.24765625,2.681,NA
"4309",0,12,NA,NA,10.3130340576172,54.1168212890625,146.73828125,0.077340625,5.2474609375,2.715,NA
"4310",0,12,NA,NA,10.3130340576172,54.1168212890625,148.623046875,0.077340625,5.2474609375,2.749,NA
"4311",0,12,NA,NA,10.350227355957,54.3133544921875,150.5078125,0.07762,5.2474609375,2.783,NA
"4312",0,12,NA,NA,10.3336334228516,54.227294921875,152.216796875,0.0774953125,5.24765625,2.817,NA
"4313",0,12,NA,NA,10.3336334228516,54.227294921875,154.1015625,0.0774953125,5.24765625,2.851,NA
"4314",0,12,NA,NA,10.346794128418,54.29443359375,155.986328125,0.0775940625,5.2474609375,2.885,NA
"4315",0,12,NA,NA,10.3183746337891,54.1485595703125,157.861328125,0.0773809375,5.2478515625,2.919,NA
"4316",0,12,NA,NA,10.3183746337891,54.1485595703125,159.5703125,0.0773809375,5.2478515625,2.953,NA
"4317",0,12,NA,NA,10.3172302246094,54.144287109375,161.4453125,0.077371875,5.248046875,2.987,NA
"4318",0,12,NA,NA,10.3208541870117,54.1552734375,163.330078125,0.07739875,5.247265625,3.021,NA
"4319",0,12,NA,NA,10.3208541870117,54.1552734375,165.21484375,0.07739875,5.247265625,3.055,NA
"4320",0,12,NA,NA,10.3342056274414,54.2340087890625,167.099609375,0.077499375,5.248046875,3.089,NA
"4321",0,12,NA,NA,10.3248596191406,54.180908203125,168.80859375,0.07743,5.24765625,3.123,NA
"4322",0,12,NA,NA,10.3248596191406,54.180908203125,170.693359375,0.07743,5.24765625,3.157,NA
"4323",0,12,NA,NA,10.3437423706055,54.27734375,172.568359375,0.0775715625,5.247265625,3.191,NA
"4324",0,12,NA,NA,10.3328704833984,54.2254638671875,174.453125,0.0774890625,5.2478515625,3.225,NA
"4325",0,12,NA,NA,10.3328704833984,54.2254638671875,176.328125,0.0774890625,5.2478515625,3.259,NA
"4326",0,12,NA,NA,10.3166580200195,54.1375732421875,178.037109375,0.0773678125,5.24765625,3.293,NA
"4327",0,12,NA,NA,10.301399230957,54.0618896484375,179.912109375,0.077253125,5.248046875,3.327,NA
"4328",0,12,NA,NA,10.301399230957,54.0618896484375,181.796875,0.077253125,5.248046875,3.361,NA
"4329",0,12,NA,NA,10.3179931640625,54.1461181640625,183.671875,0.077378125,5.2478515625,3.395,NA
"4330",0,12,NA,NA,10.3059768676758,54.0875244140625,185.380859375,0.0772878125,5.2482421875,3.429,NA
"4331",0,12,NA,NA,10.3059768676758,54.0875244140625,187.265625,0.0772878125,5.2470703125,3.463,NA
"4332",0,12,NA,NA,10.3425979614258,54.2681884765625,189.150390625,0.077561875,5.2470703125,3.497,NA
"4333",0,12,NA,NA,10.3326797485352,54.21875,191.025390625,0.0774878125,5.2474609375,3.531,NA
"4334",0,12,NA,NA,10.3326797485352,54.21875,192.91015625,0.07744,5.2478515625,3.565,NA
"4335",0,12,NA,NA,10.3261947631836,54.1912841796875,194.619140625,0.07744,5.2478515625,3.599,NA
"4336",0,12,NA,NA,10.3214263916016,54.1650390625,196.494140625,0.0774040625,5.2478515625,3.633,NA
"4337",0,12,NA,NA,10.3214263916016,54.1650390625,198.37890625,0.0772803125,5.248046875,3.667,NA
"4338",0,12,NA,NA,10.3050231933594,54.0802001953125,200.25390625,0.0772803125,5.248046875,3.701,NA
"4339",0,12,NA,NA,10.3269577026367,54.2010498046875,201.97265625,0.0774453125,5.2484375,3.735,NA
"4340",0,12,NA,NA,10.3269577026367,54.2010498046875,203.84765625,0.07756375,5.24765625,3.769,NA
"4341",0,12,NA,NA,10.3427886962891,54.2742919921875,205.732421875,0.07756375,5.24765625,3.803,NA
"4342",0,12,NA,NA,10.3403091430664,54.263916015625,207.6171875,0.0775453125,5.2478515625,3.837,NA
"4343",0,12,NA,NA,10.3403091430664,54.263916015625,209.501953125,0.0774721875,5.247265625,3.871,NA
"4344",0,12,NA,NA,10.3305816650391,54.2071533203125,211.2109375,0.0774721875,5.247265625,3.905,NA
"4345",0,12,NA,NA,10.3166580200195,54.140625,213.0859375,0.077368125,5.2478515625,3.939,NA
"4346",0,12,NA,NA,10.3166580200195,54.140625,214.970703125,0.0775784375,5.24765625,3.973,NA
"4347",0,12,NA,NA,10.3446960449219,54.28466796875,216.85546875,0.0775784375,5.24765625,4.007,NA
"4348",0,12,NA,NA,10.3187561035156,54.149169921875,218.564453125,0.0773834375,5.24765625,4.041,NA
"4349",0,12,NA,NA,10.3231430053711,54.1717529296875,220.439453125,0.0774159375,5.24765625,4.075,NA
"4350",0,12,NA,NA,10.3231430053711,54.1717529296875,222.314453125,0.0774159375,5.24765625,4.109,NA
"4351",0,12,NA,NA,10.296630859375,54.0283203125,224.19921875,0.0772178125,5.247265625,4.143,NA
"4352",0,12,NA,NA,10.3294372558594,54.20654296875,225.908203125,0.07746375,5.2478515625,4.177,NA
"4353",0,12,NA,NA,10.3294372558594,54.20654296875,227.79296875,0.07746375,5.2478515625,4.211,NA
"4354",0,12,NA,NA,10.3376388549805,54.246826171875,229.677734375,0.077525,5.2474609375,4.245,NA
"4355",0,12,NA,NA,10.3296279907227,54.205322265625,231.552734375,0.0774646875,5.24765625,4.28,NA
"4356",0,12,NA,NA,10.3296279907227,54.205322265625,233.427734375,0.0774646875,5.24765625,4.314,NA
"4357",0,12,NA,NA,10.321044921875,54.1619873046875,235.3125,0.0774003125,5.2478515625,4.348,NA
"4358",0,12,NA,NA,10.3071212768555,54.085693359375,237.021484375,0.07729625,5.2474609375,4.382,NA
"4359",0,12,NA,NA,10.3071212768555,54.085693359375,238.896484375,0.07729625,5.2474609375,4.416,NA
"4360",0,12,NA,NA,10.3128433227539,54.11865234375,240.771484375,0.0773390625,5.24765625,4.45,NA
"4361",0,12,NA,NA,10.3324890136719,54.2230224609375,242.65625,0.077486875,5.2478515625,4.484,NA
"4362",0,12,NA,NA,10.3324890136719,54.2230224609375,244.365234375,0.077486875,5.2478515625,4.518,NA
"4363",0,12,NA,NA,10.321044921875,54.166259765625,246.25,0.0774003125,5.2482421875,4.552,NA
"4364",0,12,NA,NA,10.3240966796875,54.180908203125,248.134765625,0.0774240625,5.248046875,4.586,NA
"4365",0,12,NA,NA,10.3240966796875,54.180908203125,250.009765625,0.0774240625,5.248046875,4.62,NA
"4366",0,12,NA,NA,10.313606262207,54.1217041015625,251.89453125,0.077345625,5.24765625,4.654,NA
"4367",0,12,NA,NA,10.3509902954102,54.315185546875,253.603515625,0.077625625,5.247265625,4.688,NA
"4368",0,12,NA,NA,10.3509902954102,54.315185546875,255.498046875,0.077625625,5.247265625,4.722,NA
"4369",0,12,NA,NA,10.3607177734375,54.368896484375,257.373046875,0.0776978125,5.24765625,4.756,NA
"4370",0,12,NA,NA,10.319709777832,54.1534423828125,259.248046875,0.0773903125,5.24765625,4.79,NA
"4371",0,12,NA,NA,10.319709777832,54.1534423828125,260.966796875,0.0773903125,5.24765625,4.824,NA
"4372",0,12,NA,NA,10.3252410888672,54.1839599609375,262.841796875,0.0774321875,5.2478515625,4.858,NA
"4373",0,12,NA,NA,10.3166580200195,54.1375732421875,264.7265625,0.0773675,5.24765625,4.892,NA
"4374",0,12,NA,NA,10.3166580200195,54.1375732421875,266.611328125,0.0773675,5.24765625,4.926,NA
"4375",0,12,NA,NA,10.3355407714844,54.239501953125,268.3203125,0.0775090625,5.2478515625,4.96,NA
"4376",0,12,NA,NA,10.3229522705078,54.1717529296875,270.1953125,0.0774146875,5.2478515625,4.994,NA
"4377",0,12,NA,NA,10.3229522705078,54.1717529296875,272.080078125,0.0774146875,5.2478515625,5.028,NA
"4378",0,12,NA,NA,10.3553771972656,54.3463134765625,273.974609375,0.07765875,5.248046875,5.062,NA
"4379",0,12,NA,NA,10.3662490844727,54.3975830078125,275.859375,0.0777396875,5.24765625,5.096,NA
"4380",0,12,NA,NA,10.3662490844727,54.3975830078125,277.568359375,0.0777396875,5.2478515625,5.13,NA
"4381",0,12,NA,NA,10.3275299072266,54.19677734375,279.453125,0.077449375,5.2478515625,5.164,NA
"4382",0,12,NA,NA,10.338020324707,54.25537109375,281.337890625,0.0775284375,5.2482421875,5.198,NA
"4383",0,12,NA,NA,10.338020324707,54.25537109375,283.212890625,0.07748875,5.2474609375,5.232,NA
"4384",0,12,NA,NA,10.3326797485352,54.2205810546875,284.931640625,0.07748875,5.2474609375,5.266,NA
"4385",0,12,NA,NA,10.3200912475586,54.156494140625,286.806640625,0.0773940625,5.24765625,5.3,NA
"4386",0,12,NA,NA,10.3200912475586,54.156494140625,288.681640625,0.07729625,5.248046875,5.335,NA
"4387",0,12,NA,NA,10.3071212768555,54.090576171875,290.56640625,0.07729625,5.248046875,5.369,NA
"4388",0,12,NA,NA,10.322380065918,54.166259765625,292.44140625,0.077410625,5.2474609375,5.403,NA
"4389",0,12,NA,NA,10.322380065918,54.166259765625,294.326171875,0.077503125,5.247265625,5.437,NA
"4390",0,12,NA,NA,10.3347778320313,54.2291259765625,296.03515625,0.077503125,5.247265625,5.471,NA
"4391",0,12,NA,NA,10.3294372558594,54.2047119140625,297.91015625,0.07746375,5.24765625,5.505,NA
"4392",0,12,NA,NA,10.3294372558594,54.2047119140625,299.794921875,0.0774371875,5.2478515625,5.539,NA
"4393",0,12,NA,NA,10.325813293457,54.1876220703125,301.6796875,0.0774371875,5.2478515625,5.573,NA
"4394",0,12,NA,NA,10.3254318237305,54.188232421875,303.388671875,0.0774334375,5.248046875,5.607,NA
"4395",0,12,NA,NA,10.333251953125,54.2230224609375,305.2734375,0.077491875,5.2474609375,5.641,NA
"4396",0,12,NA,NA,10.333251953125,54.2230224609375,307.1484375,0.077491875,5.2474609375,5.675,NA
"4397",0,12,NA,NA,10.3355407714844,54.237060546875,309.033203125,0.0775096875,5.24765625,5.709,NA
"4398",0,12,NA,NA,10.3193283081055,54.1546630859375,310.7421875,0.0773878125,5.2478515625,5.743,NA
"4399",0,12,NA,NA,10.3193283081055,54.1546630859375,312.626953125,0.0773878125,5.2478515625,5.777,NA
"4400",0,12,NA,NA,10.3464126586914,54.2926025390625,314.51171875,0.0775915625,5.2474609375,5.811,NA
"4401",0,12,NA,NA,10.3412628173828,54.27001953125,316.396484375,0.0775521875,5.2478515625,5.845,NA
"4402",0,12,NA,NA,10.3412628173828,54.27001953125,318.28125,0.0775521875,5.2478515625,5.879,NA
"4403",0,12,NA,NA,10.3347778320313,54.2333984375,319.990234375,0.077503125,5.24765625,5.913,NA
"4404",0,12,NA,NA,10.3397369384766,54.256591796875,321.875,0.0775409375,5.2474609375,5.947,NA
"4405",0,12,NA,NA,10.3397369384766,54.256591796875,323.75,0.0775409375,5.2474609375,5.981,NA
"4406",0,12,NA,NA,10.3265762329102,54.190673828125,325.634765625,0.077441875,5.2478515625,6.015,NA
"4407",0,12,NA,NA,10.3315353393555,54.2205810546875,327.34375,0.077479375,5.248046875,6.049,NA
"4408",0,12,NA,NA,10.3315353393555,54.2205810546875,329.228515625,0.077479375,5.248046875,6.083,NA
"4409",0,12,NA,NA,10.3265762329102,54.1876220703125,331.11328125,0.077441875,5.2474609375,6.117,NA
"4410",0,12,NA,NA,10.3322982788086,54.2236328125,332.98828125,0.077485625,5.248046875,6.151,NA
"4411",0,12,NA,NA,10.3322982788086,54.2236328125,334.873046875,0.077485625,5.248046875,6.185,NA
"4412",0,12,NA,NA,10.3225708007812,54.17236328125,336.572265625,0.0774115625,5.248046875,6.219,NA
"4413",0,12,NA,NA,10.3181838989258,54.14794921875,338.45703125,0.07737875,5.2478515625,6.253,NA
"4414",0,12,NA,NA,10.3181838989258,54.14794921875,340.341796875,0.07737875,5.2478515625,6.287,NA
"4415",0,12,NA,NA,10.3340148925781,54.228515625,342.2265625,0.07749875,5.24765625,6.321,NA
"4416",0,12,NA,NA,10.3141784667969,54.127197265625,343.92578125,0.07735,5.2478515625,6.355,NA
"4417",0,12,NA,NA,10.3141784667969,54.127197265625,345.810546875,0.07735,5.2478515625,6.389,NA
"4418",0,12,NA,NA,10.3424072265625,54.27734375,347.6953125,0.0775609375,5.248046875,6.423,NA
"4419",0,12,NA,NA,10.3179931640625,54.149169921875,349.5703125,0.0773778125,5.248046875,6.457,NA
"4420",0,12,NA,NA,10.3179931640625,54.149169921875,351.455078125,0.0773778125,5.248046875,6.491,NA
"4421",0,12,NA,NA,10.3372573852539,54.2449951171875,353.1640625,0.077523125,5.2474609375,6.525,NA
"4422",0,12,NA,NA,10.3340148925781,54.2291259765625,355.048828125,0.077498125,5.24765625,6.56,NA
"4423",0,12,NA,NA,10.3340148925781,54.2291259765625,356.93359375,0.077498125,5.24765625,6.593,NA
"4424",0,12,NA,NA,10.3139877319336,54.1278076171875,358.80859375,0.07734875,5.248046875,6.628,NA
"4425",0,12,NA,NA,10.3166580200195,54.14306640625,360.693359375,0.0773675,5.2482421875,6.661,NA
"4426",0,12,NA,NA,10.3166580200195,54.14306640625,362.40234375,0.0773675,5.2478515625,6.696,NA
"4427",0,12,NA,NA,10.344123840332,54.28466796875,364.287109375,0.0775740625,5.2478515625,6.729,NA
"4428",0,12,NA,NA,10.3155136108398,54.1314697265625,366.162109375,0.07736,5.24765625,6.764,NA
"4429",0,12,NA,NA,10.3155136108398,54.1314697265625,368.046875,0.0774446875,5.2484375,6.798,NA
"4430",0,12,NA,NA,10.3269577026367,54.19921875,369.755859375,0.0774446875,5.2484375,6.832,NA
"4431",0,12,NA,NA,10.3298187255859,54.208984375,371.640625,0.07746625,5.2478515625,6.866,NA
"4432",0,12,NA,NA,10.3298187255859,54.208984375,373.525390625,0.07752625,5.2478515625,6.9,NA
"4433",0,12,NA,NA,10.3378295898438,54.25048828125,375.41015625,0.07752625,5.2478515625,6.934,NA
"4434",0,12,NA,NA,10.3551864624023,54.339599609375,377.294921875,0.077656875,5.24765625,6.968,NA
"4435",0,12,NA,NA,10.3551864624023,54.339599609375,378.994140625,0.07742875,5.24765625,7.002,NA
"4436",0,12,NA,NA,10.3248596191406,54.1802978515625,380.87890625,0.07742875,5.24765625,7.036,NA
"4437",0,12,NA,NA,10.3273391723633,54.197998046875,382.763671875,0.077448125,5.248046875,7.069,NA
"4438",0,12,NA,NA,10.3273391723633,54.197998046875,384.638671875,0.077460625,5.2474609375,7.103,NA
"4439",0,12,NA,NA,10.3290557861328,54.2010498046875,386.34765625,0.077460625,5.2474609375,7.137,NA
"4440",0,12,NA,NA,10.3048324584961,54.075927734375,388.232421875,0.077279375,5.24765625,7.171,NA
"4441",0,12,NA,NA,10.3048324584961,54.075927734375,390.107421875,0.0773240625,5.2482421875,7.205,NA
"4442",0,12,NA,NA,10.3107452392578,54.112548828125,391.9921875,0.0773240625,5.2482421875,7.239,NA
"4443",0,12,NA,NA,10.3151321411133,54.1326904296875,393.69140625,0.0773565625,5.2478515625,7.273,NA
"4444",0,12,NA,NA,10.3422164916992,54.271240234375,395.576171875,0.0775590625,5.24765625,7.307,NA
"4445",0,12,NA,NA,10.3422164916992,54.271240234375,397.451171875,0.0775590625,5.24765625,7.341,NA
"4446",0,12,NA,NA,10.2874755859375,53.98193359375,399.326171875,0.0771496875,5.247265625,7.375,NA
"4447",0,12,NA,NA,10.3080749511719,54.0936279296875,401.201171875,0.0773034375,5.2478515625,7.409,NA
"4448",0,12,NA,NA,10.3080749511719,54.0936279296875,403.0859375,0.0773034375,5.2478515625,7.444,NA
"4449",0,12,NA,NA,10.3370666503906,54.246826171875,404.8046875,0.07752125,5.2478515625,7.478,NA
"4450",0,12,NA,NA,10.3420257568359,54.2755126953125,406.6796875,0.0775578125,5.2482421875,7.512,NA
"4451",0,12,NA,NA,10.3420257568359,54.2755126953125,408.564453125,0.0775578125,5.2482421875,7.546,NA
"4452",0,12,NA,NA,10.33935546875,54.256591796875,410.44921875,0.0775375,5.24765625,7.58,NA
"4453",0,12,NA,NA,10.33935546875,54.2620849609375,412.158203125,0.0775375,5.2482421875,7.614,NA
"4454",0,12,NA,NA,10.33935546875,54.2620849609375,414.04296875,0.0775375,5.2482421875,7.648,NA
"4455",0,12,NA,NA,10.3281021118164,54.2041015625,415.927734375,0.077453125,5.2482421875,7.682,NA
"4456",0,12,NA,NA,10.3084564208984,54.0972900390625,417.802734375,0.0773059375,5.2478515625,7.716,NA
"4457",0,12,NA,NA,10.3084564208984,54.0972900390625,419.51171875,0.0773059375,5.2478515625,7.75,NA
"4458",0,12,NA,NA,10.3174209594727,54.1424560546875,421.396484375,0.0773734375,5.24765625,7.784,NA
"4459",0,12,NA,NA,10.3334426879883,54.2266845703125,423.271484375,0.07749375,5.24765625,7.818,NA
"4460",0,12,NA,NA,10.3334426879883,54.2266845703125,425.15625,0.07749375,5.24765625,7.852,NA
"4461",0,12,NA,NA,10.3403091430664,54.26513671875,427.041015625,0.0775446875,5.248046875,7.886,NA
"4462",0,12,NA,NA,10.3322982788086,54.2205810546875,428.75,0.0774846875,5.2478515625,7.92,NA
"4463",0,12,NA,NA,10.3322982788086,54.2205810546875,430.625,0.0774846875,5.2478515625,7.954,NA
"4464",0,12,NA,NA,10.3176116943359,54.1455078125,432.509765625,0.077375,5.2478515625,7.988,NA
"4465",0,12,NA,NA,10.3485107421875,54.310302734375,434.39453125,0.077606875,5.2482421875,8.022,NA
"4466",0,12,NA,NA,10.3485107421875,54.310302734375,436.103515625,0.077606875,5.2482421875,8.056,NA
"4467",0,12,NA,NA,10.3229522705078,54.1729736328125,437.98828125,0.077415,5.2478515625,8.09,NA
"4468",0,12,NA,NA,10.3399276733398,54.259033203125,439.873046875,0.0775428125,5.2474609375,8.124,NA
"4469",0,12,NA,NA,10.3399276733398,54.259033203125,441.7578125,0.0775428125,5.2474609375,8.158,NA
"4470",0,12,NA,NA,10.3473663330078,54.29931640625,443.642578125,0.077598125,5.24765625,8.192,NA
"4471",0,12,NA,NA,10.3109359741211,54.1058349609375,445.341796875,0.077325625,5.2474609375,8.226,NA
"4472",0,12,NA,NA,10.3109359741211,54.1058349609375,447.2265625,0.077325625,5.2478515625,8.26,NA
"4473",0,12,NA,NA,10.328483581543,54.202880859375,449.111328125,0.0774565625,5.2478515625,8.294,NA
"4474",0,12,NA,NA,10.3265762329102,54.1943359375,450.99609375,0.077441875,5.248046875,8.328,NA
"4475",0,12,NA,NA,10.3265762329102,54.1943359375,452.6953125,0.077441875,5.248046875,8.362,NA
"4476",0,12,NA,NA,10.3244781494141,54.1827392578125,454.580078125,0.0774265625,5.248046875,8.396,NA
"4477",0,12,NA,NA,10.3399276733398,54.261474609375,456.46484375,0.0775421875,5.2478515625,8.43,NA
"4478",0,12,NA,NA,10.3399276733398,54.261474609375,458.33984375,0.0773196875,5.248046875,8.464,NA
"4479",0,12,NA,NA,10.310173034668,54.1070556640625,460.224609375,0.0773196875,5.248046875,8.499,NA
"4480",0,12,NA,NA,10.3445053100586,54.2791748046875,462.109375,0.0775765625,5.247265625,8.533,NA
"4481",0,12,NA,NA,10.3445053100586,54.2791748046875,463.818359375,0.07747625,5.24765625,8.567,NA
"4482",0,12,NA,NA,10.3311538696289,54.2144775390625,465.693359375,0.07747625,5.24765625,8.601,NA
"4483",0,12,NA,NA,10.3191375732422,54.1522216796875,467.578125,0.077386875,5.24765625,8.635,NA
"4484",0,12,NA,NA,10.3191375732422,54.1522216796875,469.453125,0.07731875,5.2478515625,8.669,NA
"4485",0,12,NA,NA,10.310173034668,54.1058349609375,471.162109375,0.07731875,5.2478515625,8.703,NA
"4486",0,12,NA,NA,10.3111267089844,54.1033935546875,473.046875,0.0773265625,5.2470703125,8.737,NA
"4487",0,12,NA,NA,10.3111267089844,54.1510009765625,474.921875,0.0773890625,5.2474609375,8.771,NA
"4488",0,12,NA,NA,10.3195190429688,54.1510009765625,476.806640625,0.0773890625,5.2474609375,8.805,NA
"4489",0,12,NA,NA,10.3448867797852,54.285888671875,478.515625,0.0775796875,5.24765625,8.839,NA
"4490",0,12,NA,NA,10.3103637695312,54.1046142578125,480.390625,0.0773203125,5.24765625,8.873,NA
"4491",0,12,NA,NA,10.3103637695312,54.1046142578125,482.275390625,0.0773203125,5.24765625,8.907,NA
"4492",0,12,NA,NA,10.3322982788086,54.2218017578125,484.16015625,0.077485,5.2478515625,8.941,NA
"4493",0,12,NA,NA,10.3300094604492,54.2083740234375,486.03515625,0.0774678125,5.24765625,8.975,NA
"4494",0,12,NA,NA,10.3300094604492,54.2083740234375,487.744140625,0.0774678125,5.24765625,9.009,NA
"4495",0,12,NA,NA,10.3067398071289,54.0869140625,489.62890625,0.07729375,5.24765625,9.043,NA
"4496",0,12,NA,NA,10.3439331054688,54.2828369140625,491.513671875,0.0775728125,5.2478515625,9.077,NA
"4497",0,12,NA,NA,10.3439331054688,54.2828369140625,493.3984375,0.0775728125,5.2478515625,9.111,NA
"4498",0,12,NA,NA,10.3336334228516,54.2315673828125,495.09765625,0.077495,5.248046875,9.145,NA
"4499",0,12,NA,NA,10.3050231933594,54.07470703125,496.982421875,0.07728,5.2474609375,9.179,NA
"4500",0,12,NA,NA,10.3050231933594,54.07470703125,498.857421875,0.07728,5.2474609375,9.213,NA
"4501",0,12,NA,NA,10.3153228759766,54.1351318359375,500.7421875,0.0773575,5.248046875,9.247,NA
"4502",0,12,NA,NA,10.3261947631836,54.188232421875,502.451171875,0.07744,5.24765625,9.281,NA
"4503",0,12,NA,NA,10.3261947631836,54.188232421875,504.3359375,0.07744,5.24765625,9.315,NA
"4504",0,12,NA,NA,10.3462219238281,54.2913818359375,506.220703125,0.077589375,5.2474609375,9.349,NA
"4505",0,12,NA,NA,10.3248596191406,54.18212890625,508.095703125,0.0774290625,5.2478515625,9.383,NA
"4506",0,12,NA,NA,10.3248596191406,54.18212890625,509.970703125,0.0774290625,5.2478515625,9.417,NA
"4507",0,12,NA,NA,10.3084564208984,54.0966796875,511.6796875,0.07730625,5.2478515625,9.451,NA
"4508",0,12,NA,NA,10.3116989135742,54.107666015625,513.5546875,0.0773303125,5.247265625,9.485,NA
"4509",0,12,NA,NA,10.3116989135742,54.107666015625,515.439453125,0.0773303125,5.247265625,9.519,NA
"4510",0,12,NA,NA,10.3038787841797,54.073486328125,517.314453125,0.077271875,5.2478515625,9.554,NA
"4511",0,12,NA,NA,10.3181838989258,54.144287109375,519.189453125,0.07737875,5.2474609375,9.588,NA
"4512",0,12,NA,NA,10.3181838989258,54.144287109375,520.8984375,0.07737875,5.2474609375,9.622,NA
"4513",0,12,NA,NA,10.3044509887695,54.0716552734375,522.7734375,0.077275625,5.2474609375,9.656,NA
"4514",0,12,NA,NA,10.3328704833984,54.2218017578125,524.658203125,0.0774890625,5.24765625,9.69,NA
"4515",0,12,NA,NA,10.3328704833984,54.2218017578125,526.54296875,0.0774890625,5.24765625,9.724,NA
"4516",0,12,NA,NA,10.3372573852539,54.2462158203125,528.427734375,0.077521875,5.24765625,9.758,NA
"4517",0,12,NA,NA,10.3080749511719,54.0960693359375,530.126953125,0.0773034375,5.248046875,9.792,NA
"4518",0,12,NA,NA,10.3080749511719,54.0960693359375,532.01171875,0.0773034375,5.2474609375,9.826,NA
"4519",0,12,NA,NA,10.3158950805664,54.132080078125,533.88671875,0.0773615625,5.2474609375,9.86,NA
"4520",0,12,NA,NA,10.3233337402344,54.1790771484375,535.771484375,0.0774184375,5.2482421875,9.893,NA
"4521",0,12,NA,NA,10.3233337402344,54.1790771484375,537.48046875,0.0774184375,5.248046875,9.927,NA
"4522",0,12,NA,NA,10.3374481201172,54.2510986328125,539.365234375,0.0775240625,5.248046875,9.961,NA
"4523",0,12,NA,NA,10.3151321411133,54.1290283203125,541.25,0.0773559375,5.24765625,9.995,NA
"4524",0,13,NA,NA,10.2684020996094,53.8909912109375,548.369140625,0.077005625,5.248046875,10.13,NA
"4525",0,13,NA,NA,10.1459503173828,53.245849609375,550.1953125,0.0760884375,5.248046875,10.164,NA
"4526",0,13,NA,NA,10.0200653076172,52.586669921875,552.01171875,0.0751434375,5.2482421875,10.198,NA
"4527",0,13,NA,NA,10.0200653076172,52.586669921875,553.84765625,0.0754115625,5.2482421875,10.232,NA
"4528",0,13,NA,NA,10.0557327270508,52.77587890625,555.68359375,0.0754115625,5.2482421875,10.266,NA
"4529",0,13,NA,NA,10.0408554077148,52.7032470703125,557.34375,0.0752996875,5.248828125,10.3,NA
"4530",0,13,NA,NA,10.0408554077148,52.7032470703125,559.169921875,0.0752715625,5.2484375,10.334,NA
"4531",0,13,NA,NA,10.0370407104492,52.679443359375,560.99609375,0.0752715625,5.2484375,10.368,NA
"4532",0,13,NA,NA,10.0370407104492,52.6812744140625,562.822265625,0.07527125,5.2486328125,10.402,NA
"4533",0,13,NA,NA,10.0370407104492,52.6812744140625,564.4921875,0.0752934375,5.2486328125,10.436,NA
"4534",0,13,NA,NA,10.0400924682617,52.6953125,566.318359375,0.0752934375,5.2486328125,10.47,NA
"4535",0,13,NA,NA,10.02197265625,52.601318359375,568.14453125,0.0751578125,5.2486328125,10.504,NA
"4536",0,13,NA,NA,10.02197265625,52.601318359375,569.970703125,0.075233125,5.2484375,10.538,NA
"4537",0,13,NA,NA,10.0320816040039,52.6519775390625,571.630859375,0.075233125,5.2484375,10.572,NA
"4538",0,13,NA,NA,10.0208282470703,52.5909423828125,573.45703125,0.0751496875,5.2482421875,10.606,NA
"4539",0,13,NA,NA,10.0208282470703,52.57568359375,575.283203125,0.0751215625,5.2486328125,10.64,NA
"4540",0,13,NA,NA,10.017204284668,52.57568359375,577.109375,0.0751215625,5.2486328125,10.674,NA
"4541",0,13,NA,NA,10.0194931030273,52.5848388671875,578.92578125,0.075139375,5.2482421875,10.708,NA
"4542",0,13,NA,NA,10.0305557250977,52.642822265625,580.76171875,0.0752225,5.2482421875,10.742,NA
"4543",0,13,NA,NA,10.0305557250977,52.642822265625,582.421875,0.0752225,5.2482421875,10.776,NA
"4544",0,13,NA,NA,10.0242614746094,52.6092529296875,584.248046875,0.075175625,5.2482421875,10.81,NA
"4545",0,13,NA,NA,10.009765625,52.5323486328125,586.064453125,0.07506625,5.2482421875,10.844,NA
"4546",0,13,NA,NA,10.009765625,52.5323486328125,587.900390625,0.07506625,5.2482421875,10.878,NA
"4547",0,13,NA,NA,10.0419998168945,52.70263671875,589.560546875,0.0753084375,5.2482421875,10.912,NA
"4548",0,13,NA,NA,10.0337982177734,52.6611328125,591.38671875,0.07524625,5.2484375,10.946,NA
"4549",0,13,NA,NA,10.0337982177734,52.6611328125,593.212890625,0.07524625,5.2484375,10.98,NA
"4550",0,13,NA,NA,10.0090026855469,52.528076171875,595.029296875,0.075060625,5.248046875,11.014,NA
"4551",0,13,NA,NA,10.0059509277344,52.513427734375,596.689453125,0.0750371875,5.2482421875,11.048,NA
"4552",0,13,NA,NA,10.0059509277344,52.513427734375,598.515625,0.0750371875,5.2482421875,11.082,NA
"4553",0,13,NA,NA,10.0254058837891,52.6165771484375,600.341796875,0.0751834375,5.2484375,11.116,NA
"4554",0,13,NA,NA,9.99946594238281,52.4810791015625,602.158203125,0.0749890625,5.2484375,11.15,NA
"4555",0,13,NA,NA,9.99946594238281,52.4810791015625,603.984375,0.0749890625,5.2484375,11.184,NA
"4556",0,13,NA,NA,10.0210189819336,52.591552734375,605.654296875,0.075150625,5.2482421875,11.218,NA
"4557",0,13,NA,NA,10.0486755371094,52.7386474609375,607.48046875,0.075358125,5.2484375,11.252,NA
"4558",0,14,NA,NA,10.2888107299805,53.9947509765625,614.794921875,0.0771584375,5.248046875,11.387,NA
"4559",0,14,NA,NA,10.5716705322266,55.472412109375,616.640625,0.0792803125,5.247265625,11.421,NA
"4560",0,14,NA,NA,11.1076354980469,58.26904296875,618.662109375,0.0832990625,5.2458984375,11.455,NA
"4561",0,14,NA,NA,11.1076354980469,58.26904296875,620.68359375,0.0832990625,5.2458984375,11.489,NA
"4562",0,14,NA,NA,11.1080169677734,58.2733154296875,622.6953125,0.083301875,5.24609375,11.523,NA
"4563",0,14,NA,NA,11.0651016235352,58.04931640625,624.716796875,0.082980625,5.2462890625,11.557,NA
"4564",0,14,NA,NA,11.0651016235352,58.04931640625,626.552734375,0.082980625,5.2462890625,11.591,NA
"4565",0,14,NA,NA,11.1139297485352,58.30322265625,628.583984375,0.0833471875,5.2458984375,11.625,NA
"4566",0,14,NA,NA,11.1183166503906,58.3270263671875,630.60546875,0.083379375,5.24609375,11.659,NA
"4567",0,14,NA,NA,11.1183166503906,58.3270263671875,632.6171875,0.083379375,5.24609375,11.693,NA
"4568",0,14,NA,NA,10.936164855957,57.373046875,634.267578125,0.0820140625,5.2462890625,11.727,NA
"4569",0,14,NA,NA,9.94415283203125,52.1917724609375,636.083984375,0.0745740625,5.2484375,11.761,NA
"4570",0,14,NA,NA,9.94415283203125,52.1917724609375,637.900390625,0.0745740625,5.2484375,11.795,NA
"4571",0,14,NA,NA,9.99259948730469,52.4462890625,639.716796875,0.0749375,5.2486328125,11.83,NA
"4572",0,14,NA,NA,9.95597839355469,52.2528076171875,641.533203125,0.0746625,5.2484375,11.864,NA
"4573",0,14,NA,NA,9.95597839355469,52.2528076171875,643.349609375,0.0746625,5.2482421875,11.898,NA
"4574",0,14,NA,NA,9.98191833496094,52.3876953125,645,0.0748578125,5.2482421875,11.932,NA
"4575",0,14,NA,NA,9.97161865234375,52.332763671875,646.81640625,0.0747809375,5.2482421875,11.966,NA
"4576",0,14,NA,NA,9.97161865234375,52.332763671875,648.6328125,0.0748275,5.2484375,11.999,NA
"4577",0,14,NA,NA,9.97791290283203,52.3687744140625,650.458984375,0.0748275,5.2484375,12.033,NA
"4578",0,14,NA,NA,9.99641418457031,52.4688720703125,652.109375,0.074965625,5.248828125,12.067,NA
"4579",0,14,NA,NA,9.99641418457031,52.4688720703125,653.92578125,0.0746334375,5.2484375,12.101,NA
"4580",0,14,NA,NA,9.95197296142578,52.2332763671875,655.7421875,0.0746334375,5.2484375,12.135,NA
"4581",0,14,NA,NA,9.97257232666016,52.3370361328125,657.55859375,0.074788125,5.248046875,12.169,NA
"4582",0,14,NA,NA,9.97257232666016,52.3370361328125,659.21875,0.0751634375,5.248046875,12.203,NA
"4583",0,14,NA,NA,10.0227355957031,52.598876953125,661.044921875,0.0751634375,5.248046875,12.237,NA
"4584",0,14,NA,NA,10.0135803222656,52.5579833984375,662.87109375,0.0750953125,5.2486328125,12.271,NA
"4585",0,15,NA,NA,10.2968215942383,54.036865234375,670.283203125,0.0798740625,5.2466796875,12.406,NA
"4586",0,16,NA,NA,10.6508255004883,55.8807373046875,672.080078125,0.0798740625,5.2466796875,12.44,NA
"4587",0,16,NA,NA,10.3090286254883,54.09912109375,678.076171875,0.07731125,5.24765625,12.549,NA
"4588",0,16,NA,NA,10.4244232177734,54.7015380859375,680,0.078175625,5.2474609375,12.583,NA
"4589",0,16,NA,NA,10.5804443359375,55.5120849609375,681.9140625,0.0793459375,5.2466796875,12.617,NA
"4590",0,16,NA,NA,10.5804443359375,55.5120849609375,683.642578125,0.0793459375,5.2466796875,12.651,NA
"4591",0,16,NA,NA,10.4799270629883,54.9945068359375,685.556640625,0.0785925,5.24765625,12.685,NA
"4592",0,16,NA,NA,10.4629516601562,54.9005126953125,687.470703125,0.078465625,5.2470703125,12.719,NA
"4593",0,16,NA,NA,10.4629516601562,54.9005126953125,689.384765625,0.078465625,5.2470703125,12.753,NA
"4594",0,17,NA,NA,10.2914810180664,54.007568359375,696.6015625,0.0771790625,5.2478515625,12.887,NA
"4595",0,17,NA,NA,10.7328414916992,56.3079833984375,698.5546875,0.0804884375,5.246484375,12.922,NA
"4596",0,17,NA,NA,10.7328414916992,56.3079833984375,700.517578125,0.0804884375,5.246484375,12.956,NA
"4597",0,18,NA,NA,4.31957244873047,22.7313232421875,0.13671875,0.032394375,5.2625,0.015,NA
"4598",0,18,NA,NA,4.31957244873047,22.7313232421875,0.9375,0.032394375,5.2625,0.049,NA
"4599",0,18,NA,NA,4.37030792236328,22.996826171875,1.728515625,0.032775,5.262109375,0.083,NA
"4600",0,18,NA,NA,4.36153411865234,22.9498291015625,2.529296875,0.0327090625,5.2619140625,0.117,NA
"4601",0,18,NA,NA,4.36153411865234,22.9498291015625,3.26171875,0.0327090625,5.2619140625,0.151,NA
"4602",0,18,NA,NA,4.37488555908203,23.0206298828125,4.052734375,0.0328084375,5.262109375,0.186,NA
"4603",0,18,NA,NA,4.37374114990234,23.01513671875,4.853515625,0.0328009375,5.262109375,0.22,NA
"4604",0,18,NA,NA,4.37374114990234,23.01513671875,5.654296875,0.0328009375,5.262109375,0.254,NA
"4605",0,18,NA,NA,4.37717437744141,23.0316162109375,6.455078125,0.03282625,5.26171875,0.288,NA
"4606",0,18,NA,NA,4.37355041503906,23.0145263671875,7.177734375,0.03279875,5.2623046875,0.322,NA
"4607",0,18,NA,NA,4.37355041503906,23.0145263671875,7.978515625,0.03279875,5.2625,0.356,NA
"4608",0,18,NA,NA,4.39319610595703,23.118896484375,8.779296875,0.0329465625,5.2625,0.39,NA
"4609",0,18,NA,NA,4.36344146728516,22.96142578125,9.580078125,0.0327234375,5.2623046875,0.424,NA
"4610",0,18,NA,NA,4.36344146728516,22.96142578125,10.380859375,0.032884375,5.262109375,0.458,NA
"4611",0,18,NA,NA,4.38499450683594,23.0731201171875,11.103515625,0.032884375,5.262109375,0.492,NA
"4612",0,18,NA,NA,4.37259674072266,23.0096435546875,11.904296875,0.032791875,5.2623046875,0.526,NA
"4613",0,18,NA,NA,4.37259674072266,23.0096435546875,12.6953125,0.0326903125,5.2623046875,0.56,NA
"4614",0,18,NA,NA,4.35905456542969,22.938232421875,13.49609375,0.0326903125,5.2623046875,0.594,NA
"4615",0,18,NA,NA,4.37393188476563,23.0181884765625,14.21875,0.032801875,5.2626953125,0.628,NA
"4616",0,18,NA,NA,4.37393188476563,23.0181884765625,15.01953125,0.0327334375,5.2619140625,0.662,NA
"4617",0,18,NA,NA,4.36477661132812,22.9669189453125,15.8203125,0.0327334375,5.2619140625,0.696,NA
"4618",0,18,NA,NA,4.37831878662109,23.0377197265625,16.62109375,0.0328340625,5.2619140625,0.73,NA
"4619",0,18,NA,NA,4.37831878662109,23.0377197265625,17.421875,0.0328275,5.262109375,0.764,NA
"4620",0,18,NA,NA,4.37736511230469,23.033447265625,18.14453125,0.0328275,5.262109375,0.798,NA
"4621",0,18,NA,NA,4.36954498291016,22.994384765625,18.9453125,0.0327690625,5.2625,0.832,NA
"4622",0,18,NA,NA,4.36954498291016,22.994384765625,19.74609375,0.0328609375,5.26171875,0.866,NA
"4623",0,18,NA,NA,4.38175201416016,23.055419921875,20.537109375,0.0328609375,5.26171875,0.9,NA
"4624",0,18,NA,NA,4.37545776367188,23.02490234375,21.26953125,0.0328128125,5.2625,0.934,NA
"4625",0,18,NA,NA,4.38175201416016,23.0584716796875,22.0703125,0.0328609375,5.2625,0.968,NA
"4626",0,18,NA,NA,4.38175201416016,23.0584716796875,22.87109375,0.0328609375,5.2625,1.002,NA
"4627",0,18,NA,NA,4.36897277832031,22.9888916015625,23.662109375,0.0327653125,5.2619140625,1.036,NA
"4628",0,18,NA,NA,4.38404083251953,23.06884765625,24.39453125,0.0328775,5.262109375,1.07,NA
"4629",0,18,NA,NA,4.38404083251953,23.06884765625,25.1953125,0.0328775,5.262109375,1.104,NA
"4630",0,18,NA,NA,4.38442230224609,23.0682373046875,25.99609375,0.032880625,5.2615234375,1.137,NA
"4631",0,18,NA,NA,4.37469482421875,23.0218505859375,26.796875,0.032808125,5.2625,1.171,NA
"4632",0,18,NA,NA,4.37469482421875,23.0218505859375,27.59765625,0.032808125,5.2625,1.205,NA
"4633",0,18,NA,NA,4.39453125,23.1243896484375,28.3203125,0.0329565625,5.262109375,1.24,NA
"4634",0,18,NA,NA,4.37564849853516,23.0255126953125,29.12109375,0.0328153125,5.2623046875,1.274,NA
"4635",0,18,NA,NA,4.37564849853516,23.0255126953125,29.921875,0.0328153125,5.2623046875,1.308,NA
"4636",0,18,NA,NA,4.36649322509766,22.9779052734375,30.72265625,0.032746875,5.2623046875,1.342,NA
"4637",0,18,NA,NA,4.36458587646484,22.96630859375,31.513671875,0.0327315625,5.262109375,1.376,NA
"4638",0,18,NA,NA,4.36458587646484,22.96630859375,32.24609375,0.0327315625,5.262109375,1.41,NA
"4639",0,18,NA,NA,4.388427734375,23.0902099609375,33.046875,0.03291,5.2619140625,1.444,NA
"4640",0,18,NA,NA,4.37126159667969,23.00048828125,33.837890625,0.0327821875,5.26171875,1.478,NA
"4641",0,18,NA,NA,4.37126159667969,23.00048828125,34.638671875,0.0327821875,5.26171875,1.512,NA
"4642",0,18,NA,NA,4.37431335449219,23.0181884765625,35.37109375,0.032804375,5.262109375,1.546,NA
"4643",0,18,NA,NA,4.38613891601562,23.0804443359375,36.162109375,0.0328934375,5.2623046875,1.58,NA
"4644",0,18,NA,NA,4.38613891601562,23.0804443359375,36.962890625,0.0328934375,5.2623046875,1.614,NA
"4645",0,18,NA,NA,4.36038970947266,22.9449462890625,37.763671875,0.0327003125,5.2623046875,1.648,NA
"4646",0,18,NA,NA,4.38365936279297,23.067626953125,38.564453125,0.032874375,5.2623046875,1.682,NA
"4647",0,18,NA,NA,4.38365936279297,23.067626953125,39.287109375,0.032874375,5.2623046875,1.716,NA
"4648",0,18,NA,NA,4.38423156738281,23.0694580078125,40.087890625,0.0328790625,5.2619140625,1.75,NA
"4649",0,18,NA,NA,4.37641143798828,23.0322265625,40.888671875,0.0328203125,5.262890625,1.784,NA
"4650",0,18,NA,NA,4.37641143798828,23.0322265625,41.689453125,0.0328203125,5.262890625,1.818,NA
"4651",0,18,NA,NA,4.37755584716797,23.0352783203125,42.412109375,0.0328296875,5.262109375,1.852,NA
"4652",0,18,NA,NA,4.37030792236328,22.9962158203125,43.212890625,0.032774375,5.2619140625,1.886,NA
"4653",0,18,NA,NA,4.37030792236328,22.9962158203125,44.013671875,0.032774375,5.2619140625,1.92,NA
"4654",0,18,NA,NA,4.39395904541016,23.1207275390625,44.814453125,0.0329525,5.2619140625,1.954,NA
"4655",0,18,NA,NA,4.36630249023438,22.97607421875,45.546875,0.0327446875,5.262109375,1.988,NA
"4656",0,18,NA,NA,4.36630249023438,22.97607421875,46.337890625,0.0327446875,5.2623046875,2.022,NA
"4657",0,18,NA,NA,4.37984466552734,23.0474853515625,47.138671875,0.0328459375,5.2623046875,2.056,NA
"4658",0,18,NA,NA,4.38194274902344,23.0584716796875,47.939453125,0.0328625,5.262109375,2.09,NA
"4659",0,18,NA,NA,4.38194274902344,23.0584716796875,48.740234375,0.0328625,5.26171875,2.124,NA
"4660",0,18,NA,NA,4.37793731689453,23.0352783203125,49.462890625,0.032831875,5.26171875,2.158,NA
"4661",0,18,NA,NA,4.34970855712891,22.889404296875,50.263671875,0.0326196875,5.2625,2.192,NA
"4662",0,18,NA,NA,4.34970855712891,22.889404296875,51.0546875,0.0327415625,5.2623046875,2.226,NA
"4663",0,18,NA,NA,4.36592102050781,22.9736328125,51.85546875,0.0327415625,5.2623046875,2.26,NA
"4664",0,18,NA,NA,4.37965393066406,23.046875,52.578125,0.032844375,5.2623046875,2.295,NA
"4665",0,18,NA,NA,4.37965393066406,23.046875,53.37890625,0.0327,5.262109375,2.329,NA
"4666",0,18,NA,NA,4.36038970947266,22.9443359375,54.169921875,0.0327,5.262109375,2.363,NA
"4667",0,18,NA,NA,4.36916351318359,22.9913330078125,54.970703125,0.032765625,5.2623046875,2.397,NA
"4668",0,18,NA,NA,4.36916351318359,22.9913330078125,55.771484375,0.0328975,5.2625,2.431,NA
"4669",0,18,NA,NA,4.38671112060547,23.084716796875,56.50390625,0.0328975,5.2625,2.465,NA
"4670",0,18,NA,NA,4.38899993896484,23.0975341796875,57.3046875,0.032915625,5.2625,2.499,NA
"4671",0,18,NA,NA,4.38899993896484,22.998046875,58.10546875,0.0327790625,5.26171875,2.532,NA
"4672",0,18,NA,NA,4.37088012695312,22.998046875,58.896484375,0.0327790625,5.26171875,2.566,NA
"4673",0,18,NA,NA,4.3731689453125,23.0120849609375,59.62890625,0.03279625,5.262109375,2.6,NA
"4674",0,18,NA,NA,4.37984466552734,23.0474853515625,60.4296875,0.0328459375,5.2623046875,2.634,NA
"4675",0,18,NA,NA,4.37984466552734,23.0474853515625,61.220703125,0.0328459375,5.2623046875,2.668,NA
"4676",0,18,NA,NA,4.37202453613281,23.0078125,62.021484375,0.0327871875,5.2626953125,2.702,NA
"4677",0,18,NA,NA,4.35619354248047,22.92236328125,62.8125,0.032668125,5.2623046875,2.736,NA
"4678",0,18,NA,NA,4.35619354248047,22.92236328125,63.53515625,0.032668125,5.2623046875,2.77,NA
"4679",0,18,NA,NA,4.36458587646484,22.967529296875,64.345703125,0.032731875,5.2623046875,2.804,NA
"4680",0,18,NA,NA,4.37374114990234,23.01513671875,65.13671875,0.032800625,5.262109375,2.838,NA
"4681",0,18,NA,NA,4.37374114990234,23.01513671875,65.9375,0.032800625,5.262109375,2.872,NA
"4682",0,18,NA,NA,4.36553955078125,22.9718017578125,66.66015625,0.0327384375,5.2623046875,2.906,NA
"4683",0,18,NA,NA,4.37774658203125,23.0364990234375,67.4609375,0.0328309375,5.2623046875,2.94,NA
"4684",0,18,NA,NA,4.37774658203125,23.0364990234375,68.26171875,0.0328309375,5.2623046875,2.974,NA
"4685",0,18,NA,NA,4.38117980957031,23.052978515625,69.0625,0.032855625,5.2619140625,3.008,NA
"4686",0,18,NA,NA,4.37812805175781,23.03955078125,69.78515625,0.03283375,5.2625,3.042,NA
"4687",0,18,NA,NA,4.37812805175781,23.03955078125,70.5859375,0.03283375,5.2625,3.076,NA
"4688",0,18,NA,NA,4.38632965087891,23.0810546875,71.38671875,0.032894375,5.262109375,3.11,NA
"4689",0,18,NA,NA,4.37488555908203,23.02001953125,72.1875,0.0328090625,5.2619140625,3.144,NA
"4690",0,18,NA,NA,4.37488555908203,23.02001953125,72.98828125,0.0328090625,5.2619140625,3.178,NA
"4691",0,18,NA,NA,4.38289642333984,23.0633544921875,73.7109375,0.0328684375,5.2623046875,3.212,NA
"4692",0,18,NA,NA,4.37488555908203,23.0218505859375,74.51171875,0.0328096875,5.2623046875,3.246,NA
"4693",0,18,NA,NA,4.37488555908203,23.0218505859375,75.3125,0.0328096875,5.2623046875,3.28,NA
"4694",0,18,NA,NA,4.36439514160156,22.965087890625,76.103515625,0.03273,5.2619140625,3.314,NA
"4695",0,18,NA,NA,4.36496734619141,22.9693603515625,76.8359375,0.0327346875,5.2623046875,3.349,NA
"4696",0,18,NA,NA,4.36496734619141,22.9693603515625,77.626953125,0.0327346875,5.2623046875,3.383,NA
"4697",0,18,NA,NA,4.36649322509766,22.9779052734375,78.427734375,0.0327459375,5.2625,3.417,NA
"4698",0,18,NA,NA,4.37145233154297,23.0047607421875,79.228515625,0.0327840625,5.2625,3.451,NA
"4699",0,18,NA,NA,4.37145233154297,23.0047607421875,80.01953125,0.0327840625,5.2625,3.485,NA
"4700",0,18,NA,NA,4.36992645263672,22.9937744140625,80.751953125,0.03277125,5.262109375,3.519,NA
"4701",0,18,NA,NA,4.37183380126953,23.006591796875,81.54296875,0.032786875,5.2625,3.553,NA
"4702",0,18,NA,NA,4.37183380126953,23.006591796875,82.34375,0.032786875,5.2625,3.587,NA
"4703",0,18,NA,NA,4.37488555908203,23.021240234375,83.14453125,0.03280875,5.2623046875,3.621,NA
"4704",0,18,NA,NA,4.36992645263672,22.9937744140625,83.935546875,0.0327715625,5.2619140625,3.655,NA
"4705",0,18,NA,NA,4.36992645263672,22.9937744140625,84.66796875,0.0327715625,5.2619140625,3.689,NA
"4706",0,18,NA,NA,4.36630249023438,22.9742431640625,85.46875,0.032744375,5.2619140625,3.723,NA
"4707",0,18,NA,NA,4.38117980957031,23.05419921875,86.26953125,0.0328559375,5.2623046875,3.757,NA
"4708",0,18,NA,NA,4.38117980957031,23.05419921875,87.0703125,0.032865,5.26171875,3.791,NA
"4709",0,18,NA,NA,4.38232421875,23.0584716796875,87.79296875,0.032865,5.26171875,3.825,NA
"4710",0,18,NA,NA,4.36000823974609,22.943115234375,88.583984375,0.0326975,5.2623046875,3.859,NA
"4711",0,18,NA,NA,4.36000823974609,22.943115234375,89.384765625,0.032860625,5.262109375,3.893,NA
"4712",0,18,NA,NA,4.38175201416016,23.0572509765625,90.185546875,0.032860625,5.262109375,3.927,NA
"4713",0,18,NA,NA,4.36763763427734,22.9827880859375,90.908203125,0.0327546875,5.262109375,3.961,NA
"4714",0,18,NA,NA,4.36763763427734,22.9827880859375,91.708984375,0.03278875,5.2619140625,3.995,NA
"4715",0,18,NA,NA,4.37221527099609,23.0059814453125,92.509765625,0.03278875,5.2619140625,4.029,NA
"4716",0,18,NA,NA,4.38308715820312,23.065185546875,93.310546875,0.03287,5.2625,4.063,NA
"4717",0,18,NA,NA,4.38308715820312,23.065185546875,94.1015625,0.0327546875,5.2625,4.097,NA
"4718",0,18,NA,NA,4.36763763427734,22.9840087890625,94.833984375,0.0327546875,5.2625,4.131,NA
"4719",0,18,NA,NA,4.36496734619141,22.97119140625,95.625,0.0327353125,5.2625,4.165,NA
"4720",0,18,NA,NA,4.36496734619141,22.97119140625,96.42578125,0.032664375,5.2619140625,4.199,NA
"4721",0,18,NA,NA,4.35562133789062,22.9180908203125,97.216796875,0.032664375,5.2619140625,4.233,NA
"4722",0,18,NA,NA,4.37297821044922,23.011474609375,97.94921875,0.0327946875,5.2623046875,4.267,NA
"4723",0,18,NA,NA,4.38003540039062,23.048095703125,98.75,0.0328475,5.2623046875,4.301,NA
"4724",0,18,NA,NA,4.38003540039062,23.048095703125,99.55078125,0.0328475,5.2623046875,4.335,NA
"4725",0,18,NA,NA,4.37736511230469,23.03466796875,100.3515625,0.0328278125,5.2623046875,4.369,NA
"4726",0,18,NA,NA,4.37126159667969,23.0010986328125,101.142578125,0.0327815625,5.262109375,4.403,NA
"4727",0,18,NA,NA,4.37126159667969,23.0010986328125,101.943359375,0.0327815625,5.262109375,4.437,NA
"4728",0,18,NA,NA,4.37870025634766,23.03955078125,102.67578125,0.0328371875,5.2619140625,4.471,NA
"4729",0,18,NA,NA,4.38899993896484,23.094482421875,103.4765625,0.032915,5.2619140625,4.505,NA
"4730",0,18,NA,NA,4.38899993896484,23.094482421875,104.267578125,0.032915,5.2619140625,4.539,NA
"4731",0,18,NA,NA,4.37488555908203,23.0224609375,105.068359375,0.0328090625,5.2625,4.573,NA
"4732",0,18,NA,NA,4.37602996826172,23.02734375,105.791015625,0.0328171875,5.2623046875,4.607,NA
"4733",0,18,NA,NA,4.37602996826172,23.02734375,106.591796875,0.0328171875,5.2623046875,4.641,NA
"4734",0,18,NA,NA,4.37583923339844,23.0242919921875,107.392578125,0.032816875,5.26171875,4.675,NA
"4735",0,18,NA,NA,4.36134338378906,22.9510498046875,108.193359375,0.0327071875,5.2625,4.709,NA
"4736",0,18,NA,NA,4.36134338378906,22.9510498046875,108.916015625,0.0327071875,5.2625,4.743,NA
"4737",0,18,NA,NA,4.38213348388672,23.0584716796875,109.716796875,0.032863125,5.262109375,4.777,NA
"4738",0,18,NA,NA,4.3670654296875,22.9803466796875,110.517578125,0.03275125,5.262109375,4.811,NA
"4739",0,18,NA,NA,4.3670654296875,22.9803466796875,111.318359375,0.03275125,5.262109375,4.845,NA
"4740",0,18,NA,NA,4.37736511230469,23.0352783203125,112.109375,0.0328275,5.2625,4.879,NA
"4741",0,18,NA,NA,4.37145233154297,23.0029296875,112.841796875,0.0327825,5.2623046875,4.913,NA
"4742",0,18,NA,NA,4.37145233154297,23.0029296875,113.6328125,0.0327825,5.2623046875,4.947,NA
"4743",0,18,NA,NA,4.36763763427734,22.982177734375,114.43359375,0.032755,5.2619140625,4.981,NA
"4744",0,18,NA,NA,4.38060760498047,23.0499267578125,115.234375,0.032851875,5.2619140625,5.015,NA
"4745",0,18,NA,NA,4.38060760498047,23.0499267578125,115.966796875,0.032851875,5.2619140625,5.049,NA
"4746",0,18,NA,NA,4.38709259033203,23.084716796875,116.7578125,0.0329003125,5.262109375,5.083,NA
"4747",0,18,NA,NA,4.36325073242188,22.957763671875,117.55859375,0.03272125,5.2619140625,5.117,NA
"4748",0,18,NA,NA,4.36325073242188,22.957763671875,118.359375,0.03272125,5.2619140625,5.151,NA
"4749",0,18,NA,NA,4.38804626464844,23.0889892578125,119.091796875,0.0329071875,5.2619140625,5.185,NA
"4750",0,18,NA,NA,4.388427734375,23.092041015625,119.892578125,0.0329109375,5.262109375,5.219,NA
"4751",0,18,NA,NA,4.388427734375,23.092041015625,120.68359375,0.0329109375,5.262109375,5.253,NA
"4752",0,18,NA,NA,4.38175201416016,23.057861328125,121.494140625,0.03286125,5.2623046875,5.287,NA
"4753",0,18,NA,NA,4.37831878662109,23.040771484375,122.28515625,0.0328353125,5.2625,5.321,NA
"4754",0,18,NA,NA,4.37831878662109,23.040771484375,123.017578125,0.0328353125,5.262109375,5.355,NA
"4755",0,18,NA,NA,4.38003540039062,23.0474853515625,123.818359375,0.032846875,5.262109375,5.389,NA
"4756",0,18,NA,NA,4.37278747558594,23.0108642578125,124.609375,0.0327934375,5.2623046875,5.423,NA
"4757",0,18,NA,NA,4.37278747558594,23.0108642578125,125.41015625,0.032635,5.2619140625,5.458,NA
"4758",0,18,NA,NA,4.35161590576172,22.89794921875,126.201171875,0.032635,5.2619140625,5.492,NA
"4759",0,18,NA,NA,4.38117980957031,23.05419921875,126.93359375,0.03285625,5.262109375,5.526,NA
"4760",0,18,NA,NA,4.38117980957031,23.05419921875,127.734375,0.032988125,5.2625,5.56,NA
"4761",0,18,NA,NA,4.39872741699219,23.1475830078125,128.53515625,0.032988125,5.2625,5.594,NA
"4762",0,18,NA,NA,4.37870025634766,23.0401611328125,129.3359375,0.032836875,5.2619140625,5.628,NA
"4763",0,18,NA,NA,4.37870025634766,23.0401611328125,130.068359375,0.033014375,5.2619140625,5.662,NA
"4764",0,18,NA,NA,4.40216064453125,23.1640625,130.869140625,0.033014375,5.2619140625,5.696,NA
"4765",0,18,NA,NA,4.38194274902344,23.057861328125,131.669921875,0.0328625,5.2619140625,5.73,NA
"4766",0,18,NA,NA,4.38194274902344,23.057861328125,132.4609375,0.032693125,5.262109375,5.764,NA
"4767",0,18,NA,NA,4.35943603515625,22.9388427734375,133.271484375,0.032693125,5.262109375,5.798,NA
"4768",0,18,NA,NA,4.38976287841797,23.0999755859375,133.994140625,0.03292125,5.2623046875,5.832,NA
"4769",0,18,NA,NA,4.37164306640625,23.0029296875,134.794921875,0.0327840625,5.262109375,5.866,NA
"4770",0,18,NA,NA,4.37164306640625,23.0029296875,135.5859375,0.0327840625,5.262109375,5.9,NA
"4771",0,18,NA,NA,4.36229705810547,22.95654296875,136.38671875,0.0327153125,5.2625,5.934,NA
"4772",0,18,NA,NA,4.35886383056641,22.938232421875,137.109375,0.032689375,5.2623046875,5.968,NA
"4773",0,18,NA,NA,4.35886383056641,22.938232421875,137.91015625,0.032689375,5.2623046875,6.002,NA
"4774",0,18,NA,NA,4.38308715820312,23.0645751953125,138.7109375,0.032870625,5.2623046875,6.036,NA
"4775",0,18,NA,NA,4.37431335449219,23.0169677734375,139.501953125,0.032804375,5.2619140625,6.07,NA
"4776",0,18,NA,NA,4.37431335449219,23.0169677734375,140.224609375,0.032804375,5.2619140625,6.104,NA
"4777",0,18,NA,NA,4.36000823974609,22.9425048828125,141.025390625,0.032698125,5.262109375,6.138,NA
"4778",0,18,NA,NA,4.38213348388672,23.0596923828125,141.826171875,0.032863125,5.2623046875,6.172,NA
"4779",0,18,NA,NA,4.38213348388672,23.0596923828125,142.626953125,0.032863125,5.2623046875,6.206,NA
"4780",0,18,NA,NA,4.38098907470703,23.0548095703125,143.427734375,0.0328540625,5.2626953125,6.24,NA
"4781",0,18,NA,NA,4.37145233154297,23.0023193359375,144.150390625,0.0327828125,5.262109375,6.274,NA
"4782",0,18,NA,NA,4.37145233154297,23.0023193359375,144.951171875,0.0327828125,5.262109375,6.308,NA
"4783",0,18,NA,NA,4.37812805175781,23.03955078125,145.751953125,0.032833125,5.2625,6.342,NA
"4784",0,18,NA,NA,4.37889099121094,23.043212890625,146.552734375,0.0328396875,5.2623046875,6.376,NA
"4785",0,18,NA,NA,4.37889099121094,23.043212890625,147.28515625,0.0328396875,5.2623046875,6.41,NA
"4786",0,18,NA,NA,4.39052581787109,23.1072998046875,148.0859375,0.032926875,5.262890625,6.444,NA
"4787",0,18,NA,NA,4.37850952148438,23.0401611328125,148.876953125,0.03283625,5.262109375,6.478,NA
"4788",0,18,NA,NA,4.37850952148438,23.0401611328125,149.677734375,0.03283625,5.262109375,6.513,NA
"4789",0,18,NA,NA,4.38423156738281,23.0694580078125,150.478515625,0.032879375,5.2619140625,6.547,NA
"4790",0,18,NA,NA,4.36763763427734,22.9815673828125,151.279296875,0.0327553125,5.26171875,6.581,NA
"4791",0,18,NA,NA,4.36763763427734,22.9815673828125,152.01171875,0.0327553125,5.26171875,6.615,NA
"4792",0,18,NA,NA,4.38747406005859,23.0865478515625,152.802734375,0.032903125,5.262109375,6.648,NA
"4793",0,18,NA,NA,4.36630249023438,22.97607421875,153.603515625,0.0327446875,5.2623046875,6.682,NA
"4794",0,18,NA,NA,4.36630249023438,22.97607421875,154.404296875,0.0327446875,5.2623046875,6.716,NA
"4795",0,18,NA,NA,4.35848236083984,22.9345703125,155.126953125,0.03268625,5.262109375,6.75,NA
"4796",0,18,NA,NA,4.38976287841797,23.0987548828125,155.927734375,0.032920625,5.262109375,6.784,NA
"4797",0,18,NA,NA,4.38976287841797,23.0987548828125,156.728515625,0.032920625,5.262109375,6.818,NA
"4798",0,18,NA,NA,4.3731689453125,23.0120849609375,157.529296875,0.0327965625,5.262109375,6.852,NA
"4799",0,18,NA,NA,4.39472198486328,23.125,158.251953125,0.0329571875,5.262109375,6.886,NA
"4800",0,18,NA,NA,4.39472198486328,23.125,159.052734375,0.0329571875,5.262109375,6.92,NA
"4801",0,18,NA,NA,4.37450408935547,23.0194091796875,159.853515625,0.032806875,5.262109375,6.954,NA
"4802",0,18,NA,NA,4.38671112060547,23.0865478515625,160.654296875,0.0328978125,5.262890625,6.988,NA
"4803",0,18,NA,NA,4.38671112060547,23.0865478515625,161.38671875,0.0328978125,5.2626953125,7.022,NA
"4804",0,18,NA,NA,4.38518524169922,23.077392578125,162.1875,0.0328865625,5.2626953125,7.056,NA
"4805",0,18,NA,NA,4.38785552978516,23.0889892578125,162.98828125,0.0329059375,5.262109375,7.09,NA
"4806",0,18,NA,NA,4.38785552978516,23.0889892578125,163.779296875,0.032756875,5.2623046875,7.124,NA
"4807",0,18,NA,NA,4.36782836914062,22.984619140625,164.580078125,0.032756875,5.2623046875,7.158,NA
"4808",0,18,NA,NA,4.37850952148438,23.0413818359375,165.3125,0.0328365625,5.2623046875,7.192,NA
"4809",0,18,NA,NA,4.37850952148438,23.0413818359375,166.11328125,0.0328740625,5.2623046875,7.226,NA
"4810",0,18,NA,NA,4.38365936279297,23.0670166015625,166.904296875,0.0328740625,5.2623046875,7.26,NA
"4811",0,18,NA,NA,4.3731689453125,23.0133056640625,167.705078125,0.0327959375,5.2625,7.294,NA
"4812",0,18,NA,NA,4.3731689453125,23.0133056640625,168.4375,0.0327921875,5.2619140625,7.328,NA
"4813",0,18,NA,NA,4.37259674072266,23.0084228515625,169.228515625,0.0327921875,5.2619140625,7.362,NA
"4814",0,18,NA,NA,4.37679290771484,23.031005859375,170.029296875,0.0328228125,5.262109375,7.396,NA
"4815",0,18,NA,NA,4.37679290771484,23.031005859375,170.830078125,0.0329,5.262109375,7.43,NA
"4816",0,18,NA,NA,4.38709259033203,23.084716796875,171.5625,0.0329,5.262109375,7.464,NA
"4817",0,18,NA,NA,4.38899993896484,23.095703125,172.36328125,0.0329146875,5.2623046875,7.498,NA
"4818",0,18,NA,NA,4.38899993896484,22.928466796875,173.154296875,0.0326775,5.262109375,7.532,NA
"4819",0,18,NA,NA,4.35733795166016,22.928466796875,173.955078125,0.0326775,5.262109375,7.567,NA
"4820",0,18,NA,NA,4.35676574707031,22.9254150390625,174.74609375,0.0326728125,5.262109375,7.601,NA
"4821",0,18,NA,NA,4.37583923339844,23.0242919921875,175.546875,0.0328165625,5.26171875,7.635,NA
"4822",0,18,NA,NA,4.37583923339844,23.0242919921875,176.26953125,0.0328165625,5.26171875,7.669,NA
"4823",0,18,NA,NA,4.36077117919922,22.9486083984375,177.0703125,0.0327034375,5.2626953125,7.703,NA
"4824",0,18,NA,NA,4.38098907470703,23.0535888671875,177.87109375,0.032855,5.2623046875,7.737,NA
"4825",0,18,NA,NA,4.38098907470703,23.0535888671875,178.671875,0.032855,5.2623046875,7.771,NA
"4826",0,18,NA,NA,4.37164306640625,23.004150390625,179.39453125,0.0327846875,5.262109375,7.805,NA
"4827",0,18,NA,NA,4.38175201416016,23.0584716796875,180.1953125,0.0328603125,5.2625,7.839,NA
"4828",0,18,NA,NA,4.38175201416016,23.0584716796875,180.99609375,0.0328603125,5.2625,7.873,NA
"4829",0,18,NA,NA,4.37717437744141,23.0340576171875,181.796875,0.03282625,5.2625,7.907,NA
"4830",0,18,NA,NA,4.36725616455078,22.9827880859375,182.51953125,0.0327525,5.2625,7.941,NA
"4831",0,18,NA,NA,4.36725616455078,22.9827880859375,183.3203125,0.0327525,5.2625,7.975,NA
"4832",0,18,NA,NA,4.37412261962891,23.01513671875,184.111328125,0.032803125,5.2619140625,8.009,NA
"4833",0,18,NA,NA,4.37717437744141,23.033447265625,184.912109375,0.03282625,5.2623046875,8.043,NA
"4834",0,18,NA,NA,4.37717437744141,23.033447265625,185.712890625,0.03282625,5.2623046875,8.077,NA
"4835",0,18,NA,NA,4.37164306640625,23.0035400390625,186.4453125,0.0327853125,5.2619140625,8.111,NA
"4836",0,18,NA,NA,4.38270568847656,23.0621337890625,187.236328125,0.0328684375,5.262109375,8.145,NA
"4837",0,18,NA,NA,4.38270568847656,23.0621337890625,188.037109375,0.0328684375,5.262109375,8.179,NA
"4838",0,18,NA,NA,4.37355041503906,23.01513671875,188.837890625,0.032799375,5.2623046875,8.213,NA
"4839",0,18,NA,NA,4.38861846923828,23.0938720703125,189.5703125,0.0329121875,5.2623046875,8.247,NA
"4840",0,18,NA,NA,4.38861846923828,23.0938720703125,190.37109375,0.0329121875,5.2623046875,8.281,NA
"4841",0,18,NA,NA,4.37374114990234,23.01513671875,191.162109375,0.0328,5.2623046875,8.315,NA
"4842",0,18,NA,NA,4.36687469482422,22.98095703125,191.962890625,0.0327496875,5.2626953125,8.349,NA
"4843",0,18,NA,NA,4.36687469482422,22.98095703125,192.763671875,0.0327496875,5.2626953125,8.383,NA
"4844",0,18,NA,NA,4.37698364257812,23.0340576171875,193.486328125,0.0328253125,5.2625,8.417,NA
"4845",0,18,NA,NA,4.35657501220703,22.9241943359375,194.27734375,0.0326715625,5.262109375,8.451,NA
"4846",0,18,NA,NA,4.35657501220703,22.9241943359375,195.078125,0.0326715625,5.262109375,8.485,NA
"4847",0,18,NA,NA,4.36687469482422,22.978515625,195.869140625,0.032749375,5.262109375,8.519,NA
"4848",0,18,NA,NA,4.35886383056641,22.935791015625,196.6015625,0.0326884375,5.262109375,8.553,NA
"4849",0,18,NA,NA,4.35886383056641,22.935791015625,197.40234375,0.0326884375,5.262109375,8.587,NA
"4850",0,18,NA,NA,4.38461303710938,23.072509765625,198.203125,0.0328825,5.262109375,8.622,NA
"4851",0,18,NA,NA,4.36859130859375,22.98828125,198.994140625,0.0327615625,5.2623046875,8.656,NA
"4852",0,18,NA,NA,4.36859130859375,22.98828125,199.794921875,0.0327784375,5.2626953125,8.69,NA
"4853",0,18,NA,NA,4.37088012695312,23.001708984375,200.5859375,0.0327784375,5.2626953125,8.724,NA
"4854",0,18,NA,NA,4.35695648193359,22.9254150390625,201.318359375,0.0326740625,5.2619140625,8.758,NA
"4855",0,18,NA,NA,4.35695648193359,22.9254150390625,202.109375,0.032760625,5.262109375,8.792,NA
"4856",0,18,NA,NA,4.36840057373047,22.9864501953125,202.91015625,0.032760625,5.262109375,8.826,NA
"4857",0,18,NA,NA,4.38480377197266,23.074951171875,203.7109375,0.0328834375,5.2625,8.86,NA
"4858",0,18,NA,NA,4.38480377197266,23.074951171875,204.43359375,0.03270875,5.26171875,8.894,NA
"4859",0,18,NA,NA,4.36153411865234,22.9486083984375,205.234375,0.03270875,5.26171875,8.928,NA
"4860",0,18,NA,NA,4.3701171875,22.9937744140625,206.03515625,0.03277375,5.26171875,8.962,NA
"4861",0,18,NA,NA,4.3701171875,22.9937744140625,206.8359375,0.032846875,5.262109375,8.996,NA
"4862",0,18,NA,NA,4.38003540039062,23.0474853515625,207.55859375,0.032846875,5.262109375,9.029,NA
"4863",0,18,NA,NA,4.36668395996094,22.9766845703125,208.349609375,0.0327475,5.2619140625,9.063,NA
"4864",0,18,NA,NA,4.36668395996094,23.0120849609375,209.150390625,0.03279625,5.262109375,9.097,NA
"4865",0,18,NA,NA,4.3731689453125,23.0120849609375,209.951171875,0.03279625,5.262109375,9.131,NA
"4866",0,18,NA,NA,4.36019897460938,22.9443359375,210.751953125,0.0326984375,5.2623046875,9.165,NA
"4867",0,18,NA,NA,4.38442230224609,23.0718994140625,211.474609375,0.0328803125,5.2625,9.199,NA
"4868",0,18,NA,NA,4.38442230224609,23.0718994140625,212.275390625,0.0328803125,5.2625,9.233,NA
"4869",0,18,NA,NA,4.364013671875,22.962646484375,213.06640625,0.0327265625,5.2619140625,9.267,NA
"4870",0,18,NA,NA,4.37030792236328,22.9986572265625,213.8671875,0.0327746875,5.2625,9.301,NA
"4871",0,18,NA,NA,4.37030792236328,22.9986572265625,214.599609375,0.0327746875,5.2625,9.335,NA
"4872",0,18,NA,NA,4.38556671142578,23.077392578125,215.400390625,0.0328896875,5.262109375,9.369,NA
"4873",0,18,NA,NA,4.37030792236328,22.99560546875,216.19140625,0.0327746875,5.2619140625,9.403,NA
"4874",0,18,NA,NA,4.37030792236328,22.99560546875,216.9921875,0.0327746875,5.2619140625,9.437,NA
"4875",0,18,NA,NA,4.37183380126953,23.0035400390625,217.71484375,0.0327859375,5.2619140625,9.471,NA
"4876",0,18,NA,NA,4.37088012695312,23.0010986328125,218.515625,0.0327790625,5.2623046875,9.505,NA
"4877",0,18,NA,NA,4.37088012695312,23.0010986328125,219.31640625,0.0327790625,5.2623046875,9.539,NA
"4878",0,18,NA,NA,4.37107086181641,22.9986572265625,220.107421875,0.032780625,5.26171875,9.573,NA
"4879",0,18,NA,NA,4.36019897460938,22.943115234375,220.908203125,0.0326990625,5.262109375,9.607,NA
"4880",0,18,NA,NA,4.36019897460938,22.943115234375,221.630859375,0.0326990625,5.262109375,9.641,NA
"4881",0,18,NA,NA,4.36668395996094,22.9791259765625,222.431640625,0.0327475,5.2625,9.676,NA
"4882",0,18,NA,NA,4.38861846923828,23.0926513671875,223.232421875,0.032911875,5.262109375,9.71,NA
"4883",0,18,NA,NA,4.38861846923828,23.0926513671875,224.033203125,0.032911875,5.262109375,9.744,NA
"4884",0,18,NA,NA,4.36820983886719,22.9864501953125,224.833984375,0.032759375,5.2623046875,9.778,NA
"4885",0,18,NA,NA,4.37297821044922,23.011474609375,225.556640625,0.0327946875,5.2623046875,9.812,NA
"4886",0,18,NA,NA,4.37297821044922,23.011474609375,226.357421875,0.0327946875,5.2623046875,9.846,NA
"4887",0,18,NA,NA,4.38137054443359,23.055419921875,227.158203125,0.0328578125,5.2623046875,9.88,NA
"4888",0,18,NA,NA,4.37297821044922,23.0096435546875,227.94921875,0.0327940625,5.262109375,9.914,NA
"4889",0,18,NA,NA,4.37297821044922,23.0096435546875,228.681640625,0.0327940625,5.262109375,9.948,NA
"4890",0,18,NA,NA,4.37679290771484,23.033447265625,229.482421875,0.03282375,5.2625,9.982,NA
"4891",0,19,NA,NA,4.29859161376953,22.61962890625,232.568359375,0.032236875,5.262109375,10.116,NA
"4892",0,19,NA,NA,4.29859161376953,22.61962890625,233.349609375,0.032236875,5.262109375,10.15,NA
"4893",0,19,NA,NA,4.26216125488281,22.4273681640625,234.052734375,0.031963125,5.262109375,10.184,NA
"4894",0,19,NA,NA,4.26025390625,22.4200439453125,234.833984375,0.031949375,5.2626953125,10.218,NA
"4895",0,19,NA,NA,4.26025390625,22.4200439453125,235.615234375,0.031949375,5.2626953125,10.252,NA
"4896",0,19,NA,NA,4.26616668701172,22.4493408203125,236.38671875,0.031993125,5.2623046875,10.286,NA
"4897",0,19,NA,NA,4.24461364746094,22.337646484375,237.08984375,0.031831875,5.2626953125,10.32,NA
"4898",0,19,NA,NA,4.24461364746094,22.337646484375,237.87109375,0.031831875,5.2619140625,10.354,NA
"4899",0,19,NA,NA,4.26559448242188,22.445068359375,238.65234375,0.031989375,5.2619140625,10.388,NA
"4900",0,19,NA,NA,4.27474975585938,22.4969482421875,239.43359375,0.0320584375,5.262890625,10.422,NA
"4901",0,19,NA,NA,4.27474975585938,22.4969482421875,240.21484375,0.0320584375,5.2625,10.456,NA
"4902",0,19,NA,NA,4.26483154296875,22.4432373046875,240.91796875,0.03198375,5.2625,10.49,NA
"4903",0,19,NA,NA,4.2755126953125,22.49755859375,241.69921875,0.032064375,5.2619140625,10.524,NA
"4904",0,19,NA,NA,4.2755126953125,22.49755859375,242.48046875,0.031959375,5.2623046875,10.558,NA
"4905",0,19,NA,NA,4.26158905029297,22.425537109375,243.251953125,0.031959375,5.2623046875,10.592,NA
"4906",0,19,NA,NA,4.25395965576172,22.386474609375,243.96484375,0.031901875,5.2626953125,10.626,NA
"4907",0,19,NA,NA,4.25395965576172,22.386474609375,244.736328125,0.0318971875,5.2623046875,10.66,NA
"4908",0,19,NA,NA,4.25338745117188,22.3822021484375,245.517578125,0.0318971875,5.2623046875,10.694,NA
"4909",0,19,NA,NA,4.25815582275391,22.4066162109375,246.298828125,0.03193375,5.262109375,10.728,NA
"4910",0,19,NA,NA,4.25815582275391,22.4066162109375,247.001953125,0.0319375,5.2630859375,10.762,NA
"4911",0,19,NA,NA,4.25872802734375,22.413330078125,247.7734375,0.0319375,5.2630859375,10.797,NA
"4912",0,19,NA,NA,4.24671173095703,22.3480224609375,248.5546875,0.0318484375,5.2625,10.831,NA
"4913",0,19,NA,NA,4.24671173095703,22.5286865234375,249.3359375,0.0321053125,5.2625,10.865,NA
"4914",0,19,NA,NA,4.28104400634766,22.5286865234375,250.1171875,0.0321053125,5.2625,10.899,NA
"4915",0,19,NA,NA,4.27627563476562,22.5048828125,250.8984375,0.0320696875,5.262890625,10.933,NA
"4916",0,19,NA,NA,4.26406860351562,22.440185546875,251.6015625,0.03197875,5.2626953125,10.967,NA
"4917",0,19,NA,NA,4.26406860351562,22.440185546875,252.3828125,0.03197875,5.2626953125,11.001,NA
"4918",0,19,NA,NA,4.24442291259766,22.337646484375,253.154296875,0.03183,5.262890625,11.035,NA
"4919",0,19,NA,NA,4.27589416503906,22.4993896484375,253.935546875,0.032066875,5.2619140625,11.069,NA
"4920",0,19,NA,NA,4.27589416503906,22.4993896484375,254.6484375,0.032066875,5.2619140625,11.103,NA
"4921",0,19,NA,NA,4.26063537597656,22.4212646484375,255.4296875,0.0319515625,5.2626953125,11.137,NA
"4922",0,19,NA,NA,4.28047180175781,22.5238037109375,256.2109375,0.0321003125,5.262109375,11.171,NA
"4923",0,19,NA,NA,4.28047180175781,22.5238037109375,256.9921875,0.0321003125,5.262109375,11.205,NA
"4924",0,19,NA,NA,4.27188873291016,22.4798583984375,257.6953125,0.03203625,5.2625,11.239,NA
"4925",0,19,NA,NA,4.27494049072266,22.4957275390625,258.4765625,0.03206,5.2623046875,11.273,NA
"4926",0,19,NA,NA,4.27494049072266,22.4957275390625,259.2578125,0.03206,5.2623046875,11.307,NA
"4927",0,19,NA,NA,4.26139831542969,22.4249267578125,260.0390625,0.0319584375,5.2623046875,11.341,NA
"4928",0,19,NA,NA,4.28104400634766,22.529296875,260.8203125,0.032105,5.2626953125,11.375,NA
"4929",0,19,NA,NA,4.28104400634766,22.529296875,261.5234375,0.032105,5.2626953125,11.409,NA
"4930",0,19,NA,NA,4.26731109619141,22.4566650390625,262.3046875,0.0320021875,5.2625,11.443,NA
"4931",0,19,NA,NA,4.2572021484375,22.40234375,263.0859375,0.0319265625,5.2623046875,11.477,NA
"4932",0,19,NA,NA,4.2572021484375,22.40234375,263.857421875,0.0319265625,5.2623046875,11.511,NA
"4933",0,19,NA,NA,4.27265167236328,22.484130859375,264.580078125,0.032041875,5.2625,11.545,NA
"4934",0,19,NA,NA,4.29248809814453,22.587890625,265.361328125,0.0321903125,5.2625,11.579,NA
"4935",0,19,NA,NA,4.29248809814453,22.587890625,266.1328125,0.0321903125,5.2625,11.613,NA
"4936",0,19,NA,NA,4.27017211914062,22.4713134765625,266.9140625,0.0320234375,5.2625,11.647,NA
"4937",0,19,NA,NA,4.27646636962891,22.503662109375,267.626953125,0.032070625,5.2623046875,11.681,NA
"4938",0,19,NA,NA,4.27646636962891,22.503662109375,268.408203125,0.032070625,5.2623046875,11.715,NA
"4939",0,19,NA,NA,4.28123474121094,22.5286865234375,269.189453125,0.03210625,5.2623046875,11.749,NA
"4940",0,19,NA,NA,4.26616668701172,22.451171875,269.970703125,0.031993125,5.262890625,11.783,NA
"4941",0,19,NA,NA,4.26616668701172,22.451171875,270.751953125,0.031993125,5.262890625,11.817,NA
"4942",0,19,NA,NA,4.27360534667969,22.4884033203125,271.455078125,0.0320496875,5.262109375,11.852,NA
"4943",0,19,NA,NA,4.27150726318359,22.47802734375,272.236328125,0.03203375,5.2623046875,11.886,NA
"4944",0,19,NA,NA,4.27150726318359,22.47802734375,273.017578125,0.03203375,5.2623046875,11.92,NA
"4945",0,19,NA,NA,4.26673889160156,22.452392578125,273.798828125,0.0319975,5.2623046875,11.954,NA
"4946",0,19,NA,NA,4.26311492919922,22.43408203125,274.5703125,0.031970625,5.2625,11.988,NA
"4947",0,19,NA,NA,4.26311492919922,22.43408203125,275.283203125,0.031970625,5.2623046875,12.022,NA
"4948",0,19,NA,NA,4.26788330078125,22.4591064453125,276.064453125,0.0320071875,5.2623046875,12.056,NA
"4949",0,19,NA,NA,4.25701141357422,22.4005126953125,276.8359375,0.0319246875,5.2623046875,12.09,NA
"4950",0,19,NA,NA,4.25701141357422,22.4005126953125,277.6171875,0.0320346875,5.2625,12.123,NA
"4951",0,19,NA,NA,4.27169799804688,22.479248046875,278.330078125,0.0320346875,5.2625,12.157,NA
"4952",0,19,NA,NA,4.25682067871094,22.4029541015625,279.1015625,0.03192375,5.262890625,12.191,NA
"4953",0,19,NA,NA,4.25682067871094,22.4029541015625,279.8828125,0.0320134375,5.2625,12.225,NA
"4954",0,19,NA,NA,4.26883697509766,22.46337890625,280.6640625,0.0320134375,5.2625,12.259,NA
"4955",0,19,NA,NA,4.25567626953125,22.3931884765625,281.435546875,0.0319146875,5.262109375,12.293,NA
"4956",0,19,NA,NA,4.25567626953125,22.3931884765625,282.1484375,0.0320084375,5.262890625,12.327,NA
"4957",0,19,NA,NA,4.26807403564453,22.4627685546875,282.9296875,0.0320084375,5.262890625,12.361,NA
"4958",0,19,NA,NA,4.26692962646484,22.4554443359375,283.7109375,0.031999375,5.2626953125,12.396,NA
"4959",0,19,NA,NA,4.26692962646484,22.4554443359375,284.482421875,0.0320015625,5.2625,12.43,NA
"4960",0,19,NA,NA,4.26712036132813,22.4560546875,285.1953125,0.0320015625,5.2625,12.464,NA
"4961",0,19,NA,NA,4.26445007324219,22.4420166015625,285.9765625,0.031980625,5.2626953125,12.498,NA
"4962",0,19,NA,NA,4.26445007324219,22.5830078125,286.7578125,0.032181875,5.2626953125,12.532,NA
"4963",0,19,NA,NA,4.29115295410156,22.5830078125,287.5390625,0.032181875,5.2626953125,12.566,NA
"4964",0,19,NA,NA,4.26521301269531,22.4462890625,288.3203125,0.0319871875,5.2625,12.6,NA
"4965",0,19,NA,NA,4.278564453125,22.5146484375,289.0234375,0.0320865625,5.2623046875,12.634,NA
"4966",0,19,NA,NA,4.278564453125,22.5146484375,289.814453125,0.0320865625,5.2623046875,12.668,NA
"4967",0,19,NA,NA,4.29420471191406,22.5970458984375,290.595703125,0.03220375,5.2623046875,12.702,NA
"4968",0,19,NA,NA,4.2633056640625,22.435302734375,291.3671875,0.0319728125,5.2625,12.736,NA
"4969",0,19,NA,NA,4.2633056640625,22.435302734375,292.080078125,0.0319728125,5.2625,12.77,NA
"4970",0,19,NA,NA,4.26712036132813,22.4578857421875,292.861328125,0.03200125,5.2630859375,12.804,NA
"4971",0,19,NA,NA,4.27799224853516,22.5128173828125,293.642578125,0.032081875,5.2626953125,12.838,NA
"4972",0,19,NA,NA,4.27799224853516,22.5128173828125,294.4140625,0.032081875,5.2626953125,12.872,NA
"4973",0,19,NA,NA,4.25682067871094,22.4005126953125,295.1953125,0.03192375,5.2623046875,12.907,NA
"4974",0,19,NA,NA,4.24671173095703,22.3480224609375,295.966796875,0.0318475,5.2625,12.941,NA
"4975",0,19,NA,NA,4.24671173095703,22.3480224609375,296.6796875,0.0318475,5.2625,12.975,NA
"4976",0,19,NA,NA,4.26883697509766,22.4627685546875,297.4609375,0.032013125,5.262109375,13.009,NA
"4977",0,19,NA,NA,4.25872802734375,22.4114990234375,298.232421875,0.0319375,5.2626953125,13.043,NA
"4978",0,19,NA,NA,4.25872802734375,22.4114990234375,299.013671875,0.0319375,5.2626953125,13.077,NA
"4979",0,19,NA,NA,4.27494049072266,22.4957275390625,299.7265625,0.032059375,5.2623046875,13.111,NA
"4980",0,19,NA,NA,4.28447723388672,22.5469970703125,300.5078125,0.0321315625,5.2625,13.145,NA
"4981",0,19,NA,NA,4.28447723388672,22.5469970703125,301.2890625,0.0321315625,5.2625,13.179,NA
"4982",0,19,NA,NA,4.27036285400391,22.471923828125,302.0703125,0.032025625,5.2623046875,13.212,NA
"4983",0,19,NA,NA,4.25739288330078,22.40234375,302.841796875,0.0319271875,5.262109375,13.246,NA
"4984",0,19,NA,NA,4.25739288330078,22.40234375,303.5546875,0.0319271875,5.262109375,13.28,NA
"4985",0,19,NA,NA,4.28390502929688,22.54638671875,304.345703125,0.03212625,5.2630859375,13.314,NA
"4986",0,19,NA,NA,4.28142547607422,22.530517578125,305.126953125,0.032108125,5.2623046875,13.348,NA
"4987",0,19,NA,NA,4.28142547607422,22.530517578125,305.908203125,0.032108125,5.2623046875,13.382,NA
"4988",0,19,NA,NA,4.28600311279297,22.55615234375,306.611328125,0.0321421875,5.262890625,13.416,NA
"4989",0,19,NA,NA,4.26998138427734,22.4725341796875,307.392578125,0.0320225,5.262890625,13.45,NA
"4990",0,19,NA,NA,4.26998138427734,22.4725341796875,308.173828125,0.0320225,5.262890625,13.484,NA
"4991",0,19,NA,NA,4.26559448242188,22.447509765625,308.955078125,0.031989375,5.2625,13.518,NA
"4992",0,19,NA,NA,4.28199768066406,22.532958984375,309.66796875,0.032113125,5.262109375,13.552,NA
"4993",0,19,NA,NA,4.28199768066406,22.532958984375,310.44921875,0.032113125,5.2630859375,13.586,NA
"4994",0,19,NA,NA,4.27265167236328,22.4871826171875,311.220703125,0.0320428125,5.2630859375,13.62,NA
"4995",0,19,NA,NA,4.26464080810547,22.442626953125,312.001953125,0.031981875,5.2626953125,13.654,NA
"4996",0,19,NA,NA,4.26464080810547,22.442626953125,312.71484375,0.031981875,5.2626953125,13.688,NA
"4997",0,19,NA,NA,4.26979064941406,22.4700927734375,313.49609375,0.03202125,5.2626953125,13.722,NA
"4998",0,19,NA,NA,4.25872802734375,22.4102783203125,314.267578125,0.0319384375,5.2623046875,13.756,NA
"4999",0,19,NA,NA,4.25872802734375,22.4102783203125,315.048828125,0.031950625,5.2626953125,13.79,NA
"5000",0,19,NA,NA,4.26044464111328,22.4212646484375,315.8203125,0.031950625,5.2626953125,13.824,NA
"5001",0,19,NA,NA,4.25891876220703,22.412109375,316.533203125,0.03194,5.2625,13.858,NA
"5002",0,19,NA,NA,4.25891876220703,22.412109375,317.3046875,0.0319153125,5.262890625,13.892,NA
"5003",0,19,NA,NA,4.25567626953125,22.3968505859375,318.0859375,0.0319153125,5.262890625,13.927,NA
"5004",0,19,NA,NA,4.26597595214844,22.449951171875,318.8671875,0.031991875,5.2626953125,13.961,NA
"5005",0,19,NA,NA,4.26597595214844,22.449951171875,319.6484375,0.03198625,5.2623046875,13.995,NA
"5006",0,19,NA,NA,4.26521301269531,22.4444580078125,320.3515625,0.03198625,5.2623046875,14.029,NA
"5007",0,19,NA,NA,4.27837371826172,22.5164794921875,321.1328125,0.032085,5.262890625,14.063,NA
"5008",0,19,NA,NA,4.27837371826172,22.4884033203125,321.9140625,0.0320490625,5.2623046875,14.097,NA
"5009",0,19,NA,NA,4.27360534667969,22.4884033203125,322.6953125,0.0320490625,5.2623046875,14.131,NA
"5010",0,19,NA,NA,4.28829193115234,22.56591796875,323.4765625,0.0321590625,5.2625,14.165,NA
"5011",0,19,NA,NA,4.26006317138672,22.4188232421875,324.189453125,0.0319478125,5.2626953125,14.199,NA
"5012",0,19,NA,NA,4.26006317138672,22.4188232421875,324.970703125,0.0319478125,5.2626953125,14.233,NA
"5013",0,19,NA,NA,4.27837371826172,22.5140380859375,325.7421875,0.0320846875,5.2625,14.267,NA
"5014",0,19,NA,NA,4.25434112548828,22.3870849609375,326.5234375,0.0319046875,5.2623046875,14.301,NA
"5015",0,19,NA,NA,4.25434112548828,22.3870849609375,327.236328125,0.0319046875,5.2623046875,14.335,NA
"5016",0,19,NA,NA,4.26769256591797,22.4578857421875,328.0078125,0.032004375,5.2623046875,14.369,NA
"5017",0,19,NA,NA,4.27150726318359,22.47802734375,328.7890625,0.03203375,5.2625,14.403,NA
"5018",0,19,NA,NA,4.27150726318359,22.47802734375,329.5703125,0.03203375,5.2625,14.437,NA
"5019",0,19,NA,NA,4.25758361816406,22.406005859375,330.2734375,0.0319290625,5.2626953125,14.471,NA
"5020",0,19,NA,NA,4.28485870361328,22.5482177734375,331.064453125,0.03213375,5.2625,14.505,NA
"5021",0,19,NA,NA,4.28485870361328,22.5482177734375,331.8359375,0.03213375,5.2625,14.539,NA
"5022",0,19,NA,NA,4.25014495849609,22.3663330078125,332.6171875,0.03187375,5.2625,14.573,NA
"5023",0,19,NA,NA,4.27799224853516,22.513427734375,333.3984375,0.0320825,5.2626953125,14.607,NA
"5024",0,19,NA,NA,4.27799224853516,22.513427734375,334.111328125,0.0320825,5.2626953125,14.641,NA
"5025",0,19,NA,NA,4.27799224853516,22.5128173828125,334.8828125,0.0320821875,5.2625,14.675,NA
"5026",0,19,NA,NA,4.26368713378906,22.4359130859375,335.6640625,0.031975,5.262109375,14.709,NA
"5027",0,19,NA,NA,4.26368713378906,22.4359130859375,336.4453125,0.031975,5.262109375,14.743,NA
"5028",0,19,NA,NA,4.26692962646484,22.4554443359375,337.158203125,0.03199875,5.2626953125,14.777,NA
"5029",0,19,NA,NA,4.27932739257812,22.520751953125,337.939453125,0.032091875,5.262890625,14.811,NA
"5030",0,19,NA,NA,4.27932739257812,22.520751953125,338.720703125,0.032091875,5.262890625,14.845,NA
"5031",0,19,NA,NA,4.27837371826172,22.513427734375,339.501953125,0.0320846875,5.2623046875,14.879,NA
"5032",0,19,NA,NA,4.26387786865234,22.4395751953125,340.205078125,0.0319771875,5.2626953125,14.913,NA
"5033",0,19,NA,NA,4.26387786865234,22.4395751953125,340.986328125,0.0319771875,5.2626953125,14.947,NA
"5034",0,19,NA,NA,4.25491333007812,22.3919677734375,341.7578125,0.0319096875,5.2625,14.982,NA
"5035",0,19,NA,NA,4.2633056640625,22.435302734375,342.5390625,0.0319721875,5.2625,15.016,NA
"5036",0,19,NA,NA,4.2633056640625,22.435302734375,343.3203125,0.0319721875,5.2625,15.05,NA
"5037",0,19,NA,NA,4.28295135498047,22.5384521484375,344.1015625,0.03212,5.2623046875,15.084,NA
"5038",0,19,NA,NA,4.27913665771484,22.518310546875,344.814453125,0.03209125,5.2625,15.118,NA
"5039",0,19,NA,NA,4.27913665771484,22.518310546875,345.595703125,0.03209125,5.2623046875,15.152,NA
"5040",0,19,NA,NA,4.27360534667969,22.489013671875,346.376953125,0.032049375,5.2623046875,15.186,NA
"5041",0,19,NA,NA,4.29725646972656,22.613525390625,347.158203125,0.0322271875,5.2623046875,15.22,NA
"5042",0,19,NA,NA,4.29725646972656,22.613525390625,347.87109375,0.0322271875,5.2623046875,15.254,NA
"5043",0,19,NA,NA,4.28657531738281,22.557373046875,348.65234375,0.0321471875,5.2623046875,15.288,NA
"5044",0,19,NA,NA,4.2755126953125,22.4993896484375,349.43359375,0.032064375,5.2623046875,15.322,NA
"5045",0,19,NA,NA,4.2755126953125,22.4993896484375,350.21484375,0.032015,5.2623046875,15.356,NA
"5046",0,19,NA,NA,4.26902770996094,22.4639892578125,350.986328125,0.032015,5.2623046875,15.39,NA
"5047",0,19,NA,NA,4.25796508789062,22.408447265625,351.69921875,0.031931875,5.262890625,15.423,NA
"5048",0,19,NA,NA,4.25796508789062,22.408447265625,352.48046875,0.0321003125,5.262109375,15.457,NA
"5049",0,19,NA,NA,4.28047180175781,22.5238037109375,353.26171875,0.0321003125,5.262109375,15.491,NA
"5050",0,19,NA,NA,4.27227020263672,22.48291015625,354.04296875,0.03203875,5.2626953125,15.525,NA
"5051",0,19,NA,NA,4.27227020263672,22.48291015625,354.74609375,0.0319478125,5.262890625,15.559,NA
"5052",0,19,NA,NA,4.26006317138672,22.41943359375,355.52734375,0.0319478125,5.262890625,15.593,NA
"5053",0,19,NA,NA,4.26406860351562,22.4371337890625,356.30859375,0.0319784375,5.2619140625,15.627,NA
"5054",0,19,NA,NA,4.26406860351562,22.4371337890625,357.08984375,0.0321090625,5.2625,15.661,NA
"5055",0,19,NA,NA,4.28142547607422,22.53173828125,357.79296875,0.0321090625,5.2625,15.695,NA
"5056",0,19,NA,NA,4.27494049072266,22.496337890625,358.57421875,0.0320590625,5.2625,15.729,NA
"5057",0,19,NA,NA,4.27494049072266,22.467041015625,359.35546875,0.0320165625,5.2626953125,15.763,NA
"5058",0,19,NA,NA,4.26921844482422,22.467041015625,360.13671875,0.0320165625,5.2626953125,15.797,NA
"5059",0,19,NA,NA,4.27417755126953,22.4932861328125,360.91796875,0.03205375,5.2626953125,15.831,NA
"5060",0,19,NA,NA,4.27742004394531,22.5091552734375,361.630859375,0.032078125,5.2623046875,15.865,NA
"5061",0,19,NA,NA,4.27742004394531,22.5091552734375,362.412109375,0.032078125,5.2623046875,15.899,NA
"5062",0,19,NA,NA,4.28199768066406,22.532958984375,363.193359375,0.0321128125,5.2623046875,15.933,NA
"5063",0,19,NA,NA,4.26788330078125,22.4578857421875,363.974609375,0.0320059375,5.262109375,15.967,NA
"5064",0,19,NA,NA,4.26788330078125,22.4578857421875,364.677734375,0.0320059375,5.262109375,16.001,NA
"5065",0,19,NA,NA,4.27532196044922,22.4981689453125,365.458984375,0.032061875,5.2625,16.036,NA
"5066",0,19,NA,NA,4.28962707519531,22.5738525390625,366.25,0.0321690625,5.2625,16.07,NA
"5067",0,19,NA,NA,4.28962707519531,22.5738525390625,367.021484375,0.0321690625,5.2625,16.104,NA
"5068",0,19,NA,NA,4.26692962646484,22.4554443359375,367.802734375,0.032,5.2626953125,16.138,NA
"5069",0,19,NA,NA,4.27780151367188,22.5103759765625,368.583984375,0.0320809375,5.2623046875,16.172,NA
"5070",0,19,NA,NA,4.27780151367188,22.5103759765625,369.296875,0.0320809375,5.2623046875,16.206,NA
"5071",0,19,NA,NA,4.26692962646484,22.4542236328125,370.078125,0.032,5.2623046875,16.24,NA
"5072",0,19,NA,NA,4.26559448242188,22.447509765625,370.849609375,0.031989375,5.2626953125,16.274,NA
"5073",0,19,NA,NA,4.26559448242188,22.447509765625,371.630859375,0.031989375,5.2626953125,16.308,NA
"5074",0,19,NA,NA,4.2724609375,22.48291015625,372.34375,0.0320403125,5.2625,16.342,NA
"5075",0,19,NA,NA,4.26406860351562,22.4383544921875,373.125,0.0319784375,5.262109375,16.376,NA
"5076",0,19,NA,NA,4.26406860351562,22.4383544921875,373.896484375,0.0319784375,5.262109375,16.41,NA
"5077",0,19,NA,NA,4.27436828613281,22.4920654296875,374.677734375,0.032055,5.2623046875,16.444,NA
"5078",0,19,NA,NA,4.27627563476562,22.5018310546875,375.390625,0.0320696875,5.262109375,16.478,NA
"5079",0,19,NA,NA,4.27627563476562,22.5018310546875,376.171875,0.0320696875,5.262109375,16.512,NA
"5080",0,19,NA,NA,4.26540374755859,22.4468994140625,376.953125,0.0319884375,5.2625,16.546,NA
"5081",0,19,NA,NA,4.26502227783203,22.44384765625,377.724609375,0.0319846875,5.2625,16.58,NA
"5082",0,19,NA,NA,4.26502227783203,22.44384765625,378.505859375,0.0319846875,5.2625,16.614,NA
"5083",0,19,NA,NA,4.27398681640625,22.4920654296875,379.21875,0.0320525,5.2625,16.648,NA
"5084",0,19,NA,NA,4.25891876220703,22.410888671875,379.990234375,0.03193875,5.2623046875,16.682,NA
"5085",0,19,NA,NA,4.25891876220703,22.410888671875,380.771484375,0.03193875,5.2623046875,16.716,NA
"5086",0,19,NA,NA,4.25319671630859,22.3828125,381.552734375,0.03189625,5.2626953125,16.75,NA
"5087",0,19,NA,NA,4.26406860351562,22.4365234375,382.255859375,0.0319778125,5.2619140625,16.784,NA
"5088",0,19,NA,NA,4.26406860351562,22.4365234375,383.037109375,0.0319778125,5.2625,16.818,NA
"5089",0,19,NA,NA,4.27894592285156,22.5177001953125,383.818359375,0.0320896875,5.2625,16.852,NA
"5090",0,19,NA,NA,4.27341461181641,22.4908447265625,384.599609375,0.03204875,5.262890625,16.886,NA
"5091",0,19,NA,NA,4.27341461181641,22.4908447265625,385.3125,0.03204875,5.2626953125,16.92,NA
"5092",0,19,NA,NA,4.28714752197266,22.5616455078125,386.09375,0.0321509375,5.2626953125,16.954,NA
"5093",0,19,NA,NA,4.28218841552734,22.5323486328125,386.875,0.03211375,5.262109375,16.988,NA
"5094",0,19,NA,NA,4.28218841552734,22.5323486328125,387.65625,0.0321021875,5.2626953125,17.022,NA
"5095",0,19,NA,NA,4.28066253662109,22.5274658203125,388.4375,0.0321021875,5.2626953125,17.057,NA
"5096",0,19,NA,NA,4.28256988525391,22.535400390625,389.21875,0.0321171875,5.262109375,17.091,NA
"5097",0,19,NA,NA,4.28256988525391,22.535400390625,389.931640625,0.032129375,5.2625,17.125,NA
"5098",0,19,NA,NA,4.28428649902344,22.5457763671875,390.712890625,0.032129375,5.2625,17.159,NA
"5099",0,19,NA,NA,4.25910949707031,22.413330078125,391.494140625,0.03194125,5.2625,17.193,NA
"5100",0,19,NA,NA,4.25910949707031,22.413330078125,392.265625,0.0319921875,5.2619140625,17.227,NA
"5101",0,19,NA,NA,4.26597595214844,22.4462890625,392.978515625,0.0319921875,5.2619140625,17.261,NA
"5102",0,19,NA,NA,4.26654815673828,22.4542236328125,393.759765625,0.0319965625,5.262890625,17.295,NA
"5103",0,19,NA,NA,4.26654815673828,22.53662109375,394.541015625,0.0321175,5.2623046875,17.329,NA
"5104",0,19,NA,NA,4.28256988525391,22.53662109375,395.322265625,0.0321175,5.2623046875,17.363,NA
"5105",0,19,NA,NA,4.27913665771484,22.5201416015625,396.103515625,0.0320909375,5.262890625,17.397,NA
"5106",0,19,NA,NA,4.27265167236328,22.486572265625,396.81640625,0.0320421875,5.262890625,17.431,NA
"5107",0,19,NA,NA,4.27265167236328,22.486572265625,397.59765625,0.0320421875,5.262890625,17.465,NA
"5108",0,19,NA,NA,4.278564453125,22.515869140625,398.37890625,0.0320865625,5.2626953125,17.499,NA
"5109",0,19,NA,NA,4.27341461181641,22.48779296875,399.16015625,0.0320478125,5.2625,17.533,NA
"5110",0,19,NA,NA,4.27341461181641,22.48779296875,399.86328125,0.0320478125,5.2625,17.567,NA
"5111",0,19,NA,NA,4.28371429443359,22.542724609375,400.64453125,0.032125,5.2626953125,17.601,NA
"5112",0,19,NA,NA,4.27684783935547,22.5079345703125,401.42578125,0.03207375,5.262890625,17.635,NA
"5113",0,19,NA,NA,4.27684783935547,22.5079345703125,402.20703125,0.03207375,5.262890625,17.669,NA
"5114",0,19,NA,NA,4.28371429443359,22.542724609375,402.919921875,0.0321259375,5.2623046875,17.703,NA
"5115",0,19,NA,NA,4.28695678710938,22.55859375,403.701171875,0.0321490625,5.2623046875,17.737,NA
"5116",0,19,NA,NA,4.28695678710938,22.55859375,404.482421875,0.0321490625,5.2623046875,17.771,NA
"5117",0,19,NA,NA,4.27055358886719,22.47314453125,405.263671875,0.0320265625,5.2623046875,17.805,NA
"5118",0,19,NA,NA,4.25662994384766,22.39990234375,406.044921875,0.0319228125,5.2623046875,17.839,NA
"5119",0,19,NA,NA,4.25662994384766,22.39990234375,406.7578125,0.0319228125,5.2623046875,17.873,NA
"5120",0,19,NA,NA,4.29801940917969,22.6165771484375,407.529296875,0.0322328125,5.262109375,17.907,NA
"5121",0,19,NA,NA,4.25128936767578,22.371826171875,408.310546875,0.031881875,5.2625,17.941,NA
"5122",0,19,NA,NA,4.25128936767578,22.371826171875,409.091796875,0.031881875,5.2625,17.975,NA
"5123",0,19,NA,NA,4.26502227783203,22.4444580078125,409.794921875,0.031985,5.2625,18.009,NA
"5124",0,19,NA,NA,4.26139831542969,22.4267578125,410.576171875,0.0319578125,5.262890625,18.043,NA
"5125",0,19,NA,NA,4.26139831542969,22.4267578125,411.357421875,0.0319578125,5.262890625,18.077,NA
"5126",0,19,NA,NA,4.27341461181641,22.490234375,412.138671875,0.0320478125,5.262890625,18.112,NA
"5127",0,19,NA,NA,4.27761077880859,22.51220703125,412.919921875,0.032079375,5.262890625,18.146,NA
"5128",0,19,NA,NA,4.27761077880859,22.51220703125,413.701171875,0.032079375,5.262890625,18.18,NA
"5129",0,19,NA,NA,4.266357421875,22.451171875,414.404296875,0.0319959375,5.2623046875,18.214,NA
"5130",0,19,NA,NA,4.27494049072266,22.49755859375,415.185546875,0.032059375,5.2626953125,18.248,NA
"5131",0,19,NA,NA,4.27494049072266,22.49755859375,415.966796875,0.032059375,5.2626953125,18.282,NA
"5132",0,19,NA,NA,4.25910949707031,22.4127197265625,416.748046875,0.0319403125,5.2625,18.316,NA
"5133",0,19,NA,NA,4.26235198974609,22.4310302734375,417.451171875,0.031965625,5.2625,18.35,NA
"5134",0,19,NA,NA,4.26235198974609,22.4310302734375,418.232421875,0.031965625,5.2625,18.384,NA
"5135",0,19,NA,NA,4.26464080810547,22.442626953125,419.013671875,0.0319828125,5.2625,18.418,NA
"5136",0,19,NA,NA,4.26864624023438,22.462158203125,419.78515625,0.032011875,5.262109375,18.452,NA
"5137",0,19,NA,NA,4.26864624023438,22.462158203125,420.498046875,0.032011875,5.2625,18.486,NA
"5138",0,19,NA,NA,4.27799224853516,22.51220703125,421.279296875,0.032081875,5.2625,18.519,NA
"5139",0,19,NA,NA,4.27265167236328,22.4847412109375,422.060546875,0.032043125,5.2625,18.553,NA
"5140",0,19,NA,NA,4.27265167236328,22.4847412109375,422.841796875,0.0320071875,5.2625,18.587,NA
"5141",0,19,NA,NA,4.26788330078125,22.459716796875,423.623046875,0.0320071875,5.2625,18.621,NA
"5142",0,19,NA,NA,4.27818298339844,22.5152587890625,424.326171875,0.0320840625,5.262890625,18.655,NA
"5143",0,19,NA,NA,4.27818298339844,22.5152587890625,425.107421875,0.0320009375,5.2625,18.689,NA
"5144",0,19,NA,NA,4.26712036132813,22.4554443359375,425.888671875,0.0320009375,5.2625,18.723,NA
"5145",0,19,NA,NA,4.266357421875,22.4517822265625,426.669921875,0.0319946875,5.2626953125,18.757,NA
"5146",0,19,NA,NA,4.266357421875,22.4517822265625,427.3828125,0.032101875,5.2625,18.791,NA
"5147",0,19,NA,NA,4.28066253662109,22.5262451171875,428.1640625,0.032101875,5.2625,18.825,NA
"5148",0,19,NA,NA,4.27207946777344,22.4810791015625,428.935546875,0.0320375,5.2625,18.859,NA
"5149",0,19,NA,NA,4.27207946777344,22.4810791015625,429.716796875,0.0319934375,5.2625,18.893,NA
"5150",0,19,NA,NA,4.26616668701172,22.4505615234375,430.4296875,0.0319934375,5.2625,18.927,NA
"5151",0,19,NA,NA,4.25739288330078,22.4041748046875,431.201171875,0.0319278125,5.2625,18.961,NA
"5152",0,19,NA,NA,4.25739288330078,22.484130859375,431.982421875,0.0320421875,5.2625,18.995,NA
"5153",0,19,NA,NA,4.27265167236328,22.484130859375,432.763671875,0.0320421875,5.2625,19.029,NA
"5154",0,19,NA,NA,4.278564453125,22.513427734375,433.544921875,0.0320865625,5.262109375,19.063,NA
"5155",0,19,NA,NA,4.26597595214844,22.4481201171875,434.2578125,0.0319915625,5.2623046875,19.097,NA
"5156",0,19,NA,NA,4.26597595214844,22.4481201171875,435.029296875,0.0319915625,5.2623046875,19.131,NA
"5157",0,19,NA,NA,4.26769256591797,22.4566650390625,435.810546875,0.032005,5.262109375,19.166,NA
"5158",0,19,NA,NA,4.2724609375,22.4822998046875,436.591796875,0.032040625,5.2623046875,19.2,NA
"5159",0,19,NA,NA,4.2724609375,22.4822998046875,437.373046875,0.032040625,5.2623046875,19.234,NA
"5160",0,19,NA,NA,4.27761077880859,22.510986328125,438.0859375,0.03208,5.2625,19.268,NA
"5161",0,19,NA,NA,4.26101684570312,22.4224853515625,438.857421875,0.0319553125,5.2623046875,19.302,NA
"5162",0,19,NA,NA,4.26101684570312,22.4224853515625,439.638671875,0.0319553125,5.2623046875,19.336,NA
"5163",0,19,NA,NA,4.26826477050781,22.4603271484375,440.419921875,0.03201,5.262109375,19.37,NA
"5164",0,19,NA,NA,4.28142547607422,22.5311279296875,441.201171875,0.0321078125,5.2626953125,19.404,NA
"5165",0,19,NA,NA,4.28142547607422,22.5311279296875,441.904296875,0.0321078125,5.2626953125,19.438,NA
"5166",0,19,NA,NA,4.27017211914062,22.470703125,442.6953125,0.03202375,5.2623046875,19.472,NA
"5167",0,19,NA,NA,4.27989959716797,22.52197265625,443.4765625,0.0320965625,5.2625,19.506,NA
"5168",0,19,NA,NA,4.27989959716797,22.52197265625,444.248046875,0.0320965625,5.2625,19.54,NA
"5169",0,19,NA,NA,4.25319671630859,22.379150390625,444.9609375,0.031896875,5.26171875,19.574,NA
"5170",0,19,NA,NA,4.26769256591797,22.4554443359375,445.732421875,0.0320053125,5.26171875,19.608,NA
"5171",0,19,NA,NA,4.26769256591797,22.4554443359375,446.513671875,0.0320053125,5.26171875,19.642,NA
"5172",0,19,NA,NA,4.27474975585938,22.4957275390625,447.294921875,0.0320578125,5.2626953125,19.676,NA
"5173",0,19,NA,NA,4.26521301269531,22.4462890625,448.0078125,0.0319871875,5.2626953125,19.71,NA
"5174",0,19,NA,NA,4.26521301269531,22.4462890625,448.779296875,0.0319871875,5.2626953125,19.744,NA
"5175",0,19,NA,NA,4.26273345947266,22.432861328125,449.560546875,0.03196875,5.2625,19.778,NA
"5176",0,19,NA,NA,4.25453186035156,22.388916015625,450.33203125,0.0319059375,5.2626953125,19.812,NA
"5177",0,19,NA,NA,4.25453186035156,22.388916015625,451.11328125,0.0319059375,5.2626953125,19.846,NA
"5178",0,19,NA,NA,4.24404144287109,22.3333740234375,451.81640625,0.031828125,5.2623046875,19.88,NA
"5179",0,19,NA,NA,4.27989959716797,22.5238037109375,452.59765625,0.0320971875,5.2626953125,19.914,NA
"5180",0,19,NA,NA,4.27989959716797,22.5238037109375,453.37890625,0.0320971875,5.2626953125,19.948,NA
"5181",0,19,NA,NA,4.26216125488281,22.4273681640625,454.16015625,0.0319634375,5.262109375,19.982,NA
"5182",0,19,NA,NA,4.25701141357422,22.401123046875,454.86328125,0.0319246875,5.2623046875,20.016,NA
"5183",0,19,NA,NA,4.25701141357422,22.401123046875,455.64453125,0.0319246875,5.2626953125,20.05,NA
"5184",0,19,NA,NA,4.26883697509766,22.4652099609375,456.42578125,0.03201375,5.2626953125,20.084,NA
"5185",0,19,NA,NA,4.27684783935547,22.5048828125,457.20703125,0.03207375,5.262109375,20.118,NA
"5186",0,19,NA,NA,4.27684783935547,22.5048828125,457.919921875,0.03207375,5.2625,20.152,NA
"5187",0,19,NA,NA,4.27417755126953,22.49267578125,458.69140625,0.03205375,5.2625,20.187,NA
"5188",0,19,NA,NA,4.26959991455078,22.4676513671875,459.47265625,0.032019375,5.2625,20.221,NA
"5189",0,19,NA,NA,4.26959991455078,22.4676513671875,460.25390625,0.03205375,5.2626953125,20.255,NA
"5190",0,19,NA,NA,4.27417755126953,22.4932861328125,461.03515625,0.03205375,5.2626953125,20.289,NA
"5191",0,19,NA,NA,4.27303314208984,22.486572265625,461.81640625,0.0320453125,5.2625,20.323,NA
"5192",0,19,NA,NA,4.27303314208984,22.486572265625,462.51953125,0.031966875,5.26171875,20.357,NA
"5193",0,19,NA,NA,4.26254272460938,22.4285888671875,463.30078125,0.031966875,5.26171875,20.391,NA
"5194",0,19,NA,NA,4.27055358886719,22.4725341796875,464.08203125,0.0320271875,5.2623046875,20.425,NA
"5195",0,19,NA,NA,4.27055358886719,22.4725341796875,464.86328125,0.031991875,5.2623046875,20.459,NA
"5196",0,19,NA,NA,4.26597595214844,22.4481201171875,465.56640625,0.031991875,5.2623046875,20.493,NA
"5197",0,19,NA,NA,4.26559448242188,22.4481201171875,466.34765625,0.03199,5.2625,20.527,NA
"5198",0,19,NA,NA,4.26559448242188,22.4835205078125,467.12890625,0.0320421875,5.2623046875,20.561,NA
"5199",0,19,NA,NA,4.27265167236328,22.4835205078125,467.91015625,0.0320421875,5.2623046875,20.595,NA
"5200",0,19,NA,NA,4.26578521728516,22.449951171875,468.69140625,0.03199,5.262890625,20.629,NA
"5201",0,19,NA,NA,4.26158905029297,22.4267578125,469.39453125,0.0319596875,5.2625,20.663,NA
"5202",0,19,NA,NA,4.26158905029297,22.4267578125,470.17578125,0.0319596875,5.2625,20.697,NA
"5203",0,19,NA,NA,4.26712036132813,22.4566650390625,470.947265625,0.03200125,5.2626953125,20.731,NA
"5204",0,19,NA,NA,4.27474975585938,22.4945068359375,471.73828125,0.03205875,5.2623046875,20.765,NA
"5205",0,19,NA,NA,4.27474975585938,22.4945068359375,472.44140625,0.03205875,5.2623046875,20.799,NA
"5206",0,19,NA,NA,4.28428649902344,22.54638671875,473.232421875,0.03213,5.2626953125,20.833,NA
"5207",0,19,NA,NA,4.2816162109375,22.5311279296875,474.00390625,0.032109375,5.2623046875,20.867,NA
"5208",0,19,NA,NA,4.2816162109375,22.5311279296875,474.78515625,0.032109375,5.2623046875,20.901,NA
"5209",0,19,NA,NA,4.26902770996094,22.4639892578125,475.498046875,0.032014375,5.2623046875,20.935,NA
"5210",0,19,NA,NA,4.296875,22.607421875,476.279296875,0.032223125,5.2615234375,20.969,NA
"5211",0,19,NA,NA,4.296875,22.607421875,477.060546875,0.032223125,5.2615234375,21.003,NA
"5212",0,19,NA,NA,4.26273345947266,22.4310302734375,477.841796875,0.031968125,5.2623046875,21.037,NA
"5213",0,19,NA,NA,4.27207946777344,22.479248046875,478.623046875,0.032038125,5.2619140625,21.071,NA
"5214",0,19,NA,NA,4.27207946777344,22.479248046875,479.3359375,0.032038125,5.2619140625,21.105,NA
"5215",0,19,NA,NA,4.27627563476562,22.503662109375,480.107421875,0.0320696875,5.2625,21.139,NA
"5216",0,19,NA,NA,4.27131652832031,22.4755859375,480.888671875,0.0320321875,5.262109375,21.173,NA
"5217",0,19,NA,NA,4.27131652832031,22.4755859375,481.6796875,0.0320321875,5.262109375,21.207,NA
"5218",0,19,NA,NA,4.27799224853516,22.5140380859375,482.3828125,0.0320821875,5.262890625,21.242,NA
"5219",0,19,NA,NA,4.27093505859375,22.4774169921875,483.1640625,0.032029375,5.262890625,21.276,NA
"5220",0,19,NA,NA,4.27093505859375,22.4774169921875,483.9453125,0.032029375,5.262890625,21.31,NA
"5221",0,19,NA,NA,4.27436828613281,22.493896484375,484.7265625,0.0320553125,5.2625,21.344,NA
"5222",0,19,NA,NA,4.26788330078125,22.459716796875,485.498046875,0.032006875,5.2625,21.378,NA
"5223",0,19,NA,NA,4.26788330078125,22.459716796875,486.279296875,0.032006875,5.2625,21.412,NA
"5224",0,19,NA,NA,4.27207946777344,22.4798583984375,486.9921875,0.0320375,5.262109375,21.446,NA
"5225",0,19,NA,NA,4.25815582275391,22.4072265625,487.7734375,0.03193375,5.2623046875,21.48,NA
"5226",0,19,NA,NA,4.25815582275391,22.4072265625,488.544921875,0.03193375,5.2623046875,21.514,NA
"5227",0,20,NA,NA,4.36344146728516,22.9620361328125,490.99609375,0.0327234375,5.2625,21.623,NA
"5228",0,20,NA,NA,4.36344146728516,22.9620361328125,491.845703125,0.0327234375,5.2625,21.657,NA
"5229",0,20,NA,NA,4.65087890625,24.47021484375,492.6953125,0.0348790625,5.261328125,21.691,NA
"5230",0,20,NA,NA,4.65831756591797,24.5123291015625,493.544921875,0.034935,5.262109375,21.725,NA
"5231",0,20,NA,NA,4.65831756591797,24.5123291015625,494.39453125,0.034935,5.262109375,21.759,NA
"5232",0,20,NA,NA,4.65679168701172,24.49951171875,495.166015625,0.034923125,5.2611328125,21.793,NA
"5233",0,20,NA,NA,4.66079711914062,24.522705078125,496.025390625,0.0349534375,5.2615234375,21.827,NA
"5234",0,20,NA,NA,4.66079711914062,24.522705078125,496.875,0.0349534375,5.2615234375,21.861,NA
"5235",0,20,NA,NA,4.6661376953125,24.549560546875,497.724609375,0.0349940625,5.261328125,21.895,NA
"5236",0,20,NA,NA,4.6600341796875,24.517822265625,498.57421875,0.0349471875,5.2615234375,21.929,NA
"5237",0,20,NA,NA,4.6600341796875,24.517822265625,499.345703125,0.0349471875,5.2615234375,21.963,NA
"5238",0,20,NA,NA,4.65431213378906,24.4879150390625,500.1953125,0.034905,5.2615234375,21.997,NA
"5239",0,20,NA,NA,4.65927124023438,24.515380859375,501.044921875,0.0349421875,5.2615234375,22.031,NA
"5240",0,20,NA,NA,4.65927124023438,24.515380859375,501.89453125,0.0349421875,5.2615234375,22.065,NA
"5241",0,20,NA,NA,4.66251373291016,24.532470703125,502.67578125,0.0349665625,5.26171875,22.099,NA
"5242",0,20,NA,NA,4.65545654296875,24.49462890625,503.525390625,0.0349125,5.26171875,22.133,NA
"5243",0,20,NA,NA,4.65545654296875,24.49462890625,504.375,0.0349125,5.26171875,22.167,NA
"5244",0,20,NA,NA,4.63790893554688,24.4024658203125,505.21484375,0.034780625,5.26171875,22.201,NA
"5245",0,20,NA,NA,4.64992523193359,24.4659423828125,506.064453125,0.03487125,5.26171875,22.235,NA
"5246",0,20,NA,NA,4.64992523193359,24.4659423828125,506.8359375,0.03487125,5.26171875,22.269,NA
"5247",0,20,NA,NA,4.64591979980469,24.443359375,507.685546875,0.034841875,5.261328125,22.303,NA
"5248",0,20,NA,NA,4.64668273925781,24.4464111328125,508.53515625,0.034846875,5.2611328125,22.337,NA
"5249",0,20,NA,NA,4.64668273925781,24.4464111328125,509.384765625,0.034846875,5.2611328125,22.372,NA
"5250",0,20,NA,NA,4.644775390625,24.4390869140625,510.234375,0.03483375,5.2615234375,22.406,NA
"5251",0,20,NA,NA,4.638671875,24.4073486328125,510.99609375,0.0347878125,5.26171875,22.44,NA
"5252",0,20,NA,NA,4.638671875,24.4073486328125,511.845703125,0.0347878125,5.26171875,22.474,NA
"5253",0,20,NA,NA,4.63695526123047,24.398193359375,512.6953125,0.0347746875,5.26171875,22.508,NA
"5254",0,20,NA,NA,4.64820861816406,24.45556640625,513.544921875,0.0348584375,5.2615234375,22.542,NA
"5255",0,20,NA,NA,4.64820861816406,24.45556640625,514.39453125,0.0348584375,5.261328125,22.576,NA
"5256",0,20,NA,NA,4.64839935302734,24.4561767578125,515.166015625,0.0348596875,5.261328125,22.61,NA
"5257",0,20,NA,NA,4.65373992919922,24.4866943359375,516.015625,0.0349,5.2619140625,22.644,NA
"5258",0,20,NA,NA,4.65373992919922,24.4866943359375,516.865234375,0.034830625,5.2619140625,22.678,NA
"5259",0,20,NA,NA,4.64439392089844,24.4378662109375,517.71484375,0.034830625,5.2619140625,22.712,NA
"5260",0,20,NA,NA,4.63848114013672,24.4049072265625,518.4765625,0.034785625,5.2615234375,22.746,NA
"5261",0,20,NA,NA,4.63848114013672,24.4049072265625,519.326171875,0.03484875,5.2615234375,22.78,NA
"5262",0,20,NA,NA,4.64687347412109,24.449462890625,520.17578125,0.03484875,5.2615234375,22.814,NA
"5263",0,20,NA,NA,4.65164184570312,24.4775390625,521.025390625,0.0348846875,5.262109375,22.848,NA
"5264",0,20,NA,NA,4.65164184570312,24.4775390625,521.796875,0.0348075,5.26171875,22.882,NA
"5265",0,20,NA,NA,4.64134216308594,24.42138671875,522.646484375,0.0348075,5.26171875,22.916,NA
"5266",0,20,NA,NA,4.64210510253906,24.425048828125,523.49609375,0.0348128125,5.26171875,22.95,NA
"5267",0,20,NA,NA,4.64210510253906,24.425048828125,524.345703125,0.03490625,5.26171875,22.984,NA
"5268",0,20,NA,NA,4.65450286865234,24.4903564453125,525.1953125,0.03490625,5.26171875,23.018,NA
"5269",0,20,NA,NA,4.64973449707031,24.4622802734375,525.95703125,0.0348696875,5.2611328125,23.052,NA
"5270",0,20,NA,NA,4.64725494384766,24.45068359375,526.81640625,0.03485125,5.261328125,23.086,NA
"5271",0,20,NA,NA,4.64725494384766,24.45068359375,527.65625,0.03485125,5.261328125,23.12,NA
"5272",0,20,NA,NA,4.6478271484375,24.45556640625,528.505859375,0.034855625,5.26171875,23.154,NA
"5273",0,20,NA,NA,4.66041564941406,24.521484375,529.287109375,0.0349496875,5.2619140625,23.188,NA
"5274",0,20,NA,NA,4.66041564941406,24.521484375,530.126953125,0.0349496875,5.2619140625,23.222,NA
"5275",0,20,NA,NA,4.63047027587891,24.3646240234375,530.9765625,0.0347259375,5.2619140625,23.256,NA
"5276",0,20,NA,NA,4.65145111083984,24.473876953125,531.826171875,0.0348825,5.26171875,23.29,NA
"5277",0,20,NA,NA,4.65145111083984,24.473876953125,532.67578125,0.0348825,5.26171875,23.324,NA
"5278",0,20,NA,NA,4.65965270996094,24.517822265625,533.447265625,0.0349440625,5.2619140625,23.358,NA
"5279",0,20,NA,NA,4.65316772460938,24.4830322265625,534.296875,0.0348965625,5.2615234375,23.393,NA
"5280",0,20,NA,NA,4.65316772460938,24.4830322265625,535.146484375,0.0348965625,5.2615234375,23.427,NA
"5281",0,20,NA,NA,4.63790893554688,24.400634765625,535.99609375,0.0347809375,5.261328125,23.461,NA
"5282",0,20,NA,NA,4.66251373291016,24.532470703125,536.845703125,0.0349665625,5.2615234375,23.495,NA
"5283",0,20,NA,NA,4.66251373291016,24.532470703125,537.6953125,0.0349665625,5.2615234375,23.529,NA
"5284",0,20,NA,NA,4.66041564941406,24.522705078125,538.466796875,0.03495,5.2619140625,23.563,NA
"5285",0,20,NA,NA,4.64324951171875,24.4287109375,539.31640625,0.0348209375,5.261328125,23.597,NA
"5286",0,20,NA,NA,4.64324951171875,24.4287109375,540.166015625,0.0348209375,5.261328125,23.631,NA
"5287",0,20,NA,NA,4.63981628417969,24.4122314453125,541.015625,0.0347953125,5.2615234375,23.665,NA
"5288",0,20,NA,NA,4.63600158691406,24.3927001953125,541.77734375,0.0347671875,5.26171875,23.699,NA
"5289",0,20,NA,NA,4.63600158691406,24.3927001953125,542.626953125,0.0347671875,5.26171875,23.733,NA
"5290",0,20,NA,NA,4.63294982910156,24.373779296875,543.4765625,0.034744375,5.2611328125,23.767,NA
"5291",0,20,NA,NA,4.64458465576172,24.4384765625,544.326171875,0.0348321875,5.26171875,23.801,NA
"5292",0,20,NA,NA,4.64458465576172,24.4384765625,545.09765625,0.0348321875,5.26171875,23.835,NA
"5293",0,20,NA,NA,4.65736389160156,24.5050048828125,545.947265625,0.0349278125,5.26171875,23.869,NA
"5294",0,20,NA,NA,4.66194152832031,24.5281982421875,546.796875,0.034961875,5.2615234375,23.903,NA
"5295",0,20,NA,NA,4.66194152832031,24.5281982421875,547.646484375,0.034961875,5.2615234375,23.937,NA
"5296",0,20,NA,NA,4.64076995849609,24.4171142578125,548.49609375,0.0348034375,5.2615234375,23.971,NA
"5297",0,20,NA,NA,4.65240478515625,24.4793701171875,549.267578125,0.034890625,5.26171875,24.005,NA
"5298",0,20,NA,NA,4.65240478515625,24.4793701171875,550.107421875,0.034890625,5.261328125,24.039,NA
"5299",0,20,NA,NA,4.64916229248047,24.46044921875,550.966796875,0.0348653125,5.261328125,24.073,NA
"5300",0,20,NA,NA,4.65641021728516,24.500732421875,551.81640625,0.03492,5.26171875,24.107,NA
"5301",0,20,NA,NA,4.65641021728516,24.500732421875,552.578125,0.03492,5.2615234375,24.141,NA
"5302",0,20,NA,NA,4.63542938232422,24.3890380859375,553.427734375,0.034763125,5.2615234375,24.175,NA
"5303",0,20,NA,NA,4.64706420898438,24.45068359375,554.27734375,0.0348503125,5.26171875,24.209,NA
"5304",0,20,NA,NA,4.64706420898438,24.45068359375,555.13671875,0.035001875,5.26171875,24.243,NA
"5305",0,20,NA,NA,4.66728210449219,24.5574951171875,555.9765625,0.035001875,5.26171875,24.277,NA
"5306",0,20,NA,NA,4.64611053466797,24.4451904296875,556.748046875,0.0348434375,5.261328125,24.311,NA
"5307",0,20,NA,NA,4.64611053466797,24.4451904296875,557.59765625,0.034843125,5.26171875,24.345,NA
"5308",0,20,NA,NA,4.64611053466797,24.4464111328125,558.447265625,0.034843125,5.26171875,24.38,NA
"5309",0,20,NA,NA,4.65488433837891,24.4915771484375,559.296875,0.034909375,5.2615234375,24.414,NA
"5310",0,20,NA,NA,4.65488433837891,24.4915771484375,560.068359375,0.03484125,5.26171875,24.449,NA
"5311",0,20,NA,NA,4.64591979980469,24.444580078125,560.99609375,0.03484125,5.26171875,24.483,NA
"5312",0,20,NA,NA,4.64210510253906,24.422607421875,561.767578125,0.0348125,5.261328125,24.517,NA
"5313",0,20,NA,NA,4.64591979980469,24.443359375,562.6171875,0.0348421875,5.2611328125,24.551,NA
"5314",0,20,NA,NA,4.64591979980469,24.443359375,563.466796875,0.0348421875,5.2611328125,24.585,NA
"5315",0,20,NA,NA,4.64591979980469,24.4439697265625,564.306640625,0.03484125,5.2615234375,24.619,NA
"5316",0,20,NA,NA,4.66251373291016,24.53125,565.087890625,0.0349665625,5.261328125,24.653,NA
"5317",0,20,NA,NA,4.66251373291016,24.53125,565.87890625,0.0349665625,5.261328125,24.687,NA
"5318",0,20,NA,NA,4.32243347167969,22.7459716796875,566.66015625,0.03241625,5.2623046875,24.721,NA
"5319",0,20,NA,NA,4.23698425292969,22.2991943359375,567.431640625,0.0317746875,5.2630859375,24.755,NA
"5320",0,20,NA,NA,4.23698425292969,22.2991943359375,568.212890625,0.0317746875,5.2630859375,24.789,NA
"5321",0,20,NA,NA,4.26349639892578,22.4359130859375,568.916015625,0.031974375,5.2623046875,24.823,NA
"5322",0,20,NA,NA,4.26559448242188,22.4468994140625,569.697265625,0.0319903125,5.2623046875,24.857,NA
"5323",0,20,NA,NA,4.26559448242188,22.4468994140625,570.46875,0.0319903125,5.2623046875,24.891,NA
"5324",0,20,NA,NA,4.24785614013672,22.352294921875,571.25,0.031856875,5.262109375,24.925,NA
"5325",0,20,NA,NA,4.24232482910156,22.3236083984375,571.953125,0.031814375,5.2623046875,24.959,NA
"5326",0,20,NA,NA,4.24232482910156,22.3236083984375,572.724609375,0.031814375,5.2623046875,24.993,NA
"5327",0,20,NA,NA,4.25071716308594,22.3699951171875,573.505859375,0.0318778125,5.2626953125,25.027,NA
"5328",0,20,NA,NA,4.23812866210938,22.3046875,574.27734375,0.031783125,5.2630859375,25.061,NA
"5329",0,20,NA,NA,4.23812866210938,22.3046875,575.048828125,0.031783125,5.2630859375,25.095,NA
"5330",0,20,NA,NA,4.23755645751953,22.2998046875,575.751953125,0.03177875,5.2625,25.129,NA
"5331",0,20,NA,NA,4.24728393554688,22.3516845703125,576.533203125,0.0318525,5.2625,25.163,NA
"5332",0,20,NA,NA,4.24728393554688,22.3516845703125,577.3046875,0.0318525,5.2625,25.197,NA
"5333",0,20,NA,NA,4.22649383544922,22.242431640625,578.076171875,0.03169625,5.2626953125,25.231,NA
"5334",0,20,NA,NA,4.23812866210938,22.3004150390625,578.779296875,0.0317828125,5.262109375,25.265,NA
"5335",0,20,NA,NA,4.23812866210938,22.3004150390625,579.55078125,0.0317828125,5.262109375,25.299,NA
"5336",0,20,NA,NA,4.24346923828125,22.330322265625,580.33203125,0.03182375,5.2623046875,25.333,NA
"5337",0,20,NA,NA,4.24251556396484,22.3248291015625,581.103515625,0.0318159375,5.2623046875,25.367,NA
"5338",0,20,NA,NA,4.24251556396484,22.3248291015625,581.806640625,0.0318159375,5.2623046875,25.401,NA
"5339",0,20,NA,NA,4.25796508789062,22.4072265625,582.587890625,0.031931875,5.2625,25.435,NA
"5340",0,20,NA,NA,4.26120758056641,22.423095703125,583.369140625,0.0319559375,5.2623046875,25.469,NA
"5341",0,20,NA,NA,4.26120758056641,22.423095703125,584.150390625,0.0319559375,5.2625,25.504,NA
"5342",0,20,NA,NA,4.26158905029297,22.4267578125,584.921875,0.0319596875,5.2625,25.538,NA
"5343",0,20,NA,NA,4.24900054931641,22.359619140625,585.693359375,0.031865,5.2623046875,25.572,NA
"5344",0,20,NA,NA,4.24900054931641,22.359619140625,586.396484375,0.031865,5.262890625,25.606,NA
"5345",0,20,NA,NA,4.24079895019531,22.3175048828125,587.177734375,0.031803125,5.262890625,25.64,NA
"5346",0,20,NA,NA,4.24118041992188,22.318115234375,587.94921875,0.03180625,5.2623046875,25.674,NA
"5347",0,20,NA,NA,4.24118041992188,22.318115234375,588.73046875,0.0318878125,5.2623046875,25.708,NA
"5348",0,20,NA,NA,4.25205230712891,22.37548828125,589.43359375,0.0318878125,5.2623046875,25.742,NA
"5349",0,20,NA,NA,4.25167083740234,22.3724365234375,590.21484375,0.031885625,5.262109375,25.776,NA
"5350",0,20,NA,NA,4.25167083740234,22.3724365234375,590.986328125,0.03183375,5.2626953125,25.81,NA
"5351",0,20,NA,NA,4.24480438232422,22.3394775390625,591.7578125,0.03183375,5.2626953125,25.844,NA
"5352",0,20,NA,NA,4.25605773925781,22.396240234375,592.5390625,0.0319175,5.2623046875,25.878,NA
"5353",0,20,NA,NA,4.25605773925781,22.396240234375,593.2421875,0.0318621875,5.262109375,25.911,NA
"5354",0,20,NA,NA,4.24861907958984,22.3565673828125,594.0234375,0.0318621875,5.262109375,25.945,NA
"5355",0,20,NA,NA,4.24728393554688,22.3492431640625,594.794921875,0.031851875,5.262109375,25.979,NA
"5356",0,20,NA,NA,4.24728393554688,22.3492431640625,595.56640625,0.0318090625,5.2625,26.013,NA
"5357",0,20,NA,NA,4.24156188964844,22.320556640625,596.279296875,0.0318090625,5.2625,26.047,NA
"5358",0,20,NA,NA,4.26731109619141,22.454833984375,597.060546875,0.0320015625,5.2623046875,26.081,NA
"5359",0,20,NA,NA,4.26731109619141,22.454833984375,597.83203125,0.03184875,5.2625,26.115,NA
"5360",0,20,NA,NA,4.24690246582031,22.3486328125,598.603515625,0.03184875,5.2625,26.149,NA
"5361",0,20,NA,NA,4.23717498779297,22.2967529296875,599.306640625,0.03177625,5.262109375,26.183,NA
"5362",0,20,NA,NA,4.23965454101562,22.3101806640625,600.078125,0.031795625,5.2623046875,26.217,NA
"5363",0,20,NA,NA,4.23965454101562,22.3101806640625,600.859375,0.031795625,5.2623046875,26.251,NA
"5364",0,20,NA,NA,4.25472259521484,22.391357421875,601.630859375,0.0319084375,5.2626953125,26.285,NA
"5365",0,20,NA,NA,4.23412322998047,22.2833251953125,602.40234375,0.0317540625,5.2626953125,26.319,NA
"5366",0,20,NA,NA,4.23412322998047,22.2833251953125,603.115234375,0.0317540625,5.2626953125,26.353,NA
"5367",0,20,NA,NA,4.24079895019531,22.31689453125,603.88671875,0.031804375,5.2625,26.387,NA
"5368",0,20,NA,NA,4.248046875,22.354736328125,604.658203125,0.0318578125,5.2623046875,26.421,NA
"5369",0,20,NA,NA,4.248046875,22.354736328125,605.439453125,0.0318578125,5.2623046875,26.455,NA
"5370",0,20,NA,NA,4.25262451171875,22.379150390625,606.142578125,0.0318925,5.2623046875,26.489,NA
"5371",0,20,NA,NA,4.25243377685547,22.3797607421875,606.923828125,0.03189125,5.262890625,26.524,NA
"5372",0,20,NA,NA,4.25243377685547,22.3797607421875,607.6953125,0.03189125,5.262890625,26.558,NA
"5373",0,20,NA,NA,4.23088073730469,22.2662353515625,608.466796875,0.0317290625,5.262890625,26.592,NA
"5374",0,20,NA,NA,4.24690246582031,22.3486328125,609.23828125,0.03185,5.2623046875,26.626,NA
"5375",0,20,NA,NA,4.24690246582031,22.3486328125,610.01953125,0.03185,5.2623046875,26.66,NA
"5376",0,20,NA,NA,4.24633026123047,22.3468017578125,610.72265625,0.0318446875,5.2626953125,26.694,NA
"5377",0,20,NA,NA,4.24976348876953,22.36572265625,611.50390625,0.0318703125,5.2630859375,26.728,NA
"5378",0,20,NA,NA,4.24976348876953,22.36572265625,612.275390625,0.0318703125,5.2630859375,26.762,NA
"5379",0,20,NA,NA,4.24385070800781,22.3321533203125,613.046875,0.031826875,5.2623046875,26.796,NA
"5380",0,20,NA,NA,4.23088073730469,22.2650146484375,613.75,0.0317290625,5.2626953125,26.83,NA
"5381",0,20,NA,NA,4.23088073730469,22.2650146484375,614.521484375,0.0317290625,5.2626953125,26.864,NA
"5382",0,20,NA,NA,4.24900054931641,22.36083984375,615.302734375,0.031864375,5.2626953125,26.898,NA
"5383",0,20,NA,NA,4.24785614013672,22.3553466796875,616.07421875,0.031856875,5.2626953125,26.932,NA
"5384",0,20,NA,NA,4.24785614013672,22.3553466796875,616.787109375,0.031856875,5.2626953125,26.966,NA
"5385",0,20,NA,NA,4.25071716308594,22.36572265625,617.55859375,0.031878125,5.26171875,27,NA
"5386",0,20,NA,NA,4.25548553466797,22.39501953125,618.33984375,0.0319140625,5.2626953125,27.034,NA
"5387",0,20,NA,NA,4.25548553466797,22.39501953125,619.111328125,0.0319140625,5.2626953125,27.068,NA
"5388",0,20,NA,NA,4.25224304199219,22.3779296875,619.892578125,0.0318890625,5.2626953125,27.102,NA
"5389",0,20,NA,NA,4.23564910888672,22.2900390625,620.595703125,0.031765625,5.2625,27.136,NA
"5390",0,20,NA,NA,4.23564910888672,22.2900390625,621.3671875,0.031765625,5.2625,27.17,NA
"5391",0,20,NA,NA,4.22916412353516,22.255859375,622.138671875,0.03171625,5.2625,27.204,NA
"5392",0,20,NA,NA,4.25071716308594,22.37060546875,622.919921875,0.0318784375,5.262890625,27.238,NA
"5393",0,20,NA,NA,4.25071716308594,22.37060546875,623.623046875,0.0318784375,5.2625,27.272,NA
"5394",0,20,NA,NA,4.25071716308594,22.369384765625,624.39453125,0.031878125,5.2625,27.306,NA
"5395",0,20,NA,NA,4.24938201904297,22.36328125,625.17578125,0.0318675,5.262890625,27.34,NA
"5396",0,20,NA,NA,4.24938201904297,22.36328125,625.947265625,0.0318190625,5.2626953125,27.374,NA
"5397",0,20,NA,NA,4.24289703369141,22.3291015625,626.66015625,0.0318190625,5.2626953125,27.408,NA
"5398",0,20,NA,NA,4.25319671630859,22.3828125,627.431640625,0.031896875,5.2625,27.442,NA
"5399",0,20,NA,NA,4.25319671630859,22.3828125,628.203125,0.0318075,5.2626953125,27.476,NA
"5400",0,20,NA,NA,4.24137115478516,22.320556640625,628.984375,0.0318075,5.2626953125,27.51,NA
"5401",0,20,NA,NA,4.25453186035156,22.3876953125,629.755859375,0.03190625,5.2623046875,27.544,NA
"5402",0,20,NA,NA,4.25453186035156,22.3876953125,630.46875,0.031901875,5.2623046875,27.579,NA
"5403",0,20,NA,NA,4.25395965576172,22.38525390625,631.240234375,0.031901875,5.2623046875,27.613,NA
"5404",0,20,NA,NA,4.23622131347656,22.291259765625,632.01171875,0.0317684375,5.2623046875,27.647,NA
"5405",0,20,NA,NA,4.23622131347656,22.291259765625,632.783203125,0.031769375,5.2625,27.681,NA
"5406",0,20,NA,NA,4.23622131347656,22.29248046875,633.564453125,0.031769375,5.2625,27.715,NA
"5407",0,20,NA,NA,4.25605773925781,22.396240234375,634.267578125,0.0319178125,5.2623046875,27.749,NA
"5408",0,20,NA,NA,4.24861907958984,22.3577880859375,635.0390625,0.031861875,5.2625,27.783,NA
"5409",0,20,NA,NA,4.24861907958984,22.3577880859375,635.8203125,0.031861875,5.2625,27.817,NA
"5410",0,20,NA,NA,4.26292419433594,22.4346923828125,636.6015625,0.031969375,5.262890625,27.851,NA
"5411",0,20,NA,NA,4.24480438232422,22.33642578125,637.373046875,0.031833125,5.262109375,27.885,NA
"5412",0,20,NA,NA,4.24480438232422,22.33642578125,638.0859375,0.031833125,5.262109375,27.919,NA
"5413",0,20,NA,NA,4.26235198974609,22.4298095703125,638.857421875,0.031965,5.2625,27.953,NA
"5414",0,20,NA,NA,4.24232482910156,22.3260498046875,639.62890625,0.0318146875,5.2626953125,27.987,NA
"5415",0,20,NA,NA,4.24232482910156,22.3260498046875,640.41015625,0.0318146875,5.2626953125,28.021,NA
"5416",0,20,NA,NA,4.25319671630859,22.381591796875,641.11328125,0.0318971875,5.2623046875,28.055,NA
"5417",0,20,NA,NA,4.26101684570312,22.4249267578125,641.89453125,0.031955625,5.2626953125,28.089,NA
"5418",0,20,NA,NA,4.26101684570312,22.4249267578125,642.666015625,0.031955625,5.2626953125,28.123,NA
"5419",0,20,NA,NA,4.25605773925781,22.3956298828125,643.447265625,0.0319178125,5.262109375,28.157,NA
"5420",0,20,NA,NA,4.25148010253906,22.373046875,644.150390625,0.031884375,5.2625,28.191,NA
"5421",0,20,NA,NA,4.25148010253906,22.373046875,644.931640625,0.031884375,5.2625,28.225,NA
"5422",0,20,NA,NA,4.2449951171875,22.3406982421875,645.703125,0.031834375,5.262890625,28.259,NA
"5423",0,20,NA,NA,4.25090789794922,22.3699951171875,646.484375,0.03187875,5.2625,28.293,NA
"5424",0,20,NA,NA,4.25090789794922,22.3699951171875,647.255859375,0.03187875,5.2625,28.327,NA
"5425",0,20,NA,NA,4.24671173095703,22.3480224609375,647.96875,0.031848125,5.2623046875,28.361,NA
"5426",0,20,NA,NA,4.2572021484375,22.4017333984375,648.740234375,0.0319265625,5.262109375,28.395,NA
"5427",0,20,NA,NA,4.2572021484375,22.4017333984375,649.51171875,0.0319265625,5.262109375,28.429,NA
"5428",0,20,NA,NA,4.24385070800781,22.335205078125,650.283203125,0.0318265625,5.2630859375,28.463,NA
"5429",0,20,NA,NA,4.24556732177734,22.3406982421875,650.99609375,0.0318384375,5.2623046875,28.497,NA
"5430",0,20,NA,NA,4.24556732177734,22.3406982421875,651.767578125,0.0318384375,5.2623046875,28.531,NA
"5431",0,20,NA,NA,4.23545837402344,22.2900390625,652.5390625,0.031763125,5.262890625,28.565,NA
"5432",0,20,NA,NA,4.25033569335938,22.3663330078125,653.3203125,0.031875,5.2623046875,28.599,NA
"5433",0,20,NA,NA,4.25033569335938,22.3663330078125,654.091796875,0.031875,5.2623046875,28.634,NA
"5434",0,20,NA,NA,4.23927307128906,22.3089599609375,654.873046875,0.0317925,5.2625,28.668,NA
"5435",0,20,NA,NA,4.25853729248047,22.410888671875,655.576171875,0.0319365625,5.2626953125,28.702,NA
"5436",0,20,NA,NA,4.25853729248047,22.410888671875,656.34765625,0.0319365625,5.2630859375,28.736,NA
"5437",0,20,NA,NA,4.24594879150391,22.34619140625,657.12890625,0.0318421875,5.2630859375,28.77,NA
"5438",0,20,NA,NA,4.24289703369141,22.3284912109375,657.900390625,0.03182,5.2625,28.804,NA
"5439",0,20,NA,NA,4.24289703369141,22.3284912109375,658.603515625,0.03182,5.2626953125,28.838,NA
"5440",0,20,NA,NA,4.24346923828125,22.33154296875,659.384765625,0.03182375,5.2626953125,28.872,NA
"5441",0,20,NA,NA,4.26006317138672,22.4163818359375,660.166015625,0.0319478125,5.262109375,28.906,NA
"5442",0,20,NA,NA,4.26006317138672,22.4163818359375,660.9375,0.0318428125,5.2626953125,28.94,NA
"5443",0,20,NA,NA,4.24594879150391,22.344970703125,661.640625,0.0318428125,5.2626953125,28.974,NA
"5444",0,20,NA,NA,4.25624847412109,22.3980712890625,662.421875,0.03191875,5.2625,29.008,NA
"5445",0,20,NA,NA,4.25624847412109,22.3980712890625,663.193359375,0.0319309375,5.262890625,29.042,NA
"5446",0,20,NA,NA,4.25777435302734,22.408447265625,663.974609375,0.0319309375,5.262890625,29.076,NA
"5447",0,20,NA,NA,4.24957275390625,22.36328125,664.74609375,0.03186875,5.2626953125,29.11,NA
"5448",0,20,NA,NA,4.24957275390625,22.36328125,665.458984375,0.0318671875,5.2623046875,29.143,NA
"5449",0,20,NA,NA,4.24938201904297,22.36083984375,666.23046875,0.0318671875,5.2623046875,29.177,NA
"5450",0,20,NA,NA,4.23793792724609,22.30224609375,667.001953125,0.0317825,5.2625,29.212,NA
"5451",0,20,NA,NA,4.23793792724609,22.30224609375,667.783203125,0.031968125,5.2619140625,29.246,NA
"5452",0,20,NA,NA,4.26273345947266,22.4298095703125,668.486328125,0.031968125,5.2619140625,29.28,NA
"5453",0,20,NA,NA,4.24766540527344,22.3516845703125,669.267578125,0.0318546875,5.262109375,29.314,NA
"5454",0,20,NA,NA,4.24766540527344,22.3516845703125,670.0390625,0.03183375,5.2623046875,29.347,NA
"5455",0,20,NA,NA,4.24480438232422,22.3370361328125,670.810546875,0.03183375,5.2623046875,29.381,NA
"5456",0,20,NA,NA,4.23946380615234,22.3095703125,671.5234375,0.031793125,5.2625,29.415,NA
"5457",0,20,NA,NA,4.2510986328125,22.371826171875,672.294921875,0.0318809375,5.2626953125,29.449,NA
"5458",0,20,NA,NA,4.2510986328125,22.371826171875,673.06640625,0.0318809375,5.2626953125,29.483,NA
"5459",0,20,NA,NA,4.24880981445312,22.357177734375,673.84765625,0.0318634375,5.262109375,29.517,NA
"5460",0,20,NA,NA,4.24995422363281,22.3675537109375,674.619140625,0.0318721875,5.262890625,29.551,NA
"5461",0,20,NA,NA,4.24995422363281,22.3675537109375,675.33203125,0.0318721875,5.262890625,29.585,NA
"5462",0,20,NA,NA,4.25338745117188,22.381591796875,676.103515625,0.0318971875,5.2623046875,29.619,NA
"5463",0,20,NA,NA,4.26025390625,22.4188232421875,676.884765625,0.031949375,5.2623046875,29.654,NA
"5464",0,20,NA,NA,4.26025390625,22.4188232421875,677.666015625,0.031949375,5.2623046875,29.688,NA
"5465",0,20,NA,NA,4.25930023193359,22.413330078125,678.4375,0.0319415625,5.2623046875,29.722,NA
"5466",0,20,NA,NA,4.26826477050781,22.4609375,679.150390625,0.0320090625,5.2625,29.756,NA
"5467",0,20,NA,NA,4.26826477050781,22.4609375,679.921875,0.0320090625,5.2625,29.79,NA
"5468",0,20,NA,NA,4.24022674560547,22.3138427734375,680.693359375,0.031799375,5.2625,29.824,NA
"5469",0,20,NA,NA,4.24537658691406,22.34130859375,681.474609375,0.0318371875,5.2626953125,29.858,NA
"5470",0,20,NA,NA,4.24537658691406,22.34130859375,682.24609375,0.0318371875,5.2626953125,29.892,NA
"5471",0,20,NA,NA,4.24175262451172,22.3236083984375,682.94921875,0.0318109375,5.262890625,29.926,NA
"5472",0,20,NA,NA,4.23450469970703,22.2857666015625,683.720703125,0.031756875,5.262890625,29.96,NA
"5473",0,20,NA,NA,4.23450469970703,22.2857666015625,684.501953125,0.031756875,5.262890625,29.994,NA
"5474",0,20,NA,NA,4.25662994384766,22.39990234375,685.2734375,0.0319225,5.2623046875,30.028,NA
"5475",0,20,NA,NA,4.24041748046875,22.314453125,685.986328125,0.031800625,5.2625,30.062,NA
"5476",0,20,NA,NA,4.24041748046875,22.314453125,686.7578125,0.031800625,5.2625,30.096,NA
"5477",0,20,NA,NA,4.26177978515625,22.4261474609375,687.5390625,0.03196125,5.262109375,30.13,NA
"5478",0,20,NA,NA,4.24728393554688,22.3504638671875,688.310546875,0.0318528125,5.2623046875,30.164,NA
"5479",0,20,NA,NA,4.24728393554688,22.3504638671875,689.013671875,0.0318528125,5.2623046875,30.198,NA
"5480",0,20,NA,NA,4.24079895019531,22.3162841796875,689.794921875,0.031803125,5.2625,30.232,NA
"5481",0,20,NA,NA,4.25014495849609,22.3651123046875,690.56640625,0.031873125,5.2623046875,30.266,NA
"5482",0,20,NA,NA,4.25014495849609,22.3651123046875,691.34765625,0.031873125,5.2623046875,30.3,NA
"5483",0,20,NA,NA,4.25815582275391,22.408447265625,692.119140625,0.03193375,5.2625,30.334,NA
"5484",0,20,NA,NA,4.23049926757812,22.264404296875,692.822265625,0.031726875,5.262890625,30.368,NA
"5485",0,21,NA,NA,4.32834625244141,22.7764892578125,695.947265625,0.0324596875,5.2623046875,30.503,NA
"5486",0,21,NA,NA,4.53014373779297,23.8372802734375,696.77734375,0.0339728125,5.262109375,30.537,NA
"5487",0,21,NA,NA,4.57248687744141,24.0582275390625,697.626953125,0.0342909375,5.2615234375,30.571,NA
"5488",0,21,NA,NA,4.57248687744141,24.0582275390625,698.37890625,0.0342909375,5.261328125,30.605,NA
"5489",0,21,NA,NA,4.55207824707031,23.9501953125,699.208984375,0.0341384375,5.261328125,30.639,NA
"5490",0,21,NA,NA,4.54921722412109,23.9361572265625,700.048828125,0.0341159375,5.26171875,30.673,NA
"5491",0,21,NA,NA,4.54921722412109,23.9361572265625,700.87890625,0.0343890625,5.26171875,30.707,NA
"5492",0,21,NA,NA,4.58564758300781,24.1278076171875,701.650390625,0.0343890625,5.26171875,30.741,NA
"5493",0,21,NA,NA,4.57706451416016,24.08447265625,702.48046875,0.034325625,5.2619140625,30.775,NA
"5494",0,21,NA,NA,4.57706451416016,24.08447265625,703.30078125,0.034071875,5.2615234375,30.81,NA
"5495",0,21,NA,NA,4.54330444335938,23.9044189453125,704.140625,0.034071875,5.2615234375,30.844,NA
"5496",0,21,NA,NA,4.58049774169922,24.1015625,704.970703125,0.0343509375,5.2619140625,30.878,NA
"5497",0,21,NA,NA,4.58049774169922,24.1015625,705.810546875,0.0344115625,5.26171875,30.912,NA
"5498",0,21,NA,NA,4.58869934082031,24.1436767578125,706.572265625,0.0344115625,5.26171875,30.946,NA
"5499",0,21,NA,NA,4.57763671875,24.0869140625,707.40234375,0.0343303125,5.2619140625,30.98,NA
"5500",0,21,NA,NA,4.57763671875,24.0869140625,708.251953125,0.034505,5.261328125,31.014,NA
"5501",0,22,NA,NA,4.34074401855469,22.8424072265625,711.40625,0.03255375,5.2623046875,31.149,NA
"5502",0,22,NA,NA,4.55417633056641,23.9642333984375,712.16796875,0.03415375,5.262109375,31.183,NA
"5503",0,22,NA,NA,4.44965362548828,23.414306640625,712.96875,0.0333696875,5.262109375,31.217,NA
"5504",0,22,NA,NA,4.44965362548828,23.414306640625,713.76953125,0.0333696875,5.262109375,31.251,NA
"5505",0,22,NA,NA,4.39071655273438,23.1048583984375,714.5703125,0.032928125,5.262109375,31.285,NA
"5506",0,22,NA,NA,4.39510345458984,23.128662109375,715.37109375,0.032960625,5.2625,31.319,NA
"5507",0,22,NA,NA,4.39510345458984,23.128662109375,716.103515625,0.032960625,5.2625,31.353,NA
"5508",0,22,NA,NA,4.52747344970703,23.824462890625,716.962890625,0.0339534375,5.2623046875,31.387,NA
"5509",0,22,NA,NA,4.50935363769531,23.7255859375,717.7734375,0.0338171875,5.2615234375,31.421,NA
"5510",0,22,NA,NA,4.50935363769531,23.7255859375,718.583984375,0.0338171875,5.2615234375,31.455,NA
"5511",0,22,NA,NA,4.40654754638672,23.1890869140625,719.384765625,0.0330459375,5.2626953125,31.489,NA
"5512",0,22,NA,NA,4.38175201416016,23.056640625,720.107421875,0.03286,5.262109375,31.523,NA
"5513",0,22,NA,NA,4.38175201416016,23.056640625,720.908203125,0.03286,5.262109375,31.557,NA
"5514",0,22,NA,NA,4.39376831054688,23.1182861328125,721.748046875,0.03295125,5.2615234375,31.591,NA
"5515",0,22,NA,NA,4.62150573730469,24.3145751953125,722.578125,0.0346584375,5.2611328125,31.625,NA
"5516",0,22,NA,NA,4.62150573730469,24.3145751953125,723.310546875,0.0346584375,5.2611328125,31.659,NA
"5517",0,22,NA,NA,4.41474914550781,23.2330322265625,724.111328125,0.0331075,5.2626953125,31.693,NA
"5518",0,22,NA,NA,4.38652038574219,23.0828857421875,724.912109375,0.032896875,5.2623046875,31.727,NA
"5519",0,22,NA,NA,4.38652038574219,23.0828857421875,725.712890625,0.032896875,5.2623046875,31.761,NA
"5520",0,22,NA,NA,4.39434051513672,23.123779296875,726.54296875,0.0329546875,5.2623046875,31.796,NA
"5521",0,22,NA,NA,4.59766387939453,24.190673828125,727.3046875,0.03448,5.2615234375,31.829,NA
"5522",0,22,NA,NA,4.59766387939453,24.190673828125,728.10546875,0.03448,5.2615234375,31.863,NA
"5523",0,22,NA,NA,4.41455841064453,23.2318115234375,728.90625,0.03310625,5.2625,31.897,NA
"5524",0,22,NA,NA,4.37679290771484,23.02978515625,729.716796875,0.032823125,5.2619140625,31.931,NA
"5525",0,22,NA,NA,4.37679290771484,23.02978515625,730.5078125,0.032823125,5.2619140625,31.966,NA
"5526",0,22,NA,NA,4.39834594726562,23.1451416015625,731.25,0.0329853125,5.2623046875,32,NA
"5527",0,22,NA,NA,4.54025268554688,23.8909912109375,732.099609375,0.034049375,5.262109375,32.034,NA
"5528",0,22,NA,NA,4.54025268554688,23.8909912109375,732.91015625,0.034049375,5.262109375,32.068,NA
"5529",0,22,NA,NA,4.50878143310547,23.72314453125,733.720703125,0.03381375,5.2615234375,32.102,NA
"5530",0,22,NA,NA,4.39605712890625,23.133544921875,734.521484375,0.0329671875,5.2625,32.136,NA
"5531",0,22,NA,NA,4.39605712890625,23.133544921875,735.25390625,0.0329671875,5.2623046875,32.17,NA
"5532",0,22,NA,NA,4.39262390136719,23.1146240234375,736.0546875,0.032941875,5.2623046875,32.204,NA
"5533",0,22,NA,NA,4.41417694091797,23.2275390625,736.884765625,0.033103125,5.2623046875,32.238,NA
"5534",0,22,NA,NA,4.41417694091797,23.2275390625,737.71484375,0.034489375,5.26171875,32.272,NA
"5535",0,22,NA,NA,4.5989990234375,24.197998046875,738.447265625,0.034489375,5.26171875,32.306,NA
"5536",0,22,NA,NA,4.38499450683594,23.0718994140625,739.248046875,0.032885,5.2615234375,32.34,NA
"5537",0,22,NA,NA,4.38499450683594,23.0718994140625,740.048828125,0.0330046875,5.2619140625,32.374,NA
"5538",0,22,NA,NA,4.40101623535156,23.1573486328125,740.849609375,0.0330046875,5.2619140625,32.408,NA
"5539",0,22,NA,NA,4.39968109130859,23.150634765625,741.58203125,0.032994375,5.262109375,32.442,NA
"5540",0,22,NA,NA,4.39968109130859,23.150634765625,742.44140625,0.0345575,5.2619140625,32.476,NA
"5541",0,22,NA,NA,4.60796356201172,24.246826171875,743.251953125,0.0345575,5.2619140625,32.51,NA
"5542",0,22,NA,NA,4.41150665283203,23.2135009765625,744.052734375,0.0330840625,5.262109375,32.544,NA
"5543",0,22,NA,NA,4.41150665283203,23.2135009765625,744.86328125,0.033045625,5.26171875,32.578,NA
"5544",0,22,NA,NA,4.40635681152344,23.1854248046875,745.5859375,0.033045625,5.26171875,32.612,NA
"5545",0,22,NA,NA,4.37812805175781,23.0364990234375,746.38671875,0.0328340625,5.26171875,32.646,NA
"5546",0,22,NA,NA,4.37812805175781,23.0364990234375,747.2265625,0.03396875,5.2619140625,32.68,NA
"5547",0,22,NA,NA,4.52957153320312,23.8336181640625,748.056640625,0.03396875,5.2619140625,32.714,NA
"5548",0,22,NA,NA,4.49047088623047,23.62548828125,748.779296875,0.0336753125,5.261328125,32.748,NA
"5549",0,22,NA,NA,4.38632965087891,23.0810546875,749.580078125,0.0328953125,5.262109375,32.782,NA
"5550",0,22,NA,NA,4.38632965087891,23.0810546875,750.380859375,0.0328953125,5.262109375,32.816,NA
"5551",0,22,NA,NA,4.39548492431641,23.128662109375,751.19140625,0.0329634375,5.262109375,32.85,NA
"5552",0,22,NA,NA,4.45270538330078,23.427734375,752.01171875,0.033391875,5.26171875,32.884,NA
"5553",0,22,NA,NA,4.45270538330078,23.427734375,752.783203125,0.033391875,5.26171875,32.918,NA
"5554",0,22,NA,NA,4.57229614257813,24.056396484375,753.583984375,0.03429,5.261328125,32.952,NA
"5555",0,22,NA,NA,4.40311431884766,23.17138671875,754.384765625,0.03302125,5.2625,32.987,NA
"5556",0,22,NA,NA,4.40311431884766,23.17138671875,755.1953125,0.03302125,5.2625,33.021,NA
"5557",0,22,NA,NA,4.39815521240234,23.14453125,755.99609375,0.0329834375,5.2625,33.055,NA
"5558",0,22,NA,NA,4.40006256103516,23.1512451171875,756.796875,0.0329978125,5.26171875,33.089,NA
"5559",0,22,NA,NA,4.40006256103516,23.1512451171875,757.578125,0.0329978125,5.26171875,33.123,NA
"5560",0,22,NA,NA,4.644775390625,24.4390869140625,758.3984375,0.034833125,5.26171875,33.157,NA
"5561",0,22,NA,NA,4.39662933349609,23.133544921875,759.19921875,0.032971875,5.26171875,33.191,NA
"5562",0,22,NA,NA,4.39662933349609,23.133544921875,760,0.032971875,5.26171875,33.226,NA
"5563",0,22,NA,NA,4.39167022705078,23.109130859375,760.732421875,0.032935,5.262109375,33.26,NA
"5564",0,22,NA,NA,4.40158843994141,23.1622314453125,761.533203125,0.033009375,5.2623046875,33.293,NA
"5565",0,23,NA,NA,4.37259674072266,23.0096435546875,764.677734375,0.0327921875,5.2623046875,33.428,NA
"5566",0,23,NA,NA,4.47444915771484,23.546142578125,765.48828125,0.0335553125,5.2625,33.462,NA
"5567",0,23,NA,NA,4.46529388427734,23.49609375,766.23046875,0.0334875,5.2619140625,33.496,NA
"5568",0,23,NA,NA,4.46529388427734,23.49609375,767.05078125,0.0334875,5.2619140625,33.53,NA
"5569",0,23,NA,NA,4.53052520751953,23.837890625,767.890625,0.0339759375,5.26171875,33.564,NA
"5570",0,23,NA,NA,4.48570251464844,23.60107421875,768.7109375,0.0336396875,5.2615234375,33.598,NA
"5571",0,23,NA,NA,4.48570251464844,23.60107421875,769.443359375,0.0336396875,5.2615234375,33.632,NA
"5572",0,23,NA,NA,4.48417663574219,23.59375,770.283203125,0.03362875,5.26171875,33.666,NA
"5573",0,23,NA,NA,4.54578399658203,23.9178466796875,771.103515625,0.0340909375,5.2615234375,33.7,NA
"5574",0,23,NA,NA,4.54578399658203,23.9178466796875,771.904296875,0.0340909375,5.2615234375,33.734,NA
"5575",0,23,NA,NA,4.44908142089844,23.409423828125,772.724609375,0.033365625,5.26171875,33.768,NA
"5576",0,23,NA,NA,4.51564788818359,23.7603759765625,773.486328125,0.033865,5.2619140625,33.802,NA
"5577",0,23,NA,NA,4.51564788818359,23.7603759765625,774.296875,0.033865,5.2619140625,33.837,NA
"5578",0,23,NA,NA,4.46357727050781,23.4869384765625,775.107421875,0.03347375,5.2619140625,33.871,NA
"5579",0,23,NA,NA,4.50439453125,23.701171875,775.947265625,0.0337803125,5.2619140625,33.905,NA
"5580",0,23,NA,NA,4.50439453125,23.701171875,776.7578125,0.0337246875,5.262109375,33.939,NA
"5581",0,23,NA,NA,4.49695587158203,23.6639404296875,777.509765625,0.0337246875,5.262109375,33.973,NA
"5582",0,23,NA,NA,4.46987152099609,23.5205078125,778.3203125,0.033521875,5.262109375,34.007,NA
"5583",0,23,NA,NA,4.46987152099609,23.5205078125,779.150390625,0.03402125,5.2615234375,34.041,NA
"5584",0,23,NA,NA,4.53643798828125,23.868408203125,779.970703125,0.03402125,5.2615234375,34.075,NA
"5585",0,23,NA,NA,4.48780059814453,23.61328125,780.791015625,0.033655625,5.26171875,34.11,NA
"5586",0,23,NA,NA,4.48780059814453,23.61328125,781.54296875,0.0340084375,5.262109375,34.145,NA
"5587",0,23,NA,NA,4.53472137451172,23.8623046875,782.44140625,0.0340084375,5.262109375,34.179,NA
"5588",0,23,NA,NA,4.46624755859375,23.5009765625,783.18359375,0.03349375,5.262109375,34.213,NA
"5589",0,23,NA,NA,4.50878143310547,23.7237548828125,784.00390625,0.033813125,5.26171875,34.247,NA
"5590",0,23,NA,NA,4.50878143310547,23.7237548828125,784.82421875,0.033813125,5.26171875,34.281,NA
"5591",0,23,NA,NA,4.49752807617188,23.6651611328125,785.654296875,0.033728125,5.2619140625,34.315,NA
"5592",0,23,NA,NA,4.49943542480469,23.67431640625,786.46484375,0.0337428125,5.26171875,34.349,NA
"5593",0,23,NA,NA,4.49943542480469,23.67431640625,787.2265625,0.0337428125,5.26171875,34.384,NA
"5594",0,23,NA,NA,4.54502105712891,23.9166259765625,788.046875,0.034085,5.262109375,34.418,NA
"5595",0,23,NA,NA,4.48551177978516,23.60107421875,788.8671875,0.033638125,5.26171875,34.452,NA
"5596",0,23,NA,NA,4.48551177978516,23.60107421875,789.697265625,0.033638125,5.26171875,34.486,NA
"5597",0,23,NA,NA,4.48932647705078,23.621826171875,790.5078125,0.0336678125,5.2619140625,34.52,NA
"5598",0,23,NA,NA,4.49142456054688,23.6346435546875,791.25,0.0336828125,5.2623046875,34.554,NA
"5599",0,23,NA,NA,4.49142456054688,23.6346435546875,792.0703125,0.0336828125,5.2623046875,34.588,NA
"116888",0,0,NA,NA,NA,NA,NA,NA,NA,NA,10000074
"116889",0,1,NA,NA,NA,NA,NA,NA,NA,NA,1173795
"116890",0,2,NA,NA,NA,NA,NA,NA,NA,NA,900730
"116891",0,3,NA,NA,NA,NA,NA,NA,NA,NA,57560
"116892",0,4,NA,NA,NA,NA,NA,NA,NA,NA,223750
"116893",0,5,NA,NA,NA,NA,NA,NA,NA,NA,121970
"116894",0,6,NA,NA,NA,NA,NA,NA,NA,NA,10000100
"116895",0,7,NA,NA,NA,NA,NA,NA,NA,NA,11411874
"116896",0,8,NA,NA,NA,NA,NA,NA,NA,NA,8757105
"116897",0,9,NA,NA,NA,NA,NA,NA,NA,NA,559605
"116898",0,10,NA,NA,NA,NA,NA,NA,NA,NA,2175330
"116899",0,11,NA,NA,NA,NA,NA,NA,NA,NA,1185870
"116900",0,12,NA,NA,NA,NA,NA,NA,NA,NA,10000074
"116901",0,13,NA,NA,NA,NA,NA,NA,NA,NA,1173790
"116902",0,14,NA,NA,NA,NA,NA,NA,NA,NA,900730
"116903",0,15,NA,NA,NA,NA,NA,NA,NA,NA,57560
"116904",0,16,NA,NA,NA,NA,NA,NA,NA,NA,223745
"116905",0,17,NA,NA,NA,NA,NA,NA,NA,NA,121975
"116906",0,18,NA,NA,NA,NA,NA,NA,NA,NA,10000100
"116907",0,19,NA,NA,NA,NA,NA,NA,NA,NA,11411874
"116908",0,20,NA,NA,NA,NA,NA,NA,NA,NA,8757080
"116909",0,21,NA,NA,NA,NA,NA,NA,NA,NA,559605
"116910",0,22,NA,NA,NA,NA,NA,NA,NA,NA,2175320
"116911",0,23,NA,NA,NA,NA,NA,NA,NA,NA,1185850
