iteration_num,expe_num,validation_result,clock_freq,current_sample,current_timestamp,timing_sample
0,0,,,9.038543701171875,0.016,
0,0,,,9.038543701171875,0.044,
0,0,,,8.499908447265627,0.071,
0,0,,,8.550643920898438,0.098,
0,0,,,8.550643920898438,0.126,
0,0,,,8.554840087890625,0.153,
0,0,,,8.554840087890625,0.18,
0,0,,,8.54644775390625,0.208,
0,0,,,8.54644775390625,0.235,
0,0,,,8.544540405273438,0.262,
0,0,,,8.544540405273438,0.291,
0,0,,,8.568191528320312,0.318,
0,0,,,8.568191528320312,0.345,
0,0,,,8.562088012695312,0.373,
0,0,,,8.562088012695312,0.4,
0,0,,,8.541870117187502,0.427,
0,0,,,8.558273315429688,0.455,
0,0,,,8.558273315429688,0.482,
0,0,,,8.544921875,0.51,
0,0,,,8.544921875,0.537,
0,0,,,8.54034423828125,0.565,
0,0,,,8.54034423828125,0.592,
0,0,,,8.557891845703125,0.62,
0,0,,,8.557891845703125,0.647,
0,0,,,8.559799194335938,0.675,
0,0,,,8.559799194335938,0.702,
0,0,,,8.55255126953125,0.73,
0,0,,,8.55522155761719,0.758,
0,0,,,8.55522155761719,0.785,
0,0,,,8.55255126953125,0.813,
0,0,,,8.55255126953125,0.84,
0,0,,,8.565521240234375,0.868,
0,0,,,8.565521240234375,0.895,
0,0,,,8.556747436523438,0.923,
0,0,,,8.556747436523438,0.951,
0,0,,,8.538055419921877,0.978,
0,0,,,8.538055419921877,1.006,
0,0,,,8.549118041992188,1.033,
0,0,,,8.541870117187502,1.061,
0,0,,,8.541870117187502,1.089,
0,0,,,8.559036254882814,1.116,
0,0,,,8.559036254882814,1.144,
0,0,,,8.53729248046875,1.172,
0,0,,,8.53729248046875,1.199,
0,0,,,8.558273315429688,1.227,
0,0,,,8.558273315429688,1.255,
0,0,,,8.572006225585938,1.282,
0,0,,,8.572006225585938,1.31,
0,0,,,8.571624755859375,1.337,
0,0,,,8.553314208984377,1.365,
0,0,,,8.553314208984377,1.393,
0,0,,,8.555984497070312,1.421,
0,0,,,8.555984497070312,1.448,
0,0,,,8.565139770507812,1.476,
0,0,,,8.565139770507812,1.504,
0,0,,,8.566665649414064,1.531,
0,0,,,8.566665649414064,1.559,
0,0,,,8.563995361328125,1.587,
0,0,,,8.556365966796875,1.614,
0,0,,,8.556365966796875,1.642,
0,0,,,8.54034423828125,1.67,
0,0,,,8.54034423828125,1.698,
0,0,,,8.562088012695312,1.725,
0,0,,,8.562088012695312,1.753,
0,0,,,8.539199829101562,1.781,
0,0,,,8.539199829101562,1.809,
0,0,,,8.553695678710938,1.836,
0,0,,,8.553695678710938,1.864,
0,0,,,8.53729248046875,1.892,
0,0,,,8.561325073242188,1.92,
0,0,,,8.561325073242188,1.948,
0,0,,,8.557510375976562,1.975,
0,0,,,8.557510375976562,2.003,
0,0,,,8.551406860351564,2.031,
0,0,,,8.551406860351564,2.059,
0,0,,,8.548736572265625,2.087,
0,0,,,8.548736572265625,2.114,
0,0,,,8.531951904296875,2.142,
0,0,,,8.550643920898438,2.17,
0,0,,,8.550643920898438,2.198,
0,0,,,8.56781005859375,2.226,
0,0,,,8.56781005859375,2.254,
0,0,,,8.531951904296875,2.282,
0,0,,,8.531951904296875,2.31,
0,0,,,8.563995361328125,2.337,
0,0,,,8.563995361328125,2.365,
0,0,,,8.553314208984377,2.393,
0,0,,,8.553314208984377,2.421,
0,0,,,8.568954467773438,2.449,
0,0,,,8.563613891601562,2.477,
0,0,,,8.563613891601562,2.505,
0,0,,,8.565521240234375,2.533,
0,0,,,8.565521240234375,2.561,
0,0,,,8.57086181640625,2.589,
0,0,,,8.57086181640625,2.617,
0,0,,,8.554840087890625,2.645,
0,0,,,8.554840087890625,2.673,
0,0,,,8.559036254882814,2.701,
0,0,,,8.567428588867188,2.729,
0,0,,,8.567428588867188,2.757,
0,0,,,8.5693359375,2.785,
0,0,,,8.5693359375,2.813,
0,0,,,8.562088012695312,2.841,
0,0,,,8.562088012695312,2.869,
0,0,,,8.549499511718752,2.897,
0,0,,,8.549499511718752,2.926,
0,0,,,8.561325073242188,2.954,
0,0,,,8.546829223632812,2.982,
0,0,,,8.546829223632812,3.01,
0,0,,,8.565139770507812,3.038,
0,0,,,8.565139770507812,3.066,
0,0,,,8.560943603515627,3.094,
0,0,,,8.560943603515627,3.122,
0,0,,,8.550262451171875,3.15,
0,0,,,8.550262451171875,3.178,
0,0,,,8.538818359375,3.206,
0,0,,,8.561325073242188,3.235,
0,0,,,8.561325073242188,3.263,
0,0,,,8.541870117187502,3.291,
0,0,,,8.541870117187502,3.319,
0,0,,,8.550643920898438,3.347,
0,0,,,8.550643920898438,3.376,
0,0,,,8.579254150390625,3.404,
0,0,,,8.559417724609375,3.432,
0,0,,,8.559417724609375,3.46,
0,0,,,8.559799194335938,3.489,
0,0,,,8.559799194335938,3.517,
0,0,,,8.543777465820314,3.545,
0,0,,,8.543777465820314,3.574,
0,0,,,8.528518676757814,3.602,
0,0,,,8.528518676757814,3.631,
0,0,,,8.549880981445312,3.659,
0,0,,,8.539581298828125,3.687,
0,0,,,8.539581298828125,3.715,
0,0,,,8.53996276855469,3.743,
0,0,,,8.53996276855469,3.772,
0,0,,,8.567047119140625,3.8,
0,0,,,8.567047119140625,3.828,
0,0,,,8.567047119140625,3.856,
0,0,,,8.567047119140625,3.884,
0,0,,,8.567428588867188,3.913,
0,0,,,8.546829223632812,3.941,
0,0,,,8.546829223632812,3.97,
0,0,,,8.552932739257812,3.998,
0,0,,,8.552932739257812,4.026,
0,0,,,8.565139770507812,4.055,
0,0,,,8.565139770507812,4.083,
0,0,,,8.55865478515625,4.111,
0,0,,,8.548355102539062,4.14,
0,0,,,8.548355102539062,4.168,
0,0,,,8.534622192382812,4.196,
0,0,,,8.534622192382812,4.225,
0,0,,,8.556747436523438,4.253,
0,0,,,8.556747436523438,4.282,
0,0,,,8.544158935546875,4.31,
0,0,,,8.544158935546875,4.338,
0,0,,,8.5479736328125,4.367,
0,0,,,8.559417724609375,4.395,
0,0,,,8.559417724609375,4.424,
0,0,,,8.560943603515627,4.453,
0,0,,,8.560943603515627,4.481,
0,0,,,8.548355102539062,4.51,
0,0,,,8.548355102539062,4.538,
0,0,,,8.551406860351564,4.567,
0,0,,,8.552169799804688,4.596,
0,0,,,8.552169799804688,4.625,
0,0,,,8.555984497070312,4.653,
0,0,,,8.555984497070312,4.682,
0,0,,,8.546829223632812,4.71,
0,0,,,8.546829223632812,4.739,
0,0,,,8.550262451171875,4.768,
0,0,,,8.539581298828125,4.796,
0,0,,,8.539581298828125,4.825,
0,0,,,8.54759216308594,4.854,
0,0,,,8.54759216308594,4.882,
0,0,,,8.572769165039062,4.911,
0,0,,,8.572769165039062,4.94,
0,0,,,8.563232421875,4.968,
0,0,,,8.563232421875,4.997,
0,0,,,8.5540771484375,5.026,
0,0,,,8.550643920898438,5.055,
0,0,,,8.550643920898438,5.083,
0,0,,,8.570098876953125,5.112,
0,0,,,8.570098876953125,5.141,
0,0,,,8.559417724609375,5.169,
0,0,,,8.559417724609375,5.198,
0,0,,,8.565902709960938,5.227,
0,0,,,8.526611328125002,5.255,
0,0,,,8.526611328125002,5.284,
0,0,,,8.55255126953125,5.313,
0,0,,,8.55255126953125,5.342,
0,0,,,8.533477783203125,5.371,
0,0,,,8.533477783203125,5.399,
0,0,,,8.533096313476562,5.428,
0,0,,,8.553695678710938,5.457,
0,0,,,8.553695678710938,5.486,
0,0,,,8.542633056640625,5.514,
0,0,,,8.542633056640625,5.543,
0,0,,,8.554840087890625,5.572,
0,0,,,8.554840087890625,5.601,
0,0,,,8.562469482421875,5.629,
0,0,,,8.552932739257812,5.658,
0,0,,,8.552932739257812,5.687,
0,0,,,8.549499511718752,5.717,
0,0,,,8.549499511718752,5.746,
0,0,,,8.558273315429688,5.775,
0,0,,,8.558273315429688,5.804,
0,0,,,8.564376831054688,5.832,
0,0,,,8.55865478515625,5.861,
0,0,,,8.55865478515625,5.889,
0,0,,,8.570098876953125,5.918,
0,0,,,8.570098876953125,5.947,
0,0,,,8.55865478515625,5.976,
0,0,,,8.55865478515625,6.005,
0,0,,,8.561325073242188,6.034,
0,0,,,8.559799194335938,6.063,
0,0,,,8.559799194335938,6.091,
0,0,,,8.544158935546875,6.12,
0,0,,,8.544158935546875,6.149,
0,0,,,8.528900146484375,6.178,
0,0,,,8.528900146484375,6.208,
0,0,,,8.549880981445312,6.237,
0,0,,,8.551025390625,6.266,
0,0,,,8.551025390625,6.295,
0,0,,,8.548355102539062,6.324,
0,0,,,8.548355102539062,6.352,
0,0,,,8.563613891601562,6.381,
0,0,,,8.563613891601562,6.41,
0,0,,,8.559036254882814,6.438,
0,0,,,8.550643920898438,6.467,
0,0,,,8.550643920898438,6.495,
0,0,,,8.542251586914062,6.524,
0,0,,,8.542251586914062,6.553,
0,0,,,8.541870117187502,6.582,
0,0,,,8.541870117187502,6.611,
0,0,,,8.551025390625,6.64,
0,0,,,8.546829223632812,6.669,
0,0,,,8.546829223632812,6.698,
0,0,,,8.551788330078125,6.727,
0,0,,,8.551788330078125,6.756,
0,0,,,8.562088012695312,6.785,
0,0,,,8.562088012695312,6.814,
0,0,,,8.559417724609375,6.843,
0,0,,,8.543014526367188,6.872,
0,0,,,8.543014526367188,6.901,
0,0,,,8.5601806640625,6.93,
0,0,,,8.5601806640625,6.959,
0,0,,,8.560562133789062,6.988,
0,0,,,8.560562133789062,7.017,
0,0,,,8.551025390625,7.046,
0,0,,,8.554840087890625,7.075,
0,0,,,8.554840087890625,7.104,
0,0,,,8.559799194335938,7.133,
0,0,,,8.559799194335938,7.162,
0,0,,,8.539581298828125,7.191,
0,0,,,8.539581298828125,7.22,
0,0,,,8.5601806640625,7.249,
0,0,,,8.563232421875,7.277,
0,1,,,8.830642700195312,7.386,
0,1,,,8.830642700195312,7.414,
0,1,,,9.3292236328125,7.441,
0,1,,,9.3292236328125,7.468,
0,1,,,9.377670288085938,7.495,
0,1,,,9.377670288085938,7.522,
0,1,,,9.3780517578125,7.549,
0,1,,,9.384536743164064,7.576,
0,1,,,9.384536743164064,7.604,
0,1,,,9.387588500976562,7.631,
0,1,,,9.387588500976562,7.658,
0,1,,,9.400558471679688,7.686,
0,1,,,9.400558471679688,7.713,
0,1,,,9.405136108398438,7.74,
0,1,,,9.405136108398438,7.767,
0,1,,,9.40093994140625,7.795,
0,1,,,9.40093994140625,7.822,
0,1,,,9.40704345703125,7.85,
0,1,,,9.410476684570312,7.877,
0,1,,,9.410476684570312,7.904,
0,1,,,9.382629394531252,7.932,
0,1,,,9.382629394531252,7.959,
0,1,,,9.390640258789064,7.987,
0,1,,,9.390640258789064,8.014,
0,1,,,9.375381469726564,8.041,
0,1,,,9.375381469726564,8.069,
0,1,,,9.371185302734375,8.096,
0,1,,,9.371185302734375,8.124,
0,1,,,9.365844726562502,8.151,
0,1,,,9.365844726562502,8.179,
0,1,,,9.37042236328125,8.207,
0,1,,,9.365463256835938,8.234,
0,1,,,9.365463256835938,8.262,
0,1,,,9.365081787109375,8.289,
0,1,,,9.365081787109375,8.317,
0,1,,,9.38568115234375,8.344,
0,1,,,9.38568115234375,8.372,
0,1,,,9.36737060546875,8.399,
0,1,,,9.36737060546875,8.427,
0,1,,,9.384536743164064,8.455,
0,1,,,9.384536743164064,8.482,
0,1,,,9.357452392578125,8.51,
0,1,,,9.35211181640625,8.538,
0,1,,,9.35211181640625,8.565,
0,1,,,9.385299682617188,8.593,
0,1,,,9.385299682617188,8.621,
0,1,,,9.378433227539062,8.648,
0,1,,,9.378433227539062,8.676,
0,1,,,9.398651123046875,8.703,
0,1,,,9.398651123046875,8.731,
0,1,,,9.375381469726564,8.759,
0,1,,,9.389114379882812,8.786,
0,1,,,9.389114379882812,8.814,
0,1,,,9.418106079101562,8.842,
0,1,,,9.418106079101562,8.869,
0,1,,,9.396743774414062,8.897,
0,1,,,9.396743774414062,8.926,
0,1,,,9.42535400390625,8.953,
0,1,,,9.42535400390625,8.981,
0,1,,,9.41619873046875,9.009,
0,1,,,9.41619873046875,9.037,
0,1,,,9.415435791015627,9.064,
0,1,,,9.415054321289064,9.092,
0,1,,,9.415054321289064,9.12,
0,1,,,9.415054321289064,9.148,
0,1,,,9.415054321289064,9.175,
0,1,,,9.424209594726562,9.203,
0,1,,,9.424209594726562,9.231,
0,1,,,9.419250488281252,9.259,
0,1,,,9.419250488281252,9.286,
0,1,,,9.420394897460938,9.314,
0,1,,,9.416580200195312,9.342,
0,1,,,9.416580200195312,9.37,
0,1,,,9.40971374511719,9.398,
0,1,,,9.40971374511719,9.425,
0,1,,,8.816146850585938,9.453,
0,1,,,8.816146850585938,9.481,
0,1,,,8.343887329101562,9.509,
0,1,,,8.343887329101562,9.537,
0,1,,,8.358001708984375,9.565,
0,1,,,8.358001708984375,9.593,
0,1,,,8.351898193359375,9.621,
0,1,,,8.361053466796875,9.649,
0,1,,,8.361053466796875,9.676,
0,1,,,8.350753784179688,9.704,
0,1,,,8.350753784179688,9.732,
0,1,,,8.348846435546875,9.76,
0,1,,,8.348846435546875,9.788,
0,1,,,8.353042602539064,9.816,
0,1,,,8.353042602539064,9.844,
0,1,,,8.358383178710938,9.872,
0,1,,,8.343505859375002,9.9,
0,1,,,8.343505859375002,9.928,
0,1,,,8.35723876953125,9.956,
0,1,,,8.35723876953125,9.984,
0,1,,,8.34922790527344,10.012,
0,1,,,8.34922790527344,10.039,
0,1,,,8.344268798828125,10.067,
0,1,,,8.344268798828125,10.095,
0,1,,,8.340835571289062,10.123,
0,1,,,8.346939086914062,10.151,
0,1,,,8.346939086914062,10.179,
0,1,,,8.351135253906252,10.207,
0,1,,,8.351135253906252,10.235,
0,1,,,8.350753784179688,10.263,
0,1,,,8.350753784179688,10.291,
0,1,,,8.339691162109377,10.319,
0,1,,,8.339691162109377,10.347,
0,1,,,8.362579345703127,10.376,
0,1,,,8.331298828125,10.404,
0,1,,,8.331298828125,10.432,
0,1,,,8.333587646484375,10.46,
0,1,,,8.333587646484375,10.488,
0,1,,,8.3343505859375,10.516,
0,1,,,8.3343505859375,10.544,
0,1,,,8.3526611328125,10.572,
0,1,,,8.3526611328125,10.601,
0,1,,,8.369064331054688,10.629,
0,1,,,8.34808349609375,10.657,
0,1,,,8.34808349609375,10.685,
0,1,,,8.358764648437502,10.713,
0,1,,,8.358764648437502,10.742,
0,1,,,8.347320556640627,10.77,
0,1,,,8.347320556640627,10.798,
0,1,,,8.34503173828125,10.826,
0,1,,,8.34503173828125,10.854,
0,1,,,8.34808349609375,10.882,
0,1,,,8.359527587890625,10.911,
0,1,,,8.359527587890625,10.939,
0,1,,,8.337783813476564,10.967,
0,1,,,8.337783813476564,10.995,
0,1,,,8.340835571289062,11.023,
0,1,,,8.340835571289062,11.052,
0,1,,,8.362579345703127,11.08,
0,1,,,8.362579345703127,11.108,
0,1,,,8.346939086914062,11.136,
0,1,,,8.34197998046875,11.165,
0,1,,,8.34197998046875,11.193,
0,1,,,8.346176147460938,11.221,
0,1,,,8.346176147460938,11.25,
0,1,,,8.351135253906252,11.278,
0,1,,,8.351135253906252,11.306,
0,1,,,8.348464965820312,11.334,
0,1,,,8.338546752929688,11.363,
0,1,,,8.338546752929688,11.391,
0,1,,,8.3404541015625,11.419,
0,1,,,8.3404541015625,11.448,
0,1,,,8.338165283203125,11.476,
0,1,,,8.338165283203125,11.504,
0,1,,,8.352279663085938,11.533,
0,1,,,8.352279663085938,11.561,
0,1,,,8.345794677734375,11.59,
0,1,,,8.354568481445312,11.618,
0,1,,,8.354568481445312,11.646,
0,1,,,8.34922790527344,11.675,
0,1,,,8.34922790527344,11.703,
0,1,,,8.35723876953125,11.732,
0,1,,,8.35723876953125,11.76,
0,1,,,8.36181640625,11.789,
0,1,,,8.352279663085938,11.817,
0,1,,,8.352279663085938,11.846,
0,1,,,8.346939086914062,11.874,
0,1,,,8.346939086914062,11.903,
0,1,,,8.365249633789062,11.931,
0,1,,,8.365249633789062,11.96,
0,1,,,8.349609375,11.988,
0,1,,,8.349609375,12.017,
0,1,,,8.344650268554688,12.046,
0,1,,,8.34197998046875,12.074,
0,1,,,8.34197998046875,12.103,
0,1,,,8.349609375,12.131,
0,1,,,8.349609375,12.16,
0,1,,,8.351898193359375,12.188,
0,1,,,8.351898193359375,12.217,
0,1,,,8.344650268554688,12.246,
0,1,,,8.353424072265625,12.274,
0,1,,,8.353424072265625,12.303,
0,1,,,8.337020874023438,12.332,
0,1,,,8.337020874023438,12.36,
0,1,,,8.330917358398438,12.389,
0,1,,,8.330917358398438,12.418,
0,1,,,8.34808349609375,12.446,
0,1,,,8.34808349609375,12.475,
0,1,,,8.34808349609375,12.503,
0,1,,,8.335494995117188,12.532,
0,1,,,8.335494995117188,12.561,
0,1,,,8.3648681640625,12.59,
0,1,,,8.3648681640625,12.618,
0,1,,,8.342742919921875,12.647,
0,1,,,8.3526611328125,12.676,
0,1,,,8.3526611328125,12.704,
0,1,,,8.358001708984375,12.733,
0,1,,,8.358001708984375,12.762,
0,1,,,8.343505859375002,12.791,
0,1,,,8.343505859375002,12.82,
0,1,,,8.343505859375002,12.848,
0,1,,,8.343505859375002,12.877,
0,1,,,8.34808349609375,12.906,
0,1,,,8.347320556640627,12.935,
0,1,,,8.347320556640627,12.963,
0,1,,,8.340072631835938,12.992,
0,1,,,8.340072631835938,13.021,
0,1,,,8.3526611328125,13.05,
0,1,,,8.3526611328125,13.079,
0,1,,,8.339691162109377,13.108,
0,1,,,8.350753784179688,13.136,
0,1,,,8.350753784179688,13.165,
0,1,,,8.353424072265625,13.194,
0,1,,,8.353424072265625,13.223,
0,1,,,8.36334228515625,13.253,
0,1,,,8.36334228515625,13.282,
0,1,,,8.356094360351562,13.311,
0,2,,,8.824539184570312,13.446,
0,2,,,8.824539184570312,13.473,
0,2,,,9.541320800781252,13.5,
0,2,,,9.541320800781252,13.527,
0,2,,,9.545135498046877,13.554,
0,2,,,9.545135498046877,13.581,
0,2,,,9.54856872558594,13.609,
0,2,,,9.538650512695312,13.636,
0,2,,,9.538650512695312,13.663,
0,2,,,9.555816650390625,13.69,
0,2,,,9.555816650390625,13.718,
0,2,,,9.558105468750002,13.745,
0,2,,,9.558105468750002,13.772,
0,2,,,9.5550537109375,13.799,
0,2,,,9.5550537109375,13.827,
0,2,,,9.541320800781252,13.854,
0,2,,,9.541320800781252,13.882,
0,2,,,9.531021118164062,13.909,
0,2,,,9.531021118164062,13.936,
0,2,,,9.525299072265625,13.964,
0,2,,,9.541702270507812,13.991,
0,2,,,9.541702270507812,14.019,
0,2,,,9.539031982421877,14.046,
0,2,,,9.539031982421877,14.074,
0,2,,,9.547805786132812,14.101,
0,2,,,9.547805786132812,14.128,
0,2,,,9.555435180664062,14.156,
0,2,,,9.555435180664062,14.183,
0,2,,,9.560012817382814,14.211,
0,2,,,9.560012817382814,14.238,
0,2,,,9.536361694335938,14.266,
0,2,,,9.566116333007814,14.293,
0,2,,,9.566116333007814,14.321,
0,2,,,9.536361694335938,14.348,
0,2,,,9.536361694335938,14.376,
0,2,,,9.54856872558594,14.403,
0,2,,,9.54856872558594,14.431,
0,2,,,9.55467224121094,14.458,
0,2,,,9.55467224121094,14.486,
0,2,,,9.556579589843752,14.514,
0,2,,,9.556579589843752,14.541,
0,2,,,9.543609619140625,14.569,
0,2,,,9.544754028320314,14.596,
0,2,,,9.544754028320314,14.624,
0,2,,,9.543228149414064,14.652,
0,2,,,9.543228149414064,14.679,
0,2,,,9.558105468750002,14.707,
0,2,,,9.558105468750002,14.734,
0,2,,,9.540557861328125,14.762,
0,2,,,9.540557861328125,14.789,
0,2,,,9.536361694335938,14.817,
0,2,,,9.536361694335938,14.845,
0,2,,,9.527969360351564,14.872,
0,2,,,9.564590454101562,14.9,
0,2,,,9.564590454101562,14.928,
0,2,,,9.542846679687502,14.955,
0,2,,,9.542846679687502,14.983,
0,2,,,9.550476074218752,15.01,
0,2,,,9.550476074218752,15.038,
0,2,,,9.55467224121094,15.066,
0,2,,,9.55467224121094,15.093,
0,2,,,9.534835815429688,15.121,
0,2,,,9.534835815429688,15.149,
0,2,,,9.566497802734375,15.177,
0,2,,,9.543991088867188,15.204,
0,2,,,9.543991088867188,15.232,
0,2,,,9.539794921875,15.26,
0,2,,,9.539794921875,15.287,
0,2,,,9.545135498046877,15.315,
0,2,,,9.545135498046877,15.343,
0,2,,,9.55467224121094,15.371,
0,2,,,9.55467224121094,15.399,
0,2,,,9.543228149414064,15.426,
0,2,,,9.545516967773438,15.454,
0,2,,,9.545516967773438,15.482,
0,2,,,9.537506103515627,15.51,
0,2,,,9.537506103515627,15.538,
0,2,,,9.53216552734375,15.566,
0,2,,,9.53216552734375,15.594,
0,2,,,9.55352783203125,15.622,
0,2,,,9.55352783203125,15.65,
0,2,,,9.551239013671875,15.677,
0,2,,,9.551239013671875,15.705,
0,2,,,9.550857543945314,15.733,
0,2,,,9.52911376953125,15.761,
0,2,,,9.52911376953125,15.789,
0,2,,,9.533691406250002,15.817,
0,2,,,9.533691406250002,15.845,
0,2,,,9.540176391601562,15.873,
0,2,,,9.540176391601562,15.901,
0,2,,,9.546279907226562,15.929,
0,2,,,9.546279907226562,15.957,
0,2,,,9.534454345703125,15.985,
0,2,,,9.547805786132812,16.013,
0,2,,,9.547805786132812,16.041,
0,2,,,9.534454345703125,16.069,
0,2,,,9.534454345703125,16.097,
0,2,,,9.526824951171875,16.126,
0,2,,,9.526824951171875,16.154,
0,2,,,9.552764892578127,16.182,
0,2,,,9.552764892578127,16.21,
0,2,,,9.555435180664062,16.238,
0,2,,,9.532928466796875,16.266,
0,2,,,9.532928466796875,16.294,
0,2,,,9.53941345214844,16.322,
0,2,,,9.53941345214844,16.35,
0,2,,,9.534072875976562,16.378,
0,2,,,9.534072875976562,16.406,
0,2,,,9.53330993652344,16.434,
0,2,,,9.53330993652344,16.462,
0,2,,,9.543228149414064,16.49,
0,2,,,9.535980224609375,16.518,
0,2,,,9.535980224609375,16.547,
0,2,,,9.541320800781252,16.575,
0,2,,,9.541320800781252,16.603,
0,2,,,9.545135498046877,16.631,
0,2,,,9.545135498046877,16.659,
0,2,,,9.519195556640625,16.688,
0,2,,,9.519195556640625,16.716,
0,2,,,9.548187255859375,16.744,
0,2,,,9.54856872558594,16.772,
0,2,,,9.54856872558594,16.8,
0,2,,,9.543991088867188,16.829,
0,2,,,9.543991088867188,16.857,
0,2,,,9.5306396484375,16.885,
0,2,,,9.5306396484375,16.913,
0,2,,,9.543609619140625,16.942,
0,2,,,9.542083740234375,16.97,
0,2,,,9.542083740234375,16.998,
0,2,,,9.552383422851564,17.026,
0,2,,,9.552383422851564,17.055,
0,2,,,9.550476074218752,17.083,
0,2,,,9.550476074218752,17.111,
0,2,,,9.546661376953127,17.139,
0,2,,,9.546661376953127,17.168,
0,2,,,9.539031982421877,17.196,
0,2,,,9.551620483398438,17.224,
0,2,,,9.551620483398438,17.253,
0,2,,,9.53826904296875,17.281,
0,2,,,9.53826904296875,17.309,
0,2,,,9.550476074218752,17.338,
0,2,,,9.550476074218752,17.366,
0,2,,,9.543991088867188,17.394,
0,2,,,9.543991088867188,17.423,
0,3,,,8.835220336914062,17.531,
0,3,,,8.835220336914062,17.558,
0,3,,,9.332656860351562,17.585,
0,3,,,9.332656860351562,17.613,
0,3,,,9.339141845703127,17.64,
0,3,,,9.339141845703127,17.667,
0,3,,,9.309005737304688,17.694,
0,3,,,9.309005737304688,17.722,
0,3,,,9.336471557617188,17.749,
0,3,,,9.336471557617188,17.776,
0,3,,,9.31396484375,17.803,
0,3,,,9.320449829101562,17.83,
0,3,,,9.320449829101562,17.858,
0,3,,,9.322357177734375,17.885,
0,3,,,9.322357177734375,17.912,
0,3,,,9.272003173828125,17.94,
0,3,,,9.272003173828125,17.967,
0,3,,,9.320068359375002,17.995,
0,3,,,9.320068359375002,18.022,
0,3,,,9.297943115234375,18.049,
0,3,,,9.297943115234375,18.077,
0,3,,,9.295654296875,18.104,
0,3,,,9.3414306640625,18.132,
0,3,,,9.3414306640625,18.159,
0,3,,,9.327316284179688,18.187,
0,3,,,9.327316284179688,18.215,
0,3,,,9.32464599609375,18.242,
0,3,,,9.32464599609375,18.27,
0,3,,,9.352493286132814,18.297,
0,3,,,9.352493286132814,18.325,
0,3,,,9.296035766601562,18.353,
0,3,,,9.296035766601562,18.381,
0,3,,,9.317398071289062,18.408,
0,3,,,9.275054931640625,18.436,
0,3,,,9.275054931640625,18.464,
0,3,,,9.28764343261719,18.491,
0,3,,,9.28764343261719,18.519,
0,3,,,9.308242797851562,18.547,
0,3,,,9.308242797851562,18.575,
0,3,,,9.29107666015625,18.602,
0,3,,,9.29107666015625,18.63,
0,3,,,9.323883056640627,18.658,
0,3,,,9.323883056640627,18.685,
0,3,,,9.323883056640627,18.713,
0,3,,,9.307479858398438,18.741,
0,3,,,9.307479858398438,18.769,
0,3,,,9.339141845703127,18.797,
0,3,,,9.339141845703127,18.824,
0,3,,,9.3017578125,18.852,
0,3,,,9.3017578125,18.88,
0,3,,,9.307479858398438,18.908,
0,3,,,9.307479858398438,18.936,
0,3,,,9.310150146484375,18.964,
0,3,,,9.277725219726562,18.992,
0,3,,,9.277725219726562,19.019,
0,3,,,9.301376342773438,19.047,
0,3,,,9.301376342773438,19.075,
0,3,,,9.30938720703125,19.103,
0,3,,,9.30938720703125,19.131,
0,3,,,9.326553344726562,19.159,
0,3,,,9.326553344726562,19.187,
0,3,,,9.327316284179688,19.215,
0,3,,,9.30023193359375,19.243,
0,3,,,9.30023193359375,19.271,
0,3,,,9.325027465820312,19.299,
0,3,,,9.325027465820312,19.327,
0,3,,,9.33074951171875,19.355,
0,3,,,9.33074951171875,19.382,
0,3,,,9.297943115234375,19.41,
0,3,,,9.297943115234375,19.438,
0,3,,,9.31053161621094,19.466,
0,3,,,9.31053161621094,19.494,
0,3,,,9.292221069335938,19.522,
0,3,,,9.293746948242188,19.55,
0,3,,,9.293746948242188,19.578,
0,3,,,9.303665161132812,19.606,
0,3,,,9.303665161132812,19.634,
0,3,,,9.312057495117188,19.662,
0,3,,,9.312057495117188,19.69,
0,3,,,9.337615966796875,19.718,
0,3,,,9.337615966796875,19.746,
0,3,,,9.3414306640625,19.775,
0,3,,,9.316635131835938,19.803,
0,3,,,9.316635131835938,19.831,
0,3,,,9.3414306640625,19.859,
0,3,,,9.3414306640625,19.887,
0,3,,,9.321212768554688,19.915,
0,3,,,9.321212768554688,19.943,
0,3,,,9.32579040527344,19.971,
0,3,,,9.32579040527344,19.999,
0,3,,,9.312438964843752,20.027,
0,3,,,9.276962280273438,20.055,
0,3,,,9.276962280273438,20.083,
0,3,,,9.316635131835938,20.111,
0,3,,,9.316635131835938,20.139,
0,3,,,9.297180175781252,20.167,
0,3,,,9.297180175781252,20.195,
0,3,,,9.316253662109377,20.224,
0,3,,,9.316253662109377,20.252,
0,3,,,9.346389770507812,20.28,
0,3,,,9.311676025390625,20.308,
0,3,,,9.311676025390625,20.336,
0,3,,,9.313583374023438,20.364,
0,3,,,9.313583374023438,20.393,
0,3,,,9.328460693359375,20.421,
0,3,,,9.328460693359375,20.449,
0,3,,,9.29527282714844,20.477,
0,3,,,9.30290222167969,20.506,
0,3,,,9.30290222167969,20.534,
0,3,,,9.30023193359375,20.562,
0,3,,,9.30023193359375,20.59,
0,3,,,9.27276611328125,20.618,
0,3,,,9.27276611328125,20.647,
0,3,,,9.304809570312502,20.675,
0,3,,,9.304809570312502,20.703,
0,3,,,9.296798706054688,20.732,
0,3,,,9.333038330078125,20.76,
0,3,,,9.333038330078125,20.788,
0,3,,,9.33837890625,20.816,
0,3,,,9.33837890625,20.845,
0,3,,,9.33341979980469,20.873,
0,3,,,9.33341979980469,20.901,
0,3,,,9.338760375976562,20.93,
0,3,,,9.338760375976562,20.958,
0,3,,,9.322357177734375,20.986,
0,3,,,9.305572509765625,21.014,
0,3,,,9.305572509765625,21.043,
0,3,,,9.315872192382812,21.071,
0,3,,,9.315872192382812,21.099,
0,3,,,9.284591674804688,21.128,
0,3,,,9.284591674804688,21.156,
0,3,,,9.296035766601562,21.184,
0,3,,,9.294509887695312,21.213,
0,3,,,9.294509887695312,21.241,
0,3,,,9.318923950195312,21.27,
0,3,,,9.318923950195312,21.298,
0,3,,,9.33685302734375,21.326,
0,3,,,9.33685302734375,21.355,
0,3,,,9.325408935546875,21.383,
0,3,,,9.325408935546875,21.412,
0,3,,,9.337997436523438,21.44,
0,3,,,9.348297119140625,21.468,
0,3,,,9.348297119140625,21.497,
0,3,,,9.32159423828125,21.525,
0,3,,,9.32159423828125,21.554,
0,3,,,9.328079223632812,21.582,
0,3,,,9.328079223632812,21.611,
0,3,,,9.30328369140625,21.639,
0,3,,,9.28802490234375,21.668,
0,3,,,9.28802490234375,21.696,
0,3,,,9.309005737304688,21.725,
0,3,,,9.309005737304688,21.753,
0,3,,,9.285354614257812,21.782,
0,3,,,9.285354614257812,21.81,
0,3,,,9.317398071289062,21.839,
0,3,,,9.317398071289062,21.868,
0,3,,,9.312057495117188,21.896,
0,3,,,9.29412841796875,21.925,
0,3,,,9.29412841796875,21.954,
0,3,,,9.333038330078125,21.982,
0,3,,,9.333038330078125,22.011,
0,3,,,9.325027465820312,22.039,
0,3,,,9.325027465820312,22.068,
0,3,,,9.334182739257812,22.097,
0,3,,,9.327316284179688,22.125,
0,3,,,9.327316284179688,22.154,
0,3,,,9.296417236328125,22.183,
0,3,,,9.296417236328125,22.211,
0,3,,,9.332275390625,22.24,
0,3,,,9.332275390625,22.268,
0,3,,,9.270858764648438,22.297,
0,3,,,9.271621704101562,22.326,
0,3,,,9.271621704101562,22.354,
0,3,,,9.299087524414064,22.383,
0,3,,,9.299087524414064,22.411,
0,3,,,9.2864990234375,22.44,
0,3,,,9.2864990234375,22.468,
0,3,,,9.334564208984375,22.497,
0,3,,,9.33341979980469,22.526,
0,3,,,9.33341979980469,22.554,
0,3,,,9.310150146484375,22.583,
0,3,,,9.310150146484375,22.612,
0,3,,,9.342193603515625,22.64,
0,3,,,9.342193603515625,22.669,
0,3,,,9.309005737304688,22.698,
0,3,,,9.309005737304688,22.727,
0,3,,,9.312438964843752,22.755,
0,3,,,9.320068359375002,22.784,
0,3,,,9.320068359375002,22.813,
0,3,,,9.292221069335938,22.842,
0,3,,,9.292221069335938,22.87,
0,3,,,9.304428100585938,22.899,
0,3,,,9.304428100585938,22.928,
0,3,,,9.268569946289064,22.957,
0,3,,,9.274291992187502,22.985,
0,3,,,9.274291992187502,23.014,
0,3,,,9.305191040039062,23.043,
0,3,,,9.305191040039062,23.072,
0,3,,,9.27734375,23.101,
0,3,,,9.27734375,23.129,
0,3,,,9.320449829101562,23.158,
0,3,,,9.320068359375002,23.187,
0,3,,,9.320068359375002,23.216,
0,3,,,9.312820434570312,23.245,
0,3,,,9.312820434570312,23.274,
0,3,,,9.323501586914062,23.303,
0,3,,,9.323501586914062,23.332,
0,3,,,9.297561645507812,23.36,
0,3,,,9.285354614257812,23.389,
0,3,,,9.285354614257812,23.418,
0,3,,,9.286117553710938,23.447,
0,3,,,9.286117553710938,23.476,
0,3,,,9.273147583007812,23.505,
0,3,,,9.273147583007812,23.534,
0,3,,,9.304428100585938,23.563,
0,3,,,9.296417236328125,23.592,
0,3,,,9.296417236328125,23.621,
0,3,,,9.287261962890625,23.65,
0,3,,,9.287261962890625,23.679,
0,3,,,9.335708618164062,23.708,
0,3,,,9.335708618164062,23.737,
0,3,,,9.311294555664062,23.766,
0,3,,,9.325027465820312,23.795,
0,3,,,9.325027465820312,23.824,
0,3,,,9.326553344726562,23.853,
0,3,,,9.326553344726562,23.882,
0,3,,,9.297180175781252,23.911,
0,3,,,9.297180175781252,23.94,
0,3,,,9.320449829101562,23.969,
0,3,,,9.274673461914062,23.998,
0,3,,,9.274673461914062,24.027,
0,3,,,9.290695190429688,24.056,
0,3,,,9.290695190429688,24.085,
0,3,,,9.301376342773438,24.114,
0,3,,,9.270858764648438,24.143,
0,3,,,9.270858764648438,24.172,
0,3,,,9.316635131835938,24.201,
0,3,,,9.316635131835938,24.23,
0,3,,,9.315872192382812,24.26,
0,3,,,9.315872192382812,24.289,
0,3,,,9.29412841796875,24.318,
0,3,,,9.347152709960938,24.347,
0,3,,,9.347152709960938,24.376,
0,3,,,9.310150146484375,24.405,
0,3,,,9.310150146484375,24.435,
0,3,,,9.333038330078125,24.464,
0,3,,,9.333038330078125,24.493,
0,3,,,9.322357177734375,24.522,
0,3,,,9.281158447265625,24.551,
0,3,,,9.281158447265625,24.58,
0,3,,,9.2926025390625,24.61,
0,3,,,9.2926025390625,24.639,
0,3,,,9.276962280273438,24.669,
0,3,,,9.276199340820314,24.698,
0,3,,,9.276199340820314,24.727,
0,3,,,9.317398071289062,24.755,
0,3,,,9.317398071289062,24.784,
0,3,,,9.306716918945314,24.813,
0,3,,,9.306716918945314,24.843,
0,3,,,9.332275390625,24.872,
0,3,,,9.334945678710938,24.901,
0,3,,,9.334945678710938,24.93,
0,3,,,9.318923950195312,24.959,
0,3,,,9.318923950195312,24.989,
0,3,,,9.346771240234377,25.018,
0,3,,,9.346771240234377,25.047,
0,3,,,9.312438964843752,25.076,
0,3,,,9.2987060546875,25.105,
0,3,,,9.2987060546875,25.135,
0,3,,,9.305572509765625,25.164,
0,3,,,9.305572509765625,25.193,
0,3,,,9.271240234375,25.222,
0,3,,,9.271240234375,25.252,
0,3,,,9.309768676757812,25.281,
0,3,,,9.291458129882814,25.31,
0,3,,,9.291458129882814,25.34,
0,3,,,9.293365478515627,25.369,
0,3,,,9.293365478515627,25.398,
0,3,,,9.325027465820312,25.427,
0,3,,,9.285736083984377,25.456,
0,3,,,9.285736083984377,25.485,
0,3,,,9.213638305664062,25.514,
0,3,,,9.213638305664062,25.543,
0,3,,,9.209442138671877,25.573,
0,3,,,9.209442138671877,25.602,
0,3,,,9.222793579101564,25.631,
0,3,,,9.21173095703125,25.66,
0,3,,,9.21173095703125,25.689,
0,3,,,9.21897888183594,25.718,
0,3,,,9.21897888183594,25.747,
0,3,,,9.23423767089844,25.777,
0,3,,,9.23423767089844,25.806,
0,3,,,9.206771850585938,25.836,
0,3,,,9.2254638671875,25.865,
0,3,,,9.2254638671875,25.894,
0,3,,,9.212112426757812,25.923,
0,3,,,9.212112426757812,25.952,
0,3,,,9.201812744140627,25.981,
0,3,,,9.201812744140627,26.011,
0,3,,,9.242630004882812,26.04,
0,3,,,9.207534790039064,26.07,
0,3,,,9.207534790039064,26.099,
0,3,,,9.220123291015625,26.128,
0,3,,,9.220123291015625,26.157,
0,3,,,9.21897888183594,26.186,
0,3,,,9.20257568359375,26.215,
0,3,,,9.20257568359375,26.245,
0,3,,,9.224319458007812,26.275,
0,3,,,9.224319458007812,26.305,
0,3,,,9.206771850585938,26.334,
0,3,,,9.206771850585938,26.364,
0,3,,,9.19952392578125,26.393,
0,3,,,9.220886230468752,26.422,
0,3,,,9.220886230468752,26.451,
0,3,,,9.20257568359375,26.48,
0,3,,,9.20257568359375,26.51,
0,3,,,9.230422973632814,26.539,
0,3,,,9.21783447265625,26.569,
0,3,,,9.21783447265625,26.599,
0,3,,,9.20372009277344,26.628,
0,3,,,9.20372009277344,26.657,
0,3,,,9.2254638671875,26.686,
0,3,,,9.2254638671875,26.716,
0,3,,,9.216690063476562,26.746,
0,3,,,9.21478271484375,26.776,
0,3,,,9.21478271484375,26.805,
0,3,,,9.231185913085938,26.834,
0,3,,,9.231185913085938,26.863,
0,3,,,9.200286865234375,26.893,
0,3,,,9.2254638671875,26.922,
0,3,,,9.2254638671875,26.952,
0,3,,,9.210586547851562,26.982,
0,3,,,9.210586547851562,27.011,
0,3,,,9.227371215820312,27.041,
0,3,,,9.227371215820312,27.071,
0,3,,,9.240341186523438,27.1,
0,3,,,9.20867919921875,27.129,
0,3,,,9.20867919921875,27.159,
0,3,,,9.212493896484375,27.188,
0,3,,,9.212493896484375,27.218,
0,3,,,9.227752685546875,27.247,
0,3,,,9.212112426757812,27.277,
0,3,,,9.212112426757812,27.307,
0,3,,,9.22698974609375,27.336,
0,3,,,9.22698974609375,27.365,
0,3,,,9.222412109375,27.394,
0,3,,,9.222412109375,27.424,
0,3,,,9.21478271484375,27.454,
0,3,,,9.229278564453125,27.484,
0,3,,,9.229278564453125,27.514,
0,3,,,9.199142456054688,27.544,
0,3,,,9.199142456054688,27.574,
0,3,,,9.236907958984375,27.603,
0,3,,,9.221267700195312,27.633,
0,3,,,9.221267700195312,27.662,
0,3,,,9.199905395507814,27.691,
0,3,,,9.199905395507814,27.721,
0,3,,,9.23309326171875,27.751,
0,3,,,9.1949462890625,27.781,
0,3,,,9.1949462890625,27.811,
0,3,,,9.219741821289062,27.84,
0,3,,,9.219741821289062,27.869,
0,3,,,9.213256835937502,27.899,
0,4,,,7.853317260742188,27.956,
0,4,,,6.603240966796875,27.983,
0,4,,,6.603240966796875,28.01,
0,4,,,8.474349975585938,28.037,
0,4,,,8.474349975585938,28.064,
0,4,,,8.466339111328125,28.091,
0,4,,,8.466339111328125,28.119,
0,4,,,8.470916748046875,28.146,
0,4,,,8.470916748046875,28.173,
0,4,,,8.475112915039064,28.201,
0,4,,,8.475112915039064,28.228,
0,4,,,8.476638793945312,28.255,
0,4,,,8.476638793945312,28.283,
0,4,,,8.483123779296875,28.31,
0,4,,,8.48388671875,28.337,
0,4,,,8.48388671875,28.365,
0,4,,,8.480834960937502,28.392,
0,4,,,8.480834960937502,28.42,
0,4,,,8.452224731445314,28.447,
0,4,,,8.452224731445314,28.475,
0,4,,,8.488082885742188,28.502,
0,4,,,8.488082885742188,28.53,
0,4,,,8.488082885742188,28.557,
0,4,,,8.488082885742188,28.585,
0,4,,,8.480072021484375,28.613,
0,4,,,8.464813232421875,28.64,
0,4,,,8.464813232421875,28.668,
0,4,,,8.489227294921875,28.695,
0,4,,,8.489227294921875,28.723,
0,4,,,8.492279052734377,28.75,
0,4,,,8.492279052734377,28.778,
0,4,,,8.46366882324219,28.805,
0,4,,,8.46366882324219,28.833,
0,4,,,8.467864990234375,28.861,
0,4,,,8.467864990234375,28.888,
0,4,,,8.4930419921875,28.916,
0,4,,,8.475112915039064,28.943,
0,4,,,8.475112915039064,28.971,
0,4,,,8.466720581054688,28.999,
0,4,,,8.466720581054688,29.026,
0,4,,,8.4930419921875,29.054,
0,4,,,8.4930419921875,29.082,
0,4,,,8.495330810546875,29.109,
0,4,,,8.495330810546875,29.137,
0,4,,,8.496093750000002,29.165,
0,4,,,8.496093750000002,29.193,
0,4,,,8.476638793945312,29.22,
0,4,,,8.475494384765625,29.248,
0,4,,,8.475494384765625,29.276,
0,4,,,8.480453491210938,29.304,
0,4,,,8.480453491210938,29.331,
0,4,,,8.45947265625,29.359,
0,4,,,8.45947265625,29.387,
0,4,,,8.481597900390625,29.415,
0,4,,,8.481597900390625,29.442,
0,4,,,8.470916748046875,29.47,
0,4,,,8.488464355468752,29.498,
0,4,,,8.488464355468752,29.526,
0,4,,,8.481979370117188,29.554,
0,4,,,8.481979370117188,29.581,
0,4,,,8.481216430664062,29.609,
0,4,,,8.481216430664062,29.637,
0,4,,,8.478546142578125,29.665,
0,4,,,8.478546142578125,29.693,
0,4,,,8.4930419921875,29.721,
0,4,,,8.492660522460938,29.749,
0,4,,,8.492660522460938,29.777,
0,4,,,8.480072021484375,29.805,
0,4,,,8.480072021484375,29.833,
0,4,,,8.485794067382812,29.861,
0,4,,,8.485794067382812,29.889,
0,4,,,8.481979370117188,29.917,
0,4,,,8.481979370117188,29.945,
0,4,,,8.475112915039064,29.973,
0,4,,,8.475112915039064,30.001,
0,4,,,8.49418640136719,30.029,
0,4,,,8.492279052734377,30.057,
0,4,,,8.492279052734377,30.085,
0,4,,,8.50067138671875,30.113,
0,4,,,8.50067138671875,30.141,
0,4,,,8.484649658203127,30.169,
0,4,,,8.484649658203127,30.197,
0,4,,,8.485794067382812,30.225,
0,4,,,8.485794067382812,30.253,
0,4,,,8.492279052734377,30.281,
0,4,,,8.477401733398438,30.309,
0,4,,,8.477401733398438,30.337,
0,4,,,8.48655700683594,30.365,
0,4,,,8.48655700683594,30.393,
0,4,,,8.483505249023438,30.422,
0,4,,,8.483505249023438,30.45,
0,4,,,8.493423461914062,30.478,
0,4,,,8.493423461914062,30.506,
0,4,,,8.490371704101564,30.534,
0,4,,,8.483505249023438,30.562,
0,4,,,8.483505249023438,30.59,
0,4,,,8.475494384765625,30.619,
0,4,,,8.475494384765625,30.647,
0,4,,,8.489990234375,30.675,
0,4,,,8.489990234375,30.704,
0,4,,,8.483505249023438,30.732,
0,4,,,8.493804931640625,30.76,
0,4,,,8.493804931640625,30.788,
0,4,,,8.49418640136719,30.817,
0,4,,,8.49418640136719,30.845,
0,4,,,8.504104614257812,30.873,
0,4,,,8.504104614257812,30.902,
0,4,,,8.4930419921875,30.93,
0,4,,,8.4930419921875,30.958,
0,4,,,8.47892761230469,30.986,
0,4,,,8.497238159179688,31.015,
0,4,,,8.497238159179688,31.043,
0,4,,,8.491897583007812,31.071,
0,4,,,8.491897583007812,31.099,
0,4,,,8.481979370117188,31.128,
0,4,,,8.481979370117188,31.156,
0,4,,,8.487319946289062,31.184,
0,4,,,8.487319946289062,31.212,
0,4,,,8.4686279296875,31.241,
0,4,,,8.485794067382812,31.269,
0,4,,,8.485794067382812,31.298,
0,4,,,8.48541259765625,31.326,
0,4,,,8.48541259765625,31.354,
0,4,,,8.484268188476562,31.383,
0,4,,,8.484268188476562,31.411,
0,4,,,8.485794067382812,31.439,
0,4,,,8.489608764648438,31.468,
0,4,,,8.489608764648438,31.496,
0,4,,,8.4930419921875,31.524,
0,4,,,8.4930419921875,31.553,
0,4,,,8.481597900390625,31.581,
0,4,,,8.481597900390625,31.61,
0,4,,,8.476638793945312,31.638,
0,4,,,8.476638793945312,31.667,
0,4,,,8.503341674804688,31.695,
0,4,,,8.479690551757812,31.724,
0,4,,,8.479690551757812,31.752,
0,4,,,8.485031127929688,31.78,
0,4,,,8.485031127929688,31.809,
0,4,,,8.48236083984375,31.837,
0,4,,,8.48236083984375,31.866,
0,4,,,8.504486083984375,31.894,
0,4,,,8.480453491210938,31.923,
0,4,,,8.480453491210938,31.951,
0,4,,,8.488082885742188,31.98,
0,4,,,8.488082885742188,32.008,
0,4,,,8.488082885742188,32.037,
0,4,,,8.488082885742188,32.065,
0,4,,,8.507537841796877,32.094,
0,4,,,8.507537841796877,32.122,
0,4,,,8.477401733398438,32.151,
0,4,,,8.480453491210938,32.179,
0,4,,,8.480453491210938,32.208,
0,4,,,8.490371704101564,32.236,
0,4,,,8.490371704101564,32.265,
0,4,,,8.481979370117188,32.293,
0,4,,,8.481979370117188,32.322,
0,4,,,8.496475219726562,32.351,
0,4,,,8.508682250976562,32.379,
0,4,,,8.508682250976562,32.408,
0,4,,,8.483505249023438,32.436,
0,4,,,8.483505249023438,32.465,
0,4,,,8.494949340820312,32.493,
0,4,,,8.494949340820312,32.522,
0,4,,,8.480834960937502,32.551,
0,4,,,8.496475219726562,32.579,
0,4,,,8.496475219726562,32.608,
0,4,,,8.50181579589844,32.637,
0,4,,,8.50181579589844,32.665,
0,4,,,8.502960205078125,32.694,
0,4,,,8.502960205078125,32.723,
0,4,,,8.502578735351562,32.751,
0,4,,,8.496856689453125,32.78,
0,4,,,8.496856689453125,32.808,
0,4,,,8.484649658203127,32.837,
0,4,,,8.484649658203127,32.866,
0,4,,,8.49418640136719,32.895,
0,4,,,8.49418640136719,32.923,
0,4,,,8.499526977539062,32.952,
0,4,,,8.499526977539062,32.981,
0,4,,,8.47892761230469,33.009,
0,4,,,8.481597900390625,33.038,
0,4,,,8.481597900390625,33.067,
0,4,,,8.487319946289062,33.095,
0,4,,,8.487319946289062,33.124,
0,4,,,8.485794067382812,33.153,
0,4,,,8.485794067382812,33.181,
0,4,,,8.485031127929688,33.21,
0,4,,,8.472442626953125,33.239,
0,4,,,8.472442626953125,33.268,
0,4,,,8.4716796875,33.297,
0,4,,,8.4716796875,33.326,
0,4,,,8.478164672851562,33.354,
0,4,,,8.478164672851562,33.383,
0,4,,,8.487701416015625,33.412,
0,4,,,8.490371704101564,33.441,
0,4,,,8.490371704101564,33.47,
0,4,,,8.473968505859375,33.498,
0,4,,,8.473968505859375,33.527,
0,4,,,8.4869384765625,33.556,
0,4,,,8.4869384765625,33.585,
0,4,,,8.488082885742188,33.614,
0,4,,,8.467483520507814,33.643,
0,4,,,8.467483520507814,33.672,
0,4,,,8.498764038085938,33.701,
0,4,,,8.498764038085938,33.729,
0,4,,,8.472442626953125,33.758,
0,4,,,8.472442626953125,33.787,
0,4,,,8.495330810546875,33.817,
0,4,,,8.477020263671877,33.846,
0,4,,,8.477020263671877,33.875,
0,4,,,8.481216430664062,33.904,
0,4,,,8.481216430664062,33.933,
0,4,,,8.503341674804688,33.962,
0,4,,,8.503341674804688,33.991,
0,4,,,8.48655700683594,34.02,
0,4,,,8.50067138671875,34.049,
0,4,,,8.50067138671875,34.078,
0,4,,,8.46366882324219,34.106,
0,4,,,8.46366882324219,34.135,
0,4,,,8.496093750000002,34.165,
0,4,,,8.496093750000002,34.194,
0,4,,,8.475494384765625,34.223,
0,4,,,8.475112915039064,34.252,
0,4,,,8.475112915039064,34.281,
0,4,,,8.475875854492188,34.31,
0,4,,,8.475875854492188,34.339,
0,4,,,8.473968505859375,34.368,
0,4,,,8.498382568359375,34.397,
0,4,,,8.498382568359375,34.426,
0,4,,,8.477401733398438,34.455,
0,4,,,8.477401733398438,34.484,
0,4,,,8.477020263671877,34.513,
0,4,,,8.477020263671877,34.542,
0,4,,,8.481597900390625,34.572,
0,4,,,8.47892761230469,34.601,
0,4,,,8.47892761230469,34.63,
0,4,,,8.476638793945312,34.659,
0,4,,,8.476638793945312,34.688,
0,4,,,8.489608764648438,34.717,
0,4,,,8.489608764648438,34.746,
0,4,,,8.50181579589844,34.775,
0,4,,,8.483505249023438,34.805,
0,4,,,8.483505249023438,34.834,
0,4,,,8.50181579589844,34.863,
0,4,,,8.50181579589844,34.892,
0,4,,,8.491134643554688,34.921,
0,4,,,8.491134643554688,34.95,
0,4,,,8.474349975585938,34.98,
0,4,,,8.493804931640625,35.01,
0,4,,,8.493804931640625,35.039,
0,4,,,8.485794067382812,35.068,
0,4,,,8.485794067382812,35.097,
0,4,,,8.485794067382812,35.126,
0,4,,,8.493804931640625,35.156,
0,4,,,8.493804931640625,35.185,
0,4,,,8.474349975585938,35.214,
1,0,,,8.732223510742188,35.35,
1,0,,,9.131240844726564,35.377,
1,0,,,9.131240844726564,35.404,
1,0,,,9.334564208984375,35.431,
1,0,,,9.370803833007812,35.458,
1,0,,,9.370803833007812,35.486,
1,0,,,9.35211181640625,35.513,
1,0,,,9.35211181640625,35.54,
1,0,,,9.36126708984375,35.568,
1,0,,,9.36126708984375,35.595,
1,0,,,9.364700317382812,35.622,
1,0,,,9.364700317382812,35.65,
1,0,,,9.361648559570312,35.677,
1,0,,,9.361648559570312,35.705,
1,0,,,9.368133544921875,35.732,
1,0,,,9.368133544921875,35.76,
1,0,,,9.368896484375,35.787,
1,0,,,9.365844726562502,35.815,
1,0,,,9.365844726562502,35.842,
1,0,,,9.356689453125,35.87,
1,0,,,9.356689453125,35.897,
1,0,,,9.358596801757812,35.925,
1,0,,,9.358596801757812,35.952,
1,0,,,9.355926513671875,35.98,
1,0,,,9.355926513671875,36.007,
1,0,,,9.353256225585938,36.035,
1,0,,,9.353256225585938,36.062,
1,0,,,9.357070922851562,36.09,
1,0,,,9.345245361328125,36.117,
1,0,,,9.345245361328125,36.145,
1,0,,,9.352493286132814,36.172,
1,0,,,9.352493286132814,36.2,
1,0,,,9.363174438476562,36.227,
1,0,,,9.363174438476562,36.255,
1,0,,,9.34867858886719,36.283,
1,0,,,9.34867858886719,36.31,
1,0,,,9.35516357421875,36.338,
1,0,,,9.35516357421875,36.365,
1,0,,,9.35211181640625,36.393,
1,0,,,9.366226196289062,36.421,
1,0,,,9.366226196289062,36.448,
1,0,,,9.342575073242188,36.476,
1,0,,,9.342575073242188,36.503,
1,0,,,9.340667724609375,36.531,
1,0,,,9.340667724609375,36.559,
1,0,,,9.355545043945312,36.586,
1,0,,,9.355545043945312,36.614,
1,0,,,9.363555908203125,36.642,
1,0,,,9.363555908203125,36.669,
1,0,,,9.370040893554688,36.697,
1,0,,,9.377288818359377,36.725,
1,0,,,9.377288818359377,36.752,
1,0,,,9.407806396484377,36.78,
1,0,,,9.407806396484377,36.808,
1,0,,,9.391403198242188,36.835,
1,0,,,9.391403198242188,36.863,
1,0,,,9.39445495605469,36.891,
1,0,,,9.39445495605469,36.919,
1,0,,,9.39445495605469,36.946,
1,0,,,9.409332275390627,36.974,
1,0,,,9.409332275390627,37.002,
1,0,,,9.41619873046875,37.029,
1,0,,,9.41619873046875,37.057,
1,0,,,9.4024658203125,37.085,
1,0,,,9.4024658203125,37.113,
1,0,,,9.403991699218752,37.141,
1,0,,,9.403991699218752,37.168,
1,0,,,9.390640258789064,37.196,
1,0,,,9.390640258789064,37.224,
1,0,,,9.391403198242188,37.252,
1,0,,,9.38568115234375,37.28,
1,0,,,9.38568115234375,37.308,
1,0,,,9.4085693359375,37.336,
1,0,,,9.4085693359375,37.364,
1,0,,,9.144592285156252,37.391,
1,0,,,9.144592285156252,37.419,
1,0,,,8.328247070312502,37.447,
1,0,,,8.328247070312502,37.475,
1,0,,,8.328628540039062,37.503,
1,0,,,8.318328857421875,37.531,
1,0,,,8.318328857421875,37.559,
1,0,,,8.328628540039062,37.587,
1,0,,,8.328628540039062,37.615,
1,0,,,8.327484130859375,37.643,
1,0,,,8.327484130859375,37.67,
1,0,,,8.3251953125,37.698,
1,0,,,8.3251953125,37.726,
1,0,,,8.320999145507812,37.754,
1,0,,,8.31756591796875,37.782,
1,0,,,8.31756591796875,37.81,
1,0,,,8.312988281250002,37.839,
1,0,,,8.312988281250002,37.867,
1,0,,,8.319091796875,37.895,
1,0,,,8.319091796875,37.923,
1,0,,,8.308792114257812,37.951,
1,0,,,8.308792114257812,37.979,
1,0,,,8.315277099609375,38.007,
1,0,,,8.324813842773438,38.035,
1,0,,,8.324813842773438,38.063,
1,0,,,8.321380615234375,38.091,
1,0,,,8.321380615234375,38.119,
1,0,,,8.31756591796875,38.147,
1,0,,,8.31756591796875,38.175,
1,0,,,8.329391479492188,38.204,
1,0,,,8.329391479492188,38.232,
1,0,,,8.331680297851562,38.26,
1,0,,,8.320999145507812,38.288,
1,0,,,8.320999145507812,38.316,
1,0,,,8.312606811523438,38.344,
1,0,,,8.312606811523438,38.372,
1,0,,,8.33396911621094,38.4,
1,0,,,8.33396911621094,38.429,
1,0,,,8.3251953125,38.457,
1,0,,,8.3251953125,38.485,
1,0,,,8.330154418945314,38.513,
1,0,,,8.319473266601562,38.542,
1,0,,,8.319473266601562,38.57,
1,0,,,8.32366943359375,38.598,
1,0,,,8.32366943359375,38.626,
1,0,,,8.312988281250002,38.654,
1,0,,,8.312988281250002,38.682,
1,0,,,8.324813842773438,38.71,
1,0,,,8.324813842773438,38.739,
1,0,,,8.324050903320312,38.767,
1,0,,,8.320236206054688,38.795,
1,0,,,8.320236206054688,38.823,
1,0,,,8.329010009765625,38.852,
1,0,,,8.329010009765625,38.88,
1,0,,,8.31108093261719,38.908,
1,0,,,8.31108093261719,38.936,
1,0,,,8.320617675781252,38.965,
1,0,,,8.3251953125,38.993,
1,0,,,8.3251953125,39.021,
1,0,,,8.3160400390625,39.05,
1,0,,,8.3160400390625,39.078,
1,0,,,8.32977294921875,39.106,
1,0,,,8.32977294921875,39.135,
1,0,,,8.319473266601562,39.163,
1,0,,,8.319473266601562,39.191,
1,0,,,8.337020874023438,39.219,
1,0,,,8.330154418945314,39.248,
1,0,,,8.330154418945314,39.276,
1,0,,,8.32633972167969,39.305,
1,0,,,8.32633972167969,39.333,
1,0,,,8.33740234375,39.362,
1,0,,,8.33740234375,39.39,
1,0,,,8.325958251953125,39.419,
1,0,,,8.325958251953125,39.447,
1,0,,,8.32366943359375,39.476,
1,0,,,8.314895629882814,39.504,
1,0,,,8.314895629882814,39.533,
1,0,,,8.320999145507812,39.561,
1,0,,,8.320999145507812,39.59,
1,0,,,8.323287963867188,39.618,
1,0,,,8.323287963867188,39.647,
1,0,,,8.324813842773438,39.676,
1,0,,,8.319854736328125,39.704,
1,0,,,8.319854736328125,39.733,
1,0,,,8.33282470703125,39.761,
1,0,,,8.33282470703125,39.79,
1,0,,,8.320236206054688,39.818,
1,0,,,8.320236206054688,39.847,
1,0,,,8.319091796875,39.875,
1,0,,,8.3099365234375,39.904,
1,0,,,8.3099365234375,39.932,
1,0,,,8.338165283203125,39.961,
1,0,,,8.338165283203125,39.99,
1,0,,,8.32366943359375,40.018,
1,0,,,8.32366943359375,40.047,
1,0,,,8.328247070312502,40.075,
1,0,,,8.328247070312502,40.104,
1,0,,,8.335494995117188,40.132,
1,0,,,8.320617675781252,40.161,
1,0,,,8.320617675781252,40.19,
1,0,,,8.32672119140625,40.218,
1,0,,,8.32672119140625,40.247,
1,0,,,8.309173583984377,40.275,
1,0,,,8.309173583984377,40.304,
1,0,,,8.309173583984377,40.333,
1,0,,,8.32633972167969,40.361,
1,0,,,8.32633972167969,40.39,
1,0,,,8.314132690429688,40.418,
1,0,,,8.314132690429688,40.447,
1,0,,,8.330535888671875,40.476,
1,0,,,8.330535888671875,40.504,
1,0,,,8.34159851074219,40.533,
1,0,,,8.307266235351564,40.562,
1,0,,,8.307266235351564,40.59,
1,0,,,8.315277099609375,40.619,
1,0,,,8.315277099609375,40.648,
1,0,,,8.320236206054688,40.677,
1,0,,,8.320236206054688,40.706,
1,0,,,8.308029174804688,40.734,
1,0,,,8.32366943359375,40.763,
1,0,,,8.32366943359375,40.792,
1,0,,,8.320999145507812,40.821,
1,0,,,8.320999145507812,40.849,
1,0,,,8.328628540039062,40.878,
1,0,,,8.328628540039062,40.907,
1,0,,,8.319854736328125,40.936,
1,0,,,8.328247070312502,40.965,
1,0,,,8.328247070312502,40.994,
1,0,,,8.327865600585938,41.022,
1,0,,,8.327865600585938,41.051,
1,0,,,8.333206176757812,41.08,
1,0,,,8.333206176757812,41.109,
1,0,,,8.315277099609375,41.138,
1,0,,,8.321762084960938,41.166,
1,0,,,8.321762084960938,41.195,
1,0,,,8.328628540039062,41.224,
1,0,,,8.328628540039062,41.253,
1,0,,,8.33396911621094,41.282,
1,1,,,8.748626708984375,41.391,
1,1,,,9.313201904296875,41.418,
1,1,,,9.313201904296875,41.445,
1,1,,,9.508132934570312,41.472,
1,1,,,9.508132934570312,41.499,
1,1,,,9.49516296386719,41.526,
1,1,,,9.49516296386719,41.553,
1,1,,,9.484100341796877,41.581,
1,1,,,9.484100341796877,41.608,
1,1,,,9.483718872070314,41.635,
1,1,,,9.483718872070314,41.662,
1,1,,,9.498214721679688,41.69,
1,1,,,9.498214721679688,41.717,
1,1,,,9.490966796875,41.744,
1,1,,,9.50126647949219,41.772,
1,1,,,9.50126647949219,41.799,
1,1,,,9.49859619140625,41.827,
1,1,,,9.49859619140625,41.854,
1,1,,,9.502410888671875,41.881,
1,1,,,9.502410888671875,41.909,
1,1,,,9.497070312500002,41.936,
1,1,,,9.497070312500002,41.964,
1,1,,,9.498977661132814,41.991,
1,1,,,9.498977661132814,42.019,
1,1,,,9.482955932617188,42.046,
1,1,,,9.482955932617188,42.074,
1,1,,,9.489440917968752,42.101,
1,1,,,9.479522705078125,42.129,
1,1,,,9.479522705078125,42.157,
1,1,,,9.483718872070314,42.184,
1,1,,,9.483718872070314,42.212,
1,1,,,9.49249267578125,42.239,
1,1,,,9.49249267578125,42.267,
1,1,,,9.486770629882812,42.294,
1,1,,,9.486770629882812,42.322,
1,1,,,9.494400024414062,42.349,
1,1,,,9.494400024414062,42.377,
1,1,,,9.491729736328127,42.405,
1,1,,,9.477615356445312,42.432,
1,1,,,9.477615356445312,42.46,
1,1,,,9.48638916015625,42.487,
1,1,,,9.48638916015625,42.515,
1,1,,,9.493255615234377,42.542,
1,1,,,9.493255615234377,42.57,
1,1,,,9.488296508789062,42.598,
1,1,,,9.488296508789062,42.625,
1,1,,,9.488296508789062,42.653,
1,1,,,9.497070312500002,42.681,
1,1,,,9.497070312500002,42.708,
1,1,,,9.488296508789062,42.736,
1,1,,,9.488296508789062,42.764,
1,1,,,9.497451782226564,42.791,
1,1,,,9.497451782226564,42.819,
1,1,,,9.496307373046875,42.847,
1,1,,,9.496307373046875,42.874,
1,1,,,9.488677978515625,42.902,
1,1,,,9.488677978515625,42.93,
1,1,,,9.497451782226564,42.957,
1,1,,,9.496688842773438,42.985,
1,1,,,9.496688842773438,43.013,
1,1,,,9.485626220703127,43.04,
1,1,,,9.485626220703127,43.068,
1,1,,,9.498977661132814,43.096,
1,1,,,9.498977661132814,43.124,
1,1,,,9.486770629882812,43.151,
1,1,,,9.486770629882812,43.179,
1,1,,,9.496688842773438,43.207,
1,1,,,9.496688842773438,43.235,
1,1,,,9.480285644531252,43.263,
1,1,,,9.482192993164064,43.29,
1,1,,,9.482192993164064,43.318,
1,1,,,9.48486328125,43.346,
1,1,,,9.48486328125,43.374,
1,1,,,9.485244750976562,43.402,
1,1,,,9.485244750976562,43.429,
1,1,,,9.500885009765627,43.457,
1,1,,,9.500885009765627,43.485,
1,1,,,9.510040283203125,43.513,
1,1,,,9.48753356933594,43.541,
1,1,,,9.48753356933594,43.569,
1,1,,,9.498214721679688,43.597,
1,1,,,9.498214721679688,43.626,
1,1,,,9.499740600585938,43.654,
1,1,,,9.499740600585938,43.682,
1,1,,,9.490203857421875,43.71,
1,1,,,9.490203857421875,43.738,
1,1,,,9.480667114257812,43.766,
1,1,,,9.492874145507812,43.794,
1,1,,,9.492874145507812,43.822,
1,1,,,9.489059448242188,43.85,
1,1,,,9.489059448242188,43.878,
1,1,,,9.48638916015625,43.906,
1,1,,,9.48638916015625,43.934,
1,1,,,9.494781494140625,43.962,
1,1,,,9.494781494140625,43.99,
1,1,,,9.489059448242188,44.018,
1,1,,,9.50126647949219,44.046,
1,1,,,9.50126647949219,44.074,
1,1,,,9.49516296386719,44.102,
1,1,,,9.49516296386719,44.13,
1,1,,,9.482574462890625,44.158,
1,1,,,9.482574462890625,44.186,
1,1,,,9.485244750976562,44.214,
1,1,,,9.485244750976562,44.242,
1,1,,,9.490966796875,44.27,
1,1,,,9.48486328125,44.298,
1,1,,,9.48486328125,44.327,
1,1,,,9.49859619140625,44.355,
1,1,,,9.49859619140625,44.383,
1,1,,,9.491729736328127,44.411,
1,1,,,9.491729736328127,44.439,
1,1,,,9.488677978515625,44.467,
1,1,,,9.488677978515625,44.495,
1,1,,,9.497833251953125,44.524,
1,1,,,9.488677978515625,44.552,
1,1,,,9.488677978515625,44.58,
1,1,,,9.486770629882812,44.608,
1,1,,,9.486770629882812,44.637,
1,1,,,9.492874145507812,44.665,
1,1,,,9.492874145507812,44.693,
1,1,,,9.490585327148438,44.721,
1,1,,,9.490585327148438,44.75,
1,1,,,9.493255615234377,44.778,
1,1,,,9.484100341796877,44.806,
1,1,,,9.484100341796877,44.834,
1,1,,,9.491348266601564,44.862,
1,1,,,9.491348266601564,44.891,
1,1,,,9.486770629882812,44.919,
1,1,,,9.486770629882812,44.947,
1,1,,,9.486770629882812,44.975,
1,1,,,9.486770629882812,45.003,
1,1,,,9.48638916015625,45.032,
1,1,,,9.496307373046875,45.06,
1,1,,,9.496307373046875,45.088,
1,1,,,9.490966796875,45.117,
1,1,,,9.490966796875,45.145,
1,1,,,9.489440917968752,45.173,
1,1,,,9.489440917968752,45.201,
1,1,,,9.502410888671875,45.23,
1,1,,,9.495925903320312,45.258,
1,1,,,9.495925903320312,45.286,
1,1,,,9.477996826171877,45.315,
1,1,,,9.477996826171877,45.343,
1,1,,,9.488296508789062,45.371,
1,2,,,8.753204345703125,45.479,
1,2,,,8.753204345703125,45.506,
1,2,,,9.16595458984375,45.533,
1,2,,,9.289932250976562,45.56,
1,2,,,9.289932250976562,45.587,
1,2,,,9.314346313476564,45.615,
1,2,,,9.314346313476564,45.642,
1,2,,,9.28802490234375,45.669,
1,2,,,9.28802490234375,45.697,
1,2,,,9.285736083984377,45.724,
1,2,,,9.285736083984377,45.752,
1,2,,,9.2864990234375,45.779,
1,2,,,9.2864990234375,45.807,
1,2,,,9.246826171875,45.834,
1,2,,,9.246826171875,45.862,
1,2,,,9.281158447265625,45.889,
1,2,,,9.276580810546875,45.917,
1,2,,,9.276580810546875,45.944,
1,2,,,9.267044067382812,45.972,
1,2,,,9.267044067382812,45.999,
1,2,,,9.32579040527344,46.027,
1,2,,,9.32579040527344,46.054,
1,2,,,9.268951416015625,46.082,
1,2,,,9.268951416015625,46.109,
1,2,,,9.30938720703125,46.137,
1,2,,,9.30938720703125,46.165,
1,2,,,9.305191040039062,46.192,
1,2,,,9.278488159179688,46.22,
1,2,,,9.278488159179688,46.247,
1,2,,,9.302139282226562,46.275,
1,2,,,9.302139282226562,46.303,
1,2,,,9.266281127929688,46.33,
1,2,,,9.266281127929688,46.358,
1,2,,,9.2620849609375,46.386,
1,2,,,9.2620849609375,46.413,
1,2,,,9.267044067382812,46.441,
1,2,,,9.267044067382812,46.468,
1,2,,,9.263229370117188,46.496,
1,2,,,9.292221069335938,46.524,
1,2,,,9.292221069335938,46.551,
1,2,,,9.3109130859375,46.579,
1,2,,,9.3109130859375,46.607,
1,2,,,9.296798706054688,46.634,
1,2,,,9.296798706054688,46.662,
1,2,,,9.320831298828125,46.69,
1,2,,,9.320831298828125,46.717,
1,2,,,9.281921386718752,46.745,
1,2,,,9.27734375,46.773,
1,2,,,9.27734375,46.801,
1,2,,,9.267807006835938,46.828,
1,2,,,9.267807006835938,46.856,
1,2,,,9.24835205078125,46.884,
1,2,,,9.24835205078125,46.912,
1,2,,,9.27581787109375,46.939,
1,2,,,9.27581787109375,46.967,
1,2,,,9.276199340820314,46.995,
1,2,,,9.276199340820314,47.023,
1,2,,,9.262466430664062,47.051,
1,2,,,9.3109130859375,47.078,
1,2,,,9.3109130859375,47.106,
1,2,,,9.290313720703125,47.134,
1,2,,,9.290313720703125,47.162,
1,2,,,9.30290222167969,47.19,
1,2,,,9.30290222167969,47.218,
1,2,,,9.290313720703125,47.245,
1,2,,,9.290313720703125,47.273,
1,2,,,9.266281127929688,47.301,
1,2,,,9.303665161132812,47.329,
1,2,,,9.303665161132812,47.357,
1,2,,,9.254837036132812,47.385,
1,2,,,9.254837036132812,47.413,
1,2,,,9.267807006835938,47.441,
1,2,,,9.267807006835938,47.469,
1,2,,,9.2864990234375,47.497,
1,2,,,9.2864990234375,47.525,
1,2,,,9.268569946289064,47.553,
1,2,,,9.307861328125,47.581,
1,2,,,9.307861328125,47.609,
1,2,,,9.304428100585938,47.637,
1,2,,,9.304428100585938,47.665,
1,2,,,9.292221069335938,47.693,
1,2,,,9.292221069335938,47.721,
1,2,,,9.320068359375002,47.749,
1,2,,,9.320068359375002,47.777,
1,2,,,9.276580810546875,47.805,
1,2,,,9.29107666015625,47.833,
1,2,,,9.29107666015625,47.861,
1,2,,,9.297180175781252,47.889,
1,2,,,9.297180175781252,47.918,
1,2,,,9.24224853515625,47.946,
1,2,,,9.24224853515625,47.974,
1,2,,,9.28497314453125,48.002,
1,2,,,9.28497314453125,48.03,
1,2,,,9.26055908203125,48.058,
1,2,,,9.272003173828125,48.086,
1,2,,,9.272003173828125,48.114,
1,2,,,9.291458129882814,48.142,
1,2,,,9.291458129882814,48.17,
1,2,,,9.288406372070312,48.198,
1,2,,,9.288406372070312,48.226,
1,2,,,9.312820434570312,48.254,
1,2,,,9.312820434570312,48.283,
1,2,,,9.300613403320312,48.311,
1,2,,,9.278106689453127,48.339,
1,2,,,9.278106689453127,48.367,
1,2,,,9.293365478515627,48.395,
1,2,,,9.293365478515627,48.423,
1,2,,,9.245681762695314,48.451,
1,2,,,9.245681762695314,48.479,
1,2,,,9.251785278320312,48.507,
1,2,,,9.251785278320312,48.535,
1,2,,,9.283065795898438,48.564,
1,2,,,9.268951416015625,48.592,
1,2,,,9.268951416015625,48.62,
1,2,,,9.294509887695312,48.648,
1,2,,,9.294509887695312,48.676,
1,2,,,9.311294555664062,48.704,
1,2,,,9.311294555664062,48.733,
1,2,,,9.28497314453125,48.761,
1,2,,,9.28497314453125,48.79,
1,2,,,9.30328369140625,48.818,
1,2,,,9.264373779296875,48.846,
1,2,,,9.264373779296875,48.873,
1,2,,,9.299087524414064,48.901,
1,2,,,9.299087524414064,48.929,
1,2,,,9.296035766601562,48.958,
1,2,,,9.296035766601562,48.986,
1,2,,,9.246826171875,49.014,
1,2,,,9.246826171875,49.042,
1,2,,,9.276580810546875,49.071,
1,2,,,9.2498779296875,49.099,
1,2,,,9.2498779296875,49.127,
1,2,,,9.266281127929688,49.156,
1,2,,,9.266281127929688,49.184,
1,2,,,9.289932250976562,49.212,
1,2,,,9.289932250976562,49.24,
1,2,,,9.28764343261719,49.269,
1,2,,,9.28764343261719,49.297,
1,2,,,9.30290222167969,49.326,
1,2,,,9.304046630859375,49.354,
1,2,,,9.304046630859375,49.382,
1,2,,,9.271621704101562,49.41,
1,2,,,9.271621704101562,49.439,
1,2,,,9.298324584960938,49.467,
1,2,,,9.298324584960938,49.496,
1,2,,,9.263992309570312,49.524,
1,2,,,9.2529296875,49.552,
1,2,,,9.2529296875,49.581,
1,2,,,9.284591674804688,49.609,
1,2,,,9.284591674804688,49.638,
1,2,,,9.262847900390627,49.666,
1,2,,,9.262847900390627,49.695,
1,2,,,9.289932250976562,49.723,
1,2,,,9.289932250976562,49.752,
1,2,,,9.297180175781252,49.78,
1,2,,,9.289550781250002,49.809,
1,2,,,9.289550781250002,49.837,
1,2,,,9.31053161621094,49.866,
1,2,,,9.31053161621094,49.894,
1,2,,,9.275436401367188,49.923,
1,2,,,9.275436401367188,49.951,
1,2,,,9.307479858398438,49.98,
1,2,,,9.304809570312502,50.008,
1,2,,,9.304809570312502,50.037,
1,2,,,9.274291992187502,50.065,
1,2,,,9.274291992187502,50.094,
1,2,,,9.284210205078125,50.122,
1,2,,,9.284210205078125,50.151,
1,2,,,9.243774414062502,50.179,
1,2,,,9.243774414062502,50.208,
1,2,,,9.243774414062502,50.237,
1,2,,,9.289169311523438,50.265,
1,2,,,9.289169311523438,50.294,
1,2,,,9.26513671875,50.322,
1,2,,,9.26513671875,50.351,
1,2,,,9.299468994140625,50.38,
1,2,,,9.299468994140625,50.409,
1,2,,,9.2987060546875,50.437,
1,2,,,9.29412841796875,50.466,
1,2,,,9.29412841796875,50.495,
1,2,,,9.316635131835938,50.523,
1,2,,,9.316635131835938,50.552,
1,2,,,9.291839599609375,50.581,
1,2,,,9.291839599609375,50.61,
1,2,,,9.302520751953125,50.638,
1,2,,,9.309005737304688,50.667,
1,2,,,9.309005737304688,50.696,
1,2,,,9.261703491210938,50.725,
1,2,,,9.261703491210938,50.753,
1,2,,,9.275436401367188,50.782,
1,2,,,9.275436401367188,50.811,
1,2,,,9.261703491210938,50.84,
1,2,,,9.261322021484375,50.868,
1,2,,,9.261322021484375,50.897,
1,2,,,9.284210205078125,50.926,
1,2,,,9.284210205078125,50.955,
1,2,,,9.275054931640625,50.984,
1,2,,,9.275054931640625,51.012,
1,2,,,9.294509887695312,51.041,
1,2,,,9.312057495117188,51.07,
1,2,,,9.312057495117188,51.099,
1,2,,,9.289932250976562,51.128,
1,2,,,9.289932250976562,51.157,
1,2,,,9.312820434570312,51.186,
1,2,,,9.312820434570312,51.214,
1,2,,,9.2864990234375,51.243,
1,2,,,9.279632568359375,51.272,
1,2,,,9.279632568359375,51.301,
1,2,,,9.289932250976562,51.33,
1,2,,,9.289932250976562,51.359,
1,2,,,9.255599975585938,51.388,
1,2,,,9.255599975585938,51.417,
1,2,,,9.279632568359375,51.445,
1,2,,,9.272003173828125,51.474,
1,2,,,9.272003173828125,51.503,
1,2,,,9.259796142578125,51.532,
1,2,,,9.259796142578125,51.561,
1,2,,,9.308624267578127,51.59,
1,2,,,9.308624267578127,51.619,
1,2,,,9.279632568359375,51.648,
1,2,,,9.31854248046875,51.677,
1,2,,,9.31854248046875,51.706,
1,2,,,9.31396484375,51.735,
1,2,,,9.31396484375,51.764,
1,2,,,9.282684326171875,51.793,
1,2,,,9.282684326171875,51.822,
1,2,,,9.3017578125,51.85,
1,2,,,9.254074096679688,51.879,
1,2,,,9.254074096679688,51.908,
1,2,,,9.24949645996094,51.937,
1,2,,,9.24949645996094,51.967,
1,2,,,9.280776977539062,51.995,
1,2,,,9.280776977539062,52.025,
1,2,,,9.256362915039062,52.054,
1,2,,,9.297180175781252,52.083,
1,2,,,9.297180175781252,52.112,
1,2,,,9.293746948242188,52.141,
1,2,,,9.293746948242188,52.17,
1,2,,,9.286117553710938,52.199,
1,2,,,9.324264526367188,52.228,
1,2,,,9.324264526367188,52.257,
1,2,,,9.292984008789062,52.287,
1,2,,,9.292984008789062,52.316,
1,2,,,9.30290222167969,52.346,
1,2,,,9.30290222167969,52.375,
1,2,,,9.288406372070312,52.404,
1,2,,,9.2620849609375,52.433,
1,2,,,9.2620849609375,52.462,
1,2,,,9.294891357421875,52.491,
1,2,,,9.294891357421875,52.521,
1,2,,,9.25712585449219,52.55,
1,2,,,9.25712585449219,52.579,
1,2,,,9.267807006835938,52.608,
1,2,,,9.305191040039062,52.638,
1,2,,,9.305191040039062,52.667,
1,2,,,9.258270263671875,52.696,
1,2,,,9.258270263671875,52.725,
1,2,,,9.314346313476564,52.754,
1,2,,,9.31549072265625,52.784,
1,2,,,9.31549072265625,52.813,
1,2,,,9.27734375,52.842,
1,2,,,9.27734375,52.871,
1,2,,,9.304428100585938,52.901,
1,2,,,9.304428100585938,52.93,
1,2,,,9.276962280273438,52.959,
1,2,,,9.275054931640625,52.989,
1,2,,,9.275054931640625,53.018,
1,2,,,9.281539916992188,53.047,
1,2,,,9.281539916992188,53.076,
1,2,,,9.25712585449219,53.105,
1,2,,,9.25712585449219,53.134,
1,2,,,9.281921386718752,53.163,
1,2,,,9.271240234375,53.193,
1,2,,,9.271240234375,53.222,
1,2,,,9.276580810546875,53.251,
1,2,,,9.276580810546875,53.281,
1,2,,,9.310150146484375,53.31,
1,2,,,9.292984008789062,53.339,
1,2,,,9.292984008789062,53.369,
1,2,,,9.312820434570312,53.398,
1,2,,,9.312820434570312,53.427,
1,2,,,9.219741821289062,53.456,
1,2,,,9.219741821289062,53.486,
1,2,,,9.212875366210938,53.515,
1,2,,,9.215545654296875,53.545,
1,2,,,9.215545654296875,53.574,
1,2,,,9.207916259765625,53.603,
1,2,,,9.207916259765625,53.632,
1,2,,,9.190750122070312,53.662,
1,2,,,9.190750122070312,53.692,
1,2,,,9.215927124023438,53.722,
1,2,,,9.2041015625,53.751,
1,2,,,9.2041015625,53.78,
1,2,,,9.1949462890625,53.809,
1,2,,,9.1949462890625,53.838,
1,2,,,9.218597412109375,53.868,
1,2,,,9.210586547851562,53.897,
1,2,,,9.210586547851562,53.927,
1,2,,,9.2010498046875,53.956,
1,2,,,9.2010498046875,53.986,
1,2,,,9.222412109375,54.016,
1,2,,,9.222412109375,54.045,
1,2,,,9.201431274414062,54.074,
1,2,,,9.212875366210938,54.103,
1,2,,,9.212875366210938,54.132,
1,2,,,9.214401245117188,54.162,
1,2,,,9.214401245117188,54.191,
1,2,,,9.19609069824219,54.221,
1,2,,,9.210586547851562,54.25,
1,2,,,9.210586547851562,54.279,
1,2,,,9.198760986328125,54.308,
1,2,,,9.198760986328125,54.338,
1,2,,,9.201812744140627,54.367,
1,2,,,9.201812744140627,54.397,
1,2,,,9.207916259765625,54.426,
1,2,,,9.1949462890625,54.456,
1,2,,,9.1949462890625,54.485,
1,2,,,9.20372009277344,54.514,
1,2,,,9.20372009277344,54.543,
1,2,,,9.202194213867188,54.573,
1,2,,,9.202194213867188,54.602,
1,2,,,9.202194213867188,54.632,
1,2,,,9.200286865234375,54.662,
1,2,,,9.200286865234375,54.691,
1,2,,,9.196853637695312,54.721,
1,2,,,9.196853637695312,54.75,
1,2,,,9.199905395507814,54.779,
1,2,,,9.212875366210938,54.808,
1,2,,,9.212875366210938,54.838,
1,2,,,9.2071533203125,54.867,
1,2,,,9.2071533203125,54.897,
1,2,,,9.223175048828125,54.926,
1,2,,,9.207916259765625,54.956,
1,2,,,9.207916259765625,54.985,
1,2,,,9.200668334960938,55.014,
1,2,,,9.200668334960938,55.043,
1,2,,,9.21630859375,55.073,
1,2,,,9.21630859375,55.103,
1,2,,,9.189224243164062,55.132,
1,2,,,9.204483032226562,55.162,
1,2,,,9.204483032226562,55.192,
1,2,,,9.214019775390625,55.222,
1,2,,,9.214019775390625,55.251,
1,2,,,9.193801879882812,55.281,
1,2,,,9.213256835937502,55.31,
1,2,,,9.213256835937502,55.339,
1,2,,,9.217453002929688,55.369,
1,2,,,9.217453002929688,55.399,
1,2,,,9.194183349609377,55.429,
1,2,,,9.194183349609377,55.459,
1,2,,,9.205245971679688,55.488,
1,2,,,9.204864501953125,55.517,
1,2,,,9.204864501953125,55.546,
1,2,,,9.21478271484375,55.576,
1,2,,,9.21478271484375,55.606,
1,2,,,9.221649169921875,55.636,
1,2,,,9.1888427734375,55.665,
1,2,,,9.1888427734375,55.695,
1,2,,,9.21783447265625,55.725,
1,2,,,9.21783447265625,55.755,
1,2,,,9.186172485351562,55.784,
1,2,,,9.186172485351562,55.813,
1,2,,,9.198379516601562,55.842,
1,3,,,9.207916259765625,55.899,
1,3,,,6.040191650390625,55.926,
1,3,,,6.040191650390625,55.953,
1,3,,,8.48388671875,55.98,
1,3,,,8.48388671875,56.007,
1,3,,,8.484268188476562,56.034,
1,3,,,8.484268188476562,56.062,
1,3,,,8.491897583007812,56.089,
1,3,,,8.491897583007812,56.116,
1,3,,,8.50830078125,56.143,
1,3,,,8.4869384765625,56.171,
1,3,,,8.4869384765625,56.198,
1,3,,,8.489227294921875,56.225,
1,3,,,8.489227294921875,56.253,
1,3,,,8.510589599609375,56.28,
1,3,,,8.510589599609375,56.307,
1,3,,,8.527755737304688,56.335,
1,3,,,8.527755737304688,56.362,
1,3,,,8.493423461914062,56.39,
1,3,,,8.493423461914062,56.417,
1,3,,,8.5174560546875,56.445,
1,3,,,8.495330810546875,56.472,
1,3,,,8.495330810546875,56.499,
1,3,,,8.495712280273438,56.527,
1,3,,,8.495712280273438,56.554,
1,3,,,8.496856689453125,56.582,
1,3,,,8.496856689453125,56.609,
1,3,,,8.504867553710938,56.637,
1,3,,,8.504867553710938,56.664,
1,3,,,8.489608764648438,56.692,
1,3,,,8.489608764648438,56.72,
1,3,,,8.504867553710938,56.747,
1,3,,,8.499526977539062,56.775,
1,3,,,8.499526977539062,56.802,
1,3,,,8.500289916992188,56.83,
1,3,,,8.500289916992188,56.857,
1,3,,,8.520889282226564,56.885,
1,3,,,8.520889282226564,56.912,
1,3,,,8.517837524414062,56.94,
1,3,,,8.517837524414062,56.967,
1,3,,,8.509063720703125,56.995,
1,3,,,8.509063720703125,57.022,
1,3,,,8.510971069335938,57.05,
1,3,,,8.506011962890625,57.078,
1,3,,,8.506011962890625,57.105,
1,3,,,8.4930419921875,57.133,
1,3,,,8.4930419921875,57.161,
1,3,,,8.504104614257812,57.188,
1,3,,,8.504104614257812,57.216,
1,3,,,8.48655700683594,57.243,
1,3,,,8.48655700683594,57.271,
1,3,,,8.524322509765625,57.299,
1,3,,,8.524322509765625,57.326,
1,3,,,8.521652221679688,57.354,
1,3,,,8.49151611328125,57.382,
1,3,,,8.49151611328125,57.409,
1,3,,,8.506393432617188,57.437,
1,3,,,8.506393432617188,57.465,
1,3,,,8.504486083984375,57.493,
1,3,,,8.504486083984375,57.521,
1,3,,,8.489990234375,57.548,
1,3,,,8.489990234375,57.576,
1,3,,,8.488845825195312,57.604,
1,3,,,8.488845825195312,57.632,
1,3,,,8.506393432617188,57.66,
1,3,,,8.525466918945312,57.688,
1,3,,,8.525466918945312,57.716,
1,3,,,8.510971069335938,57.743,
1,3,,,8.510971069335938,57.771,
1,3,,,8.504867553710938,57.799,
1,3,,,8.504867553710938,57.827,
1,3,,,8.504486083984375,57.855,
1,3,,,8.504486083984375,57.883,
1,3,,,8.516311645507812,57.911,
1,3,,,8.517837524414062,57.939,
1,3,,,8.517837524414062,57.967,
1,3,,,8.49761962890625,57.995,
1,3,,,8.49761962890625,58.023,
1,3,,,8.50181579589844,58.05,
1,3,,,8.50181579589844,58.078,
1,3,,,8.501434326171875,58.106,
1,3,,,8.501434326171875,58.134,
1,3,,,8.4991455078125,58.162,
1,3,,,8.502197265625,58.19,
1,3,,,8.502197265625,58.218,
1,3,,,8.51287841796875,58.246,
1,3,,,8.51287841796875,58.274,
1,3,,,8.488082885742188,58.302,
1,3,,,8.488082885742188,58.33,
1,3,,,8.50067138671875,58.358,
1,3,,,8.50067138671875,58.386,
1,3,,,8.515548706054688,58.414,
1,3,,,8.498764038085938,58.442,
1,3,,,8.498764038085938,58.47,
1,3,,,8.502578735351562,58.498,
1,3,,,8.502578735351562,58.526,
1,3,,,8.531951904296875,58.554,
1,3,,,8.531951904296875,58.582,
1,3,,,8.515167236328127,58.61,
1,3,,,8.515167236328127,58.638,
1,3,,,8.518600463867188,58.666,
1,3,,,8.50677490234375,58.694,
1,3,,,8.50677490234375,58.722,
1,3,,,8.505630493164064,58.75,
1,3,,,8.505630493164064,58.778,
1,3,,,8.49151611328125,58.806,
1,3,,,8.49151611328125,58.835,
1,3,,,8.511352539062502,58.863,
1,3,,,8.511352539062502,58.891,
1,3,,,8.50067138671875,58.919,
1,3,,,8.502578735351562,58.947,
1,3,,,8.502578735351562,58.975,
1,3,,,8.502578735351562,59.003,
1,3,,,8.502578735351562,59.032,
1,3,,,8.49418640136719,59.06,
1,3,,,8.49418640136719,59.088,
1,3,,,8.502197265625,59.117,
1,3,,,8.502197265625,59.145,
1,3,,,8.50982666015625,59.173,
1,3,,,8.496856689453125,59.201,
1,3,,,8.496856689453125,59.23,
1,3,,,8.502578735351562,59.258,
1,3,,,8.502578735351562,59.287,
1,3,,,8.507156372070312,59.316,
1,3,,,8.507156372070312,59.344,
1,3,,,8.528518676757814,59.373,
1,3,,,8.506393432617188,59.401,
1,3,,,8.506393432617188,59.43,
1,3,,,8.503341674804688,59.458,
1,3,,,8.503341674804688,59.487,
1,3,,,8.525466918945312,59.516,
1,3,,,8.525466918945312,59.544,
1,3,,,8.50982666015625,59.573,
1,3,,,8.50982666015625,59.601,
1,3,,,8.519744873046875,59.63,
1,3,,,8.503723144531252,59.659,
1,3,,,8.503723144531252,59.687,
1,3,,,8.502578735351562,59.716,
1,3,,,8.502578735351562,59.745,
1,3,,,8.518218994140625,59.773,
1,3,,,8.518218994140625,59.801,
1,3,,,8.514022827148438,59.829,
1,3,,,8.495330810546875,59.857,
1,3,,,8.495330810546875,59.885,
1,3,,,8.4930419921875,59.914,
1,3,,,8.4930419921875,59.942,
1,3,,,8.507537841796877,59.97,
1,3,,,8.507537841796877,59.999,
1,3,,,8.518981933593752,60.027,
1,3,,,8.518981933593752,60.056,
1,3,,,8.513641357421875,60.084,
1,3,,,8.50181579589844,60.112,
1,3,,,8.50181579589844,60.141,
1,3,,,8.512115478515625,60.169,
1,3,,,8.512115478515625,60.198,
1,3,,,8.503341674804688,60.226,
1,3,,,8.503341674804688,60.255,
1,3,,,8.503341674804688,60.283,
1,3,,,8.508682250976562,60.312,
1,3,,,8.508682250976562,60.34,
1,3,,,8.511352539062502,60.369,
1,3,,,8.511352539062502,60.397,
1,3,,,8.513259887695314,60.426,
1,3,,,8.513259887695314,60.454,
1,3,,,8.4930419921875,60.483,
1,3,,,8.4930419921875,60.511,
1,3,,,8.505630493164064,60.54,
1,3,,,8.510971069335938,60.568,
1,3,,,8.510971069335938,60.597,
1,3,,,8.500289916992188,60.625,
1,3,,,8.500289916992188,60.654,
1,3,,,8.512496948242188,60.682,
1,3,,,8.512496948242188,60.711,
1,3,,,8.512496948242188,60.739,
1,3,,,8.515167236328127,60.768,
1,3,,,8.515167236328127,60.797,
1,3,,,8.502578735351562,60.825,
1,3,,,8.502578735351562,60.854,
1,3,,,8.498382568359375,60.882,
1,3,,,8.498382568359375,60.911,
1,3,,,8.504104614257812,60.94,
1,3,,,8.516693115234375,60.968,
1,3,,,8.516693115234375,60.997,
1,3,,,8.5205078125,61.026,
1,3,,,8.5205078125,61.055,
1,3,,,8.508682250976562,61.084,
1,3,,,8.508682250976562,61.113,
1,3,,,8.501434326171875,61.141,
1,3,,,8.493423461914062,61.17,
1,3,,,8.493423461914062,61.199,
1,3,,,8.50830078125,61.228,
1,3,,,8.50830078125,61.257,
1,3,,,8.509063720703125,61.286,
1,3,,,8.509063720703125,61.314,
1,3,,,8.50982666015625,61.343,
1,3,,,8.515167236328127,61.372,
1,3,,,8.515167236328127,61.401,
1,3,,,8.511734008789062,61.43,
1,3,,,8.511734008789062,61.459,
1,3,,,8.519744873046875,61.488,
1,3,,,8.519744873046875,61.517,
1,3,,,8.525848388671875,61.546,
1,3,,,8.490753173828125,61.575,
1,3,,,8.490753173828125,61.604,
1,3,,,8.50830078125,61.633,
1,3,,,8.50830078125,61.663,
1,3,,,8.501434326171875,61.692,
1,3,,,8.501434326171875,61.721,
1,3,,,8.516311645507812,61.75,
1,3,,,8.511352539062502,61.779,
1,3,,,8.511352539062502,61.808,
1,3,,,8.511734008789062,61.837,
1,3,,,8.511734008789062,61.867,
1,3,,,8.488845825195312,61.896,
1,3,,,8.488845825195312,61.925,
1,3,,,8.486175537109375,61.954,
1,3,,,8.507919311523438,61.983,
1,3,,,8.507919311523438,62.012,
1,3,,,8.513641357421875,62.042,
1,3,,,8.513641357421875,62.071,
1,3,,,8.505630493164064,62.1,
1,3,,,8.49418640136719,62.129,
1,3,,,8.49418640136719,62.158,
1,3,,,8.501434326171875,62.187,
1,3,,,8.501434326171875,62.216,
1,3,,,8.515548706054688,62.245,
1,3,,,8.515548706054688,62.274,
1,3,,,8.499908447265627,62.303,
1,3,,,8.514404296875,62.332,
1,3,,,8.514404296875,62.361,
1,3,,,8.508682250976562,62.39,
1,3,,,8.508682250976562,62.419,
1,3,,,8.506011962890625,62.448,
1,3,,,8.506011962890625,62.477,
1,3,,,8.518218994140625,62.506,
1,3,,,8.509063720703125,62.535,
1,3,,,8.509063720703125,62.564,
1,3,,,8.5052490234375,62.593,
1,3,,,8.5052490234375,62.622,
1,3,,,8.506011962890625,62.651,
1,3,,,8.506011962890625,62.681,
1,3,,,8.518981933593752,62.71,
1,3,,,8.502197265625,62.739,
1,3,,,8.502197265625,62.768,
1,3,,,8.517837524414062,62.797,
1,3,,,8.517837524414062,62.826,
1,3,,,8.48655700683594,62.855,
1,3,,,8.48655700683594,62.884,
1,3,,,8.515167236328127,62.913,
1,3,,,8.501052856445312,62.942,
1,3,,,8.501052856445312,62.971,
1,3,,,8.491134643554688,63.0,
1,3,,,8.491134643554688,63.029,
1,3,,,8.50944519042969,63.058,
1,3,,,8.50944519042969,63.087,
1,3,,,8.501052856445312,63.116,
1,3,,,8.498764038085938,63.145,
1,4,,,8.749008178710938,63.281,
1,4,,,8.978271484375,63.308,
1,4,,,8.978271484375,63.335,
1,4,,,9.3414306640625,63.362,
1,4,,,9.3414306640625,63.389,
1,4,,,9.369277954101562,63.417,
1,4,,,9.375381469726564,63.444,
1,4,,,9.375381469726564,63.471,
1,4,,,9.383010864257814,63.498,
1,4,,,9.383010864257814,63.526,
1,4,,,9.37156677246094,63.553,
1,4,,,9.37156677246094,63.58,
1,4,,,9.374237060546875,63.608,
1,4,,,9.374237060546875,63.635,
1,4,,,9.381484985351562,63.663,
1,4,,,9.381484985351562,63.69,
1,4,,,9.383392333984375,63.718,
1,4,,,9.392547607421877,63.745,
1,4,,,9.392547607421877,63.772,
1,4,,,9.373474121093752,63.8,
1,4,,,9.373474121093752,63.827,
1,4,,,9.37957763671875,63.855,
1,4,,,9.37957763671875,63.882,
1,4,,,9.383773803710938,63.91,
1,4,,,9.383773803710938,63.938,
1,4,,,9.369277954101562,63.965,
1,4,,,9.369277954101562,63.993,
1,4,,,9.365844726562502,64.021,
1,4,,,9.368133544921875,64.048,
1,4,,,9.368133544921875,64.076,
1,4,,,9.366607666015625,64.103,
1,4,,,9.366607666015625,64.131,
1,4,,,9.365081787109375,64.159,
1,4,,,9.365081787109375,64.186,
1,4,,,9.341812133789062,64.214,
1,4,,,9.341812133789062,64.241,
1,4,,,9.374618530273438,64.269,
1,4,,,9.374618530273438,64.297,
1,4,,,9.36279296875,64.325,
1,4,,,9.360122680664064,64.352,
1,4,,,9.360122680664064,64.38,
1,4,,,9.343338012695312,64.408,
1,4,,,9.343338012695312,64.436,
1,4,,,9.373092651367188,64.463,
1,4,,,9.373092651367188,64.491,
1,4,,,9.36126708984375,64.519,
1,4,,,9.36126708984375,64.547,
1,4,,,9.370803833007812,64.574,
1,4,,,9.370803833007812,64.602,
1,4,,,9.356689453125,64.63,
1,4,,,9.376907348632814,64.658,
1,4,,,9.376907348632814,64.685,
1,4,,,9.428405761718752,64.713,
1,4,,,9.428405761718752,64.741,
1,4,,,9.42535400390625,64.769,
1,4,,,9.42535400390625,64.797,
1,4,,,9.423828125,64.825,
1,4,,,9.423828125,64.853,
1,4,,,9.421539306640625,64.881,
1,4,,,9.447097778320312,64.909,
1,4,,,9.447097778320312,64.937,
1,4,,,9.426879882812502,64.965,
1,4,,,9.426879882812502,64.993,
1,4,,,9.40971374511719,65.021,
1,4,,,9.40971374511719,65.049,
1,4,,,9.435272216796875,65.077,
1,4,,,9.435272216796875,65.105,
1,4,,,9.44023132324219,65.133,
1,4,,,9.430694580078127,65.161,
1,4,,,9.430694580078127,65.189,
1,4,,,9.420776367187502,65.217,
1,4,,,9.420776367187502,65.245,
1,4,,,9.414291381835938,65.273,
1,4,,,9.414291381835938,65.301,
1,4,,,9.431838989257812,65.329,
1,4,,,9.431838989257812,65.357,
1,4,,,8.343505859375002,65.386,
1,4,,,8.320617675781252,65.414,
1,4,,,8.320617675781252,65.442,
1,4,,,8.324813842773438,65.47,
1,4,,,8.324813842773438,65.498,
1,4,,,8.319473266601562,65.526,
1,4,,,8.319473266601562,65.554,
1,4,,,8.325576782226562,65.583,
1,4,,,8.325576782226562,65.611,
1,4,,,8.322525024414064,65.639,
1,4,,,8.320617675781252,65.667,
1,4,,,8.320617675781252,65.695,
1,4,,,8.319854736328125,65.723,
1,4,,,8.319854736328125,65.752,
1,4,,,8.31756591796875,65.78,
1,4,,,8.31756591796875,65.808,
1,4,,,8.319091796875,65.836,
1,4,,,8.319091796875,65.864,
1,4,,,8.32366943359375,65.892,
1,4,,,8.319091796875,65.921,
1,4,,,8.319091796875,65.949,
1,4,,,8.310699462890625,65.977,
1,4,,,8.310699462890625,66.005,
1,4,,,8.319091796875,66.034,
1,4,,,8.319091796875,66.062,
1,4,,,8.327102661132812,66.09,
1,4,,,8.319854736328125,66.118,
1,4,,,8.319854736328125,66.146,
1,4,,,8.33282470703125,66.175,
1,4,,,8.33282470703125,66.203,
1,4,,,8.335494995117188,66.231,
1,4,,,8.335494995117188,66.259,
1,4,,,8.315277099609375,66.288,
1,4,,,8.315277099609375,66.316,
1,4,,,8.331680297851562,66.344,
1,4,,,8.332443237304688,66.373,
1,4,,,8.332443237304688,66.401,
1,4,,,8.330535888671875,66.429,
1,4,,,8.330535888671875,66.458,
1,4,,,8.318328857421875,66.486,
1,4,,,8.318328857421875,66.514,
1,4,,,8.329391479492188,66.542,
1,4,,,8.329391479492188,66.571,
1,4,,,8.322525024414064,66.599,
1,4,,,8.337783813476564,66.627,
1,4,,,8.337783813476564,66.656,
1,4,,,8.325576782226562,66.684,
1,4,,,8.325576782226562,66.712,
1,4,,,8.314895629882814,66.741,
1,4,,,8.314895629882814,66.769,
1,4,,,8.317184448242188,66.798,
1,4,,,8.325576782226562,66.826,
1,4,,,8.325576782226562,66.854,
1,4,,,8.320617675781252,66.883,
1,4,,,8.320617675781252,66.911,
1,4,,,8.33892822265625,66.939,
1,4,,,8.33892822265625,66.968,
1,4,,,8.329010009765625,66.996,
1,4,,,8.329010009765625,67.024,
1,4,,,8.33740234375,67.053,
1,4,,,8.324432373046877,67.081,
1,4,,,8.324432373046877,67.11,
1,4,,,8.327865600585938,67.138,
1,4,,,8.327865600585938,67.166,
1,4,,,8.341217041015625,67.195,
1,4,,,8.341217041015625,67.223,
1,4,,,8.31451416015625,67.252,
1,4,,,8.313369750976562,67.28,
1,4,,,8.313369750976562,67.309,
1,4,,,8.322906494140625,67.337,
1,4,,,8.322906494140625,67.366,
1,4,,,8.344268798828125,67.394,
1,4,,,8.344268798828125,67.423,
1,4,,,8.325958251953125,67.451,
1,4,,,8.325958251953125,67.479,
1,4,,,8.320999145507812,67.508,
1,4,,,8.329391479492188,67.537,
1,4,,,8.329391479492188,67.565,
1,4,,,8.325576782226562,67.594,
1,4,,,8.325576782226562,67.622,
1,4,,,8.324813842773438,67.651,
1,4,,,8.324813842773438,67.679,
1,4,,,8.32633972167969,67.708,
1,4,,,8.312606811523438,67.736,
1,4,,,8.312606811523438,67.765,
1,4,,,8.320617675781252,67.794,
1,4,,,8.320617675781252,67.822,
1,4,,,8.320236206054688,67.851,
1,4,,,8.320236206054688,67.88,
1,4,,,8.329391479492188,67.908,
1,4,,,8.325576782226562,67.937,
1,4,,,8.325576782226562,67.965,
1,4,,,8.333206176757812,67.994,
1,4,,,8.333206176757812,68.023,
1,4,,,8.335876464843752,68.051,
1,4,,,8.335876464843752,68.08,
1,4,,,8.332443237304688,68.108,
1,4,,,8.332443237304688,68.137,
1,4,,,8.310699462890625,68.166,
1,4,,,8.331298828125,68.194,
1,4,,,8.331298828125,68.223,
1,4,,,8.314895629882814,68.251,
1,4,,,8.314895629882814,68.28,
1,4,,,8.333206176757812,68.309,
1,4,,,8.333206176757812,68.337,
1,4,,,8.3343505859375,68.366,
1,4,,,8.319473266601562,68.395,
1,4,,,8.319473266601562,68.423,
1,4,,,8.320999145507812,68.452,
1,4,,,8.320999145507812,68.481,
1,4,,,8.3343505859375,68.509,
1,4,,,8.3343505859375,68.538,
1,4,,,8.322525024414064,68.567,
1,4,,,8.328628540039062,68.596,
1,4,,,8.328628540039062,68.624,
1,4,,,8.327484130859375,68.653,
1,4,,,8.327484130859375,68.682,
1,4,,,8.320236206054688,68.711,
1,4,,,8.320236206054688,68.74,
1,4,,,8.330535888671875,68.768,
1,4,,,8.313369750976562,68.796,
1,4,,,8.313369750976562,68.825,
1,4,,,8.324813842773438,68.853,
1,4,,,8.324813842773438,68.881,
1,4,,,8.33396911621094,68.91,
1,4,,,8.33396911621094,68.939,
1,4,,,8.320236206054688,68.967,
1,4,,,8.320236206054688,68.996,
1,4,,,8.311843872070312,69.025,
1,4,,,8.306503295898438,69.054,
1,4,,,8.306503295898438,69.083,
1,4,,,8.3099365234375,69.112,
1,4,,,8.3099365234375,69.14,
1,4,,,8.321762084960938,69.169,
1,4,,,8.321762084960938,69.198,
1,4,,,8.333587646484375,69.227,
2,0,,,8.768081665039062,69.336,
2,0,,,9.073638916015625,69.363,
2,0,,,9.073638916015625,69.39,
2,0,,,9.484100341796877,69.417,
2,0,,,9.484100341796877,69.445,
2,0,,,9.48486328125,69.472,
2,0,,,9.48486328125,69.499,
2,0,,,9.48753356933594,69.527,
2,0,,,9.47227478027344,69.554,
2,0,,,9.47227478027344,69.581,
2,0,,,9.487152099609375,69.609,
2,0,,,9.487152099609375,69.636,
2,0,,,9.485626220703127,69.663,
2,0,,,9.485626220703127,69.691,
2,0,,,9.4757080078125,69.718,
2,0,,,9.4757080078125,69.747,
2,0,,,9.490203857421875,69.774,
2,0,,,9.490203857421875,69.802,
2,0,,,9.490966796875,69.829,
2,0,,,9.47990417480469,69.857,
2,0,,,9.47990417480469,69.884,
2,0,,,9.47990417480469,69.912,
2,0,,,9.47990417480469,69.939,
2,0,,,9.47723388671875,69.967,
2,0,,,9.47723388671875,69.995,
2,0,,,9.489059448242188,70.022,
2,0,,,9.489059448242188,70.05,
2,0,,,9.487152099609375,70.078,
2,0,,,9.487152099609375,70.105,
2,0,,,9.48638916015625,70.133,
2,0,,,9.486770629882812,70.161,
2,0,,,9.486770629882812,70.188,
2,0,,,9.474563598632814,70.216,
2,0,,,9.474563598632814,70.244,
2,0,,,9.480667114257812,70.272,
2,0,,,9.480667114257812,70.3,
2,0,,,9.492874145507812,70.327,
2,0,,,9.492874145507812,70.355,
2,0,,,9.487915039062502,70.384,
2,0,,,9.487915039062502,70.412,
2,0,,,9.482192993164064,70.44,
2,0,,,9.488296508789062,70.468,
2,0,,,9.488296508789062,70.496,
2,0,,,9.488677978515625,70.524,
2,0,,,9.488677978515625,70.552,
2,0,,,9.477615356445312,70.58,
2,0,,,9.477615356445312,70.608,
2,0,,,9.480285644531252,70.636,
2,0,,,9.480285644531252,70.663,
2,0,,,9.493255615234377,70.691,
2,0,,,9.480285644531252,70.719,
2,0,,,9.480285644531252,70.747,
2,0,,,9.50164794921875,70.775,
2,0,,,9.50164794921875,70.802,
2,0,,,9.488677978515625,70.83,
2,0,,,9.488677978515625,70.858,
2,0,,,9.4940185546875,70.886,
2,0,,,9.4940185546875,70.914,
2,0,,,9.483718872070314,70.942,
2,0,,,9.476852416992188,70.969,
2,0,,,9.476852416992188,70.997,
2,0,,,9.487152099609375,71.025,
2,0,,,9.487152099609375,71.053,
2,0,,,9.476089477539064,71.081,
2,0,,,9.476089477539064,71.109,
2,0,,,9.481811523437502,71.137,
2,0,,,9.481811523437502,71.165,
2,0,,,9.493255615234377,71.193,
2,0,,,9.481430053710938,71.221,
2,0,,,9.481430053710938,71.249,
2,0,,,9.47837829589844,71.277,
2,0,,,9.47837829589844,71.305,
2,0,,,9.490966796875,71.333,
2,0,,,9.490966796875,71.361,
2,0,,,9.48600769042969,71.389,
2,0,,,9.48600769042969,71.417,
2,0,,,9.475326538085938,71.445,
2,0,,,9.482955932617188,71.473,
2,0,,,9.482955932617188,71.501,
2,0,,,9.488296508789062,71.529,
2,0,,,9.488296508789062,71.557,
2,0,,,9.473800659179688,71.585,
2,0,,,9.473800659179688,71.613,
2,0,,,9.48638916015625,71.641,
2,0,,,9.48638916015625,71.669,
2,0,,,9.482574462890625,71.697,
2,0,,,9.488677978515625,71.726,
2,0,,,9.488677978515625,71.754,
2,0,,,9.481430053710938,71.782,
2,0,,,9.481430053710938,71.81,
2,0,,,9.49363708496094,71.838,
2,0,,,9.49363708496094,71.866,
2,0,,,9.47723388671875,71.894,
2,0,,,9.47723388671875,71.922,
2,0,,,9.48753356933594,71.95,
2,0,,,9.471893310546875,71.978,
2,0,,,9.471893310546875,72.006,
2,0,,,9.477996826171877,72.034,
2,0,,,9.477996826171877,72.063,
2,0,,,9.47723388671875,72.091,
2,0,,,9.47723388671875,72.119,
2,0,,,9.466934204101564,72.147,
2,0,,,9.466934204101564,72.175,
2,0,,,9.483718872070314,72.204,
2,0,,,9.477996826171877,72.232,
2,0,,,9.477996826171877,72.259,
2,0,,,9.48753356933594,72.287,
2,0,,,9.48753356933594,72.315,
2,0,,,9.488677978515625,72.343,
2,0,,,9.488677978515625,72.371,
2,0,,,9.490966796875,72.399,
2,0,,,9.490966796875,72.426,
2,0,,,9.48333740234375,72.454,
2,0,,,9.48333740234375,72.482,
2,0,,,9.49363708496094,72.51,
2,0,,,9.479522705078125,72.538,
2,0,,,9.479522705078125,72.566,
2,0,,,9.485244750976562,72.594,
2,0,,,9.485244750976562,72.621,
2,0,,,9.478759765625,72.649,
2,0,,,9.478759765625,72.677,
2,0,,,9.489440917968752,72.705,
2,0,,,9.489440917968752,72.733,
2,0,,,9.479141235351562,72.762,
2,0,,,9.490585327148438,72.79,
2,0,,,9.490585327148438,72.818,
2,0,,,9.480667114257812,72.846,
2,0,,,9.480667114257812,72.875,
2,0,,,9.480667114257812,72.903,
2,0,,,9.480667114257812,72.931,
2,0,,,9.488296508789062,72.96,
2,0,,,9.488296508789062,72.988,
2,0,,,9.481430053710938,73.016,
2,0,,,9.488677978515625,73.045,
2,0,,,9.488677978515625,73.073,
2,0,,,9.490203857421875,73.101,
2,0,,,9.490203857421875,73.13,
2,0,,,9.479522705078125,73.158,
2,0,,,9.479522705078125,73.186,
2,0,,,9.481811523437502,73.215,
2,0,,,9.482192993164064,73.243,
2,0,,,9.482192993164064,73.272,
2,0,,,9.474563598632814,73.3,
2,1,,,8.73565673828125,73.435,
2,1,,,8.9874267578125,73.462,
2,1,,,8.9874267578125,73.489,
2,1,,,9.27734375,73.516,
2,1,,,9.27734375,73.543,
2,1,,,9.30328369140625,73.57,
2,1,,,9.269332885742188,73.598,
2,1,,,9.269332885742188,73.625,
2,1,,,9.278488159179688,73.652,
2,1,,,9.278488159179688,73.68,
2,1,,,9.281539916992188,73.707,
2,1,,,9.281539916992188,73.734,
2,1,,,9.237289428710938,73.762,
2,1,,,9.237289428710938,73.789,
2,1,,,9.257888793945312,73.816,
2,1,,,9.257888793945312,73.844,
2,1,,,9.254837036132812,73.871,
2,1,,,9.268951416015625,73.898,
2,1,,,9.268951416015625,73.926,
2,1,,,9.29107666015625,73.953,
2,1,,,9.29107666015625,73.981,
2,1,,,9.27581787109375,74.008,
2,1,,,9.27581787109375,74.036,
2,1,,,9.306716918945314,74.064,
2,1,,,9.306716918945314,74.091,
2,1,,,9.297561645507812,74.119,
2,1,,,9.297561645507812,74.147,
2,1,,,9.267425537109375,74.174,
2,1,,,9.297180175781252,74.202,
2,1,,,9.297180175781252,74.229,
2,1,,,9.25712585449219,74.257,
2,1,,,9.25712585449219,74.285,
2,1,,,9.254837036132812,74.312,
2,1,,,9.254837036132812,74.34,
2,1,,,9.256744384765625,74.368,
2,1,,,9.256744384765625,74.395,
2,1,,,9.24224853515625,74.423,
2,1,,,9.24224853515625,74.451,
2,1,,,9.281921386718752,74.478,
2,1,,,9.281158447265625,74.506,
2,1,,,9.281158447265625,74.534,
2,1,,,9.275054931640625,74.561,
2,1,,,9.275054931640625,74.589,
2,1,,,9.316635131835938,74.617,
2,1,,,9.316635131835938,74.644,
2,1,,,9.287261962890625,74.672,
2,1,,,9.287261962890625,74.7,
2,1,,,9.284210205078125,74.728,
2,1,,,9.284210205078125,74.755,
2,1,,,9.281921386718752,74.783,
2,1,,,9.239578247070312,74.811,
2,1,,,9.239578247070312,74.839,
2,1,,,9.26475524902344,74.866,
2,1,,,9.26475524902344,74.894,
2,1,,,9.24186706542969,74.922,
2,1,,,9.24186706542969,74.95,
2,1,,,9.238433837890625,74.977,
2,1,,,9.238433837890625,75.005,
2,1,,,9.28001403808594,75.033,
2,1,,,9.275436401367188,75.061,
2,1,,,9.275436401367188,75.089,
2,1,,,9.296417236328125,75.116,
2,1,,,9.296417236328125,75.144,
2,1,,,9.292221069335938,75.172,
2,1,,,9.292221069335938,75.2,
2,1,,,9.279251098632812,75.228,
2,1,,,9.279251098632812,75.255,
2,1,,,9.300613403320312,75.283,
2,1,,,9.300613403320312,75.311,
2,1,,,9.259033203125002,75.339,
2,1,,,9.260940551757814,75.367,
2,1,,,9.260940551757814,75.395,
2,1,,,9.265518188476562,75.423,
2,1,,,9.265518188476562,75.45,
2,1,,,9.247589111328127,75.478,
2,1,,,9.247589111328127,75.506,
2,1,,,9.281158447265625,75.534,
2,1,,,9.281158447265625,75.562,
2,1,,,9.270095825195312,75.59,
2,1,,,9.274673461914062,75.618,
2,1,,,9.274673461914062,75.646,
2,1,,,9.311676025390625,75.674,
2,1,,,9.311676025390625,75.702,
2,1,,,9.292221069335938,75.73,
2,1,,,9.292221069335938,75.758,
2,1,,,9.296798706054688,75.785,
2,1,,,9.296798706054688,75.813,
2,1,,,9.295654296875,75.841,
2,1,,,9.250259399414062,75.869,
2,1,,,9.250259399414062,75.898,
2,1,,,9.291839599609375,75.926,
2,1,,,9.291839599609375,75.954,
2,1,,,9.244918823242188,75.982,
2,1,,,9.244918823242188,76.01,
2,1,,,9.24186706542969,76.038,
2,1,,,9.24186706542969,76.066,
2,1,,,9.267044067382812,76.094,
2,1,,,9.265899658203125,76.122,
2,1,,,9.265899658203125,76.15,
2,1,,,9.298324584960938,76.179,
2,1,,,9.298324584960938,76.207,
2,1,,,9.289932250976562,76.235,
2,1,,,9.289932250976562,76.263,
2,1,,,9.27581787109375,76.291,
2,1,,,9.27581787109375,76.319,
2,1,,,9.290695190429688,76.347,
2,1,,,9.26361083984375,76.375,
2,1,,,9.26361083984375,76.404,
2,1,,,9.282302856445312,76.432,
2,1,,,9.282302856445312,76.46,
2,1,,,9.260177612304688,76.489,
2,1,,,9.260177612304688,76.517,
2,1,,,9.238815307617188,76.545,
2,1,,,9.238815307617188,76.574,
2,1,,,9.267425537109375,76.602,
2,1,,,9.274673461914062,76.631,
2,1,,,9.274673461914062,76.659,
2,1,,,9.266281127929688,76.688,
2,1,,,9.266281127929688,76.717,
2,1,,,9.2987060546875,76.745,
2,1,,,9.2987060546875,76.774,
2,1,,,9.280776977539062,76.802,
2,1,,,9.2987060546875,76.831,
2,1,,,9.2987060546875,76.859,
2,1,,,9.289169311523438,76.888,
2,1,,,9.289169311523438,76.917,
2,1,,,9.259414672851562,76.945,
2,1,,,9.259414672851562,76.974,
2,1,,,9.273529052734375,77.002,
2,1,,,9.239959716796877,77.031,
2,1,,,9.239959716796877,77.059,
2,1,,,9.229660034179688,77.087,
2,1,,,9.229660034179688,77.116,
2,1,,,9.268569946289064,77.144,
2,1,,,9.268569946289064,77.172,
2,1,,,9.249114990234375,77.201,
2,1,,,9.249114990234375,77.229,
2,1,,,9.30290222167969,77.258,
2,1,,,9.289169311523438,77.286,
2,1,,,9.289169311523438,77.314,
2,1,,,9.2681884765625,77.342,
2,1,,,9.2681884765625,77.371,
2,1,,,9.303665161132812,77.399,
2,1,,,9.303665161132812,77.427,
2,1,,,9.263992309570312,77.456,
2,1,,,9.265899658203125,77.484,
2,1,,,9.265899658203125,77.512,
2,1,,,9.267425537109375,77.541,
2,1,,,9.267425537109375,77.57,
2,1,,,9.220504760742188,77.599,
2,1,,,9.220504760742188,77.627,
2,1,,,9.267425537109375,77.656,
2,1,,,9.267425537109375,77.685,
2,1,,,9.262466430664062,77.714,
2,1,,,9.263229370117188,77.742,
2,1,,,9.263229370117188,77.771,
2,1,,,9.291839599609375,77.799,
2,1,,,9.291839599609375,77.827,
2,1,,,9.265899658203125,77.856,
2,1,,,9.265899658203125,77.884,
2,1,,,9.302520751953125,77.913,
2,1,,,9.297180175781252,77.941,
2,1,,,9.297180175781252,77.97,
2,1,,,9.256362915039062,77.998,
2,1,,,9.256362915039062,78.027,
2,1,,,9.28764343261719,78.055,
2,1,,,9.28764343261719,78.084,
2,1,,,9.26055908203125,78.113,
2,1,,,9.242630004882812,78.142,
2,1,,,9.242630004882812,78.171,
2,1,,,9.257888793945312,78.199,
2,1,,,9.257888793945312,78.228,
2,1,,,9.247589111328127,78.257,
2,1,,,9.247589111328127,78.286,
2,1,,,9.279632568359375,78.314,
2,1,,,9.278106689453127,78.344,
2,1,,,9.278106689453127,78.373,
2,1,,,9.283447265625,78.402,
2,1,,,9.283447265625,78.431,
2,1,,,9.296035766601562,78.46,
2,1,,,9.296035766601562,78.489,
2,1,,,9.27734375,78.518,
2,1,,,9.288406372070312,78.546,
2,1,,,9.288406372070312,78.575,
2,1,,,9.293365478515627,78.604,
2,1,,,9.293365478515627,78.633,
2,1,,,9.2559814453125,78.661,
2,1,,,9.2559814453125,78.69,
2,1,,,9.26971435546875,78.719,
2,1,,,9.251022338867188,78.747,
2,1,,,9.251022338867188,78.776,
2,1,,,9.236526489257812,78.805,
2,1,,,9.236526489257812,78.833,
2,1,,,9.279632568359375,78.862,
2,1,,,9.279632568359375,78.891,
2,1,,,9.263992309570312,78.919,
2,1,,,9.263992309570312,78.948,
2,1,,,9.307479858398438,78.977,
2,1,,,9.304046630859375,79.006,
2,1,,,9.304046630859375,79.034,
2,1,,,9.281539916992188,79.063,
2,1,,,9.281539916992188,79.092,
2,1,,,9.301376342773438,79.121,
2,1,,,9.301376342773438,79.149,
2,1,,,9.2681884765625,79.178,
2,1,,,9.273529052734375,79.207,
2,1,,,9.273529052734375,79.235,
2,1,,,9.274291992187502,79.264,
2,1,,,9.274291992187502,79.293,
2,1,,,9.235382080078125,79.322,
2,1,,,9.235382080078125,79.351,
2,1,,,9.269332885742188,79.379,
2,1,,,9.246444702148438,79.408,
2,1,,,9.246444702148438,79.437,
2,1,,,9.23919677734375,79.466,
2,1,,,9.23919677734375,79.495,
2,1,,,9.278106689453127,79.523,
2,1,,,9.278106689453127,79.552,
2,1,,,9.270858764648438,79.581,
2,1,,,9.312057495117188,79.61,
2,1,,,9.312057495117188,79.639,
2,1,,,9.304046630859375,79.668,
2,1,,,9.304046630859375,79.697,
2,1,,,9.28497314453125,79.726,
2,1,,,9.28497314453125,79.755,
2,1,,,9.304428100585938,79.783,
2,1,,,9.276199340820314,79.812,
2,1,,,9.276199340820314,79.841,
2,1,,,9.2803955078125,79.87,
2,1,,,9.2803955078125,79.899,
2,1,,,9.27276611328125,79.928,
2,1,,,9.27276611328125,79.957,
2,1,,,9.24224853515625,79.986,
2,1,,,9.256362915039062,80.015,
2,1,,,9.256362915039062,80.044,
2,1,,,9.244918823242188,80.073,
2,1,,,9.244918823242188,80.102,
2,1,,,9.265899658203125,80.13,
2,1,,,9.265899658203125,80.159,
2,1,,,9.3017578125,80.188,
2,1,,,9.274291992187502,80.217,
2,1,,,9.274291992187502,80.246,
2,1,,,9.304428100585938,80.275,
2,1,,,9.304428100585938,80.304,
2,1,,,9.296417236328125,80.333,
2,1,,,9.296417236328125,80.362,
2,1,,,9.274673461914062,80.391,
2,1,,,9.285736083984377,80.42,
2,1,,,9.285736083984377,80.449,
2,1,,,9.262466430664062,80.478,
2,1,,,9.262466430664062,80.507,
2,1,,,9.253692626953125,80.537,
2,1,,,9.260177612304688,80.566,
2,1,,,9.260177612304688,80.595,
2,1,,,9.225845336914062,80.625,
2,1,,,9.225845336914062,80.654,
2,1,,,9.27276611328125,80.683,
2,1,,,9.27276611328125,80.712,
2,1,,,9.2803955078125,80.741,
2,1,,,9.270095825195312,80.771,
2,1,,,9.270095825195312,80.8,
2,1,,,9.302520751953125,80.83,
2,1,,,9.302520751953125,80.859,
2,1,,,9.279632568359375,80.888,
2,1,,,9.279632568359375,80.917,
2,1,,,9.292221069335938,80.946,
2,1,,,9.307098388671875,80.975,
2,1,,,9.307098388671875,81.005,
2,1,,,9.263229370117188,81.034,
2,1,,,9.263229370117188,81.063,
2,1,,,9.268569946289064,81.092,
2,1,,,9.236526489257812,81.122,
2,1,,,9.236526489257812,81.151,
2,1,,,9.244537353515625,81.18,
2,1,,,9.244537353515625,81.209,
2,1,,,9.26055908203125,81.238,
2,1,,,9.26055908203125,81.267,
2,1,,,9.246063232421875,81.296,
2,1,,,9.291839599609375,81.325,
2,1,,,9.291839599609375,81.354,
2,1,,,9.227371215820312,81.383,
2,1,,,9.227371215820312,81.412,
2,1,,,9.194564819335938,81.442,
2,1,,,9.194564819335938,81.471,
2,1,,,9.188079833984375,81.5,
2,1,,,9.197235107421875,81.528,
2,1,,,9.197235107421875,81.557,
2,1,,,9.191513061523438,81.587,
2,1,,,9.191513061523438,81.616,
2,1,,,9.184646606445314,81.645,
2,1,,,9.184646606445314,81.675,
2,1,,,9.19952392578125,81.704,
2,1,,,9.180068969726562,81.733,
2,1,,,9.180068969726562,81.763,
2,1,,,9.199142456054688,81.792,
2,1,,,9.199142456054688,81.821,
2,1,,,9.19647216796875,81.851,
2,1,,,9.18731689453125,81.88,
2,1,,,9.18731689453125,81.91,
2,1,,,9.198379516601562,81.939,
2,1,,,9.198379516601562,81.968,
2,1,,,9.18846130371094,81.998,
2,1,,,9.18846130371094,82.027,
2,1,,,9.190368652343752,82.057,
2,1,,,9.20257568359375,82.086,
2,1,,,9.20257568359375,82.115,
2,1,,,9.181594848632812,82.145,
2,1,,,9.181594848632812,82.174,
2,1,,,9.193801879882812,82.204,
2,1,,,9.189224243164062,82.233,
2,1,,,9.189224243164062,82.263,
2,1,,,9.176254272460938,82.292,
2,1,,,9.176254272460938,82.321,
2,1,,,9.202194213867188,82.351,
2,1,,,9.202194213867188,82.38,
2,1,,,9.185028076171875,82.41,
2,1,,,9.191131591796875,82.439,
2,1,,,9.191131591796875,82.469,
2,1,,,9.19189453125,82.498,
2,1,,,9.19189453125,82.528,
2,1,,,9.173583984375,82.557,
2,1,,,9.193801879882812,82.587,
2,1,,,9.193801879882812,82.616,
2,1,,,9.197235107421875,82.646,
2,1,,,9.197235107421875,82.676,
2,1,,,9.177017211914064,82.705,
2,1,,,9.177017211914064,82.735,
2,1,,,9.208297729492188,82.764,
2,1,,,9.178924560546877,82.795,
2,1,,,9.178924560546877,82.825,
2,1,,,9.18426513671875,82.854,
2,1,,,9.18426513671875,82.884,
2,1,,,9.2041015625,82.913,
2,1,,,9.184646606445314,82.943,
2,1,,,9.184646606445314,82.972,
2,1,,,9.188079833984375,83.002,
2,1,,,9.188079833984375,83.031,
2,1,,,9.182357788085938,83.06,
2,1,,,9.182357788085938,83.09,
2,1,,,9.177780151367188,83.119,
2,1,,,9.208297729492188,83.149,
2,1,,,9.208297729492188,83.178,
2,1,,,9.175872802734375,83.208,
2,1,,,9.175872802734375,83.237,
2,1,,,9.191513061523438,83.266,
2,1,,,9.197998046875002,83.296,
2,1,,,9.197998046875002,83.325,
2,1,,,9.18121337890625,83.355,
2,1,,,9.18121337890625,83.385,
2,1,,,9.192657470703125,83.415,
2,1,,,9.175109863281252,83.444,
2,1,,,9.175109863281252,83.474,
2,1,,,9.191131591796875,83.503,
2,1,,,9.191131591796875,83.533,
2,1,,,9.198760986328125,83.562,
2,1,,,9.198760986328125,83.592,
2,1,,,9.177017211914064,83.622,
2,1,,,9.1949462890625,83.651,
2,1,,,9.1949462890625,83.681,
2,1,,,9.18731689453125,83.71,
2,1,,,9.18731689453125,83.74,
2,1,,,9.18121337890625,83.769,
2,1,,,9.2010498046875,83.799,
2,2,,,5.6797027587890625,83.856,
2,2,,,5.6797027587890625,83.883,
2,2,,,8.47892761230469,83.91,
2,2,,,8.47892761230469,83.937,
2,2,,,8.472442626953125,83.964,
2,2,,,8.472442626953125,83.991,
2,2,,,8.487701416015625,84.019,
2,2,,,8.487701416015625,84.046,
2,2,,,8.49761962890625,84.073,
2,2,,,8.49761962890625,84.1,
2,2,,,8.477783203125,84.128,
2,2,,,8.475494384765625,84.155,
2,2,,,8.475494384765625,84.182,
2,2,,,8.484268188476562,84.21,
2,2,,,8.484268188476562,84.237,
2,2,,,8.480072021484375,84.265,
2,2,,,8.480072021484375,84.292,
2,2,,,8.48541259765625,84.32,
2,2,,,8.48541259765625,84.347,
2,2,,,8.48236083984375,84.374,
2,2,,,8.48236083984375,84.402,
2,2,,,8.47625732421875,84.429,
2,2,,,8.495712280273438,84.457,
2,2,,,8.495712280273438,84.484,
2,2,,,8.484268188476562,84.512,
2,2,,,8.484268188476562,84.539,
2,2,,,8.493423461914062,84.567,
2,2,,,8.493423461914062,84.594,
2,2,,,8.49151611328125,84.622,
2,2,,,8.49151611328125,84.649,
2,2,,,8.50181579589844,84.677,
2,2,,,8.50181579589844,84.704,
2,2,,,8.491897583007812,84.732,
2,2,,,8.4869384765625,84.76,
2,2,,,8.4869384765625,84.787,
2,2,,,8.492279052734377,84.815,
2,2,,,8.492279052734377,84.842,
2,2,,,8.49151611328125,84.87,
2,2,,,8.49151611328125,84.898,
2,2,,,8.494949340820312,84.925,
2,2,,,8.494949340820312,84.953,
2,2,,,8.510589599609375,84.981,
2,2,,,8.510589599609375,85.008,
2,2,,,8.493423461914062,85.036,
2,2,,,8.498001098632814,85.064,
2,2,,,8.498001098632814,85.091,
2,2,,,8.503341674804688,85.119,
2,2,,,8.503341674804688,85.147,
2,2,,,8.488845825195312,85.174,
2,2,,,8.488845825195312,85.202,
2,2,,,8.481216430664062,85.23,
2,2,,,8.481216430664062,85.257,
2,2,,,8.4869384765625,85.285,
2,2,,,8.4869384765625,85.313,
2,2,,,8.478546142578125,85.341,
2,2,,,8.483123779296875,85.368,
2,2,,,8.483123779296875,85.396,
2,2,,,8.484268188476562,85.424,
2,2,,,8.484268188476562,85.452,
2,2,,,8.486175537109375,85.479,
2,2,,,8.486175537109375,85.507,
2,2,,,8.477401733398438,85.535,
2,2,,,8.477401733398438,85.563,
2,2,,,8.488082885742188,85.59,
2,2,,,8.48655700683594,85.618,
2,2,,,8.48655700683594,85.646,
2,2,,,8.47930908203125,85.674,
2,2,,,8.47930908203125,85.702,
2,2,,,8.49418640136719,85.729,
2,2,,,8.49418640136719,85.757,
2,2,,,8.495712280273438,85.785,
2,2,,,8.495712280273438,85.813,
2,2,,,8.48541259765625,85.841,
2,2,,,8.48541259765625,85.869,
2,2,,,8.483123779296875,85.896,
2,2,,,8.475875854492188,85.924,
2,2,,,8.475875854492188,85.952,
2,2,,,8.482742309570314,85.98,
2,2,,,8.482742309570314,86.008,
2,2,,,8.49151611328125,86.036,
2,2,,,8.49151611328125,86.064,
2,2,,,8.495330810546875,86.091,
2,2,,,8.495330810546875,86.119,
2,2,,,8.488082885742188,86.147,
2,2,,,8.513641357421875,86.175,
2,2,,,8.513641357421875,86.203,
2,2,,,8.489990234375,86.231,
2,2,,,8.489990234375,86.259,
2,2,,,8.473205566406252,86.287,
2,2,,,8.473205566406252,86.315,
2,2,,,8.502197265625,86.343,
2,2,,,8.502197265625,86.37,
2,2,,,8.489990234375,86.398,
2,2,,,8.488845825195312,86.426,
2,2,,,8.488845825195312,86.454,
2,2,,,8.485031127929688,86.482,
2,2,,,8.485031127929688,86.51,
2,2,,,8.492279052734377,86.538,
2,2,,,8.492279052734377,86.566,
2,2,,,8.483505249023438,86.594,
2,2,,,8.483505249023438,86.622,
2,2,,,8.493804931640625,86.65,
2,2,,,8.496856689453125,86.678,
2,2,,,8.496856689453125,86.706,
2,2,,,8.474349975585938,86.734,
2,2,,,8.474349975585938,86.762,
2,2,,,8.502197265625,86.79,
2,2,,,8.502197265625,86.818,
2,2,,,8.491897583007812,86.846,
2,2,,,8.491897583007812,86.874,
2,2,,,8.489990234375,86.902,
2,2,,,8.487701416015625,86.93,
2,2,,,8.487701416015625,86.958,
2,2,,,8.488082885742188,86.986,
2,2,,,8.488082885742188,87.014,
2,2,,,8.489227294921875,87.042,
2,2,,,8.489227294921875,87.07,
2,2,,,8.486175537109375,87.099,
2,2,,,8.486175537109375,87.127,
2,2,,,8.487319946289062,87.156,
2,2,,,8.496093750000002,87.184,
2,2,,,8.496093750000002,87.212,
2,2,,,8.487319946289062,87.24,
2,2,,,8.487319946289062,87.268,
2,2,,,8.49151611328125,87.296,
2,2,,,8.49151611328125,87.325,
2,2,,,8.49761962890625,87.353,
2,2,,,8.49761962890625,87.381,
2,2,,,8.503723144531252,87.409,
2,2,,,8.490371704101564,87.438,
2,2,,,8.490371704101564,87.466,
2,2,,,8.495330810546875,87.494,
2,2,,,8.495330810546875,87.522,
2,2,,,8.498001098632814,87.55,
2,2,,,8.498001098632814,87.578,
2,2,,,8.494949340820312,87.607,
2,2,,,8.494949340820312,87.635,
2,2,,,8.503341674804688,87.663,
2,2,,,8.47930908203125,87.691,
2,2,,,8.47930908203125,87.72,
2,2,,,8.490371704101564,87.748,
2,2,,,8.490371704101564,87.776,
2,2,,,8.500289916992188,87.804,
2,2,,,8.500289916992188,87.833,
2,2,,,8.503341674804688,87.861,
2,2,,,8.487319946289062,87.889,
2,2,,,8.487319946289062,87.918,
2,2,,,8.484268188476562,87.946,
2,2,,,8.484268188476562,87.974,
2,2,,,8.498382568359375,88.003,
2,2,,,8.498382568359375,88.031,
2,2,,,8.489990234375,88.059,
2,2,,,8.489990234375,88.088,
2,2,,,8.499908447265627,88.116,
2,2,,,8.49761962890625,88.144,
2,2,,,8.49761962890625,88.173,
2,2,,,8.4930419921875,88.201,
2,2,,,8.4930419921875,88.23,
2,2,,,8.506393432617188,88.258,
2,2,,,8.506393432617188,88.286,
2,2,,,8.495712280273438,88.315,
2,2,,,8.495712280273438,88.343,
2,2,,,8.496475219726562,88.371,
2,2,,,8.504104614257812,88.4,
2,2,,,8.504104614257812,88.428,
2,2,,,8.483505249023438,88.457,
2,2,,,8.483505249023438,88.485,
2,2,,,8.5052490234375,88.514,
2,2,,,8.5052490234375,88.542,
2,2,,,8.497238159179688,88.57,
2,2,,,8.483123779296875,88.599,
2,2,,,8.483123779296875,88.627,
2,2,,,8.495330810546875,88.656,
2,2,,,8.495330810546875,88.684,
2,2,,,8.50181579589844,88.713,
2,2,,,8.50181579589844,88.741,
2,2,,,8.513641357421875,88.77,
2,2,,,8.513641357421875,88.798,
2,2,,,8.487319946289062,88.827,
2,2,,,8.502960205078125,88.855,
2,2,,,8.502960205078125,88.884,
2,2,,,8.488845825195312,88.912,
2,2,,,8.488845825195312,88.941,
2,2,,,8.50181579589844,88.969,
2,2,,,8.50181579589844,88.998,
2,2,,,8.492279052734377,89.026,
2,2,,,8.491134643554688,89.055,
2,2,,,8.491134643554688,89.083,
2,2,,,8.4869384765625,89.112,
2,2,,,8.4869384765625,89.14,
2,2,,,8.501052856445312,89.169,
2,2,,,8.501052856445312,89.198,
2,2,,,8.489227294921875,89.226,
2,2,,,8.48541259765625,89.255,
2,2,,,8.48541259765625,89.283,
2,2,,,8.509063720703125,89.312,
2,2,,,8.509063720703125,89.34,
2,2,,,8.505630493164064,89.369,
2,2,,,8.505630493164064,89.397,
2,2,,,8.488464355468752,89.426,
2,2,,,8.488464355468752,89.455,
2,2,,,8.499526977539062,89.483,
2,2,,,8.48655700683594,89.512,
2,2,,,8.48655700683594,89.54,
2,2,,,8.496093750000002,89.569,
2,2,,,8.496093750000002,89.598,
2,2,,,8.499526977539062,89.626,
2,2,,,8.499526977539062,89.655,
2,2,,,8.491134643554688,89.684,
2,2,,,8.502197265625,89.713,
2,2,,,8.502197265625,89.742,
2,2,,,8.502578735351562,89.771,
2,2,,,8.502578735351562,89.8,
2,2,,,8.503723144531252,89.828,
2,2,,,8.503723144531252,89.857,
2,2,,,8.49151611328125,89.886,
2,2,,,8.5052490234375,89.915,
2,2,,,8.5052490234375,89.944,
2,2,,,8.475875854492188,89.972,
2,2,,,8.475875854492188,90.001,
2,2,,,8.49418640136719,90.03,
2,2,,,8.49418640136719,90.059,
2,2,,,8.489608764648438,90.087,
2,2,,,8.489608764648438,90.116,
2,2,,,8.489608764648438,90.145,
2,2,,,8.50830078125,90.174,
2,2,,,8.50830078125,90.203,
2,2,,,8.48541259765625,90.231,
2,2,,,8.48541259765625,90.26,
2,2,,,8.489990234375,90.289,
2,2,,,8.490753173828125,90.318,
2,2,,,8.490753173828125,90.347,
2,2,,,8.495330810546875,90.376,
2,2,,,8.495330810546875,90.406,
2,2,,,8.491897583007812,90.434,
2,2,,,8.491897583007812,90.463,
2,2,,,8.498764038085938,90.491,
2,2,,,8.48541259765625,90.52,
2,2,,,8.48541259765625,90.549,
2,2,,,8.498382568359375,90.578,
2,2,,,8.498382568359375,90.607,
2,2,,,8.488464355468752,90.636,
2,2,,,8.488464355468752,90.665,
2,2,,,8.49456787109375,90.694,
2,2,,,8.506393432617188,90.723,
2,2,,,8.506393432617188,90.752,
2,2,,,8.49761962890625,90.781,
2,2,,,8.49761962890625,90.81,
2,2,,,8.492660522460938,90.839,
2,2,,,8.492660522460938,90.869,
2,2,,,8.480072021484375,90.898,
2,2,,,8.502578735351562,90.927,
2,2,,,8.502578735351562,90.957,
2,2,,,8.496475219726562,90.986,
2,2,,,8.496475219726562,91.016,
2,2,,,8.472442626953125,91.045,
2,2,,,8.4991455078125,91.074,
2,2,,,8.4991455078125,91.103,
2,3,,,8.781051635742188,91.239,
2,3,,,8.781051635742188,91.266,
2,3,,,9.319686889648438,91.293,
2,3,,,9.319686889648438,91.32,
2,3,,,9.325027465820312,91.347,
2,3,,,9.325027465820312,91.374,
2,3,,,9.335327148437502,91.402,
2,3,,,9.3536376953125,91.429,
2,3,,,9.3536376953125,91.456,
2,3,,,9.360885620117188,91.484,
2,3,,,9.360885620117188,91.511,
2,3,,,9.347915649414062,91.539,
2,3,,,9.347915649414062,91.566,
2,3,,,9.354019165039062,91.593,
2,3,,,9.354019165039062,91.621,
2,3,,,9.360504150390625,91.648,
2,3,,,9.360504150390625,91.675,
2,3,,,9.355545043945312,91.703,
2,3,,,9.365844726562502,91.73,
2,3,,,9.365844726562502,91.757,
2,3,,,9.342193603515625,91.785,
2,3,,,9.342193603515625,91.812,
2,3,,,9.332656860351562,91.84,
2,3,,,9.332656860351562,91.867,
2,3,,,9.326171875,91.895,
2,3,,,9.326171875,91.923,
2,3,,,9.320831298828125,91.951,
2,3,,,9.320831298828125,91.978,
2,3,,,9.311676025390625,92.006,
2,3,,,9.323501586914062,92.034,
2,3,,,9.323501586914062,92.062,
2,3,,,9.320449829101562,92.089,
2,3,,,9.320449829101562,92.117,
2,3,,,9.32159423828125,92.145,
2,3,,,9.32159423828125,92.173,
2,3,,,9.329605102539064,92.201,
2,3,,,9.329605102539064,92.228,
2,3,,,9.317779541015625,92.256,
2,3,,,9.317779541015625,92.284,
2,3,,,9.31816101074219,92.311,
2,3,,,9.312438964843752,92.339,
2,3,,,9.312438964843752,92.367,
2,3,,,9.3231201171875,92.394,
2,3,,,9.3231201171875,92.422,
2,3,,,9.3231201171875,92.45,
2,3,,,9.3231201171875,92.477,
2,3,,,9.307861328125,92.505,
2,3,,,9.307861328125,92.533,
2,3,,,9.31854248046875,92.561,
2,3,,,9.331130981445312,92.589,
2,3,,,9.331130981445312,92.617,
2,3,,,9.381103515625002,92.646,
2,3,,,9.381103515625002,92.674,
2,3,,,9.393692016601562,92.702,
2,3,,,9.393692016601562,92.73,
2,3,,,9.400558471679688,92.758,
2,3,,,9.400558471679688,92.786,
2,3,,,9.413146972656252,92.814,
2,3,,,9.405517578125002,92.842,
2,3,,,9.405517578125002,92.87,
2,3,,,9.413146972656252,92.898,
2,3,,,9.413146972656252,92.926,
2,3,,,9.389114379882812,92.953,
2,3,,,9.389114379882812,92.981,
2,3,,,9.397506713867188,93.009,
2,3,,,9.397506713867188,93.037,
2,3,,,9.40208435058594,93.065,
2,3,,,9.401702880859377,93.093,
2,3,,,9.401702880859377,93.121,
2,3,,,9.3994140625,93.149,
2,3,,,9.3994140625,93.177,
2,3,,,9.40093994140625,93.205,
2,3,,,9.40093994140625,93.233,
2,3,,,9.401702880859377,93.261,
2,3,,,9.401702880859377,93.289,
2,3,,,8.656692504882812,93.317,
2,3,,,8.324050903320312,93.345,
2,3,,,8.324050903320312,93.374,
2,3,,,8.313369750976562,93.402,
2,3,,,8.313369750976562,93.43,
2,3,,,8.331298828125,93.458,
2,3,,,8.331298828125,93.486,
2,3,,,8.319854736328125,93.514,
2,3,,,8.319854736328125,93.543,
2,3,,,8.324432373046877,93.571,
2,3,,,8.331298828125,93.599,
2,3,,,8.331298828125,93.627,
2,3,,,8.336257934570312,93.655,
2,3,,,8.336257934570312,93.683,
2,3,,,8.313369750976562,93.711,
2,3,,,8.313369750976562,93.739,
2,3,,,8.336639404296875,93.768,
2,3,,,8.336639404296875,93.796,
2,3,,,8.342361450195312,93.824,
2,3,,,8.329010009765625,93.852,
2,3,,,8.329010009765625,93.88,
2,3,,,8.330154418945314,93.908,
2,3,,,8.330154418945314,93.936,
2,3,,,8.32633972167969,93.965,
2,3,,,8.32633972167969,93.993,
2,3,,,8.332443237304688,94.021,
2,3,,,8.332443237304688,94.049,
2,3,,,8.32672119140625,94.077,
2,3,,,8.330154418945314,94.106,
2,3,,,8.330154418945314,94.134,
2,3,,,8.332061767578127,94.162,
2,3,,,8.332061767578127,94.19,
2,3,,,8.343887329101562,94.218,
2,3,,,8.343887329101562,94.247,
2,3,,,8.327102661132812,94.275,
2,3,,,8.327102661132812,94.303,
2,3,,,8.325576782226562,94.332,
2,3,,,8.338546752929688,94.36,
2,3,,,8.338546752929688,94.389,
2,3,,,8.328247070312502,94.417,
2,3,,,8.328247070312502,94.446,
2,3,,,8.340072631835938,94.474,
2,3,,,8.340072631835938,94.503,
2,3,,,8.317947387695312,94.531,
2,3,,,8.3465576171875,94.559,
2,3,,,8.3465576171875,94.588,
2,3,,,8.33282470703125,94.616,
2,3,,,8.33282470703125,94.645,
2,3,,,8.312225341796875,94.673,
2,3,,,8.312225341796875,94.701,
2,3,,,8.317184448242188,94.73,
2,3,,,8.317184448242188,94.758,
2,3,,,8.323287963867188,94.786,
2,3,,,8.33892822265625,94.815,
2,3,,,8.33892822265625,94.843,
2,3,,,8.33740234375,94.871,
2,3,,,8.33740234375,94.899,
2,3,,,8.31756591796875,94.927,
2,3,,,8.31756591796875,94.955,
2,3,,,8.324432373046877,94.983,
2,3,,,8.324432373046877,95.011,
2,3,,,8.325576782226562,95.039,
2,3,,,8.321380615234375,95.068,
2,3,,,8.321380615234375,95.096,
2,3,,,8.319473266601562,95.124,
2,3,,,8.319473266601562,95.152,
2,3,,,8.339309692382812,95.18,
2,3,,,8.339309692382812,95.208,
2,3,,,8.32977294921875,95.236,
2,3,,,8.327865600585938,95.265,
2,3,,,8.327865600585938,95.294,
2,3,,,8.333206176757812,95.322,
2,3,,,8.333206176757812,95.351,
2,3,,,8.329010009765625,95.379,
2,3,,,8.329010009765625,95.408,
2,3,,,8.331680297851562,95.436,
2,3,,,8.331680297851562,95.465,
2,3,,,8.319854736328125,95.493,
2,3,,,8.305358886718752,95.522,
2,3,,,8.305358886718752,95.551,
2,3,,,8.319473266601562,95.58,
2,3,,,8.319473266601562,95.609,
2,3,,,8.332061767578127,95.638,
2,3,,,8.332061767578127,95.666,
2,3,,,8.308029174804688,95.695,
2,3,,,8.328628540039062,95.725,
2,3,,,8.328628540039062,95.754,
2,3,,,8.340835571289062,95.783,
2,3,,,8.340835571289062,95.812,
2,3,,,8.331298828125,95.841,
2,3,,,8.331298828125,95.87,
2,3,,,8.336639404296875,95.899,
2,3,,,8.336257934570312,95.928,
2,3,,,8.336257934570312,95.957,
2,3,,,8.330535888671875,95.986,
2,3,,,8.330535888671875,96.015,
2,3,,,8.329010009765625,96.044,
2,3,,,8.329010009765625,96.072,
2,3,,,8.333206176757812,96.101,
2,3,,,8.336639404296875,96.13,
2,3,,,8.336639404296875,96.158,
2,3,,,8.334732055664062,96.187,
2,3,,,8.334732055664062,96.216,
2,3,,,8.31756591796875,96.244,
2,3,,,8.31756591796875,96.273,
2,3,,,8.322906494140625,96.302,
2,3,,,8.318328857421875,96.331,
2,3,,,8.318328857421875,96.359,
2,3,,,8.323287963867188,96.388,
2,3,,,8.323287963867188,96.417,
2,3,,,8.312988281250002,96.446,
2,3,,,8.312988281250002,96.474,
2,3,,,8.323287963867188,96.503,
2,3,,,8.321380615234375,96.532,
2,3,,,8.321380615234375,96.561,
2,3,,,8.3404541015625,96.59,
2,3,,,8.3404541015625,96.619,
2,3,,,8.338546752929688,96.648,
2,3,,,8.338546752929688,96.677,
2,3,,,8.318328857421875,96.706,
2,3,,,8.327484130859375,96.735,
2,3,,,8.327484130859375,96.765,
2,3,,,8.331680297851562,96.793,
2,3,,,8.331680297851562,96.822,
2,3,,,8.317184448242188,96.851,
2,3,,,8.317184448242188,96.88,
2,3,,,8.32633972167969,96.909,
2,3,,,8.322906494140625,96.938,
2,3,,,8.322906494140625,96.967,
2,3,,,8.325958251953125,96.996,
2,3,,,8.325958251953125,97.025,
2,3,,,8.349609375,97.054,
2,3,,,8.32977294921875,97.083,
2,3,,,8.32977294921875,97.112,
2,3,,,8.324813842773438,97.141,
2,3,,,8.324813842773438,97.17,
2,4,,,8.77685546875,97.279,
2,4,,,8.916091918945312,97.306,
2,4,,,8.916091918945312,97.333,
2,4,,,9.466171264648438,97.36,
2,4,,,9.458923339843752,97.387,
2,4,,,9.458923339843752,97.415,
2,4,,,9.465789794921875,97.442,
2,4,,,9.465789794921875,97.469,
2,4,,,9.471511840820312,97.497,
2,4,,,9.471511840820312,97.524,
2,4,,,9.453582763671877,97.551,
2,4,,,9.453582763671877,97.579,
2,4,,,9.474563598632814,97.606,
2,4,,,9.474563598632814,97.633,
2,4,,,9.468460083007814,97.661,
2,4,,,9.468460083007814,97.688,
2,4,,,9.470367431640627,97.716,
2,4,,,9.474563598632814,97.743,
2,4,,,9.474563598632814,97.77,
2,4,,,9.458160400390625,97.798,
2,4,,,9.458160400390625,97.825,
2,4,,,9.462738037109377,97.853,
2,4,,,9.462738037109377,97.88,
2,4,,,9.466171264648438,97.907,
2,4,,,9.466171264648438,97.935,
2,4,,,9.459304809570314,97.962,
2,4,,,9.459304809570314,97.99,
2,4,,,9.4635009765625,98.017,
2,4,,,9.47837829589844,98.045,
2,4,,,9.47837829589844,98.072,
2,4,,,9.459304809570314,98.1,
2,4,,,9.459304809570314,98.127,
2,4,,,9.461593627929688,98.155,
2,4,,,9.461593627929688,98.182,
2,4,,,9.459304809570314,98.21,
2,4,,,9.459304809570314,98.237,
2,4,,,9.470367431640627,98.265,
2,4,,,9.470367431640627,98.293,
2,4,,,9.47074890136719,98.32,
2,4,,,9.469223022460938,98.348,
2,4,,,9.469223022460938,98.375,
2,4,,,9.462738037109377,98.403,
2,4,,,9.462738037109377,98.431,
2,4,,,9.468841552734377,98.458,
2,4,,,9.468841552734377,98.486,
2,4,,,9.467315673828125,98.514,
2,4,,,9.467315673828125,98.541,
2,4,,,9.464263916015625,98.569,
2,4,,,9.464263916015625,98.597,
2,4,,,9.469223022460938,98.625,
2,4,,,9.4635009765625,98.652,
2,4,,,9.4635009765625,98.68,
2,4,,,9.465026855468752,98.708,
2,4,,,9.465026855468752,98.735,
2,4,,,9.466552734375002,98.763,
2,4,,,9.466552734375002,98.791,
2,4,,,9.471511840820312,98.818,
2,4,,,9.471511840820312,98.846,
2,4,,,9.465789794921875,98.874,
2,4,,,9.473037719726562,98.901,
2,4,,,9.473037719726562,98.929,
2,4,,,9.458160400390625,98.957,
2,4,,,9.458160400390625,98.985,
2,4,,,9.465026855468752,99.012,
2,4,,,9.465026855468752,99.04,
2,4,,,9.465026855468752,99.068,
2,4,,,9.465026855468752,99.096,
2,4,,,9.462738037109377,99.123,
2,4,,,9.462738037109377,99.151,
2,4,,,9.474945068359375,99.179,
2,4,,,9.47227478027344,99.207,
2,4,,,9.47227478027344,99.235,
2,4,,,9.468460083007814,99.262,
2,4,,,9.468460083007814,99.29,
2,4,,,9.479141235351562,99.318,
2,4,,,9.479141235351562,99.346,
2,4,,,9.46311950683594,99.374,
2,4,,,9.46311950683594,99.401,
2,4,,,9.457397460937502,99.429,
2,4,,,9.472656250000002,99.457,
2,4,,,9.472656250000002,99.485,
2,4,,,9.473037719726562,99.513,
2,4,,,9.473037719726562,99.541,
2,4,,,9.466171264648438,99.569,
2,4,,,9.466171264648438,99.597,
2,4,,,9.467697143554688,99.625,
2,4,,,9.467697143554688,99.653,
2,4,,,9.474182128906252,99.681,
2,4,,,9.474182128906252,99.709,
2,4,,,9.465026855468752,99.737,
2,4,,,9.471511840820312,99.765,
2,4,,,9.471511840820312,99.793,
2,4,,,9.466934204101564,99.821,
2,4,,,9.466934204101564,99.849,
2,4,,,9.456634521484375,99.877,
2,4,,,9.456634521484375,99.905,
2,4,,,9.476852416992188,99.933,
2,4,,,9.476852416992188,99.961,
2,4,,,9.4635009765625,99.989,
2,4,,,9.461593627929688,100.017,
2,4,,,9.461593627929688,100.045,
2,4,,,9.460830688476564,100.073,
2,4,,,9.460830688476564,100.101,
2,4,,,9.468841552734377,100.129,
2,4,,,9.468841552734377,100.158,
2,4,,,9.467315673828125,100.186,
2,4,,,9.467315673828125,100.214,
2,4,,,9.467697143554688,100.242,
2,4,,,9.462356567382812,100.27,
2,4,,,9.462356567382812,100.298,
2,4,,,9.471511840820312,100.326,
2,4,,,9.471511840820312,100.354,
2,4,,,9.4696044921875,100.382,
2,4,,,9.4696044921875,100.41,
2,4,,,9.456253051757812,100.438,
2,4,,,9.456253051757812,100.466,
2,4,,,9.4696044921875,100.494,
2,4,,,9.461212158203127,100.522,
2,4,,,9.461212158203127,100.55,
2,4,,,9.47074890136719,100.578,
2,4,,,9.47074890136719,100.606,
2,4,,,9.473800659179688,100.634,
2,4,,,9.473800659179688,100.663,
2,4,,,9.477996826171877,100.691,
2,4,,,9.477996826171877,100.719,
2,4,,,9.461212158203127,100.747,
2,4,,,9.47113037109375,100.775,
2,4,,,9.47113037109375,100.804,
2,4,,,9.468460083007814,100.832,
2,4,,,9.468460083007814,100.86,
2,4,,,9.468841552734377,100.888,
2,4,,,9.468841552734377,100.917,
2,4,,,9.46807861328125,100.945,
2,4,,,9.468460083007814,100.973,
2,4,,,9.468460083007814,101.002,
2,4,,,9.456634521484375,101.03,
2,4,,,9.456634521484375,101.058,
2,4,,,9.467697143554688,101.086,
2,4,,,9.467697143554688,101.115,
2,4,,,9.466552734375002,101.143,
2,4,,,9.466552734375002,101.171,
2,4,,,9.467697143554688,101.2,
2,4,,,9.463882446289062,101.228,
2,4,,,9.463882446289062,101.256,
0,0,,,,,7277769
0,1,,,,,5958116
0,2,,,,,3994389
0,3,,,,,10393450
0,4,,,,,7275815
1,0,,,,,5957304
1,1,,,,,3993670
1,2,,,,,10394100
1,3,,,,,7275370
1,4,,,,,5956070
2,0,,,,,3993884
2,1,,,,,10393285
2,2,,,,,7276705
2,3,,,,,5957085
2,4,,,,,3993205
