iteration_num,expe_num,validation_result,clock_freq,current_sample,current_timestamp,timing_sample
0,0,,,10.421371459960938,0.001,
0,0,,,10.421371459960938,0.028,
0,0,,,2.9266357421875,0.055,
0,0,,,2.9266357421875,0.083,
0,0,,,2.175140380859375,0.11,
0,0,,,2.175140380859375,0.137,
0,0,,,2.1694183349609375,0.165,
0,0,,,2.1816253662109375,0.192,
0,0,,,2.1816253662109375,0.219,
0,0,,,2.19879150390625,0.246,
0,0,,,2.19879150390625,0.274,
0,0,,,2.160263061523438,0.301,
0,0,,,2.160263061523438,0.329,
0,0,,,2.1656036376953125,0.356,
0,0,,,2.1656036376953125,0.384,
0,0,,,2.1621704101562504,0.411,
0,0,,,2.1621704101562504,0.439,
0,0,,,2.1480560302734375,0.466,
0,0,,,2.171707153320313,0.494,
0,0,,,2.171707153320313,0.521,
0,0,,,2.20489501953125,0.549,
0,0,,,2.20489501953125,0.576,
0,0,,,2.1610260009765625,0.603,
0,0,,,2.1610260009765625,0.631,
0,0,,,2.169036865234375,0.658,
0,0,,,2.169036865234375,0.686,
0,0,,,2.2155761718750004,0.714,
0,0,,,2.2155761718750004,0.741,
0,0,,,2.1778106689453125,0.769,
0,0,,,2.1778106689453125,0.796,
0,0,,,2.171707153320313,0.824,
0,0,,,2.161407470703125,0.851,
0,0,,,2.161407470703125,0.879,
0,0,,,2.2029876708984375,0.906,
0,0,,,2.2029876708984375,0.934,
0,0,,,2.141189575195313,0.962,
0,0,,,2.141189575195313,0.989,
0,0,,,2.15606689453125,1.017,
0,0,,,2.15606689453125,1.045,
0,0,,,2.1785736083984375,1.072,
0,0,,,2.1884918212890625,1.1,
0,0,,,2.1884918212890625,1.127,
0,0,,,2.216339111328125,1.155,
0,0,,,2.216339111328125,1.183,
0,0,,,2.1808624267578125,1.21,
0,0,,,2.1808624267578125,1.238,
0,0,,,2.1770477294921875,1.266,
0,0,,,2.1770477294921875,1.294,
0,0,,,2.1656036376953125,1.321,
0,0,,,2.1656036376953125,1.349,
0,0,,,2.184295654296875,1.377,
0,0,,,2.199554443359375,1.404,
0,0,,,2.199554443359375,1.432,
0,0,,,2.202224731445313,1.459,
0,0,,,2.202224731445313,1.487,
0,0,,,2.202606201171875,1.515,
0,0,,,2.202606201171875,1.542,
0,0,,,2.18353271484375,1.57,
0,0,,,2.18353271484375,1.598,
0,0,,,2.164077758789063,1.625,
0,0,,,2.164077758789063,1.653,
0,0,,,2.2075653076171875,1.681,
0,0,,,2.194595336914063,1.709,
0,0,,,2.194595336914063,1.736,
0,0,,,2.2068023681640625,1.764,
0,0,,,2.2068023681640625,1.792,
0,0,,,2.19573974609375,1.82,
0,0,,,2.19573974609375,1.847,
0,0,,,2.2041320800781254,1.875,
0,0,,,2.2041320800781254,1.903,
0,0,,,2.2014617919921875,1.931,
0,0,,,2.172088623046875,1.959,
0,0,,,2.172088623046875,1.987,
0,0,,,2.1846771240234375,2.015,
0,0,,,2.1846771240234375,2.042,
0,0,,,2.1625518798828125,2.07,
0,0,,,2.1625518798828125,2.098,
0,0,,,2.185821533203125,2.126,
0,0,,,2.185821533203125,2.154,
0,0,,,2.18048095703125,2.182,
0,0,,,2.18048095703125,2.209,
0,0,,,2.1778106689453125,2.237,
0,0,,,2.19879150390625,2.265,
0,0,,,2.19879150390625,2.293,
0,0,,,2.221298217773438,2.321,
0,0,,,2.221298217773438,2.349,
0,0,,,2.1839141845703125,2.377,
0,0,,,2.1839141845703125,2.405,
0,0,,,2.202224731445313,2.433,
0,0,,,2.202224731445313,2.46,
0,0,,,2.1656036376953125,2.488,
0,0,,,2.1686553955078125,2.516,
0,0,,,2.1686553955078125,2.544,
0,0,,,2.210235595703125,2.572,
0,0,,,2.210235595703125,2.6,
0,0,,,2.179336547851563,2.628,
0,0,,,2.179336547851563,2.656,
0,0,,,2.1583557128906254,2.684,
0,0,,,2.1583557128906254,2.712,
0,0,,,2.153778076171875,2.74,
0,0,,,2.1625518798828125,2.767,
0,0,,,2.1625518798828125,2.795,
0,0,,,2.166748046875,2.823,
0,0,,,2.166748046875,2.851,
0,0,,,2.1739959716796875,2.879,
0,0,,,2.1739959716796875,2.908,
0,0,,,2.1877288818359375,2.936,
0,0,,,2.1877288818359375,2.964,
0,0,,,2.1396636962890625,2.992,
0,0,,,2.1663665771484375,3.02,
0,0,,,2.1663665771484375,3.048,
0,0,,,2.2182464599609375,3.076,
0,0,,,2.2182464599609375,3.104,
0,0,,,2.155303955078125,3.132,
0,0,,,2.155303955078125,3.16,
0,0,,,2.1915435791015625,3.188,
0,0,,,2.1915435791015625,3.216,
0,0,,,2.178955078125,3.244,
0,0,,,2.1808624267578125,3.272,
0,0,,,2.1808624267578125,3.301,
0,0,,,2.19573974609375,3.329,
0,0,,,2.19573974609375,3.357,
0,0,,,2.186965942382813,3.385,
0,0,,,2.186965942382813,3.413,
0,0,,,2.15301513671875,3.441,
0,0,,,2.15301513671875,3.469,
0,0,,,2.1507263183593754,3.497,
0,0,,,2.1575927734375,3.525,
0,0,,,2.1575927734375,3.554,
0,0,,,2.1289825439453125,3.582,
0,0,,,2.1289825439453125,3.61,
0,0,,,2.1648406982421875,3.638,
0,0,,,2.1648406982421875,3.666,
0,0,,,2.1930694580078125,3.694,
0,0,,,2.1930694580078125,3.723,
0,0,,,2.156829833984375,3.751,
0,0,,,2.166748046875,3.779,
0,0,,,2.166748046875,3.807,
0,0,,,2.184295654296875,3.836,
0,0,,,2.184295654296875,3.864,
0,0,,,2.166748046875,3.892,
0,0,,,2.166748046875,3.92,
0,0,,,2.167510986328125,3.948,
0,0,,,2.167510986328125,3.977,
0,0,,,2.1541595458984375,4.005,
0,0,,,2.1633148193359375,4.033,
0,0,,,2.1633148193359375,4.061,
0,0,,,2.1862030029296875,4.09,
0,0,,,2.1862030029296875,4.118,
0,0,,,2.182769775390625,4.146,
0,0,,,2.182769775390625,4.175,
0,0,,,2.1175384521484375,4.203,
0,0,,,2.1175384521484375,4.231,
0,0,,,2.1820068359375,4.259,
0,0,,,2.18048095703125,4.288,
0,0,,,2.18048095703125,4.316,
0,0,,,2.167510986328125,4.345,
0,0,,,2.167510986328125,4.373,
0,0,,,2.207183837890625,4.401,
0,0,,,2.207183837890625,4.429,
0,0,,,2.15606689453125,4.458,
0,0,,,2.1800994873046875,4.486,
0,0,,,2.1800994873046875,4.514,
0,0,,,2.179718017578125,4.543,
0,0,,,2.179718017578125,4.571,
0,0,,,2.16064453125,4.599,
0,0,,,2.16064453125,4.628,
0,0,,,2.1583557128906254,4.656,
0,0,,,2.1583557128906254,4.685,
0,0,,,2.1747589111328125,4.713,
0,0,,,2.147674560546875,4.741,
0,0,,,2.147674560546875,4.77,
0,0,,,2.16827392578125,4.798,
0,0,,,2.16827392578125,4.827,
0,0,,,2.16064453125,4.855,
0,0,,,2.16064453125,4.884,
0,0,,,2.159881591796875,4.913,
0,0,,,2.176666259765625,4.941,
0,0,,,2.176666259765625,4.97,
0,0,,,2.197265625,4.999,
0,0,,,2.197265625,5.027,
0,0,,,2.1915435791015625,5.056,
0,0,,,2.1915435791015625,5.085,
0,0,,,2.129364013671875,5.114,
0,0,,,2.1812438964843754,5.143,
0,0,,,2.1812438964843754,5.171,
0,0,,,2.1549224853515625,5.2,
0,0,,,2.1549224853515625,5.229,
0,0,,,2.1961212158203125,5.258,
0,0,,,2.1961212158203125,5.287,
0,0,,,2.1800994873046875,5.316,
0,0,,,2.156829833984375,5.345,
0,0,,,2.156829833984375,5.373,
0,0,,,2.1999359130859375,5.402,
0,0,,,2.1999359130859375,5.431,
0,0,,,2.183151245117188,5.46,
0,0,,,2.183151245117188,5.489,
0,0,,,2.1533966064453125,5.518,
0,0,,,2.19573974609375,5.552,
0,0,,,2.19573974609375,5.581,
0,0,,,2.2308349609375004,5.61,
0,0,,,2.2308349609375004,5.638,
0,0,,,2.191162109375,5.666,
0,0,,,2.191162109375,5.695,
0,0,,,2.1850585937500004,5.724,
0,0,,,2.1495819091796875,5.753,
0,0,,,2.1495819091796875,5.782,
0,0,,,2.1659851074218754,5.811,
0,0,,,2.1659851074218754,5.84,
0,0,,,2.1877288818359375,5.869,
0,0,,,2.1877288818359375,5.898,
0,0,,,2.1503448486328125,5.927,
0,0,,,2.1892547607421875,5.956,
0,0,,,2.1892547607421875,5.985,
0,0,,,2.162933349609375,6.014,
0,0,,,2.162933349609375,6.043,
0,0,,,2.1430969238281254,6.072,
0,0,,,2.1862030029296875,6.101,
0,0,,,2.1862030029296875,6.13,
0,0,,,2.1770477294921875,6.159,
0,0,,,2.1770477294921875,6.188,
0,0,,,2.1209716796875,6.217,
0,0,,,2.1209716796875,6.246,
0,0,,,2.164077758789063,6.274,
0,0,,,2.1686553955078125,6.303,
0,0,,,2.1686553955078125,6.332,
0,0,,,2.2068023681640625,6.361,
0,0,,,2.2068023681640625,6.391,
0,0,,,2.2121429443359375,6.42,
0,0,,,2.2121429443359375,6.449,
0,0,,,2.162933349609375,6.478,
0,0,,,2.149200439453125,6.507,
0,0,,,2.149200439453125,6.536,
0,0,,,2.197265625,6.565,
0,0,,,2.197265625,6.594,
0,0,,,2.1816253662109375,6.623,
0,0,,,2.1816253662109375,6.652,
0,0,,,2.1926879882812504,6.681,
0,0,,,2.1636962890625,6.71,
0,0,,,2.1636962890625,6.739,
0,0,,,2.171707153320313,6.768,
0,0,,,2.171707153320313,6.797,
0,0,,,2.179718017578125,6.826,
0,0,,,2.179718017578125,6.855,
0,0,,,2.1686553955078125,6.884,
0,0,,,2.1930694580078125,6.913,
0,0,,,2.1930694580078125,6.942,
0,0,,,2.1587371826171875,6.971,
0,0,,,2.1587371826171875,7.0,
0,0,,,2.18658447265625,7.029,
0,0,,,2.18658447265625,7.059,
0,0,,,2.1518707275390625,7.088,
0,0,,,2.1850585937500004,7.117,
0,0,,,2.1850585937500004,7.146,
0,0,,,2.1762847900390625,7.175,
0,0,,,2.1762847900390625,7.204,
0,0,,,2.1759033203125,7.233,
0,0,,,2.1759033203125,7.262,
0,0,,,2.169036865234375,7.291,
0,0,,,2.2144317626953125,7.32,
0,0,,,2.2144317626953125,7.349,
0,0,,,2.145004272460938,7.378,
0,0,,,2.145004272460938,7.407,
0,0,,,2.1846771240234375,7.436,
0,0,,,2.201080322265625,7.465,
0,0,,,2.201080322265625,7.495,
0,0,,,2.1820068359375,7.524,
0,0,,,2.1820068359375,7.553,
0,0,,,2.164459228515625,7.582,
0,0,,,2.164459228515625,7.611,
0,0,,,2.201080322265625,7.64,
0,0,,,2.1469116210937504,7.669,
0,0,,,2.1469116210937504,7.699,
0,0,,,2.1778106689453125,7.728,
0,0,,,2.1778106689453125,7.757,
0,0,,,2.2006988525390625,7.786,
0,0,,,2.2006988525390625,7.815,
0,0,,,2.1812438964843754,7.844,
0,0,,,2.2182464599609375,7.873,
0,0,,,2.2182464599609375,7.903,
0,0,,,2.152633666992188,7.932,
0,0,,,2.152633666992188,7.961,
0,0,,,2.1888732910156254,7.99,
0,0,,,2.1888732910156254,8.019,
0,0,,,2.1732330322265625,8.049,
0,0,,,2.202224731445313,8.078,
0,0,,,2.202224731445313,8.107,
0,0,,,2.1739959716796875,8.137,
0,0,,,2.1739959716796875,8.166,
0,0,,,2.1430969238281254,8.195,
0,0,,,2.16827392578125,8.224,
0,0,,,2.16827392578125,8.254,
0,0,,,2.1991729736328125,8.283,
0,0,,,2.1991729736328125,8.312,
0,0,,,2.179336547851563,8.341,
0,0,,,2.179336547851563,8.371,
0,0,,,2.144622802734375,8.4,
0,0,,,2.2006988525390625,8.429,
0,0,,,2.2006988525390625,8.458,
0,0,,,2.2247314453125,8.488,
0,0,,,2.2247314453125,8.517,
0,0,,,2.1968841552734375,8.546,
0,0,,,2.16522216796875,8.576,
0,0,,,2.16522216796875,8.605,
0,0,,,2.1778106689453125,8.634,
0,0,,,2.1778106689453125,8.664,
0,0,,,2.1572113037109375,8.693,
0,0,,,2.1572113037109375,8.722,
0,0,,,2.175521850585938,8.751,
0,0,,,2.1541595458984375,8.781,
0,0,,,2.1541595458984375,8.81,
0,0,,,2.18048095703125,8.839,
0,0,,,2.18048095703125,8.869,
0,0,,,2.1759033203125,8.898,
0,0,,,2.1759033203125,8.928,
0,0,,,2.2075653076171875,8.957,
0,0,,,2.185821533203125,8.986,
0,0,,,2.185821533203125,9.016,
0,0,,,2.1617889404296875,9.045,
0,0,,,2.1617889404296875,9.075,
0,0,,,2.145004272460938,9.104,
0,0,,,2.1774291992187504,9.133,
0,0,,,2.1774291992187504,9.163,
0,0,,,2.2045135498046875,9.192,
0,0,,,2.2045135498046875,9.222,
0,0,,,2.1961212158203125,9.251,
0,0,,,2.1961212158203125,9.281,
0,0,,,2.1999359130859375,9.31,
0,0,,,2.1724700927734375,9.339,
0,0,,,2.1724700927734375,9.369,
0,0,,,2.205657958984375,9.398,
0,0,,,2.205657958984375,9.428,
0,0,,,2.1923065185546875,9.457,
0,0,,,2.1762847900390625,9.487,
0,0,,,2.1762847900390625,9.516,
0,0,,,2.1808624267578125,9.546,
0,0,,,2.1808624267578125,9.575,
0,0,,,2.175140380859375,9.604,
0,0,,,2.175140380859375,9.634,
0,0,,,2.149200439453125,9.663,
0,0,,,2.1820068359375,9.693,
0,0,,,2.1820068359375,9.722,
0,0,,,2.1686553955078125,9.752,
0,0,,,2.1686553955078125,9.781,
0,0,,,2.2186279296875,9.811,
0,0,,,2.228546142578125,9.841,
0,0,,,2.228546142578125,9.871,
0,0,,,2.1839141845703125,9.901,
0,0,,,2.1839141845703125,9.931,
0,0,,,2.1808624267578125,9.961,
0,0,,,2.1785736083984375,9.99,
0,0,,,2.1785736083984375,10.02,
0,0,,,2.1938323974609375,10.049,
0,0,,,2.1938323974609375,10.079,
0,0,,,2.2068023681640625,10.108,
0,0,,,2.2068023681640625,10.138,
0,0,,,2.21710205078125,10.167,
0,0,,,2.1739959716796875,10.196,
0,0,,,2.1739959716796875,10.226,
0,0,,,2.202606201171875,10.255,
0,0,,,2.202606201171875,10.285,
0,0,,,2.17437744140625,10.314,
0,0,,,2.17437744140625,10.343,
0,0,,,2.17437744140625,10.373,
0,0,,,2.183151245117188,10.402,
0,0,,,2.183151245117188,10.432,
0,0,,,2.1648406982421875,10.461,
0,0,,,2.1648406982421875,10.491,
0,0,,,2.2006988525390625,10.521,
0,0,,,2.147674560546875,10.551,
0,0,,,2.147674560546875,10.58,
0,0,,,2.1663665771484375,10.61,
0,0,,,2.1663665771484375,10.639,
0,0,,,2.1663665771484375,10.668,
0,0,,,2.164459228515625,10.698,
0,0,,,2.164459228515625,10.727,
0,0,,,2.191925048828125,10.757,
0,0,,,2.191925048828125,10.787,
0,0,,,2.1472930908203125,10.817,
0,0,,,2.1472930908203125,10.846,
0,0,,,2.207183837890625,10.875,
0,0,,,2.1965026855468754,10.905,
0,0,,,2.1965026855468754,10.934,
0,0,,,2.160263061523438,10.964,
0,0,,,2.160263061523438,10.994,
0,0,,,2.2216796875,11.024,
0,0,,,2.1545410156250004,11.054,
0,0,,,2.1545410156250004,11.084,
0,0,,,2.1884918212890625,11.113,
0,0,,,2.1884918212890625,11.143,
0,0,,,2.207183837890625,11.172,
0,0,,,2.207183837890625,11.202,
0,0,,,2.2125244140625,11.231,
0,0,,,2.2167205810546875,11.261,
0,0,,,2.2167205810546875,11.291,
0,0,,,2.18048095703125,11.321,
0,0,,,2.18048095703125,11.351,
0,0,,,2.208709716796875,11.381,
0,0,,,2.187347412109375,11.411,
0,0,,,2.187347412109375,11.44,
0,0,,,2.1724700927734375,11.47,
0,0,,,2.1724700927734375,11.499,
0,0,,,2.1457672119140625,11.529,
0,0,,,2.185821533203125,11.559,
0,0,,,2.185821533203125,11.589,
0,0,,,2.1343231201171875,11.619,
0,0,,,2.1343231201171875,11.649,
0,0,,,2.1663665771484375,11.678,
0,0,,,2.164077758789063,11.708,
0,0,,,2.164077758789063,11.738,
0,0,,,2.1724700927734375,11.768,
0,0,,,2.1724700927734375,11.798,
0,0,,,2.178955078125,11.828,
0,0,,,2.178955078125,11.858,
0,0,,,2.141571044921875,11.888,
0,0,,,2.2308349609375004,11.918,
0,0,,,2.2308349609375004,11.948,
0,0,,,2.191162109375,11.977,
0,0,,,2.191162109375,12.007,
0,0,,,2.18353271484375,12.037,
0,0,,,2.142333984375,12.067,
0,0,,,2.142333984375,12.097,
0,0,,,2.1625518798828125,12.127,
0,0,,,2.1625518798828125,12.158,
0,0,,,2.1556854248046875,12.188,
0,0,,,2.22930908203125,12.218,
0,0,,,2.22930908203125,12.248,
0,0,,,2.1968841552734375,12.277,
0,0,,,2.1968841552734375,12.307,
0,0,,,2.171707153320313,12.337,
0,0,,,2.2068023681640625,12.367,
0,0,,,2.2068023681640625,12.397,
0,0,,,2.1785736083984375,12.427,
0,0,,,2.1785736083984375,12.457,
0,0,,,2.1701812744140625,12.487,
0,0,,,2.1965026855468754,12.517,
0,0,,,2.1965026855468754,12.547,
0,0,,,2.1625518798828125,12.576,
0,0,,,2.1625518798828125,12.606,
0,0,,,2.1595001220703125,12.636,
0,0,,,2.1595001220703125,12.666,
0,0,,,2.175521850585938,12.697,
0,0,,,2.146148681640625,12.727,
0,0,,,2.146148681640625,12.757,
0,0,,,2.166748046875,12.787,
0,0,,,2.166748046875,12.817,
0,0,,,2.190399169921875,12.847,
0,0,,,2.1762847900390625,12.876,
0,0,,,2.1762847900390625,12.906,
0,0,,,2.1884918212890625,12.936,
0,0,,,2.1884918212890625,12.967,
0,0,,,2.1484375,12.997,
0,0,,,2.210235595703125,13.027,
0,0,,,2.210235595703125,13.057,
0,0,,,2.2235870361328125,13.088,
0,0,,,2.2235870361328125,13.118,
0,0,,,2.1778106689453125,13.148,
0,0,,,2.2041320800781254,13.177,
0,0,,,2.2041320800781254,13.207,
0,0,,,2.1888732910156254,13.238,
0,0,,,2.1888732910156254,13.268,
0,0,,,2.1732330322265625,13.298,
0,0,,,2.1884918212890625,13.329,
0,0,,,2.1884918212890625,13.359,
0,0,,,2.1686553955078125,13.39,
0,0,,,2.1686553955078125,13.42,
0,0,,,2.2274017333984375,13.45,
0,0,,,2.21405029296875,13.479,
0,0,,,2.21405029296875,13.509,
0,0,,,2.164459228515625,13.54,
0,0,,,2.164459228515625,13.57,
0,0,,,2.1701812744140625,13.601,
0,0,,,2.1953582763671875,13.631,
0,0,,,2.1953582763671875,13.661,
0,0,,,2.187347412109375,13.692,
0,0,,,2.187347412109375,13.722,
0,0,,,2.1648406982421875,13.752,
0,0,,,2.16827392578125,13.782,
0,0,,,2.16827392578125,13.812,
0,0,,,2.152633666992188,13.842,
0,0,,,2.152633666992188,13.873,
0,0,,,2.2064208984375,13.903,
0,0,,,2.1770477294921875,13.934,
0,0,,,2.1770477294921875,13.964,
0,0,,,2.1976470947265625,13.995,
0,0,,,2.1976470947265625,14.025,
0,0,,,2.217483520507813,14.055,
0,0,,,2.20489501953125,14.085,
0,0,,,2.20489501953125,14.115,
0,0,,,2.144622802734375,14.146,
0,0,,,2.144622802734375,14.177,
0,0,,,2.1823883056640625,14.207,
0,0,,,2.1800994873046875,14.237,
0,0,,,2.1800994873046875,14.267,
0,0,,,2.2155761718750004,14.298,
0,0,,,2.2155761718750004,14.328,
0,0,,,2.1762847900390625,14.358,
0,0,,,2.1812438964843754,14.388,
0,0,,,2.1812438964843754,14.418,
0,0,,,2.1850585937500004,14.449,
0,0,,,2.1850585937500004,14.48,
0,0,,,2.1938323974609375,14.51,
0,0,,,2.184295654296875,14.541,
0,0,,,2.184295654296875,14.571,
0,0,,,2.149200439453125,14.602,
0,0,,,2.149200439453125,14.633,
0,0,,,2.20184326171875,14.663,
0,0,,,2.1816253662109375,14.693,
0,0,,,2.1816253662109375,14.723,
0,0,,,2.1533966064453125,14.753,
0,0,,,2.1533966064453125,14.783,
0,0,,,2.1770477294921875,14.813,
0,0,,,2.1991729736328125,14.844,
0,0,,,2.1991729736328125,14.875,
0,0,,,2.2232055664062504,14.905,
0,0,,,2.2232055664062504,14.936,
0,0,,,2.1785736083984375,14.967,
0,0,,,2.1812438964843754,14.998,
0,0,,,2.1812438964843754,15.029,
0,0,,,2.176666259765625,15.059,
0,0,,,2.176666259765625,15.089,
0,0,,,2.198028564453125,15.119,
0,0,,,2.19573974609375,15.15,
0,0,,,2.19573974609375,15.181,
0,0,,,2.2151947021484375,15.212,
0,0,,,2.2151947021484375,15.242,
0,0,,,2.2037506103515625,15.272,
0,0,,,2.1820068359375,15.302,
0,0,,,2.1820068359375,15.332,
0,0,,,2.1926879882812504,15.362,
0,0,,,2.1926879882812504,15.393,
0,0,,,2.183151245117188,15.423,
0,0,,,2.1636962890625,15.454,
0,0,,,2.1636962890625,15.485,
0,0,,,2.2129058837890625,15.516,
0,0,,,2.2129058837890625,15.546,
0,0,,,2.20184326171875,15.576,
0,0,,,2.1595001220703125,15.606,
0,0,,,2.1595001220703125,15.636,
0,0,,,2.1495819091796875,15.666,
0,0,,,2.1495819091796875,15.697,
0,0,,,2.1575927734375,15.727,
0,0,,,2.2052764892578125,15.758,
0,0,,,2.2052764892578125,15.789,
0,0,,,2.194595336914063,15.82,
0,0,,,2.1816253662109375,15.85,
0,0,,,2.1816253662109375,15.88,
0,0,,,2.1877288818359375,15.91,
0,0,,,2.1877288818359375,15.941,
0,0,,,2.2243499755859375,15.972,
0,0,,,2.1900177001953125,16.003,
0,0,,,2.1900177001953125,16.034,
0,0,,,2.2113800048828125,16.064,
0,0,,,2.2113800048828125,16.095,
0,0,,,2.2121429443359375,16.125,
0,0,,,2.191162109375,16.156,
0,0,,,2.191162109375,16.187,
0,0,,,2.1266937255859375,16.218,
0,0,,,2.1266937255859375,16.248,
0,0,,,2.199554443359375,16.278,
0,0,,,2.191925048828125,16.309,
0,0,,,2.191925048828125,16.339,
0,0,,,2.1587371826171875,16.369,
0,0,,,2.1587371826171875,16.399,
0,0,,,2.1862030029296875,16.43,
0,0,,,2.232742309570313,16.46,
0,0,,,2.232742309570313,16.49,
0,0,,,2.1785736083984375,16.521,
0,0,,,2.1785736083984375,16.552,
0,0,,,2.1759033203125,16.583,
0,0,,,2.2041320800781254,16.614,
0,0,,,2.2041320800781254,16.644,
0,0,,,2.18658447265625,16.675,
0,0,,,2.18658447265625,16.705,
0,0,,,2.2220611572265625,16.735,
0,0,,,2.17437744140625,16.766,
0,0,,,2.17437744140625,16.796,
0,0,,,2.1694183349609375,16.826,
0,0,,,2.1694183349609375,16.857,
0,0,,,2.15911865234375,16.888,
0,0,,,2.1892547607421875,16.919,
0,0,,,2.1892547607421875,16.95,
0,0,,,2.190399169921875,16.98,
0,0,,,2.190399169921875,17.01,
0,0,,,2.1823883056640625,17.041,
0,0,,,2.20489501953125,17.071,
0,0,,,2.20489501953125,17.101,
0,0,,,2.2121429443359375,17.132,
0,0,,,2.2121429443359375,17.162,
0,0,,,2.2064208984375,17.192,
0,0,,,2.21405029296875,17.223,
0,0,,,2.21405029296875,17.254,
0,0,,,2.202606201171875,17.285,
0,0,,,2.187347412109375,17.316,
0,0,,,2.187347412109375,17.347,
0,0,,,2.1659851074218754,17.377,
0,0,,,2.1659851074218754,17.408,
0,0,,,2.190780639648438,17.438,
0,0,,,2.1923065185546875,17.469,
0,0,,,2.1923065185546875,17.499,
0,0,,,2.1701812744140625,17.53,
0,0,,,2.1701812744140625,17.561,
0,0,,,2.159881591796875,17.592,
0,0,,,2.190780639648438,17.624,
0,0,,,2.190780639648438,17.654,
0,0,,,2.186965942382813,17.685,
0,0,,,2.186965942382813,17.715,
0,0,,,2.2041320800781254,17.746,
0,0,,,2.185821533203125,17.776,
0,0,,,2.185821533203125,17.807,
0,0,,,2.1778106689453125,17.837,
0,0,,,2.1778106689453125,17.868,
0,0,,,2.202224731445313,17.899,
0,0,,,2.2270202636718754,17.929,
0,0,,,2.2270202636718754,17.96,
0,0,,,2.1636962890625,17.99,
0,0,,,2.1636962890625,18.021,
0,0,,,2.171707153320313,18.052,
0,0,,,2.156829833984375,18.082,
0,0,,,2.156829833984375,18.113,
0,0,,,2.16522216796875,18.143,
0,0,,,2.2205352783203125,18.174,
0,0,,,2.2205352783203125,18.204,
0,0,,,2.1759033203125,18.235,
0,0,,,2.1759033203125,18.266,
0,0,,,2.208709716796875,18.296,
0,0,,,2.198028564453125,18.327,
0,0,,,2.198028564453125,18.358,
0,0,,,2.23388671875,18.389,
0,0,,,2.23388671875,18.419,
0,0,,,2.21710205078125,18.45,
0,0,,,2.1846771240234375,18.48,
0,0,,,2.1846771240234375,18.511,
0,0,,,2.2151947021484375,18.542,
0,0,,,2.2151947021484375,18.572,
0,0,,,2.2014617919921875,18.603,
0,0,,,2.1709442138671875,18.634,
0,0,,,2.1709442138671875,18.664,
0,0,,,2.1888732910156254,18.695,
0,0,,,2.1888732910156254,18.726,
0,0,,,2.2064208984375,18.756,
0,0,,,2.203369140625,18.787,
0,0,,,2.203369140625,18.819,
0,0,,,2.160263061523438,18.85,
0,0,,,2.184295654296875,18.88,
0,0,,,2.184295654296875,18.911,
0,0,,,2.1850585937500004,18.942,
0,0,,,2.1850585937500004,18.972,
0,0,,,2.1915435791015625,19.003,
0,0,,,2.161407470703125,19.034,
0,0,,,2.161407470703125,19.065,
0,0,,,2.2129058837890625,19.095,
0,0,,,2.2129058837890625,19.126,
0,0,,,2.197265625,19.157,
0,0,,,2.193450927734375,19.188,
0,0,,,2.193450927734375,19.219,
0,0,,,2.2144317626953125,19.25,
0,0,,,2.2144317626953125,19.28,
0,0,,,2.203369140625,19.311,
0,0,,,2.1350860595703125,19.342,
0,0,,,2.1350860595703125,19.373,
0,0,,,2.2006988525390625,19.404,
0,0,,,2.2006988525390625,19.434,
0,0,,,2.194595336914063,19.465,
0,0,,,2.2155761718750004,19.496,
0,0,,,2.2155761718750004,19.527,
0,0,,,2.1739959716796875,19.558,
0,0,,,2.1900177001953125,19.588,
0,0,,,2.1900177001953125,19.619,
0,0,,,2.1636962890625,19.65,
0,0,,,2.1636962890625,19.681,
0,0,,,2.203369140625,19.712,
0,0,,,2.20489501953125,19.743,
0,0,,,2.20489501953125,19.773,
0,0,,,2.15911865234375,19.804,
0,0,,,2.15911865234375,19.835,
0,0,,,2.1762847900390625,19.866,
0,0,,,2.190780639648438,19.897,
0,0,,,2.190780639648438,19.928,
0,0,,,2.1701812744140625,19.959,
0,0,,,2.1701812744140625,19.989,
0,0,,,2.194595336914063,20.02,
0,0,,,2.2495269775390625,20.051,
0,0,,,2.2495269775390625,20.082,
0,0,,,2.170562744140625,20.113,
0,0,,,2.1610260009765625,20.144,
0,0,,,2.1610260009765625,20.176,
0,0,,,2.221298217773438,20.207,
0,0,,,2.221298217773438,20.238,
0,0,,,2.1656036376953125,20.269,
0,0,,,2.1728515625,20.3,
0,0,,,2.1728515625,20.331,
0,0,,,2.191162109375,20.362,
0,0,,,2.191162109375,20.393,
0,0,,,2.18353271484375,20.424,
0,0,,,2.1884918212890625,20.455,
0,0,,,2.1884918212890625,20.486,
0,0,,,2.1736145019531254,20.517,
0,0,,,2.193450927734375,20.548,
0,0,,,2.193450927734375,20.579,
0,0,,,2.2041320800781254,20.61,
0,0,,,2.2041320800781254,20.641,
0,0,,,2.1659851074218754,20.672,
0,0,,,2.2232055664062504,20.703,
0,0,,,2.2232055664062504,20.734,
0,0,,,2.167510986328125,20.766,
0,0,,,2.167510986328125,20.797,
0,0,,,2.198028564453125,20.828,
0,0,,,2.1812438964843754,20.859,
0,0,,,2.1812438964843754,20.89,
0,0,,,2.179718017578125,20.921,
0,0,,,2.1938323974609375,20.952,
0,0,,,2.1938323974609375,20.983,
0,0,,,2.2296905517578125,21.014,
0,0,,,2.2296905517578125,21.045,
0,0,,,2.2037506103515625,21.076,
0,0,,,2.2075653076171875,21.107,
0,0,,,2.2075653076171875,21.138,
0,0,,,2.206039428710938,21.169,
0,0,,,2.206039428710938,21.201,
0,0,,,2.2045135498046875,21.232,
0,0,,,2.184295654296875,21.263,
0,0,,,2.184295654296875,21.294,
0,0,,,2.233123779296875,21.325,
0,0,,,2.179718017578125,21.356,
0,0,,,2.179718017578125,21.387,
0,0,,,2.2373199462890625,21.418,
0,0,,,2.2373199462890625,21.449,
0,0,,,2.190780639648438,21.48,
0,0,,,2.1892547607421875,21.511,
0,0,,,2.1892547607421875,21.542,
0,0,,,2.1823883056640625,21.574,
0,0,,,2.1823883056640625,21.605,
0,0,,,2.175140380859375,21.636,
0,0,,,2.1396636962890625,21.667,
0,0,,,2.1396636962890625,21.698,
0,0,,,2.1728515625,21.73,
0,0,,,2.1800994873046875,21.761,
0,0,,,2.1800994873046875,21.792,
0,0,,,2.159881591796875,21.823,
0,0,,,2.159881591796875,21.854,
0,0,,,2.2045135498046875,21.885,
0,0,,,2.166748046875,21.917,
0,0,,,2.166748046875,21.948,
0,0,,,2.2014617919921875,21.979,
0,0,,,2.2014617919921875,22.01,
0,0,,,2.1575927734375,22.041,
0,0,,,2.16064453125,22.072,
0,0,,,2.16064453125,22.104,
0,0,,,2.213668823242188,22.135,
0,0,,,2.1728515625,22.166,
0,0,,,2.1728515625,22.197,
0,0,,,2.141571044921875,22.228,
0,0,,,2.141571044921875,22.259,
0,0,,,2.2090911865234375,22.291,
0,0,,,2.1839141845703125,22.322,
0,0,,,2.1839141845703125,22.353,
0,0,,,2.2041320800781254,22.384,
0,0,,,2.2041320800781254,22.416,
0,0,,,2.1736145019531254,22.447,
0,0,,,2.1884918212890625,22.478,
0,0,,,2.1884918212890625,22.51,
0,0,,,2.1621704101562504,22.541,
0,0,,,2.1671295166015625,22.572,
0,0,,,2.1671295166015625,22.603,
0,0,,,2.1774291992187504,22.635,
0,0,,,2.1774291992187504,22.666,
0,0,,,2.193450927734375,22.697,
0,0,,,2.1686553955078125,22.729,
0,0,,,2.1686553955078125,22.76,
0,0,,,2.183151245117188,22.792,
0,0,,,2.118682861328125,22.823,
0,0,,,2.118682861328125,22.854,
0,0,,,2.197265625,22.886,
0,0,,,2.197265625,22.917,
0,0,,,2.227783203125,22.949,
0,0,,,2.175140380859375,22.98,
0,0,,,2.175140380859375,23.012,
0,0,,,2.1785736083984375,23.043,
0,0,,,2.1823883056640625,23.074,
0,0,,,2.1823883056640625,23.106,
0,0,,,2.203369140625,23.137,
0,0,,,2.203369140625,23.168,
0,0,,,2.21099853515625,23.2,
0,0,,,2.190780639648438,23.231,
0,0,,,2.190780639648438,23.263,
0,0,,,2.1888732910156254,23.294,
0,0,,,2.1968841552734375,23.325,
0,0,,,2.1968841552734375,23.357,
0,0,,,2.1697998046875004,23.388,
0,0,,,2.1697998046875004,23.421,
0,0,,,2.159881591796875,23.452,
0,0,,,2.182769775390625,23.484,
0,0,,,2.182769775390625,23.516,
0,0,,,2.1656036376953125,23.547,
0,0,,,2.201080322265625,23.579,
0,0,,,2.201080322265625,23.611,
0,0,,,2.2079467773437504,23.643,
0,0,,,2.2079467773437504,23.674,
0,0,,,2.160263061523438,23.706,
0,0,,,2.1663665771484375,23.737,
0,0,,,2.1663665771484375,23.769,
0,0,,,2.1930694580078125,23.8,
0,0,,,2.2296905517578125,23.832,
0,0,,,2.2296905517578125,23.863,
0,0,,,2.207183837890625,23.895,
0,0,,,2.207183837890625,23.927,
0,0,,,2.1892547607421875,23.958,
0,0,,,2.1747589111328125,23.99,
0,0,,,2.1747589111328125,24.021,
0,0,,,2.1938323974609375,24.053,
0,0,,,2.2155761718750004,24.084,
0,0,,,2.2155761718750004,24.116,
0,0,,,2.169036865234375,24.147,
0,0,,,2.169036865234375,24.179,
0,0,,,2.1583557128906254,24.211,
0,0,,,2.223968505859375,24.242,
0,0,,,2.223968505859375,24.274,
0,0,,,2.201080322265625,24.306,
0,0,,,2.1732330322265625,24.337,
0,0,,,2.1732330322265625,24.369,
0,0,,,2.194976806640625,24.401,
0,0,,,2.194976806640625,24.433,
0,0,,,2.2037506103515625,24.465,
0,0,,,2.1900177001953125,24.496,
0,0,,,2.1900177001953125,24.528,
0,0,,,2.1839141845703125,24.559,
0,0,,,2.197265625,24.591,
0,0,,,2.197265625,24.623,
0,0,,,2.18658447265625,24.655,
0,0,,,2.18658447265625,24.686,
0,0,,,2.1820068359375,24.718,
0,0,,,2.18048095703125,24.75,
0,0,,,2.18048095703125,24.781,
0,0,,,2.1659851074218754,24.813,
0,0,,,2.2487640380859375,24.845,
0,0,,,2.2487640380859375,24.876,
0,0,,,2.2205352783203125,24.908,
0,0,,,2.2205352783203125,24.94,
0,0,,,2.161407470703125,24.972,
0,0,,,2.159881591796875,25.003,
0,0,,,2.159881591796875,25.035,
0,0,,,2.2205352783203125,25.067,
0,0,,,2.18048095703125,25.099,
0,0,,,2.18048095703125,25.13,
0,0,,,2.2075653076171875,25.162,
0,0,,,2.2075653076171875,25.194,
0,0,,,2.18963623046875,25.226,
0,0,,,2.16827392578125,25.257,
0,0,,,2.16827392578125,25.289,
0,0,,,2.182769775390625,25.321,
0,0,,,2.186965942382813,25.353,
0,0,,,2.186965942382813,25.384,
0,0,,,2.1942138671875,25.416,
0,0,,,2.2232055664062504,25.448,
0,0,,,2.2232055664062504,25.48,
0,0,,,2.167892456054688,25.511,
0,0,,,2.167892456054688,25.543,
0,0,,,2.1900177001953125,25.575,
0,0,,,2.1701812744140625,25.607,
0,0,,,2.1701812744140625,25.639,
0,0,,,2.18658447265625,25.671,
0,0,,,2.191925048828125,25.702,
0,0,,,2.191925048828125,25.734,
0,0,,,2.217483520507813,25.766,
0,0,,,2.217483520507813,25.798,
0,0,,,2.2472381591796875,25.83,
0,0,,,2.2418975830078125,25.862,
0,0,,,2.2418975830078125,25.894,
0,0,,,2.1923065185546875,25.925,
0,0,,,2.2197723388671875,25.957,
0,0,,,2.2197723388671875,25.989,
0,0,,,2.190399169921875,26.021,
0,0,,,2.201080322265625,26.053,
0,0,,,2.201080322265625,26.085,
0,0,,,2.1507263183593754,26.117,
0,0,,,2.1507263183593754,26.149,
0,0,,,2.2041320800781254,26.181,
0,0,,,2.201080322265625,26.212,
0,0,,,2.201080322265625,26.243,
0,0,,,2.2205352783203125,26.274,
0,0,,,2.2247314453125,26.306,
0,0,,,2.2247314453125,26.338,
0,0,,,2.179718017578125,26.37,
0,0,,,2.179718017578125,26.402,
0,0,,,2.2159576416015625,26.434,
0,0,,,2.1579742431640625,26.466,
0,0,,,2.1579742431640625,26.498,
0,0,,,2.171707153320313,26.529,
0,0,,,2.152633666992188,26.561,
0,0,,,2.152633666992188,26.593,
0,0,,,2.1595001220703125,26.625,
0,0,,,2.1595001220703125,26.657,
0,0,,,2.178192138671875,26.689,
0,0,,,2.190780639648438,26.721,
0,0,,,2.190780639648438,26.753,
0,0,,,2.20947265625,26.785,
0,0,,,2.2117614746093754,26.817,
0,0,,,2.2117614746093754,26.849,
0,0,,,2.179718017578125,26.881,
0,0,,,2.1862030029296875,26.914,
0,0,,,2.1862030029296875,26.946,
0,0,,,2.1671295166015625,26.978,
0,0,,,2.1671295166015625,27.011,
0,0,,,2.1587371826171875,27.043,
0,0,,,2.19573974609375,27.075,
0,0,,,2.19573974609375,27.107,
0,0,,,2.175140380859375,27.138,
0,0,,,2.184295654296875,27.17,
0,0,,,2.184295654296875,27.202,
0,0,,,2.2434234619140625,27.234,
0,0,,,2.16522216796875,27.266,
0,0,,,2.16522216796875,27.298,
0,0,,,2.21710205078125,27.33,
0,0,,,2.21710205078125,27.362,
0,0,,,2.171707153320313,27.395,
0,0,,,2.2106170654296875,27.427,
0,0,,,2.2106170654296875,27.459,
0,0,,,2.16827392578125,27.491,
0,0,,,2.1709442138671875,27.523,
0,0,,,2.1709442138671875,27.555,
0,0,,,2.191925048828125,27.587,
0,0,,,2.2113800048828125,27.619,
0,0,,,2.2113800048828125,27.65,
0,0,,,2.1610260009765625,27.682,
0,0,,,2.1610260009765625,27.714,
0,0,,,2.179336547851563,27.746,
0,0,,,2.236175537109375,27.778,
0,0,,,2.236175537109375,27.81,
0,0,,,2.201080322265625,27.842,
0,0,,,2.1808624267578125,27.875,
0,0,,,2.1808624267578125,27.907,
0,0,,,2.209854125976563,27.939,
0,0,,,2.209854125976563,27.972,
0,0,,,2.2037506103515625,28.004,
0,0,,,2.2510528564453125,28.036,
0,0,,,2.2510528564453125,28.068,
0,0,,,2.2083282470703125,28.101,
0,0,,,2.1656036376953125,28.134,
0,0,,,2.1656036376953125,28.166,
0,0,,,2.2369384765625,28.198,
0,0,,,2.1999359130859375,28.231,
0,0,,,2.1999359130859375,28.263,
0,0,,,2.2350311279296875,28.295,
0,0,,,2.1736145019531254,28.328,
0,0,,,2.1736145019531254,28.36,
0,0,,,2.1953582763671875,28.392,
0,0,,,2.1953582763671875,28.424,
0,0,,,2.18963623046875,28.455,
0,0,,,2.191162109375,28.487,
0,0,,,2.191162109375,28.519,
0,0,,,2.2117614746093754,28.552,
0,0,,,2.2563934326171875,28.584,
0,0,,,2.2563934326171875,28.616,
0,0,,,2.24456787109375,28.649,
0,0,,,2.26287841796875,28.681,
0,0,,,2.26287841796875,28.714,
0,0,,,2.184295654296875,28.746,
0,0,,,2.184295654296875,28.778,
0,0,,,2.2182464599609375,28.811,
0,0,,,2.1736145019531254,28.843,
0,0,,,2.1736145019531254,28.876,
0,0,,,2.232742309570313,28.908,
0,0,,,2.194595336914063,28.94,
0,0,,,2.194595336914063,28.973,
0,0,,,2.1839141845703125,29.005,
0,0,,,2.1923065185546875,29.038,
0,0,,,2.1923065185546875,29.07,
0,0,,,2.2014617919921875,29.102,
0,0,,,2.208709716796875,29.135,
0,0,,,2.208709716796875,29.167,
0,0,,,2.1823883056640625,29.2,
0,0,,,2.1823883056640625,29.232,
0,0,,,2.1636962890625,29.265,
0,0,,,2.190399169921875,29.298,
0,0,,,2.190399169921875,29.331,
0,0,,,2.236175537109375,29.363,
0,0,,,2.171707153320313,29.395,
0,0,,,2.171707153320313,29.427,
0,0,,,2.193450927734375,29.459,
0,0,,,2.209854125976563,29.491,
0,0,,,2.209854125976563,29.524,
0,0,,,2.2319793701171875,29.556,
0,0,,,2.2121429443359375,29.589,
0,0,,,2.2121429443359375,29.621,
0,0,,,2.2335052490234375,29.654,
0,0,,,2.2335052490234375,29.687,
0,0,,,2.175140380859375,29.72,
0,0,,,2.2064208984375,29.752,
0,0,,,2.2064208984375,29.785,
0,0,,,2.2117614746093754,29.818,
0,0,,,2.1961212158203125,29.851,
0,0,,,2.1961212158203125,29.883,
0,0,,,2.186965942382813,29.916,
0,0,,,2.166748046875,29.949,
0,0,,,2.166748046875,29.981,
0,0,,,2.17132568359375,30.014,
0,0,,,2.171707153320313,30.047,
0,0,,,2.171707153320313,30.079,
0,0,,,2.246856689453125,30.112,
0,0,,,2.20489501953125,30.144,
0,0,,,2.20489501953125,30.177,
0,0,,,2.1961212158203125,30.21,
0,0,,,2.1961212158203125,30.242,
0,0,,,2.2190093994140625,30.275,
0,0,,,2.21099853515625,30.307,
0,0,,,2.21099853515625,30.34,
0,0,,,2.2384643554687504,30.373,
0,0,,,2.1770477294921875,30.405,
0,0,,,2.1770477294921875,30.438,
0,0,,,2.2247314453125,30.471,
0,0,,,2.19573974609375,30.503,
0,0,,,2.19573974609375,30.536,
0,0,,,2.25982666015625,30.569,
0,0,,,2.2380828857421875,30.601,
0,0,,,2.2380828857421875,30.633,
0,0,,,2.206039428710938,30.665,
0,0,,,2.206039428710938,30.697,
0,0,,,2.20489501953125,30.729,
0,0,,,2.2079467773437504,30.762,
0,0,,,2.2079467773437504,30.795,
0,0,,,2.14996337890625,30.828,
0,0,,,2.2418975830078125,30.861,
0,0,,,2.2418975830078125,30.893,
0,0,,,2.2075653076171875,30.926,
0,0,,,2.183151245117188,30.959,
0,0,,,2.183151245117188,30.992,
0,0,,,2.175140380859375,31.024,
0,0,,,2.1930694580078125,31.057,
0,0,,,2.1930694580078125,31.09,
0,0,,,2.2216796875,31.123,
0,0,,,2.1823883056640625,31.155,
0,0,,,2.1823883056640625,31.188,
0,0,,,2.23388671875,31.221,
0,0,,,2.23388671875,31.254,
0,0,,,2.214813232421875,31.286,
0,0,,,2.2274017333984375,31.319,
0,0,,,2.2274017333984375,31.352,
0,0,,,2.2495269775390625,31.385,
0,0,,,2.208709716796875,31.418,
0,0,,,2.208709716796875,31.451,
0,0,,,2.201080322265625,31.483,
0,0,,,2.20489501953125,31.516,
0,0,,,2.20489501953125,31.549,
0,0,,,2.130126953125,31.582,
0,0,,,2.20489501953125,31.615,
0,0,,,2.20489501953125,31.648,
0,0,,,2.1484375,31.68,
0,0,,,2.1728515625,31.713,
0,0,,,2.1728515625,31.746,
0,0,,,2.1820068359375,31.779,
0,0,,,2.2430419921875,31.812,
0,0,,,2.2430419921875,31.845,
0,0,,,2.1747589111328125,31.878,
0,0,,,2.1747589111328125,31.91,
0,0,,,2.209854125976563,31.943,
0,0,,,2.23388671875,31.976,
0,0,,,2.23388671875,32.009,
0,0,,,2.190780639648438,32.042,
0,0,,,2.2197723388671875,32.075,
0,0,,,2.2197723388671875,32.108,
0,0,,,2.136993408203125,32.14,
0,0,,,2.2426605224609375,32.172,
0,0,,,2.2426605224609375,32.204,
0,0,,,2.1595001220703125,32.236,
0,0,,,2.22930908203125,32.268,
0,0,,,2.22930908203125,32.3,
0,0,,,2.2205352783203125,32.333,
0,0,,,2.2205352783203125,32.366,
0,0,,,2.205657958984375,32.399,
0,0,,,2.2350311279296875,32.432,
0,0,,,2.2350311279296875,32.465,
0,0,,,2.152252197265625,32.498,
0,0,,,2.2003173828125004,32.532,
0,0,,,2.2003173828125004,32.565,
0,0,,,2.1572113037109375,32.599,
0,0,,,2.2090911865234375,32.631,
0,0,,,2.2090911865234375,32.663,
0,0,,,2.2396087646484375,32.696,
0,0,,,2.2342681884765625,32.729,
0,0,,,2.2342681884765625,32.762,
0,0,,,2.2613525390625004,32.795,
0,0,,,2.24151611328125,32.828,
0,0,,,2.24151611328125,32.861,
0,0,,,2.169036865234375,32.894,
0,0,,,2.2373199462890625,32.927,
0,0,,,2.2373199462890625,32.961,
0,0,,,2.16522216796875,32.995,
0,0,,,2.2029876708984375,33.027,
0,0,,,2.2029876708984375,33.06,
0,0,,,2.169036865234375,33.092,
0,0,,,2.191925048828125,33.126,
0,0,,,2.191925048828125,33.159,
0,0,,,2.2727966308593754,33.192,
0,0,,,2.2727966308593754,33.224,
0,0,,,2.2106170654296875,33.257,
0,0,,,2.216339111328125,33.289,
0,0,,,2.216339111328125,33.322,
0,0,,,2.2457122802734375,33.356,
0,0,,,2.2388458251953125,33.389,
0,0,,,2.2388458251953125,33.421,
0,0,,,2.15911865234375,33.454,
0,0,,,2.1953582763671875,33.486,
0,0,,,2.1953582763671875,33.519,
0,0,,,2.166748046875,33.552,
0,0,,,2.236175537109375,33.585,
0,0,,,2.236175537109375,33.618,
0,0,,,2.1747589111328125,33.65,
0,0,,,2.231597900390625,33.683,
0,0,,,2.231597900390625,33.715,
0,0,,,2.2121429443359375,33.748,
0,0,,,2.2121429443359375,33.78,
0,0,,,2.2014617919921875,33.813,
0,0,,,2.244186401367188,33.846,
0,0,,,2.244186401367188,33.878,
0,0,,,2.1850585937500004,33.911,
0,0,,,2.2113800048828125,33.944,
0,0,,,2.2113800048828125,33.977,
0,0,,,2.2579193115234375,34.011,
0,0,,,2.2113800048828125,34.043,
0,0,,,2.2113800048828125,34.076,
0,0,,,2.1846771240234375,34.108,
0,0,,,2.2380828857421875,34.142,
0,0,,,2.2380828857421875,34.175,
0,0,,,2.152252197265625,34.208,
0,0,,,2.2274017333984375,34.241,
0,0,,,2.2274017333984375,34.273,
0,0,,,2.178955078125,34.306,
0,0,,,2.175521850585938,34.339,
0,0,,,2.175521850585938,34.373,
0,0,,,2.252197265625,34.406,
0,0,,,2.2075653076171875,34.438,
0,0,,,2.2075653076171875,34.471,
0,0,,,2.1770477294921875,34.503,
0,0,,,2.1770477294921875,34.537,
0,0,,,2.2537231445312504,34.57,
0,0,,,2.244186401367188,34.603,
0,0,,,2.244186401367188,34.636,
0,0,,,2.1778106689453125,34.668,
0,0,,,2.1617889404296875,34.701,
0,0,,,2.1617889404296875,34.734,
0,0,,,2.259063720703125,34.768,
0,0,,,2.217483520507813,34.801,
0,0,,,2.217483520507813,34.834,
0,0,,,2.1774291992187504,34.866,
0,0,,,2.2281646728515625,34.899,
0,0,,,2.2281646728515625,34.933,
0,0,,,2.1812438964843754,34.966,
0,0,,,2.1892547607421875,34.999,
0,0,,,2.1892547607421875,35.032,
0,0,,,2.20489501953125,35.065,
0,0,,,2.1518707275390625,35.097,
0,0,,,2.1518707275390625,35.131,
0,0,,,2.2186279296875,35.164,
0,0,,,2.191925048828125,35.198,
0,0,,,2.191925048828125,35.231,
0,0,,,2.2373199462890625,35.263,
0,0,,,2.2373199462890625,35.296,
0,0,,,2.2167205810546875,35.329,
0,0,,,2.20489501953125,35.363,
0,0,,,2.20489501953125,35.396,
0,0,,,2.1915435791015625,35.429,
0,0,,,2.164459228515625,35.462,
0,0,,,2.164459228515625,35.495,
0,0,,,2.167510986328125,35.527,
0,0,,,2.201080322265625,35.56,
0,0,,,2.201080322265625,35.592,
0,0,,,2.193450927734375,35.625,
0,0,,,2.262115478515625,35.657,
0,0,,,2.262115478515625,35.69,
0,0,,,2.21710205078125,35.723,
0,0,,,2.203369140625,35.757,
0,0,,,2.203369140625,35.79,
0,0,,,2.230072021484375,35.824,
0,0,,,2.2624969482421875,35.856,
0,0,,,2.2624969482421875,35.889,
0,0,,,2.202606201171875,35.922,
0,0,,,2.1888732910156254,35.956,
0,0,,,2.1888732910156254,35.99,
0,0,,,2.203369140625,36.023,
0,0,,,2.2373199462890625,36.056,
0,0,,,2.2373199462890625,36.089,
0,0,,,2.2045135498046875,36.121,
0,0,,,2.2045135498046875,36.155,
0,0,,,2.217864990234375,36.188,
0,0,,,2.202224731445313,36.221,
0,0,,,2.202224731445313,36.254,
0,0,,,2.1430969238281254,36.286,
0,0,,,2.23388671875,36.319,
0,0,,,2.23388671875,36.353,
0,0,,,2.144622802734375,36.386,
0,0,,,2.179718017578125,36.419,
0,0,,,2.179718017578125,36.452,
0,0,,,2.1617889404296875,36.485,
0,0,,,2.2384643554687504,36.517,
0,0,,,2.2384643554687504,36.551,
0,0,,,2.1774291992187504,36.584,
0,0,,,2.2144317626953125,36.618,
0,0,,,2.2144317626953125,36.65,
0,0,,,2.2247314453125,36.683,
0,0,,,2.16827392578125,36.716,
0,0,,,2.16827392578125,36.749,
0,0,,,2.198410034179688,36.783,
0,0,,,2.176666259765625,36.816,
0,0,,,2.176666259765625,36.849,
0,0,,,2.170562744140625,36.881,
0,0,,,2.2186279296875,36.914,
0,0,,,2.2186279296875,36.948,
0,0,,,2.243804931640625,36.982,
0,0,,,2.2125244140625,37.015,
0,0,,,2.2125244140625,37.048,
0,0,,,2.2651672363281254,37.081,
0,0,,,2.2651672363281254,37.114,
0,0,,,2.2296905517578125,37.147,
0,0,,,2.2205352783203125,37.181,
0,0,,,2.2205352783203125,37.215,
0,0,,,2.2586822509765625,37.248,
0,0,,,2.178192138671875,37.28,
0,0,,,2.178192138671875,37.313,
0,0,,,2.1503448486328125,37.347,
0,0,,,2.23236083984375,37.38,
0,0,,,2.23236083984375,37.414,
0,0,,,2.246856689453125,37.447,
0,0,,,2.1850585937500004,37.48,
0,0,,,2.1850585937500004,37.512,
0,0,,,2.222442626953125,37.546,
0,0,,,2.2533416748046875,37.58,
0,0,,,2.2533416748046875,37.613,
0,0,,,2.1724700927734375,37.646,
0,0,,,2.1518707275390625,37.679,
0,0,,,2.1518707275390625,37.712,
0,0,,,2.2247314453125,37.746,
0,0,,,2.2029876708984375,37.779,
0,0,,,2.2029876708984375,37.813,
0,0,,,2.2541046142578125,37.847,
0,0,,,2.2346496582031254,37.88,
0,0,,,2.2346496582031254,37.913,
0,0,,,2.2308349609375004,37.946,
0,0,,,2.222442626953125,37.979,
0,0,,,2.222442626953125,38.012,
0,0,,,2.2006988525390625,38.045,
0,0,,,2.2090911865234375,38.078,
0,0,,,2.2090911865234375,38.112,
0,0,,,2.194976806640625,38.145,
0,0,,,2.1457672119140625,38.178,
0,0,,,2.1457672119140625,38.211,
0,0,,,2.16827392578125,38.244,
0,0,,,2.2090911865234375,38.277,
0,0,,,2.2090911865234375,38.31,
0,0,,,2.1762847900390625,38.343,
0,0,,,2.1762847900390625,38.376,
0,0,,,2.222442626953125,38.409,
0,0,,,2.25677490234375,38.442,
0,0,,,2.25677490234375,38.475,
0,0,,,2.172088623046875,38.508,
0,0,,,2.237701416015625,38.542,
0,0,,,2.237701416015625,38.575,
0,0,,,2.2464752197265625,38.608,
0,0,,,2.225112915039063,38.641,
0,0,,,2.225112915039063,38.675,
0,0,,,2.2090911865234375,38.71,
0,0,,,2.1968841552734375,38.744,
0,0,,,2.1968841552734375,38.777,
0,0,,,2.239227294921875,38.811,
0,0,,,2.2499084472656254,38.844,
0,0,,,2.2499084472656254,38.877,
0,0,,,2.199554443359375,38.91,
0,0,,,2.155303955078125,38.943,
0,0,,,2.155303955078125,38.977,
0,0,,,2.2235870361328125,39.011,
0,0,,,2.1659851074218754,39.045,
0,0,,,2.1659851074218754,39.079,
0,0,,,2.1812438964843754,39.112,
0,0,,,2.252197265625,39.145,
0,0,,,2.252197265625,39.179,
0,0,,,2.148818969726563,39.212,
0,0,,,2.20184326171875,39.246,
0,0,,,2.20184326171875,39.279,
0,0,,,2.2235870361328125,39.313,
0,0,,,2.18658447265625,39.346,
0,0,,,2.18658447265625,39.379,
0,0,,,2.228927612304688,39.412,
0,0,,,2.209854125976563,39.446,
0,0,,,2.209854125976563,39.479,
0,0,,,2.1583557128906254,39.512,
0,0,,,2.2243499755859375,39.545,
0,0,,,2.2243499755859375,39.578,
0,0,,,2.2705078125,39.611,
0,0,,,2.222442626953125,39.645,
0,0,,,2.222442626953125,39.679,
0,0,,,2.1648406982421875,39.713,
0,0,,,2.222442626953125,39.747,
0,0,,,2.222442626953125,39.78,
0,0,,,2.2186279296875,39.813,
0,0,,,2.202224731445313,39.846,
0,0,,,2.202224731445313,39.879,
0,0,,,2.288818359375,39.912,
0,0,,,2.2369384765625,39.946,
0,0,,,2.2369384765625,39.979,
0,0,,,2.2129058837890625,40.012,
0,0,,,2.2125244140625,40.045,
0,0,,,2.2125244140625,40.078,
0,0,,,2.2380828857421875,40.111,
0,0,,,2.2380828857421875,40.145,
0,0,,,2.23236083984375,40.178,
0,0,,,2.2182464599609375,40.211,
0,0,,,2.2182464599609375,40.244,
0,0,,,2.236557006835938,40.278,
0,0,,,2.2243499755859375,40.312,
0,0,,,2.2243499755859375,40.347,
0,0,,,2.1595001220703125,40.38,
0,0,,,2.198410034179688,40.413,
0,0,,,2.198410034179688,40.446,
0,0,,,2.1759033203125,40.479,
0,0,,,2.2411346435546875,40.513,
0,0,,,2.2411346435546875,40.546,
0,0,,,2.1778106689453125,40.579,
0,0,,,2.190780639648438,40.613,
0,0,,,2.190780639648438,40.646,
0,0,,,2.252197265625,40.679,
0,0,,,2.239227294921875,40.713,
0,0,,,2.239227294921875,40.746,
0,0,,,2.25067138671875,40.779,
0,0,,,2.1541595458984375,40.813,
0,0,,,2.1541595458984375,40.846,
0,0,,,2.1854400634765625,40.879,
0,0,,,2.228927612304688,40.913,
0,0,,,2.228927612304688,40.946,
0,0,,,2.252960205078125,40.979,
0,0,,,2.2510528564453125,41.013,
0,0,,,2.2510528564453125,41.046,
0,0,,,2.2125244140625,41.08,
0,0,,,2.264404296875,41.113,
0,0,,,2.264404296875,41.146,
0,0,,,2.144622802734375,41.18,
0,0,,,2.20184326171875,41.213,
0,0,,,2.20184326171875,41.246,
0,0,,,2.2029876708984375,41.28,
0,0,,,2.23541259765625,41.313,
0,0,,,2.23541259765625,41.347,
0,0,,,2.2571563720703125,41.38,
0,0,,,2.2808074951171875,41.413,
0,0,,,2.2808074951171875,41.447,
0,0,,,2.216339111328125,41.48,
0,0,,,2.2151947021484375,41.513,
0,0,,,2.2151947021484375,41.547,
0,0,,,2.2792816162109375,41.58,
0,0,,,2.210235595703125,41.614,
0,0,,,2.210235595703125,41.647,
0,0,,,2.1770477294921875,41.68,
0,0,,,2.2125244140625,41.714,
0,0,,,2.2125244140625,41.747,
0,0,,,2.2014617919921875,41.781,
0,0,,,2.228927612304688,41.814,
0,0,,,2.228927612304688,41.848,
0,0,,,2.2266387939453125,41.881,
0,0,,,2.17132568359375,41.915,
0,0,,,2.17132568359375,41.948,
0,0,,,2.21710205078125,41.982,
0,0,,,2.1976470947265625,42.015,
0,0,,,2.1976470947265625,42.049,
0,0,,,2.201080322265625,42.082,
0,0,,,2.201080322265625,42.115,
0,0,,,2.1965026855468754,42.149,
0,0,,,2.231597900390625,42.182,
0,0,,,2.231597900390625,42.216,
0,0,,,2.228927612304688,42.249,
0,0,,,2.1759033203125,42.283,
0,0,,,2.1759033203125,42.316,
0,0,,,2.1839141845703125,42.35,
0,0,,,2.2430419921875,42.383,
0,0,,,2.2430419921875,42.417,
0,0,,,2.263259887695313,42.45,
0,0,,,2.2472381591796875,42.484,
0,0,,,2.2472381591796875,42.517,
0,0,,,2.2232055664062504,42.551,
0,0,,,2.2006988525390625,42.585,
0,0,,,2.2006988525390625,42.619,
0,0,,,2.252197265625,42.653,
0,0,,,2.175140380859375,42.687,
0,0,,,2.175140380859375,42.721,
0,0,,,2.232742309570313,42.755,
0,0,,,2.2830963134765625,42.789,
0,0,,,2.2830963134765625,42.823,
0,0,,,2.25830078125,42.856,
0,0,,,2.1953582763671875,42.89,
0,0,,,2.1953582763671875,42.924,
0,0,,,2.2312164306640625,42.957,
0,0,,,2.209854125976563,42.991,
0,0,,,2.209854125976563,43.025,
0,0,,,2.1976470947265625,43.058,
0,0,,,2.248382568359375,43.092,
0,0,,,2.248382568359375,43.126,
0,0,,,2.172088623046875,43.159,
0,0,,,2.208709716796875,43.193,
0,0,,,2.208709716796875,43.227,
0,0,,,2.194976806640625,43.261,
0,0,,,2.216339111328125,43.294,
0,0,,,2.216339111328125,43.328,
0,0,,,2.1453857421875,43.362,
0,0,,,2.1556854248046875,43.395,
0,0,,,2.1469116210937504,43.429,
0,0,,,2.1469116210937504,43.463,
0,0,,,2.18658447265625,43.497,
0,0,,,2.1953582763671875,43.53,
0,0,,,2.1953582763671875,43.564,
0,0,,,2.190399169921875,43.598,
0,0,,,2.2304534912109375,43.632,
0,0,,,2.2304534912109375,43.665,
0,0,,,2.175140380859375,43.699,
0,0,,,2.2151947021484375,43.733,
0,0,,,2.2151947021484375,43.767,
0,0,,,2.2350311279296875,43.8,
0,0,,,2.20947265625,43.834,
0,0,,,2.20947265625,43.868,
0,0,,,2.2045135498046875,43.902,
0,0,,,2.1991729736328125,43.935,
0,0,,,2.1991729736328125,43.969,
0,0,,,2.268218994140625,44.003,
0,0,,,2.2144317626953125,44.037,
0,0,,,2.2144317626953125,44.07,
0,0,,,2.2449493408203125,44.104,
0,0,,,2.2434234619140625,44.138,
0,0,,,2.2434234619140625,44.172,
0,0,,,2.194595336914063,44.206,
0,0,,,2.2064208984375,44.24,
0,0,,,2.2064208984375,44.274,
0,0,,,2.24151611328125,44.308,
0,0,,,2.2129058837890625,44.343,
0,0,,,2.2129058837890625,44.377,
0,0,,,2.2422790527343754,44.411,
0,0,,,2.186965942382813,44.445,
0,0,,,2.186965942382813,44.48,
0,0,,,2.292633056640625,44.514,
0,0,,,2.2357940673828125,44.548,
0,0,,,2.2357940673828125,44.582,
0,0,,,2.1778106689453125,44.616,
0,0,,,2.1999359130859375,44.65,
0,0,,,2.1999359130859375,44.684,
0,0,,,2.216339111328125,44.718,
0,0,,,2.2090911865234375,44.752,
0,0,,,2.2090911865234375,44.787,
0,0,,,2.2281646728515625,44.82,
0,0,,,2.144622802734375,44.855,
0,0,,,2.144622802734375,44.889,
0,0,,,2.2430419921875,44.923,
0,0,,,2.2380828857421875,44.957,
0,0,,,2.2380828857421875,44.991,
0,0,,,2.3044586181640625,45.025,
0,0,,,2.197265625,45.059,
0,0,,,2.197265625,45.093,
0,0,,,2.2369384765625,45.128,
0,0,,,2.2121429443359375,45.162,
0,0,,,2.2121429443359375,45.197,
0,0,,,2.179718017578125,45.231,
0,0,,,2.2510528564453125,45.265,
0,0,,,2.2193908691406254,45.299,
0,0,,,2.2193908691406254,45.333,
0,0,,,2.2117614746093754,45.367,
0,0,,,2.172088623046875,45.401,
0,0,,,2.172088623046875,45.435,
0,0,,,2.167510986328125,45.469,
0,0,,,2.1442413330078125,45.503,
0,0,,,2.1442413330078125,45.537,
0,0,,,2.15606689453125,45.57,
0,0,,,2.1881103515625,45.604,
0,0,,,2.1881103515625,45.638,
0,0,,,2.2144317626953125,45.672,
0,0,,,2.264404296875,45.706,
0,0,,,2.264404296875,45.74,
0,0,,,2.22625732421875,45.773,
0,0,,,2.2064208984375,45.807,
0,0,,,2.2064208984375,45.841,
0,0,,,2.2693634033203125,45.875,
0,0,,,2.2693634033203125,45.909,
0,0,,,2.2693634033203125,45.943,
0,0,,,2.213287353515625,45.977,
0,0,,,2.1549224853515625,46.011,
0,0,,,2.1549224853515625,46.045,
0,0,,,2.216339111328125,46.079,
0,0,,,2.25982666015625,46.113,
0,0,,,2.25982666015625,46.147,
0,0,,,2.2270202636718754,46.181,
0,0,,,2.18963623046875,46.215,
0,0,,,2.18963623046875,46.249,
0,0,,,2.2457122802734375,46.283,
0,0,,,2.1659851074218754,46.318,
0,0,,,2.1659851074218754,46.352,
0,0,,,2.2121429443359375,46.386,
0,0,,,2.236557006835938,46.42,
0,0,,,2.236557006835938,46.454,
0,0,,,2.2548675537109375,46.488,
0,0,,,2.2235870361328125,46.522,
0,0,,,2.2235870361328125,46.556,
0,0,,,2.20947265625,46.59,
0,0,,,2.1686553955078125,46.624,
0,0,,,2.1686553955078125,46.658,
0,0,,,2.208709716796875,46.693,
0,0,,,2.202224731445313,46.727,
0,0,,,2.202224731445313,46.761,
0,0,,,2.1583557128906254,46.795,
0,0,,,2.2312164306640625,46.829,
0,0,,,2.2312164306640625,46.863,
0,0,,,2.203369140625,46.897,
0,0,,,2.1636962890625,46.931,
0,0,,,2.2487640380859375,46.966,
0,0,,,2.2487640380859375,47.0,
0,0,,,2.2106170654296875,47.034,
0,0,,,2.268218994140625,47.068,
0,0,,,2.268218994140625,47.102,
0,0,,,2.25830078125,47.137,
0,0,,,2.255630493164063,47.171,
0,0,,,2.255630493164063,47.205,
0,0,,,2.2716522216796875,47.24,
0,0,,,2.2144317626953125,47.274,
0,0,,,2.2144317626953125,47.309,
0,0,,,2.2350311279296875,47.343,
0,0,,,2.1942138671875,47.377,
0,0,,,2.1942138671875,47.412,
0,0,,,2.1930694580078125,47.446,
0,0,,,2.2689819335937504,47.481,
0,0,,,2.2689819335937504,47.515,
0,0,,,2.1671295166015625,47.549,
0,0,,,2.2121429443359375,47.584,
0,0,,,2.2121429443359375,47.618,
0,0,,,2.206039428710938,47.653,
0,0,,,2.248382568359375,47.687,
0,0,,,2.248382568359375,47.722,
0,0,,,2.246856689453125,47.756,
0,0,,,2.259063720703125,47.79,
0,0,,,2.1846771240234375,47.826,
0,0,,,2.1846771240234375,47.86,
0,0,,,2.2312164306640625,47.895,
0,0,,,2.2731781005859375,47.93,
0,0,,,2.2731781005859375,47.964,
0,0,,,2.225494384765625,47.999,
0,0,,,2.2487640380859375,48.034,
0,0,,,2.2487640380859375,48.069,
0,0,,,2.2434234619140625,48.103,
0,0,,,2.187347412109375,48.138,
0,0,,,2.187347412109375,48.173,
0,0,,,2.313995361328125,48.207,
0,0,,,2.246856689453125,48.243,
0,0,,,2.246856689453125,48.278,
0,0,,,2.1739959716796875,48.313,
0,0,,,2.268218994140625,48.347,
0,0,,,2.236175537109375,48.381,
0,0,,,2.236175537109375,48.416,
0,0,,,2.1892547607421875,48.45,
0,0,,,2.1999359130859375,48.484,
0,0,,,2.1999359130859375,48.518,
0,0,,,2.185821533203125,48.553,
0,0,,,2.24761962890625,48.587,
0,0,,,2.24761962890625,48.621,
0,0,,,2.2197723388671875,48.656,
0,0,,,2.194976806640625,48.69,
0,0,,,2.194976806640625,48.725,
0,0,,,2.159881591796875,48.759,
0,0,,,2.2422790527343754,48.793,
0,0,,,2.2422790527343754,48.827,
0,0,,,2.23541259765625,48.862,
0,0,,,2.228927612304688,48.896,
0,0,,,2.228927612304688,48.931,
0,0,,,2.2563934326171875,48.966,
0,0,,,2.140045166015625,49.001,
0,0,,,2.140045166015625,49.035,
0,0,,,2.2121429443359375,49.07,
0,0,,,2.2563934326171875,49.104,
0,0,,,2.2537231445312504,49.138,
0,0,,,2.2537231445312504,49.173,
0,0,,,2.2369384765625,49.207,
0,0,,,2.2182464599609375,49.242,
0,0,,,2.2182464599609375,49.276,
0,0,,,2.1938323974609375,49.31,
0,0,,,2.2857666015625,49.345,
0,0,,,2.2857666015625,49.379,
0,0,,,2.263641357421875,49.414,
0,0,,,2.239227294921875,49.448,
0,0,,,2.239227294921875,49.483,
0,0,,,2.198410034179688,49.517,
0,0,,,2.20184326171875,49.552,
0,0,,,2.20184326171875,49.587,
0,0,,,2.237701416015625,49.621,
0,0,,,2.2422790527343754,49.656,
0,0,,,2.2422790527343754,49.69,
0,0,,,2.1663665771484375,49.724,
0,0,,,2.19879150390625,49.759,
0,0,,,2.19879150390625,49.793,
0,0,,,2.213668823242188,49.828,
0,0,,,2.202224731445313,49.862,
0,0,,,2.2495269775390625,49.897,
0,0,,,2.2495269775390625,49.932,
0,0,,,2.2457122802734375,49.967,
0,0,,,2.22625732421875,50.001,
0,0,,,2.22625732421875,50.036,
0,0,,,2.1389007568359375,50.07,
0,0,,,2.1965026855468754,50.105,
0,0,,,2.1965026855468754,50.14,
0,0,,,2.1942138671875,50.174,
0,0,,,2.1991729736328125,50.209,
0,0,,,2.1991729736328125,50.243,
0,0,,,2.213668823242188,50.278,
0,0,,,2.2144317626953125,50.312,
0,0,,,2.2144317626953125,50.347,
0,0,,,2.23388671875,50.381,
0,0,,,2.266693115234375,50.416,
0,0,,,2.2388458251953125,50.45,
0,0,,,2.2388458251953125,50.485,
0,0,,,2.24456787109375,50.52,
0,0,,,2.2186279296875,50.554,
0,0,,,2.2186279296875,50.589,
0,0,,,2.137374877929688,50.623,
0,0,,,2.1942138671875,50.658,
0,0,,,2.1942138671875,50.692,
0,0,,,2.1457672119140625,50.727,
0,0,,,2.251434326171875,50.762,
0,0,,,2.251434326171875,50.796,
0,0,,,2.203369140625,50.831,
0,0,,,2.2689819335937504,50.866,
0,0,,,2.2689819335937504,50.9,
0,0,,,2.2186279296875,50.935,
0,0,,,2.1999359130859375,50.97,
0,0,,,2.1999359130859375,51.004,
0,0,,,2.2235870361328125,51.039,
0,0,,,2.25677490234375,51.074,
0,0,,,2.22930908203125,51.108,
0,0,,,2.22930908203125,51.143,
0,0,,,2.164077758789063,51.178,
0,0,,,2.1953582763671875,51.213,
0,0,,,2.1953582763671875,51.247,
0,0,,,2.2190093994140625,51.282,
0,0,,,2.21405029296875,51.317,
0,0,,,2.21405029296875,51.352,
0,0,,,2.26287841796875,51.386,
0,0,,,2.1846771240234375,51.421,
0,0,,,2.1846771240234375,51.456,
0,0,,,2.201080322265625,51.491,
0,0,,,2.20489501953125,51.526,
0,0,,,2.20489501953125,51.561,
0,0,,,2.190780639648438,51.596,
0,0,,,2.245330810546875,51.63,
0,0,,,2.233123779296875,51.665,
0,0,,,2.233123779296875,51.7,
0,0,,,2.269744873046875,51.735,
0,0,,,2.2739410400390625,51.77,
0,0,,,2.2739410400390625,51.804,
0,0,,,2.2693634033203125,51.839,
0,0,,,2.244186401367188,51.874,
0,0,,,2.244186401367188,51.909,
0,0,,,2.2090911865234375,51.943,
0,0,,,2.20184326171875,51.978,
0,0,,,2.20184326171875,52.013,
0,0,,,2.1923065185546875,52.048,
0,0,,,2.213668823242188,52.084,
0,0,,,2.2068023681640625,52.119,
0,0,,,2.2068023681640625,52.154,
0,0,,,2.216339111328125,52.189,
0,0,,,2.2106170654296875,52.224,
0,0,,,2.2106170654296875,52.259,
0,0,,,2.2182464599609375,52.293,
0,0,,,2.231597900390625,52.328,
0,0,,,2.231597900390625,52.363,
0,0,,,2.194595336914063,52.398,
0,0,,,2.1877288818359375,52.433,
0,0,,,2.1877288818359375,52.468,
0,0,,,2.2689819335937504,52.503,
0,0,,,2.2075653076171875,52.538,
0,0,,,2.2274017333984375,52.573,
0,0,,,2.2274017333984375,52.608,
0,0,,,2.2125244140625,52.643,
0,0,,,2.248001098632813,52.678,
0,0,,,2.248001098632813,52.713,
0,0,,,2.206039428710938,52.747,
0,0,,,2.2495269775390625,52.782,
0,0,,,2.2495269775390625,52.817,
0,0,,,2.206039428710938,52.852,
0,0,,,2.2167205810546875,52.887,
0,0,,,2.2167205810546875,52.922,
0,0,,,2.292633056640625,52.958,
0,0,,,2.1888732910156254,52.993,
0,0,,,2.246856689453125,53.029,
0,0,,,2.246856689453125,53.064,
0,0,,,2.270889282226563,53.099,
0,0,,,2.236175537109375,53.134,
0,0,,,2.236175537109375,53.169,
0,0,,,2.2029876708984375,53.204,
0,0,,,2.2075653076171875,53.239,
0,0,,,2.2075653076171875,53.274,
0,0,,,2.1888732910156254,53.309,
0,0,,,2.2258758544921875,53.344,
0,0,,,2.2258758544921875,53.379,
0,0,,,2.2422790527343754,53.415,
0,0,,,2.2296905517578125,53.45,
0,0,,,2.2220611572265625,53.485,
0,0,,,2.2220611572265625,53.52,
0,0,,,2.2197723388671875,53.555,
0,0,,,2.1961212158203125,53.59,
0,0,,,2.1961212158203125,53.626,
0,0,,,2.2113800048828125,53.661,
0,0,,,2.213668823242188,53.696,
0,0,,,2.213668823242188,53.731,
0,0,,,2.2460937500000004,53.766,
0,0,,,2.2190093994140625,53.802,
0,0,,,2.2117614746093754,53.837,
0,0,,,2.2117614746093754,53.873,
0,0,,,2.214813232421875,53.908,
0,0,,,2.1583557128906254,53.943,
0,0,,,2.1583557128906254,53.978,
0,0,,,2.2426605224609375,54.014,
0,0,,,2.25067138671875,54.049,
0,0,,,2.25067138671875,54.085,
0,0,,,2.2274017333984375,54.12,
0,0,,,2.2815704345703125,54.155,
0,0,,,2.2064208984375,54.191,
0,0,,,2.2064208984375,54.226,
0,0,,,2.1850585937500004,54.262,
0,0,,,2.2426605224609375,54.297,
0,0,,,2.2426605224609375,54.333,
0,0,,,2.23541259765625,54.369,
0,0,,,2.2270202636718754,54.404,
0,0,,,2.2270202636718754,54.44,
0,0,,,2.220916748046875,54.475,
0,0,,,2.2693634033203125,54.51,
0,0,,,2.264404296875,54.547,
0,0,,,2.264404296875,54.582,
0,0,,,2.2346496582031254,54.618,
0,0,,,2.216339111328125,54.652,
0,0,,,2.216339111328125,54.687,
0,0,,,2.2953033447265625,54.722,
0,0,,,2.2121429443359375,54.757,
0,0,,,2.2121429443359375,54.793,
0,0,,,2.228546142578125,54.829,
0,0,,,2.248382568359375,54.865,
0,0,,,2.2735595703125,54.9,
0,0,,,2.2735595703125,54.936,
0,0,,,2.2266387939453125,54.972,
0,0,,,2.25830078125,55.008,
0,0,,,2.25830078125,55.043,
0,0,,,2.2853851318359375,55.079,
0,0,,,2.152252197265625,55.115,
0,0,,,2.2121429443359375,55.15,
0,0,,,2.2121429443359375,55.186,
0,0,,,2.203369140625,55.221,
0,0,,,2.2270202636718754,55.256,
0,0,,,2.2270202636718754,55.292,
0,0,,,2.236557006835938,55.327,
0,0,,,2.2350311279296875,55.362,
0,0,,,2.2350311279296875,55.397,
0,0,,,2.1846771240234375,55.433,
0,0,,,2.2312164306640625,55.468,
0,0,,,2.225494384765625,55.503,
0,0,,,2.225494384765625,55.539,
0,0,,,2.2106170654296875,55.574,
0,0,,,2.2075653076171875,55.609,
0,0,,,2.2075653076171875,55.644,
0,0,,,2.27508544921875,55.679,
0,0,,,2.1747589111328125,55.715,
0,0,,,2.1747589111328125,55.75,
0,0,,,2.21099853515625,55.785,
0,0,,,2.2335052490234375,55.82,
0,0,,,2.2167205810546875,55.856,
0,0,,,2.2167205810546875,55.891,
0,0,,,2.2891998291015625,55.926,
0,0,,,2.2983551025390625,55.962,
0,0,,,2.2983551025390625,55.997,
0,0,,,2.278518676757813,56.032,
0,0,,,2.217483520507813,56.068,
0,0,,,2.217483520507813,56.103,
0,0,,,2.2777557373046875,56.138,
0,0,,,2.2312164306640625,56.174,
0,0,,,2.2945404052734375,56.209,
0,0,,,2.2945404052734375,56.244,
0,0,,,2.252960205078125,56.28,
0,0,,,2.237701416015625,56.315,
0,0,,,2.237701416015625,56.351,
0,0,,,2.21099853515625,56.386,
0,0,,,2.2342681884765625,56.421,
0,0,,,2.2342681884765625,56.456,
0,0,,,2.2205352783203125,56.492,
0,0,,,2.248001098632813,56.527,
0,0,,,2.1961212158203125,56.563,
0,0,,,2.1961212158203125,56.598,
0,0,,,2.21099853515625,56.634,
0,0,,,2.2777557373046875,56.669,
0,0,,,2.2777557373046875,56.705,
0,0,,,2.223968505859375,56.74,
0,0,,,2.1778106689453125,56.775,
0,0,,,2.1778106689453125,56.811,
0,0,,,2.1759033203125,56.846,
0,0,,,2.1724700927734375,56.882,
0,0,,,2.2563934326171875,56.917,
0,0,,,2.2563934326171875,56.953,
0,0,,,2.2800445556640625,56.989,
0,0,,,2.2396087646484375,57.026,
0,0,,,2.2396087646484375,57.061,
0,0,,,2.2335052490234375,57.095,
0,0,,,2.2167205810546875,57.13,
0,0,,,2.2167205810546875,57.166,
0,0,,,2.198410034179688,57.201,
0,0,,,2.228927612304688,57.237,
0,0,,,2.208709716796875,57.272,
0,0,,,2.208709716796875,57.308,
0,0,,,2.2220611572265625,57.343,
0,0,,,2.214813232421875,57.379,
0,0,,,2.214813232421875,57.414,
0,0,,,2.3193359375,57.45,
0,0,,,2.288818359375,57.485,
0,0,,,2.288818359375,57.521,
0,0,,,2.1930694580078125,57.556,
0,0,,,2.2541046142578125,57.591,
0,0,,,2.2731781005859375,57.627,
0,0,,,2.2731781005859375,57.662,
0,0,,,2.2003173828125004,57.698,
0,0,,,2.243804931640625,57.733,
0,0,,,2.243804931640625,57.769,
0,0,,,2.2041320800781254,57.804,
0,0,,,2.2548675537109375,57.839,
0,0,,,2.2548675537109375,57.875,
0,0,,,2.225112915039063,57.91,
0,0,,,2.23236083984375,57.946,
0,0,,,2.2342681884765625,57.982,
0,0,,,2.2342681884765625,58.019,
0,0,,,2.248382568359375,58.055,
0,0,,,2.2003173828125004,58.09,
0,0,,,2.2003173828125004,58.125,
0,0,,,2.236175537109375,58.161,
0,0,,,2.26287841796875,58.197,
0,0,,,2.236557006835938,58.234,
0,0,,,2.236557006835938,58.269,
0,0,,,2.27508544921875,58.305,
0,0,,,2.2270202636718754,58.342,
0,0,,,2.2270202636718754,58.378,
0,0,,,2.1770477294921875,58.414,
0,0,,,2.3006439208984375,58.45,
0,0,,,2.2537231445312504,58.485,
0,0,,,2.2537231445312504,58.52,
0,0,,,2.1965026855468754,58.555,
0,0,,,2.193450927734375,58.591,
0,0,,,2.193450927734375,58.626,
0,0,,,2.2842407226562504,58.662,
0,0,,,2.252197265625,58.698,
0,0,,,2.252197265625,58.734,
0,0,,,2.1991729736328125,58.77,
0,0,,,2.2602081298828125,58.806,
0,0,,,2.27508544921875,58.842,
0,0,,,2.27508544921875,58.878,
0,0,,,2.2281646728515625,58.913,
0,0,,,2.191162109375,58.95,
0,0,,,2.191162109375,58.986,
0,0,,,2.263259887695313,59.022,
0,0,,,2.201080322265625,59.058,
0,0,,,2.2319793701171875,59.094,
0,0,,,2.2319793701171875,59.13,
0,0,,,2.22930908203125,59.166,
0,0,,,2.2068023681640625,59.202,
0,0,,,2.2068023681640625,59.239,
0,0,,,2.2052764892578125,59.275,
0,0,,,2.18963623046875,59.311,
0,0,,,2.232742309570313,59.347,
0,0,,,2.232742309570313,59.382,
0,0,,,2.1900177001953125,59.418,
0,0,,,2.2380828857421875,59.454,
0,0,,,2.2380828857421875,59.49,
0,0,,,2.25067138671875,59.526,
0,0,,,2.2914886474609375,59.561,
0,0,,,2.1739959716796875,59.597,
0,0,,,2.1739959716796875,59.633,
0,0,,,2.184295654296875,59.669,
0,0,,,2.21405029296875,59.705,
0,0,,,2.21405029296875,59.741,
0,0,,,2.2766113281250004,59.777,
0,0,,,2.2232055664062504,59.812,
0,0,,,2.2460937500000004,59.848,
0,0,,,2.2460937500000004,59.884,
0,0,,,2.251434326171875,59.92,
0,0,,,2.2537231445312504,59.956,
0,0,,,2.2537231445312504,59.991,
0,0,,,2.239990234375,60.027,
0,0,,,2.2571563720703125,60.064,
0,0,,,2.2193908691406254,60.099,
0,0,,,2.2193908691406254,60.134,
0,0,,,2.2006988525390625,60.169,
0,0,,,2.2674560546875,60.205,
0,0,,,2.2674560546875,60.24,
0,0,,,2.227783203125,60.276,
0,0,,,2.2541046142578125,60.312,
0,0,,,2.2541046142578125,60.348,
0,0,,,2.209854125976563,60.384,
0,0,,,2.207183837890625,60.419,
0,0,,,2.21405029296875,60.455,
0,0,,,2.21405029296875,60.491,
0,0,,,2.2499084472656254,60.527,
0,0,,,2.190399169921875,60.563,
0,0,,,2.190399169921875,60.599,
0,0,,,2.2602081298828125,60.634,
0,0,,,2.217483520507813,60.67,
0,0,,,2.1953582763671875,60.706,
0,0,,,2.1953582763671875,60.742,
0,0,,,2.2491455078125,60.778,
0,0,,,2.28271484375,60.814,
0,0,,,2.28271484375,60.849,
0,0,,,2.26593017578125,60.885,
0,0,,,2.2388458251953125,60.921,
0,0,,,2.2388458251953125,60.957,
0,0,,,2.1762847900390625,60.993,
0,0,,,2.2575378417968754,61.029,
0,0,,,2.2499084472656254,61.064,
0,0,,,2.2499084472656254,61.1,
0,0,,,2.1968841552734375,61.136,
0,0,,,2.2571563720703125,61.172,
0,0,,,2.2571563720703125,61.208,
0,0,,,2.152633666992188,61.244,
0,0,,,2.184295654296875,61.28,
0,0,,,2.2830963134765625,61.316,
0,0,,,2.2830963134765625,61.352,
0,0,,,2.2586822509765625,61.388,
0,0,,,2.208709716796875,61.424,
0,0,,,2.208709716796875,61.46,
0,0,,,2.2762298583984375,61.497,
0,0,,,2.18963623046875,61.532,
0,0,,,2.262115478515625,61.568,
0,0,,,2.262115478515625,61.603,
0,0,,,2.1770477294921875,61.638,
0,0,,,2.278518676757813,61.673,
0,0,,,2.278518676757813,61.709,
0,0,,,2.22015380859375,61.745,
0,0,,,2.2312164306640625,61.781,
0,0,,,2.178955078125,61.817,
0,0,,,2.178955078125,61.854,
0,0,,,2.2014617919921875,61.891,
0,0,,,2.259445190429688,61.928,
0,0,,,2.259445190429688,61.964,
0,0,,,2.1747589111328125,61.999,
0,0,,,2.2418975830078125,62.034,
0,0,,,2.274703979492188,62.069,
0,0,,,2.274703979492188,62.105,
0,0,,,2.1854400634765625,62.142,
0,0,,,2.2777557373046875,62.178,
0,0,,,2.2777557373046875,62.213,
0,0,,,2.240371704101563,62.248,
0,0,,,2.285003662109375,62.283,
0,0,,,2.285003662109375,62.319,
0,0,,,2.191162109375,62.355,
0,0,,,2.1736145019531254,62.391,
0,0,,,2.2281646728515625,62.427,
0,0,,,2.2281646728515625,62.463,
0,0,,,2.268218994140625,62.5,
0,0,,,2.198410034179688,62.536,
0,0,,,2.198410034179688,62.572,
0,0,,,2.207183837890625,62.608,
0,0,,,2.228927612304688,62.644,
0,0,,,2.2525787353515625,62.68,
0,0,,,2.2525787353515625,62.716,
0,0,,,2.1862030029296875,62.752,
0,0,,,2.2613525390625004,62.789,
0,0,,,2.2613525390625004,62.825,
0,0,,,2.2266387939453125,62.861,
0,0,,,2.267074584960938,62.897,
0,0,,,2.231597900390625,62.934,
0,0,,,2.231597900390625,62.97,
0,0,,,2.277374267578125,63.005,
0,0,,,2.2586822509765625,63.04,
0,0,,,2.2586822509765625,63.075,
0,0,,,2.2335052490234375,63.112,
0,0,,,2.1961212158203125,63.148,
0,0,,,2.2739410400390625,63.185,
0,0,,,2.2739410400390625,63.22,
0,0,,,2.2003173828125004,63.255,
0,0,,,2.190399169921875,63.29,
0,0,,,2.190399169921875,63.327,
0,0,,,2.2296905517578125,63.363,
0,0,,,2.20184326171875,63.399,
0,0,,,2.2640228271484375,63.435,
0,0,,,2.2640228271484375,63.472,
0,0,,,2.2869110107421875,63.508,
0,0,,,2.23236083984375,63.543,
0,0,,,2.23236083984375,63.578,
0,0,,,2.1850585937500004,63.615,
0,0,,,2.2735595703125,63.651,
0,0,,,2.2396087646484375,63.688,
0,0,,,2.2396087646484375,63.723,
0,0,,,2.202224731445313,63.758,
0,0,,,2.183151245117188,63.794,
0,0,,,2.183151245117188,63.83,
0,0,,,2.26593017578125,63.867,
0,0,,,2.3143768310546875,63.903,
0,0,,,2.197265625,63.94,
0,0,,,2.197265625,63.976,
0,0,,,2.2731781005859375,64.011,
0,0,,,2.2983551025390625,64.047,
0,0,,,2.2983551025390625,64.082,
0,0,,,2.2041320800781254,64.119,
0,0,,,2.213668823242188,64.155,
0,0,,,2.198410034179688,64.192,
0,0,,,2.198410034179688,64.227,
0,0,,,2.248001098632813,64.263,
0,0,,,2.1884918212890625,64.299,
0,0,,,2.1884918212890625,64.335,
0,0,,,2.270889282226563,64.372,
0,0,,,2.1915435791015625,64.409,
0,0,,,2.210235595703125,64.445,
0,0,,,2.210235595703125,64.482,
0,0,,,2.236175537109375,64.517,
0,0,,,2.225112915039063,64.553,
0,0,,,2.225112915039063,64.589,
0,0,,,2.21405029296875,64.626,
0,0,,,2.2247314453125,64.663,
0,0,,,2.2350311279296875,64.7,
0,0,,,2.2350311279296875,64.738,
0,0,,,2.2274017333984375,64.774,
0,0,,,2.246856689453125,64.811,
0,0,,,2.2640228271484375,64.848,
0,0,,,2.2640228271484375,64.885,
0,0,,,2.232742309570313,64.92,
0,0,,,2.2270202636718754,64.956,
0,0,,,2.2270202636718754,64.992,
0,0,,,2.1862030029296875,65.029,
0,0,,,2.2716522216796875,65.066,
0,0,,,2.207183837890625,65.104,
0,0,,,2.207183837890625,65.141,
0,0,,,2.25982666015625,65.179,
0,0,,,2.2617340087890625,65.217,
0,0,,,2.1839141845703125,65.255,
0,0,,,2.1839141845703125,65.293,
0,0,,,2.2686004638671875,65.329,
0,0,,,2.266693115234375,65.365,
0,0,,,2.266693115234375,65.401,
0,0,,,2.260589599609375,65.438,
0,0,,,2.2499084472656254,65.475,
0,0,,,2.2335052490234375,65.511,
0,0,,,2.2335052490234375,65.548,
0,0,,,2.1938323974609375,65.584,
0,0,,,2.2541046142578125,65.62,
0,0,,,2.225494384765625,65.656,
0,0,,,2.225494384765625,65.691,
0,0,,,2.216339111328125,65.728,
0,0,,,2.23388671875,65.765,
0,0,,,2.23388671875,65.802,
0,0,,,2.26287841796875,65.837,
0,0,,,2.225112915039063,65.873,
0,0,,,2.240371704101563,65.909,
0,0,,,2.240371704101563,65.946,
0,0,,,2.18658447265625,65.982,
0,0,,,2.206039428710938,66.019,
0,0,,,2.206039428710938,66.056,
0,0,,,2.2663116455078125,66.092,
0,0,,,2.228546142578125,66.128,
0,0,,,2.2422790527343754,66.164,
0,0,,,2.2422790527343754,66.199,
0,0,,,2.1812438964843754,66.236,
0,0,,,2.237701416015625,66.273,
0,0,,,2.237701416015625,66.31,
0,0,,,2.274322509765625,66.347,
0,0,,,2.185821533203125,66.383,
0,0,,,2.1881103515625,66.42,
0,0,,,2.1881103515625,66.457,
0,0,,,2.227783203125,66.494,
0,0,,,2.2907257080078125,66.529,
0,0,,,2.2686004638671875,66.565,
0,0,,,2.2686004638671875,66.601,
0,0,,,2.197265625,66.637,
0,0,,,2.2449493408203125,66.674,
0,0,,,2.2449493408203125,66.711,
0,0,,,2.198410034179688,66.748,
0,0,,,2.2235870361328125,66.785,
0,0,,,2.210235595703125,66.822,
0,0,,,2.210235595703125,66.859,
0,0,,,2.232742309570313,66.896,
0,0,,,2.2472381591796875,66.932,
0,0,,,2.2472381591796875,66.968,
0,0,,,2.155303955078125,67.003,
0,0,,,2.2155761718750004,67.04,
0,0,,,2.23236083984375,67.077,
0,0,,,2.23236083984375,67.114,
0,0,,,2.2304534912109375,67.151,
0,0,,,2.274322509765625,67.188,
0,0,,,2.1774291992187504,67.225,
0,0,,,2.1774291992187504,67.262,
0,0,,,2.2312164306640625,67.298,
0,0,,,2.307891845703125,67.334,
0,0,,,2.307891845703125,67.37,
0,0,,,2.2804260253906254,67.406,
0,0,,,2.1701812744140625,67.443,
0,0,,,2.172088623046875,67.48,
0,0,,,2.172088623046875,67.517,
0,0,,,2.2346496582031254,67.554,
0,0,,,2.146148681640625,67.591,
0,0,,,2.2914886474609375,67.628,
0,0,,,2.2914886474609375,67.665,
0,0,,,2.259445190429688,67.701,
0,0,,,2.2880554199218754,67.737,
0,0,,,2.2880554199218754,67.773,
0,0,,,2.24456787109375,67.809,
0,0,,,2.19879150390625,67.846,
0,0,,,2.239227294921875,67.883,
0,0,,,2.239227294921875,67.92,
0,0,,,2.2800445556640625,67.957,
0,0,,,2.2609710693359375,67.994,
0,0,,,2.251434326171875,68.031,
0,0,,,2.251434326171875,68.068,
0,0,,,2.2357940673828125,68.105,
0,0,,,2.1884918212890625,68.142,
0,0,,,2.1884918212890625,68.178,
0,0,,,2.1888732910156254,68.214,
0,0,,,2.23388671875,68.25,
0,0,,,2.2335052490234375,68.286,
0,0,,,2.2335052490234375,68.323,
0,0,,,2.20947265625,68.36,
0,0,,,2.2304534912109375,68.397,
0,0,,,2.2258758544921875,68.433,
0,0,,,2.2258758544921875,68.469,
0,0,,,2.1991729736328125,68.505,
0,0,,,2.263259887695313,68.542,
0,0,,,2.263259887695313,68.579,
0,0,,,2.283477783203125,68.616,
0,0,,,2.1881103515625,68.652,
0,0,,,2.2151947021484375,68.688,
0,0,,,2.2151947021484375,68.724,
0,0,,,2.2663116455078125,68.761,
0,0,,,2.2686004638671875,68.798,
0,0,,,2.2686004638671875,68.835,
0,0,,,2.2418975830078125,68.872,
0,0,,,2.2216796875,68.91,
0,0,,,2.2190093994140625,68.947,
0,0,,,2.2190093994140625,68.983,
0,0,,,2.278900146484375,69.02,
0,0,,,2.1862030029296875,69.056,
0,0,,,2.202224731445313,69.093,
0,0,,,2.202224731445313,69.131,
0,0,,,2.2106170654296875,69.168,
0,0,,,2.2159576416015625,69.205,
0,0,,,2.233123779296875,69.241,
0,0,,,2.233123779296875,69.277,
0,0,,,2.1854400634765625,69.314,
0,0,,,2.2041320800781254,69.351,
0,0,,,2.2041320800781254,69.388,
0,0,,,2.2380828857421875,69.425,
0,0,,,2.269744873046875,69.462,
0,0,,,2.2003173828125004,69.5,
0,0,,,2.2003173828125004,69.537,
0,0,,,2.2190093994140625,69.574,
0,0,,,2.2125244140625,69.611,
0,0,,,2.259063720703125,69.647,
0,0,,,2.259063720703125,69.684,
0,0,,,2.186965942382813,69.721,
0,0,,,2.2159576416015625,69.757,
0,0,,,2.2159576416015625,69.794,
0,0,,,2.2464752197265625,69.831,
0,0,,,2.2430419921875,69.868,
0,0,,,2.2796630859375,69.906,
0,0,,,2.2796630859375,69.942,
0,0,,,2.214813232421875,69.978,
0,0,,,2.2155761718750004,70.014,
0,0,,,2.2129058837890625,70.051,
0,0,,,2.2129058837890625,70.088,
0,0,,,2.20947265625,70.126,
0,0,,,2.2651672363281254,70.162,
0,0,,,2.2651672363281254,70.198,
0,0,,,2.2029876708984375,70.235,
0,0,,,2.2216796875,70.273,
0,0,,,2.2541046142578125,70.31,
0,0,,,2.2541046142578125,70.346,
0,0,,,2.263641357421875,70.383,
0,0,,,2.2815704345703125,70.419,
0,0,,,2.240371704101563,70.455,
0,0,,,2.240371704101563,70.491,
0,0,,,2.2193908691406254,70.528,
0,0,,,2.2678375244140625,70.565,
0,0,,,2.2678375244140625,70.603,
0,0,,,2.21099853515625,70.64,
0,0,,,2.2853851318359375,70.678,
0,0,,,2.2346496582031254,70.715,
0,0,,,2.2346496582031254,70.751,
0,0,,,2.2197723388671875,70.788,
0,0,,,2.225112915039063,70.825,
0,0,,,2.2457122802734375,70.861,
0,0,,,2.2457122802734375,70.897,
0,0,,,2.2075653076171875,70.935,
0,0,,,2.2052764892578125,70.974,
0,0,,,2.2449493408203125,71.013,
0,0,,,2.2449493408203125,71.049,
0,0,,,2.1991729736328125,71.085,
0,0,,,2.2079467773437504,71.122,
0,0,,,2.2079467773437504,71.158,
0,0,,,2.2167205810546875,71.194,
0,0,,,2.2537231445312504,71.231,
0,0,,,2.24761962890625,71.268,
0,0,,,2.24761962890625,71.306,
0,0,,,2.2029876708984375,71.343,
0,0,,,2.2380828857421875,71.38,
0,0,,,2.2411346435546875,71.418,
0,0,,,2.2411346435546875,71.454,
0,0,,,2.22930908203125,71.49,
0,0,,,2.267074584960938,71.526,
0,0,,,2.267074584960938,71.563,
0,0,,,2.2384643554687504,71.599,
0,0,,,2.2258758544921875,71.635,
0,0,,,2.2411346435546875,71.673,
0,0,,,2.2411346435546875,71.711,
0,0,,,2.217864990234375,71.748,
0,0,,,2.220916748046875,71.786,
0,0,,,2.2052764892578125,71.823,
0,0,,,2.2052764892578125,71.86,
0,0,,,2.2083282470703125,71.897,
0,0,,,2.2640228271484375,71.933,
0,0,,,2.1816253662109375,71.97,
0,0,,,2.1816253662109375,72.007,
0,0,,,2.20489501953125,72.044,
0,0,,,2.164077758789063,72.081,
0,0,,,2.164077758789063,72.119,
0,0,,,2.175140380859375,72.155,
0,0,,,2.2525787353515625,72.191,
0,0,,,2.2144317626953125,72.227,
0,0,,,2.2144317626953125,72.263,
0,1,,,3.0128479003906254,73.28,
0,1,,,3.125,73.307,
0,1,,,3.2249450683593754,73.335,
0,1,,,3.2249450683593754,73.362,
0,1,,,3.239822387695313,73.389,
0,1,,,3.239822387695313,73.416,
0,1,,,3.2482147216796875,73.443,
0,1,,,3.2482147216796875,73.471,
0,1,,,3.226852416992188,73.498,
0,1,,,3.226852416992188,73.525,
0,1,,,3.243255615234375,73.553,
0,1,,,3.243255615234375,73.58,
0,1,,,3.25775146484375,73.607,
0,1,,,3.25775146484375,73.635,
0,1,,,3.2302856445312504,73.662,
0,1,,,3.220748901367188,73.69,
0,1,,,3.220748901367188,73.717,
0,1,,,3.2470703125,73.745,
0,1,,,3.2470703125,73.772,
0,1,,,3.2299041748046875,73.8,
0,1,,,3.2299041748046875,73.827,
0,1,,,3.2501220703125,73.855,
0,1,,,3.2501220703125,73.883,
0,1,,,3.2543182373046875,73.91,
0,1,,,3.2543182373046875,73.938,
0,1,,,3.2196044921875,73.965,
0,1,,,3.2302856445312504,73.993,
0,1,,,3.2302856445312504,74.022,
0,1,,,3.245925903320313,74.05,
0,1,,,3.245925903320313,74.077,
0,1,,,3.2257080078125,74.105,
0,1,,,3.2257080078125,74.133,
0,1,,,3.2379150390625004,74.161,
0,1,,,3.2379150390625004,74.189,
0,1,,,3.27911376953125,74.216,
0,1,,,3.236007690429688,74.244,
0,1,,,3.236007690429688,74.272,
0,1,,,3.238677978515625,74.299,
0,1,,,3.238677978515625,74.327,
0,1,,,3.2341003417968754,74.355,
0,1,,,3.2341003417968754,74.383,
0,1,,,3.23944091796875,74.411,
0,1,,,3.23944091796875,74.438,
0,1,,,3.246307373046875,74.466,
0,1,,,3.246307373046875,74.494,
0,1,,,3.269195556640625,74.522,
0,1,,,3.2554626464843754,74.55,
0,1,,,3.2554626464843754,74.578,
0,1,,,3.235626220703125,74.605,
0,1,,,3.235626220703125,74.633,
0,1,,,3.245925903320313,74.661,
0,1,,,3.245925903320313,74.688,
0,1,,,3.230667114257813,74.716,
0,1,,,3.230667114257813,74.743,
0,1,,,3.25469970703125,74.771,
0,1,,,3.230667114257813,74.799,
0,1,,,3.230667114257813,74.826,
0,1,,,3.240966796875,74.854,
0,1,,,3.240966796875,74.882,
0,1,,,3.2440185546875004,74.91,
0,1,,,3.2440185546875004,74.938,
0,1,,,3.2562255859375,74.966,
0,1,,,3.2562255859375,74.994,
0,1,,,3.226852416992188,75.022,
0,1,,,3.226852416992188,75.05,
0,1,,,3.2314300537109375,75.078,
0,1,,,3.2489776611328125,75.106,
0,1,,,3.2489776611328125,75.134,
0,1,,,3.2531738281250004,75.162,
0,1,,,3.2531738281250004,75.19,
0,1,,,3.2592773437500004,75.218,
0,1,,,3.2592773437500004,75.246,
0,1,,,3.24859619140625,75.274,
0,1,,,3.24859619140625,75.302,
0,1,,,3.2428741455078125,75.33,
0,1,,,3.2444000244140625,75.358,
0,1,,,3.2444000244140625,75.386,
0,1,,,3.2707214355468754,75.414,
0,1,,,3.2707214355468754,75.442,
0,1,,,3.2260894775390625,75.47,
0,1,,,3.2260894775390625,75.498,
0,1,,,3.249740600585938,75.526,
0,1,,,3.249740600585938,75.554,
0,1,,,3.262710571289063,75.582,
0,1,,,3.2451629638671875,75.61,
0,1,,,3.2451629638671875,75.638,
0,1,,,3.231048583984375,75.666,
0,1,,,3.231048583984375,75.694,
0,1,,,3.2623291015625,75.722,
0,1,,,3.2623291015625,75.751,
0,1,,,3.2478332519531254,75.779,
0,1,,,3.2478332519531254,75.807,
0,1,,,3.2405853271484375,75.835,
0,1,,,3.2562255859375,75.863,
0,1,,,3.2562255859375,75.891,
0,1,,,3.246307373046875,75.92,
0,1,,,3.246307373046875,75.948,
0,1,,,3.2367706298828125,75.976,
0,1,,,3.2367706298828125,76.004,
0,1,,,3.23944091796875,76.032,
0,1,,,3.2211303710937504,76.061,
0,1,,,3.2211303710937504,76.089,
0,1,,,3.2482147216796875,76.117,
0,1,,,3.2482147216796875,76.145,
0,1,,,3.2608032226562504,76.173,
0,1,,,3.2608032226562504,76.202,
0,1,,,3.244781494140625,76.23,
0,1,,,3.244781494140625,76.258,
0,1,,,3.2249450683593754,76.286,
0,1,,,3.2569885253906254,76.314,
0,1,,,3.2569885253906254,76.343,
0,1,,,3.249740600585938,76.371,
0,1,,,3.249740600585938,76.399,
0,1,,,3.24249267578125,76.427,
0,1,,,3.24249267578125,76.456,
0,1,,,3.2711029052734375,76.484,
0,1,,,3.2711029052734375,76.512,
0,1,,,3.2558441162109375,76.541,
0,1,,,3.2642364501953125,76.569,
0,1,,,3.2642364501953125,76.597,
0,1,,,3.2314300537109375,76.625,
0,1,,,3.2314300537109375,76.654,
0,1,,,3.2478332519531254,76.682,
0,1,,,3.2478332519531254,76.71,
0,1,,,3.246307373046875,76.739,
0,1,,,3.246307373046875,76.767,
0,1,,,3.238296508789063,76.795,
0,1,,,3.25775146484375,76.824,
0,1,,,3.25775146484375,76.852,
0,1,,,3.2367706298828125,76.88,
0,1,,,3.2367706298828125,76.909,
0,1,,,3.262710571289063,76.937,
0,1,,,3.262710571289063,76.965,
0,1,,,3.2363891601562504,76.994,
0,1,,,3.2325744628906254,77.022,
0,1,,,3.2325744628906254,77.05,
0,1,,,3.252410888671875,77.079,
0,1,,,3.252410888671875,77.108,
0,1,,,3.277587890625,77.136,
0,1,,,3.277587890625,77.165,
0,1,,,3.219223022460938,77.193,
0,1,,,3.219223022460938,77.222,
0,1,,,3.2379150390625004,77.25,
0,1,,,3.239822387695313,77.279,
0,1,,,3.239822387695313,77.307,
0,1,,,3.2592773437500004,77.336,
0,1,,,3.2592773437500004,77.364,
0,1,,,3.2516479492187504,77.392,
0,1,,,3.2516479492187504,77.421,
0,1,,,3.24859619140625,77.449,
0,1,,,3.258895874023438,77.478,
0,1,,,3.258895874023438,77.506,
0,1,,,3.227996826171875,77.535,
0,1,,,3.227996826171875,77.563,
0,1,,,3.2825469970703125,77.592,
0,1,,,3.2825469970703125,77.62,
0,1,,,3.2527923583984375,77.649,
0,1,,,3.2363891601562504,77.677,
0,1,,,3.2363891601562504,77.706,
0,1,,,3.2417297363281254,77.735,
0,1,,,3.2417297363281254,77.763,
0,1,,,3.227996826171875,77.792,
0,1,,,3.227996826171875,77.82,
0,1,,,3.2581329345703125,77.849,
0,1,,,3.2581329345703125,77.877,
0,1,,,3.2592773437500004,77.906,
0,1,,,3.253555297851563,77.934,
0,1,,,3.253555297851563,77.963,
0,1,,,3.2341003417968754,77.992,
0,1,,,3.2341003417968754,78.02,
0,1,,,3.2451629638671875,78.049,
0,1,,,3.2451629638671875,78.077,
0,1,,,3.253936767578125,78.106,
0,1,,,3.2466888427734375,78.135,
0,1,,,3.2466888427734375,78.163,
0,1,,,3.215789794921875,78.193,
0,1,,,3.215789794921875,78.222,
0,1,,,3.244781494140625,78.251,
0,1,,,3.244781494140625,78.28,
0,1,,,3.2482147216796875,78.308,
0,1,,,3.2596588134765625,78.337,
0,1,,,3.2596588134765625,78.366,
0,1,,,3.2470703125,78.395,
0,1,,,3.2470703125,78.424,
0,1,,,3.226852416992188,78.452,
0,1,,,3.226852416992188,78.481,
0,1,,,3.242111206054688,78.51,
0,1,,,3.228378295898438,78.539,
0,1,,,3.228378295898438,78.568,
0,1,,,3.237152099609375,78.597,
0,1,,,3.237152099609375,78.625,
0,1,,,3.2569885253906254,78.654,
0,1,,,3.2569885253906254,78.683,
0,1,,,3.2566070556640625,78.712,
0,1,,,3.2325744628906254,78.741,
0,1,,,3.2325744628906254,78.77,
0,1,,,3.2493591308593754,78.799,
0,1,,,3.2493591308593754,78.828,
0,1,,,3.2276153564453125,78.857,
0,1,,,3.2276153564453125,78.885,
0,1,,,3.2672882080078125,78.915,
0,1,,,3.227996826171875,78.943,
0,1,,,3.227996826171875,78.972,
0,1,,,3.2451629638671875,79.001,
0,1,,,3.2451629638671875,79.03,
0,1,,,3.2531738281250004,79.059,
0,1,,,3.2531738281250004,79.087,
0,1,,,3.2440185546875004,79.116,
0,1,,,3.2470703125,79.145,
0,1,,,3.2470703125,79.174,
0,1,,,3.247451782226563,79.203,
0,1,,,3.247451782226563,79.232,
0,1,,,3.2260894775390625,79.26,
0,1,,,3.2260894775390625,79.289,
0,1,,,3.2146453857421875,79.318,
0,1,,,3.246307373046875,79.347,
0,1,,,3.246307373046875,79.376,
0,1,,,3.239822387695313,79.405,
0,1,,,3.239822387695313,79.434,
0,1,,,3.275299072265625,79.462,
0,1,,,3.275299072265625,79.491,
0,1,,,3.240966796875,79.52,
0,1,,,3.226852416992188,79.549,
0,1,,,3.226852416992188,79.578,
0,1,,,3.2417297363281254,79.607,
0,1,,,3.2417297363281254,79.636,
0,1,,,3.2249450683593754,79.665,
0,1,,,3.2249450683593754,79.694,
0,1,,,3.246307373046875,79.723,
0,1,,,3.236007690429688,79.752,
0,1,,,3.236007690429688,79.781,
0,1,,,3.2363891601562504,79.81,
0,1,,,3.2363891601562504,79.839,
0,1,,,3.220367431640625,79.868,
0,1,,,3.220367431640625,79.897,
0,1,,,3.23486328125,79.926,
0,1,,,3.249740600585938,79.955,
0,1,,,3.249740600585938,79.984,
0,1,,,3.223419189453125,80.013,
0,1,,,3.223419189453125,80.042,
0,1,,,3.2314300537109375,80.071,
0,1,,,3.2314300537109375,80.1,
0,1,,,3.2405853271484375,80.129,
0,1,,,3.230667114257813,80.159,
0,1,,,3.230667114257813,80.188,
0,1,,,3.235626220703125,80.217,
0,1,,,3.235626220703125,80.246,
0,1,,,3.258895874023438,80.275,
0,1,,,3.2428741455078125,80.304,
0,1,,,3.2428741455078125,80.333,
0,1,,,3.2501220703125,80.363,
0,1,,,3.2501220703125,80.392,
0,1,,,3.234481811523438,80.421,
0,1,,,3.234481811523438,80.45,
0,1,,,3.234481811523438,80.479,
0,1,,,3.247451782226563,80.508,
0,1,,,3.247451782226563,80.538,
0,1,,,3.2466888427734375,80.567,
0,1,,,3.2466888427734375,80.596,
0,1,,,3.2482147216796875,80.625,
0,1,,,3.2482147216796875,80.654,
0,1,,,3.2291412353515625,80.683,
0,1,,,3.2470703125,80.713,
0,1,,,3.2470703125,80.742,
0,1,,,3.242111206054688,80.771,
0,1,,,3.242111206054688,80.8,
0,1,,,3.2489776611328125,80.83,
0,1,,,3.2489776611328125,80.859,
0,1,,,3.2390594482421875,80.888,
0,1,,,3.235626220703125,80.917,
0,1,,,3.235626220703125,80.947,
0,1,,,3.251266479492188,80.976,
0,1,,,3.251266479492188,81.005,
0,1,,,3.2451629638671875,81.034,
0,1,,,3.232192993164063,81.064,
0,1,,,3.232192993164063,81.093,
0,1,,,3.239822387695313,81.122,
0,1,,,3.239822387695313,81.152,
0,1,,,3.2314300537109375,81.18,
0,1,,,3.2314300537109375,81.209,
0,1,,,3.2501220703125,81.238,
0,1,,,3.247451782226563,81.267,
0,1,,,3.247451782226563,81.297,
0,1,,,3.247451782226563,81.326,
0,1,,,3.247451782226563,81.355,
0,1,,,3.227996826171875,81.384,
0,1,,,3.227996826171875,81.413,
0,1,,,3.2482147216796875,81.442,
0,1,,,3.2718658447265625,81.471,
0,1,,,3.2718658447265625,81.501,
0,1,,,3.2329559326171875,81.53,
0,1,,,3.2329559326171875,81.559,
0,1,,,3.2363891601562504,81.588,
0,1,,,3.245925903320313,81.617,
0,1,,,3.245925903320313,81.646,
0,1,,,3.2226562500000004,81.676,
0,1,,,3.2226562500000004,81.705,
0,1,,,3.23333740234375,81.735,
0,1,,,3.23333740234375,81.764,
0,1,,,3.2444000244140625,81.793,
0,1,,,3.2543182373046875,81.823,
0,1,,,3.2543182373046875,81.852,
0,1,,,3.2299041748046875,81.882,
0,1,,,3.2299041748046875,81.911,
0,1,,,3.2440185546875004,81.941,
0,1,,,3.2440185546875004,81.97,
0,1,,,3.2325744628906254,82.0,
0,1,,,3.236007690429688,82.029,
0,1,,,3.236007690429688,82.059,
0,1,,,3.216934204101563,82.088,
0,1,,,3.216934204101563,82.117,
0,1,,,3.24859619140625,82.146,
0,1,,,3.2341003417968754,82.175,
0,1,,,3.2341003417968754,82.205,
0,1,,,3.214263916015625,82.235,
0,1,,,3.214263916015625,82.264,
0,1,,,3.242111206054688,82.293,
0,1,,,3.242111206054688,82.322,
0,1,,,3.2554626464843754,82.351,
0,1,,,3.2390594482421875,82.381,
0,1,,,3.2390594482421875,82.41,
0,1,,,3.246307373046875,82.44,
0,1,,,3.246307373046875,82.47,
0,1,,,3.2184600830078125,82.5,
0,1,,,3.2428741455078125,82.53,
0,1,,,3.2428741455078125,82.559,
0,1,,,3.2379150390625004,82.589,
0,1,,,3.2379150390625004,82.618,
0,1,,,3.2493591308593754,82.647,
0,1,,,3.2493591308593754,82.677,
0,1,,,3.249740600585938,82.706,
0,1,,,3.2451629638671875,82.736,
0,1,,,3.2451629638671875,82.765,
0,1,,,3.2260894775390625,82.795,
0,1,,,3.2260894775390625,82.824,
0,1,,,3.2451629638671875,82.853,
0,1,,,3.2444000244140625,82.883,
0,1,,,3.2444000244140625,82.912,
0,1,,,3.2341003417968754,82.942,
0,1,,,3.2341003417968754,82.972,
0,1,,,3.2379150390625004,83.002,
0,1,,,3.2646179199218754,83.031,
0,1,,,3.2646179199218754,83.061,
0,1,,,3.242111206054688,83.09,
0,1,,,3.242111206054688,83.119,
0,1,,,3.22418212890625,83.149,
0,1,,,3.22418212890625,83.179,
0,1,,,3.2440185546875004,83.208,
0,1,,,3.2176971435546875,83.238,
0,1,,,3.2176971435546875,83.268,
0,1,,,3.252410888671875,83.297,
0,1,,,3.252410888671875,83.327,
0,1,,,3.2581329345703125,83.356,
0,1,,,3.2558441162109375,83.386,
0,1,,,3.2558441162109375,83.416,
0,1,,,3.2527923583984375,83.446,
0,1,,,3.2527923583984375,83.476,
0,1,,,3.2287597656250004,83.506,
0,1,,,3.2287597656250004,83.536,
0,1,,,3.25775146484375,83.566,
0,1,,,3.260040283203125,83.595,
0,1,,,3.260040283203125,83.625,
0,1,,,3.257369995117188,83.654,
0,1,,,3.257369995117188,83.684,
0,1,,,3.2375335693359375,83.714,
0,1,,,3.22723388671875,83.744,
0,1,,,3.22723388671875,83.774,
0,1,,,3.2444000244140625,83.804,
0,1,,,3.2444000244140625,83.833,
0,1,,,3.2493591308593754,83.863,
0,1,,,3.2440185546875004,83.893,
0,1,,,3.2440185546875004,83.922,
0,1,,,3.226852416992188,83.951,
0,1,,,3.226852416992188,83.981,
0,1,,,3.239822387695313,84.011,
0,1,,,3.239822387695313,84.041,
0,1,,,3.220748901367188,84.071,
0,1,,,3.257369995117188,84.1,
0,1,,,3.257369995117188,84.13,
0,1,,,3.24859619140625,84.159,
0,1,,,3.24859619140625,84.189,
0,1,,,3.240966796875,84.219,
0,1,,,3.2375335693359375,84.249,
0,1,,,3.2375335693359375,84.279,
0,1,,,3.227996826171875,84.309,
0,1,,,3.227996826171875,84.339,
0,1,,,3.234481811523438,84.369,
0,1,,,3.2405853271484375,84.399,
0,1,,,3.2405853271484375,84.428,
0,1,,,3.251266479492188,84.458,
0,1,,,3.251266479492188,84.488,
0,1,,,3.223419189453125,84.518,
0,1,,,3.243255615234375,84.549,
0,1,,,3.243255615234375,84.579,
0,1,,,3.237152099609375,84.609,
0,1,,,3.237152099609375,84.64,
0,1,,,3.2543182373046875,84.67,
0,1,,,3.23944091796875,84.7,
0,1,,,3.23944091796875,84.729,
0,1,,,3.258895874023438,84.759,
0,1,,,3.258895874023438,84.789,
0,1,,,3.237152099609375,84.819,
0,1,,,3.237152099609375,84.849,
0,1,,,3.243637084960938,84.879,
0,1,,,3.249740600585938,84.91,
0,1,,,3.249740600585938,84.94,
0,1,,,3.2417297363281254,84.97,
0,1,,,3.2417297363281254,85.0,
0,1,,,3.2695770263671875,85.029,
0,1,,,3.2249450683593754,85.059,
0,1,,,3.2249450683593754,85.089,
0,1,,,3.23486328125,85.12,
0,1,,,3.23486328125,85.15,
0,1,,,3.253936767578125,85.18,
0,1,,,3.2367706298828125,85.21,
0,1,,,3.2367706298828125,85.241,
0,1,,,3.2215118408203125,85.271,
0,1,,,3.2215118408203125,85.3,
0,1,,,3.235626220703125,85.33,
0,1,,,3.23944091796875,85.36,
0,1,,,3.23944091796875,85.39,
0,1,,,3.237152099609375,85.421,
0,1,,,3.237152099609375,85.451,
0,1,,,3.2367706298828125,85.481,
0,1,,,3.2516479492187504,85.512,
0,1,,,3.2516479492187504,85.542,
0,1,,,3.216934204101563,85.572,
0,1,,,3.216934204101563,85.602,
0,1,,,3.2363891601562504,85.632,
0,1,,,3.2478332519531254,85.661,
0,1,,,3.2478332519531254,85.691,
0,1,,,3.2478332519531254,85.721,
0,1,,,3.2478332519531254,85.75,
0,1,,,3.245925903320313,85.78,
0,1,,,3.2794952392578125,85.81,
0,1,,,3.2794952392578125,85.841,
0,1,,,3.226852416992188,85.871,
0,1,,,3.226852416992188,85.9,
0,1,,,3.2302856445312504,85.93,
0,1,,,3.2302856445312504,85.96,
0,1,,,3.247451782226563,85.99,
0,1,,,3.237152099609375,86.021,
0,1,,,3.237152099609375,86.051,
0,1,,,3.239822387695313,86.081,
0,1,,,3.239822387695313,86.112,
0,1,,,3.235626220703125,86.142,
0,1,,,3.236007690429688,86.173,
0,1,,,3.236007690429688,86.202,
0,1,,,3.244781494140625,86.232,
0,1,,,3.244781494140625,86.262,
0,1,,,3.2558441162109375,86.293,
0,1,,,3.2222747802734375,86.324,
0,1,,,3.2222747802734375,86.354,
0,1,,,3.2440185546875004,86.385,
0,1,,,3.2440185546875004,86.415,
0,1,,,3.2562255859375,86.445,
0,1,,,3.2444000244140625,86.475,
0,1,,,3.2444000244140625,86.505,
0,1,,,3.2302856445312504,86.535,
0,1,,,3.2302856445312504,86.565,
0,1,,,3.238296508789063,86.596,
0,1,,,3.2123565673828125,86.626,
0,1,,,3.2123565673828125,86.657,
0,1,,,3.237152099609375,86.687,
0,1,,,3.237152099609375,86.718,
0,1,,,3.2341003417968754,86.748,
0,1,,,3.216934204101563,86.779,
0,1,,,3.216934204101563,86.809,
0,1,,,3.253555297851563,86.839,
0,1,,,3.253555297851563,86.87,
0,1,,,3.2035827636718754,86.9,
0,1,,,3.2810211181640625,86.932,
0,1,,,3.2810211181640625,86.963,
0,1,,,3.28521728515625,86.993,
0,1,,,3.249740600585938,87.023,
0,1,,,3.249740600585938,87.054,
0,1,,,3.2455444335937504,87.084,
0,1,,,3.2455444335937504,87.114,
0,1,,,3.253936767578125,87.144,
0,1,,,3.2520294189453125,87.174,
0,1,,,3.2520294189453125,87.204,
0,1,,,3.2833099365234375,87.234,
0,1,,,3.2833099365234375,87.264,
0,1,,,3.2810211181640625,87.295,
0,1,,,3.2623291015625,87.326,
0,1,,,3.2623291015625,87.356,
0,1,,,3.246307373046875,87.387,
0,1,,,3.246307373046875,87.417,
0,1,,,3.2596588134765625,87.447,
0,1,,,3.2527923583984375,87.477,
0,1,,,3.2527923583984375,87.507,
0,1,,,3.267669677734375,87.537,
0,1,,,3.267669677734375,87.567,
0,1,,,3.264999389648438,87.598,
0,1,,,3.268814086914063,87.629,
0,1,,,3.268814086914063,87.659,
0,1,,,3.262710571289063,87.69,
0,1,,,3.262710571289063,87.72,
0,1,,,3.29437255859375,87.75,
0,1,,,3.25775146484375,87.78,
0,1,,,3.25775146484375,87.81,
0,1,,,3.258895874023438,87.84,
0,1,,,3.258895874023438,87.87,
0,1,,,3.270339965820313,87.901,
0,1,,,3.2558441162109375,87.932,
0,1,,,3.2558441162109375,87.962,
0,1,,,3.2428741455078125,87.993,
0,1,,,3.2428741455078125,88.023,
0,1,,,3.2482147216796875,88.053,
0,1,,,3.261566162109375,88.083,
0,1,,,3.261566162109375,88.113,
0,1,,,3.25469970703125,88.143,
0,1,,,3.25469970703125,88.173,
0,1,,,3.2493591308593754,88.204,
0,1,,,3.25775146484375,88.235,
0,1,,,3.25775146484375,88.266,
0,1,,,3.267669677734375,88.296,
0,1,,,3.267669677734375,88.327,
0,1,,,3.270339965820313,88.357,
0,1,,,3.2756805419921875,88.387,
0,1,,,3.2756805419921875,88.417,
0,1,,,3.2543182373046875,88.448,
0,1,,,3.2543182373046875,88.478,
0,1,,,3.2444000244140625,88.508,
0,1,,,3.22418212890625,88.538,
0,1,,,3.22418212890625,88.568,
0,1,,,3.266525268554688,88.599,
0,1,,,3.266525268554688,88.63,
0,1,,,3.2672882080078125,88.661,
0,1,,,3.2482147216796875,88.692,
0,1,,,3.2482147216796875,88.722,
0,1,,,3.257369995117188,88.752,
0,1,,,3.257369995117188,88.782,
0,1,,,3.2531738281250004,88.812,
0,1,,,3.2806396484375,88.843,
0,1,,,3.2806396484375,88.873,
0,1,,,3.243255615234375,88.904,
0,1,,,3.243255615234375,88.936,
0,1,,,3.261566162109375,88.966,
0,1,,,3.264999389648438,88.997,
0,1,,,3.264999389648438,89.027,
0,1,,,3.257369995117188,89.057,
0,1,,,3.257369995117188,89.087,
0,1,,,3.23486328125,89.118,
0,1,,,3.275299072265625,89.148,
0,1,,,3.275299072265625,89.178,
0,1,,,3.292083740234375,89.209,
0,1,,,3.292083740234375,89.24,
0,1,,,3.2783508300781254,89.271,
0,1,,,3.2566070556640625,89.301,
0,1,,,3.2566070556640625,89.332,
0,1,,,3.27301025390625,89.362,
0,1,,,3.27301025390625,89.392,
0,1,,,3.252410888671875,89.423,
0,1,,,3.2798767089843754,89.453,
0,1,,,3.2798767089843754,89.484,
0,1,,,3.253936767578125,89.514,
0,1,,,3.253936767578125,89.545,
0,1,,,3.2711029052734375,89.575,
0,1,,,3.287887573242188,89.605,
0,1,,,3.287887573242188,89.636,
0,1,,,3.2604217529296875,89.666,
0,1,,,3.2604217529296875,89.697,
0,1,,,3.28521728515625,89.727,
0,1,,,3.236007690429688,89.758,
0,1,,,3.236007690429688,89.788,
0,1,,,3.271484375,89.818,
0,1,,,3.271484375,89.849,
0,1,,,3.2569885253906254,89.879,
0,1,,,3.2527923583984375,89.911,
0,1,,,3.2527923583984375,89.942,
0,1,,,3.268814086914063,89.973,
0,1,,,3.255081176757813,90.003,
0,1,,,3.255081176757813,90.034,
0,1,,,3.252410888671875,90.064,
0,1,,,3.252410888671875,90.095,
0,1,,,3.2669067382812504,90.125,
0,1,,,3.26995849609375,90.156,
0,1,,,3.26995849609375,90.186,
0,1,,,3.2642364501953125,90.218,
0,1,,,3.2642364501953125,90.249,
0,1,,,3.2646179199218754,90.28,
0,1,,,3.237152099609375,90.31,
0,1,,,3.237152099609375,90.341,
0,1,,,3.236007690429688,90.371,
0,1,,,3.236007690429688,90.402,
0,1,,,3.2592773437500004,90.433,
0,1,,,3.2440185546875004,90.464,
0,1,,,3.2440185546875004,90.496,
0,1,,,3.2623291015625,90.526,
0,1,,,3.2623291015625,90.557,
0,1,,,3.2520294189453125,90.587,
0,1,,,3.2318115234375,90.618,
0,1,,,3.2318115234375,90.648,
0,1,,,3.250885009765625,90.679,
0,1,,,3.2886505126953125,90.71,
0,1,,,3.2886505126953125,90.74,
0,1,,,3.2657623291015625,90.771,
0,1,,,3.2657623291015625,90.801,
0,1,,,3.242111206054688,90.832,
0,1,,,3.2619476318359375,90.863,
0,1,,,3.2619476318359375,90.893,
0,1,,,3.250885009765625,90.924,
0,1,,,3.250885009765625,90.954,
0,1,,,3.2684326171875004,90.985,
0,1,,,3.2672882080078125,91.016,
0,1,,,3.2672882080078125,91.046,
0,1,,,3.258514404296875,91.077,
0,1,,,3.258514404296875,91.108,
0,1,,,3.261566162109375,91.138,
0,1,,,3.2695770263671875,91.169,
0,1,,,3.2695770263671875,91.2,
0,1,,,3.2489776611328125,91.23,
0,1,,,3.2489776611328125,91.261,
0,1,,,3.2684326171875004,91.291,
0,1,,,3.2760620117187504,91.322,
0,1,,,3.2760620117187504,91.353,
0,1,,,3.2619476318359375,91.384,
0,1,,,3.2619476318359375,91.414,
0,1,,,3.253936767578125,91.446,
0,1,,,3.2554626464843754,91.477,
0,1,,,3.2554626464843754,91.508,
0,1,,,3.25469970703125,91.539,
0,1,,,3.24859619140625,91.57,
0,1,,,3.24859619140625,91.601,
0,1,,,3.258514404296875,91.632,
0,1,,,3.258514404296875,91.663,
0,1,,,3.2718658447265625,91.694,
0,1,,,3.2264709472656254,91.724,
0,1,,,3.2264709472656254,91.755,
0,1,,,3.271484375,91.786,
0,1,,,3.271484375,91.817,
0,1,,,3.2569885253906254,91.848,
0,1,,,3.264999389648438,91.879,
0,1,,,3.264999389648438,91.909,
0,1,,,3.25775146484375,91.94,
0,1,,,3.25775146484375,91.971,
0,1,,,3.2604217529296875,92.002,
0,1,,,3.2798767089843754,92.033,
0,1,,,3.2798767089843754,92.064,
0,1,,,3.2493591308593754,92.095,
0,1,,,3.253936767578125,92.126,
0,1,,,3.253936767578125,92.157,
0,1,,,3.247451782226563,92.187,
0,1,,,3.247451782226563,92.218,
0,1,,,3.242111206054688,92.249,
0,1,,,3.2527923583984375,92.28,
0,1,,,3.2527923583984375,92.311,
0,1,,,3.2604217529296875,92.342,
0,1,,,3.2604217529296875,92.373,
0,1,,,3.273773193359375,92.404,
0,1,,,3.243637084960938,92.435,
0,1,,,3.243637084960938,92.466,
0,1,,,3.287887573242188,92.497,
0,1,,,3.2619476318359375,92.528,
0,1,,,3.2619476318359375,92.559,
0,1,,,3.255081176757813,92.59,
0,1,,,3.255081176757813,92.621,
0,1,,,3.2520294189453125,92.652,
0,1,,,3.2505035400390625,92.683,
0,1,,,3.2505035400390625,92.714,
0,1,,,3.299331665039063,92.745,
0,1,,,3.299331665039063,92.776,
0,1,,,3.2493591308593754,92.807,
0,1,,,3.2695770263671875,92.838,
0,1,,,3.2695770263671875,92.869,
0,1,,,3.2558441162109375,92.9,
0,1,,,3.2558441162109375,92.931,
0,1,,,3.2630920410156254,92.962,
0,1,,,3.28826904296875,92.993,
0,1,,,3.28826904296875,93.024,
0,1,,,3.2493591308593754,93.055,
0,1,,,3.23944091796875,93.086,
0,1,,,3.23944091796875,93.117,
0,1,,,3.2478332519531254,93.148,
0,1,,,3.2478332519531254,93.179,
0,1,,,3.2184600830078125,93.21,
0,1,,,3.2642364501953125,93.241,
0,1,,,3.2642364501953125,93.272,
0,1,,,3.2562255859375,93.303,
0,1,,,3.2562255859375,93.334,
0,1,,,3.27301025390625,93.366,
0,1,,,3.2760620117187504,93.397,
0,1,,,3.2760620117187504,93.428,
0,1,,,3.2783508300781254,93.459,
0,1,,,3.26385498046875,93.49,
0,1,,,3.26385498046875,93.521,
0,1,,,3.069305419921875,93.552,
0,1,,,3.069305419921875,93.583,
0,1,,,2.9567718505859375,93.615,
0,1,,,2.964019775390625,93.646,
0,1,,,2.964019775390625,93.677,
0,1,,,2.968978881835938,93.708,
0,1,,,2.968978881835938,93.739,
0,1,,,2.9796600341796875,93.77,
0,1,,,2.971267700195313,93.801,
0,1,,,2.971267700195313,93.833,
0,1,,,2.97393798828125,93.864,
0,1,,,2.9544830322265625,93.895,
0,1,,,2.9544830322265625,93.926,
0,1,,,2.959823608398438,93.957,
0,1,,,2.959823608398438,93.988,
0,1,,,2.9464721679687504,94.02,
0,1,,,2.9666900634765625,94.051,
0,1,,,2.9666900634765625,94.082,
0,1,,,2.9567718505859375,94.113,
0,1,,,2.9682159423828125,94.144,
0,1,,,2.9682159423828125,94.176,
0,1,,,2.988052368164063,94.207,
0,1,,,2.988052368164063,94.238,
0,1,,,2.9811859130859375,94.269,
0,1,,,2.97393798828125,94.3,
0,1,,,2.97393798828125,94.332,
0,1,,,2.9514312744140625,94.363,
0,1,,,2.9514312744140625,94.394,
0,1,,,2.9731750488281254,94.425,
0,1,,,2.95867919921875,94.457,
0,1,,,2.95867919921875,94.488,
0,1,,,2.978897094726563,94.519,
0,1,,,2.92205810546875,94.551,
0,1,,,2.92205810546875,94.582,
0,1,,,2.942276000976563,94.613,
0,1,,,2.942276000976563,94.644,
0,1,,,2.952194213867188,94.676,
0,1,,,2.9438018798828125,94.707,
0,1,,,2.9438018798828125,94.738,
0,1,,,2.9682159423828125,94.77,
0,1,,,2.961349487304688,94.801,
0,1,,,2.961349487304688,94.833,
0,1,,,2.94952392578125,94.864,
0,1,,,2.94952392578125,94.896,
0,1,,,2.971267700195313,94.927,
0,1,,,2.935791015625,94.959,
0,1,,,2.935791015625,94.99,
0,1,,,2.96478271484375,95.021,
0,1,,,2.96478271484375,95.053,
0,1,,,2.961349487304688,95.084,
0,1,,,2.9441833496093754,95.115,
0,1,,,2.9441833496093754,95.147,
0,1,,,2.956008911132813,95.178,
0,1,,,2.96783447265625,95.21,
0,1,,,2.96783447265625,95.241,
0,1,,,2.9632568359375004,95.273,
0,1,,,2.9632568359375004,95.304,
0,1,,,2.9464721679687504,95.335,
0,1,,,2.9514312744140625,95.367,
0,1,,,2.9514312744140625,95.398,
0,1,,,2.954864501953125,95.43,
0,1,,,2.9911041259765625,95.461,
0,1,,,2.9911041259765625,95.493,
0,1,,,2.940750122070313,95.524,
0,1,,,2.940750122070313,95.556,
0,1,,,2.980422973632813,95.587,
0,1,,,2.985382080078125,95.618,
0,1,,,2.985382080078125,95.65,
0,1,,,2.968597412109375,95.681,
0,1,,,2.960968017578125,95.713,
0,1,,,2.960968017578125,95.744,
0,1,,,2.9430389404296875,95.776,
0,1,,,2.9430389404296875,95.807,
0,1,,,2.9552459716796875,95.839,
0,1,,,2.9773712158203125,95.87,
0,1,,,2.9773712158203125,95.902,
0,1,,,2.9544830322265625,95.933,
0,1,,,2.9544830322265625,95.965,
0,1,,,2.9544830322265625,95.996,
0,1,,,2.985382080078125,96.028,
0,1,,,2.985382080078125,96.06,
0,1,,,2.9605865478515625,96.092,
0,1,,,2.9529571533203125,96.123,
0,1,,,2.9529571533203125,96.155,
0,1,,,2.96783447265625,96.187,
0,1,,,2.971267700195313,96.218,
0,1,,,2.971267700195313,96.25,
0,1,,,2.9354095458984375,96.281,
0,1,,,2.9354095458984375,96.313,
0,1,,,2.971649169921875,96.344,
0,1,,,2.968597412109375,96.376,
0,1,,,2.968597412109375,96.408,
0,1,,,2.994155883789063,96.439,
0,1,,,2.948760986328125,96.471,
0,1,,,2.948760986328125,96.502,
0,1,,,2.9441833496093754,96.534,
0,1,,,2.9441833496093754,96.565,
0,1,,,2.945709228515625,96.597,
0,1,,,2.965164184570313,96.629,
0,1,,,2.965164184570313,96.66,
0,1,,,2.972412109375,96.692,
0,1,,,2.963638305664063,96.724,
0,1,,,2.963638305664063,96.755,
0,1,,,2.9670715332031254,96.787,
0,1,,,2.9670715332031254,96.819,
0,1,,,2.972412109375,96.85,
0,1,,,2.9338836669921875,96.882,
0,1,,,2.9338836669921875,96.914,
0,1,,,2.9682159423828125,96.945,
0,1,,,2.947235107421875,96.977,
0,1,,,2.947235107421875,97.009,
0,1,,,2.96630859375,97.041,
0,1,,,2.96630859375,97.072,
0,1,,,2.9468536376953125,97.104,
0,1,,,2.9235839843750004,97.136,
0,1,,,2.9235839843750004,97.168,
0,1,,,2.94952392578125,97.2,
0,1,,,2.9621124267578125,97.232,
0,1,,,2.9621124267578125,97.263,
0,1,,,2.9541015625000004,97.295,
0,1,,,2.964019775390625,97.327,
0,1,,,2.964019775390625,97.359,
0,1,,,2.9876708984375,97.39,
0,1,,,2.9876708984375,97.422,
0,1,,,2.961349487304688,97.454,
0,1,,,2.9327392578125004,97.486,
0,1,,,2.9327392578125004,97.518,
0,1,,,2.9556274414062504,97.55,
0,1,,,2.944564819335938,97.582,
0,1,,,2.944564819335938,97.614,
0,1,,,2.95257568359375,97.646,
0,1,,,2.95257568359375,97.677,
0,1,,,2.9605865478515625,97.71,
0,1,,,2.964019775390625,97.742,
0,1,,,2.964019775390625,97.774,
0,1,,,2.9239654541015625,97.806,
0,1,,,2.962493896484375,97.838,
0,1,,,2.962493896484375,97.87,
0,1,,,2.9682159423828125,97.901,
0,1,,,2.9441833496093754,97.934,
0,1,,,2.9441833496093754,97.966,
0,1,,,2.960968017578125,97.998,
0,1,,,2.960968017578125,98.03,
0,1,,,2.9731750488281254,98.061,
0,1,,,2.94189453125,98.092,
0,1,,,2.94189453125,98.123,
0,1,,,2.9659271240234375,98.155,
0,1,,,2.984237670898438,98.187,
0,1,,,2.984237670898438,98.219,
0,1,,,2.9628753662109375,98.251,
0,1,,,2.9628753662109375,98.283,
0,1,,,2.9743194580078125,98.315,
0,1,,,2.931976318359375,98.347,
0,1,,,2.931976318359375,98.379,
0,1,,,2.9705047607421875,98.411,
0,1,,,2.991867065429688,98.443,
0,1,,,2.991867065429688,98.475,
0,1,,,2.953338623046875,98.507,
0,1,,,2.9453277587890625,98.539,
0,1,,,2.9453277587890625,98.571,
0,1,,,2.956008911132813,98.603,
0,1,,,2.956008911132813,98.635,
0,1,,,2.948760986328125,98.667,
0,1,,,2.963638305664063,98.699,
0,1,,,2.963638305664063,98.731,
0,1,,,2.960205078125,98.762,
0,1,,,2.964019775390625,98.793,
0,1,,,2.964019775390625,98.825,
0,1,,,2.9388427734375004,98.857,
0,1,,,2.9388427734375004,98.888,
0,1,,,2.954864501953125,98.92,
0,1,,,2.9899597167968754,98.952,
0,1,,,2.9899597167968754,98.984,
0,1,,,2.949905395507813,99.017,
0,1,,,2.968597412109375,99.049,
0,1,,,2.968597412109375,99.081,
0,1,,,2.9441833496093754,99.113,
0,1,,,2.971267700195313,99.145,
0,1,,,2.971267700195313,99.177,
0,1,,,2.9872894287109375,99.209,
0,1,,,2.9872894287109375,99.241,
0,1,,,2.947235107421875,99.273,
0,1,,,2.976226806640625,99.306,
0,1,,,2.976226806640625,99.338,
0,1,,,2.9544830322265625,99.37,
0,1,,,2.9579162597656254,99.402,
0,1,,,2.9579162597656254,99.434,
0,1,,,2.94342041015625,99.465,
0,1,,,2.94342041015625,99.497,
0,1,,,2.956390380859375,99.528,
0,1,,,2.9590606689453125,99.56,
0,1,,,2.9590606689453125,99.593,
0,1,,,2.984237670898438,99.625,
0,1,,,2.9510498046875,99.657,
0,1,,,2.9510498046875,99.689,
0,1,,,2.976608276367188,99.721,
0,1,,,2.9621124267578125,99.753,
0,1,,,2.9621124267578125,99.785,
0,1,,,2.934646606445313,99.817,
0,1,,,2.934646606445313,99.85,
0,1,,,2.9693603515625004,99.882,
0,1,,,2.963638305664063,99.914,
0,1,,,2.963638305664063,99.946,
0,1,,,2.9449462890625,99.978,
0,1,,,2.9666900634765625,100.01,
0,1,,,2.9666900634765625,100.043,
0,1,,,2.9605865478515625,100.075,
0,1,,,2.944564819335938,100.107,
0,1,,,2.944564819335938,100.139,
0,1,,,2.9693603515625004,100.172,
0,1,,,2.9693603515625004,100.204,
0,1,,,2.968978881835938,100.236,
0,1,,,2.952194213867188,100.268,
0,1,,,2.952194213867188,100.299,
0,1,,,2.9552459716796875,100.331,
0,1,,,2.9644012451171875,100.363,
0,1,,,2.9644012451171875,100.396,
0,1,,,2.9895782470703125,100.428,
0,1,,,2.9426574707031254,100.46,
0,1,,,2.9426574707031254,100.492,
0,1,,,2.96630859375,100.525,
0,1,,,2.96630859375,100.557,
0,1,,,2.968597412109375,100.589,
0,1,,,2.9567718505859375,100.621,
0,1,,,2.9567718505859375,100.654,
0,1,,,2.947235107421875,100.686,
0,1,,,2.962493896484375,100.719,
0,1,,,2.962493896484375,100.751,
0,1,,,2.9808044433593754,100.785,
0,1,,,2.96478271484375,100.817,
0,1,,,2.96478271484375,100.849,
0,1,,,2.9510498046875,100.881,
0,1,,,2.9510498046875,100.913,
0,1,,,2.9594421386718754,100.945,
0,1,,,2.954864501953125,100.978,
0,1,,,2.954864501953125,101.01,
0,1,,,2.954864501953125,101.043,
0,1,,,2.94952392578125,101.075,
0,1,,,2.94952392578125,101.108,
0,1,,,2.9552459716796875,101.14,
0,1,,,2.954864501953125,101.172,
0,1,,,2.954864501953125,101.204,
0,1,,,2.9430389404296875,101.235,
0,1,,,2.9453277587890625,101.268,
0,1,,,2.9453277587890625,101.3,
0,1,,,2.972412109375,101.333,
0,1,,,2.972412109375,101.366,
0,1,,,2.9644012451171875,101.399,
0,1,,,2.9399871826171875,101.431,
0,1,,,2.9399871826171875,101.463,
0,1,,,2.9659271240234375,101.495,
0,1,,,2.9399871826171875,101.527,
0,1,,,2.9399871826171875,101.56,
0,1,,,2.9758453369140625,101.593,
0,1,,,2.964019775390625,101.625,
0,1,,,2.964019775390625,101.658,
0,1,,,2.942276000976563,101.691,
0,1,,,2.9582977294921875,101.723,
0,1,,,2.9582977294921875,101.756,
0,1,,,2.9506683349609375,101.788,
0,1,,,2.9506683349609375,101.821,
0,1,,,2.9376983642578125,101.853,
0,1,,,2.965164184570313,101.886,
0,1,,,2.965164184570313,101.918,
0,1,,,2.9693603515625004,101.951,
0,1,,,2.9708862304687504,101.983,
0,1,,,2.9708862304687504,102.016,
0,1,,,2.9693603515625004,102.049,
0,1,,,2.94952392578125,102.08,
0,1,,,2.94952392578125,102.112,
0,1,,,2.962493896484375,102.144,
0,1,,,2.972412109375,102.176,
0,1,,,2.972412109375,102.207,
0,1,,,2.94342041015625,102.239,
0,1,,,2.94342041015625,102.272,
0,1,,,2.9594421386718754,102.305,
0,1,,,2.9617309570312504,102.337,
0,1,,,2.9617309570312504,102.37,
0,1,,,2.9438018798828125,102.402,
0,1,,,2.956008911132813,102.435,
0,1,,,2.956008911132813,102.468,
0,1,,,2.968978881835938,102.501,
0,1,,,2.9506683349609375,102.533,
0,1,,,2.9506683349609375,102.566,
0,1,,,2.9773712158203125,102.599,
0,1,,,2.994155883789063,102.631,
0,1,,,2.994155883789063,102.663,
0,1,,,2.9567718505859375,102.695,
0,1,,,2.9567718505859375,102.727,
0,1,,,2.9911041259765625,102.76,
0,1,,,2.9872894287109375,102.793,
0,1,,,2.9872894287109375,102.826,
0,1,,,2.954864501953125,102.858,
0,1,,,2.9693603515625004,102.89,
0,1,,,2.9693603515625004,102.922,
0,1,,,2.9453277587890625,102.955,
0,1,,,2.9682159423828125,102.989,
0,1,,,2.9682159423828125,103.022,
0,1,,,2.9426574707031254,103.056,
0,1,,,2.9514312744140625,103.088,
0,1,,,2.9514312744140625,103.12,
0,1,,,2.9582977294921875,103.152,
0,1,,,2.9582977294921875,103.185,
0,1,,,2.9453277587890625,103.218,
0,1,,,2.9628753662109375,103.25,
0,1,,,2.9628753662109375,103.282,
0,1,,,2.9518127441406254,103.314,
0,1,,,2.9403686523437504,103.346,
0,1,,,2.9403686523437504,103.379,
0,1,,,2.9567718505859375,103.412,
0,1,,,2.9670715332031254,103.444,
0,1,,,2.9670715332031254,103.477,
0,1,,,2.9388427734375004,103.51,
0,1,,,2.9670715332031254,103.543,
0,1,,,2.9670715332031254,103.576,
0,1,,,2.9735565185546875,103.609,
0,1,,,2.971267700195313,103.642,
0,1,,,2.971267700195313,103.675,
0,1,,,2.9666900634765625,103.708,
0,1,,,2.9666900634765625,103.741,
0,1,,,2.9296875,103.773,
0,1,,,2.964019775390625,103.806,
0,1,,,2.964019775390625,103.839,
0,1,,,2.9415130615234375,103.872,
0,1,,,2.956008911132813,103.905,
0,1,,,2.956008911132813,103.938,
0,1,,,2.9403686523437504,103.971,
0,1,,,2.9399871826171875,104.004,
0,1,,,2.9399871826171875,104.036,
0,1,,,2.9769897460937504,104.069,
0,1,,,2.970123291015625,104.102,
0,1,,,2.970123291015625,104.135,
0,1,,,2.957534790039063,104.167,
0,1,,,3.006744384765625,104.2,
0,1,,,3.006744384765625,104.232,
0,1,,,2.988052368164063,104.265,
0,1,,,2.96478271484375,104.297,
0,1,,,2.96478271484375,104.33,
0,1,,,2.9617309570312504,104.363,
0,1,,,2.9617309570312504,104.396,
0,1,,,2.9235839843750004,104.429,
0,1,,,2.9621124267578125,104.462,
0,1,,,2.9621124267578125,104.495,
0,1,,,2.9666900634765625,104.528,
0,1,,,2.9628753662109375,104.561,
0,1,,,2.9628753662109375,104.593,
0,1,,,2.9754638671875,104.625,
0,1,,,2.9666900634765625,104.657,
0,1,,,2.9666900634765625,104.689,
0,1,,,2.96783447265625,104.722,
0,1,,,2.947235107421875,104.754,
0,1,,,2.947235107421875,104.787,
0,1,,,2.977752685546875,104.82,
0,1,,,2.9933929443359375,104.853,
0,1,,,2.9933929443359375,104.886,
0,1,,,2.96478271484375,104.919,
0,1,,,2.96478271484375,104.952,
0,1,,,2.961349487304688,104.985,
0,1,,,2.9632568359375004,105.018,
0,1,,,2.9632568359375004,105.051,
0,1,,,2.96783447265625,105.084,
0,1,,,2.9708862304687504,105.118,
0,1,,,2.9708862304687504,105.151,
0,1,,,2.9605865478515625,105.184,
0,1,,,2.948760986328125,105.217,
0,1,,,2.948760986328125,105.25,
0,1,,,2.931976318359375,105.283,
0,1,,,2.9964447021484375,105.316,
0,1,,,2.9964447021484375,105.349,
0,1,,,2.936935424804688,105.382,
0,1,,,2.968597412109375,105.415,
0,1,,,2.968597412109375,105.449,
0,1,,,2.9735565185546875,105.482,
0,1,,,2.9312133789062504,105.515,
0,1,,,2.9312133789062504,105.548,
0,1,,,2.946090698242188,105.58,
0,1,,,2.984237670898438,105.614,
0,1,,,2.984237670898438,105.646,
0,1,,,2.956390380859375,105.679,
0,1,,,2.953338623046875,105.713,
0,1,,,2.953338623046875,105.746,
0,1,,,2.9449462890625,105.779,
0,1,,,2.9449462890625,105.812,
0,1,,,2.9285430908203125,105.845,
0,1,,,3.0010223388671875,105.878,
0,1,,,3.0010223388671875,105.912,
0,1,,,2.9518127441406254,105.945,
0,1,,,2.9567718505859375,105.978,
0,1,,,2.9567718505859375,106.011,
0,1,,,2.965164184570313,106.044,
0,1,,,2.9743194580078125,106.077,
0,1,,,2.9743194580078125,106.109,
0,1,,,2.9720306396484375,106.142,
0,1,,,2.972412109375,106.175,
0,1,,,2.972412109375,106.208,
0,1,,,2.9541015625000004,106.241,
0,1,,,2.953338623046875,106.274,
0,1,,,2.953338623046875,106.306,
0,1,,,2.978897094726563,106.338,
0,1,,,2.9659271240234375,106.371,
0,1,,,2.9659271240234375,106.405,
0,1,,,2.9769897460937504,106.438,
0,1,,,2.980422973632813,106.471,
0,1,,,2.980422973632813,106.504,
0,1,,,2.953338623046875,106.537,
0,1,,,2.953338623046875,106.57,
0,1,,,2.9415130615234375,106.602,
0,1,,,2.962493896484375,106.635,
0,1,,,2.962493896484375,106.667,
0,1,,,2.971267700195313,106.7,
0,1,,,2.972412109375,106.732,
0,1,,,2.972412109375,106.765,
0,1,,,2.938461303710938,106.799,
0,1,,,2.9552459716796875,106.832,
0,1,,,2.9552459716796875,106.866,
0,1,,,2.940750122070313,106.899,
0,1,,,2.933502197265625,106.931,
0,1,,,2.933502197265625,106.964,
0,1,,,2.9605865478515625,106.998,
0,1,,,2.9441833496093754,107.032,
0,1,,,2.9441833496093754,107.066,
0,1,,,2.948379516601563,107.099,
0,1,,,2.963638305664063,107.131,
0,1,,,2.963638305664063,107.164,
0,1,,,2.967453002929688,107.197,
0,1,,,2.9262542724609375,107.231,
0,1,,,2.9262542724609375,107.264,
0,1,,,2.9850006103515625,107.296,
0,1,,,2.956008911132813,107.329,
0,1,,,2.956008911132813,107.362,
0,1,,,2.957534790039063,107.395,
0,1,,,2.957534790039063,107.428,
0,1,,,2.972793579101563,107.462,
0,1,,,2.985382080078125,107.494,
0,1,,,2.985382080078125,107.527,
0,1,,,2.964019775390625,107.559,
0,1,,,2.98919677734375,107.593,
0,1,,,2.98919677734375,107.626,
0,1,,,2.9682159423828125,107.659,
0,1,,,2.983856201171875,107.692,
0,1,,,2.983856201171875,107.725,
0,1,,,2.9338836669921875,107.757,
0,1,,,2.9441833496093754,107.791,
0,1,,,2.9441833496093754,107.824,
0,1,,,2.9518127441406254,107.857,
0,1,,,2.9808044433593754,107.89,
0,1,,,2.9808044433593754,107.923,
0,1,,,2.9273986816406254,107.955,
0,1,,,2.9735565185546875,107.989,
0,1,,,2.9735565185546875,108.022,
0,1,,,2.978897094726563,108.056,
0,1,,,2.967453002929688,108.088,
0,1,,,2.967453002929688,108.121,
0,1,,,2.978897094726563,108.154,
0,1,,,2.9708862304687504,108.187,
0,1,,,2.9708862304687504,108.221,
0,1,,,2.97393798828125,108.254,
0,1,,,2.97393798828125,108.287,
0,1,,,2.9872894287109375,108.32,
0,1,,,2.9811859130859375,108.353,
0,1,,,2.9811859130859375,108.386,
0,1,,,2.9697418212890625,108.42,
0,1,,,2.9464721679687504,108.453,
0,1,,,2.9464721679687504,108.486,
0,1,,,2.9834747314453125,108.519,
0,1,,,2.9644012451171875,108.552,
0,1,,,2.9644012451171875,108.585,
0,1,,,2.9895782470703125,108.618,
0,1,,,2.947235107421875,108.652,
0,1,,,2.947235107421875,108.685,
0,1,,,2.96630859375,108.718,
0,1,,,2.9479980468750004,108.75,
0,1,,,2.9479980468750004,108.783,
0,1,,,2.956390380859375,108.816,
0,1,,,2.9872894287109375,108.848,
0,1,,,2.9872894287109375,108.881,
0,1,,,2.9884338378906254,108.914,
0,1,,,2.940750122070313,108.946,
0,1,,,2.940750122070313,108.979,
0,1,,,2.9769897460937504,109.012,
0,1,,,2.9769897460937504,109.044,
0,1,,,2.94189453125,109.077,
0,1,,,2.97393798828125,109.111,
0,1,,,2.97393798828125,109.145,
0,1,,,2.967453002929688,109.179,
0,1,,,2.972412109375,109.212,
0,1,,,2.972412109375,109.244,
0,1,,,2.9895782470703125,109.277,
0,1,,,2.9502868652343754,109.311,
0,1,,,2.9502868652343754,109.345,
0,1,,,2.9628753662109375,109.379,
0,1,,,2.9884338378906254,109.411,
0,1,,,2.9884338378906254,109.444,
0,1,,,2.9506683349609375,109.477,
0,1,,,2.9720306396484375,109.511,
0,1,,,2.9720306396484375,109.545,
0,1,,,2.961349487304688,109.578,
0,1,,,2.9594421386718754,109.611,
0,1,,,2.9594421386718754,109.644,
0,1,,,2.98919677734375,109.677,
0,1,,,2.9510498046875,109.711,
0,1,,,2.9510498046875,109.744,
0,1,,,2.967453002929688,109.778,
0,1,,,2.96783447265625,109.811,
0,1,,,2.96783447265625,109.844,
0,1,,,2.954864501953125,109.877,
0,1,,,2.9541015625000004,109.911,
0,1,,,2.9541015625000004,109.945,
0,1,,,2.9773712158203125,109.978,
0,1,,,2.9655456542968754,110.011,
0,1,,,2.9655456542968754,110.044,
0,1,,,2.9132843017578125,110.077,
0,1,,,2.947235107421875,110.111,
0,1,,,2.947235107421875,110.145,
0,1,,,2.956008911132813,110.179,
0,1,,,2.9888153076171875,110.212,
0,1,,,2.9888153076171875,110.245,
0,1,,,2.971267700195313,110.278,
0,1,,,2.99072265625,110.312,
0,1,,,2.99072265625,110.345,
0,1,,,2.962493896484375,110.378,
0,1,,,2.9392242431640625,110.411,
0,1,,,2.9392242431640625,110.444,
0,1,,,2.9567718505859375,110.477,
0,1,,,2.971649169921875,110.512,
0,1,,,2.971649169921875,110.546,
0,1,,,2.9479980468750004,110.58,
0,1,,,2.944564819335938,110.613,
0,1,,,2.944564819335938,110.646,
0,1,,,2.9922485351562504,110.68,
0,1,,,2.9296875,110.713,
0,1,,,2.9296875,110.746,
0,1,,,2.9296875,110.779,
0,1,,,2.9296875,110.812,
0,1,,,2.954864501953125,110.845,
0,1,,,2.965164184570313,110.878,
0,1,,,2.965164184570313,110.911,
0,1,,,2.9571533203125,110.945,
0,1,,,2.9834747314453125,110.978,
0,1,,,2.9834747314453125,111.012,
0,1,,,2.9697418212890625,111.046,
0,1,,,2.99072265625,111.08,
0,1,,,2.99072265625,111.113,
0,1,,,2.9754638671875,111.146,
0,1,,,2.959823608398438,111.179,
0,1,,,2.959823608398438,111.213,
0,1,,,2.9682159423828125,111.246,
0,1,,,2.923202514648438,111.28,
0,1,,,2.923202514648438,111.313,
0,1,,,2.9464721679687504,111.347,
0,1,,,2.9659271240234375,111.38,
0,1,,,2.9659271240234375,111.413,
0,1,,,2.9556274414062504,111.446,
0,1,,,2.9476165771484375,111.48,
0,1,,,2.9476165771484375,111.513,
0,1,,,2.97393798828125,111.546,
0,1,,,2.944564819335938,111.58,
0,1,,,2.944564819335938,111.613,
0,1,,,3.0181884765625,111.646,
0,1,,,2.9693603515625004,111.679,
0,1,,,2.9693603515625004,111.712,
0,1,,,2.9621124267578125,111.745,
0,1,,,2.947235107421875,111.779,
0,1,,,2.947235107421875,111.812,
0,1,,,2.9464721679687504,111.845,
0,1,,,2.95257568359375,111.878,
0,1,,,2.95257568359375,111.912,
0,1,,,2.942276000976563,111.945,
0,1,,,2.9579162597656254,111.979,
0,1,,,2.9579162597656254,112.012,
0,1,,,2.9571533203125,112.046,
0,1,,,2.977752685546875,112.079,
0,1,,,2.977752685546875,112.113,
0,1,,,2.960968017578125,112.146,
0,1,,,2.9544830322265625,112.18,
0,1,,,2.9544830322265625,112.214,
0,1,,,2.9438018798828125,112.248,
0,1,,,2.986526489257813,112.281,
0,1,,,2.986526489257813,112.315,
0,1,,,2.9388427734375004,112.348,
0,1,,,2.952194213867188,112.382,
0,1,,,2.952194213867188,112.415,
0,1,,,2.960205078125,112.448,
0,1,,,2.961349487304688,112.482,
0,1,,,2.961349487304688,112.515,
0,1,,,2.9949188232421875,112.549,
0,1,,,2.9518127441406254,112.582,
0,1,,,2.9518127441406254,112.615,
0,1,,,2.9926300048828125,112.649,
0,1,,,2.9926300048828125,112.682,
0,1,,,2.9617309570312504,112.715,
0,1,,,2.99072265625,112.749,
0,1,,,2.99072265625,112.782,
0,1,,,2.9682159423828125,112.816,
0,1,,,2.96478271484375,112.85,
0,1,,,2.96478271484375,112.883,
0,1,,,2.9655456542968754,112.917,
0,1,,,2.9479980468750004,112.95,
0,1,,,2.9479980468750004,112.983,
0,1,,,2.977752685546875,113.017,
0,1,,,2.956008911132813,113.05,
0,1,,,2.956008911132813,113.084,
0,1,,,2.9426574707031254,113.117,
0,1,,,2.949905395507813,113.15,
0,1,,,2.949905395507813,113.183,
0,1,,,2.9895782470703125,113.217,
0,1,,,2.9415130615234375,113.25,
0,1,,,2.9415130615234375,113.283,
0,1,,,2.942276000976563,113.317,
0,1,,,2.9556274414062504,113.35,
0,1,,,2.9556274414062504,113.384,
0,1,,,2.9594421386718754,113.417,
0,1,,,2.977752685546875,113.45,
0,1,,,2.977752685546875,113.484,
0,1,,,2.976226806640625,113.517,
0,1,,,2.9506683349609375,113.551,
0,1,,,2.9506683349609375,113.584,
0,1,,,2.961349487304688,113.618,
0,1,,,2.968597412109375,113.651,
0,1,,,2.968597412109375,113.684,
0,1,,,2.933502197265625,113.718,
0,1,,,2.954864501953125,113.751,
0,1,,,2.954864501953125,113.785,
0,1,,,2.9541015625000004,113.818,
0,1,,,2.9506683349609375,113.851,
0,1,,,2.9506683349609375,113.885,
0,1,,,2.956008911132813,113.918,
0,1,,,2.96630859375,113.952,
0,1,,,2.96630859375,113.985,
0,1,,,2.9666900634765625,114.019,
0,1,,,2.9415130615234375,114.052,
0,1,,,2.9415130615234375,114.086,
0,1,,,2.9590606689453125,114.119,
0,1,,,2.970123291015625,114.153,
0,1,,,2.970123291015625,114.186,
0,1,,,2.9697418212890625,114.22,
0,1,,,2.9453277587890625,114.254,
0,1,,,2.9453277587890625,114.287,
0,1,,,2.953720092773438,114.321,
0,1,,,2.9754638671875,114.355,
0,1,,,2.9754638671875,114.388,
0,1,,,2.977752685546875,114.422,
0,1,,,2.960205078125,114.455,
0,1,,,2.960205078125,114.489,
0,1,,,2.938461303710938,114.522,
0,1,,,2.9682159423828125,114.556,
0,1,,,2.9682159423828125,114.589,
0,1,,,2.9590606689453125,114.623,
0,1,,,2.9773712158203125,114.657,
0,1,,,2.9773712158203125,114.69,
0,1,,,2.954864501953125,114.724,
0,1,,,2.9785156250000004,114.757,
0,1,,,2.9785156250000004,114.791,
0,1,,,2.9476165771484375,114.824,
0,1,,,2.941131591796875,114.858,
0,1,,,2.941131591796875,114.892,
0,1,,,2.9590606689453125,114.925,
0,1,,,2.9518127441406254,114.959,
0,1,,,2.9518127441406254,114.993,
0,1,,,2.960968017578125,115.027,
0,1,,,2.972793579101563,115.06,
0,1,,,2.972793579101563,115.094,
0,1,,,2.9514312744140625,115.128,
0,1,,,2.9666900634765625,115.162,
0,1,,,2.9666900634765625,115.196,
0,1,,,2.9628753662109375,115.229,
0,1,,,2.9426574707031254,115.263,
0,1,,,2.9426574707031254,115.297,
0,1,,,2.9453277587890625,115.33,
0,1,,,2.952194213867188,115.364,
0,1,,,2.952194213867188,115.398,
0,1,,,2.9705047607421875,115.432,
0,1,,,2.9590606689453125,115.466,
0,1,,,2.9590606689453125,115.5,
0,1,,,2.98309326171875,115.534,
0,1,,,2.9571533203125,115.568,
0,1,,,2.9571533203125,115.602,
0,1,,,2.9731750488281254,115.637,
0,1,,,2.936935424804688,115.671,
0,1,,,2.936935424804688,115.705,
0,1,,,2.938079833984375,115.739,
0,1,,,2.948760986328125,115.773,
0,1,,,2.948760986328125,115.807,
0,1,,,2.9552459716796875,115.841,
0,1,,,2.935791015625,115.875,
0,1,,,2.935791015625,115.908,
0,1,,,2.940750122070313,115.942,
0,1,,,2.96630859375,115.976,
0,1,,,2.96630859375,116.009,
0,1,,,2.9544830322265625,116.043,
0,1,,,2.983856201171875,116.077,
0,1,,,2.983856201171875,116.111,
0,1,,,2.9876708984375,116.145,
0,1,,,2.963638305664063,116.178,
0,1,,,2.963638305664063,116.212,
0,1,,,2.9850006103515625,116.246,
0,1,,,2.944564819335938,116.28,
0,1,,,2.944564819335938,116.313,
0,1,,,2.956390380859375,116.347,
0,1,,,2.9621124267578125,116.381,
0,1,,,2.9621124267578125,116.415,
0,1,,,2.952194213867188,116.449,
0,1,,,2.9354095458984375,116.483,
0,1,,,2.9354095458984375,116.517,
0,1,,,2.944564819335938,116.552,
0,1,,,2.9705047607421875,116.586,
0,1,,,2.9705047607421875,116.62,
0,1,,,2.938079833984375,116.655,
0,1,,,2.9552459716796875,116.689,
0,1,,,2.9552459716796875,116.722,
0,1,,,2.9403686523437504,116.757,
0,1,,,2.964019775390625,116.791,
0,1,,,2.9392242431640625,116.824,
0,1,,,2.9392242431640625,116.859,
0,1,,,2.9655456542968754,116.893,
0,1,,,2.960968017578125,116.927,
0,1,,,2.960968017578125,116.961,
0,1,,,2.9621124267578125,116.995,
0,1,,,2.96783447265625,117.029,
0,1,,,2.96783447265625,117.063,
0,1,,,2.9785156250000004,117.097,
0,1,,,2.96783447265625,117.131,
0,1,,,2.96783447265625,117.165,
0,1,,,2.944564819335938,117.199,
0,1,,,2.953338623046875,117.233,
0,1,,,2.953338623046875,117.267,
0,1,,,2.9655456542968754,117.301,
0,1,,,2.956008911132813,117.335,
0,1,,,2.956008911132813,117.369,
0,1,,,2.9464721679687504,117.403,
0,1,,,2.96478271484375,117.438,
0,1,,,2.96478271484375,117.472,
0,1,,,2.9571533203125,117.506,
0,1,,,2.963638305664063,117.54,
0,1,,,2.963638305664063,117.574,
0,1,,,2.9731750488281254,117.608,
0,1,,,2.9808044433593754,117.643,
0,1,,,2.9808044433593754,117.677,
0,1,,,2.9899597167968754,117.711,
0,1,,,2.979278564453125,117.745,
0,1,,,2.979278564453125,117.779,
0,1,,,2.9758453369140625,117.813,
0,1,,,2.9552459716796875,117.847,
0,1,,,2.9552459716796875,117.881,
0,1,,,2.967453002929688,117.915,
0,1,,,2.933120727539063,117.949,
0,1,,,2.933120727539063,117.984,
0,1,,,2.931976318359375,118.018,
0,1,,,2.9834747314453125,118.052,
0,1,,,2.9834747314453125,118.086,
0,1,,,2.9415130615234375,118.12,
0,1,,,2.968978881835938,118.154,
0,1,,,2.9644012451171875,118.188,
0,1,,,2.9644012451171875,118.223,
0,1,,,2.9754638671875,118.257,
0,1,,,2.95257568359375,118.291,
0,1,,,2.95257568359375,118.325,
0,1,,,2.9464721679687504,118.359,
0,1,,,2.9823303222656254,118.393,
0,1,,,2.9823303222656254,118.427,
0,1,,,2.9884338378906254,118.462,
0,1,,,2.971267700195313,118.496,
0,1,,,2.971267700195313,118.53,
0,1,,,2.9926300048828125,118.564,
0,1,,,2.970123291015625,118.599,
0,1,,,2.970123291015625,118.633,
0,1,,,2.956008911132813,118.667,
0,1,,,2.9964447021484375,118.701,
0,1,,,2.9964447021484375,118.736,
0,1,,,2.944564819335938,118.77,
0,1,,,2.9720306396484375,118.804,
0,1,,,2.9720306396484375,118.839,
0,1,,,2.977752685546875,118.873,
0,1,,,2.964019775390625,118.907,
0,1,,,2.964019775390625,118.941,
0,1,,,2.9926300048828125,118.975,
0,1,,,2.9872894287109375,119.01,
0,1,,,2.9872894287109375,119.044,
0,1,,,2.9491424560546875,119.078,
0,1,,,2.988052368164063,119.113,
0,1,,,2.988052368164063,119.147,
0,1,,,2.965164184570313,119.181,
0,1,,,2.9426574707031254,119.216,
0,1,,,2.9605865478515625,119.25,
0,1,,,2.9605865478515625,119.284,
0,1,,,2.9857635498046875,119.318,
0,1,,,2.9697418212890625,119.353,
0,1,,,2.9697418212890625,119.387,
0,1,,,2.975082397460938,119.421,
0,1,,,2.952194213867188,119.455,
0,1,,,2.952194213867188,119.49,
0,1,,,2.9621124267578125,119.524,
0,1,,,2.965164184570313,119.559,
0,1,,,2.965164184570313,119.594,
0,1,,,2.953720092773438,119.628,
0,1,,,2.945709228515625,119.663,
0,1,,,2.945709228515625,119.697,
0,1,,,2.960968017578125,119.731,
0,1,,,2.9430389404296875,119.766,
0,1,,,2.9430389404296875,119.8,
0,1,,,2.9552459716796875,119.834,
0,1,,,2.9567718505859375,119.868,
0,1,,,2.9567718505859375,119.903,
0,1,,,2.957534790039063,119.937,
0,1,,,2.9659271240234375,119.971,
0,1,,,2.9659271240234375,120.006,
0,1,,,2.960968017578125,120.04,
0,1,,,2.9571533203125,120.074,
0,1,,,2.9811859130859375,120.109,
0,1,,,2.9811859130859375,120.143,
0,1,,,2.957534790039063,120.178,
0,1,,,2.952194213867188,120.212,
0,1,,,2.952194213867188,120.246,
0,1,,,2.9785156250000004,120.28,
0,1,,,2.960968017578125,120.315,
0,1,,,2.960968017578125,120.349,
0,1,,,2.9819488525390625,120.383,
0,1,,,2.9754638671875,120.418,
0,1,,,2.9754638671875,120.452,
0,1,,,2.9541015625000004,120.487,
0,1,,,2.9571533203125,120.522,
0,1,,,2.9571533203125,120.557,
0,1,,,2.9556274414062504,120.591,
0,1,,,2.9392242431640625,120.625,
0,1,,,2.9392242431640625,120.66,
0,1,,,2.9552459716796875,120.694,
0,1,,,2.9605865478515625,120.729,
0,1,,,2.9605865478515625,120.763,
0,1,,,2.9464721679687504,120.798,
0,1,,,2.9388427734375004,120.832,
0,1,,,2.9670715332031254,120.867,
0,1,,,2.9670715332031254,120.902,
0,1,,,2.9823303222656254,120.936,
0,1,,,2.944564819335938,120.971,
0,1,,,2.944564819335938,121.006,
0,1,,,2.948379516601563,121.04,
0,1,,,2.9529571533203125,121.075,
0,1,,,2.9529571533203125,121.109,
0,1,,,2.9888153076171875,121.144,
0,1,,,2.963638305664063,121.179,
0,1,,,2.963638305664063,121.213,
0,1,,,2.9594421386718754,121.248,
0,1,,,2.953338623046875,121.283,
0,1,,,2.953338623046875,121.317,
0,1,,,3.015899658203125,121.352,
0,1,,,2.9758453369140625,121.387,
0,1,,,2.9972076416015625,121.421,
0,1,,,2.9972076416015625,121.456,
0,1,,,2.9747009277343754,121.491,
0,1,,,2.9846191406250004,121.526,
0,1,,,2.9846191406250004,121.56,
0,1,,,2.95257568359375,121.595,
0,1,,,2.982711791992188,121.63,
0,1,,,2.982711791992188,121.665,
0,1,,,2.971649169921875,121.699,
0,1,,,2.9754638671875,121.734,
0,1,,,2.9754638671875,121.769,
0,1,,,2.975082397460938,121.804,
0,1,,,2.9590606689453125,121.839,
0,1,,,2.9590606689453125,121.874,
0,1,,,2.9697418212890625,121.909,
0,1,,,2.994155883789063,121.944,
0,1,,,2.9571533203125,121.979,
0,1,,,2.9571533203125,122.014,
0,1,,,2.95257568359375,122.049,
0,1,,,2.9911041259765625,122.084,
0,1,,,2.9911041259765625,122.119,
0,1,,,2.990341186523438,122.154,
0,1,,,2.970123291015625,122.189,
0,1,,,2.970123291015625,122.223,
0,1,,,2.9655456542968754,122.258,
0,1,,,2.94189453125,122.294,
0,1,,,2.94189453125,122.329,
0,1,,,2.953720092773438,122.364,
0,1,,,2.924346923828125,122.399,
0,1,,,2.971649169921875,122.434,
0,1,,,2.971649169921875,122.469,
0,1,,,2.9850006103515625,122.504,
0,1,,,2.957534790039063,122.539,
0,1,,,2.957534790039063,122.575,
0,1,,,2.9697418212890625,122.61,
0,1,,,2.9582977294921875,122.645,
0,1,,,2.9582977294921875,122.68,
0,1,,,2.9502868652343754,122.715,
0,1,,,2.9544830322265625,122.749,
0,1,,,2.9544830322265625,122.784,
0,1,,,2.9628753662109375,122.819,
0,1,,,2.9582977294921875,122.853,
0,1,,,2.9541015625000004,122.888,
0,1,,,2.9541015625000004,122.923,
0,1,,,2.948760986328125,122.958,
0,1,,,2.954864501953125,122.992,
0,1,,,2.954864501953125,123.027,
0,1,,,2.934646606445313,123.062,
0,1,,,2.9399871826171875,123.097,
0,1,,,2.9399871826171875,123.132,
0,1,,,2.9617309570312504,123.166,
0,1,,,2.960205078125,123.201,
0,1,,,2.960205078125,123.236,
0,1,,,2.978897094726563,123.271,
0,1,,,2.965164184570313,123.306,
0,1,,,2.96630859375,123.34,
0,1,,,2.96630859375,123.375,
0,1,,,2.9296875,123.41,
0,1,,,2.9327392578125004,123.445,
0,1,,,2.9327392578125004,123.48,
0,1,,,2.967453002929688,123.514,
0,1,,,2.9628753662109375,123.549,
0,1,,,2.9628753662109375,123.584,
0,1,,,2.9518127441406254,123.619,
0,1,,,2.94189453125,123.654,
0,1,,,2.94189453125,123.689,
0,1,,,2.960205078125,123.724,
0,1,,,2.9491424560546875,123.759,
0,1,,,2.9491424560546875,123.794,
0,1,,,2.9430389404296875,123.829,
0,1,,,2.9571533203125,123.864,
0,1,,,2.946090698242188,123.898,
0,1,,,2.946090698242188,123.933,
0,1,,,2.9670715332031254,123.968,
0,1,,,2.9430389404296875,124.003,
0,1,,,2.9430389404296875,124.038,
0,1,,,2.9659271240234375,124.073,
0,1,,,2.972412109375,124.108,
0,1,,,2.972412109375,124.142,
0,1,,,2.9769897460937504,124.177,
0,1,,,2.9731750488281254,124.212,
0,1,,,2.9731750488281254,124.247,
0,1,,,2.9491424560546875,124.282,
0,1,,,2.9659271240234375,124.317,
0,1,,,2.964019775390625,124.352,
0,1,,,2.964019775390625,124.387,
0,1,,,2.9590606689453125,124.422,
0,1,,,2.9567718505859375,124.457,
0,1,,,2.9567718505859375,124.492,
0,1,,,2.962493896484375,124.527,
0,1,,,2.9399871826171875,124.562,
0,1,,,2.9399871826171875,124.597,
0,1,,,2.9453277587890625,124.631,
0,1,,,2.9571533203125,124.666,
0,1,,,2.9571533203125,124.702,
0,1,,,2.965164184570313,124.737,
0,1,,,2.9605865478515625,124.771,
0,1,,,2.990341186523438,124.806,
0,1,,,2.990341186523438,124.841,
0,1,,,2.9605865478515625,124.876,
0,1,,,2.953720092773438,124.911,
0,1,,,2.953720092773438,124.946,
0,1,,,2.963638305664063,124.981,
0,1,,,2.963638305664063,125.016,
0,1,,,2.963638305664063,125.051,
0,1,,,2.965164184570313,125.087,
0,1,,,2.9823303222656254,125.121,
0,1,,,2.9823303222656254,125.157,
0,1,,,2.9628753662109375,125.191,
0,1,,,2.968597412109375,125.227,
0,1,,,2.971267700195313,125.262,
0,1,,,2.971267700195313,125.297,
0,1,,,2.9666900634765625,125.332,
0,1,,,2.9693603515625004,125.367,
0,1,,,2.9693603515625004,125.402,
0,1,,,2.995681762695313,125.437,
0,1,,,2.9621124267578125,125.472,
0,1,,,2.9621124267578125,125.508,
0,1,,,2.988052368164063,125.543,
0,1,,,2.9491424560546875,125.578,
0,1,,,2.9491424560546875,125.613,
0,1,,,2.9815673828125,125.648,
0,1,,,2.956008911132813,125.684,
0,1,,,2.9834747314453125,125.72,
0,1,,,2.9834747314453125,125.755,
0,1,,,2.9430389404296875,125.791,
0,1,,,2.968978881835938,125.827,
0,1,,,2.968978881835938,125.862,
0,1,,,2.939605712890625,125.898,
0,1,,,2.972412109375,125.934,
0,1,,,2.9834747314453125,125.969,
0,1,,,2.9834747314453125,126.005,
0,1,,,2.9670715332031254,126.04,
0,1,,,2.9731750488281254,126.075,
0,1,,,2.9731750488281254,126.111,
0,1,,,2.938079833984375,126.146,
0,1,,,2.9628753662109375,126.181,
0,1,,,2.9628753662109375,126.217,
0,1,,,2.9579162597656254,126.252,
0,1,,,2.984237670898438,126.288,
0,1,,,2.9514312744140625,126.323,
0,1,,,2.9514312744140625,126.358,
0,1,,,2.93731689453125,126.394,
0,1,,,2.9529571533203125,126.429,
0,1,,,2.9529571533203125,126.464,
0,1,,,2.9300689697265625,126.5,
0,1,,,2.9758453369140625,126.535,
0,1,,,2.9758453369140625,126.57,
0,1,,,2.9720306396484375,126.606,
0,1,,,2.946090698242188,126.642,
0,1,,,2.953338623046875,126.678,
0,1,,,2.953338623046875,126.714,
0,1,,,2.9872894287109375,126.75,
0,1,,,2.9922485351562504,126.785,
0,1,,,2.9922485351562504,126.82,
0,1,,,2.9747009277343754,126.855,
0,1,,,2.975082397460938,126.891,
0,1,,,2.975082397460938,126.926,
0,1,,,2.995681762695313,126.962,
0,1,,,2.9743194580078125,126.997,
0,1,,,2.9884338378906254,127.033,
0,1,,,2.9884338378906254,127.068,
0,1,,,2.931976318359375,127.103,
0,1,,,2.957534790039063,127.139,
0,1,,,2.957534790039063,127.174,
0,1,,,2.95867919921875,127.209,
0,1,,,2.9315948486328125,127.245,
0,1,,,2.9315948486328125,127.28,
0,1,,,2.9670715332031254,127.315,
0,1,,,2.977752685546875,127.351,
0,1,,,2.9415130615234375,127.386,
0,1,,,2.9415130615234375,127.422,
0,1,,,2.99530029296875,127.457,
0,1,,,2.968597412109375,127.493,
0,1,,,2.968597412109375,127.528,
0,1,,,2.952194213867188,127.563,
0,1,,,2.977752685546875,127.599,
0,1,,,2.94952392578125,127.634,
0,1,,,2.94952392578125,127.669,
0,1,,,2.9388427734375004,127.705,
0,1,,,2.957534790039063,127.741,
0,1,,,2.957534790039063,127.776,
0,1,,,2.968597412109375,127.811,
0,1,,,2.9781341552734375,127.847,
0,1,,,2.9781341552734375,127.883,
0,1,,,2.9514312744140625,127.918,
0,1,,,2.957534790039063,127.954,
0,1,,,2.986526489257813,127.989,
0,1,,,2.986526489257813,128.025,
0,1,,,2.9449462890625,128.06,
0,1,,,2.9552459716796875,128.096,
0,1,,,2.9552459716796875,128.132,
0,1,,,2.9834747314453125,128.167,
0,1,,,2.971649169921875,128.203,
0,1,,,2.971649169921875,128.239,
0,1,,,2.9438018798828125,128.274,
0,1,,,2.948760986328125,128.31,
0,1,,,2.9628753662109375,128.345,
0,1,,,2.9628753662109375,128.381,
0,1,,,2.948760986328125,128.416,
0,1,,,2.967453002929688,128.452,
0,1,,,2.967453002929688,128.487,
0,1,,,2.9705047607421875,128.523,
0,1,,,2.9884338378906254,128.558,
0,1,,,2.9518127441406254,128.594,
0,1,,,2.9518127441406254,128.629,
0,1,,,2.982711791992188,128.665,
0,1,,,2.9514312744140625,128.701,
0,1,,,2.9514312744140625,128.737,
0,1,,,2.971267700195313,128.772,
0,1,,,2.976226806640625,128.808,
0,1,,,2.976226806640625,128.843,
0,1,,,2.96630859375,128.879,
0,1,,,2.976608276367188,128.915,
0,1,,,3.017044067382813,128.95,
0,1,,,3.017044067382813,128.986,
0,1,,,2.9659271240234375,129.021,
0,1,,,2.968597412109375,129.057,
0,1,,,2.968597412109375,129.092,
0,1,,,2.9514312744140625,129.128,
0,1,,,2.960205078125,129.164,
0,1,,,2.960205078125,129.2,
0,1,,,2.9922485351562504,129.236,
0,1,,,2.9743194580078125,129.272,
0,1,,,2.9834747314453125,129.308,
0,1,,,2.9834747314453125,129.344,
0,1,,,2.9251098632812504,129.38,
0,1,,,2.970123291015625,129.416,
0,1,,,2.970123291015625,129.451,
0,1,,,2.9731750488281254,129.487,
0,1,,,2.9911041259765625,129.523,
0,1,,,2.98004150390625,129.558,
0,1,,,2.98004150390625,129.594,
0,1,,,2.9720306396484375,129.629,
0,1,,,2.9556274414062504,129.665,
0,1,,,2.9556274414062504,129.701,
0,1,,,2.96630859375,129.737,
0,1,,,2.9617309570312504,129.773,
0,1,,,2.9430389404296875,129.808,
0,1,,,2.9430389404296875,129.844,
0,1,,,2.960205078125,129.88,
0,1,,,2.977752685546875,129.915,
0,1,,,2.977752685546875,129.951,
0,1,,,2.9541015625000004,129.987,
0,1,,,2.9811859130859375,130.022,
0,1,,,2.9811859130859375,130.058,
0,1,,,2.99530029296875,130.094,
0,1,,,3.0193328857421875,130.13,
0,1,,,3.0193328857421875,130.165,
0,1,,,3.0193328857421875,130.201,
0,1,,,2.978897094726563,130.237,
0,1,,,2.9697418212890625,130.273,
0,1,,,2.9697418212890625,130.309,
0,1,,,2.9300689697265625,130.345,
0,1,,,2.9735565185546875,130.38,
0,1,,,2.9605865478515625,130.416,
0,1,,,2.9605865478515625,130.452,
0,1,,,2.961349487304688,130.488,
0,1,,,2.9747009277343754,130.524,
0,1,,,2.9747009277343754,130.56,
0,1,,,2.957534790039063,130.596,
0,1,,,2.953720092773438,130.632,
0,1,,,2.977752685546875,130.668,
0,1,,,2.977752685546875,130.704,
0,1,,,2.991485595703125,130.74,
0,1,,,2.9617309570312504,130.776,
0,1,,,2.9617309570312504,130.812,
0,1,,,2.965164184570313,130.848,
0,1,,,2.9617309570312504,130.884,
0,1,,,2.9808044433593754,130.921,
0,1,,,2.9808044433593754,130.958,
0,1,,,2.968978881835938,130.994,
0,1,,,2.9785156250000004,131.03,
0,1,,,2.9785156250000004,131.066,
0,1,,,2.9872894287109375,131.102,
0,1,,,2.96783447265625,131.138,
0,1,,,2.9888153076171875,131.174,
0,1,,,2.9888153076171875,131.209,
0,1,,,2.971267700195313,131.245,
0,1,,,3.005599975585938,131.281,
0,1,,,3.005599975585938,131.317,
0,1,,,2.964019775390625,131.353,
0,1,,,2.9605865478515625,131.389,
0,1,,,2.95257568359375,131.425,
0,1,,,2.95257568359375,131.461,
0,1,,,2.94189453125,131.497,
0,1,,,2.954864501953125,131.533,
0,1,,,2.954864501953125,131.57,
0,1,,,3.0040740966796875,131.606,
0,1,,,2.997970581054688,131.642,
0,1,,,2.941131591796875,131.678,
0,1,,,2.941131591796875,131.714,
0,1,,,2.9594421386718754,131.75,
0,1,,,3.001785278320313,131.786,
0,1,,,3.001785278320313,131.822,
0,1,,,2.9708862304687504,131.858,
0,1,,,2.994537353515625,131.894,
0,1,,,2.953338623046875,131.93,
0,1,,,2.953338623046875,131.967,
0,1,,,2.9567718505859375,132.003,
0,1,,,2.953720092773438,132.038,
0,1,,,2.953720092773438,132.074,
0,1,,,2.9590606689453125,132.11,
0,1,,,2.95257568359375,132.146,
0,1,,,2.9937744140625004,132.183,
0,1,,,2.9937744140625004,132.219,
0,1,,,2.9544830322265625,132.254,
0,1,,,2.9834747314453125,132.289,
0,1,,,2.9834747314453125,132.325,
0,1,,,2.986526489257813,132.361,
0,1,,,2.971267700195313,132.397,
0,1,,,2.9655456542968754,132.433,
0,2,,,3.071975708007813,133.451,
0,2,,,3.071975708007813,133.478,
0,2,,,3.271484375,133.505,
0,2,,,3.271484375,133.532,
0,2,,,3.2482147216796875,133.56,
0,2,,,3.2482147216796875,133.587,
0,2,,,3.2566070556640625,133.614,
0,2,,,3.2566070556640625,133.641,
0,2,,,3.284454345703125,133.669,
0,2,,,3.2722473144531254,133.696,
0,2,,,3.2722473144531254,133.723,
0,2,,,3.281402587890625,133.751,
0,2,,,3.281402587890625,133.778,
0,2,,,3.274154663085938,133.805,
0,2,,,3.274154663085938,133.833,
0,2,,,3.2707214355468754,133.86,
0,2,,,3.2707214355468754,133.888,
0,2,,,3.260040283203125,133.915,
0,2,,,3.260040283203125,133.943,
0,2,,,3.2493591308593754,133.97,
0,2,,,3.2493591308593754,133.997,
0,2,,,3.2531738281250004,134.025,
0,2,,,3.2592773437500004,134.052,
0,2,,,3.2592773437500004,134.08,
0,2,,,3.2722473144531254,134.108,
0,2,,,3.2722473144531254,134.135,
0,2,,,3.2516479492187504,134.163,
0,2,,,3.2516479492187504,134.19,
0,2,,,3.2711029052734375,134.218,
0,2,,,3.2711029052734375,134.245,
0,2,,,3.2787322998046875,134.272,
0,2,,,3.2787322998046875,134.3,
0,2,,,3.2505035400390625,134.327,
0,2,,,3.265380859375,134.355,
0,2,,,3.265380859375,134.383,
0,2,,,3.2482147216796875,134.41,
0,2,,,3.2482147216796875,134.438,
0,2,,,3.245925903320313,134.465,
0,2,,,3.245925903320313,134.493,
0,2,,,3.2657623291015625,134.521,
0,2,,,3.2657623291015625,134.548,
0,2,,,3.243255615234375,134.576,
0,2,,,3.243255615234375,134.603,
0,2,,,3.2592773437500004,134.631,
0,2,,,3.266143798828125,134.659,
0,2,,,3.266143798828125,134.686,
0,2,,,3.2756805419921875,134.714,
0,2,,,3.2756805419921875,134.742,
0,2,,,3.24859619140625,134.769,
0,2,,,3.24859619140625,134.797,
0,2,,,3.2608032226562504,134.825,
0,2,,,3.2608032226562504,134.853,
0,2,,,3.2783508300781254,134.88,
0,2,,,3.2531738281250004,134.908,
0,2,,,3.2531738281250004,134.936,
0,2,,,3.26385498046875,134.964,
0,2,,,3.26385498046875,134.992,
0,2,,,3.2604217529296875,135.02,
0,2,,,3.2604217529296875,135.048,
0,2,,,3.2379150390625004,135.076,
0,2,,,3.2379150390625004,135.104,
0,2,,,3.258514404296875,135.132,
0,2,,,3.258514404296875,135.16,
0,2,,,3.251266479492188,135.188,
0,2,,,3.255081176757813,135.216,
0,2,,,3.255081176757813,135.244,
0,2,,,3.2375335693359375,135.272,
0,2,,,3.2375335693359375,135.3,
0,2,,,3.250885009765625,135.328,
0,2,,,3.250885009765625,135.357,
0,2,,,3.23333740234375,135.384,
0,2,,,3.23333740234375,135.412,
0,2,,,3.285598754882813,135.44,
0,2,,,3.2531738281250004,135.468,
0,2,,,3.2531738281250004,135.496,
0,2,,,3.277587890625,135.524,
0,2,,,3.277587890625,135.552,
0,2,,,3.2390594482421875,135.581,
0,2,,,3.2390594482421875,135.609,
0,2,,,3.2375335693359375,135.637,
0,2,,,3.2375335693359375,135.665,
0,2,,,3.2337188720703125,135.693,
0,2,,,3.2928466796875,135.721,
0,2,,,3.2928466796875,135.749,
0,2,,,3.271484375,135.777,
0,2,,,3.271484375,135.805,
0,2,,,3.238296508789063,135.833,
0,2,,,3.238296508789063,135.861,
0,2,,,3.2413482666015625,135.889,
0,2,,,3.2413482666015625,135.917,
0,2,,,3.249740600585938,135.945,
0,2,,,3.2707214355468754,135.973,
0,2,,,3.2707214355468754,136.001,
0,2,,,3.2623291015625,136.029,
0,2,,,3.2623291015625,136.057,
0,2,,,3.3039093017578125,136.086,
0,2,,,3.3039093017578125,136.114,
0,2,,,3.251266479492188,136.142,
0,2,,,3.251266479492188,136.17,
0,2,,,3.260040283203125,136.198,
0,2,,,3.252410888671875,136.226,
0,2,,,3.252410888671875,136.254,
0,2,,,3.2669067382812504,136.282,
0,2,,,3.2669067382812504,136.31,
0,2,,,3.285598754882813,136.338,
0,2,,,3.285598754882813,136.367,
0,2,,,3.2402038574218754,136.395,
0,2,,,3.2402038574218754,136.423,
0,2,,,3.257369995117188,136.451,
0,2,,,3.272628784179688,136.479,
0,2,,,3.272628784179688,136.508,
0,2,,,3.276443481445313,136.536,
0,2,,,3.276443481445313,136.564,
0,2,,,3.273773193359375,136.592,
0,2,,,3.273773193359375,136.62,
0,2,,,3.277969360351563,136.649,
0,2,,,3.2974243164062504,136.677,
0,2,,,3.2974243164062504,136.705,
0,2,,,3.277969360351563,136.733,
0,2,,,3.277969360351563,136.761,
0,2,,,3.2619476318359375,136.79,
0,2,,,3.2619476318359375,136.818,
0,2,,,3.234481811523438,136.846,
0,2,,,3.234481811523438,136.874,
0,2,,,3.261566162109375,136.903,
0,2,,,3.265380859375,136.931,
0,2,,,3.265380859375,136.959,
0,2,,,3.2707214355468754,136.988,
0,2,,,3.2707214355468754,137.016,
0,2,,,3.2520294189453125,137.044,
0,2,,,3.2520294189453125,137.073,
0,2,,,3.266143798828125,137.101,
0,2,,,3.266143798828125,137.129,
0,2,,,3.2493591308593754,137.157,
0,2,,,3.26995849609375,137.185,
0,2,,,3.26995849609375,137.213,
0,2,,,3.2848358154296875,137.241,
0,2,,,3.2848358154296875,137.269,
0,2,,,3.2531738281250004,137.297,
0,2,,,3.2531738281250004,137.325,
0,2,,,3.2619476318359375,137.353,
0,2,,,3.2619476318359375,137.382,
0,2,,,3.23486328125,137.41,
0,2,,,3.2909393310546875,137.439,
0,2,,,3.2909393310546875,137.467,
0,2,,,3.2505035400390625,137.495,
0,2,,,3.2505035400390625,137.523,
0,2,,,3.2482147216796875,137.551,
0,2,,,3.2482147216796875,137.58,
0,2,,,3.243637084960938,137.608,
0,2,,,3.2821655273437504,137.637,
0,2,,,3.2821655273437504,137.666,
0,2,,,3.25469970703125,137.694,
0,2,,,3.25469970703125,137.723,
0,2,,,3.261566162109375,137.751,
0,2,,,3.261566162109375,137.78,
0,2,,,3.270339965820313,137.809,
0,2,,,3.270339965820313,137.838,
0,2,,,3.2657623291015625,137.866,
0,2,,,3.258514404296875,137.895,
0,2,,,3.258514404296875,137.924,
0,2,,,3.2470703125,137.952,
0,2,,,3.2470703125,137.981,
0,2,,,3.2630920410156254,138.009,
0,2,,,3.2630920410156254,138.038,
0,2,,,3.2554626464843754,138.067,
0,2,,,3.2543182373046875,138.095,
0,2,,,3.2543182373046875,138.124,
0,2,,,3.253555297851563,138.153,
0,2,,,3.253555297851563,138.181,
0,2,,,3.2604217529296875,138.21,
0,2,,,3.2604217529296875,138.239,
0,2,,,3.26385498046875,138.268,
0,2,,,3.2798767089843754,138.297,
0,2,,,3.2798767089843754,138.326,
0,2,,,3.2718658447265625,138.354,
0,2,,,3.2718658447265625,138.383,
0,2,,,3.262710571289063,138.412,
0,2,,,3.262710571289063,138.441,
0,2,,,3.2516479492187504,138.47,
0,2,,,3.2772064208984375,138.498,
0,2,,,3.2772064208984375,138.527,
0,2,,,3.2657623291015625,138.556,
0,2,,,3.2657623291015625,138.585,
0,2,,,3.247451782226563,138.614,
0,2,,,3.247451782226563,138.643,
0,2,,,3.2482147216796875,138.671,
0,2,,,3.25775146484375,138.7,
0,2,,,3.25775146484375,138.729,
0,2,,,3.2760620117187504,138.758,
0,2,,,3.2760620117187504,138.787,
0,2,,,3.2684326171875004,138.815,
0,2,,,3.2684326171875004,138.844,
0,2,,,3.2859802246093754,138.873,
0,2,,,3.2379150390625004,138.902,
0,2,,,3.2379150390625004,138.931,
0,2,,,3.281402587890625,138.959,
0,2,,,3.281402587890625,138.988,
0,2,,,3.2684326171875004,139.017,
0,2,,,3.2684326171875004,139.046,
0,2,,,3.267669677734375,139.075,
0,2,,,3.2711029052734375,139.104,
0,2,,,3.2711029052734375,139.133,
0,2,,,3.253555297851563,139.162,
0,2,,,3.253555297851563,139.191,
0,2,,,3.2604217529296875,139.22,
0,2,,,3.2604217529296875,139.249,
0,2,,,3.2722473144531254,139.278,
0,2,,,3.269195556640625,139.307,
0,2,,,3.269195556640625,139.336,
0,2,,,3.2623291015625,139.365,
0,2,,,3.2623291015625,139.394,
0,2,,,3.265380859375,139.423,
0,2,,,3.265380859375,139.452,
0,2,,,3.281784057617188,139.481,
0,2,,,3.2501220703125,139.51,
0,2,,,3.2501220703125,139.539,
0,2,,,3.247451782226563,139.568,
0,2,,,3.247451782226563,139.597,
0,2,,,3.2592773437500004,139.626,
0,2,,,3.2592773437500004,139.655,
0,2,,,3.2680511474609375,139.685,
0,2,,,3.2482147216796875,139.714,
0,2,,,3.2482147216796875,139.743,
0,2,,,3.2527923583984375,139.772,
0,2,,,3.2527923583984375,139.802,
0,2,,,3.267669677734375,139.831,
0,2,,,3.270339965820313,139.86,
0,2,,,3.270339965820313,139.89,
0,2,,,3.2337188720703125,139.919,
0,2,,,3.2337188720703125,139.948,
0,2,,,3.2566070556640625,139.977,
0,2,,,3.2566070556640625,140.006,
0,2,,,3.299713134765625,140.035,
0,2,,,3.2798767089843754,140.064,
0,2,,,3.2798767089843754,140.093,
0,2,,,3.2642364501953125,140.123,
0,2,,,3.2642364501953125,140.152,
0,2,,,3.246307373046875,140.181,
0,2,,,3.246307373046875,140.21,
0,2,,,3.2596588134765625,140.239,
0,2,,,3.2821655273437504,140.268,
0,2,,,3.2821655273437504,140.297,
0,2,,,3.2707214355468754,140.327,
0,2,,,3.2707214355468754,140.356,
0,2,,,3.268814086914063,140.385,
0,2,,,3.2581329345703125,140.414,
0,2,,,3.2581329345703125,140.443,
0,2,,,3.25469970703125,140.472,
0,2,,,3.25469970703125,140.501,
0,2,,,3.2669067382812504,140.531,
0,2,,,3.2669067382812504,140.56,
0,2,,,3.260040283203125,140.589,
0,2,,,3.2566070556640625,140.618,
0,2,,,3.2566070556640625,140.648,
0,2,,,3.276824951171875,140.677,
0,2,,,3.276824951171875,140.706,
0,2,,,3.238677978515625,140.735,
0,2,,,3.238677978515625,140.764,
0,2,,,3.245925903320313,140.794,
0,2,,,3.25775146484375,140.823,
0,2,,,3.25775146484375,140.852,
0,2,,,3.2836914062500004,140.881,
0,2,,,3.2836914062500004,140.911,
0,2,,,3.257369995117188,140.94,
0,2,,,3.2634735107421875,140.969,
0,2,,,3.2634735107421875,140.999,
0,2,,,3.2711029052734375,141.028,
0,2,,,3.2711029052734375,141.058,
0,2,,,3.26995849609375,141.087,
0,2,,,3.26995849609375,141.117,
0,2,,,3.258895874023438,141.146,
0,2,,,3.2375335693359375,141.175,
0,2,,,3.2375335693359375,141.205,
0,2,,,3.258895874023438,141.234,
0,2,,,3.258895874023438,141.263,
0,2,,,3.2562255859375,141.293,
0,2,,,3.2562255859375,141.322,
0,2,,,3.24249267578125,141.351,
0,2,,,3.284072875976563,141.381,
0,2,,,3.284072875976563,141.41,
0,2,,,3.293228149414063,141.439,
0,2,,,3.293228149414063,141.469,
0,2,,,3.2482147216796875,141.498,
0,2,,,3.2680511474609375,141.527,
0,2,,,3.2680511474609375,141.557,
0,2,,,3.282928466796875,141.586,
0,2,,,3.282928466796875,141.615,
0,2,,,3.2634735107421875,141.645,
0,2,,,3.2634735107421875,141.674,
0,2,,,3.2516479492187504,141.704,
0,2,,,3.226852416992188,141.733,
0,2,,,3.226852416992188,141.763,
0,2,,,3.2428741455078125,141.792,
0,2,,,3.2428741455078125,141.822,
0,2,,,3.26385498046875,141.851,
0,2,,,3.27301025390625,141.881,
0,2,,,3.27301025390625,141.91,
0,2,,,3.2604217529296875,141.939,
0,2,,,3.2604217529296875,141.969,
0,2,,,3.2630920410156254,141.998,
0,2,,,3.2630920410156254,142.028,
0,2,,,3.2569885253906254,142.058,
0,2,,,3.2375335693359375,142.088,
0,2,,,3.2375335693359375,142.117,
0,2,,,3.285598754882813,142.147,
0,2,,,3.285598754882813,142.176,
0,2,,,3.266143798828125,142.206,
0,2,,,3.2608032226562504,142.235,
0,2,,,3.2608032226562504,142.265,
0,2,,,3.2833099365234375,142.294,
0,2,,,3.2833099365234375,142.324,
0,2,,,3.242111206054688,142.354,
0,2,,,3.242111206054688,142.383,
0,2,,,3.2642364501953125,142.413,
0,2,,,3.2722473144531254,142.442,
0,2,,,3.2722473144531254,142.472,
0,2,,,3.2489776611328125,142.501,
0,2,,,3.2489776611328125,142.531,
0,2,,,3.261184692382813,142.561,
0,2,,,3.235626220703125,142.59,
0,2,,,3.235626220703125,142.62,
0,2,,,3.251266479492188,142.649,
0,2,,,3.251266479492188,142.679,
0,2,,,3.28521728515625,142.709,
0,2,,,3.267669677734375,142.738,
0,2,,,3.267669677734375,142.768,
0,2,,,3.2783508300781254,142.797,
0,2,,,3.2783508300781254,142.826,
0,2,,,3.2711029052734375,142.855,
0,2,,,3.2711029052734375,142.885,
0,2,,,3.2859802246093754,142.915,
0,2,,,3.2783508300781254,142.944,
0,2,,,3.2783508300781254,142.974,
0,2,,,3.257369995117188,143.004,
0,2,,,3.257369995117188,143.034,
0,2,,,3.25469970703125,143.063,
0,2,,,3.261184692382813,143.092,
0,2,,,3.261184692382813,143.121,
0,2,,,3.2680511474609375,143.151,
0,2,,,3.2680511474609375,143.18,
0,2,,,3.2363891601562504,143.21,
0,2,,,3.2363891601562504,143.24,
0,2,,,3.2646179199218754,143.269,
0,2,,,3.296661376953125,143.299,
0,2,,,3.296661376953125,143.328,
0,2,,,3.258514404296875,143.357,
0,2,,,3.258514404296875,143.387,
0,2,,,3.265380859375,143.417,
0,2,,,3.262710571289063,143.447,
0,2,,,3.262710571289063,143.476,
0,2,,,3.2630920410156254,143.506,
0,2,,,3.2630920410156254,143.536,
0,2,,,3.243255615234375,143.566,
0,2,,,3.243255615234375,143.595,
0,2,,,3.260040283203125,143.624,
0,2,,,3.2581329345703125,143.654,
0,2,,,3.2581329345703125,143.683,
0,2,,,3.275299072265625,143.713,
0,2,,,3.275299072265625,143.743,
0,2,,,3.246307373046875,143.773,
0,2,,,3.3214569091796875,143.802,
0,2,,,3.3214569091796875,143.831,
0,2,,,3.2543182373046875,143.861,
0,2,,,3.2543182373046875,143.89,
0,2,,,3.268814086914063,143.92,
0,2,,,3.2581329345703125,143.95,
0,2,,,3.2581329345703125,143.98,
0,2,,,3.2520294189453125,144.01,
0,2,,,3.2520294189453125,144.04,
0,2,,,3.2596588134765625,144.07,
0,2,,,3.2596588134765625,144.099,
0,2,,,3.2913208007812504,144.128,
0,2,,,3.25775146484375,144.159,
0,2,,,3.25775146484375,144.189,
0,2,,,3.252410888671875,144.219,
0,2,,,3.252410888671875,144.249,
0,2,,,3.2711029052734375,144.279,
0,2,,,3.2260894775390625,144.309,
0,2,,,3.2260894775390625,144.339,
0,2,,,3.30810546875,144.369,
0,2,,,3.30810546875,144.398,
0,2,,,3.273773193359375,144.428,
0,2,,,3.2562255859375,144.457,
0,2,,,3.2562255859375,144.487,
0,2,,,3.280258178710938,144.517,
0,2,,,3.280258178710938,144.547,
0,2,,,3.2646179199218754,144.577,
0,2,,,3.276443481445313,144.607,
0,2,,,3.276443481445313,144.636,
0,2,,,3.2466888427734375,144.666,
0,2,,,3.2466888427734375,144.696,
0,2,,,3.2405853271484375,144.726,
0,2,,,3.2405853271484375,144.756,
0,2,,,3.262710571289063,144.786,
0,2,,,3.268814086914063,144.816,
0,2,,,3.268814086914063,144.846,
0,2,,,3.245925903320313,144.876,
0,2,,,3.245925903320313,144.906,
0,2,,,3.2493591308593754,144.935,
0,2,,,3.260040283203125,144.965,
0,2,,,3.260040283203125,144.995,
0,2,,,3.267669677734375,145.025,
0,2,,,3.267669677734375,145.055,
0,2,,,3.284454345703125,145.086,
0,2,,,3.2413482666015625,145.116,
0,2,,,3.2413482666015625,145.146,
0,2,,,3.266525268554688,145.176,
0,2,,,3.266525268554688,145.205,
0,2,,,3.2928466796875,145.235,
0,2,,,3.266525268554688,145.265,
0,2,,,3.266525268554688,145.295,
0,2,,,3.2810211181640625,145.326,
0,2,,,3.2810211181640625,145.356,
0,2,,,3.2623291015625,145.386,
0,2,,,3.2642364501953125,145.416,
0,2,,,3.2642364501953125,145.447,
0,2,,,3.2642364501953125,145.477,
0,2,,,3.2642364501953125,145.506,
0,2,,,3.2566070556640625,145.536,
0,2,,,3.2566070556640625,145.566,
0,2,,,3.2493591308593754,145.596,
0,2,,,3.2302856445312504,145.627,
0,2,,,3.2302856445312504,145.657,
0,2,,,3.281402587890625,145.687,
0,2,,,3.2684326171875004,145.718,
0,2,,,3.2684326171875004,145.748,
0,2,,,3.2558441162109375,145.779,
0,2,,,3.2558441162109375,145.808,
0,2,,,3.258514404296875,145.838,
0,2,,,3.258514404296875,145.868,
0,2,,,3.264999389648438,145.899,
0,2,,,3.232192993164063,145.929,
0,2,,,3.232192993164063,145.96,
0,2,,,3.257369995117188,145.99,
0,2,,,3.257369995117188,146.02,
0,2,,,3.2871246337890625,146.051,
0,2,,,3.265380859375,146.081,
0,2,,,3.265380859375,146.111,
0,2,,,3.2634735107421875,146.141,
0,2,,,3.2634735107421875,146.17,
0,2,,,3.2787322998046875,146.201,
0,2,,,3.2489776611328125,146.231,
0,2,,,3.2489776611328125,146.262,
0,2,,,3.277587890625,146.292,
0,2,,,3.277587890625,146.322,
0,2,,,3.272628784179688,146.353,
0,2,,,3.249740600585938,146.383,
0,2,,,3.249740600585938,146.413,
0,2,,,3.277969360351563,146.443,
0,2,,,3.277969360351563,146.473,
0,2,,,3.247451782226563,146.503,
0,2,,,3.2859802246093754,146.534,
0,2,,,3.2859802246093754,146.564,
0,2,,,3.276443481445313,146.594,
0,2,,,3.276443481445313,146.625,
0,2,,,3.2455444335937504,146.655,
0,2,,,3.2444000244140625,146.685,
0,2,,,3.2444000244140625,146.715,
0,2,,,3.289413452148438,146.745,
0,2,,,3.289413452148438,146.775,
0,2,,,3.2695770263671875,146.805,
0,2,,,3.2520294189453125,146.836,
0,2,,,3.2520294189453125,146.866,
0,2,,,3.239822387695313,146.897,
0,2,,,3.239822387695313,146.927,
0,2,,,3.268814086914063,146.957,
0,2,,,3.2634735107421875,146.988,
0,2,,,3.2634735107421875,147.018,
0,2,,,3.2478332519531254,147.047,
0,2,,,3.2478332519531254,147.078,
0,2,,,3.2711029052734375,147.108,
0,2,,,3.255081176757813,147.139,
0,2,,,3.255081176757813,147.169,
0,2,,,3.276824951171875,147.2,
0,2,,,3.276824951171875,147.23,
0,2,,,3.2711029052734375,147.261,
0,2,,,3.2516479492187504,147.291,
0,2,,,3.2516479492187504,147.321,
0,2,,,3.24249267578125,147.351,
0,2,,,3.24249267578125,147.381,
0,2,,,3.251266479492188,147.412,
0,2,,,3.2428741455078125,147.442,
0,2,,,3.2428741455078125,147.473,
0,2,,,3.2642364501953125,147.503,
0,2,,,3.2642364501953125,147.534,
0,2,,,3.249740600585938,147.565,
0,2,,,3.2455444335937504,147.595,
0,2,,,3.2455444335937504,147.625,
0,2,,,3.2749176025390625,147.655,
0,2,,,3.2749176025390625,147.685,
0,2,,,3.240966796875,147.716,
0,2,,,3.285598754882813,147.747,
0,2,,,3.285598754882813,147.777,
0,2,,,3.2623291015625,147.807,
0,2,,,3.2623291015625,147.837,
0,2,,,3.3012390136718754,147.868,
0,2,,,3.253936767578125,147.898,
0,2,,,3.253936767578125,147.928,
0,2,,,3.238296508789063,147.958,
0,2,,,3.238296508789063,147.988,
0,2,,,3.2836914062500004,148.019,
0,2,,,3.253936767578125,148.049,
0,2,,,3.253936767578125,148.08,
0,2,,,3.2562255859375,148.11,
0,2,,,3.2562255859375,148.14,
0,2,,,3.260040283203125,148.17,
0,2,,,3.2482147216796875,148.2,
0,2,,,3.2482147216796875,148.23,
0,2,,,3.275299072265625,148.261,
0,2,,,3.275299072265625,148.291,
0,2,,,3.2489776611328125,148.321,
0,2,,,3.271484375,148.351,
0,2,,,3.271484375,148.381,
0,2,,,3.270339965820313,148.412,
0,2,,,3.270339965820313,148.443,
0,2,,,3.276443481445313,148.474,
0,2,,,3.300857543945313,148.504,
0,2,,,3.300857543945313,148.535,
0,2,,,3.2634735107421875,148.565,
0,2,,,3.2634735107421875,148.595,
0,2,,,3.2562255859375,148.626,
0,2,,,3.253555297851563,148.656,
0,2,,,3.253555297851563,148.687,
0,2,,,3.260040283203125,148.717,
0,2,,,3.260040283203125,148.747,
0,2,,,3.2669067382812504,148.778,
0,2,,,3.2493591308593754,148.809,
0,2,,,3.2493591308593754,148.84,
0,2,,,3.2543182373046875,148.871,
0,2,,,3.2417297363281254,148.903,
0,2,,,3.2417297363281254,148.933,
0,2,,,3.24859619140625,148.963,
0,2,,,3.24859619140625,148.994,
0,2,,,3.276443481445313,149.025,
0,2,,,3.2554626464843754,149.056,
0,2,,,3.2554626464843754,149.087,
0,2,,,3.26385498046875,149.117,
0,2,,,3.26385498046875,149.147,
0,2,,,3.245925903320313,149.178,
0,2,,,3.2794952392578125,149.208,
0,2,,,3.2794952392578125,149.239,
0,2,,,3.2466888427734375,149.27,
0,2,,,3.2466888427734375,149.301,
0,2,,,3.2669067382812504,149.332,
0,2,,,3.2646179199218754,149.362,
0,2,,,3.2646179199218754,149.393,
0,2,,,3.2623291015625,149.424,
0,2,,,3.2623291015625,149.455,
0,2,,,3.2558441162109375,149.486,
0,2,,,3.277969360351563,149.516,
0,2,,,3.277969360351563,149.546,
0,2,,,3.25775146484375,149.577,
0,2,,,3.250885009765625,149.607,
0,2,,,3.250885009765625,149.638,
0,2,,,3.2669067382812504,149.668,
0,2,,,3.2669067382812504,149.699,
0,2,,,3.261184692382813,149.73,
0,2,,,3.3012390136718754,149.761,
0,2,,,3.3012390136718754,149.792,
0,2,,,3.2444000244140625,149.823,
0,2,,,3.2444000244140625,149.853,
0,2,,,3.244781494140625,149.883,
0,2,,,3.2608032226562504,149.914,
0,2,,,3.2608032226562504,149.946,
0,2,,,3.295516967773438,149.977,
0,2,,,3.295516967773438,150.008,
0,2,,,3.2684326171875004,150.038,
0,2,,,3.2619476318359375,150.069,
0,2,,,3.2619476318359375,150.099,
0,2,,,3.253555297851563,150.13,
0,2,,,3.253555297851563,150.162,
0,2,,,3.253555297851563,150.193,
0,2,,,3.2390594482421875,150.223,
0,2,,,3.2390594482421875,150.253,
0,2,,,3.289413452148438,150.284,
0,2,,,3.2680511474609375,150.315,
0,2,,,3.2680511474609375,150.346,
0,2,,,3.2520294189453125,150.378,
0,2,,,3.2520294189453125,150.409,
0,2,,,3.238296508789063,150.439,
0,2,,,3.25775146484375,150.47,
0,2,,,3.25775146484375,150.5,
0,2,,,3.2634735107421875,150.532,
0,2,,,3.2634735107421875,150.563,
0,2,,,3.2608032226562504,150.594,
0,2,,,3.25469970703125,150.625,
0,2,,,3.25469970703125,150.655,
0,2,,,3.23944091796875,150.686,
0,2,,,3.23944091796875,150.716,
0,2,,,3.284072875976563,150.747,
0,2,,,3.2745361328125004,150.777,
0,2,,,3.2745361328125004,150.808,
0,2,,,3.2669067382812504,150.838,
0,2,,,3.2669067382812504,150.869,
0,2,,,3.2604217529296875,150.899,
0,2,,,3.272628784179688,150.93,
0,2,,,3.272628784179688,150.961,
0,2,,,3.26995849609375,150.991,
0,2,,,3.2329559326171875,151.022,
0,2,,,3.2329559326171875,151.052,
0,2,,,3.2825469970703125,151.083,
0,2,,,3.2825469970703125,151.114,
0,2,,,3.258895874023438,151.144,
0,2,,,3.271484375,151.175,
0,2,,,3.271484375,151.206,
0,2,,,3.2867431640625,151.236,
0,2,,,3.2867431640625,151.267,
0,2,,,3.258514404296875,151.297,
0,2,,,3.2745361328125004,151.328,
0,2,,,3.2745361328125004,151.359,
0,2,,,3.26995849609375,151.389,
0,2,,,3.26995849609375,151.42,
0,2,,,3.2569885253906254,151.45,
0,2,,,3.2566070556640625,151.481,
0,2,,,3.2566070556640625,151.512,
0,2,,,3.2543182373046875,151.543,
0,2,,,3.2543182373046875,151.573,
0,2,,,3.2733917236328125,151.604,
0,2,,,3.2505035400390625,151.635,
0,2,,,3.2505035400390625,151.665,
0,2,,,3.2718658447265625,151.696,
0,2,,,3.2718658447265625,151.727,
0,2,,,3.280258178710938,151.758,
0,2,,,3.2787322998046875,151.788,
0,2,,,3.2787322998046875,151.819,
0,2,,,3.277969360351563,151.85,
0,2,,,3.2531738281250004,151.881,
0,2,,,3.2531738281250004,151.912,
0,2,,,3.277969360351563,151.942,
0,2,,,3.277969360351563,151.973,
0,2,,,3.2390594482421875,152.004,
0,2,,,3.2642364501953125,152.035,
0,2,,,3.2642364501953125,152.066,
0,2,,,3.275299072265625,152.096,
0,2,,,3.275299072265625,152.127,
0,2,,,3.23944091796875,152.158,
0,2,,,3.2646179199218754,152.189,
0,2,,,3.2646179199218754,152.22,
0,2,,,3.2798767089843754,152.251,
0,2,,,3.2798767089843754,152.282,
0,2,,,3.261184692382813,152.312,
0,2,,,3.266143798828125,152.343,
0,2,,,3.266143798828125,152.374,
0,2,,,3.2836914062500004,152.405,
0,2,,,3.2562255859375,152.436,
0,2,,,3.2562255859375,152.467,
0,2,,,3.289031982421875,152.498,
0,2,,,3.289031982421875,152.529,
0,2,,,3.240966796875,152.56,
0,2,,,3.2711029052734375,152.591,
0,2,,,3.2711029052734375,152.622,
0,2,,,3.265380859375,152.653,
0,2,,,3.265380859375,152.684,
0,2,,,3.295516967773438,152.715,
0,2,,,3.2554626464843754,152.746,
0,2,,,3.2554626464843754,152.776,
0,2,,,3.260040283203125,152.807,
0,2,,,3.260040283203125,152.838,
0,2,,,3.25775146484375,152.869,
0,2,,,3.25775146484375,152.9,
0,2,,,3.25775146484375,152.931,
0,2,,,3.2619476318359375,152.962,
0,2,,,3.28826904296875,152.993,
0,2,,,3.28826904296875,153.024,
0,2,,,3.296661376953125,153.055,
0,2,,,3.296661376953125,153.086,
0,2,,,3.2562255859375,153.117,
0,2,,,3.260040283203125,153.148,
0,2,,,3.260040283203125,153.18,
0,2,,,3.2672882080078125,153.211,
0,2,,,3.2672882080078125,153.242,
0,2,,,3.2493591308593754,153.273,
0,2,,,3.2630920410156254,153.304,
0,2,,,3.2630920410156254,153.335,
0,2,,,3.302001953125,153.366,
0,2,,,3.2806396484375,153.397,
0,2,,,3.2806396484375,153.428,
0,2,,,3.257369995117188,153.459,
0,2,,,3.257369995117188,153.49,
0,2,,,3.2581329345703125,153.521,
0,2,,,3.2707214355468754,153.553,
0,2,,,3.2707214355468754,153.584,
0,2,,,3.271484375,153.615,
0,2,,,3.271484375,153.646,
0,2,,,3.277969360351563,153.677,
0,2,,,3.23333740234375,153.708,
0,2,,,3.23333740234375,153.739,
0,2,,,3.2798767089843754,153.771,
0,2,,,3.25469970703125,153.802,
0,2,,,3.25469970703125,153.833,
0,2,,,3.246307373046875,153.864,
0,2,,,3.246307373046875,153.895,
0,2,,,3.2680511474609375,153.926,
0,2,,,3.258514404296875,153.957,
0,2,,,3.258514404296875,153.989,
0,2,,,3.3012390136718754,154.02,
0,2,,,3.3012390136718754,154.051,
0,2,,,3.2451629638671875,154.082,
0,2,,,3.257369995117188,154.113,
0,2,,,3.257369995117188,154.145,
0,2,,,3.2451629638671875,154.176,
0,2,,,3.258895874023438,154.207,
0,2,,,3.258895874023438,154.238,
0,2,,,3.289413452148438,154.269,
0,2,,,3.289413452148438,154.301,
0,2,,,3.25469970703125,154.332,
0,2,,,3.2886505126953125,154.363,
0,2,,,3.2886505126953125,154.394,
0,2,,,3.2711029052734375,154.426,
0,2,,,3.2558441162109375,154.457,
0,2,,,3.2558441162109375,154.489,
0,2,,,3.258514404296875,154.52,
0,2,,,3.258514404296875,154.551,
0,2,,,3.2451629638671875,154.583,
0,2,,,3.2745361328125004,154.614,
0,2,,,3.2745361328125004,154.645,
0,2,,,3.2516479492187504,154.677,
0,2,,,3.2516479492187504,154.708,
0,2,,,3.261184692382813,154.739,
0,2,,,3.2695770263671875,154.77,
0,2,,,3.2695770263671875,154.802,
0,2,,,3.277969360351563,154.833,
0,2,,,3.2543182373046875,154.865,
0,2,,,3.2543182373046875,154.896,
0,2,,,3.2646179199218754,154.928,
0,2,,,3.2646179199218754,154.96,
0,2,,,3.258514404296875,154.991,
0,2,,,3.275299072265625,155.023,
0,2,,,3.275299072265625,155.054,
0,2,,,3.2787322998046875,155.086,
0,2,,,3.264999389648438,155.118,
0,2,,,3.264999389648438,155.15,
0,2,,,3.2581329345703125,155.181,
0,2,,,3.2581329345703125,155.213,
0,2,,,3.2562255859375,155.244,
0,2,,,3.2558441162109375,155.276,
0,2,,,3.2558441162109375,155.307,
0,2,,,3.264999389648438,155.338,
0,2,,,3.2489776611328125,155.37,
0,2,,,3.2489776611328125,155.401,
0,2,,,3.2680511474609375,155.433,
0,2,,,3.2680511474609375,155.464,
0,2,,,3.2760620117187504,155.495,
0,2,,,3.276824951171875,155.527,
0,2,,,3.276824951171875,155.558,
0,2,,,3.243255615234375,155.59,
0,2,,,3.25469970703125,155.621,
0,2,,,3.25469970703125,155.653,
0,2,,,3.264999389648438,155.684,
0,2,,,3.264999389648438,155.716,
0,2,,,3.268814086914063,155.747,
0,2,,,3.2604217529296875,155.779,
0,2,,,3.2604217529296875,155.81,
0,2,,,3.275299072265625,155.842,
0,2,,,3.277587890625,155.873,
0,2,,,3.277587890625,155.905,
0,2,,,3.26385498046875,155.936,
0,2,,,3.26385498046875,155.968,
0,2,,,3.2680511474609375,155.999,
0,2,,,3.2657623291015625,156.031,
0,2,,,3.2657623291015625,156.062,
0,2,,,3.2634735107421875,156.093,
0,2,,,3.2520294189453125,156.124,
0,2,,,3.2520294189453125,156.155,
0,2,,,3.2989501953125004,156.187,
0,2,,,3.2989501953125004,156.218,
0,2,,,3.26385498046875,156.25,
0,2,,,3.255081176757813,156.281,
0,2,,,3.255081176757813,156.313,
0,2,,,3.245925903320313,156.344,
0,2,,,3.2592773437500004,156.376,
0,2,,,3.2592773437500004,156.407,
0,2,,,3.2695770263671875,156.439,
0,2,,,3.2695770263671875,156.471,
0,2,,,3.266143798828125,156.502,
0,2,,,3.261184692382813,156.534,
0,2,,,3.261184692382813,156.565,
0,2,,,3.266143798828125,156.596,
0,2,,,3.266143798828125,156.627,
0,2,,,3.243255615234375,156.658,
0,2,,,3.293228149414063,156.69,
0,2,,,3.293228149414063,156.722,
0,2,,,3.269195556640625,156.753,
0,2,,,3.24859619140625,156.785,
0,2,,,3.24859619140625,156.817,
0,2,,,3.251266479492188,156.848,
0,2,,,3.251266479492188,156.88,
0,2,,,3.255081176757813,156.912,
0,2,,,3.2897949218750004,156.943,
0,2,,,3.2897949218750004,156.975,
0,2,,,3.244781494140625,157.007,
0,2,,,3.2413482666015625,157.039,
0,2,,,3.2413482666015625,157.071,
0,2,,,3.2897949218750004,157.102,
0,2,,,3.262710571289063,157.134,
0,2,,,3.262710571289063,157.166,
0,2,,,3.2657623291015625,157.198,
0,2,,,3.2657623291015625,157.229,
0,2,,,3.2520294189453125,157.261,
0,2,,,3.2722473144531254,157.293,
0,2,,,3.2722473144531254,157.325,
0,2,,,3.2569885253906254,157.357,
0,2,,,3.2756805419921875,157.388,
0,2,,,3.2756805419921875,157.42,
0,2,,,3.2695770263671875,157.452,
0,2,,,3.2695770263671875,157.484,
0,2,,,3.262710571289063,157.516,
0,2,,,3.262710571289063,157.547,
0,2,,,3.262710571289063,157.579,
0,2,,,3.265380859375,157.611,
0,2,,,3.282928466796875,157.643,
0,2,,,3.282928466796875,157.675,
0,2,,,3.2684326171875004,157.707,
0,2,,,3.2684326171875004,157.738,
0,2,,,3.253936767578125,157.77,
0,2,,,3.2478332519531254,157.801,
0,2,,,3.2478332519531254,157.833,
0,2,,,3.2554626464843754,157.865,
0,2,,,3.2711029052734375,157.897,
0,2,,,3.2711029052734375,157.929,
0,2,,,3.246307373046875,157.961,
0,2,,,3.2623291015625,157.993,
0,2,,,3.2623291015625,158.025,
0,2,,,3.2810211181640625,158.058,
0,2,,,3.2810211181640625,158.09,
0,2,,,3.2646179199218754,158.122,
0,2,,,3.2566070556640625,158.154,
0,2,,,3.2566070556640625,158.186,
0,2,,,3.2669067382812504,158.218,
0,2,,,3.2554626464843754,158.25,
0,2,,,3.2554626464843754,158.282,
0,2,,,3.258895874023438,158.314,
0,2,,,3.258895874023438,158.345,
0,2,,,3.2451629638671875,158.377,
0,2,,,3.271484375,158.409,
0,2,,,3.271484375,158.441,
0,2,,,3.277587890625,158.473,
0,2,,,3.2379150390625004,158.504,
0,2,,,3.2379150390625004,158.535,
0,2,,,3.252410888671875,158.567,
0,2,,,3.266525268554688,158.599,
0,2,,,3.266525268554688,158.631,
0,2,,,3.262710571289063,158.663,
0,2,,,3.262710571289063,158.695,
0,2,,,3.2451629638671875,158.727,
0,2,,,3.2428741455078125,158.76,
0,2,,,3.2428741455078125,158.792,
0,2,,,3.2806396484375,158.824,
0,2,,,3.2531738281250004,158.856,
0,2,,,3.2531738281250004,158.888,
0,2,,,3.2863616943359375,158.921,
0,2,,,3.245925903320313,158.953,
0,2,,,3.245925903320313,158.985,
0,2,,,3.24249267578125,159.017,
0,2,,,3.24249267578125,159.049,
0,2,,,3.2669067382812504,159.081,
0,2,,,3.2718658447265625,159.113,
0,2,,,3.2718658447265625,159.145,
0,2,,,3.2608032226562504,159.177,
0,2,,,3.2569885253906254,159.208,
0,2,,,3.2569885253906254,159.24,
0,2,,,3.265380859375,159.272,
0,2,,,3.265380859375,159.304,
0,2,,,3.26995849609375,159.336,
0,2,,,3.2222747802734375,159.368,
0,2,,,3.2222747802734375,159.4,
0,2,,,3.2798767089843754,159.432,
0,2,,,3.270339965820313,159.465,
0,2,,,3.270339965820313,159.497,
0,2,,,3.266143798828125,159.529,
0,2,,,3.2680511474609375,159.561,
0,2,,,3.2680511474609375,159.593,
0,2,,,3.2669067382812504,159.626,
0,2,,,3.2669067382812504,159.658,
0,2,,,3.2749176025390625,159.69,
0,2,,,3.260040283203125,159.722,
0,2,,,3.260040283203125,159.754,
0,2,,,3.266525268554688,159.787,
0,2,,,3.262710571289063,159.819,
0,2,,,3.262710571289063,159.851,
0,2,,,3.2405853271484375,159.883,
0,2,,,3.2745361328125004,159.914,
0,2,,,3.2745361328125004,159.946,
0,2,,,3.2798767089843754,159.978,
0,2,,,3.2798767089843754,160.011,
0,2,,,3.2318115234375,160.043,
0,2,,,3.2672882080078125,160.075,
0,2,,,3.2672882080078125,160.108,
0,2,,,3.2718658447265625,160.14,
0,2,,,3.24249267578125,160.172,
0,2,,,3.24249267578125,160.204,
0,2,,,3.2623291015625,160.237,
0,2,,,3.2444000244140625,160.269,
0,2,,,3.2444000244140625,160.301,
0,2,,,3.258895874023438,160.334,
0,2,,,3.258895874023438,160.366,
0,2,,,3.2657623291015625,160.398,
0,2,,,3.284454345703125,160.43,
0,2,,,3.284454345703125,160.463,
0,2,,,3.2489776611328125,160.495,
0,2,,,3.253555297851563,160.528,
0,2,,,3.253555297851563,160.56,
0,2,,,3.272628784179688,160.592,
0,2,,,3.2501220703125,160.625,
0,2,,,3.2501220703125,160.657,
0,2,,,3.272628784179688,160.69,
0,2,,,3.2417297363281254,160.722,
0,2,,,3.2417297363281254,160.754,
0,2,,,3.266525268554688,160.787,
0,2,,,3.266525268554688,160.819,
0,2,,,3.2520294189453125,160.851,
0,2,,,3.2440185546875004,160.883,
0,2,,,3.2440185546875004,160.915,
0,2,,,3.2375335693359375,160.946,
0,2,,,3.2623291015625,160.979,
0,2,,,3.2623291015625,161.011,
0,2,,,3.2455444335937504,161.044,
0,2,,,3.2810211181640625,161.076,
0,2,,,3.2810211181640625,161.108,
0,2,,,3.2634735107421875,161.141,
0,2,,,3.2634735107421875,161.173,
0,2,,,3.275299072265625,161.206,
0,2,,,3.257369995117188,161.238,
0,2,,,3.257369995117188,161.271,
0,2,,,3.253936767578125,161.304,
0,2,,,3.272628784179688,161.336,
0,2,,,3.272628784179688,161.369,
0,2,,,3.247451782226563,161.401,
0,2,,,3.280258178710938,161.434,
0,2,,,3.280258178710938,161.466,
0,2,,,3.266143798828125,161.499,
0,2,,,3.238677978515625,161.531,
0,2,,,3.238677978515625,161.563,
0,2,,,3.2684326171875004,161.596,
0,2,,,3.2684326171875004,161.629,
0,2,,,3.2592773437500004,161.661,
0,2,,,3.2634735107421875,161.694,
0,2,,,3.2634735107421875,161.726,
0,2,,,3.2669067382812504,161.759,
0,2,,,3.274154663085938,161.791,
0,2,,,3.274154663085938,161.824,
0,2,,,3.2482147216796875,161.856,
0,2,,,3.252410888671875,161.888,
0,2,,,3.252410888671875,161.92,
0,2,,,3.2669067382812504,161.952,
0,2,,,3.257369995117188,161.984,
0,2,,,3.257369995117188,162.017,
0,2,,,3.2489776611328125,162.049,
0,2,,,3.2489776611328125,162.082,
0,2,,,3.269195556640625,162.114,
0,2,,,3.262710571289063,162.147,
0,2,,,3.262710571289063,162.18,
0,2,,,3.2566070556640625,162.212,
0,2,,,3.247451782226563,162.245,
0,2,,,3.247451782226563,162.277,
0,2,,,3.2604217529296875,162.31,
0,2,,,3.2493591308593754,162.342,
0,2,,,3.2493591308593754,162.375,
0,2,,,3.238677978515625,162.408,
0,2,,,3.243255615234375,162.44,
0,2,,,3.243255615234375,162.473,
0,2,,,3.25775146484375,162.505,
0,2,,,3.2489776611328125,162.538,
0,2,,,3.2489776611328125,162.571,
0,2,,,3.2558441162109375,162.604,
0,2,,,3.2558441162109375,162.637,
0,2,,,3.2924652099609375,162.67,
0,2,,,3.2722473144531254,162.703,
0,2,,,3.2722473144531254,162.735,
0,2,,,3.2875061035156254,162.768,
0,2,,,3.2745361328125004,162.801,
0,2,,,3.2745361328125004,162.834,
0,2,,,3.25469970703125,162.866,
0,2,,,3.2569885253906254,162.899,
0,2,,,3.2569885253906254,162.932,
0,2,,,3.2810211181640625,162.965,
0,2,,,3.2909393310546875,162.998,
0,2,,,3.2909393310546875,163.03,
0,2,,,3.2352447509765625,163.063,
0,2,,,3.25469970703125,163.095,
0,2,,,3.25469970703125,163.127,
0,2,,,3.2756805419921875,163.159,
0,2,,,3.2756805419921875,163.191,
0,2,,,3.2451629638671875,163.224,
0,2,,,3.2562255859375,163.256,
0,2,,,3.2562255859375,163.289,
0,2,,,3.257369995117188,163.322,
0,2,,,3.261184692382813,163.354,
0,2,,,3.261184692382813,163.387,
0,2,,,3.2711029052734375,163.42,
0,2,,,3.293228149414063,163.453,
0,2,,,3.293228149414063,163.486,
0,2,,,3.2562255859375,163.519,
0,2,,,3.255081176757813,163.552,
0,2,,,3.255081176757813,163.585,
0,2,,,3.270339965820313,163.617,
0,2,,,3.266143798828125,163.651,
0,2,,,3.266143798828125,163.684,
0,2,,,3.262710571289063,163.717,
0,2,,,3.262710571289063,163.75,
0,2,,,3.261566162109375,163.782,
0,2,,,3.2184600830078125,163.814,
0,2,,,3.2184600830078125,163.846,
0,2,,,3.276824951171875,163.879,
0,2,,,3.2901763916015625,163.913,
0,2,,,3.2901763916015625,163.945,
0,2,,,3.2482147216796875,163.978,
0,2,,,3.234481811523438,164.011,
0,2,,,3.234481811523438,164.045,
0,2,,,3.2596588134765625,164.078,
0,2,,,3.2711029052734375,164.111,
0,2,,,3.2711029052734375,164.144,
0,2,,,3.258514404296875,164.177,
0,2,,,3.258895874023438,164.209,
0,2,,,3.258895874023438,164.242,
0,2,,,3.2863616943359375,164.276,
0,2,,,3.2646179199218754,164.309,
0,2,,,3.2646179199218754,164.342,
0,2,,,3.282928466796875,164.374,
0,2,,,3.282928466796875,164.406,
0,2,,,3.258514404296875,164.438,
0,2,,,3.2581329345703125,164.471,
0,2,,,3.2581329345703125,164.504,
0,2,,,3.2531738281250004,164.537,
0,2,,,3.245925903320313,164.57,
0,2,,,3.245925903320313,164.603,
0,2,,,3.264999389648438,164.636,
0,2,,,3.27301025390625,164.669,
0,2,,,3.27301025390625,164.701,
0,2,,,3.2733917236328125,164.733,
0,2,,,3.2478332519531254,164.765,
0,2,,,3.2478332519531254,164.798,
0,2,,,3.2604217529296875,164.83,
0,2,,,3.2581329345703125,164.862,
0,2,,,3.2581329345703125,164.895,
0,2,,,3.2623291015625,164.928,
0,2,,,3.2623291015625,164.961,
0,2,,,3.2772064208984375,164.994,
0,2,,,3.2623291015625,165.027,
0,2,,,3.2623291015625,165.06,
0,2,,,3.2375335693359375,165.093,
0,2,,,3.24859619140625,165.126,
0,2,,,3.24859619140625,165.159,
0,2,,,3.2733917236328125,165.192,
0,2,,,3.267669677734375,165.226,
0,2,,,3.267669677734375,165.259,
0,2,,,3.2672882080078125,165.292,
0,2,,,3.2592773437500004,165.325,
0,2,,,3.2592773437500004,165.358,
0,2,,,3.261184692382813,165.391,
0,2,,,3.25775146484375,165.424,
0,2,,,3.25775146484375,165.457,
0,2,,,3.2470703125,165.49,
0,2,,,3.2836914062500004,165.523,
0,2,,,3.2836914062500004,165.556,
0,2,,,3.2604217529296875,165.589,
0,2,,,3.253936767578125,165.622,
0,2,,,3.253936767578125,165.656,
0,2,,,3.246307373046875,165.689,
0,2,,,3.2711029052734375,165.722,
0,2,,,3.2711029052734375,165.755,
0,2,,,3.2836914062500004,165.788,
0,2,,,3.2836914062500004,165.82,
0,2,,,3.2756805419921875,165.853,
0,2,,,3.2794952392578125,165.886,
0,2,,,3.2794952392578125,165.919,
0,2,,,3.269195556640625,165.952,
0,2,,,3.257369995117188,165.985,
0,2,,,3.257369995117188,166.017,
0,2,,,3.255081176757813,166.049,
0,2,,,3.253555297851563,166.083,
0,2,,,3.253555297851563,166.116,
0,2,,,3.255081176757813,166.149,
0,2,,,3.3016204833984375,166.182,
0,2,,,3.3016204833984375,166.214,
0,2,,,3.276443481445313,166.246,
0,2,,,3.265380859375,166.279,
0,2,,,3.265380859375,166.313,
0,2,,,3.276824951171875,166.346,
0,2,,,3.24859619140625,166.379,
0,2,,,3.24859619140625,166.411,
0,2,,,3.251266479492188,166.444,
0,2,,,3.251266479492188,166.477,
0,2,,,3.2493591308593754,166.509,
0,2,,,3.267669677734375,166.541,
0,2,,,3.267669677734375,166.574,
0,2,,,3.2794952392578125,166.606,
0,2,,,3.255081176757813,166.639,
0,2,,,3.255081176757813,166.671,
0,2,,,3.2806396484375,166.705,
0,2,,,3.2260894775390625,166.738,
0,2,,,3.2260894775390625,166.771,
0,2,,,3.291702270507813,166.804,
0,2,,,3.2402038574218754,166.836,
0,2,,,3.2402038574218754,166.869,
0,2,,,3.253555297851563,166.902,
0,2,,,3.2405853271484375,166.936,
0,2,,,3.2405853271484375,166.969,
0,2,,,3.2646179199218754,167.002,
0,2,,,3.28826904296875,167.034,
0,2,,,3.28826904296875,167.067,
0,2,,,3.280258178710938,167.1,
0,2,,,3.280258178710938,167.134,
0,2,,,3.253555297851563,167.167,
0,2,,,3.262710571289063,167.2,
0,2,,,3.262710571289063,167.232,
0,2,,,3.2657623291015625,167.265,
0,2,,,3.261184692382813,167.298,
0,2,,,3.261184692382813,167.332,
0,2,,,3.2783508300781254,167.365,
0,2,,,3.284454345703125,167.397,
0,2,,,3.284454345703125,167.43,
0,2,,,3.2833099365234375,167.464,
0,2,,,3.2581329345703125,167.497,
0,2,,,3.2581329345703125,167.531,
0,2,,,3.287887573242188,167.564,
0,2,,,3.2543182373046875,167.598,
0,2,,,3.2543182373046875,167.631,
0,2,,,3.2642364501953125,167.664,
0,2,,,3.246307373046875,167.698,
0,2,,,3.246307373046875,167.731,
0,2,,,3.2810211181640625,167.765,
0,2,,,3.252410888671875,167.798,
0,2,,,3.252410888671875,167.831,
0,2,,,3.25775146484375,167.863,
0,2,,,3.244781494140625,167.897,
0,2,,,3.244781494140625,167.931,
0,2,,,3.2642364501953125,167.965,
0,2,,,3.2707214355468754,167.997,
0,2,,,3.2707214355468754,168.03,
0,2,,,3.2634735107421875,168.063,
0,2,,,3.2680511474609375,168.097,
0,2,,,3.2680511474609375,168.13,
0,2,,,3.246307373046875,168.164,
0,2,,,3.26385498046875,168.197,
0,2,,,3.26385498046875,168.23,
0,2,,,3.262710571289063,168.263,
0,2,,,3.2886505126953125,168.297,
0,2,,,3.2886505126953125,168.331,
0,2,,,3.2745361328125004,168.365,
0,2,,,3.2745361328125004,168.397,
0,2,,,3.2867431640625,168.43,
0,2,,,3.287887573242188,168.463,
0,2,,,3.287887573242188,168.497,
0,2,,,3.2562255859375,168.53,
0,2,,,3.2558441162109375,168.564,
0,2,,,3.2558441162109375,168.596,
0,2,,,3.2566070556640625,168.629,
0,2,,,3.27911376953125,168.662,
0,2,,,3.27911376953125,168.696,
0,2,,,3.2684326171875004,168.729,
0,2,,,3.255081176757813,168.763,
0,2,,,3.255081176757813,168.796,
0,2,,,3.274154663085938,168.828,
0,2,,,3.2604217529296875,168.861,
0,2,,,3.2604217529296875,168.895,
0,2,,,3.2745361328125004,168.929,
0,2,,,3.270339965820313,168.962,
0,2,,,3.270339965820313,168.995,
0,2,,,3.2554626464843754,169.028,
0,2,,,3.2516479492187504,169.061,
0,2,,,3.2516479492187504,169.094,
0,2,,,3.273773193359375,169.128,
0,2,,,3.2875061035156254,169.162,
0,2,,,3.2875061035156254,169.195,
0,2,,,3.2501220703125,169.228,
0,2,,,3.251266479492188,169.261,
0,2,,,3.251266479492188,169.295,
0,2,,,3.258514404296875,169.329,
0,2,,,3.2630920410156254,169.362,
0,2,,,3.2630920410156254,169.395,
0,2,,,3.27301025390625,169.428,
0,2,,,3.2569885253906254,169.461,
0,2,,,3.2569885253906254,169.494,
0,2,,,3.255081176757813,169.527,
0,2,,,3.2623291015625,169.56,
0,2,,,3.2623291015625,169.593,
0,2,,,3.2909393310546875,169.626,
0,2,,,3.2909393310546875,169.659,
0,2,,,3.2604217529296875,169.692,
0,2,,,3.2562255859375,169.724,
0,2,,,3.2562255859375,169.757,
0,2,,,3.2760620117187504,169.79,
0,2,,,3.2642364501953125,169.823,
0,2,,,3.2642364501953125,169.856,
0,2,,,3.2478332519531254,169.889,
0,2,,,3.2516479492187504,169.922,
0,2,,,3.2516479492187504,169.955,
0,2,,,3.26385498046875,169.988,
0,2,,,3.2707214355468754,170.022,
0,2,,,3.2707214355468754,170.056,
0,2,,,3.2630920410156254,170.09,
0,2,,,3.2604217529296875,170.123,
0,2,,,3.2604217529296875,170.156,
0,2,,,3.247451782226563,170.189,
0,2,,,3.23944091796875,170.222,
0,2,,,3.23944091796875,170.255,
0,2,,,3.255081176757813,170.288,
0,2,,,3.2821655273437504,170.323,
0,2,,,3.2821655273437504,170.357,
0,2,,,3.276443481445313,170.391,
0,2,,,3.2566070556640625,170.425,
0,2,,,3.2566070556640625,170.458,
0,2,,,3.258514404296875,170.491,
0,2,,,3.2543182373046875,170.524,
0,2,,,3.2543182373046875,170.557,
0,2,,,3.2569885253906254,170.59,
0,2,,,3.2669067382812504,170.623,
0,2,,,3.2669067382812504,170.656,
0,2,,,3.26385498046875,170.689,
0,2,,,3.2772064208984375,170.724,
0,2,,,3.2772064208984375,170.758,
0,2,,,3.2733917236328125,170.792,
0,2,,,3.2646179199218754,170.825,
0,2,,,3.2646179199218754,170.858,
0,2,,,3.2646179199218754,170.891,
0,2,,,3.2772064208984375,170.925,
0,2,,,3.2772064208984375,170.958,
0,2,,,3.2608032226562504,170.991,
0,2,,,3.2608032226562504,171.024,
0,2,,,3.25469970703125,171.057,
0,2,,,3.2569885253906254,171.09,
0,2,,,3.2569885253906254,171.124,
0,2,,,3.2657623291015625,171.157,
0,2,,,3.2672882080078125,171.19,
0,2,,,3.2672882080078125,171.223,
0,2,,,3.257369995117188,171.256,
0,2,,,3.273773193359375,171.289,
0,2,,,3.273773193359375,171.323,
0,2,,,3.235626220703125,171.356,
0,2,,,3.30963134765625,171.389,
0,2,,,3.30963134765625,171.423,
0,2,,,3.2413482666015625,171.456,
0,2,,,3.2569885253906254,171.489,
0,2,,,3.2569885253906254,171.523,
0,2,,,3.2592773437500004,171.556,
0,2,,,3.2634735107421875,171.589,
0,2,,,3.2634735107421875,171.622,
0,2,,,3.253555297851563,171.656,
0,2,,,3.2596588134765625,171.689,
0,2,,,3.2596588134765625,171.722,
0,2,,,3.2516479492187504,171.755,
0,2,,,3.270339965820313,171.789,
0,2,,,3.270339965820313,171.822,
0,2,,,3.275299072265625,171.855,
0,2,,,3.2623291015625,171.889,
0,2,,,3.2623291015625,171.922,
0,2,,,3.284072875976563,171.955,
0,2,,,3.2787322998046875,171.989,
0,2,,,3.2787322998046875,172.022,
0,2,,,3.26995849609375,172.055,
0,2,,,3.274154663085938,172.088,
0,2,,,3.274154663085938,172.122,
0,2,,,3.240966796875,172.155,
0,2,,,3.277969360351563,172.188,
0,2,,,3.277969360351563,172.222,
0,2,,,3.2608032226562504,172.255,
0,2,,,3.27301025390625,172.288,
0,2,,,3.27301025390625,172.322,
0,2,,,3.269195556640625,172.355,
0,2,,,3.28521728515625,172.389,
0,2,,,3.28521728515625,172.423,
0,2,,,3.284072875976563,172.456,
0,2,,,3.250885009765625,172.489,
0,2,,,3.250885009765625,172.523,
0,2,,,3.29437255859375,172.556,
0,2,,,3.29437255859375,172.589,
0,2,,,3.2958984375,172.623,
0,2,,,3.22723388671875,172.656,
0,2,,,3.22723388671875,172.69,
0,2,,,3.24859619140625,172.723,
0,2,,,3.236007690429688,172.756,
0,2,,,3.236007690429688,172.79,
0,2,,,3.2470703125,172.823,
0,2,,,3.2886505126953125,172.857,
0,2,,,3.2886505126953125,172.89,
0,2,,,3.2592773437500004,172.924,
0,2,,,3.2958984375,172.957,
0,2,,,3.2958984375,172.991,
0,2,,,3.249740600585938,173.024,
0,2,,,3.281784057617188,173.058,
0,3,,,3.017425537109375,174.072,
0,3,,,3.017425537109375,174.099,
0,3,,,3.2211303710937504,174.126,
0,3,,,3.2211303710937504,174.154,
0,3,,,3.2260894775390625,174.181,
0,3,,,3.19671630859375,174.208,
0,3,,,3.19671630859375,174.235,
0,3,,,3.261566162109375,174.263,
0,3,,,3.261566162109375,174.29,
0,3,,,3.209304809570313,174.317,
0,3,,,3.209304809570313,174.345,
0,3,,,3.1459808349609375,174.372,
0,3,,,3.1459808349609375,174.399,
0,3,,,3.245925903320313,174.427,
0,3,,,3.245925903320313,174.454,
0,3,,,3.206634521484375,174.481,
0,3,,,3.206634521484375,174.509,
0,3,,,3.258895874023438,174.536,
0,3,,,3.2138824462890625,174.564,
0,3,,,3.2138824462890625,174.591,
0,3,,,3.2012939453125,174.618,
0,3,,,3.2012939453125,174.646,
0,3,,,3.2619476318359375,174.673,
0,3,,,3.2619476318359375,174.701,
0,3,,,3.2516479492187504,174.728,
0,3,,,3.2516479492187504,174.756,
0,3,,,3.1997680664062504,174.783,
0,3,,,3.1997680664062504,174.811,
0,3,,,3.24249267578125,174.838,
0,3,,,3.2325744628906254,174.866,
0,3,,,3.2325744628906254,174.893,
0,3,,,3.182601928710938,174.921,
0,3,,,3.182601928710938,174.949,
0,3,,,3.215408325195313,174.977,
0,3,,,3.215408325195313,175.005,
0,3,,,3.1616210937500004,175.032,
0,3,,,3.1616210937500004,175.06,
0,3,,,3.2329559326171875,175.087,
0,3,,,3.2329559326171875,175.115,
0,3,,,3.2337188720703125,175.143,
0,3,,,3.2794952392578125,175.17,
0,3,,,3.2794952392578125,175.198,
0,3,,,3.215789794921875,175.226,
0,3,,,3.215789794921875,175.253,
0,3,,,3.237152099609375,175.281,
0,3,,,3.237152099609375,175.308,
0,3,,,3.1230926513671875,175.336,
0,3,,,3.1230926513671875,175.364,
0,3,,,3.2196044921875,175.391,
0,3,,,3.2196044921875,175.419,
0,3,,,3.21197509765625,175.446,
0,3,,,3.1028747558593754,175.474,
0,3,,,3.1028747558593754,175.502,
0,3,,,3.23333740234375,175.529,
0,3,,,3.23333740234375,175.557,
0,3,,,3.258895874023438,175.585,
0,3,,,3.258895874023438,175.612,
0,3,,,3.2520294189453125,175.64,
0,3,,,3.2520294189453125,175.668,
0,3,,,3.240966796875,175.695,
0,3,,,3.19366455078125,175.723,
0,3,,,3.19366455078125,175.751,
0,3,,,3.2176971435546875,175.779,
0,3,,,3.2176971435546875,175.806,
0,3,,,3.25469970703125,175.834,
0,3,,,3.25469970703125,175.862,
0,3,,,3.163528442382813,175.89,
0,3,,,3.163528442382813,175.918,
0,3,,,3.216552734375,175.945,
0,3,,,3.216552734375,175.973,
0,3,,,3.1993865966796875,176.001,
0,3,,,3.1604766845703125,176.029,
0,3,,,3.1604766845703125,176.057,
0,3,,,3.1867980957031254,176.085,
0,3,,,3.1867980957031254,176.113,
0,3,,,3.201675415039063,176.141,
0,3,,,3.201675415039063,176.169,
0,3,,,3.1856536865234375,176.197,
0,3,,,3.1856536865234375,176.225,
0,3,,,3.2608032226562504,176.252,
0,3,,,3.2257080078125,176.28,
0,3,,,3.2257080078125,176.308,
0,3,,,3.128814697265625,176.336,
0,3,,,3.128814697265625,176.364,
0,3,,,3.2928466796875,176.392,
0,3,,,3.2928466796875,176.42,
0,3,,,3.2264709472656254,176.448,
0,3,,,3.2264709472656254,176.476,
0,3,,,3.2062530517578125,176.504,
0,3,,,3.269195556640625,176.532,
0,3,,,3.269195556640625,176.56,
0,3,,,3.1421661376953125,176.587,
0,3,,,3.1421661376953125,176.615,
0,3,,,3.1959533691406254,176.644,
0,3,,,3.1959533691406254,176.672,
0,3,,,3.2516479492187504,176.7,
0,3,,,3.2516479492187504,176.728,
0,3,,,3.148269653320313,176.756,
0,3,,,3.2291412353515625,176.785,
0,3,,,3.2291412353515625,176.813,
0,3,,,3.2314300537109375,176.841,
0,3,,,3.2314300537109375,176.869,
0,3,,,3.150558471679688,176.897,
0,3,,,3.150558471679688,176.925,
0,3,,,3.276443481445313,176.953,
0,3,,,3.276443481445313,176.981,
0,3,,,3.190231323242188,177.009,
0,3,,,3.2032012939453125,177.037,
0,3,,,3.2032012939453125,177.065,
0,3,,,3.236007690429688,177.094,
0,3,,,3.236007690429688,177.122,
0,3,,,3.1497955322265625,177.15,
0,3,,,3.1497955322265625,177.178,
0,3,,,3.182601928710938,177.206,
0,3,,,3.182601928710938,177.234,
0,3,,,3.2783508300781254,177.262,
0,3,,,3.154754638671875,177.29,
0,3,,,3.154754638671875,177.318,
0,3,,,3.2176971435546875,177.346,
0,3,,,3.2176971435546875,177.375,
0,3,,,3.2196044921875,177.403,
0,3,,,3.2196044921875,177.431,
0,3,,,3.155517578125,177.459,
0,3,,,3.155517578125,177.487,
0,3,,,3.2196044921875,177.515,
0,3,,,3.2562255859375,177.544,
0,3,,,3.2562255859375,177.572,
0,3,,,3.12042236328125,177.6,
0,3,,,3.12042236328125,177.628,
0,3,,,3.2276153564453125,177.657,
0,3,,,3.2276153564453125,177.685,
0,3,,,3.209304809570313,177.713,
0,3,,,3.209304809570313,177.741,
0,3,,,3.184890747070313,177.77,
0,3,,,3.215408325195313,177.798,
0,3,,,3.215408325195313,177.826,
0,3,,,3.1681060791015625,177.854,
0,3,,,3.1681060791015625,177.883,
0,3,,,3.1436920166015625,177.911,
0,3,,,3.1436920166015625,177.939,
0,3,,,3.2032012939453125,177.967,
0,3,,,3.130340576171875,177.996,
0,3,,,3.130340576171875,178.024,
0,3,,,3.1921386718750004,178.052,
0,3,,,3.1921386718750004,178.08,
0,3,,,3.2451629638671875,178.109,
0,3,,,3.2451629638671875,178.137,
0,3,,,3.1578063964843754,178.165,
0,3,,,3.1578063964843754,178.194,
0,3,,,3.2249450683593754,178.222,
0,3,,,3.237152099609375,178.25,
0,3,,,3.237152099609375,178.278,
0,3,,,3.196334838867188,178.307,
0,3,,,3.196334838867188,178.335,
0,3,,,3.2466888427734375,178.364,
0,3,,,3.2466888427734375,178.392,
0,3,,,3.243255615234375,178.42,
0,3,,,3.243255615234375,178.449,
0,3,,,3.1490325927734375,178.477,
0,3,,,3.2646179199218754,178.505,
0,3,,,3.2646179199218754,178.534,
0,3,,,3.216934204101563,178.562,
0,3,,,3.216934204101563,178.59,
0,3,,,3.2070159912109375,178.619,
0,3,,,3.2070159912109375,178.647,
0,3,,,3.2470703125,178.676,
0,3,,,3.154754638671875,178.704,
0,3,,,3.154754638671875,178.733,
0,3,,,3.2363891601562504,178.761,
0,3,,,3.2363891601562504,178.79,
0,3,,,3.1955718994140625,178.818,
0,3,,,3.1955718994140625,178.847,
0,3,,,3.1890869140625,178.875,
0,3,,,3.1890869140625,178.904,
0,3,,,3.2798767089843754,178.932,
0,3,,,3.203964233398438,178.961,
0,3,,,3.203964233398438,178.989,
0,3,,,3.1562805175781254,179.018,
0,3,,,3.1562805175781254,179.047,
0,3,,,3.223419189453125,179.075,
0,3,,,3.223419189453125,179.104,
0,3,,,3.236007690429688,179.133,
0,3,,,3.19366455078125,179.161,
0,3,,,3.19366455078125,179.19,
0,3,,,3.265380859375,179.218,
0,3,,,3.265380859375,179.247,
0,3,,,3.239822387695313,179.276,
0,3,,,3.239822387695313,179.304,
0,3,,,3.1513214111328125,179.333,
0,3,,,3.20281982421875,179.361,
0,3,,,3.20281982421875,179.39,
0,3,,,3.226852416992188,179.419,
0,3,,,3.226852416992188,179.447,
0,3,,,3.2138824462890625,179.476,
0,3,,,3.2138824462890625,179.504,
0,3,,,3.2199859619140625,179.533,
0,3,,,3.146743774414063,179.562,
0,3,,,3.146743774414063,179.59,
0,3,,,3.238677978515625,179.619,
0,3,,,3.238677978515625,179.648,
0,3,,,3.214263916015625,179.676,
0,3,,,3.214263916015625,179.705,
0,3,,,3.1600952148437504,179.734,
0,3,,,3.1600952148437504,179.762,
0,3,,,3.2096862792968754,179.791,
0,3,,,3.223419189453125,179.82,
0,3,,,3.223419189453125,179.849,
0,3,,,3.1726837158203125,179.877,
0,3,,,3.1726837158203125,179.906,
0,3,,,3.23486328125,179.935,
0,3,,,3.23486328125,179.964,
0,3,,,3.226852416992188,179.993,
0,3,,,3.243255615234375,180.022,
0,3,,,3.243255615234375,180.051,
0,3,,,3.2680511474609375,180.08,
0,3,,,3.2680511474609375,180.109,
0,3,,,3.232192993164063,180.137,
0,3,,,3.232192993164063,180.166,
0,3,,,3.22723388671875,180.195,
0,3,,,3.2478332519531254,180.224,
0,3,,,3.2478332519531254,180.253,
0,3,,,3.1383514404296875,180.282,
0,3,,,3.1383514404296875,180.311,
0,3,,,3.215789794921875,180.34,
0,3,,,3.215789794921875,180.369,
0,3,,,3.220367431640625,180.398,
0,3,,,3.188705444335938,180.427,
0,3,,,3.188705444335938,180.456,
0,3,,,3.2554626464843754,180.485,
0,3,,,3.2554626464843754,180.514,
0,3,,,3.2085418701171875,180.543,
0,3,,,3.2478332519531254,180.572,
0,3,,,3.2478332519531254,180.601,
0,3,,,3.273773193359375,180.63,
0,3,,,3.273773193359375,180.659,
0,3,,,3.2184600830078125,180.688,
0,3,,,3.2184600830078125,180.717,
0,3,,,3.1715393066406254,180.746,
0,3,,,3.2466888427734375,180.775,
0,3,,,3.2466888427734375,180.804,
0,3,,,3.1917572021484375,180.833,
0,3,,,3.1917572021484375,180.862,
0,3,,,3.2264709472656254,180.891,
0,3,,,3.2264709472656254,180.92,
0,3,,,3.236007690429688,180.949,
0,3,,,3.1490325927734375,180.978,
0,3,,,3.1490325927734375,181.008,
0,3,,,3.249740600585938,181.038,
0,3,,,3.249740600585938,181.067,
0,3,,,3.2913208007812504,181.096,
0,3,,,3.2913208007812504,181.125,
0,3,,,3.160858154296875,181.154,
0,3,,,3.253555297851563,181.183,
0,3,,,3.253555297851563,181.212,
0,3,,,3.2341003417968754,181.241,
0,3,,,3.2341003417968754,181.271,
0,3,,,3.2024383544921875,181.3,
0,3,,,3.245925903320313,181.329,
0,3,,,3.245925903320313,181.358,
0,3,,,3.228378295898438,181.387,
0,3,,,3.228378295898438,181.416,
0,3,,,3.182601928710938,181.446,
0,3,,,3.182601928710938,181.475,
0,3,,,3.20892333984375,181.504,
0,3,,,3.220367431640625,181.533,
0,3,,,3.220367431640625,181.562,
0,3,,,3.245925903320313,181.592,
0,3,,,3.245925903320313,181.621,
0,3,,,3.1997680664062504,181.65,
0,3,,,3.1997680664062504,181.679,
0,3,,,3.1578063964843754,181.709,
0,3,,,3.216552734375,181.738,
0,3,,,3.216552734375,181.767,
0,3,,,3.2341003417968754,181.796,
0,3,,,3.2341003417968754,181.825,
0,3,,,3.1818389892578125,181.855,
0,3,,,3.1818389892578125,181.884,
0,3,,,3.2821655273437504,181.913,
0,3,,,3.178787231445313,181.943,
0,3,,,3.178787231445313,181.972,
0,3,,,3.2314300537109375,182.001,
0,3,,,3.2314300537109375,182.031,
0,3,,,3.247451782226563,182.06,
0,3,,,3.159713745117188,182.09,
0,3,,,3.159713745117188,182.119,
0,3,,,3.2035827636718754,182.149,
0,3,,,3.2035827636718754,182.178,
0,3,,,3.253936767578125,182.208,
0,3,,,3.253936767578125,182.237,
0,3,,,3.1475067138671875,182.267,
0,3,,,3.200531005859375,182.296,
0,3,,,3.200531005859375,182.325,
0,3,,,3.2566070556640625,182.355,
0,3,,,3.2566070556640625,182.384,
0,3,,,3.19671630859375,182.413,
0,3,,,3.2257080078125,182.443,
0,3,,,3.2257080078125,182.472,
0,3,,,3.250885009765625,182.502,
0,3,,,3.250885009765625,182.532,
0,3,,,3.214263916015625,182.562,
0,3,,,3.214263916015625,182.591,
0,3,,,3.2684326171875004,182.62,
0,3,,,3.229522705078125,182.649,
0,3,,,3.229522705078125,182.678,
0,3,,,3.1944274902343754,182.707,
0,3,,,3.1944274902343754,182.736,
0,3,,,3.2680511474609375,182.765,
0,3,,,3.2173156738281254,182.795,
0,3,,,3.2173156738281254,182.824,
0,3,,,3.2455444335937504,182.854,
0,3,,,3.2455444335937504,182.883,
0,3,,,3.266525268554688,182.912,
0,3,,,3.266525268554688,182.941,
0,3,,,3.1795501708984375,182.97,
0,3,,,3.2325744628906254,183.0,
0,3,,,3.2325744628906254,183.029,
0,3,,,3.200531005859375,183.059,
0,3,,,3.200531005859375,183.088,
0,3,,,3.216934204101563,183.117,
0,3,,,3.216934204101563,183.146,
0,3,,,3.24859619140625,183.176,
0,3,,,3.2188415527343754,183.205,
0,3,,,3.2188415527343754,183.235,
0,3,,,3.236007690429688,183.264,
0,3,,,3.236007690429688,183.294,
0,3,,,3.2352447509765625,183.323,
0,3,,,3.2184600830078125,183.353,
0,3,,,3.2184600830078125,183.382,
0,3,,,3.204345703125,183.412,
0,3,,,3.204345703125,183.442,
0,3,,,3.2375335693359375,183.471,
0,3,,,3.2375335693359375,183.501,
0,3,,,3.1425476074218754,183.53,
0,3,,,3.2184600830078125,183.56,
0,3,,,3.2184600830078125,183.589,
0,3,,,3.244781494140625,183.618,
0,3,,,3.244781494140625,183.647,
0,3,,,3.197860717773438,183.677,
0,3,,,3.2238006591796875,183.707,
0,3,,,3.2238006591796875,183.736,
0,3,,,3.24859619140625,183.766,
0,3,,,3.24859619140625,183.795,
0,3,,,3.2417297363281254,183.825,
0,3,,,3.2215118408203125,183.855,
0,3,,,3.2215118408203125,183.884,
0,3,,,3.2314300537109375,183.914,
0,3,,,3.2314300537109375,183.944,
0,3,,,3.2440185546875004,183.973,
0,3,,,3.2440185546875004,184.003,
0,3,,,3.2642364501953125,184.033,
0,3,,,3.2783508300781254,184.062,
0,3,,,3.2783508300781254,184.092,
0,3,,,3.183746337890625,184.121,
0,3,,,3.183746337890625,184.15,
0,3,,,3.2264709472656254,184.18,
0,3,,,3.192901611328125,184.21,
0,3,,,3.192901611328125,184.239,
0,3,,,3.188705444335938,184.269,
0,3,,,3.188705444335938,184.299,
0,3,,,3.2558441162109375,184.329,
0,3,,,3.2558441162109375,184.358,
0,3,,,3.1639099121093754,184.388,
0,3,,,3.2390594482421875,184.417,
0,3,,,3.2390594482421875,184.446,
0,3,,,3.281784057617188,184.476,
0,3,,,3.281784057617188,184.506,
0,3,,,3.1818389892578125,184.536,
0,3,,,3.2390594482421875,184.565,
0,3,,,3.2390594482421875,184.595,
0,3,,,3.2451629638671875,184.624,
0,3,,,3.2451629638671875,184.654,
0,3,,,3.214263916015625,184.683,
0,3,,,3.25469970703125,184.713,
0,3,,,3.25469970703125,184.743,
0,3,,,3.1951904296875,184.773,
0,3,,,3.1951904296875,184.803,
0,3,,,3.1818389892578125,184.833,
0,3,,,3.1818389892578125,184.862,
0,3,,,3.25775146484375,184.892,
0,3,,,3.1986236572265625,184.921,
0,3,,,3.1986236572265625,184.951,
0,3,,,3.1616210937500004,184.981,
0,3,,,3.1616210937500004,185.011,
0,3,,,3.2444000244140625,185.041,
0,3,,,3.216934204101563,185.071,
0,3,,,3.216934204101563,185.1,
0,3,,,3.184890747070313,185.129,
0,3,,,3.184890747070313,185.159,
0,3,,,3.208160400390625,185.189,
0,3,,,3.173828125,185.219,
0,3,,,3.173828125,185.249,
0,3,,,3.220748901367188,185.279,
0,3,,,3.220748901367188,185.309,
0,3,,,3.2505035400390625,185.339,
0,3,,,3.1600952148437504,185.37,
0,3,,,3.1600952148437504,185.4,
0,3,,,3.2299041748046875,185.429,
0,3,,,3.2299041748046875,185.459,
0,3,,,3.2314300537109375,185.489,
0,3,,,3.2314300537109375,185.519,
0,3,,,3.136825561523438,185.549,
0,3,,,3.2493591308593754,185.579,
0,3,,,3.2493591308593754,185.609,
0,3,,,3.1997680664062504,185.64,
0,3,,,3.1997680664062504,185.67,
0,3,,,3.197860717773438,185.699,
0,3,,,3.2100677490234375,185.729,
0,3,,,3.2100677490234375,185.758,
0,3,,,3.1955718994140625,185.789,
0,3,,,3.1955718994140625,185.819,
0,3,,,3.1719207763671875,185.849,
0,3,,,3.2756805419921875,185.879,
0,3,,,3.2756805419921875,185.91,
0,3,,,3.1475067138671875,185.94,
0,3,,,3.1475067138671875,185.97,
0,3,,,3.2085418701171875,186.0,
0,3,,,3.2367706298828125,186.029,
0,3,,,3.2367706298828125,186.059,
0,3,,,3.1257629394531254,186.089,
0,3,,,3.1257629394531254,186.12,
0,3,,,3.191375732421875,186.15,
0,3,,,3.2035827636718754,186.18,
0,3,,,3.2035827636718754,186.21,
0,3,,,3.19671630859375,186.241,
0,3,,,3.19671630859375,186.271,
0,3,,,3.2543182373046875,186.3,
0,3,,,3.1917572021484375,186.33,
0,3,,,3.1917572021484375,186.36,
0,3,,,3.1948089599609375,186.39,
0,3,,,3.1948089599609375,186.421,
0,3,,,3.271484375,186.451,
0,3,,,3.271484375,186.481,
0,3,,,3.154373168945313,186.511,
0,3,,,3.146743774414063,186.542,
0,3,,,3.146743774414063,186.572,
0,3,,,3.22418212890625,186.602,
0,3,,,3.22418212890625,186.632,
0,3,,,3.1600952148437504,186.661,
0,3,,,3.1833648681640625,186.692,
0,3,,,3.1833648681640625,186.723,
0,3,,,3.189849853515625,186.753,
0,3,,,3.189849853515625,186.784,
0,3,,,3.1147003173828125,186.814,
0,3,,,3.2188415527343754,186.845,
0,3,,,3.2188415527343754,186.875,
0,3,,,3.245925903320313,186.905,
0,3,,,3.245925903320313,186.935,
0,3,,,3.173828125,186.965,
0,3,,,3.2222747802734375,186.995,
0,3,,,3.2222747802734375,187.026,
0,3,,,3.1982421875000004,187.056,
0,3,,,3.1982421875000004,187.087,
0,3,,,3.1730651855468754,187.117,
0,3,,,3.2363891601562504,187.148,
0,3,,,3.2363891601562504,187.178,
0,3,,,3.2276153564453125,187.208,
0,3,,,3.2276153564453125,187.238,
0,3,,,3.2009124755859375,187.268,
0,3,,,3.2646179199218754,187.299,
0,3,,,3.2646179199218754,187.329,
0,3,,,3.1959533691406254,187.36,
0,3,,,3.1959533691406254,187.39,
0,3,,,3.2112121582031254,187.421,
0,3,,,3.2032012939453125,187.451,
0,3,,,3.2032012939453125,187.481,
0,3,,,3.12652587890625,187.511,
0,3,,,3.12652587890625,187.541,
0,3,,,3.258895874023438,187.571,
0,3,,,3.1993865966796875,187.601,
0,3,,,3.1993865966796875,187.63,
0,3,,,3.232192993164063,187.661,
0,3,,,3.232192993164063,187.691,
0,3,,,3.2276153564453125,187.721,
0,3,,,3.1955718994140625,187.752,
0,3,,,3.1955718994140625,187.782,
0,3,,,3.226852416992188,187.812,
0,3,,,3.226852416992188,187.842,
0,3,,,3.2215118408203125,187.872,
0,3,,,3.2531738281250004,187.902,
0,3,,,3.2531738281250004,187.932,
0,3,,,3.224563598632813,187.962,
0,3,,,3.224563598632813,187.992,
0,3,,,3.2569885253906254,188.023,
0,3,,,3.162002563476563,188.054,
0,3,,,3.162002563476563,188.084,
0,3,,,3.22418212890625,188.114,
0,3,,,3.22418212890625,188.144,
0,3,,,3.2493591308593754,188.174,
0,3,,,3.1757354736328125,188.204,
0,3,,,3.1757354736328125,188.234,
0,3,,,3.229522705078125,188.264,
0,3,,,3.229522705078125,188.295,
0,3,,,3.2566070556640625,188.326,
0,3,,,3.165817260742188,188.356,
0,3,,,3.165817260742188,188.387,
0,3,,,3.2108306884765625,188.417,
0,3,,,3.2108306884765625,188.447,
0,3,,,3.191375732421875,188.477,
0,3,,,3.159713745117188,188.507,
0,3,,,3.159713745117188,188.537,
0,3,,,3.281784057617188,188.567,
0,3,,,3.281784057617188,188.598,
0,3,,,3.2024383544921875,188.628,
0,3,,,3.227996826171875,188.659,
0,3,,,3.227996826171875,188.69,
0,3,,,3.223037719726563,188.72,
0,3,,,3.223037719726563,188.75,
0,3,,,3.1093597412109375,188.78,
0,3,,,3.216552734375,188.81,
0,3,,,3.216552734375,188.84,
0,3,,,3.211593627929688,188.871,
0,3,,,3.211593627929688,188.901,
0,3,,,3.159713745117188,188.932,
0,3,,,3.2669067382812504,188.963,
0,3,,,3.2669067382812504,188.993,
0,3,,,3.24249267578125,189.024,
0,3,,,3.24249267578125,189.054,
0,3,,,3.1829833984375004,189.084,
0,3,,,3.209304809570313,189.114,
0,3,,,3.209304809570313,189.144,
0,3,,,3.203964233398438,189.175,
0,3,,,3.203964233398438,189.206,
0,3,,,3.200531005859375,189.237,
0,3,,,3.2287597656250004,189.267,
0,3,,,3.2287597656250004,189.298,
0,3,,,3.1753540039062504,189.328,
0,3,,,3.1753540039062504,189.358,
0,3,,,3.2291412353515625,189.388,
0,3,,,3.2184600830078125,189.418,
0,3,,,3.2184600830078125,189.449,
0,3,,,3.1948089599609375,189.479,
0,3,,,3.1948089599609375,189.51,
0,3,,,3.1982421875000004,189.541,
0,3,,,3.229522705078125,189.572,
0,3,,,3.229522705078125,189.602,
0,3,,,3.1566619873046875,189.632,
0,3,,,3.1566619873046875,189.663,
0,3,,,3.2291412353515625,189.693,
0,3,,,3.1917572021484375,189.724,
0,3,,,3.1917572021484375,189.754,
0,3,,,3.2226562500000004,189.785,
0,3,,,3.257369995117188,189.815,
0,3,,,3.257369995117188,189.847,
0,3,,,3.1955718994140625,189.878,
0,3,,,3.1955718994140625,189.908,
0,3,,,3.181076049804688,189.939,
0,3,,,3.2505035400390625,189.97,
0,3,,,3.2505035400390625,190.001,
0,3,,,3.15704345703125,190.032,
0,3,,,3.15704345703125,190.063,
0,3,,,3.1742095947265625,190.093,
0,3,,,3.2695770263671875,190.124,
0,3,,,3.2695770263671875,190.154,
0,3,,,3.148269653320313,190.185,
0,3,,,3.148269653320313,190.215,
0,3,,,3.2634735107421875,190.246,
0,3,,,3.267669677734375,190.276,
0,3,,,3.267669677734375,190.307,
0,3,,,3.162002563476563,190.339,
0,3,,,3.162002563476563,190.37,
0,3,,,3.211593627929688,190.4,
0,3,,,3.2375335693359375,190.431,
0,3,,,3.2375335693359375,190.461,
0,3,,,3.1627655029296875,190.492,
0,3,,,3.1627655029296875,190.522,
0,3,,,3.2722473144531254,190.552,
0,3,,,3.20892333984375,190.583,
0,3,,,3.20892333984375,190.614,
0,3,,,3.242111206054688,190.645,
0,3,,,3.1944274902343754,190.676,
0,3,,,3.1944274902343754,190.707,
0,3,,,3.1803131103515625,190.738,
0,3,,,3.1803131103515625,190.768,
0,3,,,3.2363891601562504,190.799,
0,3,,,3.251266479492188,190.83,
0,3,,,3.251266479492188,190.86,
0,3,,,3.1753540039062504,190.891,
0,3,,,3.1753540039062504,190.921,
0,3,,,3.211593627929688,190.952,
0,3,,,3.2505035400390625,190.982,
0,3,,,3.2505035400390625,191.014,
0,3,,,3.173446655273438,191.045,
0,3,,,3.173446655273438,191.076,
0,3,,,3.215789794921875,191.106,
0,3,,,3.209304809570313,191.137,
0,3,,,3.209304809570313,191.168,
0,3,,,3.22418212890625,191.198,
0,3,,,3.22418212890625,191.229,
0,3,,,3.2695770263671875,191.259,
0,3,,,3.1890869140625,191.29,
0,3,,,3.1890869140625,191.32,
0,3,,,3.2226562500000004,191.351,
0,3,,,3.2402038574218754,191.381,
0,3,,,3.2402038574218754,191.412,
0,3,,,3.238677978515625,191.443,
0,3,,,3.238677978515625,191.473,
0,3,,,3.2302856445312504,191.504,
0,3,,,3.2875061035156254,191.534,
0,3,,,3.2875061035156254,191.565,
0,3,,,3.168487548828125,191.596,
0,3,,,3.168487548828125,191.626,
0,3,,,3.223037719726563,191.657,
0,3,,,3.2516479492187504,191.687,
0,3,,,3.2516479492187504,191.718,
0,3,,,3.150558471679688,191.749,
0,3,,,3.150558471679688,191.779,
0,3,,,3.236007690429688,191.81,
0,3,,,3.192901611328125,191.841,
0,3,,,3.192901611328125,191.871,
0,3,,,3.1909942626953125,191.902,
0,3,,,3.1909942626953125,191.933,
0,3,,,3.272628784179688,191.963,
0,3,,,3.190231323242188,191.994,
0,3,,,3.190231323242188,192.025,
0,3,,,3.2451629638671875,192.055,
0,3,,,3.2451629638671875,192.086,
0,3,,,3.2466888427734375,192.117,
0,3,,,3.1871795654296875,192.147,
0,3,,,3.1871795654296875,192.178,
0,3,,,3.1959533691406254,192.209,
0,3,,,3.1959533691406254,192.239,
0,3,,,3.2238006591796875,192.27,
0,3,,,3.162384033203125,192.301,
0,3,,,3.162384033203125,192.332,
0,3,,,3.253936767578125,192.362,
0,3,,,3.261184692382813,192.393,
0,3,,,3.261184692382813,192.424,
0,3,,,3.1536102294921875,192.454,
0,3,,,3.1536102294921875,192.485,
0,3,,,3.2058715820312504,192.516,
0,3,,,3.2135009765625004,192.547,
0,3,,,3.2135009765625004,192.578,
0,3,,,3.165817260742188,192.609,
0,3,,,3.165817260742188,192.639,
0,3,,,3.234481811523438,192.67,
0,3,,,3.208160400390625,192.701,
0,3,,,3.208160400390625,192.732,
0,3,,,3.2062530517578125,192.762,
0,3,,,3.2062530517578125,192.793,
0,3,,,3.2226562500000004,192.824,
0,3,,,3.1993865966796875,192.855,
0,3,,,3.1993865966796875,192.886,
0,3,,,3.2184600830078125,192.917,
0,3,,,3.251266479492188,192.947,
0,3,,,3.251266479492188,192.978,
0,3,,,3.1944274902343754,193.009,
0,3,,,3.1944274902343754,193.04,
0,3,,,3.2073974609375004,193.071,
0,3,,,3.206634521484375,193.102,
0,3,,,3.206634521484375,193.133,
0,3,,,3.2173156738281254,193.163,
0,3,,,3.2173156738281254,193.194,
0,3,,,3.2657623291015625,193.225,
0,3,,,3.228378295898438,193.256,
0,3,,,3.228378295898438,193.287,
0,3,,,3.2024383544921875,193.318,
0,3,,,3.2024383544921875,193.349,
0,3,,,3.2562255859375,193.38,
0,3,,,3.21197509765625,193.411,
0,3,,,3.21197509765625,193.442,
0,3,,,3.2329559326171875,193.473,
0,3,,,3.2520294189453125,193.504,
0,3,,,3.2520294189453125,193.535,
0,3,,,3.1982421875000004,193.566,
0,3,,,3.1982421875000004,193.597,
0,3,,,3.1578063964843754,193.628,
0,3,,,3.250885009765625,193.659,
0,3,,,3.250885009765625,193.69,
0,3,,,3.1688690185546875,193.721,
0,3,,,3.1688690185546875,193.752,
0,3,,,3.2085418701171875,193.783,
0,3,,,3.19671630859375,193.814,
0,3,,,3.19671630859375,193.845,
0,3,,,3.2135009765625004,193.876,
0,3,,,3.2222747802734375,193.907,
0,3,,,3.2222747802734375,193.938,
0,3,,,3.27911376953125,193.969,
0,3,,,3.27911376953125,194.0,
0,3,,,3.1604766845703125,194.031,
0,3,,,3.2405853271484375,194.062,
0,3,,,3.2405853271484375,194.093,
0,3,,,3.235626220703125,194.125,
0,3,,,3.235626220703125,194.156,
0,3,,,3.1730651855468754,194.187,
0,3,,,3.2341003417968754,194.218,
0,3,,,3.2341003417968754,194.25,
0,3,,,3.2249450683593754,194.281,
0,3,,,3.206634521484375,194.312,
0,3,,,3.206634521484375,194.343,
0,3,,,3.2527923583984375,194.374,
0,3,,,3.2527923583984375,194.406,
0,3,,,3.177261352539063,194.438,
0,3,,,3.2451629638671875,194.469,
0,3,,,3.2451629638671875,194.5,
0,3,,,3.170013427734375,194.531,
0,3,,,3.170013427734375,194.562,
0,3,,,3.1642913818359375,194.593,
0,3,,,3.178787231445313,194.624,
0,3,,,3.178787231445313,194.655,
0,3,,,3.1951904296875,194.686,
0,3,,,3.1791687011718754,194.718,
0,3,,,3.1791687011718754,194.749,
0,3,,,3.192520141601563,194.78,
0,3,,,3.192520141601563,194.811,
0,3,,,3.2161712646484375,194.842,
0,3,,,3.1757354736328125,194.873,
0,3,,,3.1757354736328125,194.905,
0,3,,,3.22723388671875,194.936,
0,3,,,3.22723388671875,194.967,
0,3,,,3.2363891601562504,194.998,
0,3,,,3.2024383544921875,195.03,
0,3,,,3.2024383544921875,195.061,
0,3,,,3.19366455078125,195.092,
0,3,,,3.1845092773437504,195.123,
0,3,,,3.1845092773437504,195.155,
0,3,,,3.2619476318359375,195.186,
0,3,,,3.2619476318359375,195.217,
0,3,,,3.2402038574218754,195.248,
0,3,,,3.1185150146484375,195.28,
0,3,,,3.1185150146484375,195.311,
0,3,,,3.2562255859375,195.342,
0,3,,,3.2329559326171875,195.373,
0,3,,,3.2329559326171875,195.405,
0,3,,,3.158187866210938,195.436,
0,3,,,3.158187866210938,195.467,
0,3,,,3.247451782226563,195.499,
0,3,,,3.2012939453125,195.53,
0,3,,,3.2012939453125,195.562,
0,3,,,3.2070159912109375,195.593,
0,3,,,3.240966796875,195.625,
0,3,,,3.240966796875,195.656,
0,3,,,3.173828125,195.687,
0,3,,,3.173828125,195.719,
0,3,,,3.232192993164063,195.75,
0,3,,,3.2733917236328125,195.781,
0,3,,,3.2733917236328125,195.813,
0,3,,,3.1692504882812504,195.844,
0,3,,,3.1692504882812504,195.876,
0,3,,,3.253936767578125,195.907,
0,3,,,3.2444000244140625,195.939,
0,3,,,3.2444000244140625,195.971,
0,3,,,3.1948089599609375,196.003,
0,3,,,3.2253265380859375,196.035,
0,3,,,3.2253265380859375,196.066,
0,3,,,3.220748901367188,196.098,
0,3,,,3.188705444335938,196.13,
0,3,,,3.188705444335938,196.162,
0,3,,,3.2379150390625004,196.194,
0,3,,,3.2379150390625004,196.225,
0,3,,,3.1524658203125004,196.257,
0,3,,,3.191375732421875,196.288,
0,3,,,3.191375732421875,196.32,
0,3,,,3.2417297363281254,196.351,
0,3,,,3.261184692382813,196.383,
0,3,,,3.261184692382813,196.414,
0,3,,,3.213119506835938,196.446,
0,3,,,3.213119506835938,196.477,
0,3,,,3.277587890625,196.509,
0,3,,,3.1768798828125004,196.54,
0,3,,,3.1768798828125004,196.572,
0,3,,,3.2135009765625004,196.603,
0,3,,,3.2527923583984375,196.635,
0,3,,,3.2527923583984375,196.666,
0,3,,,3.2402038574218754,196.698,
0,3,,,3.2402038574218754,196.729,
0,3,,,3.2020568847656254,196.761,
0,3,,,3.2341003417968754,196.792,
0,3,,,3.2341003417968754,196.824,
0,3,,,3.2264709472656254,196.855,
0,3,,,3.2745361328125004,196.887,
0,3,,,3.2745361328125004,196.918,
0,3,,,3.159713745117188,196.95,
0,3,,,3.159713745117188,196.982,
0,3,,,3.184890747070313,197.013,
0,3,,,3.239822387695313,197.045,
0,3,,,3.239822387695313,197.076,
0,3,,,3.1909942626953125,197.108,
0,3,,,3.1497955322265625,197.139,
0,3,,,3.1497955322265625,197.171,
0,3,,,3.2325744628906254,197.203,
0,3,,,3.2325744628906254,197.234,
0,3,,,3.2100677490234375,197.266,
0,3,,,3.2482147216796875,197.297,
0,3,,,3.2482147216796875,197.329,
0,3,,,3.223037719726563,197.361,
0,3,,,3.200531005859375,197.392,
0,3,,,3.200531005859375,197.424,
0,3,,,3.2260894775390625,197.456,
0,3,,,3.2260894775390625,197.487,
0,3,,,3.23486328125,197.519,
0,3,,,3.2123565673828125,197.55,
0,3,,,3.2123565673828125,197.581,
0,3,,,3.2024383544921875,197.612,
0,3,,,3.2024383544921875,197.644,
0,3,,,3.20892333984375,197.676,
0,3,,,3.158187866210938,197.707,
0,3,,,3.158187866210938,197.739,
0,3,,,3.2264709472656254,197.771,
0,3,,,3.2302856445312504,197.803,
0,3,,,3.2302856445312504,197.834,
0,3,,,3.234481811523438,197.866,
0,3,,,3.2604217529296875,197.898,
0,3,,,3.2604217529296875,197.93,
0,3,,,3.1867980957031254,197.961,
0,3,,,3.1867980957031254,197.993,
0,3,,,3.235626220703125,198.025,
0,3,,,3.2604217529296875,198.057,
0,3,,,3.2604217529296875,198.089,
0,3,,,3.158187866210938,198.121,
0,3,,,3.2596588134765625,198.152,
0,3,,,3.2596588134765625,198.184,
0,3,,,3.203964233398438,198.216,
0,3,,,3.203964233398438,198.247,
0,3,,,3.131484985351563,198.279,
0,3,,,3.2733917236328125,198.311,
0,3,,,3.2733917236328125,198.343,
0,3,,,3.2032012939453125,198.375,
0,3,,,3.2161712646484375,198.406,
0,3,,,3.2161712646484375,198.438,
0,3,,,3.2501220703125,198.47,
0,3,,,3.2501220703125,198.502,
0,3,,,3.1375885009765625,198.534,
0,3,,,3.2024383544921875,198.566,
0,3,,,3.2024383544921875,198.597,
0,3,,,3.26385498046875,198.629,
0,3,,,3.2112121582031254,198.661,
0,3,,,3.2112121582031254,198.693,
0,3,,,3.1524658203125004,198.725,
0,3,,,3.2314300537109375,198.756,
0,3,,,3.2314300537109375,198.788,
0,3,,,3.2226562500000004,198.819,
0,3,,,3.2226562500000004,198.851,
0,3,,,3.2363891601562504,198.883,
0,3,,,3.213119506835938,198.915,
0,3,,,3.213119506835938,198.947,
0,3,,,3.2238006591796875,198.979,
0,3,,,3.26995849609375,199.011,
0,3,,,3.26995849609375,199.043,
0,3,,,3.227996826171875,199.076,
0,3,,,3.227996826171875,199.108,
0,3,,,3.170013427734375,199.14,
0,3,,,3.2684326171875004,199.172,
0,3,,,3.2684326171875004,199.204,
0,3,,,3.26385498046875,199.237,
0,3,,,3.250885009765625,199.269,
0,3,,,3.250885009765625,199.301,
0,3,,,3.25775146484375,199.333,
0,3,,,3.2405853271484375,199.365,
0,3,,,3.2405853271484375,199.397,
0,3,,,3.192520141601563,199.429,
0,3,,,3.192520141601563,199.461,
0,3,,,3.2363891601562504,199.493,
0,3,,,3.188705444335938,199.525,
0,3,,,3.188705444335938,199.557,
0,3,,,3.2402038574218754,199.589,
0,3,,,3.2199859619140625,199.621,
0,3,,,3.2199859619140625,199.654,
0,3,,,3.20892333984375,199.686,
0,3,,,3.2363891601562504,199.718,
0,3,,,3.2363891601562504,199.75,
0,3,,,3.216934204101563,199.782,
0,3,,,3.216934204101563,199.814,
0,3,,,3.17840576171875,199.846,
0,3,,,3.245925903320313,199.878,
0,3,,,3.245925903320313,199.911,
0,3,,,3.2058715820312504,199.943,
0,3,,,3.1951904296875,199.976,
0,3,,,3.1951904296875,200.008,
0,3,,,3.237152099609375,200.04,
0,3,,,3.1639099121093754,200.072,
0,3,,,3.1639099121093754,200.104,
0,3,,,3.2108306884765625,200.137,
0,3,,,3.2108306884765625,200.169,
0,3,,,3.2543182373046875,200.201,
0,3,,,3.2199859619140625,200.234,
0,3,,,3.2199859619140625,200.266,
0,3,,,3.2260894775390625,200.298,
0,3,,,3.21807861328125,200.33,
0,3,,,3.21807861328125,200.362,
0,3,,,3.1867980957031254,200.393,
0,3,,,3.23944091796875,200.425,
0,3,,,3.23944091796875,200.457,
0,3,,,3.1993865966796875,200.49,
0,3,,,3.1993865966796875,200.522,
0,3,,,3.2379150390625004,200.554,
0,3,,,3.262710571289063,200.586,
0,3,,,3.262710571289063,200.618,
0,3,,,3.2100677490234375,200.651,
0,3,,,3.165817260742188,200.683,
0,3,,,3.165817260742188,200.715,
0,3,,,3.234481811523438,200.747,
0,3,,,3.1486511230468754,200.78,
0,3,,,3.1486511230468754,200.812,
0,3,,,3.2108306884765625,200.844,
0,3,,,3.2108306884765625,200.876,
0,3,,,3.245925903320313,200.909,
0,3,,,3.1707763671875,200.941,
0,3,,,3.1707763671875,200.973,
0,3,,,3.2024383544921875,201.006,
0,3,,,3.190231323242188,201.038,
0,3,,,3.190231323242188,201.07,
0,3,,,3.14178466796875,201.103,
0,3,,,3.2314300537109375,201.135,
0,3,,,3.2314300537109375,201.167,
0,3,,,3.1909942626953125,201.198,
0,3,,,3.1909942626953125,201.23,
0,3,,,3.1410217285156254,201.262,
0,3,,,3.234481811523438,201.294,
0,3,,,3.234481811523438,201.327,
0,3,,,3.20281982421875,201.359,
0,3,,,3.1921386718750004,201.392,
0,3,,,3.1921386718750004,201.424,
0,3,,,3.2367706298828125,201.457,
0,3,,,3.1501770019531254,201.489,
0,3,,,3.1501770019531254,201.522,
0,3,,,3.2108306884765625,201.554,
0,3,,,3.213119506835938,201.587,
0,3,,,3.213119506835938,201.619,
0,3,,,3.1280517578125,201.652,
0,3,,,3.1280517578125,201.684,
0,3,,,3.2325744628906254,201.717,
0,3,,,3.2058715820312504,201.749,
0,3,,,3.2058715820312504,201.782,
0,3,,,3.159713745117188,201.815,
0,3,,,3.2337188720703125,201.847,
0,3,,,3.2337188720703125,201.88,
0,3,,,3.230667114257813,201.912,
0,3,,,3.220748901367188,201.945,
0,3,,,3.220748901367188,201.977,
0,3,,,3.2558441162109375,202.01,
0,3,,,3.2009124755859375,202.043,
0,3,,,3.2009124755859375,202.075,
0,3,,,3.1719207763671875,202.108,
0,3,,,3.282928466796875,202.141,
0,3,,,3.282928466796875,202.172,
0,3,,,3.1730651855468754,202.204,
0,3,,,3.1730651855468754,202.236,
0,3,,,3.1585693359375,202.267,
0,3,,,3.1917572021484375,202.299,
0,3,,,3.1917572021484375,202.331,
0,3,,,3.182220458984375,202.363,
0,3,,,3.2596588134765625,202.396,
0,3,,,3.2596588134765625,202.428,
0,3,,,3.20281982421875,202.46,
0,3,,,3.20281982421875,202.493,
0,3,,,3.1616210937500004,202.525,
0,3,,,3.216552734375,202.558,
0,3,,,3.216552734375,202.591,
0,3,,,3.2096862792968754,202.623,
0,3,,,3.169631958007813,202.656,
0,3,,,3.169631958007813,202.689,
0,3,,,3.2482147216796875,202.721,
0,3,,,3.250885009765625,202.754,
0,3,,,3.250885009765625,202.786,
0,3,,,3.22723388671875,202.819,
0,3,,,3.232192993164063,202.851,
0,3,,,3.232192993164063,202.884,
0,3,,,3.2733917236328125,202.917,
0,3,,,3.197479248046875,202.949,
0,3,,,3.197479248046875,202.982,
0,3,,,3.2405853271484375,203.014,
0,3,,,3.2405853271484375,203.047,
0,3,,,3.191375732421875,203.08,
0,3,,,3.2253265380859375,203.113,
0,3,,,3.2253265380859375,203.145,
0,3,,,3.2669067382812504,203.177,
0,3,,,3.1639099121093754,203.209,
0,3,,,3.1639099121093754,203.241,
0,3,,,3.2684326171875004,203.272,
0,3,,,3.215789794921875,203.304,
0,3,,,3.215789794921875,203.336,
0,3,,,3.2009124755859375,203.369,
0,3,,,3.2009124755859375,203.402,
0,3,,,3.2562255859375,203.435,
0,3,,,3.1867980957031254,203.468,
0,3,,,3.1867980957031254,203.5,
0,3,,,3.246307373046875,203.533,
0,3,,,3.2466888427734375,203.566,
0,3,,,3.2466888427734375,203.598,
0,3,,,3.177642822265625,203.631,
0,3,,,3.2276153564453125,203.664,
0,3,,,3.2276153564453125,203.697,
0,3,,,3.2863616943359375,203.729,
0,3,,,3.1703948974609375,203.762,
0,3,,,3.1703948974609375,203.795,
0,3,,,3.2352447509765625,203.827,
0,3,,,3.232192993164063,203.861,
0,3,,,3.232192993164063,203.894,
0,3,,,3.2024383544921875,203.927,
0,3,,,3.19366455078125,203.959,
0,3,,,3.19366455078125,203.992,
0,3,,,3.2505035400390625,204.024,
0,3,,,3.2505035400390625,204.057,
0,3,,,3.1780242919921875,204.09,
0,3,,,3.21807861328125,204.123,
0,3,,,3.21807861328125,204.156,
0,3,,,3.200149536132813,204.189,
0,3,,,3.1841278076171875,204.222,
0,3,,,3.1841278076171875,204.255,
0,3,,,3.2592773437500004,204.288,
0,3,,,3.2226562500000004,204.321,
0,3,,,3.2226562500000004,204.354,
0,3,,,3.2108306884765625,204.387,
0,3,,,3.2505035400390625,204.42,
0,3,,,3.2505035400390625,204.453,
0,3,,,3.22723388671875,204.485,
0,3,,,3.2833099365234375,204.518,
0,3,,,3.2833099365234375,204.551,
0,3,,,3.238296508789063,204.584,
0,3,,,3.2196044921875,204.616,
0,3,,,3.2196044921875,204.648,
0,3,,,3.260040283203125,204.68,
0,3,,,3.260040283203125,204.713,
0,3,,,3.2024383544921875,204.745,
0,3,,,3.1909942626953125,204.778,
0,3,,,3.1909942626953125,204.812,
0,3,,,3.2226562500000004,204.845,
0,3,,,3.2257080078125,204.878,
0,3,,,3.2257080078125,204.911,
0,3,,,3.177261352539063,204.944,
0,3,,,3.23944091796875,204.977,
0,3,,,3.23944091796875,205.01,
0,3,,,3.2188415527343754,205.043,
0,3,,,3.2199859619140625,205.076,
0,3,,,3.2199859619140625,205.109,
0,3,,,3.2325744628906254,205.142,
0,3,,,3.1970977783203125,205.175,
0,3,,,3.1970977783203125,205.207,
0,3,,,3.2440185546875004,205.24,
0,3,,,3.266143798828125,205.274,
0,3,,,3.266143798828125,205.307,
0,3,,,3.2363891601562504,205.34,
0,3,,,3.2363891601562504,205.373,
0,3,,,3.2260894775390625,205.405,
0,3,,,3.2176971435546875,205.437,
0,3,,,3.2176971435546875,205.47,
0,3,,,3.1654357910156254,205.503,
0,3,,,3.215408325195313,205.536,
0,3,,,3.215408325195313,205.569,
0,3,,,3.2215118408203125,205.602,
0,3,,,3.2062530517578125,205.635,
0,3,,,3.2062530517578125,205.668,
0,3,,,3.2196044921875,205.701,
0,3,,,3.144073486328125,205.734,
0,3,,,3.144073486328125,205.767,
0,3,,,3.2314300537109375,205.8,
0,3,,,3.2554626464843754,205.833,
0,3,,,3.2554626464843754,205.866,
0,3,,,3.173828125,205.899,
0,3,,,3.2173156738281254,205.932,
0,3,,,3.2173156738281254,205.965,
0,3,,,3.1909942626953125,205.998,
0,3,,,3.177642822265625,206.031,
0,3,,,3.177642822265625,206.064,
0,3,,,3.24249267578125,206.098,
0,3,,,3.2035827636718754,206.131,
0,3,,,3.2035827636718754,206.164,
0,3,,,3.182601928710938,206.197,
0,3,,,3.182601928710938,206.23,
0,3,,,3.266525268554688,206.264,
0,3,,,3.1604766845703125,206.297,
0,3,,,3.1604766845703125,206.33,
0,3,,,3.197479248046875,206.362,
0,3,,,3.252410888671875,206.395,
0,3,,,3.252410888671875,206.427,
0,3,,,3.192901611328125,206.459,
0,3,,,3.216552734375,206.492,
0,3,,,3.216552734375,206.524,
0,3,,,3.240966796875,206.556,
0,3,,,3.22723388671875,206.589,
0,3,,,3.22723388671875,206.621,
0,3,,,3.247451782226563,206.654,
0,3,,,3.2062530517578125,206.687,
0,3,,,3.2062530517578125,206.72,
0,3,,,3.2020568847656254,206.753,
0,3,,,3.2020568847656254,206.786,
0,3,,,3.239822387695313,206.818,
0,3,,,3.232192993164063,206.85,
0,3,,,3.232192993164063,206.884,
0,3,,,3.206634521484375,206.917,
0,3,,,3.268814086914063,206.95,
0,3,,,3.268814086914063,206.982,
0,3,,,3.228378295898438,207.015,
0,3,,,3.159713745117188,207.047,
0,3,,,3.159713745117188,207.081,
0,3,,,3.2608032226562504,207.114,
0,3,,,3.1272888183593754,207.147,
0,3,,,3.1272888183593754,207.179,
0,3,,,3.2123565673828125,207.212,
0,3,,,3.2478332519531254,207.244,
0,3,,,3.2478332519531254,207.278,
0,3,,,3.243255615234375,207.311,
0,3,,,3.220748901367188,207.344,
0,3,,,3.220748901367188,207.376,
0,3,,,3.2299041748046875,207.409,
0,3,,,3.2299041748046875,207.441,
0,3,,,3.1932830810546875,207.474,
0,3,,,3.2531738281250004,207.508,
0,3,,,3.2531738281250004,207.541,
0,3,,,3.2024383544921875,207.573,
0,3,,,3.2108306884765625,207.606,
0,3,,,3.2108306884765625,207.639,
0,3,,,3.235626220703125,207.672,
0,3,,,3.2009124755859375,207.705,
0,3,,,3.2009124755859375,207.739,
0,3,,,3.2161712646484375,207.772,
0,3,,,3.228378295898438,207.804,
0,3,,,3.228378295898438,207.837,
0,3,,,3.2035827636718754,207.87,
0,3,,,3.1654357910156254,207.903,
0,3,,,3.1654357910156254,207.937,
0,3,,,3.2657623291015625,207.97,
0,3,,,3.2161712646484375,208.003,
0,3,,,3.2161712646484375,208.035,
0,3,,,3.20281982421875,208.068,
0,3,,,3.219223022460938,208.1,
0,3,,,3.219223022460938,208.133,
0,3,,,3.159332275390625,208.166,
0,3,,,3.159332275390625,208.198,
0,3,,,3.2543182373046875,208.231,
0,3,,,3.223419189453125,208.264,
0,3,,,3.223419189453125,208.297,
0,3,,,3.1951904296875,208.331,
0,3,,,3.2619476318359375,208.364,
0,3,,,3.2619476318359375,208.397,
0,3,,,3.21197509765625,208.429,
0,3,,,3.2264709472656254,208.462,
0,3,,,3.2264709472656254,208.495,
0,3,,,3.251266479492188,208.529,
0,3,,,3.173828125,208.562,
0,3,,,3.173828125,208.595,
0,3,,,3.1841278076171875,208.628,
0,3,,,3.2711029052734375,208.661,
0,3,,,3.2711029052734375,208.694,
0,3,,,3.2150268554687504,208.729,
0,3,,,3.2032012939453125,208.762,
0,3,,,3.2032012939453125,208.795,
0,3,,,3.255081176757813,208.828,
0,3,,,3.1921386718750004,208.861,
0,3,,,3.1921386718750004,208.894,
0,3,,,3.2478332519531254,208.928,
0,3,,,3.219223022460938,208.961,
0,3,,,3.219223022460938,208.994,
0,3,,,3.1421661376953125,209.027,
0,3,,,3.1421661376953125,209.06,
0,3,,,3.21197509765625,209.094,
0,3,,,3.2138824462890625,209.127,
0,3,,,3.2138824462890625,209.161,
0,3,,,3.2211303710937504,209.193,
0,3,,,3.2657623291015625,209.226,
0,3,,,3.2657623291015625,209.259,
0,3,,,3.1383514404296875,209.293,
0,3,,,3.2188415527343754,209.326,
0,3,,,3.2188415527343754,209.36,
0,3,,,3.249740600585938,209.393,
0,3,,,3.2047271728515625,209.425,
0,3,,,3.2047271728515625,209.458,
0,3,,,3.2085418701171875,209.492,
0,3,,,3.2505035400390625,209.526,
0,3,,,3.2505035400390625,209.559,
0,3,,,3.188705444335938,209.592,
0,3,,,3.23486328125,209.625,
0,3,,,3.23486328125,209.658,
0,3,,,3.228378295898438,209.691,
0,3,,,3.199005126953125,209.725,
0,3,,,3.199005126953125,209.759,
0,3,,,3.2772064208984375,209.791,
0,3,,,3.2329559326171875,209.824,
0,3,,,3.2329559326171875,209.857,
0,3,,,3.139495849609375,209.891,
0,3,,,3.2554626464843754,209.925,
0,3,,,3.2554626464843754,209.958,
0,3,,,3.21044921875,209.991,
0,3,,,3.2062530517578125,210.024,
0,3,,,3.2062530517578125,210.057,
0,3,,,3.2299041748046875,210.09,
0,3,,,3.1616210937500004,210.124,
0,3,,,3.1616210937500004,210.158,
0,3,,,3.1932830810546875,210.191,
0,3,,,3.221893310546875,210.224,
0,3,,,3.221893310546875,210.257,
0,3,,,3.18145751953125,210.291,
0,3,,,3.2680511474609375,210.325,
0,3,,,3.2680511474609375,210.359,
0,3,,,3.2444000244140625,210.392,
0,3,,,3.18145751953125,210.425,
0,3,,,3.18145751953125,210.458,
0,3,,,3.2211303710937504,210.492,
0,3,,,3.1513214111328125,210.526,
0,3,,,3.1513214111328125,210.56,
0,3,,,3.2211303710937504,210.594,
0,3,,,3.2470703125,210.627,
0,3,,,3.2470703125,210.66,
0,3,,,3.1650543212890625,210.693,
0,3,,,3.1650543212890625,210.726,
0,3,,,3.2352447509765625,210.759,
0,3,,,3.251266479492188,210.793,
0,3,,,3.251266479492188,210.827,
0,3,,,3.170013427734375,210.861,
0,3,,,3.2276153564453125,210.894,
0,3,,,3.2276153564453125,210.927,
0,3,,,3.2058715820312504,210.96,
0,3,,,3.1387329101562504,210.994,
0,3,,,3.1387329101562504,211.028,
0,3,,,3.244781494140625,211.062,
0,3,,,3.1970977783203125,211.096,
0,3,,,3.1970977783203125,211.129,
0,3,,,3.2184600830078125,211.162,
0,3,,,3.2566070556640625,211.195,
0,3,,,3.2566070556640625,211.228,
0,3,,,3.2199859619140625,211.261,
0,3,,,3.2196044921875,211.295,
0,3,,,3.2196044921875,211.329,
0,3,,,3.235626220703125,211.363,
0,3,,,3.2531738281250004,211.396,
0,3,,,3.2531738281250004,211.429,
0,3,,,3.1917572021484375,211.462,
0,3,,,3.253555297851563,211.496,
0,3,,,3.253555297851563,211.53,
0,3,,,3.125,211.563,
0,3,,,3.186416625976563,211.596,
0,3,,,3.186416625976563,211.629,
0,3,,,3.223037719726563,211.663,
0,3,,,3.2199859619140625,211.697,
0,3,,,3.2199859619140625,211.73,
0,3,,,3.2138824462890625,211.764,
0,3,,,3.21197509765625,211.797,
0,3,,,3.21197509765625,211.83,
0,3,,,3.1757354736328125,211.863,
0,3,,,3.2516479492187504,211.897,
0,3,,,3.2516479492187504,211.931,
0,3,,,3.216934204101563,211.965,
0,3,,,3.2455444335937504,211.998,
0,3,,,3.2455444335937504,212.031,
0,3,,,3.243255615234375,212.064,
0,3,,,3.173446655273438,212.099,
0,3,,,3.173446655273438,212.133,
0,3,,,3.205108642578125,212.167,
0,3,,,3.2337188720703125,212.2,
0,3,,,3.2337188720703125,212.233,
0,3,,,3.2150268554687504,212.267,
0,3,,,3.266143798828125,212.301,
0,3,,,3.266143798828125,212.335,
0,3,,,3.2634735107421875,212.369,
0,3,,,3.1932830810546875,212.402,
0,3,,,3.1932830810546875,212.435,
0,3,,,3.2413482666015625,212.468,
0,3,,,3.204345703125,212.501,
0,3,,,3.204345703125,212.535,
0,3,,,3.203964233398438,212.568,
0,3,,,3.2375335693359375,212.601,
0,3,,,3.2375335693359375,212.634,
0,3,,,3.2184600830078125,212.668,
0,3,,,3.1932830810546875,212.701,
0,3,,,3.1932830810546875,212.734,
0,3,,,3.229522705078125,212.768,
0,3,,,3.1982421875000004,212.801,
0,3,,,3.1982421875000004,212.834,
0,3,,,3.2123565673828125,212.868,
0,3,,,3.2562255859375,212.901,
0,3,,,3.2562255859375,212.935,
0,3,,,3.228378295898438,212.968,
0,3,,,3.2413482666015625,213.001,
0,3,,,3.2413482666015625,213.034,
0,3,,,3.18603515625,213.068,
0,3,,,3.18603515625,213.101,
0,3,,,3.1841278076171875,213.134,
0,3,,,3.245925903320313,213.167,
0,3,,,3.245925903320313,213.201,
0,3,,,3.2150268554687504,213.234,
0,3,,,3.162002563476563,213.267,
0,3,,,3.162002563476563,213.301,
0,3,,,3.2329559326171875,213.334,
0,3,,,3.205490112304688,213.367,
0,3,,,3.205490112304688,213.401,
0,3,,,3.1829833984375004,213.436,
0,3,,,3.220748901367188,213.47,
0,3,,,3.220748901367188,213.503,
0,3,,,3.2276153564453125,213.537,
0,3,,,3.234481811523438,213.57,
0,3,,,3.234481811523438,213.604,
0,3,,,3.2501220703125,213.637,
0,3,,,3.224563598632813,213.671,
0,3,,,3.224563598632813,213.705,
0,3,,,3.2009124755859375,213.739,
0,3,,,3.192520141601563,213.773,
0,3,,,3.192520141601563,213.807,
0,3,,,3.249740600585938,213.841,
0,3,,,3.2455444335937504,213.874,
0,3,,,3.2455444335937504,213.908,
0,3,,,3.176116943359375,213.942,
0,3,,,3.2569885253906254,213.976,
0,3,,,3.2569885253906254,214.01,
0,3,,,3.2604217529296875,214.043,
0,3,,,3.182601928710938,214.076,
0,3,,,3.182601928710938,214.11,
0,3,,,3.2417297363281254,214.143,
0,3,,,3.2413482666015625,214.177,
0,3,,,3.2413482666015625,214.21,
0,3,,,3.207778930664063,214.244,
0,3,,,3.224563598632813,214.277,
0,3,,,3.224563598632813,214.311,
0,3,,,3.2489776611328125,214.344,
0,3,,,3.1311035156250004,214.378,
0,3,,,3.1311035156250004,214.412,
0,3,,,3.2352447509765625,214.445,
0,3,,,3.232192993164063,214.479,
0,3,,,3.232192993164063,214.512,
0,3,,,3.1677246093750004,214.546,
0,3,,,3.221893310546875,214.579,
0,3,,,3.221893310546875,214.613,
0,3,,,3.271484375,214.647,
0,3,,,3.2226562500000004,214.68,
0,3,,,3.2226562500000004,214.714,
0,3,,,3.247451782226563,214.748,
0,3,,,3.2196044921875,214.781,
0,3,,,3.2196044921875,214.815,
0,3,,,3.19671630859375,214.849,
0,3,,,3.253936767578125,214.883,
0,3,,,3.253936767578125,214.917,
0,3,,,3.1616210937500004,214.95,
0,3,,,3.2405853271484375,214.984,
0,3,,,3.2405853271484375,215.018,
0,3,,,3.2527923583984375,215.051,
0,3,,,3.192520141601563,215.085,
0,3,,,3.192520141601563,215.118,
0,3,,,3.2108306884765625,215.152,
0,3,,,3.2402038574218754,215.186,
0,3,,,3.2402038574218754,215.22,
0,3,,,3.228378295898438,215.253,
0,3,,,3.212738037109375,215.287,
0,3,,,3.212738037109375,215.321,
0,3,,,3.1948089599609375,215.354,
0,3,,,3.192901611328125,215.388,
0,3,,,3.192901611328125,215.422,
0,3,,,3.2646179199218754,215.455,
0,3,,,3.2100677490234375,215.489,
0,3,,,3.2100677490234375,215.523,
0,3,,,3.2108306884765625,215.556,
0,3,,,3.238677978515625,215.59,
0,3,,,3.238677978515625,215.623,
0,3,,,3.163528442382813,215.657,
0,3,,,3.20892333984375,215.691,
0,3,,,3.20892333984375,215.724,
0,3,,,3.258895874023438,215.758,
0,3,,,3.1764984130859375,215.792,
0,3,,,3.1764984130859375,215.825,
0,3,,,3.223037719726563,215.859,
0,3,,,3.2482147216796875,215.893,
0,3,,,3.2482147216796875,215.926,
0,3,,,3.160858154296875,215.96,
0,3,,,3.2489776611328125,215.993,
0,3,,,3.2489776611328125,216.027,
0,3,,,3.2108306884765625,216.061,
0,3,,,3.2070159912109375,216.095,
0,3,,,3.2070159912109375,216.128,
0,3,,,3.2367706298828125,216.162,
0,3,,,3.242111206054688,216.195,
0,3,,,3.242111206054688,216.229,
0,3,,,3.1421661376953125,216.263,
0,3,,,3.2215118408203125,216.297,
0,3,,,3.2215118408203125,216.331,
0,3,,,3.1906127929687504,216.364,
0,3,,,3.2516479492187504,216.398,
0,3,,,3.2516479492187504,216.432,
0,3,,,3.2112121582031254,216.466,
0,3,,,3.22723388671875,216.499,
0,3,,,3.22723388671875,216.533,
0,3,,,3.238296508789063,216.567,
0,3,,,3.2108306884765625,216.601,
0,3,,,3.2108306884765625,216.635,
0,3,,,3.1951904296875,216.668,
0,3,,,3.2451629638671875,216.702,
0,3,,,3.2451629638671875,216.736,
0,3,,,3.255081176757813,216.77,
0,3,,,3.2253265380859375,216.804,
0,3,,,3.2253265380859375,216.838,
0,3,,,3.260040283203125,216.872,
0,3,,,3.2161712646484375,216.906,
0,3,,,3.2161712646484375,216.94,
0,3,,,3.192901611328125,216.974,
0,3,,,3.247451782226563,217.008,
0,3,,,3.14788818359375,217.042,
0,3,,,3.14788818359375,217.076,
0,3,,,3.2470703125,217.11,
0,3,,,3.2287597656250004,217.143,
0,3,,,3.2287597656250004,217.177,
0,3,,,3.1192779541015625,217.211,
0,3,,,3.23333740234375,217.245,
0,3,,,3.23333740234375,217.279,
0,3,,,3.277969360351563,217.313,
0,3,,,3.2096862792968754,217.347,
0,3,,,3.2096862792968754,217.381,
0,3,,,3.2604217529296875,217.414,
0,3,,,3.277587890625,217.448,
0,3,,,3.277587890625,217.482,
0,3,,,3.2161712646484375,217.516,
0,3,,,3.23333740234375,217.55,
0,3,,,3.23333740234375,217.584,
0,3,,,3.1890869140625,217.618,
0,3,,,3.162002563476563,217.651,
0,3,,,3.162002563476563,217.685,
0,3,,,3.2711029052734375,217.719,
0,3,,,3.1894683837890625,217.753,
0,3,,,3.1894683837890625,217.788,
0,3,,,3.209304809570313,217.822,
0,3,,,3.246307373046875,217.857,
0,3,,,3.246307373046875,217.892,
0,3,,,3.232192993164063,217.927,
0,3,,,3.220748901367188,217.962,
0,3,,,3.220748901367188,217.998,
0,3,,,3.2543182373046875,218.033,
0,3,,,3.2173156738281254,218.067,
0,3,,,3.2173156738281254,218.101,
0,3,,,3.2299041748046875,218.135,
0,3,,,3.199005126953125,218.17,
0,3,,,3.148269653320313,218.204,
0,3,,,3.148269653320313,218.238,
0,3,,,3.24249267578125,218.272,
0,3,,,3.2184600830078125,218.306,
0,3,,,3.2184600830078125,218.34,
0,3,,,3.181076049804688,218.374,
0,3,,,3.243255615234375,218.408,
0,3,,,3.243255615234375,218.442,
0,3,,,3.1642913818359375,218.476,
0,3,,,3.2215118408203125,218.51,
0,3,,,3.2215118408203125,218.544,
0,3,,,3.244781494140625,218.578,
0,3,,,3.1818389892578125,218.612,
0,3,,,3.1818389892578125,218.646,
0,3,,,3.2035827636718754,218.681,
0,3,,,3.266525268554688,218.715,
0,3,,,3.266525268554688,218.75,
0,3,,,3.153228759765625,218.784,
0,3,,,3.22723388671875,218.818,
0,3,,,3.22723388671875,218.852,
0,3,,,3.2413482666015625,218.886,
0,3,,,3.142929077148438,218.92,
0,3,,,3.142929077148438,218.955,
0,3,,,3.2592773437500004,218.989,
0,3,,,3.2604217529296875,219.023,
0,3,,,3.2604217529296875,219.057,
0,3,,,3.216552734375,219.092,
0,3,,,3.2257080078125,219.126,
0,3,,,3.2257080078125,219.16,
0,3,,,3.2264709472656254,219.194,
0,3,,,3.22418212890625,219.229,
0,3,,,3.22418212890625,219.263,
0,3,,,3.2302856445312504,219.297,
0,3,,,3.205108642578125,219.331,
0,3,,,3.2188415527343754,219.366,
0,3,,,3.2188415527343754,219.4,
0,3,,,3.2302856445312504,219.434,
0,3,,,3.179931640625,219.468,
0,3,,,3.179931640625,219.502,
0,3,,,3.221893310546875,219.536,
0,3,,,3.24249267578125,219.571,
0,3,,,3.24249267578125,219.605,
0,3,,,3.1692504882812504,219.639,
0,3,,,3.2199859619140625,219.674,
0,3,,,3.2199859619140625,219.708,
0,3,,,3.2032012939453125,219.742,
0,3,,,3.1459808349609375,219.777,
0,3,,,3.1459808349609375,219.811,
0,3,,,3.287887573242188,219.845,
0,3,,,3.18756103515625,219.88,
0,3,,,3.18756103515625,219.914,
0,3,,,3.215789794921875,219.948,
0,3,,,3.2669067382812504,219.983,
0,3,,,3.2669067382812504,220.017,
0,3,,,3.176116943359375,220.052,
0,3,,,3.20281982421875,220.087,
0,3,,,3.20281982421875,220.121,
0,3,,,3.2493591308593754,220.156,
0,3,,,3.1681060791015625,220.191,
0,3,,,3.1909942626953125,220.225,
0,3,,,3.1909942626953125,220.259,
0,3,,,3.2558441162109375,220.294,
0,3,,,3.2070159912109375,220.328,
0,3,,,3.2070159912109375,220.363,
0,3,,,3.2367706298828125,220.397,
0,3,,,3.204345703125,220.432,
0,3,,,3.204345703125,220.466,
0,3,,,3.215789794921875,220.501,
0,3,,,3.243637084960938,220.536,
0,3,,,3.243637084960938,220.571,
0,3,,,3.2501220703125,220.605,
0,3,,,3.190231323242188,220.64,
0,3,,,3.190231323242188,220.675,
0,3,,,3.2070159912109375,220.709,
0,3,,,3.19366455078125,220.744,
0,3,,,3.208160400390625,220.779,
0,3,,,3.208160400390625,220.814,
0,3,,,3.1639099121093754,220.849,
0,3,,,3.1951904296875,220.883,
0,3,,,3.1951904296875,220.917,
0,3,,,3.2314300537109375,220.952,
0,3,,,3.243255615234375,220.986,
0,3,,,3.243255615234375,221.02,
0,3,,,3.2623291015625,221.055,
0,3,,,3.255081176757813,221.089,
0,3,,,3.255081176757813,221.123,
0,3,,,3.1993865966796875,221.158,
0,3,,,3.18145751953125,221.192,
0,3,,,3.18145751953125,221.226,
0,3,,,3.23486328125,221.261,
0,3,,,3.2085418701171875,221.295,
0,3,,,3.2085418701171875,221.33,
0,3,,,3.1867980957031254,221.364,
0,3,,,3.2417297363281254,221.398,
0,3,,,3.2417297363281254,221.433,
0,3,,,3.139495849609375,221.467,
0,3,,,3.2257080078125,221.502,
0,3,,,3.2257080078125,221.536,
0,3,,,3.2264709472656254,221.571,
0,3,,,3.1692504882812504,221.605,
0,3,,,3.1692504882812504,221.64,
0,3,,,3.1692504882812504,221.674,
0,3,,,3.220367431640625,221.709,
0,3,,,3.2238006591796875,221.743,
0,3,,,3.2238006591796875,221.778,
0,3,,,3.226852416992188,221.813,
0,3,,,3.1955718994140625,221.847,
0,3,,,3.1955718994140625,221.882,
0,3,,,3.21197509765625,221.916,
0,3,,,3.2562255859375,221.951,
0,3,,,3.2562255859375,221.985,
0,3,,,3.2096862792968754,222.02,
0,3,,,3.1879425048828125,222.054,
0,3,,,3.1879425048828125,222.089,
0,3,,,3.2669067382812504,222.123,
0,3,,,3.1856536865234375,222.158,
0,3,,,3.1856536865234375,222.193,
0,3,,,3.24859619140625,222.228,
0,3,,,3.231048583984375,222.262,
0,3,,,3.1883239746093754,222.297,
0,3,,,3.1883239746093754,222.331,
0,3,,,3.2325744628906254,222.366,
0,3,,,3.2009124755859375,222.401,
0,3,,,3.2009124755859375,222.435,
0,3,,,3.182220458984375,222.47,
0,3,,,3.2451629638671875,222.504,
0,3,,,3.2451629638671875,222.539,
0,3,,,3.2073974609375004,222.574,
0,3,,,3.214263916015625,222.609,
0,3,,,3.214263916015625,222.643,
0,3,,,3.258895874023438,222.678,
0,3,,,3.1604766845703125,222.713,
0,3,,,3.1604766845703125,222.747,
0,3,,,3.238677978515625,222.782,
0,3,,,3.2592773437500004,222.817,
0,3,,,3.242111206054688,222.852,
0,3,,,3.242111206054688,222.886,
0,3,,,3.204345703125,222.921,
0,3,,,3.2516479492187504,222.956,
0,3,,,3.2516479492187504,222.991,
0,3,,,3.2318115234375,223.025,
0,3,,,3.20892333984375,223.06,
0,3,,,3.20892333984375,223.095,
0,3,,,3.2215118408203125,223.129,
0,3,,,3.1539916992187504,223.164,
0,3,,,3.1539916992187504,223.199,
0,3,,,3.2501220703125,223.233,
0,3,,,3.23333740234375,223.268,
0,3,,,3.23333740234375,223.303,
0,3,,,3.199005126953125,223.338,
0,3,,,3.1803131103515625,223.372,
0,3,,,3.216552734375,223.407,
0,3,,,3.216552734375,223.442,
0,3,,,3.2375335693359375,223.476,
0,3,,,3.219223022460938,223.511,
0,3,,,3.219223022460938,223.546,
0,3,,,3.1692504882812504,223.581,
0,3,,,3.2146453857421875,223.616,
0,3,,,3.2146453857421875,223.65,
0,3,,,3.22723388671875,223.685,
0,3,,,3.2188415527343754,223.72,
0,3,,,3.2188415527343754,223.755,
0,3,,,3.220367431640625,223.791,
0,3,,,3.221893310546875,223.826,
0,3,,,3.2085418701171875,223.861,
0,3,,,3.2085418701171875,223.896,
0,3,,,3.25469970703125,223.931,
0,3,,,3.1867980957031254,223.966,
0,3,,,3.1867980957031254,224.002,
0,3,,,3.1421661376953125,224.037,
0,3,,,3.261566162109375,224.072,
0,3,,,3.261566162109375,224.107,
0,3,,,3.2363891601562504,224.142,
0,3,,,3.221893310546875,224.177,
0,3,,,3.221893310546875,224.212,
0,3,,,3.257369995117188,224.247,
0,3,,,3.145599365234375,224.282,
0,3,,,3.2341003417968754,224.317,
0,3,,,3.2341003417968754,224.352,
0,3,,,3.205490112304688,224.387,
0,3,,,3.204345703125,224.422,
0,3,,,3.204345703125,224.457,
0,3,,,3.2215118408203125,224.492,
0,3,,,3.2867431640625,224.527,
0,3,,,3.2867431640625,224.562,
0,3,,,3.154754638671875,224.597,
0,3,,,3.236007690429688,224.632,
0,3,,,3.236007690429688,224.667,
0,3,,,3.226852416992188,224.702,
0,3,,,3.1726837158203125,224.737,
0,3,,,3.2592773437500004,224.772,
0,3,,,3.2592773437500004,224.808,
0,3,,,3.197860717773438,224.843,
0,3,,,3.239822387695313,224.878,
0,3,,,3.239822387695313,224.913,
0,3,,,3.2695770263671875,224.948,
0,3,,,3.1944274902343754,224.984,
0,3,,,3.1944274902343754,225.019,
0,3,,,3.213119506835938,225.054,
0,3,,,3.236007690429688,225.089,
0,3,,,3.1955718994140625,225.124,
0,3,,,3.1955718994140625,225.159,
0,3,,,3.22418212890625,225.194,
0,3,,,3.250885009765625,225.229,
0,3,,,3.250885009765625,225.264,
0,3,,,3.209304809570313,225.299,
0,3,,,3.2669067382812504,225.334,
0,3,,,3.2669067382812504,225.369,
0,3,,,3.188705444335938,225.404,
0,3,,,3.2100677490234375,225.439,
0,3,,,3.2100677490234375,225.475,
0,3,,,3.228378295898438,225.51,
0,3,,,3.2112121582031254,225.545,
0,3,,,3.2058715820312504,225.58,
0,3,,,3.2058715820312504,225.615,
0,3,,,3.281784057617188,225.65,
0,3,,,3.1639099121093754,225.685,
0,3,,,3.1639099121093754,225.721,
0,3,,,3.24249267578125,225.756,
0,3,,,3.2184600830078125,225.791,
0,3,,,3.2184600830078125,225.826,
0,3,,,3.1639099121093754,225.861,
0,3,,,3.1883239746093754,225.896,
0,3,,,3.1883239746093754,225.931,
0,3,,,3.2554626464843754,225.966,
0,3,,,3.1654357910156254,226.001,
0,3,,,3.253936767578125,226.036,
0,3,,,3.253936767578125,226.071,
0,3,,,3.1818389892578125,226.107,
0,3,,,3.1906127929687504,226.142,
0,3,,,3.1906127929687504,226.177,
0,3,,,3.2531738281250004,226.212,
0,3,,,3.183746337890625,226.247,
0,3,,,3.183746337890625,226.283,
0,3,,,3.197860717773438,226.318,
0,3,,,3.2566070556640625,226.353,
0,3,,,3.1585693359375,226.388,
0,3,,,3.1585693359375,226.423,
0,3,,,3.238677978515625,226.458,
0,3,,,3.253555297851563,226.493,
0,3,,,3.253555297851563,226.529,
0,3,,,3.18145751953125,226.564,
0,3,,,3.257369995117188,226.599,
0,3,,,3.257369995117188,226.634,
0,3,,,3.223037719726563,226.67,
0,3,,,3.1646728515625,226.705,
0,3,,,3.2466888427734375,226.74,
0,3,,,3.2466888427734375,226.775,
0,3,,,3.200149536132813,226.81,
0,3,,,3.228378295898438,226.846,
0,3,,,3.228378295898438,226.881,
0,3,,,3.2581329345703125,226.916,
0,3,,,3.1768798828125004,226.951,
0,3,,,3.1768798828125004,226.986,
0,3,,,3.200149536132813,227.022,
0,3,,,3.2554626464843754,227.057,
0,3,,,3.2554626464843754,227.092,
0,3,,,3.159713745117188,227.127,
0,3,,,3.1795501708984375,227.163,
0,3,,,3.205490112304688,227.198,
0,3,,,3.205490112304688,227.233,
0,3,,,3.113555908203125,227.268,
0,3,,,3.2478332519531254,227.304,
0,3,,,3.2478332519531254,227.339,
0,3,,,3.2402038574218754,227.374,
0,3,,,3.244781494140625,227.41,
0,3,,,3.244781494140625,227.446,
0,3,,,3.2596588134765625,227.481,
0,3,,,3.239822387695313,227.517,
0,3,,,3.186416625976563,227.553,
0,3,,,3.186416625976563,227.588,
0,3,,,3.264999389648438,227.623,
0,3,,,3.2238006591796875,227.659,
0,3,,,3.2238006591796875,227.694,
0,3,,,3.1959533691406254,227.729,
0,3,,,3.2146453857421875,227.765,
0,3,,,3.1486511230468754,227.8,
0,3,,,3.1486511230468754,227.836,
0,3,,,3.1856536865234375,227.871,
0,3,,,3.2428741455078125,227.906,
0,3,,,3.2428741455078125,227.942,
0,3,,,3.1879425048828125,227.977,
0,3,,,3.2188415527343754,228.013,
0,3,,,3.2188415527343754,228.048,
0,3,,,3.220748901367188,228.084,
0,3,,,3.1677246093750004,228.119,
0,3,,,3.2669067382812504,228.154,
0,3,,,3.2669067382812504,228.19,
0,3,,,3.190231323242188,228.225,
0,3,,,3.2138824462890625,228.26,
0,3,,,3.2138824462890625,228.296,
0,3,,,3.224563598632813,228.331,
0,3,,,3.205490112304688,228.367,
0,3,,,3.205490112304688,228.402,
0,3,,,3.2138824462890625,228.438,
0,3,,,3.232192993164063,228.473,
0,3,,,3.1917572021484375,228.508,
0,3,,,3.1917572021484375,228.544,
0,3,,,3.2455444335937504,228.58,
0,3,,,3.2276153564453125,228.615,
0,3,,,3.2276153564453125,228.651,
0,3,,,3.208160400390625,228.686,
0,3,,,3.201675415039063,228.722,
0,3,,,3.201675415039063,228.758,
0,3,,,3.2352447509765625,228.793,
0,3,,,3.224563598632813,228.829,
0,3,,,3.2493591308593754,228.864,
0,3,,,3.2493591308593754,228.9,
0,3,,,3.214263916015625,228.935,
0,3,,,3.1818389892578125,228.971,
0,3,,,3.1818389892578125,229.007,
0,3,,,3.2466888427734375,229.043,
0,3,,,3.227996826171875,229.079,
0,3,,,3.2299041748046875,229.114,
0,3,,,3.2299041748046875,229.15,
0,3,,,3.246307373046875,229.185,
0,3,,,3.1646728515625,229.221,
0,3,,,3.1646728515625,229.256,
0,3,,,3.177261352539063,229.292,
0,3,,,3.2135009765625004,229.328,
0,3,,,3.2135009765625004,229.363,
0,3,,,3.1223297119140625,229.399,
0,3,,,3.205490112304688,229.434,
0,3,,,3.1955718994140625,229.47,
0,3,,,3.1955718994140625,229.506,
0,3,,,3.23486328125,229.542,
0,3,,,3.2672882080078125,229.577,
0,3,,,3.2672882080078125,229.613,
0,3,,,3.2318115234375,229.649,
0,3,,,3.2024383544921875,229.684,
0,3,,,3.2489776611328125,229.72,
0,3,,,3.2489776611328125,229.756,
0,3,,,3.1551361083984375,229.792,
0,3,,,3.2249450683593754,229.827,
0,3,,,3.2249450683593754,229.863,
0,3,,,3.246307373046875,229.899,
0,3,,,3.240966796875,229.935,
0,3,,,3.240966796875,229.97,
0,3,,,3.1806945800781254,230.006,
0,3,,,3.2150268554687504,230.042,
0,3,,,3.1726837158203125,230.078,
0,3,,,3.1726837158203125,230.114,
0,3,,,3.25775146484375,230.151,
0,3,,,3.219223022460938,230.187,
0,3,,,3.219223022460938,230.223,
0,3,,,3.1871795654296875,230.26,
0,3,,,3.277587890625,230.295,
0,3,,,3.234481811523438,230.33,
0,3,,,3.234481811523438,230.365,
0,3,,,3.190231323242188,230.4,
0,3,,,3.2810211181640625,230.436,
0,3,,,3.2810211181640625,230.472,
0,3,,,3.2112121582031254,230.507,
0,3,,,3.177261352539063,230.543,
0,3,,,3.2047271728515625,230.579,
0,3,,,3.2047271728515625,230.616,
0,3,,,3.199005126953125,230.652,
0,3,,,3.2070159912109375,230.688,
0,3,,,3.2070159912109375,230.725,
0,3,,,3.2619476318359375,230.761,
0,3,,,3.1997680664062504,230.798,
0,3,,,3.2428741455078125,230.833,
0,3,,,3.2428741455078125,230.868,
0,3,,,3.22418212890625,230.903,
0,3,,,3.1986236572265625,230.939,
0,3,,,3.1986236572265625,230.975,
0,3,,,3.2684326171875004,231.011,
0,3,,,3.237152099609375,231.047,
0,3,,,3.237152099609375,231.083,
0,3,,,3.216934204101563,231.119,
0,3,,,3.2276153564453125,231.155,
0,3,,,3.18603515625,231.191,
0,3,,,3.18603515625,231.227,
0,3,,,3.1494140625,231.263,
0,3,,,3.2470703125,231.299,
0,3,,,3.2470703125,231.335,
0,3,,,3.1719207763671875,231.37,
0,3,,,3.1917572021484375,231.406,
0,3,,,3.2634735107421875,231.442,
0,3,,,3.2634735107421875,231.478,
0,3,,,3.204345703125,231.514,
0,3,,,3.257369995117188,231.55,
0,3,,,3.257369995117188,231.586,
0,3,,,3.194046020507813,231.622,
0,3,,,3.146743774414063,231.657,
0,3,,,3.238296508789063,231.693,
0,3,,,3.238296508789063,231.729,
0,3,,,3.2413482666015625,231.765,
0,3,,,3.2211303710937504,231.801,
0,3,,,3.2211303710937504,231.837,
0,3,,,3.2188415527343754,231.873,
0,3,,,3.2444000244140625,231.909,
0,3,,,3.2226562500000004,231.945,
0,3,,,3.2226562500000004,231.981,
0,3,,,3.2402038574218754,232.017,
0,3,,,3.196334838867188,232.053,
0,3,,,3.196334838867188,232.089,
0,3,,,3.1959533691406254,232.125,
0,3,,,3.2444000244140625,232.161,
0,3,,,3.167343139648438,232.197,
0,3,,,3.167343139648438,232.233,
0,3,,,3.2070159912109375,232.269,
0,3,,,3.220367431640625,232.305,
0,3,,,3.220367431640625,232.341,
0,3,,,3.129196166992188,232.377,
0,3,,,3.2238006591796875,232.413,
0,3,,,3.2489776611328125,232.449,
0,3,,,3.2489776611328125,232.486,
0,3,,,3.197479248046875,232.522,
0,3,,,3.2402038574218754,232.558,
0,3,,,3.2402038574218754,232.594,
0,3,,,3.1730651855468754,232.63,
0,3,,,3.1959533691406254,232.666,
0,3,,,3.2569885253906254,232.702,
0,3,,,3.2569885253906254,232.738,
0,3,,,3.208160400390625,232.774,
0,3,,,3.2402038574218754,232.81,
0,3,,,3.2402038574218754,232.846,
0,3,,,3.253555297851563,232.883,
0,3,,,3.1562805175781254,232.918,
0,3,,,3.219223022460938,232.955,
0,3,,,3.219223022460938,232.991,
0,3,,,3.2669067382812504,233.027,
0,3,,,3.2073974609375004,233.063,
0,3,,,3.2073974609375004,233.099,
0,3,,,3.2318115234375,233.135,
0,3,,,3.228378295898438,233.172,
0,3,,,3.2249450683593754,233.208,
0,3,,,3.2249450683593754,233.244,
0,3,,,3.2379150390625004,233.28,
0,3,,,3.240966796875,233.316,
0,3,,,3.240966796875,233.351,
0,3,,,3.2012939453125,233.386,
0,3,,,3.2379150390625004,233.421,
0,3,,,3.2379150390625004,233.457,
0,3,,,3.1917572021484375,233.493,
0,3,,,3.2337188720703125,233.53,
0,3,,,3.243637084960938,233.566,
0,3,,,3.243637084960938,233.602,
0,3,,,3.1604766845703125,233.639,
0,3,,,3.2619476318359375,233.675,
0,3,,,3.197860717773438,233.711,
0,3,,,3.197860717773438,233.747,
0,3,,,3.145599365234375,233.782,
0,3,,,3.240966796875,233.818,
0,3,,,3.240966796875,233.854,
0,3,,,3.1604766845703125,233.89,
0,3,,,3.18145751953125,233.926,
0,3,,,3.18145751953125,233.962,
0,3,,,3.276824951171875,233.997,
0,3,,,3.1909942626953125,234.032,
0,3,,,3.186416625976563,234.068,
0,3,,,3.186416625976563,234.105,
0,3,,,3.220748901367188,234.141,
0,3,,,3.1589508056640625,234.177,
0,3,,,3.1589508056640625,234.213,
0,3,,,3.2493591308593754,234.248,
0,3,,,3.2428741455078125,234.283,
0,3,,,3.1856536865234375,234.32,
0,3,,,3.1856536865234375,234.356,
0,3,,,3.2062530517578125,234.393,
0,3,,,3.2226562500000004,234.429,
0,3,,,3.2226562500000004,234.465,
0,3,,,3.130340576171875,234.501,
0,3,,,3.2470703125,234.537,
0,3,,,3.21044921875,234.573,
0,3,,,3.21044921875,234.61,
0,3,,,3.2352447509765625,234.647,
0,3,,,3.26385498046875,234.683,
0,3,,,3.26385498046875,234.719,
0,3,,,3.1707763671875,234.755,
0,3,,,3.1665802001953125,234.79,
0,3,,,3.204345703125,234.826,
0,3,,,3.204345703125,234.862,
0,3,,,3.159713745117188,234.899,
0,3,,,3.2138824462890625,234.935,
0,3,,,3.2138824462890625,234.972,
0,3,,,3.232192993164063,235.008,
0,3,,,3.2024383544921875,235.045,
0,3,,,3.2264709472656254,235.081,
0,3,,,3.2264709472656254,235.118,
0,3,,,3.216552734375,235.153,
0,3,,,3.1818389892578125,235.189,
0,3,,,3.1818389892578125,235.225,
0,3,,,3.262710571289063,235.262,
0,3,,,3.2604217529296875,235.298,
0,3,,,3.1562805175781254,235.335,
0,3,,,3.1562805175781254,235.37,
0,3,,,3.2070159912109375,235.405,
0,3,,,3.2173156738281254,235.441,
0,3,,,3.2173156738281254,235.477,
0,3,,,3.2024383544921875,235.514,
0,3,,,3.24859619140625,235.55,
0,3,,,3.192520141601563,235.587,
0,3,,,3.192520141601563,235.623,
0,3,,,3.1764984130859375,235.659,
0,3,,,3.2390594482421875,235.694,
0,3,,,3.2390594482421875,235.73,
0,3,,,3.189849853515625,235.766,
0,3,,,3.1871795654296875,235.803,
0,3,,,3.1951904296875,235.839,
0,3,,,3.1951904296875,235.875,
0,3,,,3.1764984130859375,235.91,
0,3,,,3.24249267578125,235.946,
0,3,,,3.24249267578125,235.983,
0,3,,,3.2363891601562504,236.019,
0,3,,,3.2188415527343754,236.056,
0,3,,,3.215408325195313,236.093,
0,3,,,3.215408325195313,236.129,
0,3,,,3.1932830810546875,236.165,
0,3,,,3.234481811523438,236.201,
0,3,,,3.2451629638671875,236.236,
0,3,,,3.2451629638671875,236.273,
0,3,,,3.18756103515625,236.31,
0,3,,,3.2123565673828125,236.347,
0,3,,,3.2123565673828125,236.384,
0,3,,,3.207778930664063,236.421,
0,3,,,3.183746337890625,236.457,
0,3,,,3.246307373046875,236.494,
0,3,,,3.246307373046875,236.531,
0,3,,,3.223419189453125,236.567,
0,3,,,3.18603515625,236.602,
0,3,,,3.18603515625,236.638,
0,3,,,3.24859619140625,236.676,
0,3,,,3.184890747070313,236.714,
0,3,,,3.1677246093750004,236.751,
0,3,,,3.1677246093750004,236.788,
0,3,,,3.237152099609375,236.825,
0,3,,,3.1883239746093754,236.861,
0,3,,,3.185272216796875,236.898,
0,3,,,3.185272216796875,236.934,
0,3,,,3.2299041748046875,236.97,
0,3,,,3.18145751953125,237.005,
0,3,,,3.18145751953125,237.041,
0,3,,,3.22418212890625,237.078,
0,3,,,3.242111206054688,237.114,
0,3,,,3.1719207763671875,237.151,
0,3,,,3.1719207763671875,237.187,
0,3,,,3.216552734375,237.224,
0,3,,,3.1894683837890625,237.261,
0,3,,,3.1768798828125004,237.298,
0,3,,,3.1768798828125004,237.335,
0,3,,,3.2756805419921875,237.371,
0,3,,,3.2196044921875,237.407,
0,3,,,3.2196044921875,237.443,
0,3,,,3.2302856445312504,237.479,
0,3,,,3.2684326171875004,237.514,
0,3,,,3.19671630859375,237.55,
0,3,,,3.19671630859375,237.587,
0,3,,,3.2249450683593754,237.624,
0,3,,,3.243637084960938,237.661,
0,3,,,3.243637084960938,237.698,
0,3,,,3.2253265380859375,237.734,
0,3,,,3.1604766845703125,237.77,
0,3,,,3.22723388671875,237.806,
0,3,,,3.22723388671875,237.842,
0,3,,,3.1459808349609375,237.879,
0,3,,,3.1871795654296875,237.916,
0,3,,,3.1871795654296875,237.953,
0,3,,,3.2440185546875004,237.988,
0,3,,,3.1768798828125004,238.024,
0,3,,,3.284072875976563,238.061,
0,3,,,3.284072875976563,238.097,
0,3,,,3.2569885253906254,238.134,
0,3,,,3.215789794921875,238.17,
0,3,,,3.215789794921875,238.206,
0,3,,,3.2604217529296875,238.242,
0,3,,,3.253555297851563,238.278,
0,3,,,3.184890747070313,238.315,
0,3,,,3.184890747070313,238.352,
0,3,,,3.2222747802734375,238.388,
0,3,,,3.201675415039063,238.424,
0,3,,,3.182220458984375,238.46,
0,3,,,3.182220458984375,238.497,
0,3,,,3.2196044921875,238.534,
0,3,,,3.197860717773438,238.571,
0,3,,,3.197860717773438,238.608,
0,3,,,3.197479248046875,238.645,
0,3,,,3.22723388671875,238.681,
0,3,,,3.1997680664062504,238.716,
0,3,,,3.1997680664062504,238.752,
0,3,,,3.24859619140625,238.789,
0,3,,,3.183746337890625,238.826,
0,3,,,3.1719207763671875,238.864,
0,3,,,3.1719207763671875,238.901,
0,3,,,3.243255615234375,238.938,
0,3,,,3.20892333984375,238.974,
0,3,,,3.20892333984375,239.01,
0,3,,,3.184890747070313,239.047,
0,3,,,3.264999389648438,239.083,
0,3,,,3.1402587890625,239.119,
0,3,,,3.1402587890625,239.155,
0,3,,,3.2058715820312504,239.191,
0,3,,,3.2451629638671875,239.227,
0,3,,,3.2451629638671875,239.263,
0,3,,,3.19671630859375,239.3,
0,3,,,3.2680511474609375,239.338,
0,3,,,3.21044921875,239.373,
0,3,,,3.21044921875,239.409,
0,3,,,3.137969970703125,239.445,
0,3,,,3.2608032226562504,239.483,
0,3,,,3.242111206054688,239.52,
0,3,,,3.242111206054688,239.557,
0,3,,,3.174972534179688,239.593,
0,3,,,3.229522705078125,239.629,
0,3,,,3.229522705078125,239.666,
0,3,,,3.220748901367188,239.704,
0,3,,,3.178787231445313,239.741,
0,3,,,3.264999389648438,239.777,
0,3,,,3.264999389648438,239.813,
0,3,,,3.173446655273438,239.85,
0,3,,,3.2196044921875,239.887,
0,3,,,3.274154663085938,239.924,
0,3,,,3.274154663085938,239.961,
0,3,,,3.1906127929687504,239.997,
0,3,,,3.2440185546875004,240.033,
0,3,,,3.2440185546875004,240.07,
0,3,,,3.2047271728515625,240.107,
0,3,,,3.177642822265625,240.144,
0,3,,,3.1997680664062504,240.18,
0,3,,,3.1997680664062504,240.216,
0,3,,,3.237152099609375,240.252,
0,3,,,3.1890869140625,240.29,
0,3,,,3.1890869140625,240.327,
0,3,,,3.2825469970703125,240.364,
0,3,,,3.177261352539063,240.4,
0,3,,,3.2329559326171875,240.436,
0,3,,,3.2329559326171875,240.473,
0,3,,,3.2211303710937504,240.51,
0,3,,,3.240966796875,240.547,
0,3,,,3.2253265380859375,240.583,
0,3,,,3.2253265380859375,240.62,
0,3,,,3.2619476318359375,240.656,
0,3,,,3.1932830810546875,240.693,
0,3,,,3.1932830810546875,240.729,
0,3,,,3.2531738281250004,240.765,
0,3,,,3.2150268554687504,240.801,
0,3,,,3.140640258789063,240.837,
0,3,,,3.140640258789063,240.874,
0,3,,,3.2341003417968754,240.912,
0,3,,,3.2226562500000004,240.949,
0,3,,,3.1921386718750004,240.986,
0,3,,,3.1921386718750004,241.023,
0,3,,,3.246307373046875,241.06,
0,3,,,3.2096862792968754,241.096,
0,3,,,3.2096862792968754,241.133,
0,3,,,3.1909942626953125,241.17,
0,3,,,3.234481811523438,241.208,
0,3,,,3.165817260742188,241.246,
0,3,,,3.165817260742188,241.284,
0,3,,,3.2325744628906254,241.321,
0,3,,,3.240966796875,241.359,
0,3,,,3.1970977783203125,241.395,
0,3,,,3.1970977783203125,241.431,
0,3,,,3.24859619140625,241.468,
0,3,,,3.237152099609375,241.504,
0,3,,,3.1730651855468754,241.54,
0,3,,,3.1730651855468754,241.577,
0,3,,,3.22418212890625,241.614,
0,3,,,3.2199859619140625,241.652,
0,3,,,3.2199859619140625,241.689,
0,3,,,3.1921386718750004,241.727,
0,3,,,3.207778930664063,241.764,
0,3,,,3.24249267578125,241.8,
0,3,,,3.24249267578125,241.837,
0,3,,,3.2226562500000004,241.873,
0,3,,,3.26385498046875,241.911,
0,3,,,3.1490325927734375,241.948,
0,3,,,3.1490325927734375,241.986,
0,3,,,3.216934204101563,242.023,
0,3,,,3.227996826171875,242.061,
0,3,,,3.2222747802734375,242.097,
0,3,,,3.2222747802734375,242.134,
0,3,,,3.2211303710937504,242.17,
0,3,,,3.2318115234375,242.206,
0,3,,,3.2318115234375,242.243,
0,3,,,3.20281982421875,242.28,
0,3,,,3.269195556640625,242.317,
0,3,,,3.1867980957031254,242.355,
0,3,,,3.1867980957031254,242.392,
0,3,,,3.2161712646484375,242.43,
0,3,,,3.252410888671875,242.467,
0,3,,,3.2150268554687504,242.503,
0,3,,,3.2150268554687504,242.54,
0,3,,,3.209304809570313,242.576,
0,3,,,3.240966796875,242.614,
0,3,,,3.1883239746093754,242.651,
0,3,,,3.1883239746093754,242.689,
0,3,,,3.227996826171875,242.727,
0,3,,,3.260040283203125,242.764,
0,3,,,3.260040283203125,242.801,
0,3,,,3.1703948974609375,242.837,
0,3,,,3.230667114257813,242.873,
0,3,,,3.234481811523438,242.91,
0,3,,,3.234481811523438,242.946,
0,3,,,3.130340576171875,242.983,
0,3,,,3.230667114257813,243.02,
0,3,,,3.255081176757813,243.058,
0,3,,,3.255081176757813,243.095,
0,3,,,3.2363891601562504,243.133,
0,3,,,3.20281982421875,243.17,
0,3,,,3.2337188720703125,243.207,
0,3,,,3.2337188720703125,243.243,
0,3,,,3.2287597656250004,243.279,
0,3,,,3.2749176025390625,243.316,
0,3,,,3.2749176025390625,243.352,
0,3,,,3.18756103515625,243.39,
0,3,,,3.23944091796875,243.427,
0,3,,,3.2363891601562504,243.465,
0,3,,,3.2363891601562504,243.501,
0,3,,,3.216552734375,243.538,
0,3,,,3.216934204101563,243.574,
0,3,,,3.216934204101563,243.611,
0,3,,,3.18756103515625,243.647,
0,3,,,3.2070159912109375,243.684,
0,3,,,3.205108642578125,243.721,
0,3,,,3.205108642578125,243.759,
0,3,,,3.1688690185546875,243.797,
0,3,,,3.203964233398438,243.835,
0,3,,,3.223037719726563,243.872,
0,3,,,3.223037719726563,243.909,
0,3,,,3.2024383544921875,243.945,
0,3,,,3.2520294189453125,243.982,
0,3,,,3.2711029052734375,244.018,
0,3,,,3.2711029052734375,244.055,
0,3,,,3.176116943359375,244.093,
0,3,,,3.2096862792968754,244.131,
0,3,,,3.21197509765625,244.168,
0,3,,,3.21197509765625,244.205,
0,3,,,3.1883239746093754,244.242,
0,3,,,3.2215118408203125,244.278,
0,3,,,3.2215118408203125,244.315,
0,3,,,3.1982421875000004,244.352,
0,3,,,3.168487548828125,244.388,
0,3,,,3.25469970703125,244.426,
0,3,,,3.25469970703125,244.464,
0,3,,,3.2096862792968754,244.502,
0,3,,,3.2493591308593754,244.54,
0,3,,,3.242111206054688,244.577,
0,3,,,3.242111206054688,244.614,
0,3,,,3.2161712646484375,244.65,
0,3,,,3.2020568847656254,244.687,
0,3,,,3.2794952392578125,244.724,
0,3,,,3.2794952392578125,244.761,
0,3,,,3.19671630859375,244.799,
0,3,,,3.197860717773438,244.837,
0,3,,,3.264999389648438,244.876,
0,3,,,3.264999389648438,244.912,
0,3,,,3.1707763671875,244.949,
0,3,,,3.1997680664062504,244.985,
0,3,,,3.1997680664062504,245.022,
0,3,,,3.25469970703125,245.059,
0,3,,,3.1867980957031254,245.096,
0,3,,,3.215408325195313,245.133,
0,3,,,3.215408325195313,245.172,
0,3,,,3.21197509765625,245.209,
0,3,,,3.2276153564453125,245.245,
0,3,,,3.2566070556640625,245.282,
0,3,,,3.2566070556640625,245.319,
0,3,,,3.1906127929687504,245.356,
0,3,,,3.2020568847656254,245.393,
0,3,,,3.289031982421875,245.43,
0,3,,,3.289031982421875,245.466,
0,3,,,3.20892333984375,245.504,
0,3,,,3.1730651855468754,245.543,
0,3,,,3.2379150390625004,245.581,
0,3,,,3.2379150390625004,245.618,
0,3,,,3.1757354736328125,245.655,
0,3,,,3.235626220703125,245.692,
0,3,,,3.235626220703125,245.728,
0,3,,,3.1997680664062504,245.765,
0,3,,,3.1497955322265625,245.804,
0,3,,,3.2875061035156254,245.843,
0,3,,,3.2875061035156254,245.881,
0,3,,,3.223037719726563,245.917,
0,3,,,3.215789794921875,245.952,
0,3,,,3.26385498046875,245.988,
0,3,,,3.26385498046875,246.025,
0,3,,,3.2009124755859375,246.062,
0,3,,,3.197860717773438,246.1,
0,3,,,3.2440185546875004,246.138,
0,3,,,3.2440185546875004,246.176,
0,3,,,3.2138824462890625,246.214,
0,3,,,3.216934204101563,246.252,
0,3,,,3.2302856445312504,246.29,
0,3,,,3.2302856445312504,246.327,
0,3,,,3.1421661376953125,246.364,
0,3,,,3.216934204101563,246.402,
0,3,,,3.2592773437500004,246.441,
0,3,,,3.2592773437500004,246.479,
0,3,,,3.2020568847656254,246.516,
0,3,,,3.24249267578125,246.553,
0,3,,,3.24249267578125,246.59,
0,3,,,3.2684326171875004,246.627,
0,3,,,3.1513214111328125,246.664,
0,3,,,3.2562255859375,246.702,
0,3,,,3.2562255859375,246.74,
0,3,,,3.2470703125,246.779,
0,3,,,3.2520294189453125,246.816,
0,3,,,3.2440185546875004,246.853,
0,3,,,3.2440185546875004,246.891,
0,3,,,3.2161712646484375,246.928,
0,3,,,3.2035827636718754,246.965,
0,3,,,3.2604217529296875,247.003,
0,3,,,3.2604217529296875,247.042,
0,3,,,3.191375732421875,247.08,
0,3,,,3.196334838867188,247.117,
0,3,,,3.1951904296875,247.155,
0,3,,,3.1951904296875,247.192,
0,3,,,3.1806945800781254,247.228,
0,3,,,3.253936767578125,247.265,
0,3,,,3.25775146484375,247.303,
0,3,,,3.25775146484375,247.341,
0,3,,,3.1986236572265625,247.379,
0,3,,,3.2184600830078125,247.417,
0,3,,,3.17840576171875,247.455,
0,3,,,3.17840576171875,247.494,
0,3,,,3.13568115234375,247.531,
0,3,,,3.26995849609375,247.567,
0,3,,,3.19671630859375,247.605,
0,3,,,3.19671630859375,247.644,
0,3,,,3.246307373046875,247.683,
0,3,,,3.2695770263671875,247.722,
0,3,,,3.1604766845703125,247.761,
0,3,,,3.1604766845703125,247.799,
0,3,,,3.2112121582031254,247.836,
0,3,,,3.253936767578125,247.872,
0,3,,,3.17230224609375,247.91,
0,3,,,3.17230224609375,247.948,
0,3,,,3.250885009765625,247.986,
0,3,,,3.1917572021484375,248.023,
0,3,,,3.209304809570313,248.06,
0,3,,,3.209304809570313,248.097,
0,3,,,3.257369995117188,248.134,
0,3,,,3.18756103515625,248.171,
0,3,,,3.1890869140625,248.208,
0,3,,,3.1890869140625,248.246,
0,3,,,3.235626220703125,248.284,
0,3,,,3.184890747070313,248.322,
0,3,,,3.211593627929688,248.36,
0,3,,,3.211593627929688,248.398,
0,3,,,3.2527923583984375,248.435,
0,3,,,3.21197509765625,248.472,
0,3,,,3.21197509765625,248.509,
0,3,,,3.2253265380859375,248.547,
0,3,,,3.253555297851563,248.585,
0,3,,,3.1986236572265625,248.623,
0,3,,,3.1986236572265625,248.662,
0,3,,,3.199005126953125,248.7,
0,3,,,3.192901611328125,248.737,
0,3,,,3.2482147216796875,248.775,
0,3,,,3.2482147216796875,248.812,
0,3,,,3.215789794921875,248.85,
0,3,,,3.196334838867188,248.889,
0,3,,,3.1932830810546875,248.928,
0,3,,,3.2222747802734375,248.966,
0,3,,,3.2222747802734375,249.005,
0,3,,,3.2100677490234375,249.042,
0,3,,,3.1982421875000004,249.079,
0,3,,,3.1982421875000004,249.116,
0,3,,,3.2260894775390625,249.154,
0,3,,,3.167343139648438,249.193,
0,3,,,3.22418212890625,249.23,
0,3,,,3.22418212890625,249.267,
0,3,,,3.2161712646484375,249.304,
0,3,,,3.1871795654296875,249.341,
0,3,,,3.2478332519531254,249.378,
0,3,,,3.2478332519531254,249.415,
0,3,,,3.2390594482421875,249.453,
0,3,,,3.197860717773438,249.492,
0,3,,,3.26385498046875,249.53,
0,3,,,3.26385498046875,249.569,
0,3,,,3.214263916015625,249.607,
0,3,,,3.199005126953125,249.644,
0,3,,,3.240966796875,249.681,
0,3,,,3.240966796875,249.718,
0,3,,,3.2047271728515625,249.757,
0,3,,,3.207778930664063,249.795,
0,3,,,3.223037719726563,249.834,
0,3,,,3.223037719726563,249.872,
0,3,,,3.1402587890625,249.911,
0,3,,,3.2009124755859375,249.948,
0,3,,,3.247451782226563,249.985,
0,3,,,3.247451782226563,250.023,
0,3,,,3.163528442382813,250.061,
0,3,,,3.2444000244140625,250.1,
0,3,,,3.2199859619140625,250.137,
0,3,,,3.2199859619140625,250.174,
0,3,,,3.2135009765625004,250.212,
0,3,,,3.260040283203125,250.249,
0,3,,,3.2367706298828125,250.286,
0,3,,,3.2367706298828125,250.324,
0,3,,,3.2264709472656254,250.362,
0,3,,,3.2173156738281254,250.401,
0,3,,,3.203964233398438,250.438,
0,3,,,3.203964233398438,250.475,
0,3,,,3.19366455078125,250.513,
0,3,,,3.261184692382813,250.55,
0,3,,,3.2196044921875,250.587,
0,3,,,3.2196044921875,250.625,
0,3,,,3.216552734375,250.663,
0,3,,,3.229522705078125,250.702,
0,3,,,3.258514404296875,250.74,
0,3,,,3.258514404296875,250.777,
0,3,,,3.243255615234375,250.815,
0,3,,,3.2516479492187504,250.854,
0,3,,,3.174972534179688,250.892,
0,3,,,3.174972534179688,250.931,
0,3,,,3.242111206054688,250.971,
0,3,,,3.1726837158203125,251.01,
0,3,,,3.220367431640625,251.047,
0,3,,,3.220367431640625,251.084,
0,3,,,3.2505035400390625,251.121,
0,3,,,3.2138824462890625,251.158,
0,3,,,3.2428741455078125,251.196,
0,3,,,3.2428741455078125,251.235,
0,3,,,3.2226562500000004,251.274,
0,3,,,3.170013427734375,251.312,
0,3,,,3.196334838867188,251.349,
0,3,,,3.196334838867188,251.385,
0,3,,,3.2402038574218754,251.422,
0,3,,,3.173446655273438,251.46,
0,3,,,3.250885009765625,251.499,
0,3,,,3.250885009765625,251.538,
0,3,,,3.1894683837890625,251.577,
0,3,,,3.239822387695313,251.616,
0,3,,,3.2630920410156254,251.652,
0,3,,,3.2630920410156254,251.689,
0,3,,,3.2184600830078125,251.726,
0,3,,,3.194046020507813,251.765,
0,3,,,3.236007690429688,251.804,
0,3,,,3.236007690429688,251.841,
0,3,,,3.215789794921875,251.879,
0,3,,,3.2123565673828125,251.917,
0,3,,,3.2531738281250004,251.955,
0,3,,,3.2531738281250004,251.993,
0,3,,,3.209304809570313,252.032,
0,3,,,3.2249450683593754,252.071,
0,3,,,3.236007690429688,252.11,
0,3,,,3.236007690429688,252.147,
0,3,,,3.214263916015625,252.184,
0,3,,,3.1997680664062504,252.222,
0,3,,,3.2257080078125,252.259,
0,3,,,3.2257080078125,252.297,
0,3,,,3.1192779541015625,252.335,
0,3,,,3.23333740234375,252.374,
0,3,,,3.174972534179688,252.412,
0,3,,,3.174972534179688,252.45,
0,3,,,3.236007690429688,252.487,
0,3,,,3.2390594482421875,252.525,
0,3,,,3.142929077148438,252.562,
0,3,,,3.142929077148438,252.6,
0,4,,,3.062820434570313,253.62,
0,4,,,3.062820434570313,253.647,
0,4,,,3.169631958007813,253.674,
0,4,,,3.169631958007813,253.702,
0,4,,,3.196334838867188,253.729,
0,4,,,3.196334838867188,253.756,
0,4,,,3.21044921875,253.784,
0,4,,,3.21044921875,253.811,
0,4,,,3.212738037109375,253.839,
0,4,,,3.2314300537109375,253.866,
0,4,,,3.2314300537109375,253.894,
0,4,,,3.1906127929687504,253.921,
0,4,,,3.1906127929687504,253.949,
0,4,,,3.203964233398438,253.976,
0,4,,,3.203964233398438,254.003,
0,4,,,3.1768798828125004,254.031,
0,4,,,3.1768798828125004,254.058,
0,4,,,3.253936767578125,254.086,
0,4,,,3.253936767578125,254.113,
0,4,,,3.2096862792968754,254.141,
0,4,,,3.194046020507813,254.168,
0,4,,,3.194046020507813,254.195,
0,4,,,3.2249450683593754,254.223,
0,4,,,3.2249450683593754,254.25,
0,4,,,3.1948089599609375,254.278,
0,4,,,3.1948089599609375,254.306,
0,4,,,3.20892333984375,254.333,
0,4,,,3.20892333984375,254.361,
0,4,,,3.17840576171875,254.388,
0,4,,,3.17840576171875,254.416,
0,4,,,3.2379150390625004,254.443,
0,4,,,3.2379150390625004,254.471,
0,4,,,3.2100677490234375,254.498,
0,4,,,3.1890869140625,254.526,
0,4,,,3.1890869140625,254.554,
0,4,,,3.215789794921875,254.582,
0,4,,,3.215789794921875,254.609,
0,4,,,3.1688690185546875,254.637,
0,4,,,3.1688690185546875,254.664,
0,4,,,3.1665802001953125,254.692,
0,4,,,3.1665802001953125,254.72,
0,4,,,3.21044921875,254.747,
0,4,,,3.199005126953125,254.775,
0,4,,,3.199005126953125,254.803,
0,4,,,3.2073974609375004,254.831,
0,4,,,3.2073974609375004,254.858,
0,4,,,3.2150268554687504,254.886,
0,4,,,3.2150268554687504,254.914,
0,4,,,3.194046020507813,254.941,
0,4,,,3.194046020507813,254.969,
0,4,,,3.2009124755859375,254.997,
0,4,,,3.2009124755859375,255.025,
0,4,,,3.21197509765625,255.052,
0,4,,,3.1436920166015625,255.08,
0,4,,,3.1436920166015625,255.108,
0,4,,,3.1642913818359375,255.136,
0,4,,,3.1642913818359375,255.163,
0,4,,,3.2058715820312504,255.191,
0,4,,,3.2058715820312504,255.219,
0,4,,,3.188705444335938,255.247,
0,4,,,3.188705444335938,255.275,
0,4,,,3.200149536132813,255.302,
0,4,,,3.200149536132813,255.33,
0,4,,,3.200149536132813,255.358,
0,4,,,3.2184600830078125,255.386,
0,4,,,3.2184600830078125,255.414,
0,4,,,3.2176971435546875,255.441,
0,4,,,3.2176971435546875,255.469,
0,4,,,3.2100677490234375,255.497,
0,4,,,3.2100677490234375,255.526,
0,4,,,3.1463623046875004,255.554,
0,4,,,3.1463623046875004,255.582,
0,4,,,3.190231323242188,255.61,
0,4,,,3.213119506835938,255.638,
0,4,,,3.213119506835938,255.665,
0,4,,,3.1726837158203125,255.693,
0,4,,,3.1726837158203125,255.721,
0,4,,,3.2440185546875004,255.749,
0,4,,,3.2440185546875004,255.777,
0,4,,,3.2047271728515625,255.805,
0,4,,,3.2047271728515625,255.833,
0,4,,,3.1909942626953125,255.861,
0,4,,,3.219223022460938,255.889,
0,4,,,3.219223022460938,255.917,
0,4,,,3.1612396240234375,255.945,
0,4,,,3.1612396240234375,255.973,
0,4,,,3.1497955322265625,256.0,
0,4,,,3.1497955322265625,256.028,
0,4,,,3.1890869140625,256.056,
0,4,,,3.1890869140625,256.084,
0,4,,,3.1642913818359375,256.112,
0,4,,,3.238296508789063,256.14,
0,4,,,3.238296508789063,256.168,
0,4,,,3.227996826171875,256.196,
0,4,,,3.227996826171875,256.224,
0,4,,,3.209304809570313,256.252,
0,4,,,3.209304809570313,256.28,
0,4,,,3.224563598632813,256.308,
0,4,,,3.224563598632813,256.336,
0,4,,,3.2440185546875004,256.364,
0,4,,,3.1959533691406254,256.392,
0,4,,,3.1959533691406254,256.42,
0,4,,,3.2276153564453125,256.448,
0,4,,,3.2276153564453125,256.476,
0,4,,,3.2390594482421875,256.504,
0,4,,,3.2390594482421875,256.532,
0,4,,,3.1341552734375,256.56,
0,4,,,3.1341552734375,256.589,
0,4,,,3.209304809570313,256.617,
0,4,,,3.2215118408203125,256.645,
0,4,,,3.2215118408203125,256.673,
0,4,,,3.211593627929688,256.701,
0,4,,,3.211593627929688,256.729,
0,4,,,3.16619873046875,256.757,
0,4,,,3.16619873046875,256.785,
0,4,,,3.18603515625,256.813,
0,4,,,3.18603515625,256.842,
0,4,,,3.201675415039063,256.87,
0,4,,,3.20892333984375,256.898,
0,4,,,3.20892333984375,256.926,
0,4,,,3.205490112304688,256.954,
0,4,,,3.205490112304688,256.982,
0,4,,,3.2108306884765625,257.011,
0,4,,,3.2108306884765625,257.039,
0,4,,,3.174591064453125,257.067,
0,4,,,3.174591064453125,257.096,
0,4,,,3.1703948974609375,257.124,
0,4,,,3.174972534179688,257.153,
0,4,,,3.174972534179688,257.181,
0,4,,,3.194046020507813,257.209,
0,4,,,3.194046020507813,257.237,
0,4,,,3.1642913818359375,257.266,
0,4,,,3.1642913818359375,257.294,
0,4,,,3.1997680664062504,257.322,
0,4,,,3.188705444335938,257.35,
0,4,,,3.188705444335938,257.379,
0,4,,,3.1829833984375004,257.407,
0,4,,,3.1829833984375004,257.436,
0,4,,,3.174591064453125,257.464,
0,4,,,3.174591064453125,257.492,
0,4,,,3.1387329101562504,257.521,
0,4,,,3.1387329101562504,257.549,
0,4,,,3.191375732421875,257.577,
0,4,,,3.179931640625,257.605,
0,4,,,3.179931640625,257.634,
0,4,,,3.1757354736328125,257.662,
0,4,,,3.1757354736328125,257.69,
0,4,,,3.189849853515625,257.719,
0,4,,,3.189849853515625,257.747,
0,4,,,3.173828125,257.776,
0,4,,,3.173828125,257.804,
0,4,,,3.228378295898438,257.833,
0,4,,,3.1627655029296875,257.861,
0,4,,,3.1627655029296875,257.89,
0,4,,,3.1833648681640625,257.919,
0,4,,,3.1833648681640625,257.947,
0,4,,,3.216934204101563,257.976,
0,4,,,3.216934204101563,258.004,
0,4,,,3.1982421875000004,258.033,
0,4,,,3.216934204101563,258.061,
0,4,,,3.216934204101563,258.09,
0,4,,,3.1665802001953125,258.118,
0,4,,,3.1665802001953125,258.147,
0,4,,,3.2138824462890625,258.176,
0,4,,,3.2138824462890625,258.204,
0,4,,,3.1959533691406254,258.233,
0,4,,,3.2222747802734375,258.261,
0,4,,,3.2222747802734375,258.29,
0,4,,,3.192520141601563,258.318,
0,4,,,3.192520141601563,258.347,
0,4,,,3.2352447509765625,258.376,
0,4,,,3.2352447509765625,258.405,
0,4,,,3.21044921875,258.433,
0,4,,,3.147125244140625,258.462,
0,4,,,3.147125244140625,258.491,
0,4,,,3.1867980957031254,258.519,
0,4,,,3.1867980957031254,258.548,
0,4,,,3.1906127929687504,258.576,
0,4,,,3.1906127929687504,258.605,
0,4,,,3.18145751953125,258.634,
0,4,,,3.18145751953125,258.662,
0,4,,,3.2108306884765625,258.691,
0,4,,,3.1421661376953125,258.72,
0,4,,,3.1421661376953125,258.748,
0,4,,,3.2096862792968754,258.777,
0,4,,,3.2096862792968754,258.806,
0,4,,,3.2062530517578125,258.834,
0,4,,,3.2062530517578125,258.863,
0,4,,,3.1921386718750004,258.892,
0,4,,,3.1951904296875,258.921,
0,4,,,3.1951904296875,258.949,
0,4,,,3.22418212890625,258.978,
0,4,,,3.22418212890625,259.007,
0,4,,,3.1425476074218754,259.036,
0,4,,,3.1425476074218754,259.064,
0,4,,,3.12652587890625,259.093,
0,4,,,3.200531005859375,259.122,
0,4,,,3.200531005859375,259.151,
0,4,,,3.1841278076171875,259.18,
0,4,,,3.1841278076171875,259.209,
0,4,,,3.1719207763671875,259.237,
0,4,,,3.1719207763671875,259.266,
0,4,,,3.1677246093750004,259.295,
0,4,,,3.2062530517578125,259.324,
0,4,,,3.2062530517578125,259.353,
0,4,,,3.181076049804688,259.382,
0,4,,,3.181076049804688,259.41,
0,4,,,3.200149536132813,259.439,
0,4,,,3.200149536132813,259.468,
0,4,,,3.192520141601563,259.497,
0,4,,,3.245925903320313,259.526,
0,4,,,3.245925903320313,259.554,
0,4,,,3.174591064453125,259.583,
0,4,,,3.174591064453125,259.612,
0,4,,,3.153228759765625,259.641,
0,4,,,3.153228759765625,259.67,
0,4,,,3.1917572021484375,259.699,
0,4,,,3.165817260742188,259.729,
0,4,,,3.165817260742188,259.758,
0,4,,,3.1627655029296875,259.787,
0,4,,,3.1627655029296875,259.816,
0,4,,,3.220748901367188,259.845,
0,4,,,3.220748901367188,259.874,
0,4,,,3.2073974609375004,259.903,
0,4,,,3.181076049804688,259.932,
0,4,,,3.181076049804688,259.961,
0,4,,,3.212738037109375,259.99,
0,4,,,3.212738037109375,260.019,
0,4,,,3.1585693359375,260.048,
0,4,,,3.1585693359375,260.077,
0,4,,,3.1856536865234375,260.106,
0,4,,,3.21044921875,260.136,
0,4,,,3.21044921875,260.165,
0,4,,,3.206634521484375,260.194,
0,4,,,3.206634521484375,260.223,
0,4,,,3.200531005859375,260.252,
0,4,,,3.1627655029296875,260.281,
0,4,,,3.1627655029296875,260.31,
0,4,,,3.1841278076171875,260.339,
0,4,,,3.1841278076171875,260.368,
0,4,,,3.19671630859375,260.397,
0,4,,,3.19671630859375,260.426,
0,4,,,3.17840576171875,260.455,
0,4,,,3.1951904296875,260.484,
0,4,,,3.1951904296875,260.513,
0,4,,,3.1879425048828125,260.543,
0,4,,,3.1879425048828125,260.572,
0,4,,,3.1951904296875,260.602,
0,4,,,3.1951904296875,260.631,
0,4,,,3.1494140625,260.661,
0,4,,,3.2062530517578125,260.69,
0,4,,,3.2062530517578125,260.719,
0,4,,,3.185272216796875,260.748,
0,4,,,3.185272216796875,260.778,
0,4,,,3.223419189453125,260.807,
0,4,,,3.197860717773438,260.836,
0,4,,,3.197860717773438,260.865,
0,4,,,3.18145751953125,260.894,
0,4,,,3.18145751953125,260.924,
0,4,,,3.1883239746093754,260.953,
0,4,,,3.1883239746093754,260.982,
0,4,,,3.128814697265625,261.011,
0,4,,,3.1742095947265625,261.041,
0,4,,,3.1742095947265625,261.07,
0,4,,,3.1562805175781254,261.099,
0,4,,,3.1562805175781254,261.128,
0,4,,,3.1906127929687504,261.157,
0,4,,,3.1906127929687504,261.187,
0,4,,,3.21044921875,261.216,
0,4,,,3.19366455078125,261.245,
0,4,,,3.19366455078125,261.275,
0,4,,,3.1955718994140625,261.304,
0,4,,,3.1955718994140625,261.333,
0,4,,,3.2161712646484375,261.362,
0,4,,,3.21044921875,261.392,
0,4,,,3.21044921875,261.421,
0,4,,,3.2009124755859375,261.45,
0,4,,,3.2009124755859375,261.48,
0,4,,,3.196334838867188,261.509,
0,4,,,3.196334838867188,261.538,
0,4,,,3.1528472900390625,261.568,
0,4,,,3.1764984130859375,261.597,
0,4,,,3.1764984130859375,261.627,
0,4,,,3.213119506835938,261.656,
0,4,,,3.213119506835938,261.685,
0,4,,,3.1715393066406254,261.714,
0,4,,,3.1715393066406254,261.743,
0,4,,,3.24859619140625,261.773,
0,4,,,3.171157836914063,261.802,
0,4,,,3.171157836914063,261.832,
0,4,,,3.1753540039062504,261.861,
0,4,,,3.1753540039062504,261.89,
0,4,,,3.2012939453125,261.919,
0,4,,,3.189849853515625,261.949,
0,4,,,3.189849853515625,261.978,
0,4,,,3.1360626220703125,262.008,
0,4,,,3.1360626220703125,262.037,
0,4,,,3.20281982421875,262.067,
0,4,,,3.20281982421875,262.096,
0,4,,,3.232192993164063,262.126,
0,4,,,3.174972534179688,262.155,
0,4,,,3.174972534179688,262.185,
0,4,,,3.192901611328125,262.214,
0,4,,,3.192901611328125,262.243,
0,4,,,3.18145751953125,262.272,
0,4,,,3.150558471679688,262.302,
0,4,,,3.150558471679688,262.332,
0,4,,,3.19366455078125,262.361,
0,4,,,3.19366455078125,262.39,
0,4,,,3.142929077148438,262.42,
0,4,,,3.142929077148438,262.449,
0,4,,,3.207778930664063,262.478,
0,4,,,3.199005126953125,262.508,
0,4,,,3.199005126953125,262.538,
0,4,,,3.166961669921875,262.567,
0,4,,,3.166961669921875,262.597,
0,4,,,3.1795501708984375,262.626,
0,4,,,3.1425476074218754,262.656,
0,4,,,3.1425476074218754,262.686,
0,4,,,3.1688690185546875,262.715,
0,4,,,3.1688690185546875,262.745,
0,4,,,3.1585693359375,262.775,
0,4,,,3.1585693359375,262.804,
0,4,,,3.1501770019531254,262.834,
0,4,,,3.19366455078125,262.863,
0,4,,,3.19366455078125,262.893,
0,4,,,3.2215118408203125,262.922,
0,4,,,3.2215118408203125,262.951,
0,4,,,3.1867980957031254,262.981,
0,4,,,3.145599365234375,263.011,
0,4,,,3.145599365234375,263.041,
0,4,,,3.176116943359375,263.07,
0,4,,,3.176116943359375,263.099,
0,4,,,3.2249450683593754,263.128,
0,4,,,3.2249450683593754,263.158,
0,4,,,3.204345703125,263.188,
0,4,,,3.204345703125,263.217,
0,4,,,3.204345703125,263.247,
0,4,,,3.1997680664062504,263.277,
0,4,,,3.1997680664062504,263.307,
0,4,,,3.163528442382813,263.336,
0,4,,,3.1585693359375,263.366,
0,4,,,3.1585693359375,263.395,
0,4,,,3.1642913818359375,263.424,
0,4,,,3.1642913818359375,263.454,
0,4,,,3.2249450683593754,263.483,
0,4,,,3.1982421875000004,263.513,
0,4,,,3.1982421875000004,263.543,
0,4,,,3.211593627929688,263.573,
0,4,,,3.211593627929688,263.602,
0,4,,,3.213119506835938,263.631,
0,4,,,3.213119506835938,263.661,
0,4,,,3.1372070312500004,263.691,
0,4,,,3.2009124755859375,263.72,
0,4,,,3.2009124755859375,263.75,
0,4,,,3.224563598632813,263.78,
0,4,,,3.224563598632813,263.81,
0,4,,,3.226852416992188,263.84,
0,4,,,3.173828125,263.869,
0,4,,,3.173828125,263.899,
0,4,,,3.192520141601563,263.928,
0,4,,,3.192520141601563,263.957,
0,4,,,3.1654357910156254,263.987,
0,4,,,3.1654357910156254,264.017,
0,4,,,3.1589508056640625,264.047,
0,4,,,3.2176971435546875,264.079,
0,4,,,3.2176971435546875,264.109,
0,4,,,3.243255615234375,264.139,
0,4,,,3.243255615234375,264.168,
0,4,,,3.2405853271484375,264.198,
0,4,,,3.2501220703125,264.227,
0,4,,,3.2501220703125,264.257,
0,4,,,3.174591064453125,264.286,
0,4,,,3.174591064453125,264.316,
0,4,,,3.231048583984375,264.346,
0,4,,,3.238296508789063,264.376,
0,4,,,3.238296508789063,264.406,
0,4,,,3.1951904296875,264.435,
0,4,,,3.1951904296875,264.465,
0,4,,,3.2325744628906254,264.495,
0,4,,,3.243637084960938,264.525,
0,4,,,3.243637084960938,264.555,
0,4,,,3.219223022460938,264.585,
0,4,,,3.219223022460938,264.615,
0,4,,,3.162384033203125,264.645,
0,4,,,3.201675415039063,264.675,
0,4,,,3.201675415039063,264.704,
0,4,,,3.2211303710937504,264.734,
0,4,,,3.2211303710937504,264.763,
0,4,,,3.2390594482421875,264.793,
0,4,,,3.2390594482421875,264.823,
0,4,,,3.2173156738281254,264.854,
0,4,,,3.2314300537109375,264.884,
0,4,,,3.2314300537109375,264.914,
0,4,,,3.167343139648438,264.944,
0,4,,,3.167343139648438,264.974,
0,4,,,3.2135009765625004,265.003,
0,4,,,3.212738037109375,265.033,
0,4,,,3.212738037109375,265.063,
0,4,,,3.1753540039062504,265.093,
0,4,,,3.1753540039062504,265.123,
0,4,,,3.1921386718750004,265.154,
0,4,,,3.1883239746093754,265.184,
0,4,,,3.1883239746093754,265.214,
0,4,,,3.1742095947265625,265.244,
0,4,,,3.1742095947265625,265.274,
0,4,,,3.2035827636718754,265.304,
0,4,,,3.1944274902343754,265.333,
0,4,,,3.1944274902343754,265.363,
0,4,,,3.2287597656250004,265.393,
0,4,,,3.2287597656250004,265.423,
0,4,,,3.2150268554687504,265.454,
0,4,,,3.19366455078125,265.484,
0,4,,,3.19366455078125,265.514,
0,4,,,3.160858154296875,265.543,
0,4,,,3.160858154296875,265.573,
0,4,,,3.1841278076171875,265.604,
0,4,,,3.1841278076171875,265.634,
0,4,,,3.22723388671875,265.665,
0,4,,,3.1753540039062504,265.695,
0,4,,,3.1753540039062504,265.726,
0,4,,,3.159332275390625,265.756,
0,4,,,3.186416625976563,265.786,
0,4,,,3.186416625976563,265.816,
0,4,,,3.2009124755859375,265.846,
0,4,,,3.2009124755859375,265.875,
0,4,,,3.194046020507813,265.906,
0,4,,,3.194046020507813,265.936,
0,4,,,3.181076049804688,265.966,
0,4,,,3.21807861328125,265.997,
0,4,,,3.21807861328125,266.027,
0,4,,,3.17230224609375,266.057,
0,4,,,3.17230224609375,266.088,
0,4,,,3.22418212890625,266.117,
0,4,,,3.2444000244140625,266.147,
0,4,,,3.2444000244140625,266.177,
0,4,,,3.1917572021484375,266.207,
0,4,,,3.1917572021484375,266.237,
0,4,,,3.213119506835938,266.268,
0,4,,,3.199005126953125,266.298,
0,4,,,3.199005126953125,266.329,
0,4,,,3.2325744628906254,266.359,
0,4,,,3.2325744628906254,266.39,
0,4,,,3.155517578125,266.42,
0,4,,,3.1600952148437504,266.45,
0,4,,,3.1600952148437504,266.48,
0,4,,,3.15704345703125,266.51,
0,4,,,3.15704345703125,266.54,
0,4,,,3.1425476074218754,266.57,
0,4,,,3.205108642578125,266.6,
0,4,,,3.205108642578125,266.631,
0,4,,,3.1501770019531254,266.661,
0,4,,,3.1501770019531254,266.691,
0,4,,,3.188705444335938,266.721,
0,4,,,3.1757354736328125,266.751,
0,4,,,3.1757354736328125,266.781,
0,4,,,3.18145751953125,266.81,
0,4,,,3.18145751953125,266.84,
0,4,,,3.148269653320313,266.87,
0,4,,,3.137969970703125,266.901,
0,4,,,3.137969970703125,266.931,
0,4,,,3.229522705078125,266.962,
0,4,,,3.229522705078125,266.993,
0,4,,,3.1234741210937504,267.023,
0,4,,,3.238677978515625,267.054,
0,4,,,3.238677978515625,267.084,
0,4,,,3.197479248046875,267.114,
0,4,,,3.197479248046875,267.144,
0,4,,,3.1421661376953125,267.174,
0,4,,,3.200149536132813,267.205,
0,4,,,3.200149536132813,267.236,
0,4,,,3.1890869140625,267.266,
0,4,,,3.1890869140625,267.297,
0,4,,,3.197860717773438,267.327,
0,4,,,3.17840576171875,267.358,
0,4,,,3.17840576171875,267.388,
0,4,,,3.205490112304688,267.418,
0,4,,,3.205490112304688,267.448,
0,4,,,3.2070159912109375,267.478,
0,4,,,3.204345703125,267.509,
0,4,,,3.204345703125,267.54,
0,4,,,3.174972534179688,267.57,
0,4,,,3.174972534179688,267.601,
0,4,,,3.1562805175781254,267.632,
0,4,,,3.1883239746093754,267.662,
0,4,,,3.1883239746093754,267.693,
0,4,,,3.1681060791015625,267.723,
0,4,,,3.1681060791015625,267.753,
0,4,,,3.1627655029296875,267.783,
0,4,,,3.19671630859375,267.814,
0,4,,,3.19671630859375,267.844,
0,4,,,3.1616210937500004,267.875,
0,4,,,3.1616210937500004,267.905,
0,4,,,3.206634521484375,267.935,
0,4,,,3.1730651855468754,267.965,
0,4,,,3.1730651855468754,267.995,
0,4,,,3.2489776611328125,268.025,
0,4,,,3.2489776611328125,268.055,
0,4,,,3.2138824462890625,268.085,
0,4,,,3.171157836914063,268.116,
0,4,,,3.171157836914063,268.146,
0,4,,,3.2184600830078125,268.176,
0,4,,,3.2184600830078125,268.207,
0,4,,,3.20892333984375,268.238,
0,4,,,3.1806945800781254,268.269,
0,4,,,3.1806945800781254,268.3,
0,4,,,3.1806945800781254,268.33,
0,4,,,3.1806945800781254,268.361,
0,4,,,3.2173156738281254,268.391,
0,4,,,3.1715393066406254,268.421,
0,4,,,3.1715393066406254,268.451,
0,4,,,3.13262939453125,268.481,
0,4,,,3.13262939453125,268.512,
0,4,,,3.2184600830078125,268.544,
0,4,,,3.220367431640625,268.575,
0,4,,,3.220367431640625,268.606,
0,4,,,3.191375732421875,268.636,
0,4,,,3.2413482666015625,268.666,
0,4,,,3.2413482666015625,268.697,
0,4,,,3.21807861328125,268.727,
0,4,,,3.21807861328125,268.758,
0,4,,,3.190231323242188,268.788,
0,4,,,3.2020568847656254,268.819,
0,4,,,3.2020568847656254,268.85,
0,4,,,3.1402587890625,268.881,
0,4,,,3.1402587890625,268.912,
0,4,,,3.2020568847656254,268.943,
0,4,,,3.236007690429688,268.973,
0,4,,,3.236007690429688,269.003,
0,4,,,3.1829833984375004,269.034,
0,4,,,3.1829833984375004,269.064,
0,4,,,3.1997680664062504,269.094,
0,4,,,3.2070159912109375,269.125,
0,4,,,3.2070159912109375,269.155,
0,4,,,3.173446655273438,269.186,
0,4,,,3.173446655273438,269.216,
0,4,,,3.1948089599609375,269.247,
0,4,,,3.1970977783203125,269.277,
0,4,,,3.1970977783203125,269.308,
0,4,,,3.2226562500000004,269.338,
0,4,,,3.2226562500000004,269.369,
0,4,,,3.18145751953125,269.399,
0,4,,,3.204345703125,269.43,
0,4,,,3.204345703125,269.46,
0,4,,,3.1951904296875,269.49,
0,4,,,3.1951904296875,269.521,
0,4,,,3.2211303710937504,269.551,
0,4,,,3.21807861328125,269.582,
0,4,,,3.21807861328125,269.612,
0,4,,,3.194046020507813,269.643,
0,4,,,3.194046020507813,269.673,
0,4,,,3.19671630859375,269.704,
0,4,,,3.21807861328125,269.734,
0,4,,,3.21807861328125,269.765,
0,4,,,3.204345703125,269.795,
0,4,,,3.204345703125,269.826,
0,4,,,3.1879425048828125,269.856,
0,4,,,3.205490112304688,269.887,
0,4,,,3.205490112304688,269.917,
0,4,,,3.196334838867188,269.948,
0,4,,,3.179931640625,269.979,
0,4,,,3.179931640625,270.009,
0,4,,,3.201675415039063,270.04,
0,4,,,3.201675415039063,270.07,
0,4,,,3.1856536865234375,270.101,
0,4,,,3.177261352539063,270.132,
0,4,,,3.177261352539063,270.162,
0,4,,,3.1883239746093754,270.193,
0,4,,,3.1883239746093754,270.223,
0,4,,,3.197479248046875,270.254,
0,4,,,3.204345703125,270.285,
0,4,,,3.204345703125,270.315,
0,4,,,3.181076049804688,270.346,
0,4,,,3.181076049804688,270.376,
0,4,,,3.2257080078125,270.407,
0,4,,,3.22723388671875,270.438,
0,4,,,3.22723388671875,270.468,
0,4,,,3.16314697265625,270.499,
0,4,,,3.16314697265625,270.529,
0,4,,,3.181076049804688,270.56,
0,4,,,3.2444000244140625,270.591,
0,4,,,3.2444000244140625,270.621,
0,4,,,3.145599365234375,270.652,
0,4,,,3.145599365234375,270.683,
0,4,,,3.163528442382813,270.713,
0,4,,,3.1845092773437504,270.744,
0,4,,,3.1845092773437504,270.774,
0,4,,,3.16314697265625,270.805,
0,4,,,3.16314697265625,270.836,
0,4,,,3.2173156738281254,270.866,
0,4,,,3.154373168945313,270.897,
0,4,,,3.154373168945313,270.928,
0,4,,,3.2260894775390625,270.959,
0,4,,,3.21197509765625,270.989,
0,4,,,3.21197509765625,271.02,
0,4,,,3.194046020507813,271.051,
0,4,,,3.194046020507813,271.082,
0,4,,,3.2096862792968754,271.113,
0,4,,,3.186416625976563,271.143,
0,4,,,3.186416625976563,271.174,
0,4,,,3.182220458984375,271.205,
0,4,,,3.182220458984375,271.236,
0,4,,,3.1764984130859375,271.266,
0,4,,,3.1719207763671875,271.297,
0,4,,,3.1719207763671875,271.328,
0,4,,,3.2337188720703125,271.359,
0,4,,,3.2337188720703125,271.39,
0,4,,,3.2150268554687504,271.421,
0,4,,,3.1742095947265625,271.452,
0,4,,,3.1742095947265625,271.482,
0,4,,,3.1879425048828125,271.513,
0,4,,,3.1879425048828125,271.544,
0,4,,,3.2150268554687504,271.575,
0,4,,,3.17230224609375,271.605,
0,4,,,3.17230224609375,271.636,
0,4,,,3.18145751953125,271.667,
0,4,,,3.188705444335938,271.698,
0,4,,,3.188705444335938,271.728,
0,4,,,3.1703948974609375,271.759,
0,4,,,3.1703948974609375,271.79,
0,4,,,3.142929077148438,271.82,
0,4,,,3.207778930664063,271.851,
0,4,,,3.207778930664063,271.882,
0,4,,,3.186416625976563,271.913,
0,4,,,3.186416625976563,271.944,
0,4,,,3.177261352539063,271.974,
0,4,,,3.1566619873046875,272.005,
0,4,,,3.1566619873046875,272.036,
0,4,,,3.2123565673828125,272.067,
0,4,,,3.2123565673828125,272.098,
0,4,,,3.19671630859375,272.129,
0,4,,,3.200531005859375,272.159,
0,4,,,3.200531005859375,272.19,
0,4,,,3.146743774414063,272.221,
0,4,,,3.2379150390625004,272.252,
0,4,,,3.2379150390625004,272.283,
0,4,,,3.201675415039063,272.314,
0,4,,,3.201675415039063,272.345,
0,4,,,3.203964233398438,272.375,
0,4,,,3.2630920410156254,272.406,
0,4,,,3.2630920410156254,272.437,
0,4,,,3.1707763671875,272.468,
0,4,,,3.1707763671875,272.499,
0,4,,,3.2138824462890625,272.53,
0,4,,,3.2199859619140625,272.561,
0,4,,,3.2199859619140625,272.592,
0,4,,,3.1551361083984375,272.623,
0,4,,,3.1551361083984375,272.654,
0,4,,,3.1742095947265625,272.684,
0,4,,,3.186416625976563,272.715,
0,4,,,3.186416625976563,272.746,
0,4,,,3.211593627929688,272.777,
0,4,,,3.19671630859375,272.808,
0,4,,,3.19671630859375,272.839,
0,4,,,3.18145751953125,272.87,
0,4,,,3.18145751953125,272.901,
0,4,,,3.1753540039062504,272.932,
0,4,,,3.1791687011718754,272.963,
0,4,,,3.1791687011718754,272.994,
0,4,,,3.2123565673828125,273.025,
0,4,,,3.2123565673828125,273.056,
0,4,,,3.215408325195313,273.088,
0,4,,,3.2009124755859375,273.119,
0,4,,,3.2009124755859375,273.15,
0,4,,,3.192901611328125,273.181,
0,4,,,3.183746337890625,273.213,
0,4,,,3.183746337890625,273.244,
0,4,,,3.2211303710937504,273.275,
0,4,,,3.2211303710937504,273.306,
0,4,,,3.192901611328125,273.337,
0,4,,,3.185272216796875,273.368,
0,4,,,3.185272216796875,273.399,
0,4,,,3.20281982421875,273.43,
0,4,,,3.20281982421875,273.461,
0,4,,,3.1951904296875,273.492,
0,4,,,3.19671630859375,273.523,
0,4,,,3.19671630859375,273.554,
0,4,,,3.2058715820312504,273.586,
0,4,,,3.2112121582031254,273.617,
0,4,,,3.2112121582031254,273.648,
0,4,,,3.159713745117188,273.679,
0,4,,,3.159713745117188,273.71,
0,4,,,3.2318115234375,273.741,
0,4,,,3.1764984130859375,273.772,
0,4,,,3.1764984130859375,273.803,
0,4,,,3.2138824462890625,273.835,
0,4,,,3.2138824462890625,273.866,
0,4,,,3.20281982421875,273.897,
0,4,,,3.2161712646484375,273.928,
0,4,,,3.2161712646484375,273.96,
0,4,,,3.243255615234375,273.991,
0,4,,,3.2032012939453125,274.022,
0,4,,,3.2032012939453125,274.053,
0,4,,,3.2253265380859375,274.085,
0,4,,,3.2253265380859375,274.116,
0,4,,,3.151702880859375,274.147,
0,4,,,3.197479248046875,274.179,
0,4,,,3.197479248046875,274.21,
0,4,,,3.21044921875,274.242,
0,4,,,3.2032012939453125,274.274,
0,4,,,3.2032012939453125,274.305,
0,4,,,3.2199859619140625,274.337,
0,4,,,3.2199859619140625,274.369,
0,4,,,3.205108642578125,274.401,
0,4,,,3.1764984130859375,274.433,
0,4,,,3.1764984130859375,274.465,
0,4,,,3.1955718994140625,274.496,
0,4,,,3.197860717773438,274.528,
0,4,,,3.197860717773438,274.559,
0,4,,,3.1795501708984375,274.591,
0,4,,,3.1795501708984375,274.622,
0,4,,,3.251266479492188,274.654,
0,4,,,3.1955718994140625,274.686,
0,4,,,3.1955718994140625,274.717,
0,4,,,3.2325744628906254,274.749,
0,4,,,3.196334838867188,274.78,
0,4,,,3.196334838867188,274.812,
0,4,,,3.2135009765625004,274.843,
0,4,,,3.2135009765625004,274.875,
0,4,,,3.2238006591796875,274.906,
0,4,,,3.206634521484375,274.937,
0,4,,,3.206634521484375,274.969,
0,4,,,3.1536102294921875,275.0,
0,4,,,3.1894683837890625,275.032,
0,4,,,3.1894683837890625,275.063,
0,4,,,3.19366455078125,275.094,
0,4,,,3.19366455078125,275.126,
0,4,,,3.200149536132813,275.157,
0,4,,,3.1921386718750004,275.189,
0,4,,,3.1921386718750004,275.22,
0,4,,,3.182220458984375,275.251,
0,4,,,3.205490112304688,275.283,
0,4,,,3.205490112304688,275.314,
0,4,,,3.1948089599609375,275.345,
0,4,,,3.1948089599609375,275.377,
0,4,,,3.185272216796875,275.408,
0,4,,,3.178787231445313,275.439,
0,4,,,3.178787231445313,275.471,
0,4,,,3.1719207763671875,275.502,
0,4,,,3.1719207763671875,275.534,
0,4,,,3.15093994140625,275.565,
0,4,,,3.219223022460938,275.596,
0,4,,,3.219223022460938,275.628,
0,4,,,3.133010864257813,275.659,
0,4,,,3.1753540039062504,275.691,
0,4,,,3.1753540039062504,275.722,
0,4,,,3.1639099121093754,275.754,
0,4,,,3.1639099121093754,275.785,
0,4,,,3.1753540039062504,275.817,
0,4,,,3.1948089599609375,275.848,
0,4,,,3.1948089599609375,275.879,
0,4,,,3.182220458984375,275.911,
0,4,,,3.177261352539063,275.942,
0,4,,,3.177261352539063,275.974,
0,4,,,3.2531738281250004,276.005,
0,4,,,3.2531738281250004,276.037,
0,4,,,3.238296508789063,276.068,
0,4,,,3.2291412353515625,276.1,
0,4,,,3.2291412353515625,276.131,
0,4,,,3.154754638671875,276.163,
0,4,,,3.2276153564453125,276.195,
0,4,,,3.2276153564453125,276.226,
0,4,,,3.1883239746093754,276.257,
0,4,,,3.1883239746093754,276.288,
0,4,,,3.209304809570313,276.319,
0,4,,,3.1627655029296875,276.35,
0,4,,,3.1627655029296875,276.382,
0,4,,,3.2024383544921875,276.414,
0,4,,,3.2337188720703125,276.445,
0,4,,,3.2337188720703125,276.477,
0,4,,,3.214263916015625,276.508,
0,4,,,3.214263916015625,276.54,
0,4,,,3.211593627929688,276.571,
0,4,,,3.192901611328125,276.603,
0,4,,,3.192901611328125,276.635,
0,4,,,3.2047271728515625,276.666,
0,4,,,3.1986236572265625,276.698,
0,4,,,3.1986236572265625,276.729,
0,4,,,3.200531005859375,276.76,
0,4,,,3.200531005859375,276.791,
0,4,,,3.2032012939453125,276.822,
0,4,,,3.192901611328125,276.854,
0,4,,,3.192901611328125,276.886,
0,4,,,3.182220458984375,276.917,
0,4,,,3.182220458984375,276.949,
0,4,,,3.16619873046875,276.981,
0,4,,,3.170013427734375,277.012,
0,4,,,3.170013427734375,277.044,
0,4,,,3.1795501708984375,277.076,
0,4,,,3.2123565673828125,277.107,
0,4,,,3.2123565673828125,277.139,
0,4,,,3.2161712646484375,277.171,
0,4,,,3.1829833984375004,277.202,
0,4,,,3.1829833984375004,277.234,
0,4,,,3.190231323242188,277.266,
0,4,,,3.190231323242188,277.297,
0,4,,,3.247451782226563,277.329,
0,4,,,3.1955718994140625,277.361,
0,4,,,3.1955718994140625,277.392,
0,4,,,3.1917572021484375,277.424,
0,4,,,3.2238006591796875,277.456,
0,4,,,3.2238006591796875,277.487,
0,4,,,3.1944274902343754,277.519,
0,4,,,3.1944274902343754,277.551,
0,4,,,3.178787231445313,277.583,
0,4,,,3.20892333984375,277.615,
0,4,,,3.20892333984375,277.647,
0,4,,,3.215408325195313,277.679,
0,4,,,3.2299041748046875,277.711,
0,4,,,3.2299041748046875,277.744,
0,4,,,3.23486328125,277.776,
0,4,,,3.23486328125,277.808,
0,4,,,3.163528442382813,277.84,
0,4,,,3.2070159912109375,277.871,
0,4,,,3.2070159912109375,277.903,
0,4,,,3.1997680664062504,277.935,
0,4,,,3.169631958007813,277.966,
0,4,,,3.169631958007813,277.997,
0,4,,,3.136825561523438,278.029,
0,4,,,3.1646728515625,278.061,
0,4,,,3.1646728515625,278.093,
0,4,,,3.20892333984375,278.125,
0,4,,,3.20892333984375,278.157,
0,4,,,3.1948089599609375,278.189,
0,4,,,3.181076049804688,278.221,
0,0,,,,,72264198
0,1,,,,,59181618
0,2,,,,,39633359
0,3,,,,,78561903
0,4,,,,,24610434
