iteration_num,expe_num,validation_result,clock_freq,current_sample,power_sample,energy_sample,shunt_voltage_sample,bus_voltage_sample,current_timestamp,timing_sample
0,0,,,13.170623779296877,66.39404296875,1.6796875,0.0131709375,5.041015625,0.032,
0,0,,,13.243484497070314,66.766357421875,4.003906250000001,0.01324375,5.0414062500000005,0.066,
0,0,,,13.243484497070314,66.766357421875,6.328125,0.013283125000000002,5.040234375000001,0.1,
0,0,,,13.283157348632814,66.95068359375,8.632812500000002,0.013283125000000002,5.040234375000001,0.134,
0,0,,,13.261032104492188,66.83837890625001,10.7421875,0.01326125,5.040234375000001,0.168,
0,0,,,13.261032104492188,66.83837890625001,13.066406250000002,0.01327,5.0400390625,0.202,
0,0,,,13.269805908203127,66.8798828125,15.410156250000002,0.01327,5.0400390625,0.237,
0,0,,,13.328933715820314,67.17163085937501,17.734375000000004,0.0133290625,5.0396484375,0.272,
0,0,,,13.328933715820314,67.17163085937501,20.039062500000004,0.013260625000000002,5.03984375,0.306,
0,0,,,13.260269165039064,66.82861328125,22.363281250000004,0.013260625000000002,5.03984375,0.339,
0,0,,,13.284683227539062,66.96044921875001,24.492187500000004,0.013285000000000002,5.0404296875000005,0.372,
0,0,,,13.284683227539062,66.96044921875001,26.796875000000004,0.013250312500000002,5.041015625,0.406,
0,0,,,13.249969482421875,66.79321289062501,28.90625,0.013250312500000002,5.041015625,0.439,
0,0,,,13.258743286132814,66.82861328125,31.230468750000004,0.013259062500000002,5.0404296875000005,0.473,
0,0,,,13.258743286132814,66.82861328125,33.33984375000001,0.013246250000000001,5.0396484375,0.506,
0,0,,,13.24615478515625,66.754150390625,35.64453125,0.013246250000000001,5.0396484375,0.54,
0,0,,,13.228988647460938,66.66015625,37.96875,0.013229062500000001,5.0390625,0.573,
0,0,,,13.228988647460938,66.66015625,40.07812500000001,0.0132715625,5.0414062500000005,0.606,
0,0,,,13.271331787109375,66.90673828125,42.38281250000001,0.0132715625,5.0414062500000005,0.639,
0,0,,,13.218688964843752,66.63696289062501,44.4921875,0.013219062500000002,5.041015625,0.673,
0,0,,,13.218688964843752,66.63696289062501,46.81640625000001,0.013295000000000001,5.040625,0.706,
0,0,,,13.294982910156252,67.01293945312501,49.14062500000001,0.013295000000000001,5.040625,0.741,
0,0,,,13.258743286132814,66.826171875,51.250000000000014,0.013259062500000002,5.040234375000001,0.775,
0,0,,,13.258743286132814,66.826171875,53.57421875000001,0.013283437500000002,5.040234375000001,0.809,
0,0,,,13.283157348632814,66.949462890625,55.8984375,0.013283437500000002,5.040234375000001,0.842,
0,0,,,13.277053833007812,66.90185546875001,58.00781250000001,0.0132771875,5.0388671875,0.875,
0,0,,,13.277053833007812,66.90185546875001,60.31250000000001,0.013177187500000001,5.041015625,0.908,
0,0,,,13.177108764648438,66.424560546875,62.42187500000001,0.013177187500000001,5.041015625,0.941,
0,0,,,13.25645446777344,66.82983398437501,64.72656250000001,0.013256875000000001,5.0414062500000005,0.975,
0,0,,,13.25645446777344,66.82983398437501,66.83593750000001,0.013256875000000001,5.0404296875000005,1.008,
0,0,,,13.196182250976562,66.51489257812501,69.140625,0.013196250000000001,5.0404296875000005,1.042,
0,0,,,13.204956054687502,66.57348632812501,71.44531250000001,0.013205000000000001,5.0416015625,1.077,
0,0,,,13.204956054687502,66.57348632812501,73.76953125,0.013262500000000002,5.041015625,1.111,
0,0,,,13.262176513671877,66.85302734375001,76.09375000000001,0.013262500000000002,5.041015625,1.145,
0,0,,,13.303375244140625,67.047119140625,78.22265625000001,0.013303437500000001,5.03984375,1.179,
0,0,,,13.303375244140625,67.047119140625,80.52734375000001,0.013258437500000001,5.03984375,1.213,
0,0,,,13.257980346679688,66.81884765625,82.85156250000001,0.013258437500000001,5.03984375,1.247,
0,0,,,13.282394409179688,66.9384765625,85.17578125000001,0.013282500000000001,5.0396484375,1.281,
0,0,,,13.282394409179688,66.9384765625,87.50000000000001,0.013289375,5.039257812500001,1.316,
0,0,,,13.289260864257814,66.9677734375,89.82421875000001,0.013289375,5.039257812500001,1.35,
0,0,,,13.236618041992188,66.71508789062501,91.93359375000001,0.013236875,5.040234375000001,1.384,
0,0,,,13.263320922851562,66.85546875000001,94.23828125,0.013263437500000001,5.0408203125,1.418,
0,0,,,13.263320922851562,66.85546875000001,96.56250000000001,0.013263437500000001,5.0408203125,1.452,
0,0,,,13.214492797851564,66.630859375,98.88671875,0.0132146875,5.0423828125000005,1.486,
0,0,,,13.256072998046875,66.826171875,101.19140625,0.01325625,5.041210937500001,1.52,
0,0,,,13.256072998046875,66.826171875,103.30078125,0.01325625,5.041210937500001,1.555,
0,0,,,13.219451904296875,66.62353515625001,105.60546875000001,0.013219375,5.03984375,1.589,
0,0,,,13.256835937500002,66.826171875,107.92968750000001,0.013256875000000001,5.0408203125,1.623,
0,0,,,13.256835937500002,66.826171875,110.25390625,0.013256875000000001,5.0408203125,1.657,
0,0,,,13.263702392578125,66.849365234375,112.36328125000001,0.013264062500000002,5.0400390625,1.691,
0,0,,,13.295364379882812,67.00317382812501,114.68750000000001,0.013295625000000002,5.0396484375,1.724,
0,0,,,13.295364379882812,67.00317382812501,117.01171875000001,0.013295625000000002,5.0396484375,1.759,
0,0,,,13.273620605468752,66.89697265625001,119.3359375,0.01327375,5.03984375,1.792,
0,0,,,13.263320922851562,66.86035156250001,121.64062500000001,0.013263437500000001,5.041015625,1.826,
0,0,,,13.263320922851562,66.86035156250001,123.75000000000001,0.013263437500000001,5.041015625,1.86,
0,0,,,13.256835937500002,66.827392578125,126.07421875,0.013257187500000002,5.041015625,1.894,
0,0,,,13.261795043945312,66.844482421875,128.39843750000003,0.013262187500000001,5.0404296875000005,1.928,
0,0,,,13.261795043945312,66.844482421875,130.72265625,0.013262187500000001,5.0404296875000005,1.962,
0,0,,,13.280105590820312,66.95556640625,132.83203125,0.0132803125,5.041796875,1.996,
0,0,,,13.262176513671877,66.86035156250001,135.15625,0.013262500000000002,5.0414062500000005,2.031,
0,0,,,13.262176513671877,66.86035156250001,137.48046875000003,0.013262500000000002,5.0414062500000005,2.065,
0,0,,,13.262176513671877,66.851806640625,139.78515625000003,0.013262500000000002,5.0408203125,2.099,
0,0,,,13.271331787109375,66.89575195312501,142.109375,0.013271250000000002,5.0408203125,2.133,
0,0,,,13.271331787109375,66.89575195312501,144.21875000000003,0.013271250000000002,5.0408203125,2.167,
0,0,,,13.22441101074219,66.65771484375001,146.52343750000003,0.0132246875,5.0404296875000005,2.201,
0,0,,,13.27018737792969,66.87744140625,148.84765625000003,0.013270625000000001,5.0396484375,2.235,
0,0,,,13.27018737792969,66.87744140625,151.19140625000003,0.013270625000000001,5.0396484375,2.269,
0,0,,,13.306427001953127,67.07275390625,153.49609375000003,0.0133065625,5.040625,2.303,
0,0,,,13.25645446777344,66.81030273437501,155.60546875000003,0.013256875000000001,5.03984375,2.338,
0,0,,,13.25645446777344,66.81030273437501,157.92968750000003,0.013256875000000001,5.040625,2.372,
0,0,,,13.212203979492188,66.59912109375,160.23437500000003,0.0132125,5.040625,2.406,
0,0,,,13.264465332031252,66.861572265625,162.55859375000003,0.0132646875,5.040625,2.44,
0,0,,,13.264465332031252,66.861572265625,164.88281250000003,0.013288750000000002,5.0404296875000005,2.474,
0,0,,,13.288497924804688,66.978759765625,167.20703125000003,0.013288750000000002,5.0404296875000005,2.508,
0,0,,,13.268661499023438,66.89086914062501,169.31640625000003,0.013269062500000001,5.041210937500001,2.543,
0,0,,,13.268661499023438,66.89086914062501,171.64062500000003,0.01323875,5.040234375000001,2.577,
0,0,,,13.238525390625,66.724853515625,173.96484375000003,0.01323875,5.040234375000001,2.611,
0,0,,,13.28582763671875,66.96533203125,176.2890625,0.013285937500000001,5.0404296875000005,2.645,
0,0,,,13.28582763671875,66.96533203125,178.59375000000003,0.0132525,5.041015625,2.679,
0,0,,,13.25225830078125,66.80541992187501,180.72265625000003,0.0132525,5.041015625,2.713,
0,0,,,13.321304321289064,67.14477539062501,183.04687500000003,0.013321250000000001,5.0404296875000005,2.747,
0,0,,,13.321304321289064,67.14477539062501,185.37109375000003,0.013299062500000002,5.040234375000001,2.781,
0,0,,,13.298797607421877,67.027587890625,187.69531250000003,0.013299062500000002,5.040234375000001,2.815,
0,0,,,13.241577148437502,66.73828125000001,189.8046875,0.013241875000000002,5.0400390625,2.849,
0,0,,,13.269424438476562,66.873779296875,192.10937500000003,0.0132696875,5.0396484375,2.883,
0,0,,,13.269424438476562,66.873779296875,194.43359375000003,0.0132696875,5.0396484375,2.917,
0,0,,,13.243103027343752,66.7529296875,196.75781250000003,0.013243437500000002,5.040625,2.951,
0,0,,,13.18626403808594,66.495361328125,199.06250000000003,0.013186250000000002,5.04296875,2.985,
0,0,,,13.18626403808594,66.495361328125,201.15234375000003,0.013186250000000002,5.04296875,3.019,
0,0,,,13.23089599609375,66.70043945312501,203.4765625,0.013230937500000001,5.0414062500000005,3.053,
0,0,,,13.2476806640625,66.798095703125,205.80078125,0.013247812500000001,5.0423828125000005,3.087,
0,0,,,13.2476806640625,66.798095703125,208.12500000000003,0.013247812500000001,5.0423828125000005,3.121,
0,0,,,13.269424438476562,66.90185546875001,210.42968750000003,0.0132696875,5.041796875,3.155,
0,0,,,13.225555419921875,66.68212890625001,212.53906250000003,0.013225937500000002,5.0419921875,3.189,
0,0,,,13.225555419921875,66.68212890625001,214.84375,0.013225937500000002,5.0419921875,3.223,
0,0,,,13.250732421875002,66.783447265625,217.16796875000003,0.0132509375,5.0400390625,3.258,
0,0,,,13.25225830078125,66.802978515625,219.4921875,0.0132525,5.0408203125,3.292,
0,0,,,13.25225830078125,66.802978515625,221.60156250000006,0.0132525,5.0408203125,3.326,
0,0,,,13.236618041992188,66.737060546875,223.90625000000003,0.013236875,5.041796875,3.36,
0,0,,,13.222885131835938,66.65649414062501,226.23046875,0.013223125,5.041015625,3.395,
0,0,,,13.222885131835938,66.65649414062501,228.53515625000003,0.013223125,5.041015625,3.429,
0,0,,,13.2781982421875,66.91162109375001,230.87890625000006,0.0132784375,5.039257812500001,3.463,
0,0,,,13.264465332031252,66.849365234375,233.18359375000003,0.0132646875,5.03984375,3.497,
0,0,,,13.264465332031252,66.849365234375,235.29296875000003,0.0132646875,5.03984375,3.531,
0,0,,,13.24615478515625,66.77001953125,237.61718750000006,0.013246250000000001,5.0408203125,3.565,
0,0,,,13.267135620117188,66.87255859375,239.94140625000003,0.013267187500000001,5.040625,3.599,
0,0,,,13.267135620117188,66.87255859375,242.26562500000003,0.013267187500000001,5.040625,3.633,
0,0,,,13.26751708984375,66.86889648437501,244.57031250000003,0.013267812500000002,5.0400390625,3.667,
0,0,,,13.227081298828125,66.693115234375,246.67968750000003,0.013227187500000001,5.0423828125000005,3.701,
0,0,,,13.227081298828125,66.693115234375,249.00390625000003,0.013227187500000001,5.040625,3.735,
0,0,,,13.249969482421875,66.78710937500001,251.30859375000003,0.013250000000000001,5.040625,3.769,
0,0,,,13.201904296875,66.56250000000001,253.61328125,0.013201875000000002,5.0419921875,3.803,
0,0,,,13.201904296875,66.56250000000001,255.72265625000006,0.013201875000000002,5.040234375000001,3.837,
0,0,,,13.24005126953125,66.734619140625,258.046875,0.0132403125,5.040234375000001,3.871,
0,0,,,13.280487060546875,66.92382812500001,260.37109375000006,0.013280625,5.039257812500001,3.905,
0,0,,,13.280487060546875,66.92382812500001,262.67578125,0.013239375000000001,5.0400390625,3.939,
0,0,,,13.239288330078127,66.72607421875001,265.00000000000006,0.013239375000000001,5.0400390625,3.973,
0,0,,,13.226699829101562,66.673583984375,267.10937500000006,0.013226875,5.041015625,4.007,
0,0,,,13.226699829101562,66.673583984375,269.41406250000006,0.013241562500000002,5.0419921875,4.041,
0,0,,,13.241577148437502,66.76269531250001,271.73828125000006,0.013241562500000002,5.0419921875,4.075,
0,0,,,13.256835937500002,66.82861328125,274.04296875000006,0.013257187500000002,5.041015625,4.109,
0,0,,,13.256835937500002,66.82861328125,276.15234375000006,0.0132078125,5.0404296875000005,4.143,
0,0,,,13.207626342773438,66.571044921875,278.4765625,0.0132078125,5.0404296875000005,4.177,
0,0,,,13.325500488281252,67.16552734375001,280.80078125,0.013325625,5.0404296875000005,4.211,
0,0,,,13.325500488281252,67.16552734375001,283.125,0.013272812500000002,5.040625,4.245,
0,0,,,13.272857666015625,66.903076171875,285.23437500000006,0.013272812500000002,5.040625,4.279,
0,0,,,13.254165649414062,66.81640625,287.578125,0.013254375,5.041210937500001,4.313,
0,0,,,13.254165649414062,67.24731445312501,289.90234375000006,0.0133446875,5.0394531250000005,4.347,
0,0,,,13.344192504882814,67.24731445312501,292.2265625,0.0133446875,5.0394531250000005,4.381,
0,0,,,13.275146484375,66.92382812500001,294.76562500000006,0.0132753125,5.041210937500001,4.42,
0,0,,,13.278961181640625,66.94213867187501,297.08984375,0.013279062500000001,5.041210937500001,4.454,
0,0,,,13.278961181640625,66.94213867187501,299.39453125000006,0.013279062500000001,5.041210937500001,4.488,
0,0,,,13.249969482421875,66.79443359375001,301.50390625,0.013250000000000001,5.041210937500001,4.522,
0,0,,,13.270950317382812,66.89697265625001,303.82812500000006,0.013270937500000001,5.041015625,4.556,
0,0,,,13.270950317382812,66.89697265625001,306.15234375,0.013270937500000001,5.041015625,4.59,
0,0,,,13.243865966796875,66.75903320312501,308.47656250000006,0.0132440625,5.0408203125,4.624,
0,0,,,13.226318359375002,66.67114257812501,310.78125,0.0132265625,5.0408203125,4.658,
0,0,,,13.226318359375002,66.67114257812501,312.89062500000006,0.0132265625,5.0408203125,4.692,
0,0,,,13.288497924804688,66.97265625000001,315.21484375000006,0.013288750000000002,5.03984375,4.726,
0,0,,,13.268280029296877,66.87744140625,317.53906250000006,0.0132684375,5.0404296875000005,4.76,
0,0,,,13.268280029296877,66.87744140625,319.84375000000006,0.0132684375,5.0404296875000005,4.794,
0,0,,,13.25492858886719,66.8212890625,321.95312500000006,0.013255312500000001,5.041210937500001,4.828,
0,0,,,13.22479248046875,66.65771484375001,324.27734375000006,0.013225,5.0404296875000005,4.862,
0,0,,,13.22479248046875,66.65771484375001,326.58203125000006,0.013225,5.0404296875000005,4.896,
0,0,,,13.236236572265625,66.727294921875,328.90625,0.013236250000000001,5.0414062500000005,4.93,
0,0,,,13.24119567871094,66.76147460937501,331.01562500000006,0.013241250000000001,5.0419921875,4.964,
0,0,,,13.24119567871094,66.76147460937501,333.32031250000006,0.013241250000000001,5.041210937500001,4.998,
0,0,,,13.255691528320312,66.82373046875001,335.64453125000006,0.0132559375,5.041210937500001,5.032,
0,0,,,13.258743286132814,66.82983398437501,337.96875000000006,0.013259062500000002,5.0404296875000005,5.066,
0,0,,,13.258743286132814,66.82983398437501,340.27343750000006,0.013259062500000002,5.041796875,5.1,
0,0,,,13.190078735351564,66.49902343750001,342.3828125,0.0131903125,5.041796875,5.134,
0,0,,,13.281631469726564,66.96166992187501,344.70703125,0.013281875,5.041796875,5.168,
0,0,,,13.281631469726564,66.96166992187501,347.03125000000006,0.013305,5.03984375,5.202,
0,0,,,13.304901123046875,67.05444335937501,349.35546875,0.013305,5.03984375,5.236,
0,0,,,13.226318359375002,66.678466796875,351.44531250000006,0.0132265625,5.0414062500000005,5.27,
0,0,,,13.226318359375002,66.678466796875,353.76953125000006,0.013205625,5.0414062500000005,5.304,
0,0,,,13.205337524414064,66.572265625,356.07421875000006,0.013205625,5.0414062500000005,5.338,
0,0,,,13.249206542968752,66.7822265625,358.3984375,0.013249375,5.040625,5.372,
0,0,,,13.249206542968752,66.7822265625,360.50781250000006,0.013263437500000001,5.0414062500000005,5.406,
0,0,,,13.263320922851562,66.86523437500001,362.83203125,0.013263437500000001,5.0414062500000005,5.441,
0,0,,,13.222503662109377,66.66015625,365.13671875000006,0.013222812500000002,5.0414062500000005,5.475,
0,0,,,13.222503662109377,66.86645507812501,367.46093750000006,0.013265312500000001,5.041015625,5.509,
0,0,,,13.264846801757812,66.86645507812501,369.78515625000006,0.013265312500000001,5.041015625,5.543,
0,0,,,13.307571411132812,67.08984375,372.109375,0.013307500000000002,5.0416015625,5.577,
0,0,,,13.311386108398438,67.08374023437501,374.23828125,0.0133115625,5.0396484375,5.611,
0,0,,,13.311386108398438,67.08374023437501,376.5625,0.0133115625,5.0396484375,5.645,
0,0,,,13.26751708984375,66.8896484375,378.88671875,0.013267500000000002,5.0416015625,5.679,
0,0,,,13.259124755859375,66.83227539062501,381.19140625000006,0.013259375,5.040625,5.713,
0,0,,,13.259124755859375,66.83227539062501,383.30078125,0.013259375,5.040625,5.747,
0,0,,,13.258361816406252,66.84326171875,385.62500000000006,0.013258437500000001,5.041796875,5.781,
0,0,,,13.212966918945314,66.61865234375001,387.9296875,0.0132128125,5.0419921875,5.815,
0,0,,,13.212966918945314,66.61865234375001,390.25390625000006,0.0132128125,5.0419921875,5.849,
0,0,,,13.249206542968752,66.795654296875,392.36328125000006,0.013249375,5.0416015625,5.883,
0,0,,,13.263320922851562,66.85424804687501,394.68750000000006,0.013263437500000001,5.040625,5.917,
0,0,,,13.263320922851562,66.85424804687501,396.99218750000006,0.013263437500000001,5.040625,5.951,
0,0,,,13.266754150390625,66.86279296875001,399.31640625000006,0.013266875000000001,5.0400390625,5.985,
0,0,,,13.275527954101564,66.92138671875001,401.64062500000006,0.013275937500000001,5.041015625,6.019,
0,0,,,13.275527954101564,66.92138671875001,403.75000000000006,0.013275937500000001,5.041015625,6.053,
0,0,,,13.204193115234375,66.57592773437501,406.0546875,0.013204375,5.0419921875,6.087,
0,0,,,13.229751586914064,66.680908203125,408.37890625000006,0.01323,5.040234375000001,6.121,
0,0,,,13.229751586914064,66.680908203125,410.70312500000006,0.01323,5.040234375000001,6.155,
0,0,,,13.28544616699219,66.964111328125,412.8125,0.0132853125,5.040625,6.189,
0,0,,,13.23966979980469,66.74560546875001,415.11718750000006,0.013240000000000002,5.0414062500000005,6.223,
0,0,,,13.23966979980469,66.74560546875001,417.44140625000006,0.013240000000000002,5.0414062500000005,6.257,
0,0,,,13.238525390625,66.74804687500001,419.7656250000001,0.01323875,5.0419921875,6.291,
0,0,,,13.283538818359377,66.966552734375,422.08984375,0.01328375,5.0414062500000005,6.325,
0,0,,,13.283538818359377,66.966552734375,424.19921875000006,0.01328375,5.0414062500000005,6.359,
0,0,,,13.272094726562502,66.89697265625001,426.52343750000006,0.013272500000000001,5.0404296875000005,6.393,
0,0,,,13.29803466796875,67.02392578125001,428.8476562500001,0.013298125000000001,5.040234375000001,6.427,
0,0,,,13.29803466796875,67.02392578125001,431.15234375,0.013298125000000001,5.040234375000001,6.462,
0,0,,,13.206100463867188,66.58203125,433.47656250000006,0.013206250000000001,5.0419921875,6.496,
0,0,,,13.295745849609375,67.03125000000001,435.58593750000006,0.0132959375,5.0416015625,6.53,
0,0,,,13.295745849609375,67.03125000000001,437.91015625,0.0132959375,5.040625,6.564,
0,0,,,13.215255737304688,66.612548828125,440.21484375000006,0.013215625000000002,5.040625,6.598,
0,0,,,13.27171325683594,66.9189453125,442.53906250000006,0.0132715625,5.0423828125000005,6.632,
0,0,,,13.27171325683594,66.9189453125,444.84375,0.0132715625,5.0416015625,6.666,
0,0,,,13.23204040527344,66.71020507812501,446.95312500000006,0.013232500000000001,5.0416015625,6.7,
0,0,,,13.246536254882812,66.783447265625,449.27734375000006,0.013246875000000002,5.0416015625,6.734,
0,0,,,13.246536254882812,66.783447265625,451.60156250000006,0.013289375,5.0414062500000005,6.768,
0,0,,,13.289260864257814,66.995849609375,453.92578125,0.013289375,5.0414062500000005,6.802,
0,0,,,13.257980346679688,66.83593750000001,456.03515625,0.013258125,5.041210937500001,6.836,
0,0,,,13.257980346679688,66.83593750000001,458.35937500000006,0.013298437500000001,5.041210937500001,6.87,
0,0,,,13.29803466796875,67.03857421875001,460.68359375000006,0.013298437500000001,5.041210937500001,6.904,
0,0,,,13.234710693359375,66.73095703125001,463.0078125,0.013235,5.042187500000001,6.938,
0,0,,,13.234710693359375,66.73095703125001,465.11718750000006,0.0132578125,5.042578125,6.972,
0,0,,,13.257598876953125,66.851806640625,467.4218750000001,0.0132578125,5.042578125,7.006,
0,0,,,13.246536254882812,66.7822265625,469.74609375,0.013246562500000001,5.0416015625,7.04,
0,0,,,13.246536254882812,66.7822265625,472.05078125000006,0.013225312500000001,5.041015625,7.074,
0,0,,,13.225173950195312,66.668701171875,474.17968750000006,0.013225312500000001,5.041015625,7.108,
0,0,,,13.267135620117188,66.89208984375,476.484375,0.013267500000000002,5.0419921875,7.142,
0,0,,,13.267135620117188,66.86645507812501,478.80859375,0.013265937500000002,5.040625,7.176,
0,0,,,13.265609741210938,66.86645507812501,481.13281250000006,0.013265937500000002,5.040625,7.21,
0,0,,,13.264465332031252,66.87866210937501,483.45703125000006,0.0132646875,5.0419921875,7.244,
0,0,,,13.291549682617188,67.00927734375,485.56640625000006,0.013291875000000002,5.0414062500000005,7.278,
0,0,,,13.291549682617188,67.00927734375,487.890625,0.013291875000000002,5.0414062500000005,7.312,
0,0,,,13.246917724609377,66.788330078125,490.19531250000006,0.013246875000000002,5.041796875,7.346,
0,0,,,13.208389282226562,66.58813476562501,492.5195312500001,0.013208437500000001,5.0414062500000005,7.38,
0,0,,,13.208389282226562,66.58813476562501,494.609375,0.013208437500000001,5.0414062500000005,7.414,
0,0,,,13.235855102539064,66.73339843750001,496.95312500000006,0.013235937500000001,5.0419921875,7.448,
0,0,,,13.296508789062502,67.027587890625,499.25781250000006,0.013296562500000001,5.041210937500001,7.482,
0,0,,,13.296508789062502,67.027587890625,501.5820312500001,0.013296562500000001,5.041210937500001,7.517,
0,0,,,13.241958618164062,66.75537109375,503.88671875,0.0132421875,5.041210937500001,7.551,
0,0,,,13.22441101074219,66.673583984375,506.2109375,0.013224375000000002,5.041796875,7.585,
0,0,,,13.22441101074219,66.673583984375,508.3203125000001,0.013224375000000002,5.041796875,7.619,
0,0,,,13.264846801757812,66.85791015625,510.64453125,0.013265,5.040234375000001,7.653,
0,0,,,13.249969482421875,66.80664062500001,512.9687500000001,0.013250000000000001,5.042187500000001,7.687,
0,0,,,13.249969482421875,66.80664062500001,515.2929687500001,0.013250000000000001,5.042187500000001,7.721,
0,0,,,13.267135620117188,66.88720703125,517.3828125000001,0.013267500000000002,5.0416015625,7.755,
0,0,,,13.236618041992188,66.73095703125001,519.7070312500001,0.013236875,5.0414062500000005,7.788,
0,0,,,13.236618041992188,66.73095703125001,522.0312500000001,0.013236875,5.0414062500000005,7.822,
0,0,,,13.30108642578125,67.04589843750001,524.35546875,0.01330125,5.0408203125,7.856,
0,0,,,13.266754150390625,66.8896484375,526.46484375,0.013267187500000001,5.041796875,7.89,
0,0,,,13.266754150390625,66.8896484375,528.7890625,0.013267187500000001,5.041796875,7.924,
0,0,,,13.27056884765625,66.8896484375,531.11328125,0.013270937500000001,5.0404296875000005,7.958,
0,0,,,13.266372680664064,66.89453125,533.4375000000001,0.0132665625,5.042578125,7.992,
0,0,,,13.266372680664064,66.89453125,535.546875,0.0132665625,5.042578125,8.026,
0,0,,,13.271331787109375,66.89941406250001,537.8515625000001,0.0132715625,5.041015625,8.06,
0,0,,,13.24462890625,66.75659179687501,540.1757812500001,0.013244687500000001,5.0404296875000005,8.094,
0,0,,,13.24462890625,66.75659179687501,542.5000000000001,0.013244687500000001,5.0404296875000005,8.128,
0,0,,,13.259124755859375,66.83837890625001,544.6093750000001,0.013259375,5.041015625,8.162,
0,0,,,13.23204040527344,66.71142578125,546.9140625000001,0.013232500000000001,5.0416015625,8.196,
0,0,,,13.23204040527344,66.71142578125,549.2382812500001,0.013232500000000001,5.0416015625,8.23,
0,0,,,13.266754150390625,66.90063476562501,551.5625000000001,0.013266875000000001,5.0427734375,8.264,
0,0,,,13.267898559570314,66.88476562500001,553.671875,0.013267812500000002,5.041210937500001,8.298,
0,0,,,13.267898559570314,66.88476562500001,555.99609375,0.013267812500000002,5.0404296875000005,8.332,
0,0,,,13.286590576171875,66.9677734375,558.3203125000001,0.013286562500000001,5.0404296875000005,8.366,
0,0,,,13.251876831054688,66.80664062500001,560.64453125,0.013251875000000002,5.0414062500000005,8.4,
0,0,,,13.251876831054688,66.80664062500001,562.7343750000001,0.013251875000000002,5.0423828125000005,8.434,
0,0,,,13.216400146484377,66.64306640625,565.0390625,0.013216562500000001,5.0423828125000005,8.468,
0,0,,,13.167953491210938,66.385498046875,567.34375,0.013168125000000001,5.0416015625,8.502,
0,0,,,13.167953491210938,66.385498046875,569.66796875,0.013273125000000002,5.0404296875000005,8.537,
0,0,,,13.272857666015625,66.90063476562501,571.9921875000001,0.013273125000000002,5.0404296875000005,8.571,
0,0,,,13.228988647460938,66.693115234375,574.31640625,0.013229062500000001,5.0416015625,8.605,
0,0,,,13.228988647460938,66.693115234375,576.4257812500001,0.0132840625,5.041015625,8.639,
0,0,,,13.283920288085938,66.96289062500001,578.7304687500001,0.0132840625,5.041015625,8.673,
0,0,,,13.251876831054688,66.79321289062501,581.0546875,0.013252187500000002,5.040234375000001,8.707,
0,0,,,13.251876831054688,66.79321289062501,583.37890625,0.013284687500000001,5.0404296875000005,8.741,
0,0,,,13.2843017578125,66.95922851562501,585.5078125000001,0.013284687500000001,5.0404296875000005,8.775,
0,0,,,13.263320922851562,66.86523437500001,587.8125000000001,0.013263750000000001,5.0414062500000005,8.809,
0,0,,,13.263320922851562,66.64794921875,590.1171875000001,0.013219062500000002,5.041796875,8.843,
0,0,,,13.219070434570312,66.64794921875,592.4414062500001,0.013219062500000002,5.041796875,8.877,
0,0,,,13.294982910156252,66.99462890625,594.55078125,0.013295312500000002,5.039257812500001,8.911,
0,0,,,13.1988525390625,66.5380859375,596.875,0.0131990625,5.041210937500001,8.944,
0,0,,,13.1988525390625,66.5380859375,599.1796875000001,0.0131990625,5.041210937500001,8.978,
0,0,,,13.245010375976564,66.77124023437501,601.4843750000001,0.013245000000000002,5.0414062500000005,9.012,
0,0,,,13.183212280273438,66.45874023437501,603.8085937500001,0.0131834375,5.041210937500001,9.046,
0,0,,,13.183212280273438,66.45874023437501,605.91796875,0.0131834375,5.041210937500001,9.08,
0,0,,,13.2476806640625,66.77612304687501,608.2421875000001,0.013247812500000001,5.040625,9.114,
0,0,,,13.289260864257814,67.00073242187501,610.5664062500001,0.013289375,5.041796875,9.148,
0,0,,,13.289260864257814,67.00073242187501,612.87109375,0.013289375,5.041796875,9.182,
0,0,,,13.246917724609377,66.766357421875,615.0000000000001,0.013246875000000002,5.040234375000001,9.216,
0,0,,,13.280868530273438,66.93603515625,617.3046875000001,0.013280937500000001,5.0400390625,9.25,
0,0,,,13.280868530273438,66.93603515625,619.609375,0.013280937500000001,5.0400390625,9.284,
0,0,,,13.239288330078127,66.72607421875001,621.9335937500001,0.013239375000000001,5.0400390625,9.318,
0,0,,,13.279724121093752,66.95190429687501,624.0625000000001,0.013280000000000002,5.041796875,9.352,
0,0,,,13.279724121093752,66.95190429687501,626.3867187500001,0.013280000000000002,5.041796875,9.386,
0,0,,,13.291549682617188,66.97753906250001,628.6914062500001,0.013291875000000002,5.039257812500001,9.42,
0,0,,,13.22441101074219,66.66992187500001,631.0156250000001,0.0132246875,5.0416015625,9.454,
0,0,,,13.22441101074219,66.66992187500001,633.1250000000001,0.0132246875,5.0416015625,9.488,
0,0,,,13.254165649414062,66.81762695312501,635.4296875000001,0.013254375,5.041210937500001,9.522,
0,0,,,13.250732421875002,66.79321289062501,637.7539062500001,0.0132509375,5.0408203125,9.557,
0,0,,,13.250732421875002,66.79321289062501,640.078125,0.0132509375,5.0408203125,9.591,
0,0,,,13.27056884765625,66.87255859375,642.4023437500001,0.013270937500000001,5.0390625,9.625,
0,0,,,13.269424438476562,66.876220703125,644.7265625,0.0132696875,5.03984375,9.659,
0,0,,,13.269424438476562,66.876220703125,646.8359375000001,0.0132696875,5.03984375,9.693,
0,0,,,13.26904296875,66.88720703125,649.1601562500001,0.013269375000000002,5.0408203125,9.727,
0,0,,,13.283538818359377,66.964111328125,651.46484375,0.01328375,5.041210937500001,9.761,
0,0,,,13.283538818359377,66.964111328125,653.80859375,0.01328375,5.041210937500001,9.795,
0,0,,,13.28582763671875,66.986083984375,655.9179687500001,0.013285937500000001,5.0419921875,9.829,
0,0,,,13.280105590820312,66.9384765625,658.2421875000001,0.0132803125,5.040625,9.863,
0,0,,,13.280105590820312,66.9384765625,660.5664062500001,0.0132803125,5.040625,9.897,
0,0,,,13.298797607421877,67.042236328125,662.8710937500001,0.013299062500000002,5.041210937500001,9.931,
0,0,,,13.20953369140625,66.605224609375,664.98046875,0.013209687500000001,5.042187500000001,9.965,
0,0,,,13.20953369140625,66.605224609375,667.3046875000001,0.013209687500000001,5.0408203125,9.999,
0,1,,,13.132476806640627,66.21948242187501,676.23046875,0.013132500000000002,5.042578125,10.133,
0,1,,,12.474822998046877,63.10058593750001,678.22265625,0.012475000000000002,5.058203125,10.167,
0,1,,,12.474822998046877,63.10058593750001,680.4101562500001,0.012475000000000002,5.057421875,10.201,
0,1,,,12.489700317382814,63.16528320312501,682.6171875,0.012490000000000001,5.057421875,10.235,
0,1,,,12.526321411132814,63.350830078125014,684.8046875000001,0.012526562500000001,5.057421875,10.269,
0,1,,,12.526321411132814,63.350830078125014,686.9921875,0.012526562500000001,5.0583984375,10.303,
0,1,,,12.483978271484377,63.14697265625001,688.9843750000001,0.0124840625,5.0583984375,10.337,
0,1,,,12.51640319824219,63.310546875000014,691.1914062500001,0.012516562500000002,5.058203125,10.371,
0,1,,,12.51640319824219,63.310546875000014,693.3789062500001,0.012515625,5.058203125,10.405,
0,1,,,12.515640258789062,63.30444335937501,695.5859375000001,0.012515625,5.058203125,10.439,
0,1,,,12.505722045898438,63.25805664062501,697.5781250000001,0.012505937500000001,5.0583984375,10.473,
0,1,,,12.505722045898438,63.25805664062501,699.7656250000001,0.012511562500000002,5.0580078125000005,10.507,
0,1,,,12.511444091796875,63.28247070312501,701.9726562500001,0.012511562500000002,5.0580078125000005,10.541,
0,1,,,12.518310546875002,63.31665039062501,704.1796875,0.01251875,5.057812500000001,10.575,
0,1,,,12.518310546875002,63.31665039062501,706.1718750000001,0.012516875,5.0583984375,10.609,
0,1,,,12.516784667968752,63.31420898437501,708.3593750000001,0.012516875,5.0583984375,10.643,
0,1,,,12.49961853027344,63.21289062500001,710.546875,0.0124996875,5.0572265625,10.677,
0,1,,,12.49961853027344,63.21289062500001,712.7539062500001,0.012514687500000002,5.057812500000001,10.712,
0,1,,,12.514495849609377,63.294677734375014,714.94140625,0.012514687500000002,5.057812500000001,10.746,
0,1,,,12.510681152343752,63.277587890625014,717.1484375000001,0.012510937500000001,5.0580078125000005,10.78,
0,1,,,12.510681152343752,63.277587890625014,719.1406250000001,0.012510625000000001,5.0580078125000005,10.814,
0,1,,,12.510681152343752,63.277587890625014,721.3476562500001,0.012510625000000001,5.0580078125000005,10.848,
0,1,,,12.511444091796875,63.2763671875,723.5351562500001,0.012511875,5.057421875,10.882,
0,1,,,12.506866455078127,63.247070312500014,725.7226562500001,0.012507187500000001,5.0570312500000005,10.916,
0,1,,,12.506866455078127,63.247070312500014,727.7148437500001,0.012507187500000001,5.0570312500000005,10.95,
0,1,,,12.511062622070314,63.277587890625014,729.921875,0.012511250000000002,5.057812500000001,10.984,
0,1,,,12.49198913574219,63.184814453125,732.1093750000001,0.012492187500000002,5.0580078125000005,11.018,
0,1,,,12.49198913574219,63.184814453125,734.2968750000001,0.012492187500000002,5.0580078125000005,11.052,
0,1,,,12.486267089843752,63.155517578125014,736.5039062500001,0.012486562500000001,5.0580078125000005,11.086,
0,1,,,12.493133544921875,63.19458007812501,738.4960937500001,0.012493437500000001,5.0583984375,11.12,
0,1,,,12.493133544921875,63.19458007812501,740.68359375,0.012493437500000001,5.0583984375,11.154,
0,1,,,12.49847412109375,63.21533203125,742.87109375,0.012498750000000001,5.0580078125000005,11.188,
0,1,,,12.509536743164062,63.277587890625014,745.078125,0.012509687500000002,5.0583984375,11.222,
0,1,,,12.509536743164062,63.277587890625014,747.0703125,0.012509687500000002,5.0583984375,11.256,
0,2,,,13.167953491210938,66.39404296875,756.0546875,0.013168125000000001,5.042187500000001,11.39,
0,2,,,14.02549743652344,70.41870117187501,758.5351562500001,0.014025625000000002,5.02109375,11.424,
0,2,,,14.02549743652344,70.41870117187501,760.8007812500001,0.014025625000000002,5.02109375,11.458,
0,2,,,14.261627197265627,71.53198242187501,763.28125,0.014261875000000002,5.015625,11.492,
0,2,,,14.27001953125,71.572265625,765.7617187500001,0.014270000000000001,5.015625,11.526,
0,2,,,14.27001953125,71.572265625,768.2421875000001,0.014270000000000001,5.015625,11.56,
0,2,,,14.2913818359375,71.671142578125,770.5078125,0.0142915625,5.0150390625000005,11.594,
0,2,,,14.282608032226564,71.63085937500001,772.9882812500001,0.0142828125,5.015234375,11.628,
0,2,,,14.282608032226564,71.63085937500001,775.48828125,0.0142828125,5.015234375,11.662,
0,2,,,14.265823364257814,71.544189453125,777.91015625,0.0142659375,5.0150390625000005,11.696,
0,2,,,13.073730468750002,65.95336914062501,779.8828125,0.0130740625,5.046093750000001,11.73,
0,2,,,13.073730468750002,65.95336914062501,782.0703125000001,0.0130740625,5.046093750000001,11.764,
0,2,,,12.425613403320312,62.882080078125,784.2382812500001,0.012425625000000001,5.060742187500001,11.798,
0,2,,,12.397003173828125,62.73681640625001,786.4257812500001,0.0123971875,5.060742187500001,11.833,
0,2,,,12.397003173828125,62.73681640625001,788.5937500000001,0.0123971875,5.060742187500001,11.867,
0,2,,,12.40959167480469,62.79541015625001,790.7812500000001,0.0124096875,5.0603515625,11.901,
0,2,,,12.395477294921875,62.71728515625001,792.7539062500001,0.0123959375,5.059765625000001,11.935,
0,2,,,12.395477294921875,62.71728515625001,794.9414062500001,0.0123959375,5.060742187500001,11.969,
0,2,,,12.404251098632814,62.774658203125,797.1093750000001,0.0124046875,5.060742187500001,12.003,
0,2,,,12.408447265625,62.78564453125001,799.296875,0.012408750000000001,5.0599609375000005,12.037,
0,2,,,12.408447265625,62.78564453125001,801.26953125,0.012408750000000001,5.0599609375000005,12.071,
0,2,,,12.41455078125,62.81616210937501,803.45703125,0.0124146875,5.0599609375000005,12.105,
0,2,,,12.409210205078125,62.79785156250001,805.625,0.012409375,5.060742187500001,12.139,
0,2,,,12.409210205078125,62.79785156250001,807.8125,0.012415,5.0603515625,12.173,
0,2,,,12.414932250976562,62.821044921875,810.0,0.012415,5.0603515625,12.207,
0,2,,,12.404632568359375,62.76489257812501,811.97265625,0.0124046875,5.059765625000001,12.241,
0,2,,,12.404632568359375,62.76489257812501,814.1406250000002,0.012392812500000001,5.058789062500001,12.275,
0,3,,,13.228225708007814,66.68212890625001,821.5234375,0.0132284375,5.041015625,12.385,
0,3,,,13.228225708007814,66.68212890625001,823.9453125000001,0.0132284375,5.041015625,12.419,
0,3,,,14.012527465820312,70.36865234375,826.171875,0.0140125,5.0218750000000005,12.453,
0,3,,,14.02702331542969,70.4443359375,828.6328125000001,0.014027187500000001,5.0220703125,12.487,
0,3,,,14.02702331542969,70.4443359375,831.0742187500001,0.014027187500000001,5.0220703125,12.521,
0,3,,,14.03961181640625,70.54565429687501,833.5156250000001,0.01404,5.0248046875000005,12.555,
0,3,,,14.023971557617188,70.4833984375,835.9570312500001,0.014024375,5.0259765625,12.589,
0,3,,,14.023971557617188,70.4833984375,838.1835937500001,0.014024375,5.0259765625,12.623,
0,3,,,14.029693603515625,70.511474609375,840.6445312500001,0.01403,5.0259765625,12.657,
0,3,,,14.022445678710938,70.48095703125,843.0859375000001,0.014022500000000002,5.0263671875,12.691,
0,3,,,14.022445678710938,70.48095703125,845.5273437500001,0.014022500000000002,5.0263671875,12.725,
0,3,,,14.0228271484375,70.49194335937501,847.9687500000001,0.0140228125,5.026953125,12.759,
0,3,,,14.012145996093752,70.4345703125,850.1953125,0.0140125,5.0267578125000005,12.793,
0,3,,,14.012145996093752,70.4345703125,852.63671875,0.0140125,5.0267578125000005,12.827,
0,3,,,14.01939392089844,70.46997070312501,855.0976562500001,0.014019375,5.0267578125000005,12.861,
0,3,,,14.027404785156252,70.51757812500001,857.5390625000001,0.014027500000000002,5.0271484375,12.895,
0,3,,,14.027404785156252,70.51757812500001,859.7656250000001,0.014027500000000002,5.0277343750000005,12.93,
0,3,,,14.019775390625002,70.48706054687501,862.2070312500001,0.014020000000000001,5.0277343750000005,12.964,
0,3,,,14.015960693359377,70.46875000000001,864.6484375000001,0.014016250000000001,5.0277343750000005,12.998,
0,3,,,14.015960693359377,70.46875000000001,867.0898437500001,0.014015312500000002,5.0277343750000005,13.032,
0,3,,,14.01519775390625,70.46386718750001,869.5507812500001,0.014015312500000002,5.0277343750000005,13.066,
0,3,,,14.029312133789064,70.53100585937501,871.9921875000001,0.014029375000000002,5.027539062500001,13.1,
0,4,,,13.17596435546875,66.51611328125,880.8789062500001,0.013359375000000001,5.0419921875,13.235,
0,4,,,13.359451293945314,67.35473632812501,883.26171875,0.013359375000000001,5.0419921875,13.269,
0,4,,,13.668060302734375,68.87451171875001,885.6640625000001,0.013668125000000001,5.0390625,13.303,
0,4,,,13.668060302734375,68.87451171875001,887.83203125,0.0136565625,5.0375000000000005,13.337,
0,4,,,13.6566162109375,68.795166015625,890.2148437500001,0.0136565625,5.0375000000000005,13.371,
0,4,,,13.587570190429688,68.43750000000001,892.578125,0.013587812500000001,5.0369140625,13.404,
0,4,,,13.587570190429688,68.43750000000001,894.9609375,0.013580937500000001,5.038281250000001,13.438,
0,4,,,13.580703735351564,68.42407226562501,897.1289062500001,0.013580937500000001,5.038281250000001,13.472,
0,4,,,13.645935058593752,68.75244140625001,899.51171875,0.01364625,5.038281250000001,13.506,
0,4,,,13.645935058593752,68.62060546875001,901.89453125,0.0136184375,5.0388671875,13.54,
0,4,,,13.61846923828125,68.62060546875001,904.2773437500001,0.0136184375,5.0388671875,13.574,
0,4,,,13.646316528320312,68.751220703125,906.6601562500001,0.0136465625,5.0380859375,13.608,
0,4,,,13.641357421875,68.71826171875,908.828125,0.013641562500000001,5.0375000000000005,13.642,
0,4,,,13.641357421875,68.71826171875,911.2109375000001,0.013641562500000001,5.0375000000000005,13.676,
0,4,,,13.578033447265625,68.41674804687501,913.5937500000001,0.013578125000000002,5.038671875,13.71,
0,4,,,13.650894165039062,68.780517578125,915.9765625,0.013650937500000002,5.038671875,13.744,
0,4,,,13.650894165039062,68.780517578125,918.1445312500002,0.013650937500000002,5.038671875,13.778,
0,4,,,13.678359985351564,68.90991210937501,920.5273437500001,0.013678437500000001,5.037890625,13.812,
0,4,,,13.59977722167969,68.50341796875001,922.9101562500001,0.0135996875,5.037109375,13.846,
0,4,,,13.59977722167969,68.50341796875001,925.29296875,0.0135996875,5.037109375,13.88,
0,4,,,13.595962524414064,68.50830078125001,927.4609375000001,0.01359625,5.0388671875,13.914,
0,4,,,13.650131225585938,68.77563476562501,929.8437500000001,0.013650312500000001,5.0384765625000005,13.948,
0,4,,,13.650131225585938,68.77563476562501,932.2265625,0.013650312500000001,5.0384765625000005,13.982,
0,4,,,13.655853271484375,68.79272460937501,934.609375,0.013655937500000001,5.0376953125,14.016,
0,4,,,13.614273071289062,68.58764648437501,936.7773437500001,0.013614375000000001,5.037890625,14.05,
0,4,,,13.614273071289062,68.58764648437501,939.16015625,0.013614375000000001,5.037890625,14.085,
0,4,,,13.54637145996094,68.25683593750001,941.5234375000001,0.013546562500000001,5.0388671875,14.119,
0,4,,,13.628005981445312,68.67431640625,943.9062500000001,0.013628437500000002,5.039257812500001,14.153,
0,4,,,13.628005981445312,68.67431640625,946.2890625,0.013628437500000002,5.039257812500001,14.187,
0,4,,,13.63639831542969,68.72802734375001,948.671875,0.013636562500000001,5.0400390625,14.221,
0,4,,,13.629150390625,68.65966796875,950.8398437500001,0.013629375,5.0376953125,14.255,
0,4,,,13.629150390625,68.65966796875,953.22265625,0.013629375,5.0376953125,14.289,
0,4,,,13.5986328125,68.50097656250001,955.5859375000001,0.013598750000000001,5.037304687500001,14.323,
0,4,,,13.582229614257812,68.43750000000001,957.9882812500001,0.0135825,5.038671875,14.357,
0,4,,,13.582229614257812,68.43750000000001,960.1367187500002,0.0135825,5.038671875,14.391,
0,4,,,13.58184814453125,68.44726562500001,962.5195312500001,0.0135821875,5.0396484375,14.425,
0,4,,,13.637161254882812,68.7109375,964.8828125000002,0.0136375,5.0384765625000005,14.459,
0,4,,,13.637161254882812,68.7109375,967.2656250000001,0.0136375,5.0384765625000005,14.493,
0,4,,,13.611984252929688,68.583984375,969.43359375,0.013612187500000001,5.0384765625000005,14.527,
0,4,,,13.554763793945312,68.291015625,971.8164062500002,0.0135546875,5.038281250000001,14.561,
0,4,,,13.554763793945312,68.291015625,974.1992187500001,0.0135546875,5.038281250000001,14.595,
0,4,,,13.604354858398438,68.5546875,976.5625,0.013604375000000002,5.039257812500001,14.628,
0,4,,,13.630676269531252,68.67919921875001,978.7304687500001,0.0136309375,5.038671875,14.662,
0,4,,,13.630676269531252,68.67919921875001,981.1132812500001,0.0136309375,5.038671875,14.696,
0,4,,,13.654708862304688,68.80126953125001,983.5156250000001,0.013655,5.038671875,14.73,
0,4,,,13.56773376464844,68.36669921875001,985.8789062500002,0.013567812500000002,5.0388671875,14.765,
0,4,,,13.56773376464844,68.36669921875001,988.2421875,0.013576875,5.038671875,14.799,
0,4,,,13.57688903808594,68.40942382812501,990.4101562500002,0.013576875,5.038671875,14.833,
0,4,,,13.614654541015625,68.61083984375001,992.7929687500001,0.013614687500000002,5.0394531250000005,14.867,
0,4,,,13.614654541015625,68.61083984375001,995.1757812500001,0.013605937500000002,5.0380859375,14.901,
0,4,,,13.60588073730469,68.54614257812501,997.5390625000001,0.013605937500000002,5.0380859375,14.934,
0,4,,,13.57536315917969,68.39599609375001,999.70703125,0.013575625000000001,5.038281250000001,14.968,
0,4,,,13.57536315917969,68.39599609375001,1002.0703125000001,0.013565937500000002,5.038281250000001,15.001,
0,4,,,13.565826416015627,68.34960937500001,1004.4726562500001,0.013565937500000002,5.038281250000001,15.036,
0,4,,,13.632583618164064,68.70849609375,1006.6210937500002,0.0136325,5.040234375000001,15.07,
0,4,,,13.632583618164064,68.70849609375,1009.0234375000002,0.013641875000000001,5.0396484375,15.105,
0,4,,,13.641738891601564,68.748779296875,1011.3867187500001,0.013641875000000001,5.0396484375,15.139,
0,4,,,13.614654541015625,68.59130859375,1013.7695312500001,0.013614687500000002,5.0380859375,15.173,
0,4,,,13.614654541015625,68.59130859375,1016.1523437500002,0.013599062500000002,5.0384765625000005,15.207,
0,4,,,13.599014282226562,68.51806640625001,1018.5351562500002,0.013599062500000002,5.0384765625000005,15.241,
0,4,,,13.59825134277344,68.51928710937501,1020.703125,0.013598437500000001,5.0388671875,15.275,
0,4,,,13.634109497070314,68.704833984375,1023.0859375000001,0.013634375,5.039257812500001,15.309,
0,4,,,13.634109497070314,68.704833984375,1025.4492187500002,0.013634375,5.039257812500001,15.343,
0,4,,,13.620376586914062,68.619384765625,1027.83203125,0.0136203125,5.0380859375,15.377,
0,4,,,13.600921630859375,68.51562500000001,1030.0,0.013600937500000002,5.0376953125,15.411,
0,4,,,13.600921630859375,68.51562500000001,1032.3828125,0.013600937500000002,5.0376953125,15.445,
0,4,,,13.589096069335938,68.45703125000001,1034.7656250000002,0.0135890625,5.0376953125,15.479,
0,4,,,13.620758056640627,68.64135742187501,1037.1289062500002,0.013620937500000001,5.0394531250000005,15.512,
0,4,,,13.620758056640627,68.64135742187501,1039.2968750000002,0.013620937500000001,5.0394531250000005,15.546,
0,4,,,13.65928649902344,68.84033203125,1041.6796875,0.013659687500000002,5.03984375,15.58,
0,4,,,13.562774658203125,68.33007812500001,1044.0625000000002,0.013563125,5.0380859375,15.614,
0,4,,,13.562774658203125,68.33007812500001,1046.4453125000002,0.013563125,5.0380859375,15.648,
0,4,,,13.603591918945314,68.53393554687501,1048.6132812500002,0.013604062500000002,5.037890625,15.682,
0,4,,,13.584899902343752,68.44970703125001,1050.9765625,0.013585312500000002,5.038671875,15.716,
0,4,,,13.584899902343752,68.44970703125001,1053.359375,0.013585312500000002,5.038671875,15.75,
0,4,,,13.61351013183594,68.60595703125001,1055.7421875000002,0.01361375,5.0394531250000005,15.784,
0,4,,,13.649368286132814,68.76220703125001,1058.1250000000002,0.0136496875,5.0376953125,15.818,
0,4,,,13.649368286132814,68.76220703125001,1060.2929687500002,0.0136496875,5.0376953125,15.852,
0,4,,,13.594818115234375,68.497314453125,1062.67578125,0.013595312500000001,5.0384765625000005,15.886,
0,4,,,13.580322265625,68.42285156250001,1065.0390625000002,0.013580625,5.038281250000001,15.92,
0,4,,,13.580322265625,68.42285156250001,1067.4414062500002,0.013580625,5.038281250000001,15.954,
0,4,,,13.6260986328125,68.65600585937501,1069.58984375,0.013625937500000001,5.038671875,15.988,
0,4,,,13.600158691406252,68.53271484375001,1071.97265625,0.013600312500000001,5.0390625,16.022,
0,5,,,13.13285827636719,66.32934570312501,1081.0546875,0.013133125,5.0505859375,16.157,
0,5,,,13.3819580078125,67.5,1083.26171875,0.013381875000000001,5.0443359375000005,16.191,
0,5,,,13.945007324218752,70.15136718750001,1085.703125,0.013945,5.0306640625000005,16.225,
0,5,,,13.945007324218752,70.15136718750001,1088.14453125,0.013945,5.0306640625000005,16.26,
0,5,,,13.9404296875,70.123291015625,1090.5664062500002,0.013940625000000002,5.030078125,16.294,
0,5,,,13.938140869140625,70.123291015625,1093.0078125000002,0.013938437500000001,5.0310546875,16.328,
0,5,,,13.938140869140625,70.123291015625,1095.4492187500002,0.013938437500000001,5.0310546875,16.362,
0,5,,,13.94805908203125,70.16601562500001,1097.65625,0.0139484375,5.030468750000001,16.396,
0,5,,,13.943481445312502,70.15014648437501,1100.09765625,0.013943750000000001,5.0310546875,16.43,
0,5,,,13.943481445312502,70.15014648437501,1102.5195312500002,0.013943750000000001,5.0310546875,16.464,
0,5,,,13.934707641601562,70.10498046875001,1104.9609375000002,0.013935000000000001,5.0310546875,16.498,
0,5,,,13.92669677734375,70.0537109375,1107.3828125,0.013926875000000002,5.0302734375,16.532,
0,5,,,13.92669677734375,70.0537109375,1109.6093750000002,0.013926875000000002,5.0306640625000005,16.566,
0,5,,,13.94195556640625,70.137939453125,1112.03125,0.013942187500000001,5.0306640625000005,16.6,
0,5,,,13.9312744140625,70.08056640625,1114.47265625,0.013931562500000001,5.030468750000001,16.634,
0,5,,,13.9312744140625,70.08056640625,1116.9140625,0.0139515625,5.0310546875,16.668,
0,5,,,13.951492309570312,70.1904296875,1119.1210937500002,0.0139515625,5.0310546875,16.702,
0,5,,,13.937377929687502,70.1220703125,1121.54296875,0.0139378125,5.03125,16.736,
0,5,,,13.937377929687502,70.1220703125,1123.984375,0.013943125,5.0306640625000005,16.77,
0,5,,,13.942718505859375,70.13916015625,1126.4062500000002,0.013943125,5.0306640625000005,16.804,
0,5,,,13.89732360839844,69.913330078125,1128.61328125,0.013897500000000002,5.030859375,16.838,
0,5,,,13.89732360839844,69.913330078125,1131.0546875,0.013931562500000001,5.0310546875,16.872,
0,6,,,13.9312744140625,70.08911132812501,1133.3593750000002,0.013931562500000001,5.0310546875,16.906,
0,6,,,2.524948120117188,13.2177734375,0.29296875000000006,0.0025253125,5.2347656250000005,0.03,
0,6,,,2.54669189453125,13.328857421875002,0.7421875000000001,0.002546875,5.2337890625000005,0.064,
0,6,,,2.54669189453125,13.328857421875002,1.2109375000000002,0.002546875,5.2337890625000005,0.098,
0,6,,,2.556610107421875,13.38134765625,1.6796875,0.002556875,5.233984375,0.132,
0,6,,,2.5394439697265625,13.291015625,2.12890625,0.0025396875000000003,5.233984375,0.166,
0,6,,,2.5394439697265625,13.291015625,2.5585937500000004,0.0025396875000000003,5.233984375,0.2,
0,6,,,2.555465698242188,13.372802734375002,3.0078125,0.002555625,5.233593750000001,0.234,
0,6,,,2.5543212890625,13.370361328125,3.4765625000000004,0.0025546875,5.234375,0.269,
0,6,,,2.5543212890625,13.370361328125,3.945312500000001,0.0025546875,5.234375,0.303,
0,6,,,2.56195068359375,13.408203125000002,4.414062500000001,0.0025618750000000003,5.233984375,0.337,
0,6,,,2.5543212890625,13.36669921875,4.8828125,0.0025543750000000002,5.233593750000001,0.372,
0,6,,,2.5543212890625,13.36669921875,5.292968750000001,0.0025543750000000002,5.233593750000001,0.406,
0,6,,,2.5512695312500004,13.349609375000002,5.76171875,0.00255125,5.2333984375,0.44,
0,6,,,2.5474548339843754,13.332519531250002,6.230468750000001,0.0025475000000000003,5.2337890625000005,0.474,
0,6,,,2.5474548339843754,13.332519531250002,6.679687500000001,0.0025475000000000003,5.2337890625000005,0.508,
0,6,,,2.5611877441406254,13.402099609375002,7.1484375,0.00256125,5.2333984375,0.542,
0,6,,,2.5524139404296875,13.356933593750002,7.558593750000001,0.0025525,5.2337890625000005,0.576,
0,6,,,2.5524139404296875,13.356933593750002,8.02734375,0.0025525,5.2337890625000005,0.61,
0,6,,,2.5562286376953125,13.377685546875002,8.496093750000002,0.0025562500000000004,5.2337890625000005,0.644,
0,6,,,2.5497436523437504,13.343505859375002,8.964843750000002,0.00255,5.233593750000001,0.678,
0,6,,,2.5497436523437504,13.343505859375002,9.4140625,0.00255,5.2341796875,0.712,
0,6,,,2.555465698242188,13.375244140625002,9.843750000000002,0.002555625,5.2341796875,0.747,
0,6,,,2.559661865234375,13.397216796875,10.312500000000002,0.00256,5.2337890625000005,0.781,
0,6,,,2.559661865234375,13.397216796875,10.781250000000002,0.00256,5.233984375,0.815,
0,6,,,2.559661865234375,13.397216796875,11.23046875,0.00256,5.233984375,0.849,
0,6,,,2.5463104248046875,13.32763671875,11.699218750000002,0.0025465625,5.2337890625000005,0.883,
0,6,,,2.5463104248046875,13.32763671875,12.109375,0.0025484375000000004,5.233984375,0.917,
0,6,,,2.5482177734375,13.336181640625,12.578125000000002,0.0025484375000000004,5.233984375,0.951,
0,6,,,2.5482177734375,13.334960937500002,13.046875,0.0025484375000000004,5.233593750000001,0.985,
0,6,,,2.5482177734375,13.334960937500002,13.515625000000002,0.0025578125,5.2341796875,1.019,
0,6,,,2.5573730468750004,13.386230468750004,13.92578125,0.0025578125,5.2341796875,1.053,
0,6,,,2.544403076171875,13.3154296875,14.394531250000002,0.002544375,5.233984375,1.087,
0,6,,,2.544403076171875,13.420410156250002,14.863281250000002,0.0025643750000000002,5.233984375,1.121,
0,6,,,2.564239501953125,13.420410156250002,15.312500000000002,0.0025643750000000002,5.233984375,1.155,
0,6,,,2.545547485351563,13.321533203125,15.781250000000004,0.0025459375,5.2333984375,1.189,
0,6,,,2.5547027587890625,13.367919921875002,16.191406250000004,0.0025546875,5.233203125,1.223,
0,6,,,2.5547027587890625,13.367919921875002,16.660156250000004,0.0025546875,5.233203125,1.257,
0,6,,,2.5501251220703125,13.345947265625,17.128906250000004,0.0025503125,5.2333984375,1.291,
0,6,,,2.5524139404296875,13.356933593750002,17.597656250000004,0.0025525,5.2333984375,1.325,
0,6,,,2.5524139404296875,13.356933593750002,18.0078125,0.0025525,5.2333984375,1.359,
0,6,,,2.555465698242188,13.371582031250002,18.4765625,0.002555625,5.2328125000000005,1.394,
0,6,,,2.55279541015625,13.359375000000002,18.945312500000004,0.0025528125000000004,5.233593750000001,1.428,
0,6,,,2.55279541015625,13.359375000000002,19.394531250000004,0.0025528125000000004,5.233593750000001,1.462,
0,6,,,2.5459289550781254,13.322753906250002,19.863281250000004,0.0025459375,5.233203125,1.496,
0,6,,,2.5508880615234375,13.348388671875002,20.273437500000004,0.0025509375000000003,5.233203125,1.53,
0,6,,,2.5508880615234375,13.348388671875002,20.742187500000004,0.0025509375000000003,5.233203125,1.564,
0,6,,,2.5524139404296875,13.358154296875,21.210937500000004,0.0025528125000000004,5.233593750000001,1.598,
0,6,,,2.547836303710938,13.333740234375,21.660156250000004,0.002548125,5.2333984375,1.632,
0,6,,,2.547836303710938,13.333740234375,22.128906250000004,0.002548125,5.2333984375,1.666,
0,6,,,2.5459289550781254,13.323974609375,22.55859375,0.0025459375,5.233593750000001,1.7,
0,6,,,2.5508880615234375,13.349609375000002,23.007812500000004,0.00255125,5.233203125,1.734,
0,6,,,2.5508880615234375,13.349609375000002,23.476562500000004,0.00255125,5.233203125,1.768,
0,6,,,2.5615692138671875,13.406982421875,23.945312500000004,0.0025618750000000003,5.233984375,1.802,
0,6,,,2.5485992431640625,13.336181640625,24.35546875,0.0025484375000000004,5.2333984375,1.836,
0,6,,,2.5485992431640625,13.336181640625,24.82421875,0.0025484375000000004,5.2333984375,1.87,
0,6,,,2.5470733642578125,13.328857421875002,25.292968750000004,0.0025471875000000004,5.2333984375,1.904,
0,6,,,2.566909790039063,13.433837890625002,25.761718750000004,0.0025671875,5.2337890625000005,1.938,
0,6,,,2.566909790039063,13.433837890625002,26.171875,0.0025671875,5.2337890625000005,1.972,
0,6,,,2.5543212890625,13.367919921875002,26.640625,0.0025546875,5.233593750000001,2.006,
0,6,,,2.5524139404296875,13.355712890625004,27.109375000000004,0.0025525,5.2328125000000005,2.04,
0,6,,,2.5524139404296875,13.355712890625004,27.55859375,0.0025525,5.2328125000000005,2.074,
0,6,,,2.5535583496093754,13.363037109375002,27.988281250000004,0.00255375,5.233203125,2.108,
0,6,,,2.548980712890625,13.341064453125002,28.457031250000004,0.002549375,5.233593750000001,2.142,
0,6,,,2.548980712890625,13.341064453125002,28.90625,0.002549375,5.233593750000001,2.176,
0,6,,,2.5638580322265625,13.417968750000002,29.375000000000004,0.0025640625000000004,5.233984375,2.21,
0,6,,,2.5463104248046875,13.326416015625002,29.843750000000004,0.0025465625,5.2333984375,2.244,
0,6,,,2.5463104248046875,13.326416015625002,30.253906250000004,0.0025465625,5.233593750000001,2.278,
0,6,,,2.5550842285156254,13.370361328125,30.722656250000004,0.0025550000000000004,5.233593750000001,2.312,
0,6,,,2.552032470703125,13.3544921875,31.191406250000004,0.0025521875,5.233203125,2.346,
0,6,,,2.552032470703125,13.3544921875,31.640625,0.0025521875,5.233203125,2.38,
0,6,,,2.552032470703125,13.3544921875,32.0703125,0.0025521875,5.233203125,2.413,
0,6,,,2.5512695312500004,13.349609375000002,32.53906250000001,0.00255125,5.2330078125,2.448,
0,6,,,2.5512695312500004,13.349609375000002,32.98828125,0.0025540625000000003,5.233203125,2.482,
0,6,,,2.5539398193359375,13.363037109375002,33.45703125000001,0.0025540625000000003,5.233203125,2.516,
0,6,,,2.547836303710938,13.333740234375,33.92578125,0.002548125,5.2333984375,2.55,
0,6,,,2.547836303710938,13.333740234375,34.375,0.0025531250000000003,5.2330078125,2.584,
0,6,,,2.55279541015625,13.359375000000002,34.80468750000001,0.0025531250000000003,5.2330078125,2.618,
0,6,,,2.5634765625,13.41552734375,35.27343750000001,0.00256375,5.2333984375,2.652,
0,6,,,2.5634765625,13.41552734375,35.7421875,0.0025496875000000003,5.2330078125,2.686,
0,6,,,2.549362182617188,13.341064453125002,36.19140625,0.0025496875000000003,5.2330078125,2.72,
0,6,,,2.5623321533203125,13.409423828125002,36.62109375,0.0025625,5.2337890625000005,2.754,
0,6,,,2.551651000976563,13.353271484375002,37.08984375000001,0.0025518750000000003,5.2330078125,2.788,
0,6,,,2.551651000976563,13.353271484375002,37.53906250000001,0.0025518750000000003,5.2330078125,2.822,
0,6,,,2.5436401367187504,13.310546875000002,38.00781250000001,0.0025440625000000003,5.2330078125,2.856,
0,6,,,2.5508880615234375,13.350830078125,38.41796875,0.00255125,5.233593750000001,2.89,
0,6,,,2.5508880615234375,13.350830078125,38.88671875000001,0.00255125,5.233593750000001,2.924,
0,6,,,2.5535583496093754,13.3642578125,39.35546875000001,0.0025540625000000003,5.233593750000001,2.958,
0,6,,,2.5535583496093754,13.3642578125,39.82421875,0.00255375,5.2333984375,2.992,
0,6,,,2.5535583496093754,13.3642578125,40.27343750000001,0.00255375,5.2333984375,3.026,
0,6,,,2.556610107421875,13.378906250000002,40.70312500000001,0.0025565625000000002,5.2333984375,3.06,
0,6,,,2.5539398193359375,13.3642578125,41.17187500000001,0.0025540625000000003,5.233203125,3.094,
0,6,,,2.5539398193359375,13.3642578125,41.62109375000001,0.0025540625000000003,5.233203125,3.128,
0,6,,,2.552032470703125,13.3544921875,42.08984375,0.0025525,5.2330078125,3.162,
0,6,,,2.5577545166015625,13.385009765625,42.51953125000001,0.0025578125,5.233593750000001,3.197,
0,6,,,2.5577545166015625,13.385009765625,42.96875,0.0025578125,5.233593750000001,3.231,
0,6,,,2.544403076171875,13.3154296875,43.43750000000001,0.0025446875,5.2330078125,3.264,
0,6,,,2.5535583496093754,13.363037109375002,43.90625000000001,0.0025540625000000003,5.233203125,3.298,
0,6,,,2.5535583496093754,13.363037109375002,44.35546875000001,0.0025540625000000003,5.233203125,3.333,
0,6,,,2.565765380859375,13.426513671875002,44.78515625000001,0.0025659375,5.233203125,3.367,
0,6,,,2.5547027587890625,13.370361328125,45.25390625,0.0025550000000000004,5.233593750000001,3.401,
0,6,,,2.5547027587890625,13.370361328125,45.70312500000001,0.0025550000000000004,5.233593750000001,3.435,
0,6,,,2.544021606445313,13.311767578125002,46.171875,0.002544375,5.2328125000000005,3.469,
0,6,,,2.5577545166015625,13.386230468750004,46.64062500000001,0.002558125,5.2333984375,3.503,
0,6,,,2.5577545166015625,13.386230468750004,47.0703125,0.002558125,5.2333984375,3.537,
0,6,,,2.5661468505859375,13.427734375,47.51953125000001,0.0025662500000000004,5.233203125,3.571,
0,6,,,2.550506591796875,13.347167968750002,47.98828125000001,0.0025506250000000004,5.233593750000001,3.605,
0,6,,,2.550506591796875,13.347167968750002,48.45703125000001,0.0025506250000000004,5.233593750000001,3.639,
0,6,,,2.5508880615234375,13.349609375000002,48.86718750000001,0.00255125,5.2333984375,3.673,
0,6,,,2.553176879882813,13.360595703125,49.33593750000001,0.0025531250000000003,5.233593750000001,3.707,
0,6,,,2.553176879882813,13.360595703125,49.8046875,0.0025531250000000003,5.233593750000001,3.741,
0,6,,,2.55584716796875,13.375244140625002,50.25390625000001,0.0025562500000000004,5.2333984375,3.775,
0,6,,,2.54058837890625,13.295898437500002,50.68359375000001,0.0025406250000000003,5.233593750000001,3.809,
0,6,,,2.54058837890625,13.295898437500002,51.15234375000001,0.0025406250000000003,5.233203125,3.843,
0,6,,,2.563095092773438,13.4130859375,51.6015625,0.0025634375,5.233203125,3.877,
0,6,,,2.54669189453125,13.32763671875,52.07031250000001,0.002546875,5.233593750000001,3.911,
0,6,,,2.54669189453125,13.32763671875,52.50000000000001,0.002546875,5.233593750000001,3.945,
0,6,,,2.5550842285156254,13.372802734375002,52.94921875000001,0.0025553125000000003,5.233593750000001,3.979,
0,6,,,2.5547027587890625,13.367919921875002,53.41796875,0.0025546875,5.2330078125,4.013,
0,6,,,2.5547027587890625,13.367919921875002,53.88671875000001,0.002549375,5.233593750000001,4.047,
0,6,,,2.548980712890625,13.33984375,54.35546875000001,0.002549375,5.233593750000001,4.081,
0,6,,,2.5485992431640625,13.337402343750002,54.765625000000014,0.0025487500000000002,5.2333984375,4.115,
0,6,,,2.5485992431640625,13.337402343750002,55.234375,0.002566875,5.233593750000001,4.149,
0,6,,,2.5665283203125004,13.432617187500002,55.703125,0.002566875,5.233593750000001,4.183,
0,6,,,2.549362182617188,13.341064453125002,56.15234375,0.002549375,5.233593750000001,4.217,
0,6,,,2.549362182617188,13.341064453125002,56.58203125,0.002566875,5.233984375,4.251,
0,6,,,2.5665283203125004,13.432617187500002,57.05078125000001,0.002566875,5.233984375,4.285,
0,6,,,2.5611877441406254,13.404541015625002,57.51953125000001,0.0025615625,5.233593750000001,4.319,
0,6,,,2.5611877441406254,13.404541015625002,57.96875000000001,0.0025434375,5.2333984375,4.353,
0,6,,,2.5432586669921875,13.308105468750002,58.39843750000001,0.0025434375,5.2333984375,4.387,
0,6,,,2.558135986328125,13.388671875,58.84765625000001,0.0025584375000000004,5.233593750000001,4.421,
0,6,,,2.558135986328125,13.388671875,59.31640625,0.00255,5.233593750000001,4.455,
0,6,,,2.5497436523437504,13.343505859375002,59.78515625000001,0.00255,5.233593750000001,4.489,
0,6,,,2.549362182617188,13.342285156250002,60.195312500000014,0.0025496875000000003,5.2337890625000005,4.523,
0,6,,,2.548980712890625,13.33984375,60.66406250000001,0.002549375,5.2333984375,4.557,
0,6,,,2.548980712890625,13.33984375,61.1328125,0.002549375,5.2333984375,4.591,
0,6,,,2.551651000976563,13.353271484375002,61.58203125,0.0025518750000000003,5.233593750000001,4.625,
0,6,,,2.5524139404296875,13.355712890625004,62.050781250000014,0.0025525,5.233203125,4.659,
0,6,,,2.5524139404296875,13.355712890625004,62.480468750000014,0.0025525,5.233203125,4.693,
0,6,,,2.5539398193359375,13.365478515625002,62.94921875000001,0.0025540625000000003,5.2337890625000005,4.727,
0,6,,,2.552032470703125,13.353271484375002,63.3984375,0.0025521875,5.2330078125,4.761,
0,6,,,2.552032470703125,13.353271484375002,63.86718750000001,0.0025521875,5.2330078125,4.795,
0,6,,,2.5543212890625,13.365478515625002,64.33593750000001,0.0025543750000000002,5.2328125000000005,4.829,
0,6,,,2.5470733642578125,13.331298828125004,64.74609375,0.0025475000000000003,5.2337890625000005,4.863,
0,6,,,2.5470733642578125,13.331298828125004,65.21484375000001,0.0025475000000000003,5.2337890625000005,4.897,
0,6,,,2.555465698242188,13.374023437500002,65.68359375,0.0025559375,5.2333984375,4.931,
0,6,,,2.545166015625,13.319091796875002,66.13281250000001,0.0025453125000000003,5.2333984375,4.965,
0,6,,,2.545166015625,13.319091796875002,66.56250000000001,0.0025453125000000003,5.2333984375,4.999,
0,6,,,2.5577545166015625,13.383789062500002,67.01171875,0.0025578125,5.233203125,5.033,
0,6,,,2.547836303710938,13.332519531250002,67.48046875000001,0.0025478125,5.233203125,5.067,
0,6,,,2.547836303710938,13.332519531250002,67.94921875000001,0.0025478125,5.233203125,5.101,
0,6,,,2.5562286376953125,13.377685546875002,68.37890625000001,0.0025565625000000002,5.233203125,5.135,
0,6,,,2.5547027587890625,13.370361328125,68.828125,0.0025550000000000004,5.2333984375,5.169,
0,6,,,2.5547027587890625,13.370361328125,69.29687500000001,0.0025550000000000004,5.2333984375,5.203,
0,6,,,2.5547027587890625,13.369140625000002,69.76562500000001,0.0025550000000000004,5.233203125,5.237,
0,6,,,2.5524139404296875,13.355712890625004,70.17578125,0.0025525,5.2328125000000005,5.271,
0,6,,,2.5524139404296875,13.355712890625004,70.64453125000001,0.0025525,5.2328125000000005,5.305,
0,6,,,2.5501251220703125,13.344726562500002,71.11328125000001,0.0025503125,5.2333984375,5.339,
0,6,,,2.5562286376953125,13.37646484375,71.56250000000001,0.0025562500000000004,5.2333984375,5.373,
0,6,,,2.5562286376953125,13.37646484375,72.03125,0.0025562500000000004,5.2333984375,5.407,
0,6,,,2.5482177734375,13.337402343750002,72.44140625,0.0025487500000000002,5.2337890625000005,5.441,
0,6,,,2.5459289550781254,13.322753906250002,72.91015625000001,0.0025459375,5.2333984375,5.475,
0,6,,,2.5459289550781254,13.322753906250002,73.37890625000001,0.0025459375,5.2333984375,5.509,
0,6,,,2.5447845458984375,13.319091796875002,73.82812500000001,0.0025450000000000004,5.2337890625000005,5.543,
0,6,,,2.5508880615234375,13.349609375000002,74.2578125,0.0025509375000000003,5.233593750000001,5.577,
0,6,,,2.5508880615234375,13.349609375000002,74.72656250000001,0.0025509375000000003,5.2330078125,5.611,
0,6,,,2.558135986328125,13.386230468750004,75.17578125000001,0.0025584375000000004,5.2330078125,5.645,
0,6,,,2.55584716796875,13.377685546875002,75.64453125000001,0.0025562500000000004,5.2341796875,5.679,
0,6,,,2.55584716796875,13.377685546875002,76.11328125000001,0.0025487500000000002,5.233593750000001,5.713,
0,6,,,2.5485992431640625,13.338623046875002,76.52343750000001,0.0025487500000000002,5.233593750000001,5.747,
0,6,,,2.552032470703125,13.355712890625004,76.99218750000001,0.0025521875,5.233984375,5.781,
0,6,,,2.552032470703125,13.355712890625004,77.46093750000001,0.0025540625000000003,5.233984375,5.815,
0,6,,,2.5539398193359375,13.36669921875,77.91015625000001,0.0025540625000000003,5.233984375,5.849,
0,6,,,2.5497436523437504,13.344726562500002,78.33984375000001,0.00255,5.233593750000001,5.883,
0,6,,,2.5497436523437504,13.344726562500002,78.80859375,0.0025584375000000004,5.233984375,5.917,
0,6,,,2.558135986328125,13.388671875,79.27734375,0.0025584375000000004,5.233984375,5.951,
0,6,,,2.549362182617188,13.342285156250002,79.72656250000001,0.002549375,5.2337890625000005,5.985,
0,6,,,2.549362182617188,13.342285156250002,80.15625000000001,0.0025531250000000003,5.233203125,6.019,
0,6,,,2.55279541015625,13.359375000000002,80.60546875000001,0.0025531250000000003,5.233203125,6.053,
0,6,,,2.550506591796875,13.348388671875002,81.07421875000001,0.0025506250000000004,5.2341796875,6.087,
0,6,,,2.550506591796875,13.348388671875002,81.54296875,0.0025553125000000003,5.2333984375,6.121,
0,6,,,2.5550842285156254,13.371582031250002,82.01171875000001,0.0025553125000000003,5.2333984375,6.155,
0,6,,,2.5501251220703125,13.347167968750002,82.421875,0.0025503125,5.233984375,6.189,
0,6,,,2.5501251220703125,13.365478515625002,82.89062500000001,0.00255375,5.2337890625000005,6.223,
0,6,,,2.5535583496093754,13.365478515625002,83.35937500000001,0.00255375,5.2337890625000005,6.257,
0,6,,,2.5459289550781254,13.323974609375,83.80859375000001,0.0025462500000000003,5.2337890625000005,6.291,
0,6,,,2.5623321533203125,13.410644531250002,84.23828125,0.0025625,5.233984375,6.325,
0,6,,,2.5623321533203125,13.410644531250002,84.70703125000001,0.0025625,5.233984375,6.359,
0,6,,,2.5615692138671875,13.405761718750002,85.15625,0.0025615625,5.2341796875,6.393,
0,6,,,2.544021606445313,13.314208984375002,85.625,0.002544375,5.2333984375,6.427,
0,6,,,2.544021606445313,13.314208984375002,86.0546875,0.002544375,5.2333984375,6.461,
0,6,,,2.556610107421875,13.380126953125002,86.50390625000001,0.002556875,5.2333984375,6.495,
0,6,,,2.5447845458984375,13.319091796875002,86.97265625,0.0025450000000000004,5.2337890625000005,6.529,
0,6,,,2.5447845458984375,13.319091796875002,87.44140625000001,0.0025450000000000004,5.2337890625000005,6.563,
0,6,,,2.559661865234375,13.394775390625,87.85156250000001,0.00256,5.233203125,6.597,
0,6,,,2.5543212890625,13.367919921875002,88.32031250000001,0.0025546875,5.233203125,6.631,
0,6,,,2.5543212890625,13.367919921875002,88.78906250000001,0.0025546875,5.233203125,6.665,
0,6,,,2.5482177734375,13.333740234375,89.2578125,0.0025484375000000004,5.2328125000000005,6.699,
0,6,,,2.56805419921875,13.438720703125002,89.70703125000001,0.002568125,5.2337890625000005,6.733,
0,6,,,2.56805419921875,13.438720703125002,90.13671875000001,0.002568125,5.2337890625000005,6.767,
0,6,,,2.5474548339843754,13.330078125,90.60546875000001,0.0025475000000000003,5.233203125,6.801,
0,6,,,2.5436401367187504,13.310546875000002,91.05468750000001,0.0025440625000000003,5.2330078125,6.835,
0,6,,,2.5436401367187504,13.310546875000002,91.52343750000001,0.0025440625000000003,5.2330078125,6.869,
0,6,,,2.5573730468750004,13.382568359375,91.9921875,0.0025578125,5.2330078125,6.903,
0,6,,,2.5543212890625,13.36669921875,92.40234375,0.0025546875,5.2330078125,6.937,
0,6,,,2.5543212890625,13.36669921875,92.87109375000001,0.0025546875,5.2330078125,6.971,
0,6,,,2.5497436523437504,13.341064453125002,93.33984375000001,0.00255,5.232421875,7.005,
0,6,,,2.551651000976563,13.353271484375002,93.78906250000001,0.0025518750000000003,5.2333984375,7.039,
0,6,,,2.551651000976563,13.353271484375002,94.21875000000001,0.0025518750000000003,5.2333984375,7.073,
0,6,,,2.55279541015625,13.359375000000002,94.68750000000001,0.0025531250000000003,5.233593750000001,7.107,
0,6,,,2.551651000976563,13.35205078125,95.13671875000001,0.0025518750000000003,5.2330078125,7.141,
0,6,,,2.551651000976563,13.35205078125,95.60546875,0.0025518750000000003,5.2330078125,7.175,
0,6,,,2.56195068359375,13.406982421875,96.01562500000001,0.0025621875000000002,5.2330078125,7.209,
0,6,,,2.545166015625,13.319091796875002,96.48437500000001,0.0025453125000000003,5.2333984375,7.243,
0,6,,,2.545166015625,13.319091796875002,96.95312500000001,0.0025453125000000003,5.2333984375,7.277,
0,6,,,2.5459289550781254,13.322753906250002,97.40234375000001,0.0025459375,5.233593750000001,7.311,
0,6,,,2.5501251220703125,13.345947265625,97.83203125,0.0025503125,5.233593750000001,7.345,
0,6,,,2.5501251220703125,13.345947265625,98.30078125000001,0.0025503125,5.233203125,7.379,
0,6,,,2.5573730468750004,13.382568359375,98.75,0.0025578125,5.233203125,7.413,
0,6,,,2.5447845458984375,13.316650390625002,99.21875000000001,0.0025446875,5.233593750000001,7.447,
0,6,,,2.5447845458984375,13.316650390625002,99.68750000000001,0.0025446875,5.233203125,7.481,
0,6,,,2.5623321533203125,13.408203125000002,100.09765625,0.0025625,5.233203125,7.515,
0,6,,,2.555465698242188,13.372802734375002,100.56640625,0.0025559375,5.233203125,7.549,
0,6,,,2.555465698242188,13.372802734375002,101.03515625000003,0.0025509375000000003,5.2330078125,7.583,
0,6,,,2.550506591796875,13.347167968750002,101.50390625000001,0.0025509375000000003,5.2330078125,7.617,
0,6,,,2.559280395507813,13.392333984375004,101.91406250000001,0.002559375,5.2330078125,7.651,
0,6,,,2.559280395507813,13.392333984375004,102.38281250000001,0.0025465625,5.2328125000000005,7.686,
0,6,,,2.5463104248046875,13.323974609375,102.85156250000001,0.0025465625,5.2328125000000005,7.719,
0,6,,,2.559280395507813,13.392333984375004,103.30078125,0.0025596875000000003,5.2330078125,7.753,
0,6,,,2.559280395507813,13.392333984375004,103.76953125000001,0.0025521875,5.233203125,7.787,
0,6,,,2.552032470703125,13.3544921875,104.19921875,0.0025521875,5.233203125,7.821,
0,6,,,2.55279541015625,13.359375000000002,104.64843750000003,0.0025528125000000004,5.233593750000001,7.855,
0,6,,,2.55279541015625,13.359375000000002,105.11718750000001,0.0025465625,5.233593750000001,7.889,
0,6,,,2.5463104248046875,13.325195312500004,105.5859375,0.0025465625,5.233593750000001,7.923,
0,6,,,2.549362182617188,13.342285156250002,105.99609375000001,0.0025496875000000003,5.2337890625000005,7.957,
0,6,,,2.551651000976563,13.3544921875,106.46484375000001,0.0025518750000000003,5.233984375,7.991,
0,6,,,2.551651000976563,13.3544921875,106.93359375,0.0025518750000000003,5.233984375,8.025,
0,6,,,2.5547027587890625,13.367919921875002,107.38281250000003,0.0025546875,5.233203125,8.059,
0,6,,,2.564239501953125,13.417968750000002,107.8125,0.0025646875,5.232617187500001,8.093,
0,6,,,2.564239501953125,13.417968750000002,108.28125,0.0025646875,5.232617187500001,8.127,
0,6,,,2.545547485351563,13.321533203125,108.73046875000001,0.002545625,5.2333984375,8.161,
0,6,,,2.549362182617188,13.343505859375002,109.19921875000001,0.0025496875000000003,5.233984375,8.195,
0,6,,,2.549362182617188,13.343505859375002,109.66796875000001,0.0025496875000000003,5.233984375,8.229,
0,6,,,2.55279541015625,13.359375000000002,110.07812500000001,0.0025531250000000003,5.2333984375,8.263,
0,6,,,2.5497436523437504,13.343505859375002,110.546875,0.00255,5.233203125,8.297,
0,6,,,2.5497436523437504,13.343505859375002,111.015625,0.00255,5.233203125,8.331,
0,6,,,2.544021606445313,13.314208984375002,111.46484375000001,0.002544375,5.233203125,8.365,
0,6,,,2.5474548339843754,13.331298828125004,111.89453125,0.0025475000000000003,5.233593750000001,8.399,
0,6,,,2.5474548339843754,13.331298828125004,112.34375000000001,0.0025475000000000003,5.233593750000001,8.433,
0,6,,,2.552032470703125,13.355712890625004,112.81250000000001,0.0025521875,5.2333984375,8.467,
0,6,,,2.5497436523437504,13.342285156250002,113.28125,0.00255,5.2328125000000005,8.501,
0,6,,,2.5497436523437504,13.342285156250002,113.69140625000001,0.00255,5.2328125000000005,8.535,
0,6,,,2.5398254394531254,13.291015625,114.16015625,0.0025403125,5.2328125000000005,8.569,
0,6,,,2.5535583496093754,13.363037109375002,114.62890625,0.00255375,5.233593750000001,8.603,
0,6,,,2.5535583496093754,13.363037109375002,115.07812500000001,0.00255375,5.233593750000001,8.637,
0,6,,,2.548980712890625,13.33984375,115.5078125,0.002549375,5.2333984375,8.671,
0,6,,,2.5550842285156254,13.369140625000002,115.97656250000001,0.0025553125000000003,5.2330078125,8.705,
0,6,,,2.5550842285156254,13.369140625000002,116.42578125000001,0.0025553125000000003,5.2330078125,8.74,
0,6,,,2.5508880615234375,13.348388671875002,116.89453125,0.0025509375000000003,5.233203125,8.774,
0,6,,,2.559280395507813,13.392333984375004,117.36328125,0.002559375,5.233203125,8.808,
0,6,,,2.559280395507813,13.392333984375004,117.83203125000003,0.002559375,5.233203125,8.842,
0,6,,,2.550506591796875,13.347167968750002,118.2421875,0.0025506250000000004,5.2333984375,8.876,
0,6,,,2.5577545166015625,13.383789062500002,118.71093750000001,0.0025578125,5.233203125,8.91,
0,6,,,2.5577545166015625,13.383789062500002,119.17968750000001,0.0025578125,5.233203125,8.944,
0,6,,,2.5524139404296875,13.3544921875,119.62890625,0.0025525,5.2330078125,8.978,
0,6,,,2.5501251220703125,13.343505859375002,120.05859375000001,0.00255,5.233203125,9.012,
0,6,,,2.5501251220703125,13.343505859375002,120.5078125,0.00255,5.2330078125,9.046,
0,6,,,2.5447845458984375,13.3154296875,120.97656250000003,0.0025450000000000004,5.2330078125,9.08,
0,6,,,2.559280395507813,13.392333984375004,121.44531250000001,0.002559375,5.2333984375,9.114,
0,6,,,2.559280395507813,13.392333984375004,121.85546875000003,0.002559375,5.2328125000000005,9.148,
0,6,,,2.5421142578125004,13.302001953125002,122.32421875000001,0.0025421875,5.2328125000000005,9.182,
0,6,,,2.5611877441406254,13.403320312500002,122.79296875000001,0.0025615625,5.2333984375,9.216,
0,6,,,2.5611877441406254,13.403320312500002,123.26171875000001,0.002559375,5.233203125,9.25,
0,6,,,2.559280395507813,13.392333984375004,123.71093750000001,0.002559375,5.233203125,9.284,
0,6,,,2.541351318359375,13.298339843750002,124.140625,0.0025415625000000004,5.2333984375,9.318,
0,6,,,2.541351318359375,13.298339843750002,124.60937500000001,0.0025596875000000003,5.233203125,9.352,
0,6,,,2.559661865234375,13.393554687500002,125.05859375000003,0.0025596875000000003,5.233203125,9.386,
0,6,,,2.547836303710938,13.331298828125004,125.52734375000001,0.0025478125,5.233203125,9.42,
0,6,,,2.547836303710938,13.331298828125004,125.93750000000001,0.0025496875000000003,5.2333984375,9.454,
0,6,,,2.5497436523437504,13.342285156250002,126.40625000000003,0.0025496875000000003,5.2333984375,9.488,
0,6,,,2.5562286376953125,13.375244140625002,126.87500000000001,0.0025562500000000004,5.233203125,9.522,
0,6,,,2.5562286376953125,13.375244140625002,127.34375,0.002558125,5.2330078125,9.556,
0,6,,,2.558135986328125,13.386230468750004,127.75390625000001,0.002558125,5.2330078125,9.59,
0,6,,,2.55279541015625,13.358154296875,128.22265625,0.0025528125000000004,5.233593750000001,9.624,
0,6,,,2.55279541015625,13.358154296875,128.69140625000003,0.002558125,5.233984375,9.658,
0,6,,,2.558135986328125,13.387451171875002,129.140625,0.002558125,5.233984375,9.691,
0,6,,,2.553176879882813,13.359375000000002,129.57031250000003,0.0025531250000000003,5.2330078125,9.725,
0,6,,,2.547836303710938,13.333740234375,130.03906250000003,0.0025478125,5.233593750000001,9.759,
0,6,,,2.547836303710938,13.333740234375,130.48828125,0.0025478125,5.233593750000001,9.794,
0,6,,,2.556610107421875,13.37646484375,130.95703125,0.0025565625000000002,5.2328125000000005,9.828,
0,6,,,2.564239501953125,13.421630859375,131.42578125,0.0025646875,5.233984375,9.862,
0,6,,,2.564239501953125,13.421630859375,131.89453125000003,0.0025646875,5.233984375,9.896,
0,6,,,2.5508880615234375,13.349609375000002,132.30468750000003,0.00255125,5.233203125,9.93,
0,6,,,2.5508880615234375,13.350830078125,132.7734375,0.00255125,5.2337890625000005,9.964,
0,6,,,2.5508880615234375,13.350830078125,133.22265625000003,0.00255125,5.2337890625000005,9.998,
0,7,,,2.4993896484375,13.081054687500004,134.96093750000003,0.0024996875,5.233984375,10.132,
0,7,,,2.5081634521484375,13.129882812500002,135.41015625000003,0.0025084375000000003,5.23515625,10.166,
0,7,,,2.5081634521484375,13.129882812500002,135.87890625000003,0.0025084375000000003,5.23515625,10.2,
0,7,,,2.5005340576171875,13.0859375,136.328125,0.0025006250000000002,5.2337890625000005,10.234,
0,7,,,2.4635314941406254,12.89306640625,136.73828125,0.0024637500000000002,5.2333984375,10.268,
0,7,,,2.4635314941406254,12.89306640625,137.18750000000003,0.0024637500000000002,5.2333984375,10.302,
0,7,,,2.54058837890625,13.297119140625,137.65625,0.0025409375000000002,5.233984375,10.336,
0,7,,,2.4978637695312504,13.076171875,138.10546875000003,0.0024981250000000003,5.2349609375,10.37,
0,7,,,2.4978637695312504,13.076171875,138.55468750000003,0.0024981250000000003,5.2349609375,10.404,
0,7,,,2.4929046630859375,13.045654296875,138.96484375,0.002493125,5.2333984375,10.438,
0,7,,,2.4929046630859375,13.046875,139.41406250000003,0.002493125,5.233984375,10.472,
0,7,,,2.4929046630859375,13.046875,139.86328125,0.002493125,5.233984375,10.506,
0,7,,,2.504730224609375,13.109130859375002,140.33203125000003,0.0025050000000000003,5.2337890625000005,10.54,
0,7,,,2.536392211914063,13.275146484375,140.7421875,0.002536875,5.233984375,10.574,
0,7,,,2.536392211914063,13.275146484375,141.2109375,0.002536875,5.233984375,10.608,
0,7,,,2.5081634521484375,13.128662109375002,141.66015625000003,0.0025084375000000003,5.2341796875,10.642,
0,7,,,2.5207519531250004,13.189697265625002,142.109375,0.0025209375,5.2328125000000005,10.676,
0,7,,,2.5207519531250004,13.189697265625002,142.51953125000003,0.0025209375,5.2328125000000005,10.71,
0,7,,,2.486801147460938,13.016357421875,142.98828125000003,0.0024868750000000004,5.234570312500001,10.744,
0,7,,,2.54669189453125,13.331298828125004,143.43750000000003,0.0025471875000000004,5.2347656250000005,10.778,
0,7,,,2.54669189453125,13.331298828125004,143.90625,0.0025471875000000004,5.2347656250000005,10.812,
0,7,,,2.5245666503906254,13.215332031250002,144.35546875000003,0.0025250000000000003,5.234570312500001,10.846,
0,7,,,2.537918090820313,13.283691406250002,144.78515625000003,0.002538125,5.234375,10.88,
0,7,,,2.537918090820313,13.283691406250002,145.25390625,0.002538125,5.234375,10.914,
0,7,,,2.5485992431640625,13.341064453125002,145.68359375000003,0.0025490625,5.234375,10.949,
0,7,,,2.4658203125000004,12.904052734375004,146.13281250000003,0.0024656250000000004,5.233984375,10.983,
0,7,,,2.4658203125000004,12.904052734375004,146.6015625,0.0025121875,5.233593750000001,11.017,
0,7,,,2.5119781494140625,13.145751953125002,147.03125000000003,0.0025121875,5.233593750000001,11.051,
0,7,,,2.5360107421875004,13.273925781250002,147.48046875,0.0025359375,5.2347656250000005,11.085,
0,7,,,2.5360107421875004,13.273925781250002,147.92968750000003,0.0025053125,5.233984375,11.119,
0,7,,,2.5051116943359375,13.111572265625004,148.37890625000003,0.0025053125,5.233984375,11.153,
0,7,,,2.4608612060546875,12.87841796875,148.7890625,0.0024612500000000003,5.233593750000001,11.187,
0,7,,,2.4608612060546875,12.87841796875,149.2578125,0.0025415625000000004,5.233203125,11.221,
0,7,,,2.541351318359375,13.299560546875,149.70703125,0.0025415625000000004,5.233203125,11.255,
0,7,,,2.476882934570313,12.962646484375002,150.15625000000003,0.0024771875000000002,5.233984375,11.289,
0,7,,,2.476882934570313,12.962646484375002,150.58593750000003,0.0025518750000000003,5.2349609375,11.323,
0,7,,,2.551651000976563,13.358154296875,151.01562500000003,0.0025518750000000003,5.2349609375,11.357,
0,7,,,2.4566650390625,12.855224609375002,151.46484375000003,0.0024568750000000003,5.2333984375,11.391,
0,7,,,2.4566650390625,12.855224609375002,151.93359375000003,0.00249,5.233593750000001,11.425,
0,7,,,2.4898529052734375,13.029785156250002,152.38281250000003,0.00249,5.233593750000001,11.459,
0,7,,,2.498245239257813,13.076171875,152.79296875000003,0.0024984375000000002,5.2341796875,11.493,
0,7,,,2.498245239257813,13.092041015625,153.24218750000003,0.0025015625000000003,5.233593750000001,11.527,
0,7,,,2.5016784667968754,13.092041015625,153.69140625000003,0.0025015625000000003,5.233593750000001,11.561,
0,7,,,2.480316162109375,12.980957031250002,154.16015625,0.002480625,5.2333984375,11.595,
0,7,,,2.5600433349609375,13.40087890625,154.57031250000003,0.0025603125,5.234570312500001,11.629,
0,7,,,2.5600433349609375,13.40087890625,155.01953125,0.0025603125,5.234570312500001,11.663,
0,7,,,2.5272369384765625,13.225097656250002,155.48828125000003,0.0025275000000000002,5.2330078125,11.697,
0,7,,,2.503204345703125,13.103027343750002,155.93750000000003,0.0025034375,5.2349609375,11.731,
0,7,,,2.503204345703125,13.103027343750002,156.34765625000003,0.0025034375,5.2349609375,11.765,
0,7,,,2.4826049804687504,12.993164062500002,156.81640625000003,0.0024828125,5.2341796875,11.799,
0,7,,,2.5016784667968754,13.095703125,157.26562500000003,0.002501875,5.2349609375,11.832,
0,7,,,2.5016784667968754,13.095703125,157.71484375,0.002501875,5.2349609375,11.866,
0,7,,,2.532577514648438,13.251953125000002,158.12500000000003,0.0025328125000000003,5.2330078125,11.9,
0,7,,,2.461624145507813,12.884521484375002,158.57421875000003,0.002461875,5.2337890625000005,11.934,
0,7,,,2.461624145507813,12.884521484375002,159.04296875,0.002461875,5.2337890625000005,11.968,
0,7,,,2.5573730468750004,13.386230468750004,159.49218750000003,0.0025575000000000003,5.234375,12.003,
0,7,,,2.46124267578125,12.880859375000002,159.94140625000003,0.0024612500000000003,5.2337890625000005,12.037,
0,7,,,2.46124267578125,12.880859375000002,160.37109375000003,0.0024612500000000003,5.2337890625000005,12.071,
0,7,,,2.5653839111328125,13.428955078125002,160.82031250000003,0.002565625,5.234570312500001,12.105,
0,7,,,2.529144287109375,13.237304687500002,161.28906250000003,0.0025290625,5.234375,12.139,
0,7,,,2.529144287109375,13.237304687500002,161.73828125,0.0025290625,5.234375,12.173,
0,7,,,2.5283813476562504,13.232421875,162.20703125000003,0.0025284375000000003,5.2341796875,12.207,
0,7,,,2.4890899658203125,13.028564453125,162.6171875,0.0024893750000000003,5.234375,12.241,
0,7,,,2.4890899658203125,13.028564453125,163.06640625000003,0.0024893750000000003,5.234375,12.275,
0,7,,,2.5432586669921875,13.311767578125002,163.53515625000003,0.00254375,5.2337890625000005,12.309,
0,7,,,2.504730224609375,13.1103515625,163.98437500000003,0.0025046875000000004,5.2347656250000005,12.343,
0,7,,,2.504730224609375,13.1103515625,164.39453125000003,0.0025046875000000004,5.2347656250000005,12.377,
0,7,,,2.504730224609375,13.109130859375002,164.86328125000003,0.0025046875000000004,5.234375,12.411,
0,7,,,2.5356292724609375,13.272705078125,165.31250000000003,0.0025359375,5.234375,12.445,
0,7,,,2.5356292724609375,13.272705078125,165.76171875,0.0025359375,5.234375,12.479,
0,7,,,2.5089263916015625,13.13232421875,166.17187500000003,0.0025093750000000003,5.234375,12.513,
0,7,,,2.480697631835938,12.982177734375002,166.64062500000003,0.0024809375,5.2333984375,12.547,
0,7,,,2.480697631835938,12.982177734375002,167.08984375000003,0.0024809375,5.2333984375,12.581,
0,7,,,2.530288696289063,13.24462890625,167.53906250000003,0.0025303125,5.2347656250000005,12.615,
0,7,,,2.4517059326171875,12.829589843750002,167.94921875000003,0.002451875,5.233203125,12.649,
0,7,,,2.4517059326171875,12.829589843750002,168.41796875000003,0.002451875,5.234570312500001,12.683,
0,7,,,2.5573730468750004,13.386230468750004,168.86718750000003,0.0025575000000000003,5.234570312500001,12.717,
0,7,,,2.54058837890625,13.299560546875,169.3359375,0.0025409375000000002,5.2347656250000005,12.751,
0,7,,,2.54058837890625,13.299560546875,169.7265625,0.0025409375000000002,5.2333984375,12.784,
0,7,,,2.4585723876953125,12.867431640625004,170.17578125000003,0.0024590625000000003,5.2333984375,12.818,
0,7,,,2.4505615234375004,12.822265625000002,170.62500000000003,0.002450625,5.2328125000000005,12.852,
0,7,,,2.4505615234375004,12.822265625000002,171.07421875000003,0.0024971875000000003,5.2337890625000005,12.886,
0,7,,,2.497100830078125,13.067626953125002,171.50390625,0.0024971875000000003,5.2337890625000005,12.92,
0,7,,,2.5463104248046875,13.32763671875,171.97265625000003,0.0025465625,5.234375,12.954,
0,7,,,2.5463104248046875,13.32763671875,172.42187500000003,0.0025450000000000004,5.2341796875,12.988,
0,7,,,2.5447845458984375,13.319091796875002,172.89062500000003,0.0025450000000000004,5.2341796875,13.022,
0,7,,,2.513504028320313,13.15673828125,173.33984375,0.0025137500000000004,5.234375,13.057,
0,7,,,2.513504028320313,13.15673828125,173.78906250000003,0.0025334375,5.2349609375,13.091,
0,7,,,2.5333404541015625,13.261718750000002,174.19921875000003,0.0025334375,5.2349609375,13.125,
0,7,,,2.4932861328125,13.048095703125002,174.66796875,0.0024934375,5.2337890625000005,13.159,
0,7,,,2.4932861328125,13.048095703125002,175.13671875000003,0.0025606250000000004,5.2333984375,13.193,
0,7,,,2.5604248046875,13.399658203125002,175.5859375,0.0025606250000000004,5.2333984375,13.227,
0,7,,,2.5279998779296875,13.231201171875002,175.99609375000003,0.002528125,5.234570312500001,13.261,
0,7,,,2.4585723876953125,12.8662109375,176.44531250000003,0.00245875,5.233593750000001,13.295,
0,7,,,2.4585723876953125,12.8662109375,176.91406250000003,0.00245875,5.233593750000001,13.329,
0,7,,,2.553176879882813,13.363037109375002,177.38281250000003,0.0025531250000000003,5.2341796875,13.363,
0,7,,,2.519989013671875,13.190917968750002,177.79296875000003,0.00252,5.2349609375,13.397,
0,7,,,2.519989013671875,13.190917968750002,178.2421875,0.00252,5.2349609375,13.431,
0,7,,,2.4749755859375004,12.951660156250002,178.69140625000003,0.002475,5.2333984375,13.465,
0,7,,,2.518463134765625,13.182373046875002,179.14062500000003,0.0025184375000000003,5.2349609375,13.499,
0,7,,,2.518463134765625,13.182373046875002,179.58984375,0.0025184375000000003,5.2349609375,13.533,
0,7,,,2.47802734375,12.969970703125,180.00000000000003,0.0024781250000000003,5.234375,13.567,
0,7,,,2.5196075439453125,13.186035156250002,180.46875,0.0025196875000000002,5.2337890625000005,13.601,
0,7,,,2.5196075439453125,13.186035156250002,180.8984375,0.0025196875000000002,5.2337890625000005,13.635,
0,7,,,2.445220947265625,12.795410156250002,181.34765625000003,0.0024453125,5.233203125,13.669,
0,7,,,2.5119781494140625,13.145751953125002,181.77734375000003,0.0025121875,5.2333984375,13.703,
0,7,,,2.5119781494140625,13.145751953125002,182.22656250000003,0.0025121875,5.2333984375,13.737,
0,7,,,2.515029907226563,13.165283203125002,182.67578125000003,0.0025150000000000003,5.2347656250000005,13.771,
0,7,,,2.51617431640625,13.166503906250002,183.14453125000003,0.0025162500000000003,5.233203125,13.805,
0,7,,,2.51617431640625,13.166503906250002,183.55468750000003,0.0025162500000000003,5.233203125,13.839,
0,7,,,2.5104522705078125,13.140869140625,184.00390625000003,0.0025106250000000003,5.234375,13.873,
0,7,,,2.5238037109375,13.2080078125,184.47265625,0.0025237500000000004,5.233984375,13.907,
0,7,,,2.5238037109375,13.2080078125,184.921875,0.0025237500000000004,5.233984375,13.941,
0,7,,,2.502059936523438,13.094482421875002,185.39062500000003,0.0025025000000000004,5.233203125,13.975,
0,7,,,2.578353881835938,13.496093750000002,185.80078125000003,0.0025784375,5.234570312500001,14.009,
0,7,,,2.578353881835938,13.496093750000002,186.26953125,0.0025784375,5.234570312500001,14.043,
0,7,,,2.5775909423828125,13.489990234375002,186.73828125000003,0.0025775000000000004,5.2337890625000005,14.077,
0,7,,,2.507400512695313,13.125000000000002,187.18750000000003,0.0025075,5.2349609375,14.112,
0,7,,,2.507400512695313,13.125000000000002,187.63671875000003,0.0025075,5.2349609375,14.146,
0,7,,,2.509689331054688,13.13232421875,188.06640625000003,0.0025096875,5.2333984375,14.18,
0,7,,,2.58331298828125,13.520507812500002,188.53515625000003,0.0025834375000000002,5.2341796875,14.214,
0,7,,,2.58331298828125,13.520507812500002,188.984375,0.0025834375000000002,5.2341796875,14.248,
0,7,,,2.506256103515625,13.117675781250004,189.43359375000003,0.0025065625,5.2341796875,14.282,
0,7,,,2.4623870849609375,12.886962890625002,189.84375,0.0024625000000000003,5.234375,14.316,
0,7,,,2.4623870849609375,12.886962890625002,190.29296875,0.0024625000000000003,5.2328125000000005,14.35,
0,7,,,2.4913787841796875,13.035888671875002,190.74218750000003,0.0024915625000000003,5.2328125000000005,14.384,
0,7,,,2.449798583984375,12.821044921875,191.19140625000003,0.0024503125000000002,5.233593750000001,14.417,
0,7,,,2.449798583984375,12.821044921875,191.60156250000003,0.0024503125000000002,5.2333984375,14.451,
0,7,,,2.466583251953125,12.908935546875,192.05078125000003,0.0024668750000000003,5.2333984375,14.485,
0,7,,,2.5611877441406254,13.404541015625002,192.51953125000003,0.00256125,5.234375,14.519,
0,7,,,2.5611877441406254,13.404541015625002,192.98828125,0.0025384375000000003,5.2341796875,14.553,
0,7,,,2.5382995605468754,13.284912109375,193.37890625,0.0025384375000000003,5.2341796875,14.587,
0,7,,,2.4826049804687504,12.990722656250002,193.84765625,0.0024828125,5.2330078125,14.621,
0,7,,,2.4826049804687504,12.990722656250002,194.29687500000003,0.0025228125000000003,5.2330078125,14.655,
0,7,,,2.522659301757813,13.199462890625,194.76562500000003,0.0025228125000000003,5.2330078125,14.689,
0,7,,,2.5726318359375004,13.464355468750002,195.23437500000003,0.0025728125,5.2341796875,14.723,
0,7,,,2.5726318359375004,13.464355468750002,195.64453125000003,0.00254375,5.23515625,14.757,
0,7,,,2.5436401367187504,13.3154296875,196.11328125000003,0.00254375,5.23515625,14.791,
0,7,,,2.4688720703125,12.921142578125002,196.54296875000003,0.0024690625000000003,5.233984375,14.825,
0,7,,,2.4688720703125,12.921142578125002,197.01171875,0.0024921875,5.2328125000000005,14.859,
0,7,,,2.49176025390625,13.038330078125002,197.42187500000003,0.0024921875,5.2328125000000005,14.893,
0,7,,,2.512359619140625,13.148193359375004,197.87109375,0.0025125000000000004,5.2341796875,14.927,
0,7,,,2.512359619140625,13.148193359375004,198.32031250000003,0.0024890625000000004,5.2333984375,14.961,
0,7,,,2.4887084960937504,13.023681640625002,198.78906250000003,0.0024890625000000004,5.2333984375,14.995,
0,7,,,2.5470733642578125,13.328857421875002,199.19921875000003,0.0025471875000000004,5.2330078125,15.029,
0,7,,,2.5306701660156254,13.243408203125002,199.66796875000003,0.0025309375,5.2333984375,15.063,
0,7,,,2.5306701660156254,13.243408203125002,200.11718750000006,0.0025309375,5.2333984375,15.097,
0,7,,,2.508544921875,13.129882812500002,200.5859375,0.00250875,5.234375,15.131,
0,7,,,2.5001525878906254,13.087158203125004,201.01562500000003,0.0025003125000000004,5.2347656250000005,15.166,
0,7,,,2.5001525878906254,13.087158203125004,201.42578125,0.0025003125000000004,5.2347656250000005,15.2,
0,7,,,2.481842041015625,12.98828125,201.89453125,0.002481875,5.233593750000001,15.234,
0,7,,,2.47802734375,12.968750000000002,202.32421875000003,0.0024781250000000003,5.2337890625000005,15.268,
0,7,,,2.47802734375,12.968750000000002,202.79296875,0.0024781250000000003,5.2337890625000005,15.302,
0,7,,,2.52227783203125,13.200683593750002,203.26171875000003,0.0025225,5.233984375,15.336,
0,7,,,2.5398254394531254,13.29345703125,203.671875,0.00254,5.2347656250000005,15.37,
0,7,,,2.5398254394531254,13.29345703125,204.12109375000003,0.00254,5.2347656250000005,15.404,
0,7,,,2.5012969970703125,13.089599609375,204.57031250000003,0.0025015625000000003,5.2330078125,15.438,
0,7,,,2.4734497070312504,12.947998046875002,205.01953125000003,0.0024737500000000003,5.234570312500001,15.472,
0,7,,,2.4734497070312504,12.947998046875002,205.4296875,0.0024737500000000003,5.234570312500001,15.506,
0,7,,,2.466583251953125,12.910156250000002,205.87890625000006,0.0024665625,5.234375,15.54,
0,7,,,2.5539398193359375,13.36669921875,206.34765625,0.0025543750000000002,5.233984375,15.574,
0,7,,,2.5539398193359375,13.36669921875,206.796875,0.0025543750000000002,5.233984375,15.608,
0,7,,,2.5142669677734375,13.160400390625002,207.22656250000003,0.002514375,5.234570312500001,15.642,
0,7,,,2.5295257568359375,13.238525390625,207.67578125,0.0025296875000000003,5.233984375,15.676,
0,7,,,2.5295257568359375,13.238525390625,208.14453125000003,0.0025296875000000003,5.233984375,15.71,
0,7,,,2.5360107421875004,13.272705078125,208.59375000000003,0.0025362500000000003,5.233984375,15.744,
0,7,,,2.460479736328125,12.8759765625,209.04296875,0.002460625,5.233593750000001,15.778,
0,7,,,2.460479736328125,12.8759765625,209.45312500000003,0.002460625,5.233593750000001,15.812,
0,7,,,2.5421142578125004,13.306884765625002,209.921875,0.0025421875,5.2349609375,15.846,
0,7,,,2.4940490722656254,13.056640625000004,210.37109375000006,0.002494375,5.23515625,15.879,
0,7,,,2.4940490722656254,13.056640625000004,210.82031250000003,0.002494375,5.23515625,15.913,
0,7,,,2.466583251953125,12.908935546875,211.23046875,0.0024665625,5.2341796875,15.947,
0,7,,,2.5787353515625,13.496093750000002,211.69921875000003,0.0025790625,5.233984375,15.981,
0,7,,,2.5787353515625,13.496093750000002,212.1484375,0.0025790625,5.233984375,16.016,
0,7,,,2.4787902832031254,12.974853515625002,212.59765625000003,0.0024790625000000004,5.234570312500001,16.05,
0,7,,,2.4967193603515625,13.066406250000002,213.00781250000003,0.0024971875000000003,5.2333984375,16.084,
0,7,,,2.4967193603515625,13.066406250000002,213.47656250000003,0.0024971875000000003,5.2353515625,16.118,
0,7,,,2.5371551513671875,13.282470703125002,213.92578125,0.0025375000000000003,5.2353515625,16.152,
0,7,,,2.4364471435546875,12.749023437500002,214.37500000000003,0.0024365625000000004,5.2333984375,16.186,
0,7,,,2.4364471435546875,12.749023437500002,214.8046875,0.0024568750000000003,5.233203125,16.22,
0,7,,,2.4566650390625,12.855224609375002,215.27343750000003,0.0024568750000000003,5.233203125,16.254,
0,7,,,2.5382995605468754,13.287353515625002,215.68359375,0.0025384375000000003,5.23515625,16.288,
0,7,,,2.5382995605468754,13.287353515625002,216.13281250000006,0.0024990625000000004,5.2337890625000005,16.322,
0,7,,,2.4990081787109375,13.077392578125,216.58203125000003,0.0024990625000000004,5.2337890625000005,16.356,
0,7,,,2.5131225585937504,13.154296875000002,217.05078125,0.0025134375,5.234375,16.39,
0,7,,,2.5131225585937504,13.154296875000002,217.48046875000003,0.0025800000000000003,5.2347656250000005,16.424,
0,7,,,2.579879760742188,13.504638671875,217.94921875000003,0.0025800000000000003,5.2347656250000005,16.458,
0,7,,,2.550506591796875,13.35205078125,218.39843750000003,0.0025506250000000004,5.2353515625,16.492,
0,7,,,2.550506591796875,13.35205078125,218.84765625000003,0.0024609375,5.234375,16.526,
0,7,,,2.460479736328125,12.87841796875,219.25781250000003,0.0024609375,5.234375,16.56,
0,7,,,2.527618408203125,13.228759765625,219.70703125000003,0.0025278125,5.2341796875,16.594,
0,7,,,2.527618408203125,13.104248046875002,220.17578125,0.0025040625,5.2337890625000005,16.628,
0,7,,,2.5039672851562504,13.104248046875002,220.64453125000003,0.0025040625,5.2337890625000005,16.662,
0,7,,,2.5321960449218754,13.255615234375002,221.09375,0.0025321875,5.2349609375,16.696,
0,7,,,2.517318725585938,13.177490234375,221.50390625000006,0.0025175,5.23515625,16.73,
0,7,,,2.517318725585938,13.177490234375,221.97265625,0.0025175,5.23515625,16.764,
0,7,,,2.53753662109375,13.281250000000002,222.44140625000003,0.0025378125,5.233984375,16.798,
0,7,,,2.5245666503906254,13.212890625000002,222.890625,0.0025246875,5.233984375,16.832,
0,7,,,2.5245666503906254,13.212890625000002,223.28125000000003,0.0025246875,5.233984375,16.866,
0,7,,,2.4303436279296875,12.71728515625,223.73046875000003,0.002430625,5.2328125000000005,16.9,
0,7,,,2.515029907226563,13.162841796875,224.19921875000003,0.0025153125,5.233593750000001,16.934,
0,7,,,2.515029907226563,13.162841796875,224.62890625000003,0.0025153125,5.233593750000001,16.968,
0,7,,,2.4402618408203125,12.769775390625002,225.03906250000003,0.0024403125,5.2330078125,17.002,
0,7,,,2.4929046630859375,13.044433593750002,225.48828125,0.0024928125000000002,5.2330078125,17.036,
0,7,,,2.4929046630859375,13.044433593750002,225.9375,0.0024928125000000002,5.2330078125,17.07,
0,7,,,2.4826049804687504,12.990722656250002,226.40625000000003,0.0024828125,5.2328125000000005,17.104,
0,7,,,2.4875640869140625,13.017578125000002,226.83593750000003,0.0024878125,5.2333984375,17.138,
0,7,,,2.4875640869140625,13.017578125000002,227.26562500000003,0.0024878125,5.2333984375,17.172,
0,7,,,2.5661468505859375,13.428955078125002,227.73437500000003,0.0025662500000000004,5.2337890625000005,17.206,
0,7,,,2.564239501953125,13.424072265625002,228.20312500000003,0.0025646875,5.2349609375,17.24,
0,7,,,2.564239501953125,13.424072265625002,228.65234375000003,0.0025646875,5.2349609375,17.275,
0,7,,,2.504730224609375,13.109130859375002,229.10156250000003,0.0025050000000000003,5.2341796875,17.309,
0,7,,,2.503204345703125,13.103027343750002,229.53125000000003,0.0025034375,5.2347656250000005,17.343,
0,7,,,2.503204345703125,13.103027343750002,229.98046875,0.0025034375,5.2347656250000005,17.377,
0,7,,,2.533721923828125,13.264160156250004,230.4296875,0.0025337500000000004,5.2353515625,17.411,
0,7,,,2.5077819824218754,13.123779296875002,230.89843750000003,0.0025078125,5.233593750000001,17.445,
0,7,,,2.5077819824218754,13.123779296875002,231.30859375,0.0025078125,5.233593750000001,17.479,
0,7,,,2.4951934814453125,13.060302734375002,231.75781250000006,0.0024953125,5.234570312500001,17.513,
0,7,,,2.5180816650390625,13.178710937500004,232.20703125000003,0.0025181250000000004,5.2341796875,17.547,
0,7,,,2.5180816650390625,13.178710937500004,232.67578125,0.0025181250000000004,5.2341796875,17.581,
0,7,,,2.510833740234375,13.142089843750004,233.08593750000003,0.00251125,5.2341796875,17.615,
0,7,,,2.4871826171875,13.021240234375002,233.53515625000003,0.0024875,5.2349609375,17.649,
0,7,,,2.4871826171875,13.021240234375002,233.98437500000003,0.0024875,5.2349609375,17.683,
0,7,,,2.495574951171875,13.05908203125,234.45312500000003,0.002495625,5.2333984375,17.717,
0,7,,,2.5321960449218754,13.253173828125002,234.86328125,0.0025325,5.2337890625000005,17.751,
0,7,,,2.5321960449218754,13.253173828125002,235.33203125000003,0.0025325,5.233593750000001,17.785,
0,7,,,2.5573730468750004,13.383789062500002,235.78125000000003,0.0025575000000000003,5.233593750000001,17.819,
0,7,,,2.506256103515625,13.115234375000002,236.25000000000006,0.0025062500000000002,5.2333984375,17.852,
0,7,,,2.506256103515625,13.115234375000002,236.69921875000003,0.0025062500000000002,5.234570312500001,17.886,
0,7,,,2.5218963623046875,13.199462890625,237.109375,0.0025218750000000002,5.234570312500001,17.92,
0,7,,,2.482986450195313,12.994384765625,237.55859375,0.002483125,5.233593750000001,17.954,
0,7,,,2.482986450195313,12.994384765625,238.00781250000003,0.0024815625000000003,5.2330078125,17.988,
0,7,,,2.4810791015625004,12.983398437500002,238.45703125000003,0.0024815625000000003,5.2330078125,18.022,
0,7,,,2.5196075439453125,13.187255859375,238.86718750000003,0.0025196875000000002,5.234375,18.056,
0,7,,,2.5196075439453125,13.187255859375,239.31640625,0.0024434375000000003,5.233984375,18.09,
0,7,,,2.4433135986328125,12.786865234375,239.78515625000003,0.0024434375000000003,5.233984375,18.124,
0,7,,,2.5535583496093754,13.367919921875002,240.234375,0.00255375,5.2349609375,18.158,
0,7,,,2.5535583496093754,13.367919921875002,240.66406250000003,0.0025434375,5.234375,18.192,
0,7,,,2.5432586669921875,13.311767578125002,241.13281250000006,0.0025434375,5.234375,18.226,
0,7,,,2.582168579101563,13.51318359375,241.58203125000003,0.0025825,5.233593750000001,18.26,
0,7,,,2.582168579101563,13.51318359375,242.03125000000003,0.0024625000000000003,5.2341796875,18.294,
0,7,,,2.4623870849609375,12.88818359375,242.50000000000006,0.0024625000000000003,5.2341796875,18.329,
0,7,,,2.5127410888671875,13.150634765625,242.91015625,0.002513125,5.2337890625000005,18.363,
0,7,,,2.475738525390625,12.956542968750002,243.35937500000003,0.0024756250000000004,5.233984375,18.397,
0,7,,,2.475738525390625,12.956542968750002,243.80859375000006,0.0024756250000000004,5.233984375,18.431,
0,7,,,2.5066375732421875,13.118896484375002,244.25781250000003,0.002506875,5.233984375,18.465,
0,7,,,2.508544921875,13.129882812500002,244.70703125000003,0.00250875,5.2341796875,18.499,
0,7,,,2.508544921875,13.129882812500002,245.13671875000003,0.00250875,5.2341796875,18.533,
0,7,,,2.559661865234375,13.394775390625,245.60546875,0.0025596875000000003,5.2333984375,18.567,
0,7,,,2.5844573974609375,13.526611328125002,246.07421875000003,0.0025846875,5.233984375,18.601,
0,7,,,2.5844573974609375,13.526611328125002,246.52343750000003,0.0025846875,5.233984375,18.635,
0,7,,,2.4711608886718754,12.933349609375,246.93359375000003,0.0024712500000000004,5.233984375,18.669,
0,7,,,2.55584716796875,13.377685546875002,247.40234375000003,0.0025559375,5.234570312500001,18.703,
0,7,,,2.55584716796875,13.377685546875002,247.8515625,0.0025559375,5.234570312500001,18.737,
0,7,,,2.4925231933593754,13.043212890625002,248.30078125000006,0.0024925000000000004,5.2337890625000005,18.771,
0,7,,,2.5661468505859375,13.428955078125002,248.73046875000003,0.0025662500000000004,5.233593750000001,18.805,
0,7,,,2.5661468505859375,13.428955078125002,249.19921875000003,0.0025662500000000004,5.233593750000001,18.839,
0,7,,,2.5653839111328125,13.426513671875002,249.66796875000006,0.002565625,5.233984375,18.873,
0,7,,,2.518463134765625,13.18359375,250.11718750000006,0.0025184375000000003,5.2353515625,18.907,
0,7,,,2.518463134765625,13.18359375,250.56640625000003,0.0025184375000000003,5.2353515625,18.941,
0,7,,,2.4761199951171875,12.960205078125002,250.9765625,0.00247625,5.233984375,18.975,
0,7,,,2.495956420898438,13.0615234375,251.42578125000003,0.0024959375000000003,5.2333984375,19.009,
0,7,,,2.495956420898438,13.0615234375,251.89453125,0.0024959375000000003,5.2333984375,19.043,
0,7,,,2.526092529296875,13.221435546875002,252.34375000000003,0.0025262500000000003,5.233984375,19.077,
0,7,,,2.5154113769531254,13.164062500000002,252.75390625000006,0.002515625,5.233984375,19.111,
0,7,,,2.5154113769531254,13.164062500000002,253.20312500000003,0.002515625,5.233984375,19.145,
0,7,,,2.4761199951171875,12.957763671875,253.65234375,0.00247625,5.233593750000001,19.179,
0,7,,,2.53143310546875,13.248291015625,254.12109375000003,0.0025315625000000004,5.2341796875,19.213,
0,7,,,2.53143310546875,13.248291015625,254.53125000000003,0.0025315625000000004,5.2341796875,19.247,
0,7,,,2.5177001953125,13.176269531250002,255.00000000000006,0.0025178125,5.233984375,19.281,
0,7,,,2.499771118164063,13.0859375,255.44921875000003,0.0025,5.234570312500001,19.315,
0,7,,,2.499771118164063,13.0859375,255.89843750000003,0.0025,5.234570312500001,19.349,
0,7,,,2.5043487548828125,13.104248046875002,256.34765625,0.002504375,5.233203125,19.383,
0,7,,,2.5272369384765625,13.226318359375002,256.77734375,0.0025275000000000002,5.233593750000001,19.417,
0,7,,,2.5272369384765625,13.226318359375002,257.22656250000006,0.0025275000000000002,5.2341796875,19.451,
0,7,,,2.5333404541015625,13.258056640625002,257.69531250000006,0.0025334375,5.2341796875,19.485,
0,7,,,2.497100830078125,13.068847656250002,258.14453125000006,0.0024971875000000003,5.2341796875,19.519,
0,7,,,2.497100830078125,13.068847656250002,258.55468750000006,0.0024971875000000003,5.2337890625000005,19.553,
0,7,,,2.5169372558593754,13.172607421875004,259.0234375,0.0025171875000000003,5.2337890625000005,19.587,
0,7,,,2.5432586669921875,13.312988281250002,259.47265625,0.0025434375,5.2349609375,19.621,
0,7,,,2.5432586669921875,13.312988281250002,259.921875,0.002464375,5.233593750000001,19.655,
0,7,,,2.463912963867188,12.895507812500002,260.33203125000006,0.002464375,5.233593750000001,19.689,
0,7,,,2.5394439697265625,13.289794921875,260.80078125000006,0.0025396875000000003,5.233593750000001,19.723,
0,7,,,2.5394439697265625,13.289794921875,261.26953125,0.0025846875,5.2337890625000005,19.757,
0,7,,,2.5844573974609375,13.525390625000002,261.73828125000006,0.0025846875,5.2337890625000005,19.791,
0,7,,,2.535247802734375,13.270263671875004,262.1875,0.002535625,5.234375,19.825,
0,7,,,2.535247802734375,13.270263671875004,262.6171875,0.0025509375000000003,5.233203125,19.859,
0,7,,,2.5508880615234375,13.348388671875002,263.08593750000006,0.0025509375000000003,5.233203125,19.893,
0,7,,,2.542877197265625,13.3056640625,263.53515625000006,0.0025431250000000002,5.232617187500001,19.927,
0,7,,,2.542877197265625,13.3056640625,264.00390625000006,0.0025375000000000003,5.2337890625000005,19.961,
0,7,,,2.5371551513671875,13.27880859375,264.41406250000006,0.0025375000000000003,5.2337890625000005,19.995,
0,7,,,2.5196075439453125,13.187255859375,264.8828125,0.00252,5.233984375,20.029,
0,7,,,2.5196075439453125,13.187255859375,265.33203125,0.0025328125000000003,5.234570312500001,20.063,
0,7,,,2.532958984375,13.256835937500002,265.78125,0.0025328125000000003,5.234570312500001,20.097,
0,7,,,2.5218963623046875,13.197021484375002,266.2109375,0.0025218750000000002,5.2333984375,20.131,
0,7,,,2.536392211914063,13.276367187500002,266.66015625000006,0.0025365625,5.2347656250000005,20.165,
0,7,,,2.536392211914063,13.276367187500002,267.10937500000006,0.0025365625,5.2347656250000005,20.199,
0,7,,,2.442550659179688,12.781982421875004,267.55859375,0.0024425000000000002,5.2333984375,20.233,
0,7,,,2.4620056152343754,12.882080078125,267.96875000000006,0.0024621875000000004,5.2328125000000005,20.267,
0,7,,,2.4620056152343754,12.882080078125,268.41796875000006,0.0024621875000000004,5.2328125000000005,20.301,
0,7,,,2.4902343750000004,13.032226562500002,268.86718750000006,0.0024903125000000003,5.2341796875,20.335,
0,7,,,2.5382995605468754,13.287353515625002,269.3359375,0.0025384375000000003,5.23515625,20.369,
0,7,,,2.5382995605468754,13.287353515625002,269.78515625000006,0.0025384375000000003,5.23515625,20.403,
0,7,,,2.4837493896484375,13.001708984375002,270.1953125,0.0024840625,5.2347656250000005,20.437,
0,7,,,2.4929046630859375,13.048095703125002,270.64453125000006,0.002493125,5.2341796875,20.471,
0,7,,,2.4929046630859375,13.048095703125002,271.09375,0.002493125,5.2341796875,20.505,
0,7,,,2.4723052978515625,12.939453125,271.54296875000006,0.0024725000000000003,5.233984375,20.539,
0,7,,,2.5154113769531254,13.166503906250002,271.99218750000006,0.002515625,5.2347656250000005,20.573,
0,7,,,2.5154113769531254,13.166503906250002,272.40234375,0.002515625,5.2347656250000005,20.607,
0,7,,,2.5028228759765625,13.096923828125002,272.87109375,0.0025028125000000003,5.2337890625000005,20.641,
0,7,,,2.5279998779296875,13.232421875,273.32031250000006,0.0025284375000000003,5.234570312500001,20.675,
0,7,,,2.5279998779296875,13.232421875,273.78906250000006,0.0025284375000000003,5.234570312500001,20.709,
0,7,,,2.536773681640625,13.276367187500002,274.19921875000006,0.0025371875000000004,5.233593750000001,20.743,
0,7,,,2.532577514648438,13.258056640625002,274.66796875000006,0.0025328125000000003,5.235546875000001,20.777,
0,7,,,2.532577514648438,13.258056640625002,275.13671875,0.0025328125000000003,5.235546875000001,20.811,
0,7,,,2.5394439697265625,13.291015625,275.5859375,0.0025396875000000003,5.233593750000001,20.845,
0,7,,,2.5539398193359375,13.365478515625002,276.01562500000006,0.0025540625000000003,5.233593750000001,20.879,
0,7,,,2.5539398193359375,13.365478515625002,276.46484375,0.0025540625000000003,5.233593750000001,20.913,
0,7,,,2.4932861328125,13.050537109375004,276.91406250000006,0.0024934375,5.2341796875,20.947,
0,7,,,2.4940490722656254,13.052978515625,277.36328125000006,0.002494375,5.233593750000001,20.981,
0,7,,,2.4940490722656254,13.052978515625,277.79296875000006,0.002494375,5.233593750000001,21.015,
0,7,,,2.521133422851563,13.195800781250002,278.2421875,0.00252125,5.234570312500001,21.049,
0,7,,,2.4749755859375004,12.9541015625,278.67187500000006,0.0024753125,5.2341796875,21.083,
0,7,,,2.4749755859375004,12.9541015625,279.14062500000006,0.0024753125,5.2341796875,21.117,
0,7,,,2.4810791015625004,12.98583984375,279.58984375,0.0024812500000000004,5.234375,21.151,
0,7,,,2.527618408203125,13.22998046875,280.0,0.0025278125,5.234570312500001,21.185,
0,7,,,2.527618408203125,13.22998046875,280.44921875,0.0025278125,5.234375,21.219,
0,7,,,2.490615844726563,13.037109375000002,280.89843750000006,0.0024909375,5.234375,21.253,
0,7,,,2.4517059326171875,12.829589843750002,281.34765625,0.002451875,5.233203125,21.287,
0,7,,,2.4517059326171875,12.829589843750002,281.75781250000006,0.002451875,5.2330078125,21.321,
0,7,,,2.484130859375,12.998046875,282.20703125,0.0024840625,5.2330078125,21.355,
0,7,,,2.5424957275390625,13.3056640625,282.67578125000006,0.0025425,5.233984375,21.389,
0,7,,,2.5424957275390625,13.3056640625,283.125,0.0024756250000000004,5.2341796875,21.423,
0,7,,,2.475357055664063,12.955322265625,283.53515625000006,0.0024756250000000004,5.2341796875,21.457,
0,7,,,2.517318725585938,13.17138671875,284.00390625000006,0.0025175,5.2330078125,21.492,
0,7,,,2.517318725585938,13.17138671875,284.45312500000006,0.0025428125000000004,5.2341796875,21.526,
0,7,,,2.542877197265625,13.308105468750002,284.90234375,0.0025428125000000004,5.2341796875,21.56,
0,7,,,2.489471435546875,13.028564453125,285.37109375,0.0024896875,5.233984375,21.594,
0,7,,,2.489471435546875,13.028564453125,285.8203125,0.0024868750000000004,5.234375,21.628,
0,7,,,2.486801147460938,13.016357421875,286.23046875,0.0024868750000000004,5.234375,21.662,
0,7,,,2.5180816650390625,13.182373046875002,286.67968750000006,0.0025184375000000003,5.2349609375,21.696,
0,7,,,2.5180816650390625,13.182373046875002,287.1484375,0.0025128125000000003,5.2349609375,21.729,
0,7,,,2.512359619140625,13.151855468750002,287.59765625,0.0025128125000000003,5.2349609375,21.763,
0,7,,,2.5169372558593754,13.175048828125,288.0078125,0.0025171875000000003,5.234570312500001,21.797,
0,7,,,2.5169372558593754,13.251953125000002,288.47656250000006,0.0025318750000000003,5.2349609375,21.831,
0,7,,,2.5318145751953125,13.251953125000002,288.92578125000006,0.0025318750000000003,5.2349609375,21.865,
0,7,,,2.5421142578125004,13.3056640625,289.39453125000006,0.0025425,5.233984375,21.899,
0,7,,,2.4890899658203125,13.028564453125,289.80468750000006,0.0024893750000000003,5.234570312500001,21.933,
0,7,,,2.4890899658203125,13.028564453125,290.25390625,0.0024893750000000003,5.234570312500001,21.967,
0,7,,,2.5207519531250004,13.192138671875002,290.72265625,0.00252125,5.2333984375,22.001,
0,7,,,2.5279998779296875,13.22998046875,291.171875,0.002528125,5.2337890625000005,22.035,
0,7,,,2.5279998779296875,13.22998046875,291.58203125000006,0.002528125,5.2337890625000005,22.069,
0,7,,,2.484130859375,13.002929687500002,292.03125,0.002484375,5.234375,22.103,
0,7,,,2.4967193603515625,13.066406250000002,292.50000000000006,0.0024968750000000004,5.233203125,22.137,
0,7,,,2.4967193603515625,13.066406250000002,292.94921875,0.0024968750000000004,5.233203125,22.171,
0,7,,,2.5676727294921875,13.439941406250002,293.37890625,0.0025678125,5.234570312500001,22.205,
0,7,,,2.4566650390625,12.857666015625,293.80859375000006,0.0024568750000000003,5.2333984375,22.239,
0,7,,,2.4566650390625,12.857666015625,294.27734375000006,0.0024568750000000003,5.2333984375,22.273,
0,7,,,2.5577545166015625,13.386230468750004,294.74609375000006,0.0025578125,5.2341796875,22.307,
0,7,,,2.4993896484375,13.081054687500004,295.19531250000006,0.0024993750000000003,5.233984375,22.341,
0,7,,,2.4993896484375,13.081054687500004,295.60546875,0.0024993750000000003,5.233984375,22.375,
0,7,,,2.4963378906250004,13.062744140625002,296.0546875,0.00249625,5.233203125,22.409,
0,7,,,2.5089263916015625,13.133544921875002,296.50390625000006,0.0025090625,5.2349609375,22.443,
0,7,,,2.5089263916015625,13.133544921875002,296.97265625,0.0025090625,5.2349609375,22.477,
0,7,,,2.533721923828125,13.25927734375,297.38281250000006,0.0025337500000000004,5.233593750000001,22.511,
0,7,,,2.503585815429688,13.104248046875002,297.8515625,0.0025037500000000003,5.233984375,22.546,
0,7,,,2.503585815429688,13.104248046875002,298.30078125000006,0.0025037500000000003,5.233984375,22.58,
0,7,,,2.5119781494140625,13.148193359375004,298.75,0.0025121875,5.2347656250000005,22.614,
0,7,,,2.49176025390625,13.041992187500002,299.19921875000006,0.002491875,5.2341796875,22.648,
0,7,,,2.49176025390625,13.041992187500002,299.62890625000006,0.002491875,5.2341796875,22.682,
0,7,,,2.5279998779296875,13.22998046875,300.07812500000006,0.002528125,5.233593750000001,22.716,
0,7,,,2.52227783203125,13.203125000000004,300.52734375,0.0025225,5.23515625,22.75,
0,7,,,2.52227783203125,13.203125000000004,300.97656250000006,0.0025225,5.23515625,22.784,
0,7,,,2.4581909179687504,12.867431640625004,301.38671875000006,0.0024584375,5.234375,22.817,
0,7,,,2.50091552734375,13.089599609375,301.85546875,0.00250125,5.234375,22.851,
0,7,,,2.50091552734375,13.089599609375,302.30468750000006,0.00250125,5.234375,22.885,
0,7,,,2.504730224609375,13.1103515625,302.75390625000006,0.0025050000000000003,5.2341796875,22.919,
0,7,,,2.54058837890625,13.295898437500002,303.18359375000006,0.0025406250000000003,5.2341796875,22.953,
0,7,,,2.54058837890625,13.295898437500002,303.61328125000006,0.0025406250000000003,5.233593750000001,22.987,
0,7,,,2.471923828125,12.935791015625002,304.08203125000006,0.0024721875,5.233593750000001,23.021,
0,7,,,2.5577545166015625,13.386230468750004,304.55078125000006,0.0025578125,5.2337890625000005,23.055,
0,7,,,2.5577545166015625,13.386230468750004,305.00000000000006,0.0025578125,5.233203125,23.089,
0,7,,,2.515029907226563,13.161621093750002,305.41015625,0.0025153125,5.233203125,23.123,
0,7,,,2.502059936523438,13.094482421875002,305.87890625,0.0025021875,5.2333984375,23.157,
0,7,,,2.502059936523438,13.094482421875002,306.30859375000006,0.0024768750000000003,5.2330078125,23.191,
0,7,,,2.476882934570313,12.960205078125002,306.75781250000006,0.0024768750000000003,5.2330078125,23.225,
0,7,,,2.44598388671875,12.799072265625002,307.16796875,0.0024459375,5.233203125,23.259,
0,7,,,2.44598388671875,12.799072265625002,307.6171875,0.0025003125000000004,5.2333984375,23.293,
0,7,,,2.5001525878906254,13.08349609375,308.06640625000006,0.0025003125000000004,5.2333984375,23.327,
0,7,,,2.45513916015625,12.847900390625,308.51562500000006,0.0024553125,5.233203125,23.361,
0,7,,,2.45513916015625,12.847900390625,308.92578125000006,0.0024971875000000003,5.233593750000001,23.395,
0,7,,,2.497100830078125,13.068847656250002,309.375,0.0024971875000000003,5.233593750000001,23.429,
0,7,,,2.530288696289063,13.245849609375002,309.84375000000006,0.0025306250000000003,5.2347656250000005,23.463,
0,7,,,2.530288696289063,13.245849609375002,310.31250000000006,0.0025584375000000004,5.2341796875,23.497,
0,7,,,2.558135986328125,13.389892578125002,310.74218750000006,0.0025584375000000004,5.2341796875,23.531,
0,7,,,2.5348663330078125,13.26904296875,311.17187500000006,0.0025350000000000004,5.2347656250000005,23.565,
0,7,,,2.5348663330078125,12.75390625,311.62109375,0.0024371875,5.233593750000001,23.6,
0,7,,,2.437210083007813,12.75390625,312.08984375000006,0.0024371875,5.233593750000001,23.634,
0,7,,,2.5432586669921875,13.311767578125002,312.5390625,0.0025434375,5.233984375,23.668,
0,7,,,2.4852752685546875,13.007812500000002,312.94921875000006,0.002485625,5.2337890625000005,23.702,
0,7,,,2.4852752685546875,13.007812500000002,313.41796875000006,0.002485625,5.2337890625000005,23.736,
0,7,,,2.545166015625,13.321533203125,313.86718750000006,0.0025453125000000003,5.2341796875,23.77,
0,7,,,2.5386810302734375,13.287353515625002,314.33593750000006,0.00253875,5.234375,23.804,
0,7,,,2.5386810302734375,13.287353515625002,314.78515625000006,0.00253875,5.234375,23.838,
0,7,,,2.45513916015625,12.847900390625,315.17578125,0.0024553125,5.233593750000001,23.872,
0,7,,,2.510833740234375,13.138427734375,315.64453125,0.0025109375,5.233203125,23.906,
0,7,,,2.510833740234375,13.138427734375,316.11328125000006,0.0025109375,5.233203125,23.94,
0,7,,,2.549362182617188,13.343505859375002,316.56250000000006,0.002549375,5.234570312500001,23.973,
0,7,,,2.457427978515625,12.861328125000002,316.97265625000006,0.0024575,5.233984375,24.007,
0,7,,,2.457427978515625,12.861328125000002,317.421875,0.0024575,5.233984375,24.041,
0,7,,,2.4993896484375,13.08349609375,317.87109375,0.0024996875,5.234570312500001,24.075,
0,7,,,2.50244140625,13.096923828125002,318.32031250000006,0.0025028125000000003,5.2337890625000005,24.109,
0,7,,,2.50244140625,13.096923828125002,318.75000000000006,0.0025028125000000003,5.2337890625000005,24.143,
0,7,,,2.5676727294921875,13.438720703125002,319.21875000000006,0.002568125,5.2337890625000005,24.177,
0,7,,,2.467727661132813,12.915039062500002,319.64843750000006,0.0024678125000000004,5.233984375,24.211,
0,7,,,2.467727661132813,12.915039062500002,320.09765625000006,0.0024678125000000004,5.233984375,24.245,
0,7,,,2.4696350097656254,12.923583984375,320.50781250000006,0.0024696875,5.233593750000001,24.279,
0,7,,,2.5001525878906254,13.087158203125004,320.97656250000006,0.0025003125000000004,5.2347656250000005,24.313,
0,7,,,2.5001525878906254,13.087158203125004,321.42578125000006,0.0025003125000000004,5.2347656250000005,24.347,
0,7,,,2.537918090820313,13.283691406250002,321.875,0.002538125,5.2337890625000005,24.381,
0,7,,,2.526092529296875,13.222656250000002,322.3046875,0.0025262500000000003,5.234570312500001,24.415,
0,7,,,2.526092529296875,13.222656250000002,322.77343750000006,0.0025262500000000003,5.234570312500001,24.449,
0,7,,,2.534103393554688,13.2666015625,323.20312500000006,0.002534375,5.235546875000001,24.483,
0,7,,,2.495574951171875,13.060302734375002,323.67187500000006,0.0024959375000000003,5.2333984375,24.517,
0,7,,,2.495574951171875,13.060302734375002,324.14062500000006,0.0024959375000000003,5.2333984375,24.551,
0,7,,,2.537918090820313,13.284912109375,324.55078125000006,0.0025384375000000003,5.234570312500001,24.585,
0,7,,,2.552032470703125,13.360595703125,325.01953125000006,0.0025525,5.23515625,24.619,
0,7,,,2.552032470703125,13.360595703125,325.46875000000006,0.0025525,5.23515625,24.654,
0,7,,,2.475738525390625,12.956542968750002,325.93750000000006,0.00247625,5.2333984375,24.688,
0,7,,,2.559280395507813,13.394775390625,326.38671875,0.002559375,5.233984375,24.722,
0,7,,,2.559280395507813,13.394775390625,326.79687500000006,0.002559375,5.233593750000001,24.756,
0,8,,,2.4620056152343754,12.884521484375002,328.59375,0.0024621875000000004,5.233593750000001,24.89,
0,8,,,2.6592254638671875,13.916015625,329.06250000000006,0.0026593750000000003,5.2330078125,24.924,
0,8,,,2.6592254638671875,13.916015625,329.49218750000006,0.0026593750000000003,5.23203125,24.958,
0,8,,,2.6363372802734375,13.792724609375002,329.98046875000006,0.00263625,5.23203125,24.992,
0,8,,,2.6351928710937504,13.787841796875,330.44921875000006,0.0026356250000000004,5.232421875,25.026,
0,8,,,2.6351928710937504,13.787841796875,330.91796875000006,0.0026228125,5.2328125000000005,25.06,
0,8,,,2.6226043701171875,13.723144531250002,331.40625000000006,0.0026228125,5.2328125000000005,25.094,
0,8,,,2.6233673095703125,13.725585937500002,331.8359375,0.0026234375000000003,5.2322265625,25.128,
0,8,,,2.6233673095703125,13.725585937500002,332.32421875,0.00263875,5.2322265625,25.162,
0,8,,,2.6386260986328125,13.804931640625002,332.79296875000006,0.00263875,5.2322265625,25.196,
0,8,,,2.6172637939453125,13.692626953125002,333.26171875000006,0.0026171875,5.2322265625,25.23,
0,8,,,2.6172637939453125,13.692626953125002,333.69140625000006,0.0026312500000000003,5.2322265625,25.264,
0,8,,,2.6309967041015625,13.765869140625002,334.17968750000006,0.0026312500000000003,5.2322265625,25.298,
0,8,,,2.628326416015625,13.751220703125,334.64843750000006,0.0026284375,5.232617187500001,25.332,
0,8,,,2.628326416015625,13.751220703125,335.13671875000006,0.0026256250000000004,5.232617187500001,25.366,
0,8,,,2.625274658203125,13.736572265625,335.56640625000006,0.0026256250000000004,5.232617187500001,25.4,
0,8,,,2.6336669921875004,13.778076171875,336.03515625,0.0026340625,5.231640625000001,25.434,
0,8,,,2.6336669921875004,13.778076171875,336.5234375,0.0026209375,5.2318359375000005,25.468,
0,8,,,2.620697021484375,13.710937500000002,336.99218750000006,0.0026209375,5.2318359375000005,25.502,
0,8,,,2.6309967041015625,13.765869140625002,337.42187500000006,0.0026312500000000003,5.2322265625,25.536,
0,8,,,2.6336669921875004,13.779296875,337.91015625000006,0.0026340625,5.23203125,25.57,
0,8,,,2.6336669921875004,13.779296875,338.37890625,0.0026340625,5.23203125,25.604,
0,8,,,2.634429931640625,13.784179687500002,338.8671875,0.0026346875000000003,5.232421875,25.638,
0,8,,,2.6302337646484375,13.762207031250002,339.29687500000006,0.002630625,5.2322265625,25.672,
0,8,,,2.6302337646484375,13.762207031250002,339.76562500000006,0.002630625,5.2322265625,25.706,
0,8,,,2.6214599609375,13.715820312500002,340.25390625000006,0.0026215625,5.232421875,25.74,
0,8,,,2.6351928710937504,13.787841796875,340.72265625000006,0.0026353125,5.2322265625,25.774,
0,8,,,2.6351928710937504,13.787841796875,341.21093750000006,0.0026353125,5.2322265625,25.808,
0,8,,,2.6386260986328125,13.806152343750002,341.67968750000006,0.00263875,5.232421875,25.842,
0,8,,,2.6340484619140625,13.78173828125,342.10937500000006,0.0026340625,5.232421875,25.876,
0,8,,,2.6340484619140625,13.78173828125,342.59765625000006,0.0026340625,5.232421875,25.91,
0,8,,,2.616500854492188,13.690185546875,343.06640625,0.0026165625000000004,5.232617187500001,25.944,
0,8,,,2.6275634765625004,13.74755859375,343.53515625000006,0.0026278125000000004,5.2322265625,25.978,
0,8,,,2.6275634765625004,13.74755859375,343.984375,0.0026278125000000004,5.2322265625,26.012,
0,8,,,2.6309967041015625,13.765869140625002,344.453125,0.0026312500000000003,5.2322265625,26.046,
0,8,,,2.6260375976562504,13.739013671875002,344.92187500000006,0.00262625,5.2322265625,26.08,
0,8,,,2.6260375976562504,13.739013671875002,345.41015625000006,0.00262625,5.2322265625,26.114,
0,8,,,2.6348114013671875,13.782958984375004,345.83984375000006,0.002635,5.2318359375000005,26.148,
0,8,,,2.6363372802734375,13.792724609375002,346.32812500000006,0.0026365625,5.23203125,26.182,
0,8,,,2.6363372802734375,13.792724609375002,346.79687500000006,0.0026365625,5.23203125,26.216,
0,8,,,2.6325225830078125,13.773193359375,347.28515625000006,0.0026328125,5.2322265625,26.25,
0,8,,,2.6313781738281254,13.76708984375,347.75390625,0.0026312500000000003,5.232617187500001,26.284,
0,8,,,2.6313781738281254,13.76708984375,348.18359375,0.0026312500000000003,5.232617187500001,26.318,
0,8,,,2.63671875,13.796386718750002,348.671875,0.0026368750000000003,5.232617187500001,26.352,
0,8,,,2.648162841796875,13.85498046875,349.14062500000006,0.0026484375,5.23203125,26.386,
0,8,,,2.648162841796875,13.85498046875,349.62890625000006,0.0026484375,5.23203125,26.42,
0,8,,,2.634429931640625,13.784179687500002,350.05859375000006,0.0026346875000000003,5.232421875,26.454,
0,8,,,2.632904052734375,13.775634765625002,350.54687500000006,0.002633125,5.232617187500001,26.488,
0,8,,,2.632904052734375,13.775634765625002,351.01562500000006,0.002633125,5.232617187500001,26.522,
0,8,,,2.6275634765625004,13.74755859375,351.48437500000006,0.0026278125000000004,5.2322265625,26.556,
0,8,,,2.630615234375,13.763427734375,351.93359375000006,0.002630625,5.232617187500001,26.59,
0,8,,,2.630615234375,13.763427734375,352.40234375000006,0.002630625,5.23203125,26.624,
0,8,,,2.633285522460938,13.776855468750002,352.87109375000006,0.0026334375000000004,5.23203125,26.658,
0,8,,,2.635574340820313,13.789062500000004,353.35937500000006,0.0026359375000000003,5.2322265625,26.692,
0,8,,,2.635574340820313,13.789062500000004,353.78906250000006,0.0026359375000000003,5.23203125,26.726,
0,8,,,2.631759643554688,13.768310546875002,354.27734375000006,0.002631875,5.23203125,26.76,
0,8,,,2.6309967041015625,13.764648437500002,354.74609375000006,0.0026312500000000003,5.2318359375000005,26.794,
0,8,,,2.6309967041015625,13.764648437500002,355.21484375,0.0026303125000000003,5.232617187500001,26.828,
0,8,,,2.6302337646484375,13.762207031250002,355.703125,0.0026303125000000003,5.232617187500001,26.862,
0,8,,,2.6233673095703125,13.726806640625,356.13281250000006,0.0026234375000000003,5.2328125000000005,26.896,
0,8,,,2.6233673095703125,13.726806640625,356.62109375000006,0.002650625,5.23203125,26.93,
0,8,,,2.6504516601562504,13.865966796875002,357.08984375000006,0.002650625,5.23203125,26.964,
0,8,,,2.627944946289063,13.751220703125,357.57812500000006,0.0026281250000000003,5.2330078125,26.998,
0,8,,,2.627944946289063,13.751220703125,358.04687500000006,0.0026371875,5.232617187500001,27.032,
0,8,,,2.637100219726563,13.797607421875,358.47656250000006,0.0026371875,5.232617187500001,27.066,
0,8,,,2.63214111328125,13.773193359375,358.96484375000006,0.0026325000000000003,5.232617187500001,27.1,
0,8,,,2.63214111328125,13.773193359375,359.43359375000006,0.002641875,5.232617187500001,27.134,
0,8,,,2.6416778564453125,13.822021484375,359.92187500000006,0.002641875,5.232617187500001,27.168,
0,8,,,2.6397705078125,13.809814453125,360.390625,0.0026396875,5.2322265625,27.203,
0,8,,,2.6348114013671875,13.786621093750002,360.8203125,0.002635,5.232617187500001,27.238,
0,8,,,2.6348114013671875,13.786621093750002,361.30859375,0.002635,5.232617187500001,27.271,
0,8,,,2.633285522460938,13.779296875,361.77734375000006,0.0026337500000000002,5.232421875,27.305,
0,8,,,2.6454925537109375,13.841552734375002,362.26562500000006,0.0026456250000000004,5.2328125000000005,27.339,
0,8,,,2.6454925537109375,13.841552734375002,362.73437500000006,0.0026456250000000004,5.2328125000000005,27.373,
0,8,,,2.6302337646484375,13.760986328125,363.18359375000006,0.0026303125000000003,5.232617187500001,27.407,
0,8,,,2.632904052734375,13.775634765625002,363.65234375000006,0.0026328125,5.232617187500001,27.441,
0,8,,,2.632904052734375,13.775634765625002,364.12109375000006,0.0026328125,5.232617187500001,27.475,
0,8,,,2.618026733398438,13.698730468750002,364.60937500000006,0.0026181250000000002,5.2328125000000005,27.509,
0,8,,,2.6275634765625004,13.750000000000002,365.0390625,0.0026278125000000004,5.2330078125,27.543,
0,8,,,2.6275634765625004,13.750000000000002,365.52734375,0.0026278125000000004,5.2330078125,27.577,
0,8,,,2.635955810546875,13.79150390625,365.99609375000006,0.00263625,5.232421875,27.611,
0,8,,,2.626800537109375,13.745117187500002,366.46484375000006,0.0026268750000000003,5.2330078125,27.645,
0,8,,,2.626800537109375,13.745117187500002,366.9140625,0.0026268750000000003,5.2330078125,27.679,
0,8,,,2.6336669921875004,13.780517578125002,367.38281250000006,0.0026340625,5.232421875,27.713,
0,8,,,2.6271820068359375,13.74755859375,367.85156250000006,0.0026275,5.2330078125,27.747,
0,8,,,2.6271820068359375,13.74755859375,368.33984375000006,0.0026275,5.2330078125,27.781,
0,8,,,2.635955810546875,13.79150390625,368.76953125000006,0.00263625,5.232421875,27.815,
0,8,,,2.6298522949218754,13.760986328125,369.23828125,0.0026300000000000004,5.233203125,27.849,
0,8,,,2.6298522949218754,13.760986328125,369.7265625,0.0026300000000000004,5.233203125,27.883,
0,8,,,2.6260375976562504,13.741455078125002,370.19531250000006,0.00262625,5.2328125000000005,27.918,
0,8,,,2.6275634765625004,13.74755859375,370.68359375000006,0.0026278125000000004,5.232421875,27.952,
0,8,,,2.6275634765625004,13.74755859375,371.11328125000006,0.0026278125000000004,5.232421875,27.986,
0,8,,,2.627944946289063,13.751220703125,371.58203125,0.0026281250000000003,5.2330078125,28.02,
0,8,,,2.6275634765625004,13.74755859375,372.0703125,0.0026278125000000004,5.232421875,28.054,
0,8,,,2.6275634765625004,13.74755859375,372.5390625,0.0026278125000000004,5.232421875,28.088,
0,8,,,2.6287078857421875,13.753662109375002,373.02734375,0.00262875,5.2328125000000005,28.122,
0,8,,,2.6298522949218754,13.760986328125,373.45703125000006,0.0026300000000000004,5.232617187500001,28.156,
0,8,,,2.6298522949218754,13.760986328125,373.92578125000006,0.0026300000000000004,5.232617187500001,28.189,
0,8,,,2.6195526123046875,13.704833984375002,374.39453125000006,0.0026196875,5.2318359375000005,28.223,
0,8,,,2.635574340820313,13.790283203125002,374.88281250000006,0.0026356250000000004,5.2328125000000005,28.257,
0,8,,,2.635574340820313,13.790283203125002,375.31250000000006,0.0026356250000000004,5.232617187500001,28.291,
0,8,,,2.626800537109375,13.745117187500002,375.78125,0.0026271875,5.232617187500001,28.325,
0,8,,,2.6199340820312504,13.708496093750002,376.26953125,0.0026200000000000004,5.2328125000000005,28.359,
0,8,,,2.6199340820312504,13.708496093750002,376.73828125000006,0.0026200000000000004,5.232617187500001,28.393,
0,8,,,2.6302337646484375,13.762207031250002,377.16796875,0.0026303125000000003,5.232617187500001,28.427,
0,8,,,2.6287078857421875,13.7548828125,377.65625,0.00262875,5.2330078125,28.461,
0,8,,,2.6287078857421875,13.7548828125,378.12500000000006,0.002625,5.232617187500001,28.495,
0,8,,,2.6248931884765625,13.734130859375002,378.61328125000006,0.002625,5.232617187500001,28.529,
0,8,,,2.634429931640625,13.785400390625,379.04296875000006,0.0026346875000000003,5.233203125,28.563,
0,8,,,2.634429931640625,13.785400390625,379.51171875000006,0.0026234375000000003,5.232617187500001,28.597,
0,8,,,2.6233673095703125,13.726806640625,380.00000000000006,0.0026234375000000003,5.232617187500001,28.631,
0,8,,,2.6386260986328125,13.806152343750002,380.46875,0.0026390625000000003,5.2322265625,28.665,
0,8,,,2.6386260986328125,13.806152343750002,380.8984375,0.0026243750000000004,5.232617187500001,28.699,
0,8,,,2.624130249023438,13.73046875,381.38671875,0.0026243750000000004,5.232617187500001,28.733,
0,8,,,2.620315551757813,13.710937500000002,381.85546875000006,0.002620625,5.2328125000000005,28.767,
0,8,,,2.620315551757813,13.710937500000002,382.3046875,0.0025103125000000004,5.234570312500001,28.801,
0,8,,,2.51007080078125,13.139648437500002,382.71484375000006,0.0025103125000000004,5.234570312500001,28.835,
0,8,,,2.49176025390625,13.041992187500002,383.16406250000006,0.002491875,5.2347656250000005,28.869,
0,8,,,2.49176025390625,12.928466796875004,383.61328125000006,0.0024700000000000004,5.23515625,28.903,
0,8,,,2.4696350097656254,12.928466796875004,384.06250000000006,0.0024700000000000004,5.23515625,28.937,
0,8,,,2.503585815429688,13.101806640625,384.51171875,0.0025037500000000003,5.233593750000001,28.971,
0,8,,,2.488327026367188,13.023681640625002,384.92187500000006,0.0024884375,5.233984375,29.005,
0,8,,,2.488327026367188,13.023681640625002,385.37109375000006,0.0024884375,5.233984375,29.039,
0,8,,,2.4993896484375,13.082275390625002,385.83984375,0.0024996875,5.2341796875,29.073,
0,8,,,2.5005340576171875,13.087158203125004,386.28906250000006,0.0025009375,5.2337890625000005,29.107,
0,8,,,2.5005340576171875,13.087158203125004,386.73828125000006,0.0025009375,5.2337890625000005,29.141,
0,8,,,2.498245239257813,13.076171875,387.14843750000006,0.0024984375000000002,5.233984375,29.175,
0,8,,,2.503204345703125,13.101806640625,387.61718750000006,0.0025034375,5.2341796875,29.209,
0,8,,,2.503204345703125,13.101806640625,388.06640625000006,0.0025034375,5.2341796875,29.243,
0,8,,,2.48565673828125,13.009033203125002,388.51562500000006,0.002485625,5.2341796875,29.277,
0,8,,,2.492141723632813,13.040771484375,388.92578125000006,0.0024921875,5.233203125,29.311,
0,8,,,2.492141723632813,13.040771484375,389.375,0.0024921875,5.233203125,29.345,
0,8,,,2.5081634521484375,13.127441406250002,389.82421875000006,0.0025081250000000004,5.234570312500001,29.379,
0,8,,,2.4925231933593754,13.043212890625002,390.29296875000006,0.0024925000000000004,5.2337890625000005,29.413,
0,8,,,2.4925231933593754,13.043212890625002,390.70312500000006,0.0024925000000000004,5.2337890625000005,29.447,
0,8,,,2.4913787841796875,13.038330078125002,391.15234375,0.0024915625000000003,5.233593750000001,29.481,
0,8,,,2.5001525878906254,13.088378906250002,391.6015625,0.0025006250000000002,5.2347656250000005,29.515,
0,8,,,2.5001525878906254,13.088378906250002,392.05078125000006,0.0025006250000000002,5.2347656250000005,29.549,
0,8,,,2.509689331054688,13.135986328125002,392.48046875000006,0.00251,5.2341796875,29.583,
0,8,,,2.4993896484375,13.08349609375,392.92968750000006,0.0024996875,5.234375,29.617,
0,8,,,2.4993896484375,13.08349609375,393.37890625000006,0.0024996875,5.234375,29.651,
0,8,,,2.504730224609375,13.111572265625004,393.82812500000006,0.0025050000000000003,5.2347656250000005,29.685,
0,8,,,2.4555206298828125,12.8515625,394.23828125000006,0.0024556250000000003,5.2337890625000005,29.719,
0,8,,,2.4555206298828125,12.8515625,394.68750000000006,0.0024556250000000003,5.2337890625000005,29.753,
0,8,,,2.51007080078125,13.134765625000002,395.13671875000006,0.00251,5.2333984375,29.787,
0,8,,,2.5001525878906254,13.084716796875002,395.58593750000006,0.0025003125000000004,5.233984375,29.821,
0,8,,,2.5001525878906254,13.084716796875002,395.99609375,0.0025003125000000004,5.233984375,29.855,
0,8,,,2.497100830078125,13.0712890625,396.46484375,0.0024975,5.2347656250000005,29.888,
0,8,,,2.502059936523438,13.094482421875002,396.91406250000006,0.0025025000000000004,5.2333984375,29.922,
0,8,,,2.502059936523438,13.094482421875002,397.36328125000006,0.0025025000000000004,5.2333984375,29.956,
0,8,,,2.5043487548828125,13.106689453125,397.79296875000006,0.002504375,5.2341796875,29.99,
0,8,,,2.508544921875,13.131103515625002,398.2421875,0.00250875,5.234570312500001,30.025,
0,8,,,2.508544921875,13.131103515625002,398.69140625000006,0.00250875,5.234375,30.059,
0,8,,,2.5348663330078125,13.267822265625002,399.16015625,0.0025350000000000004,5.234375,30.093,
0,8,,,2.5093078613281254,13.134765625000002,399.60937500000006,0.0025096875,5.234570312500001,30.127,
0,8,,,2.5093078613281254,13.134765625000002,400.05859375000006,0.0025096875,5.233984375,30.161,
0,8,,,2.4864196777343754,13.012695312500002,400.46875000000006,0.0024865625,5.233984375,30.195,
0,8,,,2.4967193603515625,13.066406250000002,400.93750000000006,0.0024968750000000004,5.233984375,30.229,
0,8,,,2.4967193603515625,13.066406250000002,401.38671875,0.0025106250000000003,5.2337890625000005,30.263,
0,8,,,2.5104522705078125,13.139648437500002,401.8359375,0.0025106250000000003,5.2337890625000005,30.297,
0,8,,,2.510833740234375,13.140869140625,402.24609375000006,0.0025109375,5.233984375,30.331,
0,8,,,2.510833740234375,13.140869140625,402.71484375000006,0.0025081250000000004,5.2347656250000005,30.365,
0,8,,,2.5077819824218754,13.127441406250002,403.1640625000001,0.0025081250000000004,5.2347656250000005,30.399,
0,8,,,2.4898529052734375,13.031005859375,403.61328125,0.00249,5.2337890625000005,30.433,
0,8,,,2.4898529052734375,13.031005859375,404.0234375,0.0024971875000000003,5.234570312500001,30.467,
0,8,,,2.497100830078125,13.070068359375002,404.47265625000006,0.0024971875000000003,5.234570312500001,30.501,
0,8,,,2.4936676025390625,13.051757812500002,404.9218750000001,0.0024940625,5.2341796875,30.535,
0,8,,,2.4936676025390625,13.051757812500002,405.390625,0.0025028125000000003,5.234570312500001,30.569,
0,8,,,2.50244140625,13.099365234375002,405.80078125000006,0.0025028125000000003,5.234570312500001,30.603,
0,8,,,2.507400512695313,13.123779296875002,406.25,0.0025075,5.2341796875,30.637,
0,8,,,2.507400512695313,13.028564453125,406.69921875000006,0.0024893750000000003,5.234570312500001,30.671,
0,8,,,2.4890899658203125,13.028564453125,407.16796875000006,0.0024893750000000003,5.234570312500001,30.705,
0,8,,,2.5001525878906254,13.084716796875002,407.57812500000006,0.0025003125000000004,5.233984375,30.739,
0,8,,,2.4978637695312504,13.073730468750002,408.02734375,0.0024981250000000003,5.2341796875,30.773,
0,8,,,2.4978637695312504,13.073730468750002,408.47656250000006,0.0024981250000000003,5.2341796875,30.806,
0,8,,,2.4837493896484375,13.001708984375002,408.92578125000006,0.0024840625,5.234375,30.84,
0,8,,,2.515029907226563,13.160400390625002,409.37500000000006,0.0025150000000000003,5.2333984375,30.874,
0,8,,,2.515029907226563,13.160400390625002,409.78515625,0.0025150000000000003,5.2333984375,30.908,
0,8,,,2.4898529052734375,13.029785156250002,410.25390625,0.00249,5.233593750000001,30.942,
0,8,,,2.5005340576171875,13.089599609375,410.70312500000006,0.0025006250000000002,5.2347656250000005,30.976,
0,8,,,2.5005340576171875,13.089599609375,411.15234375,0.0025006250000000002,5.2347656250000005,31.01,
0,8,,,2.480697631835938,12.983398437500002,411.56250000000006,0.0024809375,5.2341796875,31.044,
0,8,,,2.5054931640625004,13.116455078125,412.01171875000006,0.002505625,5.2349609375,31.079,
0,8,,,2.5054931640625004,13.116455078125,412.46093750000006,0.002505625,5.2349609375,31.113,
0,8,,,2.468109130859375,12.918701171875,412.91015625,0.0024684375,5.2341796875,31.147,
0,8,,,2.488327026367188,13.026123046875004,413.35937500000006,0.0024884375,5.2349609375,31.181,
0,8,,,2.488327026367188,13.026123046875004,413.76953125000006,0.0024884375,5.2349609375,31.215,
0,8,,,2.50244140625,13.096923828125002,414.23828125000006,0.0025025000000000004,5.2337890625000005,31.249,
0,8,,,2.499771118164063,13.0859375,414.6875000000001,0.0025,5.23515625,31.283,
0,8,,,2.499771118164063,13.0859375,415.13671875,0.0025,5.23515625,31.317,
0,8,,,2.5169372558593754,13.173828125000002,415.546875,0.0025171875000000003,5.2341796875,31.351,
0,8,,,2.5054931640625004,13.114013671875,415.99609375,0.002505625,5.2341796875,31.385,
0,8,,,2.5054931640625004,13.114013671875,416.46484375000006,0.002505625,5.2341796875,31.419,
0,8,,,2.4848937988281254,13.006591796875002,416.9140625,0.0024850000000000002,5.234570312500001,31.453,
0,8,,,2.4940490722656254,13.054199218750002,417.3242187500001,0.002494375,5.2341796875,31.487,
0,8,,,2.4940490722656254,13.054199218750002,417.7734375,0.002494375,5.2341796875,31.521,
0,8,,,2.513504028320313,13.15673828125,418.24218750000006,0.0025137500000000004,5.234570312500001,31.555,
0,8,,,2.5028228759765625,13.099365234375002,418.69140625000006,0.002503125,5.2341796875,31.589,
0,8,,,2.5028228759765625,13.099365234375002,419.10156250000006,0.002503125,5.2341796875,31.623,
0,8,,,2.4890899658203125,13.028564453125,419.55078125,0.0024893750000000003,5.234570312500001,31.656,
0,8,,,2.5093078613281254,13.133544921875002,420.00000000000006,0.0025096875,5.2337890625000005,31.69,
0,8,,,2.5093078613281254,13.133544921875002,420.46875000000006,0.0025096875,5.2337890625000005,31.724,
0,8,,,2.530288696289063,13.2421875,420.91796875,0.0025303125,5.234375,31.758,
0,8,,,2.4925231933593754,13.046875,421.32812500000006,0.0024925000000000004,5.2347656250000005,31.792,
0,8,,,2.4925231933593754,13.046875,421.77734375000006,0.0024925000000000004,5.2347656250000005,31.826,
0,8,,,2.4951934814453125,13.05908203125,422.22656250000006,0.0024953125,5.233984375,31.86,
0,8,,,2.5001525878906254,13.084716796875002,422.6953125000001,0.0025003125000000004,5.233593750000001,31.894,
0,8,,,2.5001525878906254,13.084716796875002,423.10546875000006,0.0025003125000000004,5.234570312500001,31.928,
0,8,,,2.5177001953125,13.179931640625002,423.57421875000006,0.0025181250000000004,5.234570312500001,31.962,
0,8,,,2.51007080078125,13.13720703125,424.02343750000006,0.0025103125000000004,5.2341796875,31.996,
0,8,,,2.51007080078125,13.13720703125,424.47265625000006,0.0025275000000000002,5.234375,32.03,
0,8,,,2.5272369384765625,13.227539062500002,424.88281250000006,0.0025275000000000002,5.234375,32.064,
0,8,,,2.486801147460938,13.01513671875,425.35156250000006,0.0024868750000000004,5.234375,32.098,
0,8,,,2.486801147460938,13.01513671875,425.78125,0.0024859375000000003,5.234375,32.133,
0,8,,,2.48565673828125,13.01025390625,426.25,0.0024859375000000003,5.234375,32.167,
0,8,,,2.518463134765625,13.182373046875002,426.69921875000006,0.00251875,5.2341796875,32.201,
0,8,,,2.518463134765625,13.182373046875002,427.10937500000006,0.00248625,5.233593750000001,32.235,
0,8,,,2.4860382080078125,13.01025390625,427.55859375,0.00248625,5.233593750000001,32.269,
0,8,,,2.47802734375,12.969970703125,428.00781250000006,0.0024781250000000003,5.234375,32.303,
0,8,,,2.47802734375,12.969970703125,428.47656250000006,0.0025150000000000003,5.233593750000001,32.337,
0,8,,,2.515029907226563,13.161621093750002,428.92578125,0.0025150000000000003,5.233593750000001,32.371,
0,8,,,2.5081634521484375,13.126220703125,429.3359375000001,0.0025081250000000004,5.2337890625000005,32.405,
0,8,,,2.5081634521484375,13.016357421875,429.78515625,0.0024871875000000002,5.2341796875,32.439,
0,8,,,2.486801147460938,13.016357421875,430.25390625000006,0.0024871875000000002,5.2341796875,32.473,
0,8,,,2.5299072265625,13.2421875,430.70312500000006,0.00253,5.234570312500001,32.507,
0,8,,,2.4887084960937504,13.027343750000002,431.11328125000006,0.0024890625000000004,5.234570312500001,32.541,
0,8,,,2.4887084960937504,13.027343750000002,431.5625,0.0024890625000000004,5.234570312500001,32.575,
0,8,,,2.4776458740234375,12.968750000000002,432.01171875000006,0.0024781250000000003,5.234375,32.609,
0,8,,,2.497100830078125,13.068847656250002,432.4609375000001,0.0024971875000000003,5.2341796875,32.643,
0,8,,,2.497100830078125,13.068847656250002,432.87109375000006,0.0024971875000000003,5.2341796875,32.677,
0,8,,,2.4890899658203125,13.026123046875004,433.33984375000006,0.0024890625000000004,5.233593750000001,32.711,
0,8,,,2.509689331054688,13.134765625000002,433.78906250000006,0.00251,5.2337890625000005,32.744,
0,8,,,2.509689331054688,13.134765625000002,434.23828125000006,0.00251,5.2337890625000005,32.778,
0,8,,,2.5169372558593754,13.172607421875004,434.64843750000006,0.002516875,5.233984375,32.812,
0,8,,,2.4902343750000004,13.031005859375,435.11718750000006,0.0024903125000000003,5.2333984375,32.846,
0,8,,,2.4902343750000004,13.031005859375,435.56640625,0.0024903125000000003,5.2333984375,32.88,
0,8,,,2.5066375732421875,13.118896484375002,436.015625,0.0025065625,5.234375,32.914,
0,8,,,2.522659301757813,13.204345703125002,436.42578125000006,0.0025228125000000003,5.234570312500001,32.948,
0,8,,,2.522659301757813,13.204345703125002,436.89453125000006,0.0025228125000000003,5.234570312500001,32.982,
0,8,,,2.50091552734375,13.088378906250002,437.3437500000001,0.00250125,5.233593750000001,33.016,
0,8,,,2.4929046630859375,13.048095703125002,437.79296875,0.002493125,5.2341796875,33.05,
0,8,,,2.4929046630859375,13.048095703125002,438.203125,0.002493125,5.2341796875,33.084,
0,8,,,2.5089263916015625,13.131103515625002,438.67187500000006,0.0025090625,5.234375,33.118,
0,8,,,2.4890899658203125,13.027343750000002,439.12109375000006,0.0024893750000000003,5.2337890625000005,33.152,
0,8,,,2.4890899658203125,13.027343750000002,439.5703125,0.0024893750000000003,5.2337890625000005,33.187,
0,8,,,2.535247802734375,13.270263671875004,440.01953125000006,0.002535625,5.234375,33.221,
0,8,,,2.482986450195313,12.995605468750004,440.48828125000006,0.0024834375000000004,5.233984375,33.255,
0,8,,,2.482986450195313,12.995605468750004,440.8984375,0.0024834375000000004,5.233984375,33.289,
0,8,,,2.4936676025390625,13.050537109375004,441.34765625000006,0.0024937500000000003,5.233593750000001,33.323,
0,8,,,2.5054931640625004,13.112792968750002,441.79687500000006,0.0025059375000000004,5.2337890625000005,33.357,
0,8,,,2.5054931640625004,13.112792968750002,442.24609375000006,0.0025059375000000004,5.2337890625000005,33.391,
0,8,,,2.484130859375,13.001708984375002,442.65625000000006,0.0024840625,5.234375,33.425,
0,8,,,2.521514892578125,13.1982421875,443.12500000000006,0.0025218750000000002,5.234375,33.459,
0,8,,,2.521514892578125,13.1982421875,443.57421875,0.0025218750000000002,5.234375,33.493,
0,8,,,2.5142669677734375,13.157958984375002,444.02343750000006,0.002514375,5.2337890625000005,33.527,
0,8,,,2.5089263916015625,13.131103515625002,444.453125,0.0025090625,5.234375,33.561,
0,8,,,2.5089263916015625,13.131103515625002,444.90234375000006,0.0025090625,5.2337890625000005,33.595,
0,8,,,2.5146484375,13.159179687500002,445.35156250000006,0.0025146875,5.2337890625000005,33.628,
0,8,,,2.5066375732421875,13.118896484375002,445.80078125,0.002506875,5.233593750000001,33.662,
0,8,,,2.5066375732421875,13.118896484375002,446.2109375,0.002506875,5.234375,33.696,
0,8,,,2.4902343750000004,13.03466796875,446.67968750000006,0.0024906250000000002,5.234375,33.73,
0,8,,,2.5016784667968754,13.095703125,447.12890625000006,0.0025021875,5.234570312500001,33.764,
0,8,,,2.5016784667968754,13.095703125,447.5976562500001,0.00251,5.234375,33.798,
0,8,,,2.51007080078125,13.13720703125,447.98828125000006,0.00251,5.234375,33.832,
0,8,,,2.5005340576171875,13.088378906250002,448.45703125,0.0025006250000000002,5.2347656250000005,33.866,
0,8,,,2.5005340576171875,13.088378906250002,448.90625000000006,0.0024925000000000004,5.23515625,33.9,
0,8,,,2.492141723632813,13.045654296875,449.3554687500001,0.0024925000000000004,5.23515625,33.934,
0,8,,,2.498245239257813,13.076171875,449.8046875,0.0024984375000000002,5.234375,33.968,
0,8,,,2.498245239257813,13.076171875,450.21484375,0.002491875,5.2349609375,34.002,
0,8,,,2.49176025390625,13.043212890625002,450.68359375,0.002491875,5.2349609375,34.036,
0,8,,,2.5028228759765625,13.100585937500002,451.13281250000006,0.0025028125000000003,5.2349609375,34.07,
0,8,,,2.5028228759765625,13.100585937500002,451.58203125,0.0025134375,5.234375,34.104,
0,8,,,2.5131225585937504,13.154296875000002,451.9921875000001,0.0025134375,5.234375,34.138,
0,8,,,2.4875640869140625,13.020019531250004,452.4609375,0.0024878125,5.234375,34.172,
0,8,,,2.4875640869140625,13.020019531250004,452.91015625000006,0.0024981250000000003,5.23515625,34.206,
0,8,,,2.4978637695312504,13.076171875,453.35937500000006,0.0024981250000000003,5.23515625,34.241,
0,8,,,2.5230407714843754,13.206787109375002,453.80859375000006,0.0025234375,5.234375,34.275,
0,8,,,2.5051116943359375,13.1103515625,454.2382812500001,0.0025053125,5.233593750000001,34.309,
0,8,,,2.5051116943359375,13.1103515625,454.6875,0.0025053125,5.233593750000001,34.343,
0,8,,,2.4993896484375,13.082275390625002,455.13671875000006,0.0024996875,5.234570312500001,34.377,
0,8,,,2.5077819824218754,13.128662109375002,455.5859375,0.0025081250000000004,5.2349609375,34.411,
0,8,,,2.5077819824218754,13.128662109375002,456.01562500000006,0.0025081250000000004,5.2349609375,34.445,
0,8,,,2.5089263916015625,13.13232421875,456.46484375,0.0025090625,5.234570312500001,34.479,
0,8,,,2.5382995605468754,13.287353515625002,456.91406250000006,0.0025384375000000003,5.2353515625,34.513,
0,8,,,2.5382995605468754,13.287353515625002,457.38281250000006,0.0025384375000000003,5.2353515625,34.547,
0,8,,,2.4990081787109375,13.081054687500004,457.83203125,0.0024990625000000004,5.2349609375,34.581,
0,8,,,2.513885498046875,13.159179687500002,458.24218750000006,0.002514375,5.234375,34.615,
0,8,,,2.513885498046875,13.159179687500002,458.7109375,0.002514375,5.234375,34.649,
0,8,,,2.512359619140625,13.150634765625,459.16015625000006,0.0025125000000000004,5.2347656250000005,34.683,
0,8,,,2.510833740234375,13.14453125,459.6093750000001,0.0025109375,5.23515625,34.717,
0,8,,,2.510833740234375,13.14453125,460.01953125000006,0.0025109375,5.23515625,34.751,
0,8,,,2.490615844726563,13.037109375000002,460.46875,0.0024906250000000002,5.2349609375,34.785,
0,8,,,2.482986450195313,12.994384765625,460.91796875,0.002483125,5.233984375,34.819,
0,8,,,2.482986450195313,12.994384765625,461.38671875000006,0.002483125,5.233984375,34.853,
0,8,,,2.507400512695313,13.126220703125,461.79687500000006,0.0025078125,5.2349609375,34.886,
0,8,,,2.4860382080078125,13.011474609375002,462.2460937500001,0.0024859375000000003,5.234570312500001,34.92,
0,8,,,2.4860382080078125,13.011474609375002,462.6953125,0.0024859375000000003,5.234570312500001,34.954,
0,8,,,2.5238037109375,13.209228515625004,463.16406250000006,0.0025240625000000003,5.234375,34.988,
0,8,,,2.515029907226563,13.164062500000002,463.57421875000006,0.0025153125,5.234375,35.022,
0,8,,,2.515029907226563,13.164062500000002,464.02343750000006,0.0025153125,5.234375,35.057,
0,8,,,2.488327026367188,13.023681640625002,464.47265625,0.0024884375,5.233984375,35.091,
0,8,,,2.4967193603515625,13.067626953125002,464.92187500000006,0.0024971875000000003,5.2337890625000005,35.125,
0,8,,,2.4967193603515625,13.067626953125002,465.39062500000006,0.0024971875000000003,5.2337890625000005,35.159,
0,8,,,2.509689331054688,13.133544921875002,465.80078125,0.0025096875,5.233593750000001,35.193,
0,8,,,2.498245239257813,13.076171875,466.25000000000006,0.0024984375000000002,5.2347656250000005,35.227,
0,8,,,2.498245239257813,13.076171875,466.69921875000006,0.0024984375000000002,5.2347656250000005,35.261,
0,8,,,2.4772644042968754,12.966308593750002,467.14843750000006,0.0024775,5.2341796875,35.295,
0,8,,,2.5192260742187504,13.184814453125002,467.59765625,0.0025193750000000003,5.233984375,35.329,
0,8,,,2.5192260742187504,13.184814453125002,468.00781250000006,0.0025193750000000003,5.2337890625000005,35.363,
0,8,,,2.4822235107421875,12.989501953125004,468.4765625,0.0024821875,5.2337890625000005,35.397,
0,8,,,2.4978637695312504,13.076171875,468.92578125000006,0.0024981250000000003,5.2347656250000005,35.431,
0,8,,,2.4978637695312504,13.076171875,469.3750000000001,0.0025162500000000003,5.2341796875,35.465,
0,8,,,2.51617431640625,13.1689453125,469.78515625000006,0.0025162500000000003,5.2341796875,35.499,
0,8,,,2.482986450195313,12.995605468750004,470.25390625000006,0.002483125,5.234375,35.533,
0,8,,,2.482986450195313,12.995605468750004,470.703125,0.0025078125,5.233984375,35.567,
0,8,,,2.5077819824218754,13.125000000000002,471.15234375000006,0.0025078125,5.233984375,35.601,
0,8,,,2.5146484375,13.160400390625002,471.56250000000006,0.0025146875,5.233984375,35.635,
0,8,,,2.5146484375,13.160400390625002,472.0117187500001,0.0024915625000000003,5.2341796875,35.669,
0,8,,,2.4913787841796875,13.039550781250002,472.4609375,0.0024915625000000003,5.2341796875,35.703,
0,8,,,2.4784088134765625,12.972412109375002,472.92968750000006,0.00247875,5.233984375,35.737,
0,8,,,2.4784088134765625,12.972412109375002,473.37890625000006,0.0025046875000000004,5.2337890625000005,35.771,
0,8,,,2.5043487548828125,13.10791015625,473.78906250000006,0.0025046875000000004,5.2337890625000005,35.805,
0,8,,,2.4902343750000004,13.032226562500002,474.23828125,0.0024903125000000003,5.233984375,35.839,
0,8,,,2.4902343750000004,13.032226562500002,474.70703125,0.0025293750000000004,5.234375,35.873,
0,8,,,2.529144287109375,13.237304687500002,475.15625000000006,0.0025293750000000004,5.234375,35.907,
0,8,,,2.52532958984375,13.2177734375,475.56640625,0.002525625,5.234375,35.941,
0,8,,,2.4696350097656254,12.9248046875,476.01562500000006,0.0024700000000000004,5.2337890625000005,35.975,
0,8,,,2.4696350097656254,12.9248046875,476.46484375000006,0.0024700000000000004,5.2337890625000005,36.009,
0,8,,,2.465438842773438,12.90283203125,476.91406250000006,0.0024656250000000004,5.233984375,36.043,
0,8,,,2.50091552734375,13.089599609375,477.32421875000006,0.00250125,5.2337890625000005,36.077,
0,9,,,2.511215209960938,13.142089843750004,479.1406250000001,0.00251125,5.233984375,36.211,
0,9,,,2.625656127929688,13.735351562500002,479.609375,0.0026256250000000004,5.2318359375000005,36.245,
0,9,,,2.605438232421875,13.631591796875002,480.078125,0.0026056250000000003,5.232617187500001,36.279,
0,9,,,2.605438232421875,13.631591796875002,480.50781250000006,0.0026056250000000003,5.232617187500001,36.313,
0,9,,,2.625656127929688,13.736572265625,480.9765625000001,0.0026256250000000004,5.2322265625,36.347,
0,9,,,2.5966644287109375,13.587646484375002,481.4648437500001,0.0025971875,5.2328125000000005,36.381,
0,9,,,2.5966644287109375,13.587646484375002,481.93359375,0.0025971875,5.2328125000000005,36.415,
0,9,,,2.613067626953125,13.673095703125002,482.40234375,0.0026131250000000004,5.232617187500001,36.45,
0,9,,,2.6031494140625004,13.62060546875,482.83203125000006,0.0026031250000000004,5.232617187500001,36.484,
0,9,,,2.6031494140625004,13.62060546875,483.30078125000006,0.0026031250000000004,5.232617187500001,36.518,
0,9,,,2.6069641113281254,13.642578125000002,483.76953125000006,0.0026071875,5.233203125,36.552,
0,9,,,2.6119232177734375,13.665771484375,484.25781250000006,0.0026121875000000004,5.232421875,36.586,
0,9,,,2.6119232177734375,13.665771484375,484.6875000000001,0.0026121875000000004,5.232421875,36.62,
0,9,,,2.610397338867188,13.658447265625002,485.15625,0.002610625,5.2328125000000005,36.654,
0,9,,,2.602767944335938,13.619384765625002,485.62500000000006,0.0026031250000000004,5.2328125000000005,36.688,
0,9,,,2.602767944335938,13.619384765625002,486.11328125000006,0.0026031250000000004,5.2328125000000005,36.722,
0,9,,,2.625656127929688,13.737792968750002,486.54296875000006,0.0026256250000000004,5.2328125000000005,36.756,
0,9,,,2.6073455810546875,13.641357421875,487.01171875000006,0.0026075,5.232617187500001,36.79,
0,9,,,2.6073455810546875,13.641357421875,487.48046875000006,0.0026075,5.232617187500001,36.824,
0,9,,,2.5970458984375004,13.588867187500002,487.94921875000006,0.0025971875,5.232617187500001,36.858,
0,9,,,2.593994140625,13.57177734375,488.37890625,0.0025940625,5.232421875,36.892,
0,9,,,2.593994140625,13.57177734375,488.84765625000006,0.0025940625,5.232421875,36.926,
0,9,,,2.588653564453125,13.543701171875,489.31640625000006,0.0025887500000000003,5.232617187500001,36.959,
0,9,,,2.593994140625,13.57177734375,489.78515625000006,0.0025940625,5.232421875,36.994,
0,9,,,2.593994140625,13.57177734375,490.2539062500001,0.0025940625,5.232421875,37.028,
0,9,,,2.6119232177734375,13.665771484375,490.68359375000006,0.0026121875000000004,5.2322265625,37.062,
0,9,,,2.5997161865234375,13.602294921875,491.17187500000006,0.0026000000000000003,5.2322265625,37.096,
0,9,,,2.5997161865234375,13.602294921875,491.64062500000006,0.0026000000000000003,5.2322265625,37.13,
0,9,,,2.6092529296875,13.652343750000002,492.10937500000006,0.002609375,5.232421875,37.164,
0,9,,,2.5932312011718754,13.569335937500004,492.53906250000006,0.0025934375000000003,5.232421875,37.198,
0,9,,,2.5932312011718754,13.569335937500004,493.0078125000001,0.0025934375000000003,5.2328125000000005,37.232,
0,9,,,2.597808837890625,13.593750000000002,493.4765625000001,0.002598125,5.2328125000000005,37.266,
0,9,,,2.6226043701171875,13.720703125,493.9648437500001,0.0026228125,5.232421875,37.299,
0,9,,,2.6226043701171875,13.720703125,494.37500000000006,0.0026228125,5.232617187500001,37.333,
0,9,,,2.598953247070313,13.597412109375002,494.86328125000006,0.0025990625000000002,5.232617187500001,37.367,
0,9,,,2.603912353515625,13.624267578125002,495.33203125000006,0.0026040625,5.232421875,37.401,
0,9,,,2.603912353515625,13.624267578125002,495.80078125000006,0.0026140625,5.2322265625,37.435,
0,9,,,2.61383056640625,13.676757812500002,496.2304687500001,0.0026140625,5.2322265625,37.469,
0,9,,,2.6134490966796875,13.673095703125002,496.6992187500001,0.0026134375000000003,5.232617187500001,37.504,
0,9,,,2.6134490966796875,13.673095703125002,497.1875000000001,0.002605,5.232421875,37.538,
0,9,,,2.605056762695313,13.629150390625,497.65625,0.002605,5.232421875,37.572,
0,9,,,2.613067626953125,13.673095703125002,498.12500000000006,0.0026131250000000004,5.2328125000000005,37.606,
0,9,,,2.613067626953125,13.673095703125002,498.5546875000001,0.0026281250000000003,5.23203125,37.64,
0,9,,,2.627944946289063,13.74755859375,499.0429687500001,0.0026281250000000003,5.23203125,37.674,
0,9,,,2.59246826171875,13.566894531250002,499.51171875,0.0025928125,5.2330078125,37.708,
0,9,,,2.59246826171875,13.566894531250002,499.98046875,0.0026056250000000003,5.2322265625,37.742,
0,9,,,2.605438232421875,13.631591796875002,500.44921875000006,0.0026056250000000003,5.2322265625,37.776,
0,9,,,2.595138549804688,13.576660156250002,500.87890625,0.0025953125000000004,5.2322265625,37.81,
0,9,,,2.595138549804688,13.624267578125002,501.34765625,0.0026040625,5.232617187500001,37.844,
0,9,,,2.603912353515625,13.624267578125002,501.81640625,0.0026040625,5.232617187500001,37.878,
0,9,,,2.5943756103515625,13.575439453125004,502.28515625000006,0.0025946875,5.2328125000000005,37.912,
0,9,,,2.5878906250000004,13.541259765625,502.71484375000006,0.002588125,5.2322265625,37.945,
0,9,,,2.5878906250000004,13.541259765625,503.1835937500001,0.002588125,5.2322265625,37.979,
0,9,,,2.61383056640625,13.676757812500002,503.6523437500001,0.0026140625,5.232617187500001,38.013,
0,9,,,2.6035308837890625,13.623046875000002,504.1406250000001,0.0026040625,5.232617187500001,38.047,
0,9,,,2.6035308837890625,13.623046875000002,504.57031250000006,0.0026040625,5.232617187500001,38.081,
0,9,,,2.606582641601563,13.638916015625,505.03906250000006,0.0026065625000000004,5.233203125,38.115,
0,9,,,2.59246826171875,13.565673828125,505.5078125000001,0.0025928125,5.2330078125,38.149,
0,9,,,2.59246826171875,13.565673828125,505.9765625000001,0.0025928125,5.2330078125,38.183,
0,9,,,2.605438232421875,13.6328125,506.40625000000006,0.0026056250000000003,5.233203125,38.217,
0,9,,,2.6035308837890625,13.624267578125002,506.87500000000006,0.00260375,5.233203125,38.252,
0,9,,,2.6035308837890625,13.624267578125002,507.36328125000006,0.00260375,5.233203125,38.287,
0,9,,,2.601242065429688,13.612060546875002,507.87109375000006,0.0026012500000000003,5.233593750000001,38.323,
0,9,,,2.6237487792968754,13.73046875,508.33984375000006,0.0026240625,5.2330078125,38.357,
0,9,,,2.6237487792968754,13.73046875,508.76953125,0.0026240625,5.2330078125,38.391,
0,9,,,2.59857177734375,13.597412109375002,509.23828125000006,0.0025987500000000004,5.2328125000000005,38.424,
0,9,,,2.6111602783203125,13.662109375000002,509.72656250000006,0.0026112500000000003,5.2328125000000005,38.458,
0,9,,,2.6111602783203125,13.662109375000002,510.19531250000006,0.0026112500000000003,5.2328125000000005,38.492,
0,9,,,2.613067626953125,13.673095703125002,510.625,0.0026131250000000004,5.2328125000000005,38.526,
0,9,,,2.6081085205078125,13.64501953125,511.09375,0.002608125,5.2322265625,38.561,
0,9,,,2.6081085205078125,13.64501953125,511.56250000000006,0.002608125,5.2333984375,38.595,
0,9,,,2.6081085205078125,13.649902343750002,512.05078125,0.0026084375,5.2333984375,38.629,
0,9,,,2.59246826171875,13.568115234375,512.51953125,0.0025928125,5.233593750000001,38.663,
0,9,,,2.59246826171875,13.568115234375,512.9492187500001,0.0025928125,5.232617187500001,38.697,
0,9,,,2.5932312011718754,13.569335937500004,513.4179687500001,0.0025934375000000003,5.232617187500001,38.731,
0,9,,,2.605438232421875,13.6328125,513.8867187500001,0.0026056250000000003,5.2328125000000005,38.765,
0,9,,,2.605438232421875,13.6328125,514.35546875,0.0026212500000000003,5.2330078125,38.799,
0,9,,,2.6210784912109375,13.715820312500002,514.7851562500001,0.0026212500000000003,5.2330078125,38.833,
0,9,,,2.6123046875000004,13.668212890625002,515.2734375000001,0.0026125000000000002,5.232421875,38.867,
0,9,,,2.6123046875000004,13.668212890625002,515.7421875000001,0.0026053125000000004,5.233203125,38.901,
0,9,,,2.605056762695313,13.6328125,516.2109375,0.0026053125000000004,5.233203125,38.935,
0,9,,,2.6226043701171875,13.721923828125004,516.6406250000001,0.0026228125,5.232617187500001,38.969,
0,9,,,2.6226043701171875,13.721923828125004,517.1093750000001,0.002590625,5.2337890625000005,39.003,
0,9,,,2.5905609130859375,13.558349609375002,517.578125,0.002590625,5.2337890625000005,39.037,
0,9,,,2.5848388671875,13.526611328125002,518.046875,0.0025853125000000004,5.2328125000000005,39.071,
0,9,,,2.5848388671875,13.526611328125002,518.4765625000001,0.0025859375,5.2330078125,39.105,
0,9,,,2.585983276367188,13.531494140625002,518.9453125,0.0025859375,5.2330078125,39.139,
0,9,,,2.60162353515625,13.613281250000002,519.4140625,0.0026015625,5.233203125,39.173,
0,9,,,2.60162353515625,13.613281250000002,519.90234375,0.0025971875,5.2330078125,39.207,
0,9,,,2.5966644287109375,13.588867187500002,520.37109375,0.0025971875,5.2330078125,39.241,
0,9,,,2.60162353515625,13.613281250000002,520.8007812500001,0.002601875,5.233203125,39.275,
0,9,,,2.60162353515625,13.681640625,521.2695312500001,0.0026146875000000003,5.2333984375,39.309,
0,9,,,2.6145935058593754,13.681640625,521.7382812500001,0.0026146875000000003,5.2333984375,39.343,
0,9,,,2.5955200195312504,13.581542968750002,522.2070312500001,0.0025956250000000003,5.2328125000000005,39.377,
0,9,,,2.6084899902343754,13.651123046875,522.6367187500001,0.0026087500000000004,5.233203125,39.411,
0,9,,,2.6084899902343754,13.651123046875,523.1054687500001,0.0026087500000000004,5.233203125,39.445,
0,9,,,2.597808837890625,13.594970703125,523.5937500000001,0.002598125,5.2333984375,39.478,
0,9,,,2.602767944335938,13.62060546875,524.0625000000001,0.0026028125,5.2333984375,39.512,
0,9,,,2.602767944335938,13.62060546875,524.4921875,0.0026028125,5.2333984375,39.546,
0,9,,,2.6119232177734375,13.668212890625002,524.9609375000001,0.002611875,5.233203125,39.58,
0,9,,,2.6187896728515625,13.703613281250002,525.4296875000001,0.0026190625000000003,5.2330078125,39.615,
0,9,,,2.6187896728515625,13.703613281250002,525.9179687500001,0.0026190625000000003,5.2330078125,39.649,
0,9,,,2.6004791259765625,13.607177734375002,526.3867187500001,0.002600625,5.233203125,39.683,
0,9,,,2.6187896728515625,13.703613281250002,526.81640625,0.0026187500000000004,5.2333984375,39.717,
0,9,,,2.6187896728515625,13.703613281250002,527.28515625,0.0026187500000000004,5.2333984375,39.751,
0,9,,,2.610397338867188,13.65966796875,527.7539062500001,0.002610625,5.2330078125,39.785,
0,9,,,2.6119232177734375,13.668212890625002,528.2421875000001,0.0026121875000000004,5.2330078125,39.819,
0,9,,,2.6119232177734375,13.668212890625002,528.671875,0.0026121875000000004,5.2330078125,39.853,
0,9,,,2.5932312011718754,13.570556640625002,529.140625,0.0025934375000000003,5.233203125,39.887,
0,9,,,2.6020050048828125,13.616943359375002,529.609375,0.0026021875000000003,5.2330078125,39.921,
0,9,,,2.6020050048828125,13.616943359375002,530.0781250000001,0.0026021875000000003,5.2330078125,39.955,
0,9,,,2.6199340820312504,13.708496093750002,530.5468750000001,0.0026200000000000004,5.232617187500001,39.989,
0,9,,,2.6134490966796875,13.674316406250002,530.9960937500001,0.00261375,5.232617187500001,40.023,
0,9,,,2.6134490966796875,13.674316406250002,531.4648437500001,0.00261375,5.232617187500001,40.057,
0,9,,,2.6149749755859375,13.682861328125002,531.93359375,0.0026153125,5.232617187500001,40.091,
0,9,,,2.6145935058593754,13.680419921875002,532.4023437500001,0.0026146875000000003,5.232617187500001,40.125,
0,9,,,2.6145935058593754,13.680419921875002,532.8320312500001,0.0026146875000000003,5.232617187500001,40.159,
0,9,,,2.6004791259765625,13.605957031250004,533.30078125,0.002600625,5.232421875,40.193,
0,9,,,2.608871459960938,13.651123046875,533.7890625,0.0026090625000000003,5.232617187500001,40.227,
0,9,,,2.608871459960938,13.651123046875,534.2578125,0.0026090625000000003,5.232617187500001,40.261,
0,9,,,2.6035308837890625,13.623046875000002,534.6875000000001,0.00260375,5.232617187500001,40.295,
0,9,,,2.59857177734375,13.59619140625,535.15625,0.0025987500000000004,5.2322265625,40.329,
0,9,,,2.59857177734375,13.59619140625,535.625,0.0025987500000000004,5.2322265625,40.363,
0,9,,,2.61383056640625,13.676757812500002,536.11328125,0.0026140625,5.232421875,40.397,
0,9,,,2.613067626953125,13.670654296875002,536.5429687500001,0.0026131250000000004,5.232421875,40.431,
0,9,,,2.613067626953125,13.670654296875002,537.01171875,0.0026131250000000004,5.2322265625,40.465,
0,9,,,2.6096343994140625,13.653564453125002,537.48046875,0.0026100000000000003,5.2322265625,40.499,
0,9,,,2.62451171875,13.731689453125002,537.94921875,0.0026246875000000003,5.232421875,40.533,
0,9,,,2.62451171875,13.731689453125002,538.4375,0.0026246875000000003,5.2322265625,40.567,
0,9,,,2.5966644287109375,13.585205078125002,538.8671875000001,0.0025968750000000002,5.2322265625,40.601,
0,9,,,2.602767944335938,13.62060546875,539.3359375000001,0.0026031250000000004,5.2328125000000005,40.635,
0,9,,,2.602767944335938,13.62060546875,539.8046875000001,0.0025921875000000003,5.232421875,40.669,
0,9,,,2.5920867919921875,13.562011718750002,540.2734375000001,0.0025921875000000003,5.232421875,40.703,
0,9,,,2.5970458984375004,13.587646484375002,540.7421875000001,0.0025971875,5.2322265625,40.737,
0,9,,,2.5970458984375004,13.587646484375002,541.1718750000001,0.002600625,5.232617187500001,40.771,
0,9,,,2.6004791259765625,13.607177734375002,541.6406250000001,0.002600625,5.232617187500001,40.805,
0,9,,,2.613067626953125,13.671875,542.1289062500001,0.0026131250000000004,5.232617187500001,40.839,
0,9,,,2.613067626953125,13.671875,542.5976562500001,0.002619375,5.2328125000000005,40.873,
0,9,,,2.619171142578125,13.7060546875,543.0273437500001,0.002619375,5.2328125000000005,40.907,
0,9,,,2.6081085205078125,13.646240234375002,543.4960937500001,0.002608125,5.232617187500001,40.941,
0,9,,,2.6081085205078125,13.646240234375002,543.9648437500001,0.0026156250000000003,5.2330078125,40.975,
0,9,,,2.6153564453125,13.6865234375,544.4531250000001,0.0026156250000000003,5.2330078125,41.009,
0,9,,,2.598953247070313,13.599853515625004,544.8828125,0.002599375,5.2330078125,41.043,
0,9,,,2.6123046875000004,13.66943359375,545.3515625,0.0026125000000000002,5.232617187500001,41.077,
0,9,,,2.6123046875000004,13.66943359375,545.8203125000001,0.0026125000000000002,5.232617187500001,41.111,
0,9,,,2.612686157226563,13.670654296875002,546.2890625,0.0026128125,5.2322265625,41.145,
0,9,,,2.605056762695313,13.630371093750004,546.77734375,0.0026053125000000004,5.232421875,41.179,
0,9,,,2.605056762695313,13.630371093750004,547.1875,0.0026053125000000004,5.232421875,41.213,
0,9,,,2.6081085205078125,13.646240234375002,547.67578125,0.002608125,5.232617187500001,41.247,
0,9,,,2.603912353515625,13.623046875000002,548.1445312500001,0.0026040625,5.232617187500001,41.281,
0,9,,,2.603912353515625,13.623046875000002,548.6132812500001,0.0026040625,5.232617187500001,41.315,
0,9,,,2.6226043701171875,13.720703125,549.0429687500001,0.0026228125,5.2322265625,41.349,
0,9,,,2.6214599609375,13.715820312500002,549.5312500000001,0.0026215625,5.232617187500001,41.383,
0,9,,,2.6214599609375,13.715820312500002,550.0,0.0026215625,5.232617187500001,41.417,
0,9,,,2.605438232421875,13.631591796875002,550.4687500000001,0.0026056250000000003,5.232421875,41.451,
0,9,,,2.605438232421875,13.6328125,550.8984375000001,0.0026056250000000003,5.232421875,41.485,
0,9,,,2.605438232421875,13.6328125,551.3671875,0.0026056250000000003,5.232421875,41.519,
0,9,,,2.590179443359375,13.552246093750002,551.8359375,0.0025903125,5.232617187500001,41.553,
0,9,,,2.598953247070313,13.599853515625004,552.3046875000001,0.002599375,5.2330078125,41.587,
0,9,,,2.598953247070313,13.599853515625004,552.734375,0.002599375,5.2330078125,41.621,
0,9,,,2.6031494140625004,13.62060546875,553.22265625,0.0026034375000000003,5.232617187500001,41.655,
0,9,,,2.605438232421875,13.634033203125002,553.69140625,0.0026059375,5.2330078125,41.689,
0,9,,,2.605438232421875,13.634033203125002,554.16015625,0.0026059375,5.2330078125,41.723,
0,9,,,2.605438232421875,13.631591796875002,554.62890625,0.0026056250000000003,5.2322265625,41.757,
0,9,,,2.59857177734375,13.597412109375002,555.05859375,0.0025987500000000004,5.233203125,41.791,
0,9,,,2.59857177734375,13.597412109375002,555.52734375,0.0025987500000000004,5.233203125,41.825,
0,9,,,2.603912353515625,13.621826171875002,555.99609375,0.0026040625,5.23203125,41.859,
0,9,,,2.597427368164063,13.590087890625,556.484375,0.0025975000000000004,5.2328125000000005,41.893,
0,9,,,2.597427368164063,13.590087890625,556.953125,0.0025975000000000004,5.2328125000000005,41.927,
0,9,,,2.6233673095703125,13.726806640625,557.3828125000001,0.0026234375000000003,5.232617187500001,41.961,
0,9,,,2.6248931884765625,13.731689453125002,557.8515625000001,0.002625,5.23203125,41.995,
0,9,,,2.6248931884765625,13.731689453125002,558.3398437500001,0.002625,5.23203125,42.029,
0,9,,,2.6248931884765625,13.735351562500002,558.8085937500001,0.0026253125,5.232421875,42.063,
0,9,,,2.593612670898438,13.572998046875002,559.2382812500001,0.0025940625,5.2330078125,42.098,
0,9,,,2.593612670898438,13.572998046875002,559.7070312500001,0.0025940625,5.232617187500001,42.132,
0,9,,,2.606582641601563,13.638916015625,560.1757812500001,0.0026068750000000003,5.232617187500001,42.166,
0,9,,,2.6096343994140625,13.653564453125002,560.64453125,0.0026096875,5.2322265625,42.2,
0,9,,,2.6096343994140625,13.653564453125002,561.1328125,0.0026096875,5.2328125000000005,42.234,
0,9,,,2.60162353515625,13.613281250000002,561.5625000000001,0.002601875,5.2328125000000005,42.268,
0,9,,,2.610397338867188,13.658447265625002,562.0312500000001,0.002610625,5.2328125000000005,42.302,
0,9,,,2.610397338867188,13.658447265625002,562.5,0.0026075,5.2330078125,42.335,
0,9,,,2.6073455810546875,13.643798828125002,562.96875,0.0026075,5.2330078125,42.369,
0,9,,,2.610397338867188,13.6572265625,563.3984375000001,0.002610625,5.23203125,42.403,
0,9,,,2.610397338867188,13.6572265625,563.8867187500001,0.002621875,5.2322265625,42.437,
0,9,,,2.621841430664063,13.71826171875,564.35546875,0.002621875,5.2322265625,42.471,
0,9,,,2.624130249023438,13.729248046875002,564.82421875,0.0026240625,5.232617187500001,42.505,
0,9,,,2.624130249023438,13.729248046875002,565.2734375,0.002611875,5.232617187500001,42.539,
0,9,,,2.611541748046875,13.664550781250002,565.7421875,0.002611875,5.232617187500001,42.573,
0,9,,,2.6161193847656254,13.688964843750002,566.2109375000001,0.00261625,5.2328125000000005,42.607,
0,9,,,2.6161193847656254,13.688964843750002,566.6992187500001,0.0026203125000000002,5.2322265625,42.641,
0,9,,,2.620315551757813,13.708496093750002,567.1093750000001,0.0026203125000000002,5.2322265625,42.675,
0,9,,,2.603912353515625,13.624267578125002,567.5976562500001,0.0026040625,5.232421875,42.709,
0,9,,,2.603912353515625,13.634033203125002,568.06640625,0.0026056250000000003,5.2328125000000005,42.743,
0,9,,,2.605438232421875,13.634033203125002,568.5351562500001,0.0026056250000000003,5.2328125000000005,42.778,
0,9,,,2.613067626953125,13.673095703125002,569.0039062500001,0.0026131250000000004,5.2328125000000005,42.812,
0,9,,,2.6081085205078125,13.647460937500002,569.43359375,0.0026084375,5.232617187500001,42.846,
0,9,,,2.6081085205078125,13.647460937500002,569.921875,0.0026084375,5.232617187500001,42.88,
0,9,,,2.6195526123046875,13.7060546875,570.390625,0.0026200000000000004,5.232421875,42.914,
0,9,,,2.6119232177734375,13.665771484375,570.8593750000001,0.002611875,5.232617187500001,42.948,
0,9,,,2.6119232177734375,13.665771484375,571.3281250000001,0.002611875,5.232617187500001,42.982,
0,9,,,2.5997161865234375,13.602294921875,571.77734375,0.0025996875,5.2328125000000005,43.016,
0,9,,,2.6119232177734375,13.664550781250002,572.24609375,0.002611875,5.23203125,43.05,
0,9,,,2.6119232177734375,13.664550781250002,572.71484375,0.002611875,5.23203125,43.084,
0,9,,,2.6073455810546875,13.641357421875,573.18359375,0.0026075,5.2322265625,43.118,
0,9,,,2.594757080078125,13.575439453125004,573.61328125,0.0025946875,5.232617187500001,43.152,
0,9,,,2.594757080078125,13.575439453125004,574.08203125,0.0025946875,5.232617187500001,43.186,
0,9,,,2.6149749755859375,13.680419921875002,574.5703125,0.002615,5.2318359375000005,43.219,
0,9,,,2.59857177734375,13.59619140625,575.0390625,0.0025987500000000004,5.232421875,43.253,
0,9,,,2.59857177734375,13.59619140625,575.4687500000001,0.0025987500000000004,5.232421875,43.287,
0,9,,,2.603912353515625,13.624267578125002,575.9375000000001,0.0026040625,5.232617187500001,43.321,
0,9,,,2.6107788085937504,13.65966796875,576.4062500000001,0.0026109375000000004,5.232421875,43.355,
0,9,,,2.6107788085937504,13.65966796875,576.8750000000001,0.0026109375000000004,5.232421875,43.389,
0,9,,,2.616500854492188,13.688964843750002,577.3046875000001,0.0026165625000000004,5.232421875,43.423,
0,9,,,2.606582641601563,13.638916015625,577.7929687500001,0.0026065625000000004,5.2328125000000005,43.457,
0,9,,,2.606582641601563,13.638916015625,578.2617187500001,0.0026065625000000004,5.2328125000000005,43.491,
0,9,,,2.6073455810546875,13.642578125000002,578.7304687500001,0.0026075,5.232617187500001,43.525,
0,9,,,2.5867462158203125,13.53515625,579.1601562500001,0.002586875,5.2328125000000005,43.559,
0,9,,,2.5867462158203125,13.53515625,579.6289062500001,0.002586875,5.2328125000000005,43.593,
0,9,,,2.606201171875,13.63525390625,580.0976562500001,0.00260625,5.232421875,43.627,
0,9,,,2.585983276367188,13.531494140625002,580.56640625,0.00258625,5.232421875,43.661,
0,9,,,2.585983276367188,13.531494140625002,580.99609375,0.00258625,5.232421875,43.695,
0,9,,,2.620697021484375,13.709716796875002,581.484375,0.002620625,5.23203125,43.729,
0,9,,,2.6058197021484375,13.63525390625,581.9531250000001,0.00260625,5.232617187500001,43.763,
0,9,,,2.6058197021484375,13.63525390625,582.421875,0.00260625,5.232617187500001,43.797,
0,9,,,2.6233673095703125,13.725585937500002,582.890625,0.0026234375000000003,5.2322265625,43.832,
0,9,,,2.6073455810546875,13.642578125000002,583.37890625,0.0026075,5.2330078125,43.866,
0,9,,,2.6073455810546875,13.642578125000002,583.80859375,0.0026075,5.232617187500001,43.9,
0,9,,,2.6161193847656254,13.688964843750002,584.2773437500001,0.00261625,5.232617187500001,43.934,
0,9,,,2.6058197021484375,13.634033203125002,584.7460937500001,0.0026059375,5.232617187500001,43.968,
0,9,,,2.6058197021484375,13.634033203125002,585.2148437500001,0.0025990625000000002,5.2328125000000005,44.002,
0,9,,,2.598953247070313,13.5986328125,585.64453125,0.0025990625000000002,5.2328125000000005,44.036,
0,9,,,2.6149749755859375,13.681640625,586.1718750000001,0.002615,5.2328125000000005,44.071,
0,9,,,2.6149749755859375,13.681640625,586.6015625000001,0.0026159375,5.2328125000000005,44.105,
0,9,,,2.6161193847656254,13.687744140625,587.0703125000001,0.0026159375,5.2328125000000005,44.139,
0,9,,,2.61688232421875,13.691406250000004,587.5390625000001,0.0026168750000000003,5.232421875,44.173,
0,9,,,2.61688232421875,13.691406250000004,588.0273437500001,0.0026156250000000003,5.2322265625,44.207,
0,9,,,2.6153564453125,13.684082031250002,588.4960937500001,0.0026156250000000003,5.2322265625,44.241,
0,9,,,2.59857177734375,13.5986328125,588.9257812500001,0.0025987500000000004,5.233203125,44.275,
0,9,,,2.601242065429688,13.609619140625002,589.3945312500001,0.0026015625,5.23203125,44.31,
0,9,,,2.601242065429688,13.609619140625002,589.8632812500001,0.0026015625,5.23203125,44.344,
0,9,,,2.606582641601563,13.637695312500002,590.33203125,0.0026068750000000003,5.2322265625,44.378,
0,9,,,2.605438232421875,13.631591796875002,590.76171875,0.0026056250000000003,5.2322265625,44.412,
0,9,,,2.605438232421875,13.631591796875002,591.25,0.0026056250000000003,5.2322265625,44.446,
0,9,,,2.601242065429688,13.6083984375,591.7187500000001,0.0026012500000000003,5.232421875,44.48,
0,9,,,2.5959014892578125,13.582763671875002,592.1875,0.00259625,5.2322265625,44.514,
0,9,,,2.5959014892578125,13.582763671875002,592.65625,0.00259625,5.2322265625,44.548,
0,9,,,2.60009765625,13.603515625000002,593.0859375,0.0026003125,5.2322265625,44.582,
0,9,,,2.610015869140625,13.656005859375,593.5546875000001,0.0026103125000000002,5.2322265625,44.616,
0,9,,,2.610015869140625,13.656005859375,594.0234375000001,0.0026103125000000002,5.2322265625,44.65,
0,9,,,2.605438232421875,13.631591796875002,594.5117187500001,0.0026056250000000003,5.232617187500001,44.684,
0,9,,,2.6107788085937504,13.65966796875,594.9414062500001,0.0026109375000000004,5.23203125,44.718,
0,9,,,2.6107788085937504,13.65966796875,595.41015625,0.0026109375000000004,5.23203125,44.752,
0,9,,,2.6096343994140625,13.652343750000002,595.8789062500001,0.0026096875,5.23203125,44.786,
0,9,,,2.6092529296875,13.651123046875,596.3476562500001,0.002609375,5.23203125,44.82,
0,9,,,2.6092529296875,13.651123046875,596.77734375,0.002609375,5.23203125,44.854,
0,9,,,2.6233673095703125,13.728027343750004,597.265625,0.00262375,5.2330078125,44.888,
0,9,,,2.5920867919921875,13.562011718750002,597.734375,0.0025921875000000003,5.232617187500001,44.922,
0,9,,,2.5920867919921875,13.562011718750002,598.2031250000001,0.0025921875000000003,5.232617187500001,44.956,
0,9,,,2.6073455810546875,13.642578125000002,598.6718750000001,0.0026071875,5.2328125000000005,44.99,
0,9,,,2.585983276367188,13.529052734375,599.1406250000001,0.00258625,5.23203125,45.024,
0,9,,,2.585983276367188,13.529052734375,599.5703125,0.00258625,5.23203125,45.058,
0,9,,,2.617645263671875,13.697509765625004,600.05859375,0.0026178125000000003,5.2328125000000005,45.092,
0,9,,,2.610397338867188,13.658447265625002,600.52734375,0.002610625,5.232421875,45.126,
0,9,,,2.610397338867188,13.658447265625002,600.9960937500001,0.002610625,5.232421875,45.16,
0,9,,,2.614212036132813,13.677978515625002,601.4257812500001,0.0026146875000000003,5.232421875,45.194,
0,9,,,2.602767944335938,13.618164062500002,601.8945312500001,0.0026028125,5.232617187500001,45.228,
0,9,,,2.602767944335938,13.618164062500002,602.3828125000001,0.0026028125,5.232617187500001,45.262,
0,9,,,2.6195526123046875,13.7060546875,602.8515625000001,0.0026196875,5.232421875,45.296,
0,9,,,2.620697021484375,13.713378906250002,603.2812500000001,0.0026209375,5.2330078125,45.33,
0,9,,,2.620697021484375,13.713378906250002,603.7500000000001,0.0026209375,5.232617187500001,45.364,
0,10,,,2.50244140625,13.096923828125002,605.2148437500001,0.0025025000000000004,5.233984375,45.474,
0,10,,,2.50244140625,13.096923828125002,605.6835937500001,0.0025025000000000004,5.233984375,45.508,
0,10,,,2.6020050048828125,13.613281250000002,606.1132812500001,0.0026021875000000003,5.232421875,45.542,
0,10,,,2.566909790039063,13.430175781250002,606.5625000000001,0.002566875,5.232617187500001,45.576,
0,10,,,2.566909790039063,13.430175781250002,607.03125,0.002566875,5.232617187500001,45.61,
0,10,,,2.573394775390625,13.465576171875002,607.5,0.0025734375,5.233203125,45.644,
0,10,,,2.569580078125,13.446044921875,607.9296875000001,0.0025696875000000004,5.2333984375,45.677,
0,10,,,2.569580078125,13.446044921875,608.3984375,0.0025696875000000004,5.2333984375,45.711,
0,10,,,2.5894165039062504,13.551025390625002,608.8671875,0.0025896875000000004,5.233203125,45.745,
0,10,,,2.56805419921875,13.436279296875002,609.3359375,0.002568125,5.232617187500001,45.779,
0,10,,,2.56805419921875,13.436279296875002,609.7656250000001,0.002568125,5.232617187500001,45.813,
0,10,,,2.5844573974609375,13.524169921875002,610.2148437500001,0.0025843750000000003,5.2333984375,45.847,
0,10,,,2.5600433349609375,13.397216796875,610.6835937500001,0.0025603125,5.2330078125,45.881,
0,10,,,2.5600433349609375,13.397216796875,611.1523437500001,0.0025603125,5.2330078125,45.915,
0,10,,,2.583694458007813,13.520507812500002,611.6210937500001,0.00258375,5.233203125,45.949,
0,10,,,2.5775909423828125,13.486328125,612.0507812500001,0.0025778125000000002,5.232617187500001,45.983,
0,10,,,2.5775909423828125,13.486328125,612.5195312500001,0.0025778125000000002,5.232617187500001,46.018,
0,10,,,2.5764465332031254,13.481445312500002,612.98828125,0.0025765625000000003,5.233203125,46.052,
0,10,,,2.593612670898438,13.572998046875002,613.4570312500001,0.0025940625,5.2330078125,46.086,
0,10,,,2.593612670898438,13.572998046875002,613.9257812500001,0.0025940625,5.2330078125,46.12,
0,10,,,2.5661468505859375,13.427734375,614.35546875,0.0025665625000000003,5.2328125000000005,46.154,
0,10,,,2.5611877441406254,13.402099609375002,614.8046875000001,0.00256125,5.2333984375,46.188,
0,10,,,2.5611877441406254,13.402099609375002,615.2734375000001,0.00256125,5.2333984375,46.222,
0,10,,,2.5703430175781254,13.448486328125002,615.7421875000001,0.0025703125,5.2328125000000005,46.256,
0,10,,,2.563095092773438,13.4130859375,616.171875,0.0025634375,5.2333984375,46.29,
0,10,,,2.563095092773438,13.4130859375,616.640625,0.0025634375,5.232617187500001,46.324,
0,10,,,2.581024169921875,13.505859375000002,617.1093750000001,0.00258125,5.232617187500001,46.358,
0,10,,,2.5741577148437504,13.469238281250002,617.5585937500001,0.0025743750000000003,5.232617187500001,46.392,
0,10,,,2.5741577148437504,13.469238281250002,617.9882812500001,0.0025743750000000003,5.233593750000001,46.426,
0,10,,,2.5768280029296875,13.486328125,618.4570312500001,0.0025771875,5.233593750000001,46.46,
0,10,,,2.588653564453125,13.54736328125,618.9257812500001,0.0025890625000000002,5.2330078125,46.494,
0,10,,,2.588653564453125,13.54736328125,619.3945312500001,0.0025703125,5.2328125000000005,46.528,
0,10,,,2.5699615478515625,13.447265625000004,619.8632812500001,0.0025703125,5.2328125000000005,46.562,
0,10,,,2.5753021240234375,13.472900390625,620.2929687500001,0.0025753125000000003,5.2322265625,46.596,
0,10,,,2.5753021240234375,13.472900390625,620.7617187500001,0.0025840625000000004,5.233203125,46.63,
0,10,,,2.583694458007813,13.520507812500002,621.2304687500001,0.0025840625000000004,5.233203125,46.664,
0,10,,,2.5791168212890625,13.494873046875002,621.6796875,0.002579375,5.232617187500001,46.698,
0,10,,,2.5791168212890625,13.494873046875002,622.1093750000001,0.0025659375,5.2330078125,46.732,
0,10,,,2.565765380859375,13.426513671875002,622.5781250000001,0.0025659375,5.2330078125,46.766,
0,10,,,2.57568359375,13.4765625,623.046875,0.0025756250000000002,5.232617187500001,46.8,
0,10,,,2.57568359375,13.4765625,623.515625,0.002568125,5.233203125,46.834,
0,10,,,2.56805419921875,13.4375,623.9453125000001,0.002568125,5.233203125,46.868,
0,10,,,2.588653564453125,13.546142578125002,624.4140625000001,0.0025887500000000003,5.233203125,46.902,
0,10,,,2.588653564453125,13.546142578125002,624.8828125000001,0.00258625,5.233203125,46.936,
0,10,,,2.585983276367188,13.532714843750002,625.3515625000001,0.00258625,5.233203125,46.97,
0,10,,,2.5634765625,13.411865234375,625.7617187500001,0.00256375,5.232421875,47.004,
0,10,,,2.5779724121093754,13.48876953125,626.2304687500001,0.002578125,5.2328125000000005,47.038,
0,10,,,2.5779724121093754,13.48876953125,626.6992187500001,0.002578125,5.2328125000000005,47.072,
0,10,,,2.5775909423828125,13.487548828125002,627.1679687500001,0.0025778125000000002,5.2328125000000005,47.106,
0,10,,,2.5665283203125004,13.428955078125002,627.63671875,0.0025665625000000003,5.2330078125,47.14,
0,10,,,2.5665283203125004,13.428955078125002,628.0664062500001,0.0025665625000000003,5.2330078125,47.174,
0,10,,,2.58636474609375,13.531494140625002,628.5351562500001,0.0025865625000000003,5.2322265625,47.208,
0,10,,,2.57568359375,13.4765625,629.00390625,0.0025756250000000002,5.2330078125,47.242,
0,10,,,2.57568359375,13.4765625,629.4531250000001,0.0025756250000000002,5.2330078125,47.276,
0,10,,,2.574539184570313,13.472900390625,629.9414062500001,0.002575,5.2330078125,47.31,
0,10,,,2.594757080078125,13.577880859375,630.3515625,0.002595,5.2330078125,47.344,
0,10,,,2.594757080078125,13.577880859375,630.8203125,0.002595,5.2330078125,47.378,
0,10,,,2.5730133056640625,13.464355468750002,631.2890625,0.0025731250000000003,5.2333984375,47.412,
0,10,,,2.5768280029296875,13.483886718750004,631.7578125000001,0.0025771875,5.2328125000000005,47.446,
0,10,,,2.5768280029296875,13.483886718750004,632.1875000000001,0.0025771875,5.2328125000000005,47.48,
0,10,,,2.6042938232421875,13.627929687500002,632.6562500000001,0.0026046875000000002,5.232617187500001,47.514,
0,10,,,2.571868896484375,13.457031250000002,633.1250000000001,0.0025718750000000004,5.2330078125,47.548,
0,10,,,2.571868896484375,13.457031250000002,633.5937500000001,0.0025718750000000004,5.2330078125,47.582,
0,10,,,2.573394775390625,13.465576171875002,634.0234375000001,0.0025734375,5.233203125,47.616,
0,10,,,2.582168579101563,13.5107421875,634.4921875000001,0.0025821875000000003,5.2330078125,47.65,
0,10,,,2.582168579101563,13.5107421875,634.9609375,0.0025821875000000003,5.2330078125,47.684,
0,10,,,2.578353881835938,13.491210937500002,635.4296875000001,0.0025784375,5.2330078125,47.718,
0,10,,,2.5817871093750004,13.509521484375002,635.8593750000001,0.0025818750000000004,5.2330078125,47.752,
0,10,,,2.5817871093750004,13.509521484375002,636.30859375,0.0025818750000000004,5.2330078125,47.786,
0,10,,,2.5634765625,13.4130859375,636.7773437500001,0.0025634375,5.2330078125,47.82,
0,10,,,2.5764465332031254,13.482666015625,637.2460937500001,0.0025765625000000003,5.2333984375,47.854,
0,10,,,2.5764465332031254,13.482666015625,637.67578125,0.0025765625000000003,5.2333984375,47.888,
0,10,,,2.5817871093750004,13.509521484375002,638.14453125,0.0025821875000000003,5.232617187500001,47.922,
0,10,,,2.5737762451171875,13.466796875000002,638.61328125,0.0025740625000000004,5.232617187500001,47.956,
0,10,,,2.5737762451171875,13.466796875000002,639.0820312500001,0.0025740625000000004,5.232617187500001,47.99,
0,10,,,2.590179443359375,13.552246093750002,639.5507812500001,0.0025903125,5.232617187500001,48.024,
0,10,,,2.582550048828125,13.514404296875004,639.9804687500001,0.0025825,5.2333984375,48.058,
0,10,,,2.582550048828125,13.514404296875004,640.4492187500001,0.0025825,5.2330078125,48.092,
0,10,,,2.579879760742188,13.499755859375002,640.9179687500001,0.0025800000000000003,5.2330078125,48.127,
0,10,,,2.5878906250000004,13.541259765625,641.3867187500001,0.002588125,5.232617187500001,48.161,
0,10,,,2.5878906250000004,13.541259765625,641.8554687500001,0.0025778125000000002,5.2328125000000005,48.195,
0,10,,,2.5775909423828125,13.487548828125002,642.3242187500001,0.0025778125000000002,5.2328125000000005,48.229,
0,10,,,2.581024169921875,13.505859375000002,642.7343750000001,0.00258125,5.2330078125,48.263,
0,10,,,2.581024169921875,13.505859375000002,643.2031250000001,0.0025690625,5.2328125000000005,48.297,
0,10,,,2.5688171386718754,13.441162109375002,643.6718750000001,0.0025690625,5.2328125000000005,48.331,
0,10,,,2.5844573974609375,13.52294921875,644.140625,0.0025846875,5.232421875,48.365,
0,10,,,2.5844573974609375,13.52294921875,644.5703125000001,0.0025803125,5.2333984375,48.399,
0,10,,,2.5802612304687504,13.502197265625002,645.0390625000001,0.0025803125,5.2333984375,48.433,
0,10,,,2.588653564453125,13.546142578125002,645.5078125,0.0025887500000000003,5.2330078125,48.467,
0,10,,,2.588653564453125,13.546142578125002,645.9765625,0.0025890625000000002,5.2328125000000005,48.501,
0,10,,,2.5890350341796875,13.54736328125,646.4453125,0.0025890625000000002,5.2328125000000005,48.535,
0,10,,,2.5764465332031254,13.483886718750004,646.8750000000001,0.002576875,5.233593750000001,48.569,
0,10,,,2.582550048828125,13.51318359375,647.3437500000001,0.0025828125,5.232617187500001,48.603,
0,10,,,2.582550048828125,13.51318359375,647.8125000000001,0.0025828125,5.232617187500001,48.637,
0,10,,,2.5867462158203125,13.53515625,648.2812500000001,0.002586875,5.2328125000000005,48.671,
0,10,,,2.5852203369140625,13.529052734375,648.7109375000001,0.0025856250000000002,5.233203125,48.705,
0,10,,,2.5852203369140625,13.529052734375,649.1796875000001,0.0025856250000000002,5.233203125,48.739,
0,10,,,2.578353881835938,13.491210937500002,649.6289062500001,0.0025784375,5.233203125,48.773,
0,10,,,2.571868896484375,13.458251953125,650.09765625,0.0025718750000000004,5.233203125,48.807,
0,10,,,2.571868896484375,13.458251953125,650.5273437500001,0.0025718750000000004,5.233203125,48.841,
0,10,,,2.572250366210938,13.458251953125,650.9960937500001,0.0025721875000000003,5.2328125000000005,48.875,
0,10,,,2.5829315185546875,13.515625000000002,651.46484375,0.0025831250000000004,5.2330078125,48.909,
0,10,,,2.5829315185546875,13.515625000000002,651.93359375,0.0025831250000000004,5.2330078125,48.943,
0,10,,,2.579498291015625,13.49853515625,652.4023437500001,0.0025796875000000004,5.2330078125,48.977,
0,10,,,2.582550048828125,13.51318359375,652.83203125,0.0025828125,5.232617187500001,49.011,
0,10,,,2.582550048828125,13.51318359375,653.30078125,0.0025828125,5.232617187500001,49.045,
0,10,,,2.5775909423828125,13.48876953125,653.76953125,0.0025778125000000002,5.2330078125,49.079,
0,10,,,2.5848388671875,13.526611328125002,654.23828125,0.002585,5.233203125,49.113,
0,10,,,2.5848388671875,13.526611328125002,654.6484375000001,0.002585,5.233203125,49.147,
0,10,,,2.5814056396484375,13.509521484375002,655.1171875000001,0.0025815625,5.2333984375,49.182,
0,10,,,2.5768280029296875,13.485107421875002,655.5859375000001,0.002576875,5.2333984375,49.216,
0,10,,,2.5768280029296875,13.485107421875002,656.0546875000001,0.002576875,5.2333984375,49.25,
0,10,,,2.5688171386718754,13.4423828125,656.5234375000001,0.0025690625,5.2330078125,49.284,
0,10,,,2.5817871093750004,13.5107421875,656.9531250000001,0.0025821875000000003,5.233203125,49.318,
0,10,,,2.5817871093750004,13.5107421875,657.421875,0.0025821875000000003,5.233203125,49.352,
0,10,,,2.5604248046875,13.398437500000002,657.8906250000001,0.0025606250000000004,5.2330078125,49.386,
0,10,,,2.567291259765625,13.435058593750002,658.3593750000001,0.0025675000000000003,5.2330078125,49.42,
0,10,,,2.567291259765625,13.435058593750002,658.8085937500001,0.0025675000000000003,5.2330078125,49.454,
0,10,,,2.579879760742188,13.499755859375002,659.2382812500001,0.0025800000000000003,5.233203125,49.488,
0,10,,,2.574920654296875,13.472900390625,659.7070312500001,0.002575,5.2330078125,49.522,
0,10,,,2.574920654296875,13.472900390625,660.1757812500001,0.002575,5.2330078125,49.556,
0,10,,,2.57720947265625,13.483886718750004,660.64453125,0.0025771875,5.232617187500001,49.59,
0,10,,,2.570724487304688,13.450927734375002,661.07421875,0.0025709375000000003,5.2328125000000005,49.624,
0,10,,,2.570724487304688,13.450927734375002,661.5234375000001,0.0025709375000000003,5.233203125,49.657,
0,10,,,2.5775909423828125,13.48876953125,661.9921875000001,0.002578125,5.233203125,49.691,
0,10,,,2.583694458007813,13.520507812500002,662.4609375000001,0.00258375,5.233203125,49.725,
0,10,,,2.583694458007813,13.520507812500002,662.8906250000001,0.00258375,5.2328125000000005,49.759,
0,10,,,2.574539184570313,13.471679687500002,663.3593750000001,0.0025746875,5.2328125000000005,49.793,
0,10,,,2.5890350341796875,13.546142578125002,663.8281250000001,0.0025890625000000002,5.2328125000000005,49.827,
0,10,,,2.5890350341796875,13.546142578125002,664.2968750000001,0.0025687500000000003,5.2328125000000005,49.861,
0,10,,,2.568435668945313,13.439941406250002,664.7265625000001,0.0025687500000000003,5.2328125000000005,49.895,
0,10,,,2.5676727294921875,13.4375,665.1953125000001,0.002568125,5.233203125,49.929,
0,10,,,2.5676727294921875,13.4375,665.6640625000001,0.0025740625000000004,5.2333984375,49.963,
0,10,,,2.5737762451171875,13.468017578125,666.11328125,0.0025740625000000004,5.2333984375,49.997,
0,10,,,2.5741577148437504,13.469238281250002,666.5429687500001,0.0025743750000000003,5.2328125000000005,50.031,
0,10,,,2.5741577148437504,13.469238281250002,667.0117187500001,0.0025721875000000003,5.2328125000000005,50.065,
0,10,,,2.571868896484375,13.458251953125,667.48046875,0.0025721875000000003,5.2328125000000005,50.099,
0,10,,,2.589797973632813,13.551025390625002,667.94921875,0.0025900000000000003,5.2328125000000005,50.133,
0,10,,,2.589797973632813,13.551025390625002,668.41796875,0.0025925,5.232617187500001,50.167,
0,10,,,2.59246826171875,13.564453125,668.8476562500001,0.0025925,5.232617187500001,50.201,
0,10,,,2.5779724121093754,13.492431640625,669.3164062500001,0.002578125,5.2337890625000005,50.236,
0,10,,,2.5779724121093754,13.505859375000002,669.7851562500001,0.00258125,5.2333984375,50.27,
0,10,,,2.581024169921875,13.505859375000002,670.2539062500001,0.00258125,5.2333984375,50.304,
0,10,,,2.582168579101563,13.51318359375,670.7226562500001,0.0025825,5.2333984375,50.338,
0,10,,,2.5737762451171875,13.468017578125,671.1523437500001,0.0025740625000000004,5.2328125000000005,50.372,
0,10,,,2.5737762451171875,13.468017578125,671.6015625000001,0.0025740625000000004,5.2328125000000005,50.406,
0,10,,,2.5840759277343754,13.52294921875,672.0703125,0.0025843750000000003,5.2333984375,50.44,
0,10,,,2.565765380859375,13.428955078125002,672.5390625000001,0.0025659375,5.2337890625000005,50.474,
0,10,,,2.565765380859375,13.428955078125002,672.9687500000001,0.0025659375,5.2337890625000005,50.508,
0,10,,,2.583694458007813,13.520507812500002,673.4375,0.00258375,5.2333984375,50.542,
0,10,,,2.5737762451171875,13.469238281250002,673.90625,0.0025740625000000004,5.2333984375,50.576,
0,10,,,2.5737762451171875,13.469238281250002,674.3750000000001,0.0025740625000000004,5.2333984375,50.61,
0,10,,,2.5787353515625,13.494873046875002,674.8046875,0.0025787500000000003,5.2333984375,50.644,
0,10,,,2.5829315185546875,13.516845703125,675.2734375,0.0025831250000000004,5.233593750000001,50.678,
0,10,,,2.5829315185546875,13.516845703125,675.7421875,0.0025831250000000004,5.233593750000001,50.712,
0,10,,,2.5653839111328125,13.42529296875,676.2109375,0.0025653125000000003,5.233593750000001,50.746,
0,10,,,2.589797973632813,13.554687500000002,676.6210937500001,0.0025900000000000003,5.2337890625000005,50.779,
0,10,,,2.589797973632813,13.554687500000002,677.0898437500001,0.0025900000000000003,5.2337890625000005,50.813,
0,10,,,2.576065063476563,13.481445312500002,677.5585937500001,0.0025762500000000004,5.233593750000001,50.847,
0,10,,,2.5840759277343754,13.524169921875002,678.0273437500001,0.0025843750000000003,5.2337890625000005,50.881,
0,10,,,2.5840759277343754,13.524169921875002,678.4960937500001,0.0025843750000000003,5.2337890625000005,50.915,
0,10,,,2.564620971679688,13.420410156250002,678.9257812500001,0.002565,5.2330078125,50.949,
0,10,,,2.5890350341796875,13.5498046875,679.39453125,0.002589375,5.233593750000001,50.983,
0,10,,,2.5890350341796875,13.5498046875,679.8632812500001,0.002589375,5.233593750000001,51.017,
0,10,,,2.5840759277343754,13.52294921875,680.3320312500001,0.0025843750000000003,5.233203125,51.051,
0,10,,,2.5638580322265625,13.417968750000002,680.7421875,0.0025640625000000004,5.2333984375,51.085,
0,10,,,2.5638580322265625,13.417968750000002,681.2109375000001,0.0025640625000000004,5.2333984375,51.119,
0,10,,,2.583694458007813,13.520507812500002,681.6796875000001,0.0025840625000000004,5.2330078125,51.153,
0,10,,,2.5703430175781254,13.4521484375,682.1484375000001,0.0025703125,5.233593750000001,51.187,
0,10,,,2.5703430175781254,13.4521484375,682.578125,0.0025703125,5.233593750000001,51.221,
0,10,,,2.5894165039062504,13.5498046875,683.046875,0.002589375,5.233203125,51.256,
0,10,,,2.5905609130859375,13.557128906250002,683.5156250000001,0.0025909375000000004,5.233203125,51.29,
0,10,,,2.5905609130859375,13.557128906250002,683.9843750000001,0.0025909375000000004,5.2330078125,51.324,
0,10,,,2.565765380859375,13.42529296875,684.4531250000001,0.0025659375,5.2330078125,51.358,
0,10,,,2.5928497314453125,13.566894531250002,684.9218750000001,0.0025928125,5.232617187500001,51.392,
0,10,,,2.5928497314453125,13.566894531250002,685.3515625000001,0.0025928125,5.233203125,51.426,
0,10,,,2.576065063476563,13.481445312500002,685.8203125000001,0.0025762500000000004,5.233203125,51.46,
0,10,,,2.565765380859375,13.426513671875002,686.2890625000001,0.0025659375,5.233203125,51.494,
0,10,,,2.565765380859375,13.426513671875002,686.7578125000001,0.0025796875000000004,5.2330078125,51.528,
0,10,,,2.579498291015625,13.49853515625,687.1679687500001,0.0025796875000000004,5.2330078125,51.562,
0,10,,,2.587509155273438,13.540039062500002,687.6367187500001,0.0025878125000000003,5.2330078125,51.596,
0,10,,,2.587509155273438,13.540039062500002,688.1054687500001,0.0025718750000000004,5.2333984375,51.63,
0,10,,,2.571868896484375,13.458251953125,688.57421875,0.0025718750000000004,5.2333984375,51.664,
0,10,,,2.5779724121093754,13.489990234375002,689.04296875,0.002578125,5.2333984375,51.698,
0,10,,,2.5779724121093754,13.489990234375002,689.4726562500001,0.0025809375000000003,5.2330078125,51.732,
0,10,,,2.581024169921875,13.504638671875,689.94140625,0.0025809375000000003,5.2330078125,51.766,
0,10,,,2.5638580322265625,13.41552734375,690.41015625,0.0025640625000000004,5.233203125,51.8,
0,10,,,2.5638580322265625,13.41552734375,690.87890625,0.00258125,5.2328125000000005,51.834,
0,10,,,2.581024169921875,13.504638671875,691.2890625000001,0.00258125,5.2328125000000005,51.868,
0,10,,,2.5588989257812504,13.389892578125002,691.7578125000001,0.0025590625,5.232617187500001,51.902,
0,10,,,2.5588989257812504,13.389892578125002,692.2265625000001,0.002585,5.2330078125,51.936,
0,10,,,2.5848388671875,13.526611328125002,692.6953125000001,0.002585,5.2330078125,51.97,
0,10,,,2.585983276367188,13.529052734375,693.1250000000001,0.0025859375,5.232421875,52.004,
0,10,,,2.556991577148438,13.382568359375,693.5937500000001,0.0025575000000000003,5.233593750000001,52.038,
0,10,,,2.556991577148438,13.382568359375,694.0625000000001,0.0025575000000000003,5.233593750000001,52.072,
0,10,,,2.570724487304688,13.4521484375,694.5117187500001,0.0025709375000000003,5.2330078125,52.106,
0,10,,,2.563095092773438,13.411865234375,694.9804687500001,0.0025631250000000003,5.233203125,52.14,
0,10,,,2.563095092773438,13.411865234375,695.41015625,0.0025631250000000003,5.233203125,52.174,
0,10,,,2.57720947265625,13.485107421875002,695.87890625,0.0025775000000000004,5.232421875,52.208,
0,10,,,2.5764465332031254,13.481445312500002,696.3476562500001,0.0025765625000000003,5.233203125,52.242,
0,10,,,2.5764465332031254,13.481445312500002,696.8164062500001,0.0025765625000000003,5.233203125,52.276,
0,10,,,2.57110595703125,13.453369140625004,697.2265625,0.00257125,5.2328125000000005,52.31,
0,10,,,2.583694458007813,13.519287109375,697.6953125,0.00258375,5.2328125000000005,52.345,
0,10,,,2.583694458007813,13.519287109375,698.18359375,0.00258375,5.2328125000000005,52.379,
0,10,,,2.5932312011718754,13.569335937500004,698.6523437500001,0.0025934375000000003,5.2328125000000005,52.413,
0,10,,,2.578353881835938,13.491210937500002,699.1210937500001,0.0025784375,5.2328125000000005,52.447,
0,10,,,2.578353881835938,13.491210937500002,699.5312500000001,0.0025784375,5.2328125000000005,52.481,
0,10,,,2.5787353515625,13.493652343750002,700.0000000000001,0.0025787500000000003,5.233203125,52.515,
0,10,,,2.569580078125,13.444824218750002,700.4687500000001,0.0025696875000000004,5.2328125000000005,52.549,
0,10,,,2.569580078125,13.444824218750002,700.9375000000001,0.0025696875000000004,5.2328125000000005,52.583,
0,10,,,2.594757080078125,13.576660156250002,701.4062500000001,0.002595,5.232421875,52.617,
0,10,,,2.56805419921875,13.438720703125002,701.8359375000001,0.0025684375000000004,5.2328125000000005,52.651,
0,10,,,2.56805419921875,13.438720703125002,702.3046875000001,0.0025684375000000004,5.2328125000000005,52.685,
0,10,,,2.5852203369140625,13.527832031250002,702.7734375000001,0.0025856250000000002,5.232617187500001,52.719,
0,10,,,2.573394775390625,13.465576171875002,703.2421875000001,0.00257375,5.2330078125,52.753,
0,10,,,2.573394775390625,13.465576171875002,703.6523437500001,0.00257375,5.2330078125,52.787,
0,10,,,2.5867462158203125,13.53515625,704.1210937500001,0.002586875,5.2328125000000005,52.821,
0,10,,,2.572250366210938,13.457031250000002,704.58984375,0.0025721875000000003,5.232421875,52.855,
0,10,,,2.572250366210938,13.457031250000002,705.05859375,0.0025721875000000003,5.232421875,52.889,
0,10,,,2.5844573974609375,13.521728515625002,705.4882812500001,0.0025846875,5.232421875,52.923,
0,10,,,2.5737762451171875,13.469238281250002,705.9570312500001,0.00257375,5.233593750000001,52.957,
0,10,,,2.5737762451171875,13.469238281250002,706.4257812500001,0.00257375,5.233593750000001,52.991,
0,10,,,2.57110595703125,13.453369140625004,706.8945312500001,0.00257125,5.2330078125,53.025,
0,10,,,2.5817871093750004,13.509521484375002,707.3242187500001,0.0025821875000000003,5.2328125000000005,53.059,
0,10,,,2.5817871093750004,13.509521484375002,707.7929687500001,0.0025821875000000003,5.2328125000000005,53.093,
0,10,,,2.576065063476563,13.480224609375,708.2421875000001,0.0025765625000000003,5.2328125000000005,53.127,
0,10,,,2.5688171386718754,13.441162109375002,708.7109375000001,0.0025690625,5.2330078125,53.161,
0,10,,,2.5688171386718754,13.441162109375002,709.1796875,0.0025840625000000004,5.2330078125,53.195,
0,10,,,2.583694458007813,13.520507812500002,709.6093750000001,0.0025840625000000004,5.2330078125,53.229,
0,10,,,2.5768280029296875,13.483886718750004,710.0781250000001,0.002576875,5.233203125,53.263,
0,10,,,2.5768280029296875,13.483886718750004,710.546875,0.0025871875,5.232421875,53.297,
0,10,,,2.587127685546875,13.536376953125002,711.015625,0.0025871875,5.232421875,53.331,
0,10,,,2.5665283203125004,13.430175781250002,711.4453125000001,0.002566875,5.233203125,53.365,
0,10,,,2.5665283203125004,13.430175781250002,711.9140625,0.0025787500000000003,5.2330078125,53.4,
0,10,,,2.5787353515625,13.493652343750002,712.3828125,0.0025787500000000003,5.2330078125,53.434,
0,10,,,2.5791168212890625,13.496093750000002,712.8515625,0.002579375,5.2328125000000005,53.467,
0,10,,,2.5791168212890625,13.496093750000002,713.3007812500001,0.0025759375,5.233203125,53.501,
0,10,,,2.57568359375,13.477783203125004,713.7304687500001,0.0025759375,5.233203125,53.535,
0,10,,,2.5775909423828125,13.486328125,714.1992187500001,0.0025778125000000002,5.232421875,53.569,
0,10,,,2.5775909423828125,13.477783203125004,714.6679687500001,0.0025759375,5.2328125000000005,53.603,
0,10,,,2.57568359375,13.477783203125004,715.1367187500001,0.0025759375,5.2328125000000005,53.637,
0,10,,,2.578353881835938,13.489990234375002,715.6054687500001,0.0025784375,5.2328125000000005,53.671,
0,10,,,2.569580078125,13.446044921875,716.0351562500001,0.0025700000000000002,5.2328125000000005,53.705,
0,10,,,2.569580078125,13.446044921875,716.50390625,0.0025700000000000002,5.2328125000000005,53.739,
0,10,,,2.590179443359375,13.555908203125002,716.9726562500001,0.0025903125,5.233593750000001,53.773,
0,10,,,2.5688171386718754,13.4423828125,717.4218750000001,0.0025690625,5.2330078125,53.807,
0,10,,,2.5688171386718754,13.4423828125,717.8515625,0.0025690625,5.2330078125,53.841,
0,10,,,2.5714874267578125,13.455810546875,718.3203125000001,0.0025715625,5.2330078125,53.875,
0,10,,,2.5737762451171875,13.469238281250002,718.7890625000001,0.0025740625000000004,5.233203125,53.909,
0,10,,,2.5737762451171875,13.469238281250002,719.2578125000001,0.0025740625000000004,5.233203125,53.943,
0,10,,,2.565765380859375,13.426513671875002,719.6875,0.0025662500000000004,5.2328125000000005,53.977,
0,10,,,2.587127685546875,13.53759765625,720.15625,0.0025871875,5.233203125,54.011,
0,10,,,2.587127685546875,13.53759765625,720.6250000000001,0.0025871875,5.233203125,54.045,
0,10,,,2.566909790039063,13.432617187500002,721.0742187500001,0.0025671875,5.2330078125,54.079,
0,10,,,2.5917053222656254,13.562011718750002,721.5039062500001,0.0025918750000000004,5.233203125,54.113,
0,10,,,2.5917053222656254,13.562011718750002,721.9726562500001,0.0025918750000000004,5.233203125,54.147,
0,10,,,2.5737762451171875,13.468017578125,722.4414062500001,0.0025740625000000004,5.2328125000000005,54.181,
0,10,,,2.5764465332031254,13.483886718750004,722.9101562500001,0.0025765625000000003,5.233593750000001,54.215,
0,10,,,2.5764465332031254,13.483886718750004,723.33984375,0.0025765625000000003,5.233593750000001,54.249,
0,10,,,2.5917053222656254,13.562011718750002,723.8085937500001,0.0025918750000000004,5.2328125000000005,54.283,
0,10,,,2.57568359375,13.475341796875002,724.2773437500001,0.0025756250000000002,5.23203125,54.317,
0,10,,,2.57568359375,13.475341796875002,724.7460937500001,0.0025756250000000002,5.23203125,54.351,
0,10,,,2.5955200195312504,13.580322265625,725.2148437500001,0.0025956250000000003,5.232421875,54.385,
0,10,,,2.570724487304688,13.4521484375,725.6445312500001,0.0025709375000000003,5.2330078125,54.419,
0,10,,,2.570724487304688,13.4521484375,726.1132812500001,0.0025709375000000003,5.2330078125,54.454,
0,10,,,2.5829315185546875,13.515625000000002,726.5625,0.0025831250000000004,5.232617187500001,54.488,
0,10,,,2.5627136230468754,13.408203125000002,727.03125,0.0025628125000000004,5.2328125000000005,54.522,
0,10,,,2.5627136230468754,13.408203125000002,727.5,0.0025628125000000004,5.2328125000000005,54.556,
0,10,,,2.566909790039063,13.428955078125002,727.9296875000001,0.0025671875,5.23203125,54.59,
0,10,,,2.5852203369140625,13.526611328125002,728.3984375000001,0.0025853125000000004,5.2330078125,54.624,
0,10,,,2.5852203369140625,13.526611328125002,728.8671875000001,0.0025853125000000004,5.2330078125,54.658,
0,10,,,2.57720947265625,13.485107421875002,729.3359375000001,0.0025775000000000004,5.232421875,54.692,
0,10,,,2.572250366210938,13.458251953125,729.8046875000001,0.0025721875000000003,5.232617187500001,54.726,
0,10,,,2.572250366210938,13.458251953125,730.2148437500001,0.0025721875000000003,5.233203125,54.76,
0,10,,,2.582168579101563,13.511962890625002,730.6835937500001,0.0025821875000000003,5.233203125,54.794,
0,10,,,2.58331298828125,13.516845703125,731.15234375,0.0025834375000000002,5.232617187500001,54.828,
0,10,,,2.58331298828125,13.516845703125,731.6210937500001,0.0025728125,5.2328125000000005,54.862,
0,10,,,2.5726318359375004,13.4619140625,732.0507812500001,0.0025728125,5.2328125000000005,54.896,
0,10,,,2.5768280029296875,13.483886718750004,732.51953125,0.002576875,5.233203125,54.93,
0,10,,,2.5768280029296875,13.483886718750004,732.98828125,0.0025715625,5.2328125000000005,54.964,
0,10,,,2.5714874267578125,13.454589843750002,733.4570312500001,0.0025715625,5.2328125000000005,54.998,
0,10,,,2.5730133056640625,13.464355468750002,733.88671875,0.0025731250000000003,5.233203125,55.032,
0,10,,,2.5730133056640625,13.464355468750002,734.35546875,0.0025975000000000004,5.232617187500001,55.066,
0,10,,,2.597427368164063,13.590087890625,734.82421875,0.0025975000000000004,5.232617187500001,55.1,
0,10,,,2.567291259765625,13.432617187500002,735.29296875,0.0025671875,5.232617187500001,55.134,
0,10,,,2.567291259765625,13.432617187500002,735.7031250000001,0.0025818750000000004,5.2328125000000005,55.168,
0,10,,,2.5814056396484375,13.508300781250004,736.1718750000001,0.0025818750000000004,5.2328125000000005,55.202,
0,10,,,2.587509155273438,13.538818359375004,736.6406250000001,0.0025878125000000003,5.232421875,55.236,
0,10,,,2.587509155273438,13.538818359375004,737.1093750000001,0.0025690625,5.2330078125,55.27,
0,10,,,2.5688171386718754,13.441162109375002,737.5781250000001,0.0025690625,5.2330078125,55.304,
0,10,,,2.5791168212890625,13.497314453125002,738.0078125000001,0.002579375,5.2333984375,55.338,
0,10,,,2.5791168212890625,13.457031250000002,738.4765625,0.0025721875000000003,5.232617187500001,55.372,
0,10,,,2.571868896484375,13.457031250000002,738.9453125000001,0.0025721875000000003,5.232617187500001,55.406,
0,10,,,2.5909423828125,13.558349609375002,739.4140625000001,0.0025912500000000002,5.2330078125,55.44,
0,10,,,2.5768280029296875,13.483886718750004,739.82421875,0.0025771875,5.2328125000000005,55.474,
0,10,,,2.5768280029296875,13.483886718750004,740.3125,0.0025771875,5.2328125000000005,55.508,
0,10,,,2.5814056396484375,13.508300781250004,740.7812500000001,0.0025818750000000004,5.2330078125,55.542,
0,10,,,2.589797973632813,13.5498046875,741.2500000000001,0.0025896875000000004,5.2328125000000005,55.576,
0,10,,,2.589797973632813,13.5498046875,741.7187500000001,0.0025896875000000004,5.2328125000000005,55.61,
0,10,,,2.5856018066406254,13.529052734375,742.12890625,0.0025856250000000002,5.2328125000000005,55.644,
0,10,,,2.587127685546875,13.53759765625,742.5976562500001,0.0025875000000000004,5.2328125000000005,55.678,
0,10,,,2.587127685546875,13.53759765625,743.0664062500001,0.0025875000000000004,5.2328125000000005,55.712,
0,10,,,2.556991577148438,13.380126953125002,743.5351562500001,0.0025571875,5.233203125,55.746,
0,10,,,2.5653839111328125,13.424072265625002,743.9648437500001,0.002565625,5.233203125,55.78,
0,10,,,2.5653839111328125,13.424072265625002,744.4335937500001,0.002565625,5.233203125,55.814,
0,10,,,2.5959014892578125,13.583984375,744.9023437500001,0.00259625,5.232617187500001,55.848,
0,10,,,2.5791168212890625,13.494873046875002,745.3710937500001,0.0025790625,5.2330078125,55.882,
0,10,,,2.5791168212890625,13.494873046875002,745.80078125,0.0025790625,5.2330078125,55.916,
0,10,,,2.5882720947265625,13.542480468750002,746.2500000000001,0.0025884375,5.232617187500001,55.95,
0,10,,,2.5634765625,13.4130859375,746.7187500000001,0.00256375,5.232421875,55.984,
0,10,,,2.5634765625,13.4130859375,747.1875000000001,0.00256375,5.232421875,56.018,
0,10,,,2.6008605957031254,13.607177734375002,747.65625,0.0026009375000000004,5.2322265625,56.052,
0,10,,,2.56805419921875,13.4375,748.0859375000001,0.0025684375000000004,5.232617187500001,56.086,
0,10,,,2.56805419921875,13.4375,748.5546875000001,0.0025684375000000004,5.232617187500001,56.12,
0,10,,,2.58331298828125,13.519287109375,749.0234375,0.0025834375000000002,5.233593750000001,56.154,
0,10,,,2.593994140625,13.57421875,749.4921875,0.0025943750000000003,5.2330078125,56.188,
0,10,,,2.593994140625,13.57421875,749.9218750000001,0.0025943750000000003,5.2330078125,56.222,
0,10,,,2.563095092773438,13.411865234375,750.3906250000001,0.0025631250000000003,5.233203125,56.256,
0,10,,,2.595138549804688,13.579101562500002,750.8593750000001,0.0025953125000000004,5.232617187500001,56.29,
0,10,,,2.595138549804688,13.579101562500002,751.3281250000001,0.0025953125000000004,5.232617187500001,56.324,
0,10,,,2.574920654296875,13.47412109375,751.7382812500001,0.0025753125000000003,5.232617187500001,56.358,
0,10,,,2.5806427001953125,13.50341796875,752.2070312500001,0.0025809375000000003,5.2328125000000005,56.392,
0,10,,,2.5806427001953125,13.50341796875,752.6757812500001,0.0025809375000000003,5.2328125000000005,56.426,
0,10,,,2.574539184570313,13.471679687500002,753.1445312500001,0.0025746875,5.2328125000000005,56.46,
0,10,,,2.57568359375,13.477783203125004,753.61328125,0.0025759375,5.2328125000000005,56.494,
0,10,,,2.57568359375,13.477783203125004,754.0429687500001,0.0025759375,5.232617187500001,56.528,
0,10,,,2.590179443359375,13.552246093750002,754.5117187500001,0.0025903125,5.232617187500001,56.563,
0,10,,,2.5714874267578125,13.455810546875,754.98046875,0.0025718750000000004,5.2328125000000005,56.596,
0,10,,,2.5714874267578125,13.455810546875,755.44921875,0.0025759375,5.232617187500001,56.63,
0,10,,,2.57568359375,13.477783203125004,755.9179687500001,0.0025759375,5.232617187500001,56.664,
0,10,,,2.569580078125,13.447265625000004,756.34765625,0.0025700000000000002,5.233203125,56.698,
0,10,,,2.569580078125,13.447265625000004,756.81640625,0.0025896875000000004,5.233203125,56.732,
0,10,,,2.5894165039062504,13.5498046875,757.265625,0.0025896875000000004,5.233203125,56.766,
0,10,,,2.574539184570313,13.470458984375002,757.7343750000001,0.0025746875,5.232421875,56.8,
0,10,,,2.574539184570313,13.470458984375002,758.1640625000001,0.0025740625000000004,5.233203125,56.834,
0,10,,,2.5737762451171875,13.468017578125,758.6328125000001,0.0025740625000000004,5.233203125,56.868,
0,10,,,2.5970458984375004,13.588867187500002,759.1015625000001,0.0025971875,5.2328125000000005,56.902,
0,10,,,2.5970458984375004,13.588867187500002,759.5703125000001,0.0025671875,5.2330078125,56.936,
0,10,,,2.566909790039063,13.432617187500002,760.0000000000001,0.0025671875,5.2330078125,56.97,
0,10,,,2.5905609130859375,13.555908203125002,760.4687500000001,0.002590625,5.2330078125,57.004,
0,10,,,2.5905609130859375,13.471679687500002,760.9375,0.0025743750000000003,5.233203125,57.038,
0,10,,,2.574539184570313,13.471679687500002,761.4062500000001,0.0025743750000000003,5.233203125,57.072,
0,10,,,2.582550048828125,13.511962890625002,761.8750000000001,0.0025825,5.2328125000000005,57.106,
0,10,,,2.5867462158203125,13.536376953125002,762.3046875,0.002586875,5.233203125,57.14,
0,10,,,2.5867462158203125,13.536376953125002,762.7734375,0.002586875,5.233203125,57.174,
0,10,,,2.5730133056640625,13.464355468750002,763.2421875000001,0.0025731250000000003,5.233593750000001,57.209,
0,10,,,2.5844573974609375,13.52294921875,763.7109375000001,0.0025846875,5.232617187500001,57.243,
0,10,,,2.5844573974609375,13.52294921875,764.12109375,0.0025846875,5.232617187500001,57.277,
0,10,,,2.578353881835938,13.492431640625,764.58984375,0.0025784375,5.2333984375,57.31,
0,10,,,2.579498291015625,13.497314453125002,765.0585937500001,0.0025796875000000004,5.2328125000000005,57.344,
0,10,,,2.579498291015625,13.497314453125002,765.5273437500001,0.0025796875000000004,5.2328125000000005,57.378,
0,10,,,2.563095092773438,13.4130859375,765.9570312500001,0.0025631250000000003,5.233593750000001,57.412,
0,10,,,2.5817871093750004,13.509521484375002,766.4257812500001,0.0025821875000000003,5.2328125000000005,57.446,
0,10,,,2.5817871093750004,13.509521484375002,766.8945312500001,0.0025821875000000003,5.2328125000000005,57.48,
0,10,,,2.5917053222656254,13.560791015625002,767.3632812500001,0.0025918750000000004,5.2330078125,57.514,
0,10,,,2.574539184570313,13.47412109375,767.8320312500001,0.0025746875,5.233593750000001,57.548,
0,10,,,2.574539184570313,13.47412109375,768.2421875000001,0.0025746875,5.233593750000001,57.582,
0,10,,,2.583694458007813,13.518066406250002,768.7304687500001,0.0025840625000000004,5.232421875,57.617,
0,10,,,2.5806427001953125,13.505859375000002,769.1796875000001,0.0025809375000000003,5.2333984375,57.651,
0,10,,,2.5806427001953125,13.505859375000002,769.6484375000001,0.0025809375000000003,5.2333984375,57.685,
0,10,,,2.5844573974609375,13.52294921875,770.1171875,0.0025846875,5.232421875,57.719,
0,10,,,2.5844573974609375,13.52294921875,770.5468750000001,0.0025846875,5.2328125000000005,57.753,
0,10,,,2.5844573974609375,13.52294921875,771.0156250000001,0.0025846875,5.2328125000000005,57.787,
0,10,,,2.5730133056640625,13.463134765625002,771.484375,0.0025731250000000003,5.2328125000000005,57.821,
0,10,,,2.57720947265625,13.483886718750004,771.953125,0.0025771875,5.232421875,57.855,
0,10,,,2.57720947265625,13.483886718750004,772.3828125000001,0.0025771875,5.232421875,57.889,
0,10,,,2.582168579101563,13.511962890625002,772.8515625000001,0.0025821875000000003,5.2328125000000005,57.923,
0,10,,,2.57568359375,13.477783203125004,773.3203125000001,0.0025759375,5.232617187500001,57.957,
0,10,,,2.57568359375,13.477783203125004,773.7890625000001,0.0025759375,5.232617187500001,57.991,
0,10,,,2.5730133056640625,13.464355468750002,774.2578125000001,0.0025731250000000003,5.233203125,58.025,
0,10,,,2.594757080078125,13.579101562500002,774.6875000000001,0.002595,5.233593750000001,58.059,
0,10,,,2.594757080078125,13.579101562500002,775.1367187500001,0.002595,5.2330078125,58.093,
0,10,,,2.572250366210938,13.459472656250002,775.6054687500001,0.0025725,5.2330078125,58.127,
0,10,,,2.574920654296875,13.47412109375,776.07421875,0.002575,5.2328125000000005,58.161,
0,10,,,2.574920654296875,13.47412109375,776.5039062500001,0.002575,5.2330078125,58.195,
0,10,,,2.58331298828125,13.518066406250002,776.9726562500001,0.0025834375000000002,5.2330078125,58.229,
0,10,,,2.5753021240234375,13.4765625,777.44140625,0.0025756250000000002,5.2330078125,58.263,
0,10,,,2.5753021240234375,13.4765625,777.91015625,0.0025865625000000003,5.2328125000000005,58.297,
0,10,,,2.58636474609375,13.532714843750002,778.3398437500001,0.0025865625000000003,5.2328125000000005,58.331,
0,10,,,2.5844573974609375,13.52294921875,778.80859375,0.0025843750000000003,5.2330078125,58.365,
0,10,,,2.5844573974609375,13.52294921875,779.27734375,0.0025756250000000002,5.2330078125,58.399,
0,10,,,2.5753021240234375,13.4765625,779.74609375,0.0025756250000000002,5.2330078125,58.433,
0,10,,,2.5753021240234375,13.475341796875002,780.21484375,0.0025756250000000002,5.2328125000000005,58.467,
0,10,,,2.5753021240234375,13.475341796875002,780.6250000000001,0.0025743750000000003,5.2333984375,58.501,
0,10,,,2.5741577148437504,13.469238281250002,781.0937500000001,0.0025743750000000003,5.2333984375,58.535,
0,10,,,2.578353881835938,13.492431640625,781.5625000000001,0.0025787500000000003,5.2330078125,58.569,
0,10,,,2.578353881835938,13.492431640625,782.0312500000001,0.002576875,5.232617187500001,58.603,
0,10,,,2.5764465332031254,13.481445312500002,782.4609375000001,0.002576875,5.232617187500001,58.637,
0,10,,,2.587127685546875,13.536376953125002,782.9296875000001,0.0025871875,5.232421875,58.672,
0,10,,,2.5848388671875,13.525390625000002,783.3984375,0.0025846875,5.233203125,58.706,
0,10,,,2.5848388671875,13.525390625000002,783.8671875000001,0.0025846875,5.233203125,58.74,
0,10,,,2.5741577148437504,13.470458984375002,784.3359375000001,0.0025743750000000003,5.2330078125,58.774,
0,10,,,2.5867462158203125,13.536376953125002,784.765625,0.002586875,5.233203125,58.808,
0,10,,,2.5867462158203125,13.536376953125002,785.234375,0.002586875,5.233203125,58.842,
0,10,,,2.5905609130859375,13.554687500000002,785.7031250000001,0.002590625,5.2328125000000005,58.876,
0,10,,,2.5829315185546875,13.515625000000002,786.1718750000001,0.0025831250000000004,5.233203125,58.91,
0,10,,,2.5829315185546875,13.515625000000002,786.6406250000001,0.0025831250000000004,5.233203125,58.944,
0,10,,,2.57720947265625,13.485107421875002,787.0703125,0.0025775000000000004,5.232617187500001,58.978,
0,10,,,2.5802612304687504,13.500976562500002,787.5195312500001,0.0025803125,5.232617187500001,59.012,
0,10,,,2.5802612304687504,13.500976562500002,787.9882812500001,0.0025803125,5.232617187500001,59.046,
0,10,,,2.5768280029296875,13.482666015625,788.4570312500001,0.002576875,5.2330078125,59.08,
0,10,,,2.5737762451171875,13.469238281250002,788.8867187500001,0.0025740625000000004,5.2333984375,59.114,
0,10,,,2.5737762451171875,13.469238281250002,789.3554687500001,0.0025740625000000004,5.2333984375,59.148,
0,10,,,2.5955200195312504,13.581542968750002,789.8242187500001,0.0025956250000000003,5.233203125,59.182,
0,10,,,2.574920654296875,13.47412109375,790.2929687500001,0.0025753125000000003,5.2330078125,59.216,
0,10,,,2.574920654296875,13.47412109375,790.72265625,0.0025753125000000003,5.2330078125,59.25,
0,10,,,2.5779724121093754,13.491210937500002,791.1914062500001,0.002578125,5.2333984375,59.284,
0,10,,,2.5787353515625,13.493652343750002,791.6601562500001,0.0025790625,5.232617187500001,59.318,
0,10,,,2.5787353515625,13.493652343750002,792.1289062500001,0.0025790625,5.232617187500001,59.352,
0,10,,,2.588653564453125,13.546142578125002,792.5976562500001,0.0025887500000000003,5.233203125,59.386,
0,10,,,2.5840759277343754,13.521728515625002,793.0273437500001,0.0025840625000000004,5.2330078125,59.42,
0,10,,,2.5840759277343754,13.521728515625002,793.4960937500001,0.0025840625000000004,5.2330078125,59.454,
0,10,,,2.5741577148437504,13.469238281250002,793.9453125,0.0025743750000000003,5.2328125000000005,59.488,
0,10,,,2.5878906250000004,13.542480468750002,794.4140625,0.002588125,5.2328125000000005,59.522,
0,10,,,2.5878906250000004,13.542480468750002,794.8437500000001,0.002588125,5.2328125000000005,59.556,
0,10,,,2.57568359375,13.479003906250002,795.3125000000001,0.0025759375,5.2333984375,59.59,
0,10,,,2.581024169921875,13.504638671875,795.7812500000001,0.00258125,5.232617187500001,59.624,
0,10,,,2.581024169921875,13.504638671875,796.2500000000001,0.00258125,5.232617187500001,59.658,
0,10,,,2.5882720947265625,13.544921875000004,796.6796875000001,0.0025884375,5.2333984375,59.692,
0,10,,,2.59246826171875,13.566894531250002,797.1484375000001,0.0025925,5.2333984375,59.726,
0,10,,,2.59246826171875,13.566894531250002,797.6171875000001,0.0025925,5.2328125000000005,59.76,
0,10,,,2.5787353515625,13.492431640625,798.0859375000001,0.0025787500000000003,5.2328125000000005,59.794,
0,10,,,2.57568359375,13.4765625,798.5546875000001,0.0025756250000000002,5.2330078125,59.828,
0,10,,,2.57568359375,13.4765625,799.0234375,0.0025756250000000002,5.2328125000000005,59.862,
0,10,,,2.5878906250000004,13.541259765625,799.4531250000001,0.002588125,5.2328125000000005,59.896,
0,10,,,2.581024169921875,13.507080078125,799.9218750000001,0.00258125,5.2333984375,59.93,
0,10,,,2.581024169921875,13.507080078125,800.390625,0.002579375,5.2330078125,59.964,
0,10,,,2.5791168212890625,13.496093750000002,800.8593750000001,0.002579375,5.2330078125,59.998,
0,10,,,2.5917053222656254,13.562011718750002,801.2890625000001,0.0025918750000000004,5.233203125,60.032,
0,10,,,2.5917053222656254,13.562011718750002,801.7578125,0.0025815625,5.2328125000000005,60.066,
0,10,,,2.5814056396484375,13.507080078125,802.20703125,0.0025815625,5.2328125000000005,60.1,
0,10,,,2.5768280029296875,13.482666015625,802.67578125,0.0025771875,5.232617187500001,60.134,
0,10,,,2.5768280029296875,13.482666015625,803.1054687500001,0.0025796875000000004,5.233203125,60.168,
0,10,,,2.579498291015625,13.49853515625,803.5742187500001,0.0025796875000000004,5.233203125,60.202,
0,10,,,2.5955200195312504,13.582763671875002,804.04296875,0.0025959375,5.233203125,60.236,
0,10,,,2.5955200195312504,13.582763671875002,804.53125,0.0025921875000000003,5.2330078125,60.27,
0,10,,,2.5920867919921875,13.563232421875002,804.9804687500001,0.0025921875000000003,5.2330078125,60.304,
0,10,,,2.581024169921875,13.507080078125,805.41015625,0.00258125,5.2333984375,60.338,
0,10,,,2.581024169921875,13.457031250000002,805.8789062500001,0.0025718750000000004,5.2328125000000005,60.372,
0,10,,,2.571868896484375,13.457031250000002,806.34765625,0.0025718750000000004,5.2328125000000005,60.406,
0,10,,,2.579498291015625,13.49853515625,806.8164062500002,0.0025796875000000004,5.2330078125,60.44,
0,10,,,2.5856018066406254,13.529052734375,807.2460937500001,0.0025856250000000002,5.2330078125,60.474,
0,10,,,2.5856018066406254,13.529052734375,807.71484375,0.0025856250000000002,5.2330078125,60.508,
0,10,,,2.574539184570313,13.471679687500002,808.1835937500001,0.0025746875,5.2330078125,60.542,
0,10,,,2.594757080078125,13.576660156250002,808.6523437500001,0.002595,5.232421875,60.576,
0,10,,,2.594757080078125,13.576660156250002,809.08203125,0.002595,5.232421875,60.61,
0,10,,,2.5867462158203125,13.536376953125002,809.5507812500001,0.002586875,5.2333984375,60.644,
0,10,,,2.5840759277343754,13.521728515625002,810.01953125,0.0025843750000000003,5.2330078125,60.678,
0,10,,,2.5840759277343754,13.521728515625002,810.48828125,0.0025843750000000003,5.2330078125,60.712,
0,10,,,2.5905609130859375,13.554687500000002,810.9570312500001,0.0025909375000000004,5.232421875,60.746,
0,10,,,2.5661468505859375,13.427734375,811.4257812500001,0.0025662500000000004,5.2330078125,60.781,
0,10,,,2.5661468505859375,13.427734375,811.8359375000001,0.0025662500000000004,5.2330078125,60.815,
0,10,,,2.590179443359375,13.553466796875,812.3046875000001,0.0025903125,5.2328125000000005,60.849,
0,10,,,2.5600433349609375,13.395996093750002,812.7734375000002,0.0025603125,5.2328125000000005,60.883,
0,10,,,2.5600433349609375,13.395996093750002,813.2421875000001,0.0025603125,5.2328125000000005,60.917,
0,10,,,2.5829315185546875,13.514404296875004,813.671875,0.0025831250000000004,5.2328125000000005,60.951,
0,10,,,2.564239501953125,13.417968750000002,814.1406250000002,0.0025643750000000002,5.2328125000000005,60.985,
0,10,,,2.564239501953125,13.417968750000002,814.6093750000001,0.0025643750000000002,5.2328125000000005,61.019,
0,10,,,2.573394775390625,13.465576171875002,815.078125,0.0025734375,5.2328125000000005,61.053,
0,10,,,2.578353881835938,13.492431640625,815.5078125000001,0.0025787500000000003,5.2330078125,61.087,
0,10,,,2.578353881835938,13.492431640625,815.9765625000001,0.0025787500000000003,5.2330078125,61.121,
0,10,,,2.60162353515625,13.613281250000002,816.4453125,0.002601875,5.2328125000000005,61.155,
0,10,,,2.589797973632813,13.551025390625002,816.9140625000001,0.0025900000000000003,5.2330078125,61.189,
0,10,,,2.589797973632813,13.551025390625002,817.3828125,0.0025900000000000003,5.2330078125,61.223,
0,10,,,2.579879760742188,13.500976562500002,817.7929687500001,0.0025803125,5.2330078125,61.257,
0,10,,,2.5787353515625,13.494873046875002,818.2617187500001,0.0025790625,5.2330078125,61.291,
0,10,,,2.5787353515625,13.494873046875002,818.7304687500001,0.0025790625,5.2330078125,61.325,
0,10,,,2.5737762451171875,13.468017578125,819.1992187500001,0.0025740625000000004,5.2328125000000005,61.359,
0,10,,,2.578353881835938,13.492431640625,819.6289062500001,0.0025787500000000003,5.2328125000000005,61.393,
0,10,,,2.578353881835938,13.492431640625,820.0976562500002,0.0025787500000000003,5.2328125000000005,61.427,
0,10,,,2.5932312011718754,13.570556640625002,820.5664062500001,0.0025934375000000003,5.2328125000000005,61.461,
0,10,,,2.564620971679688,13.420410156250002,821.03515625,0.002565,5.2328125000000005,61.495,
0,10,,,2.564620971679688,13.420410156250002,821.4648437500002,0.002565,5.2333984375,61.529,
0,10,,,2.5943756103515625,13.576660156250002,821.9335937500001,0.0025943750000000003,5.2333984375,61.563,
0,10,,,2.576065063476563,13.480224609375,822.40234375,0.0025762500000000004,5.2328125000000005,61.597,
0,10,,,2.576065063476563,13.480224609375,822.8710937500001,0.0025834375000000002,5.233203125,61.631,
0,10,,,2.58331298828125,13.518066406250002,823.33984375,0.0025834375000000002,5.233203125,61.665,
0,10,,,2.5814056396484375,13.507080078125,823.7500000000001,0.0025815625,5.232617187500001,61.699,
0,10,,,2.5814056396484375,13.507080078125,824.21875,0.0025765625000000003,5.2330078125,61.733,
0,10,,,2.5764465332031254,13.481445312500002,824.6875000000001,0.0025765625000000003,5.2330078125,61.767,
0,10,,,2.5791168212890625,13.496093750000002,825.15625,0.002579375,5.2330078125,61.801,
0,10,,,2.5791168212890625,13.496093750000002,825.625,0.0025703125,5.233593750000001,61.836,
0,10,,,2.5703430175781254,13.450927734375002,826.0546875000001,0.0025703125,5.233593750000001,61.87,
0,10,,,2.585983276367188,13.532714843750002,826.5234375000001,0.00258625,5.233203125,61.904,
0,10,,,2.585983276367188,13.532714843750002,826.9921875,0.0025743750000000003,5.2328125000000005,61.938,
0,10,,,2.5741577148437504,13.469238281250002,827.4609375000001,0.0025743750000000003,5.2328125000000005,61.972,
0,10,,,2.5943756103515625,13.575439453125004,827.8906250000001,0.0025943750000000003,5.233203125,62.006,
0,10,,,2.5852203369140625,13.529052734375,828.359375,0.0025856250000000002,5.233203125,62.04,
0,10,,,2.5852203369140625,13.529052734375,828.8281250000001,0.0025856250000000002,5.233203125,62.074,
0,10,,,2.5829315185546875,13.515625000000002,829.296875,0.0025834375000000002,5.2328125000000005,62.108,
0,10,,,2.60009765625,13.605957031250004,829.7265625,0.002600625,5.2328125000000005,62.142,
0,10,,,2.60009765625,13.605957031250004,830.1953125000001,0.002600625,5.2328125000000005,62.176,
0,10,,,2.5840759277343754,13.521728515625002,830.6640625,0.0025843750000000003,5.2328125000000005,62.21,
0,10,,,2.5856018066406254,13.530273437500002,831.1328125000001,0.0025856250000000002,5.233203125,62.244,
0,10,,,2.5856018066406254,13.530273437500002,831.6015625000001,0.0025856250000000002,5.233203125,62.278,
0,10,,,2.57110595703125,13.455810546875,832.0117187500001,0.00257125,5.2333984375,62.312,
0,10,,,2.565765380859375,13.426513671875002,832.48046875,0.0025659375,5.2328125000000005,62.346,
0,10,,,2.565765380859375,13.426513671875002,832.94921875,0.0025659375,5.2328125000000005,62.38,
0,10,,,2.595138549804688,13.579101562500002,833.4179687500001,0.0025956250000000003,5.232617187500001,62.414,
0,10,,,2.5775909423828125,13.48876953125,833.8476562500001,0.0025778125000000002,5.233203125,62.448,
0,10,,,2.5775909423828125,13.48876953125,834.31640625,0.0025778125000000002,5.233203125,62.481,
0,10,,,2.59246826171875,13.563232421875002,834.7851562500001,0.0025925,5.232421875,62.515,
0,10,,,2.5802612304687504,13.500976562500002,835.2539062500001,0.002580625,5.232617187500001,62.549,
0,10,,,2.5802612304687504,13.500976562500002,835.68359375,0.002580625,5.232617187500001,62.583,
0,10,,,2.570724487304688,13.450927734375002,836.1523437500001,0.0025709375000000003,5.232617187500001,62.617,
0,10,,,2.5764465332031254,13.481445312500002,836.62109375,0.0025765625000000003,5.2330078125,62.651,
0,10,,,2.5764465332031254,13.481445312500002,837.0703125000001,0.0025765625000000003,5.2330078125,62.685,
0,10,,,2.565765380859375,13.42529296875,837.5,0.0025659375,5.232617187500001,62.719,
0,10,,,2.602386474609375,13.616943359375002,837.98828125,0.0026028125,5.232617187500001,62.753,
0,10,,,2.602386474609375,13.616943359375002,838.4570312500001,0.0026028125,5.232617187500001,62.787,
0,10,,,2.59246826171875,13.564453125,838.9257812500001,0.0025928125,5.232421875,62.821,
0,10,,,2.5932312011718754,13.569335937500004,839.39453125,0.0025934375000000003,5.2328125000000005,62.855,
0,10,,,2.5932312011718754,13.569335937500004,839.8046875,0.0025934375000000003,5.2328125000000005,62.89,
0,10,,,2.57568359375,13.477783203125004,840.2734375,0.0025759375,5.233203125,62.924,
0,10,,,2.57568359375,13.4765625,840.7421875000001,0.0025759375,5.232617187500001,62.958,
0,10,,,2.57568359375,13.4765625,841.2109375000001,0.0025759375,5.232617187500001,62.992,
0,10,,,2.5852203369140625,13.526611328125002,841.6796875000001,0.0025853125000000004,5.232617187500001,63.026,
0,10,,,2.569580078125,13.444824218750002,842.1093750000001,0.0025696875000000004,5.232617187500001,63.06,
0,10,,,2.569580078125,13.444824218750002,842.5781250000001,0.0025696875000000004,5.2330078125,63.094,
0,10,,,2.578353881835938,13.491210937500002,843.0468750000002,0.0025784375,5.2330078125,63.128,
0,10,,,2.573394775390625,13.466796875000002,843.5156250000001,0.00257375,5.2330078125,63.162,
0,10,,,2.573394775390625,13.466796875000002,843.9257812500002,0.00257375,5.2328125000000005,63.196,
0,10,,,2.5890350341796875,13.54736328125,844.4140625000002,0.0025890625000000002,5.2328125000000005,63.23,
0,10,,,2.5848388671875,13.524169921875002,844.8828125000001,0.0025846875,5.232617187500001,63.264,
0,10,,,2.5848388671875,13.524169921875002,845.3320312500001,0.002565,5.2328125000000005,63.298,
0,10,,,2.564620971679688,13.420410156250002,845.80078125,0.002565,5.2328125000000005,63.332,
0,10,,,2.5890350341796875,13.54736328125,846.23046875,0.002589375,5.232617187500001,63.366,
0,10,,,2.5890350341796875,13.54736328125,846.6992187500001,0.002576875,5.232617187500001,63.4,
0,10,,,2.5768280029296875,13.482666015625,847.16796875,0.002576875,5.232617187500001,63.434,
0,10,,,2.5997161865234375,13.603515625000002,847.6367187500001,0.0026000000000000003,5.2328125000000005,63.468,
0,10,,,2.5997161865234375,13.603515625000002,848.0664062500001,0.0025731250000000003,5.2328125000000005,63.502,
0,10,,,2.5726318359375004,13.463134765625002,848.5351562500001,0.0025731250000000003,5.2328125000000005,63.536,
0,10,,,2.57110595703125,13.454589843750002,849.0039062500001,0.0025715625,5.2330078125,63.57,
0,10,,,2.57110595703125,13.454589843750002,849.4726562500001,0.002578125,5.2328125000000005,63.604,
0,10,,,2.5779724121093754,13.489990234375002,849.9023437500001,0.002578125,5.2328125000000005,63.638,
0,10,,,2.591323852539063,13.558349609375002,850.3710937500002,0.0025912500000000002,5.2328125000000005,63.672,
0,10,,,2.591323852539063,13.558349609375002,850.8398437500001,0.0025790625,5.2328125000000005,63.706,
0,10,,,2.5791168212890625,13.494873046875002,851.30859375,0.0025790625,5.2328125000000005,63.74,
0,10,,,2.5768280029296875,13.485107421875002,851.7187500000001,0.002576875,5.233203125,63.774,
0,10,,,2.5894165039062504,13.548583984375002,852.1875,0.002589375,5.232617187500001,63.808,
0,10,,,2.5894165039062504,13.548583984375002,852.6562500000001,0.002589375,5.232617187500001,63.842,
0,10,,,2.576065063476563,13.480224609375,853.125,0.0025762500000000004,5.233203125,63.876,
0,10,,,2.5917053222656254,13.562011718750002,853.5546875,0.0025921875000000003,5.2328125000000005,63.91,
0,10,,,2.5917053222656254,13.562011718750002,854.0234375000001,0.0025921875000000003,5.2328125000000005,63.944,
0,10,,,2.5909423828125,13.557128906250002,854.4921875,0.0025909375000000004,5.2330078125,63.978,
0,10,,,2.56805419921875,13.438720703125002,854.9609375000001,0.0025684375000000004,5.233203125,64.012,
0,10,,,2.56805419921875,13.438720703125002,855.4296875,0.0025684375000000004,5.233203125,64.046,
0,10,,,2.574920654296875,13.47412109375,855.8984375,0.002575,5.233203125,64.08,
0,10,,,2.5768280029296875,13.482666015625,856.3281250000001,0.002576875,5.232617187500001,64.114,
0,10,,,2.5768280029296875,13.482666015625,856.7968750000001,0.002576875,5.232617187500001,64.148,
0,10,,,2.579879760742188,13.49853515625,857.265625,0.0025800000000000003,5.232617187500001,64.182,
0,10,,,2.5703430175781254,13.448486328125002,857.7148437500001,0.0025703125,5.2328125000000005,64.216,
0,10,,,2.5703430175781254,13.448486328125002,858.14453125,0.0025703125,5.2328125000000005,64.25,
0,10,,,2.5840759277343754,13.520507812500002,858.6132812500001,0.0025843750000000003,5.232617187500001,64.284,
0,10,,,2.58331298828125,13.518066406250002,859.08203125,0.00258375,5.232617187500001,64.318,
0,10,,,2.58331298828125,13.518066406250002,859.5507812500002,0.00258375,5.232617187500001,64.352,
0,10,,,2.57720947265625,13.485107421875002,860.0195312500001,0.0025775000000000004,5.2328125000000005,64.386,
0,10,,,2.588653564453125,13.546142578125002,860.44921875,0.0025887500000000003,5.233593750000001,64.42,
0,10,,,2.588653564453125,13.546142578125002,860.9179687500001,0.0025887500000000003,5.233593750000001,64.454,
0,10,,,2.5741577148437504,13.471679687500002,861.3867187500001,0.0025746875,5.2333984375,64.488,
0,10,,,2.5726318359375004,13.464355468750002,861.85546875,0.0025728125,5.233593750000001,64.522,
0,10,,,2.5726318359375004,13.464355468750002,862.265625,0.0025728125,5.233593750000001,64.556,
0,10,,,2.5730133056640625,13.463134765625002,862.734375,0.0025731250000000003,5.232617187500001,64.59,
0,10,,,2.5741577148437504,13.469238281250002,863.2031250000001,0.0025743750000000003,5.232617187500001,64.624,
0,10,,,2.5741577148437504,13.469238281250002,863.6718750000001,0.0025743750000000003,5.232617187500001,64.658,
0,10,,,2.5787353515625,13.493652343750002,864.1015625,0.0025787500000000003,5.2328125000000005,64.692,
0,10,,,2.5585174560546875,13.386230468750004,864.5703125000001,0.0025584375000000004,5.232421875,64.726,
0,10,,,2.5585174560546875,13.386230468750004,865.0390625000001,0.0025584375000000004,5.232421875,64.76,
0,10,,,2.5753021240234375,13.475341796875002,865.5078125000002,0.0025756250000000002,5.2328125000000005,64.794,
0,10,,,2.5806427001953125,13.50341796875,865.95703125,0.002580625,5.233203125,64.828,
0,10,,,2.5806427001953125,13.50341796875,866.3867187500002,0.002580625,5.2328125000000005,64.862,
0,10,,,2.5856018066406254,13.529052734375,866.8554687500001,0.0025856250000000002,5.2328125000000005,64.896,
0,10,,,2.5699615478515625,13.448486328125002,867.32421875,0.0025700000000000002,5.233203125,64.93,
0,10,,,2.5699615478515625,13.448486328125002,867.7929687500001,0.0025675000000000003,5.2328125000000005,64.964,
0,10,,,2.567291259765625,13.433837890625002,868.26171875,0.0025675000000000003,5.2328125000000005,64.999,
0,10,,,2.60009765625,13.604736328125,868.69140625,0.0026003125,5.232617187500001,65.033,
0,10,,,2.60009765625,13.604736328125,869.1601562500001,0.0025728125,5.2328125000000005,65.067,
0,10,,,2.5726318359375004,13.460693359375002,869.62890625,0.0025728125,5.2328125000000005,65.101,
0,10,,,2.5806427001953125,13.504638671875,870.0976562500001,0.0025809375000000003,5.2328125000000005,65.135,
0,10,,,2.5806427001953125,13.504638671875,870.5273437500001,0.002580625,5.2333984375,65.169,
0,10,,,2.5802612304687504,13.50341796875,870.9960937500001,0.002580625,5.2333984375,65.203,
0,10,,,2.5787353515625,13.494873046875002,871.4648437500001,0.0025790625,5.2330078125,65.237,
0,10,,,2.5787353515625,13.494873046875002,871.9335937500001,0.0025915625,5.2330078125,65.271,
0,10,,,2.591323852539063,13.5595703125,872.40234375,0.0025915625,5.2330078125,65.305,
0,10,,,2.5882720947265625,13.546142578125002,872.8125000000001,0.0025887500000000003,5.2333984375,65.339,
0,10,,,2.5882720947265625,13.570556640625002,873.3007812500001,0.0025934375000000003,5.2330078125,65.373,
0,10,,,2.5932312011718754,13.570556640625002,873.7500000000001,0.0025934375000000003,5.2330078125,65.407,
0,10,,,2.5764465332031254,13.481445312500002,874.21875,0.0025765625000000003,5.233203125,65.441,
0,10,,,2.5867462158203125,13.536376953125002,874.6484375,0.002586875,5.233203125,65.475,
0,10,,,2.5867462158203125,13.536376953125002,875.1171875000001,0.002586875,5.233203125,65.509,
0,10,,,2.5840759277343754,13.520507812500002,875.5859375,0.0025843750000000003,5.232617187500001,65.543,
0,10,,,2.564239501953125,13.419189453125,876.0546875000001,0.0025643750000000002,5.2337890625000005,65.577,
0,10,,,2.564239501953125,13.419189453125,876.4843750000001,0.0025643750000000002,5.2337890625000005,65.611,
0,10,,,2.5840759277343754,13.521728515625002,876.953125,0.0025843750000000003,5.2328125000000005,65.645,
0,10,,,2.58636474609375,13.531494140625002,877.4218750000001,0.0025865625000000003,5.2322265625,65.679,
0,10,,,2.58636474609375,13.531494140625002,877.890625,0.0025865625000000003,5.2322265625,65.713,
0,10,,,2.5848388671875,13.524169921875002,878.3203125000001,0.0025846875,5.232421875,65.747,
0,10,,,2.5779724121093754,13.489990234375002,878.7890625000001,0.002578125,5.2330078125,65.781,
0,10,,,2.5779724121093754,13.489990234375002,879.2578125000001,0.002578125,5.2330078125,65.815,
0,10,,,2.574920654296875,13.47412109375,879.7070312500001,0.002575,5.2330078125,65.849,
0,10,,,2.576065063476563,13.479003906250002,880.1757812500001,0.0025762500000000004,5.2328125000000005,65.883,
0,10,,,2.576065063476563,13.479003906250002,880.60546875,0.0025762500000000004,5.2328125000000005,65.917,
0,10,,,2.5775909423828125,13.486328125,881.0742187500001,0.0025778125000000002,5.232421875,65.951,
0,10,,,2.57568359375,13.4765625,881.54296875,0.0025756250000000002,5.233203125,65.985,
0,10,,,2.57568359375,13.4765625,882.0117187500002,0.0025756250000000002,5.233203125,66.019,
0,10,,,2.579879760742188,13.499755859375002,882.4804687500001,0.0025800000000000003,5.2328125000000005,66.054,
0,10,,,2.5787353515625,13.494873046875002,882.91015625,0.0025790625,5.233203125,66.088,
0,10,,,2.5787353515625,13.494873046875002,883.3789062500001,0.0025790625,5.233203125,66.122,
0,10,,,2.574920654296875,13.472900390625,883.8476562500001,0.002575,5.233203125,66.156,
0,10,,,2.5730133056640625,13.464355468750002,884.2968750000001,0.0025731250000000003,5.2333984375,66.19,
0,10,,,2.5730133056640625,13.464355468750002,884.7265625,0.0025731250000000003,5.2333984375,66.224,
0,10,,,2.581024169921875,13.504638671875,885.1953125,0.00258125,5.2328125000000005,66.258,
0,10,,,2.5867462158203125,13.53515625,885.6640625000001,0.002586875,5.2330078125,66.292,
0,10,,,2.5867462158203125,13.53515625,886.1328125000001,0.002586875,5.2330078125,66.326,
0,10,,,2.590179443359375,13.554687500000002,886.6015625000001,0.002590625,5.2330078125,66.36,
0,10,,,2.5638580322265625,13.41552734375,887.0312500000001,0.0025640625000000004,5.232617187500001,66.394,
0,10,,,2.5638580322265625,13.41552734375,887.5000000000001,0.0025640625000000004,5.232617187500001,66.428,
0,10,,,2.593994140625,13.572998046875002,887.9687500000002,0.0025943750000000003,5.232617187500001,66.462,
0,10,,,2.583694458007813,13.520507812500002,888.4375000000001,0.0025840625000000004,5.233203125,66.496,
0,10,,,2.583694458007813,13.520507812500002,888.8671875,0.0025840625000000004,5.232617187500001,66.53,
0,10,,,2.566909790039063,13.430175781250002,889.3359375000002,0.002566875,5.232617187500001,66.564,
0,10,,,2.602386474609375,13.618164062500002,889.8046875000001,0.0026025,5.2330078125,66.598,
0,10,,,2.602386474609375,13.618164062500002,890.2734375,0.0025696875000000004,5.2330078125,66.631,
0,10,,,2.5691986083984375,13.444824218750002,890.6835937500001,0.0025696875000000004,5.2330078125,66.665,
0,10,,,2.5856018066406254,13.532714843750002,891.15234375,0.0025859375,5.2337890625000005,66.699,
0,10,,,2.5856018066406254,13.532714843750002,891.6210937500001,0.0025725,5.2330078125,66.733,
0,10,,,2.572250366210938,13.460693359375002,892.08984375,0.0025725,5.2330078125,66.767,
0,10,,,2.574539184570313,13.47412109375,892.51953125,0.0025746875,5.233593750000001,66.801,
0,10,,,2.574539184570313,13.47412109375,892.9882812500001,0.0025665625000000003,5.2330078125,66.835,
0,10,,,2.5665283203125004,13.428955078125002,893.4570312500001,0.0025665625000000003,5.2330078125,66.869,
0,10,,,2.5764465332031254,13.483886718750004,893.9257812500001,0.002576875,5.233593750000001,66.903,
0,10,,,2.5764465332031254,13.483886718750004,894.3945312500001,0.0025975000000000004,5.2328125000000005,66.937,
0,10,,,2.597427368164063,13.591308593750002,894.8242187500001,0.0025975000000000004,5.2328125000000005,66.971,
0,10,,,2.5882720947265625,13.546142578125002,895.2929687500002,0.0025887500000000003,5.2333984375,67.005,
0,10,,,2.5882720947265625,13.546142578125002,895.7617187500001,0.0025765625000000003,5.2330078125,67.039,
0,10,,,2.5764465332031254,13.481445312500002,896.2109375000001,0.0025765625000000003,5.2330078125,67.073,
0,10,,,2.568435668945313,13.439941406250002,896.6796875,0.0025687500000000003,5.2330078125,67.108,
0,10,,,2.5676727294921875,13.436279296875002,897.109375,0.0025678125,5.233593750000001,67.142,
0,10,,,2.5676727294921875,13.436279296875002,897.5781250000001,0.0025678125,5.233593750000001,67.176,
0,10,,,2.5852203369140625,13.527832031250002,898.046875,0.0025853125000000004,5.2328125000000005,67.21,
0,10,,,2.5779724121093754,13.48876953125,898.5156250000001,0.002578125,5.232617187500001,67.244,
0,10,,,2.5779724121093754,13.48876953125,898.9843750000001,0.002578125,5.232617187500001,67.278,
0,10,,,2.5753021240234375,13.475341796875002,899.3945312500001,0.0025756250000000002,5.232617187500001,67.312,
0,10,,,2.566909790039063,13.431396484375,899.86328125,0.0025671875,5.2328125000000005,67.346,
0,10,,,2.566909790039063,13.431396484375,900.33203125,0.0025671875,5.2328125000000005,67.38,
0,10,,,2.579498291015625,13.49853515625,900.8007812500001,0.0025796875000000004,5.2337890625000005,67.414,
0,10,,,2.5802612304687504,13.500976562500002,901.2304687500001,0.002580625,5.232617187500001,67.448,
0,10,,,2.5802612304687504,13.500976562500002,901.69921875,0.002580625,5.232617187500001,67.482,
0,10,,,2.5764465332031254,13.480224609375,902.1679687500001,0.0025765625000000003,5.232421875,67.516,
0,10,,,2.5966644287109375,13.587646484375002,902.6367187500001,0.0025968750000000002,5.2328125000000005,67.55,
0,10,,,2.5966644287109375,13.587646484375002,903.1054687500002,0.0025968750000000002,5.2328125000000005,67.584,
0,10,,,2.573394775390625,13.465576171875002,903.5351562500001,0.00257375,5.232617187500001,67.618,
0,10,,,2.576065063476563,13.480224609375,904.00390625,0.0025762500000000004,5.2330078125,67.652,
0,10,,,2.576065063476563,13.480224609375,904.4726562500002,0.0025762500000000004,5.2330078125,67.686,
0,10,,,2.570724487304688,13.450927734375002,904.921875,0.0025709375000000003,5.232617187500001,67.72,
0,10,,,2.57568359375,13.477783203125004,905.3515625000001,0.0025759375,5.2330078125,67.754,
0,10,,,2.57568359375,13.477783203125004,905.8203125000001,0.0025759375,5.2330078125,67.788,
0,10,,,2.569580078125,13.447265625000004,906.2890625,0.0025700000000000002,5.2330078125,67.822,
0,10,,,2.5844573974609375,13.524169921875002,906.7578125000001,0.0025846875,5.2330078125,67.856,
0,10,,,2.5844573974609375,13.524169921875002,907.1875,0.0025846875,5.2330078125,67.89,
0,10,,,2.5852203369140625,13.525390625000002,907.65625,0.0025853125000000004,5.232617187500001,67.924,
0,10,,,2.5840759277343754,13.520507812500002,908.1250000000001,0.0025840625000000004,5.2328125000000005,67.958,
0,10,,,2.5840759277343754,13.520507812500002,908.5937500000001,0.0025840625000000004,5.2328125000000005,67.992,
0,10,,,2.60009765625,13.605957031250004,909.0234375,0.0026003125,5.2328125000000005,68.026,
0,10,,,2.5627136230468754,13.409423828125002,909.4726562500001,0.0025628125000000004,5.232617187500001,68.06,
0,10,,,2.5627136230468754,13.409423828125002,909.9414062500002,0.0025628125000000004,5.232617187500001,68.094,
0,10,,,2.573394775390625,13.466796875000002,910.4101562500001,0.0025734375,5.2337890625000005,68.128,
0,10,,,2.578353881835938,13.492431640625,910.87890625,0.0025784375,5.233203125,68.163,
0,10,,,2.578353881835938,13.492431640625,911.3476562500001,0.00257125,5.2330078125,68.197,
0,10,,,2.57110595703125,13.454589843750002,911.7773437500001,0.00257125,5.2330078125,68.231,
0,10,,,2.58331298828125,13.515625000000002,912.24609375,0.0025834375000000002,5.2322265625,68.265,
0,10,,,2.58331298828125,13.515625000000002,912.7148437500001,0.0025771875,5.2328125000000005,68.299,
0,10,,,2.5768280029296875,13.483886718750004,913.18359375,0.0025771875,5.2328125000000005,68.333,
0,10,,,2.5806427001953125,13.502197265625002,913.61328125,0.002580625,5.2328125000000005,68.367,
0,10,,,2.5806427001953125,13.502197265625002,914.0820312500001,0.0025778125000000002,5.2328125000000005,68.401,
0,10,,,2.5775909423828125,13.487548828125002,914.55078125,0.0025778125000000002,5.2328125000000005,68.435,
0,10,,,2.578353881835938,13.491210937500002,915.0195312500001,0.0025784375,5.2328125000000005,68.469,
0,10,,,2.578353881835938,13.491210937500002,915.4296875000001,0.0025796875000000004,5.2328125000000005,68.503,
0,10,,,2.579498291015625,13.497314453125002,915.8984375000001,0.0025796875000000004,5.2328125000000005,68.537,
0,10,,,2.574539184570313,13.472900390625,916.3671875000001,0.0025746875,5.2330078125,68.571,
0,10,,,2.574539184570313,13.472900390625,916.8359375,0.0025918750000000004,5.233203125,68.605,
0,10,,,2.5917053222656254,13.562011718750002,917.3046875000001,0.0025918750000000004,5.233203125,68.639,
0,10,,,2.5779724121093754,13.491210937500002,917.7343750000001,0.0025784375,5.2333984375,68.673,
0,10,,,2.5779724121093754,13.454589843750002,918.203125,0.0025715625,5.2328125000000005,68.707,
0,10,,,2.5714874267578125,13.454589843750002,918.6718750000001,0.0025715625,5.2328125000000005,68.741,
0,10,,,2.5806427001953125,13.50341796875,919.140625,0.0025809375000000003,5.2330078125,68.775,
0,10,,,2.58331298828125,13.518066406250002,919.5703125,0.0025834375000000002,5.2330078125,68.809,
0,10,,,2.58331298828125,13.518066406250002,920.0390625000001,0.0025834375000000002,5.2330078125,68.843,
0,10,,,2.5768280029296875,13.482666015625,920.4882812500001,0.0025771875,5.2322265625,68.877,
0,10,,,2.579879760742188,13.499755859375002,920.9570312500001,0.0025803125,5.232617187500001,68.911,
0,10,,,2.579879760742188,13.499755859375002,921.38671875,0.0025803125,5.232617187500001,68.945,
0,10,,,2.59857177734375,13.597412109375002,921.8554687500001,0.0025987500000000004,5.2328125000000005,68.979,
0,10,,,2.5829315185546875,13.515625000000002,922.32421875,0.0025828125,5.2333984375,69.013,
0,10,,,2.5829315185546875,13.515625000000002,922.79296875,0.0025828125,5.2333984375,69.047,
0,10,,,2.573394775390625,13.466796875000002,923.2226562500001,0.0025734375,5.233203125,69.081,
0,10,,,2.5787353515625,13.494873046875002,923.6914062500001,0.0025787500000000003,5.2337890625000005,69.115,
0,10,,,2.5787353515625,13.494873046875002,924.16015625,0.0025787500000000003,5.2337890625000005,69.149,
0,10,,,2.57720947265625,13.487548828125002,924.6289062500001,0.0025775000000000004,5.2333984375,69.183,
0,10,,,2.58331298828125,13.518066406250002,925.0976562500001,0.0025834375000000002,5.233593750000001,69.218,
0,10,,,2.58331298828125,13.518066406250002,925.5664062500002,0.0025834375000000002,5.233593750000001,69.252,
0,10,,,2.56805419921875,13.438720703125002,925.9765625,0.002568125,5.2333984375,69.286,
0,10,,,2.58636474609375,13.533935546875,926.46484375,0.0025865625000000003,5.2330078125,69.319,
0,10,,,2.58636474609375,13.533935546875,926.9140625000001,0.0025865625000000003,5.2330078125,69.353,
0,10,,,2.571868896484375,13.458251953125,927.3828125,0.0025721875000000003,5.2328125000000005,69.387,
0,10,,,2.5737762451171875,13.469238281250002,927.8125000000001,0.0025740625000000004,5.233203125,69.421,
0,10,,,2.5737762451171875,13.469238281250002,928.2812500000001,0.0025740625000000004,5.233203125,69.455,
0,10,,,2.5802612304687504,13.50341796875,928.75,0.0025803125,5.2337890625000005,69.489,
0,10,,,2.5856018066406254,13.532714843750002,929.2187500000001,0.0025859375,5.233984375,69.523,
0,10,,,2.5856018066406254,13.532714843750002,929.6484375,0.0025859375,5.233984375,69.557,
0,10,,,2.5791168212890625,13.494873046875002,930.1171875,0.002579375,5.2328125000000005,69.591,
0,10,,,2.5943756103515625,13.577880859375,930.5859375000001,0.0025946875,5.2337890625000005,69.625,
0,10,,,2.5943756103515625,13.577880859375,931.0546875000001,0.0025946875,5.2337890625000005,69.659,
0,10,,,2.57568359375,13.480224609375,931.484375,0.0025756250000000002,5.2341796875,69.693,
0,10,,,2.569580078125,13.447265625000004,931.9335937500001,0.0025696875000000004,5.233593750000001,69.727,
0,10,,,2.569580078125,13.447265625000004,932.4023437500002,0.0025696875000000004,5.233593750000001,69.761,
0,10,,,2.5741577148437504,13.472900390625,932.8710937500001,0.0025743750000000003,5.233984375,69.795,
0,10,,,2.595138549804688,13.577880859375,933.33984375,0.002595,5.2328125000000005,69.829,
0,10,,,2.595138549804688,13.577880859375,933.7695312500002,0.002595,5.2330078125,69.863,
0,10,,,2.583694458007813,13.519287109375,934.2382812500001,0.00258375,5.2330078125,69.897,
0,10,,,2.576065063476563,13.479003906250002,934.70703125,0.0025762500000000004,5.2328125000000005,69.931,
0,10,,,2.576065063476563,13.479003906250002,935.1757812500001,0.00256375,5.232617187500001,69.965,
0,10,,,2.5634765625,13.414306640625002,935.6054687500001,0.00256375,5.232617187500001,69.999,
0,10,,,2.579879760742188,13.500976562500002,936.07421875,0.0025803125,5.233203125,70.033,
0,10,,,2.579879760742188,13.500976562500002,936.5429687500001,0.00257125,5.2333984375,70.067,
0,10,,,2.57110595703125,13.454589843750002,936.9921875000001,0.00257125,5.2333984375,70.101,
0,10,,,2.5730133056640625,13.463134765625002,937.4218750000001,0.0025731250000000003,5.2328125000000005,70.135,
0,10,,,2.5730133056640625,13.463134765625002,937.8906250000001,0.0025771875,5.2330078125,70.169,
0,10,,,2.5768280029296875,13.485107421875002,938.3593750000001,0.0025771875,5.2330078125,70.203,
0,10,,,2.570724487304688,13.453369140625004,938.8281250000001,0.0025709375000000003,5.233203125,70.237,
0,10,,,2.570724487304688,13.453369140625004,939.296875,0.0025909375000000004,5.232421875,70.272,
0,10,,,2.5905609130859375,13.554687500000002,939.7265625000002,0.0025909375000000004,5.232421875,70.306,
0,10,,,2.5779724121093754,13.489990234375002,940.1953125000001,0.002578125,5.233203125,70.34,
0,10,,,2.5779724121093754,13.579101562500002,940.6640625,0.002595,5.233593750000001,70.374,
0,10,,,2.594757080078125,13.579101562500002,941.1328125000001,0.002595,5.233593750000001,70.408,
0,10,,,2.5726318359375004,13.4619140625,941.6015625,0.0025728125,5.2328125000000005,70.442,
0,10,,,2.572250366210938,13.4619140625,942.0117187500001,0.0025725,5.233203125,70.476,
0,10,,,2.572250366210938,13.4619140625,942.48046875,0.0025725,5.233203125,70.51,
0,10,,,2.593994140625,13.572998046875002,942.9492187500001,0.0025940625,5.232617187500001,70.544,
0,10,,,2.571868896484375,13.458251953125,943.4179687500001,0.0025718750000000004,5.2333984375,70.578,
0,10,,,2.571868896484375,13.458251953125,943.84765625,0.0025718750000000004,5.2333984375,70.612,
0,10,,,2.593612670898438,13.57177734375,944.3164062500001,0.00259375,5.2330078125,70.645,
0,10,,,2.582550048828125,13.511962890625002,944.78515625,0.0025825,5.232617187500001,70.679,
0,10,,,2.582550048828125,13.511962890625002,945.25390625,0.0025825,5.232617187500001,70.713,
0,10,,,2.569580078125,13.447265625000004,945.6835937500001,0.0025700000000000002,5.233203125,70.747,
0,10,,,2.5768280029296875,13.483886718750004,946.1523437500001,0.0025771875,5.2328125000000005,70.781,
0,10,,,2.5768280029296875,13.483886718750004,946.62109375,0.0025771875,5.2328125000000005,70.815,
0,10,,,2.589797973632813,13.551025390625002,947.0898437500001,0.0025900000000000003,5.232617187500001,70.849,
0,10,,,2.5753021240234375,13.475341796875002,947.5195312500001,0.0025753125000000003,5.233203125,70.883,
0,10,,,2.5753021240234375,13.475341796875002,947.98828125,0.0025753125000000003,5.233203125,70.917,
0,10,,,2.579879760742188,13.499755859375002,948.4375,0.0025800000000000003,5.2333984375,70.951,
0,10,,,2.571868896484375,13.455810546875,948.9062500000002,0.0025718750000000004,5.2328125000000005,70.985,
0,10,,,2.571868896484375,13.455810546875,949.3359375000001,0.0025718750000000004,5.2328125000000005,71.019,
0,10,,,2.5764465332031254,13.482666015625,949.8046875,0.0025765625000000003,5.233203125,71.053,
0,10,,,2.578353881835938,13.492431640625,950.2734375000001,0.0025784375,5.233203125,71.087,
0,10,,,2.578353881835938,13.492431640625,950.7421875000001,0.0025784375,5.233203125,71.121,
0,10,,,2.574539184570313,13.471679687500002,951.2109375,0.0025746875,5.2330078125,71.155,
0,10,,,2.5791168212890625,13.494873046875002,951.6406250000001,0.0025790625,5.2330078125,71.189,
0,10,,,2.5791168212890625,13.494873046875002,952.109375,0.0025790625,5.2330078125,71.223,
0,10,,,2.5993347167968754,13.602294921875,952.578125,0.002599375,5.2333984375,71.257,
0,10,,,2.5699615478515625,13.448486328125002,953.0468750000001,0.0025703125,5.233203125,71.291,
0,10,,,2.5699615478515625,13.448486328125002,953.4960937500001,0.0025703125,5.233203125,71.326,
0,10,,,2.578353881835938,13.492431640625,953.9257812500001,0.0025787500000000003,5.2330078125,71.36,
0,10,,,2.5703430175781254,13.4521484375,954.3945312500001,0.0025706250000000004,5.2333984375,71.394,
0,10,,,2.5703430175781254,13.4521484375,954.8632812500002,0.0025706250000000004,5.2333984375,71.428,
0,10,,,2.579498291015625,13.497314453125002,955.3320312500001,0.0025796875000000004,5.2328125000000005,71.462,
0,10,,,2.579879760742188,13.500976562500002,955.76171875,0.0025803125,5.2330078125,71.496,
0,10,,,2.579879760742188,13.500976562500002,956.2304687500002,0.0025803125,5.2328125000000005,71.53,
0,10,,,2.590179443359375,13.553466796875,956.6992187500001,0.0025903125,5.2328125000000005,71.564,
0,10,,,2.58636474609375,13.53515625,957.16796875,0.0025865625000000003,5.2333984375,71.598,
0,10,,,2.58636474609375,13.53515625,957.5976562500001,0.0025865625000000003,5.2333984375,71.632,
0,10,,,2.5806427001953125,13.505859375000002,958.0664062500001,0.0025809375000000003,5.2333984375,71.666,
0,10,,,2.57110595703125,13.454589843750002,958.53515625,0.00257125,5.233203125,71.7,
0,10,,,2.57110595703125,13.454589843750002,959.0039062500001,0.0025900000000000003,5.233203125,71.734,
0,10,,,2.589797973632813,13.552246093750002,959.47265625,0.0025900000000000003,5.233203125,71.768,
0,10,,,2.5806427001953125,13.502197265625002,959.90234375,0.002580625,5.232617187500001,71.802,
0,10,,,2.5806427001953125,13.502197265625002,960.3515625000001,0.0025703125,5.2330078125,71.836,
0,10,,,2.5703430175781254,13.44970703125,960.8203125000001,0.0025703125,5.2330078125,71.87,
0,10,,,2.5726318359375004,13.4619140625,961.2890625000001,0.0025728125,5.2333984375,71.903,
0,10,,,2.5726318359375004,13.4619140625,961.7187500000001,0.0025696875000000004,5.233593750000001,71.937,
0,10,,,2.569580078125,13.447265625000004,962.1875000000002,0.0025696875000000004,5.233593750000001,71.971,
0,10,,,2.5775909423828125,13.48876953125,962.6562500000001,0.0025778125000000002,5.2333984375,72.005,
0,10,,,2.5775909423828125,13.48876953125,963.1054687500001,0.0025659375,5.2337890625000005,72.039,
0,10,,,2.565765380859375,13.427734375,963.5351562500001,0.0025659375,5.2337890625000005,72.073,
0,10,,,2.60162353515625,13.614501953125,964.0039062500002,0.002601875,5.233203125,72.107,
0,10,,,2.60162353515625,13.614501953125,964.4726562500001,0.00258625,5.2330078125,72.141,
0,10,,,2.585983276367188,13.531494140625002,964.9609375000001,0.00258625,5.2330078125,72.175,
0,10,,,2.5981903076171875,13.59619140625,965.3710937500002,0.0025984375,5.2328125000000005,72.209,
0,10,,,2.5741577148437504,13.469238281250002,965.8398437500001,0.0025740625000000004,5.2330078125,72.243,
0,10,,,2.5741577148437504,13.469238281250002,966.30859375,0.0025740625000000004,5.2330078125,72.277,
0,10,,,2.5882720947265625,13.543701171875,966.7773437500001,0.0025884375,5.233203125,72.311,
0,10,,,2.5726318359375004,13.4619140625,967.24609375,0.0025731250000000003,5.232617187500001,72.345,
0,10,,,2.5726318359375004,13.4619140625,967.6757812500001,0.0025731250000000003,5.232617187500001,72.38,
0,10,,,2.58636474609375,13.531494140625002,968.1445312500001,0.0025865625000000003,5.232421875,72.414,
0,10,,,2.5955200195312504,13.580322265625,968.6132812500001,0.0025956250000000003,5.232421875,72.448,
0,10,,,2.5955200195312504,13.580322265625,969.0820312500001,0.0025956250000000003,5.232421875,72.482,
0,10,,,2.56805419921875,13.438720703125002,969.5507812500001,0.0025684375000000004,5.233203125,72.516,
0,10,,,2.578353881835938,13.489990234375002,969.9804687500001,0.0025784375,5.232617187500001,72.55,
0,10,,,2.578353881835938,13.489990234375002,970.4492187500002,0.0025784375,5.232617187500001,72.584,
0,10,,,2.5856018066406254,13.530273437500002,970.9179687500001,0.0025859375,5.233203125,72.618,
0,10,,,2.5615692138671875,13.404541015625002,971.38671875,0.0025618750000000003,5.2330078125,72.652,
0,10,,,2.5615692138671875,13.404541015625002,971.7968750000001,0.0025618750000000003,5.2330078125,72.686,
0,10,,,2.587127685546875,13.536376953125002,972.265625,0.0025871875,5.232617187500001,72.72,
0,10,,,2.593612670898438,13.57177734375,972.7343750000001,0.00259375,5.233203125,72.754,
0,10,,,2.593612670898438,13.57177734375,973.2031250000001,0.00259375,5.233203125,72.788,
0,10,,,2.5806427001953125,13.502197265625002,973.6328125,0.002580625,5.232617187500001,72.822,
0,10,,,2.5665283203125004,13.431396484375,974.1015625000001,0.002566875,5.233203125,72.856,
0,10,,,2.5665283203125004,13.431396484375,974.5703125,0.002566875,5.233203125,72.89,
0,10,,,2.6004791259765625,13.607177734375002,975.0390625000001,0.0026003125,5.233203125,72.924,
0,10,,,2.5737762451171875,13.466796875000002,975.4687500000001,0.00257375,5.2330078125,72.958,
0,10,,,2.5737762451171875,13.466796875000002,975.9375000000001,0.00257375,5.2330078125,72.992,
0,10,,,2.5650024414062504,13.422851562500004,976.4062500000001,0.0025653125000000003,5.2330078125,73.026,
0,10,,,2.5817871093750004,13.509521484375002,976.8750000000001,0.0025821875000000003,5.232421875,73.06,
0,10,,,2.5817871093750004,13.509521484375002,977.3437500000001,0.0025821875000000003,5.232421875,73.094,
0,10,,,2.5791168212890625,13.496093750000002,977.7539062500001,0.002579375,5.2330078125,73.128,
0,10,,,2.5970458984375004,13.587646484375002,978.2421875000001,0.0025971875,5.232617187500001,73.162,
0,10,,,2.5970458984375004,13.587646484375002,978.6914062500002,0.0025971875,5.232617187500001,73.195,
0,10,,,2.5814056396484375,13.507080078125,979.1601562500001,0.0025815625,5.232617187500001,73.229,
0,10,,,2.564620971679688,13.420410156250002,979.58984375,0.0025646875,5.233203125,73.263,
0,10,,,2.564620971679688,13.420410156250002,980.0585937500001,0.0025646875,5.2328125000000005,73.297,
0,10,,,2.579879760742188,13.499755859375002,980.5273437500001,0.0025800000000000003,5.2328125000000005,73.331,
0,10,,,2.5775909423828125,13.48876953125,980.9960937500002,0.0025778125000000002,5.2333984375,73.365,
0,10,,,2.5775909423828125,13.48876953125,981.4257812500001,0.0025778125000000002,5.2328125000000005,73.399,
0,10,,,2.581024169921875,13.504638671875,981.89453125,0.0025809375000000003,5.2328125000000005,73.434,
0,10,,,2.582550048828125,13.51318359375,982.3632812500001,0.0025828125,5.232421875,73.468,
0,10,,,2.582550048828125,13.51318359375,982.8125000000001,0.00257375,5.2330078125,73.502,
0,10,,,2.5737762451171875,13.466796875000002,983.2812500000001,0.00257375,5.2330078125,73.536,
0,10,,,2.567291259765625,13.435058593750002,983.7109375000001,0.0025675000000000003,5.2333984375,73.57,
0,10,,,2.567291259765625,13.435058593750002,984.1796875000001,0.002585,5.2328125000000005,73.604,
0,10,,,2.5848388671875,13.524169921875002,984.6484375000002,0.002585,5.2328125000000005,73.638,
0,10,,,2.5741577148437504,13.469238281250002,985.1171875000001,0.0025743750000000003,5.2330078125,73.672,
0,10,,,2.5741577148437504,13.469238281250002,985.546875,0.002568125,5.2328125000000005,73.706,
0,10,,,2.56805419921875,13.436279296875002,985.9960937500001,0.002568125,5.2328125000000005,73.74,
0,10,,,2.5764465332031254,13.482666015625,986.4648437500002,0.0025765625000000003,5.233203125,73.774,
0,10,,,2.5764465332031254,13.482666015625,986.9335937500001,0.0025728125,5.2330078125,73.808,
0,10,,,2.5726318359375004,13.4619140625,987.40234375,0.0025728125,5.2330078125,73.842,
0,10,,,2.576065063476563,13.480224609375,987.8320312500002,0.0025762500000000004,5.233203125,73.876,
0,10,,,2.576065063476563,13.475341796875002,988.3007812500001,0.0025756250000000002,5.2328125000000005,73.91,
0,10,,,2.5753021240234375,13.475341796875002,988.76953125,0.0025756250000000002,5.2328125000000005,73.944,
0,10,,,2.5844573974609375,13.524169921875002,989.2382812500001,0.0025846875,5.2328125000000005,73.978,
0,10,,,2.587509155273438,13.541259765625,989.6679687500001,0.0025878125000000003,5.233203125,74.012,
0,10,,,2.587509155273438,13.541259765625,990.1367187500001,0.0025878125000000003,5.233203125,74.046,
0,10,,,2.5661468505859375,13.427734375,990.6054687500001,0.0025662500000000004,5.233203125,74.08,
0,10,,,2.59246826171875,13.565673828125,991.0742187500001,0.0025928125,5.232617187500001,74.114,
0,10,,,2.59246826171875,13.565673828125,991.4843750000002,0.0025928125,5.232617187500001,74.148,
0,10,,,2.570724487304688,13.450927734375002,991.9531250000001,0.0025706250000000004,5.2328125000000005,74.181,
0,10,,,2.5814056396484375,13.508300781250004,992.4218750000002,0.0025815625,5.233203125,74.215,
0,10,,,2.5814056396484375,13.508300781250004,992.8906250000001,0.0025815625,5.233203125,74.249,
0,10,,,2.5829315185546875,13.519287109375,993.3203125000001,0.0025831250000000004,5.233984375,74.283,
0,10,,,2.572250366210938,13.460693359375002,993.7890625000002,0.0025725,5.2333984375,74.317,
0,10,,,2.572250366210938,13.460693359375002,994.2578125000001,0.0025725,5.2333984375,74.351,
0,10,,,2.588653564453125,13.54736328125,994.7265625,0.0025890625000000002,5.233203125,74.385,
0,10,,,2.5730133056640625,13.465576171875002,995.1953125000001,0.0025734375,5.2337890625000005,74.419,
0,10,,,2.5730133056640625,13.465576171875002,995.60546875,0.0025734375,5.2337890625000005,74.453,
0,10,,,2.588653564453125,13.54736328125,996.09375,0.0025890625000000002,5.233203125,74.488,
0,10,,,2.581024169921875,13.505859375000002,996.5625000000001,0.00258125,5.233203125,74.522,
0,10,,,2.581024169921875,13.505859375000002,997.03125,0.00258125,5.233203125,74.556,
0,10,,,2.58636474609375,13.53515625,997.4804687500001,0.0025865625000000003,5.2337890625000005,74.59,
0,10,,,2.567291259765625,13.4375,997.9101562500001,0.0025678125,5.2337890625000005,74.624,
0,10,,,2.567291259765625,13.4375,998.3789062500001,0.0025678125,5.2337890625000005,74.658,
0,10,,,2.5882720947265625,13.544921875000004,998.8476562500001,0.0025884375,5.2337890625000005,74.692,
0,10,,,2.58331298828125,13.516845703125,999.3164062500001,0.0025834375000000002,5.2328125000000005,74.726,
0,10,,,2.58331298828125,13.516845703125,999.7460937500002,0.0025834375000000002,5.2328125000000005,74.76,
0,10,,,2.572250366210938,13.460693359375002,1000.21484375,0.0025725,5.233203125,74.794,
0,10,,,2.5779724121093754,13.491210937500002,1000.68359375,0.002578125,5.2337890625000005,74.828,
0,10,,,2.5779724121093754,13.491210937500002,1001.1523437500001,0.002578125,5.2337890625000005,74.862,
0,10,,,2.58331298828125,13.519287109375,1001.5820312500001,0.0025834375000000002,5.233593750000001,74.896,
0,10,,,2.57568359375,13.480224609375,1002.0507812500001,0.0025759375,5.2341796875,74.93,
0,10,,,2.57568359375,13.480224609375,1002.5195312500001,0.0025759375,5.2341796875,74.964,
0,10,,,2.59246826171875,13.566894531250002,1002.9882812500001,0.0025925,5.233593750000001,74.998,
0,10,,,2.587127685546875,13.538818359375004,1003.41796875,0.0025875000000000004,5.2330078125,75.032,
0,10,,,2.587127685546875,13.538818359375004,1003.8867187500002,0.0025875000000000004,5.233203125,75.066,
0,10,,,2.5878906250000004,13.542480468750002,1004.35546875,0.002588125,5.233203125,75.1,
0,10,,,2.5703430175781254,13.44970703125,1004.8242187500002,0.0025706250000000004,5.2328125000000005,75.134,
0,10,,,2.5703430175781254,13.44970703125,1005.2734375000001,0.0025706250000000004,5.2330078125,75.168,
0,10,,,2.5856018066406254,13.530273437500002,1005.7031250000001,0.0025859375,5.2330078125,75.202,
0,10,,,2.5753021240234375,13.47412109375,1006.1718750000001,0.0025756250000000002,5.23203125,75.236,
0,10,,,2.5753021240234375,13.47412109375,1006.640625,0.0025903125,5.2330078125,75.27,
0,10,,,2.590179443359375,13.553466796875,1007.1093750000002,0.0025903125,5.2330078125,75.304,
0,10,,,2.5814056396484375,13.505859375000002,1007.5390625,0.0025815625,5.2322265625,75.338,
0,10,,,2.5814056396484375,13.505859375000002,1008.0078125,0.0025771875,5.2328125000000005,75.372,
0,10,,,2.5768280029296875,13.483886718750004,1008.4765625000001,0.0025771875,5.2328125000000005,75.406,
0,10,,,2.5905609130859375,13.555908203125002,1008.9453125000001,0.0025909375000000004,5.232617187500001,75.44,
0,10,,,2.5905609130859375,13.555908203125002,1009.3750000000001,0.0025775000000000004,5.232617187500001,75.474,
0,10,,,2.57720947265625,13.485107421875002,1009.8437500000001,0.0025775000000000004,5.232617187500001,75.508,
0,10,,,2.5928497314453125,13.566894531250002,1010.3125000000001,0.0025928125,5.2330078125,75.543,
0,10,,,2.5928497314453125,13.507080078125,1010.7812500000002,0.0025815625,5.232617187500001,75.576,
0,10,,,2.5814056396484375,13.507080078125,1011.2500000000002,0.0025815625,5.232617187500001,75.61,
0,10,,,2.5741577148437504,13.469238281250002,1011.71875,0.0025743750000000003,5.2328125000000005,75.644,
0,10,,,2.5791168212890625,13.497314453125002,1012.1289062500001,0.002579375,5.2330078125,75.678,
0,10,,,2.5791168212890625,13.497314453125002,1012.5976562500001,0.002579375,5.2330078125,75.712,
0,10,,,2.581024169921875,13.507080078125,1013.0664062500001,0.00258125,5.233593750000001,75.746,
0,10,,,2.589797973632813,13.5498046875,1013.5351562500001,0.0025900000000000003,5.232617187500001,75.78,
0,10,,,2.589797973632813,13.5498046875,1013.96484375,0.0025900000000000003,5.232617187500001,75.814,
0,10,,,2.5817871093750004,13.5107421875,1014.4335937500002,0.0025818750000000004,5.2333984375,75.848,
0,10,,,2.5787353515625,13.493652343750002,1014.90234375,0.0025787500000000003,5.233203125,75.882,
0,10,,,2.5787353515625,13.493652343750002,1015.3710937500002,0.0025787500000000003,5.233203125,75.916,
0,10,,,2.5909423828125,13.557128906250002,1015.8007812500001,0.0025912500000000002,5.2328125000000005,75.95,
0,10,,,2.57568359375,13.477783203125004,1016.2695312500001,0.0025759375,5.2330078125,75.984,
0,10,,,2.57568359375,13.477783203125004,1016.7382812500001,0.0025759375,5.2330078125,76.018,
0,10,,,2.5890350341796875,13.54736328125,1017.2070312500001,0.0025890625000000002,5.233203125,76.052,
0,10,,,2.57110595703125,13.453369140625004,1017.6757812500001,0.00257125,5.2328125000000005,76.086,
0,10,,,2.57110595703125,13.453369140625004,1018.1054687500002,0.00257125,5.2328125000000005,76.12,
0,10,,,2.582550048828125,13.514404296875004,1018.5742187500002,0.0025828125,5.2328125000000005,76.154,
0,10,,,2.5737762451171875,13.468017578125,1019.04296875,0.00257375,5.2330078125,76.188,
0,10,,,2.5737762451171875,13.468017578125,1019.4921875,0.00257375,5.2330078125,76.222,
0,10,,,2.5802612304687504,13.500976562500002,1019.9218750000001,0.0025803125,5.2330078125,76.256,
0,10,,,2.587509155273438,13.538818359375004,1020.3906250000001,0.0025875000000000004,5.232617187500001,76.29,
0,10,,,2.587509155273438,13.538818359375004,1020.8593750000001,0.0025875000000000004,5.232617187500001,76.324,
0,10,,,2.572250366210938,13.459472656250002,1021.3281250000001,0.0025725,5.2330078125,76.358,
0,10,,,2.5920867919921875,13.562011718750002,1021.7578125000002,0.0025921875000000003,5.232421875,76.392,
0,10,,,2.5920867919921875,13.562011718750002,1022.2265625,0.0025921875000000003,5.232421875,76.426,
0,10,,,2.5856018066406254,13.527832031250002,1022.6953125000002,0.0025856250000000002,5.2328125000000005,76.46,
0,10,,,2.582550048828125,13.51318359375,1023.1640625,0.0025828125,5.232617187500001,76.494,
0,10,,,2.582550048828125,13.51318359375,1023.6328125,0.0025828125,5.232617187500001,76.528,
0,10,,,2.5787353515625,13.492431640625,1024.0625,0.0025787500000000003,5.2328125000000005,76.562,
0,10,,,2.573394775390625,13.464355468750002,1024.5312500000002,0.0025734375,5.232617187500001,76.597,
0,10,,,2.573394775390625,13.464355468750002,1025.0000000000002,0.0025734375,5.233203125,76.631,
0,10,,,2.587509155273438,13.540039062500002,1025.4687500000002,0.0025878125000000003,5.233203125,76.665,
0,10,,,2.573394775390625,13.466796875000002,1025.9375000000002,0.00257375,5.233203125,76.699,
0,10,,,2.573394775390625,13.466796875000002,1026.3476562500002,0.00257375,5.2330078125,76.733,
0,10,,,2.5932312011718754,13.569335937500004,1026.81640625,0.0025934375000000003,5.2330078125,76.767,
0,10,,,2.5714874267578125,13.457031250000002,1027.2851562500002,0.0025715625,5.2333984375,76.801,
0,10,,,2.5714874267578125,13.457031250000002,1027.75390625,0.0025900000000000003,5.2328125000000005,76.835,
0,10,,,2.589797973632813,13.551025390625002,1028.1835937500002,0.0025900000000000003,5.2328125000000005,76.869,
0,10,,,2.5791168212890625,13.496093750000002,1028.6523437500002,0.002579375,5.2328125000000005,76.903,
0,10,,,2.5791168212890625,13.496093750000002,1029.1210937500002,0.0025796875000000004,5.233203125,76.937,
0,10,,,2.579498291015625,13.49853515625,1029.58984375,0.0025796875000000004,5.233203125,76.971,
0,10,,,2.5890350341796875,13.54736328125,1030.0195312500002,0.0025890625000000002,5.2328125000000005,77.005,
0,10,,,2.5890350341796875,13.54736328125,1030.48828125,0.0025587500000000003,5.2330078125,77.039,
0,10,,,2.5585174560546875,13.388671875,1030.95703125,0.0025587500000000003,5.2330078125,77.073,
0,10,,,2.5917053222656254,13.563232421875002,1031.42578125,0.0025918750000000004,5.2333984375,77.107,
0,10,,,2.5917053222656254,13.563232421875002,1031.89453125,0.0025646875,5.2337890625000005,77.141,
0,10,,,2.564620971679688,13.421630859375,1032.3046875000002,0.0025646875,5.2337890625000005,77.175,
0,10,,,2.58636474609375,13.53515625,1032.7734375000002,0.0025865625000000003,5.233203125,77.209,
0,10,,,2.58636474609375,13.53515625,1033.2421875000002,0.0025875000000000004,5.233203125,77.243,
0,10,,,2.587127685546875,13.538818359375004,1033.7109375000002,0.0025875000000000004,5.233203125,77.277,
0,10,,,2.5730133056640625,13.465576171875002,1034.140625,0.0025731250000000003,5.2337890625000005,77.311,
0,10,,,2.5699615478515625,13.4521484375,1034.6093750000002,0.0025703125,5.233984375,77.345,
0,10,,,2.5699615478515625,13.4521484375,1035.078125,0.0025703125,5.233984375,77.379,
0,10,,,2.569580078125,13.444824218750002,1035.546875,0.0025696875000000004,5.2330078125,77.413,
0,10,,,2.5699615478515625,13.448486328125002,1035.9570312500002,0.0025703125,5.2328125000000005,77.447,
0,10,,,2.5699615478515625,13.448486328125002,1036.42578125,0.0025703125,5.2328125000000005,77.481,
0,10,,,2.5753021240234375,13.479003906250002,1036.8945312500002,0.0025756250000000002,5.233984375,77.515,
0,10,,,2.57720947265625,13.48876953125,1037.36328125,0.0025775000000000004,5.233593750000001,77.549,
0,10,,,2.57720947265625,13.48876953125,1037.79296875,0.0025775000000000004,5.233593750000001,77.583,
0,10,,,2.5588989257812504,13.389892578125002,1038.2421875,0.0025590625,5.2330078125,77.617,
0,10,,,2.559661865234375,13.397216796875,1038.7109375,0.00256,5.233593750000001,77.651,
0,10,,,2.559661865234375,13.397216796875,1039.1796875000002,0.00256,5.233593750000001,77.685,
0,10,,,2.5829315185546875,13.516845703125,1039.6484375000002,0.0025831250000000004,5.2333984375,77.719,
0,10,,,2.5791168212890625,13.497314453125002,1040.1171875000002,0.002579375,5.2333984375,77.753,
0,10,,,2.5791168212890625,13.497314453125002,1040.5468750000002,0.002579375,5.2333984375,77.787,
0,10,,,2.587509155273438,13.540039062500002,1041.015625,0.0025875000000000004,5.233203125,77.821,
0,10,,,2.593994140625,13.57421875,1041.4843750000002,0.0025940625,5.233593750000001,77.855,
0,10,,,2.593994140625,13.57421875,1041.953125,0.0025940625,5.233593750000001,77.889,
0,10,,,2.5714874267578125,13.457031250000002,1042.3828125,0.0025718750000000004,5.2333984375,77.923,
0,10,,,2.5726318359375004,13.4619140625,1042.8515625,0.0025728125,5.233203125,77.957,
0,10,,,2.5726318359375004,13.4619140625,1043.3203125000002,0.0025728125,5.233203125,77.991,
0,10,,,2.579498291015625,13.49853515625,1043.7890625000002,0.0025796875000000004,5.2333984375,78.025,
0,10,,,2.5993347167968754,13.604736328125,1044.2187500000002,0.0025996875,5.2337890625000005,78.059,
0,10,,,2.5993347167968754,13.604736328125,1044.6875,0.0025996875,5.2337890625000005,78.093,
0,10,,,2.57720947265625,13.48876953125,1045.1562500000002,0.0025775000000000004,5.234375,78.127,
0,10,,,2.568435668945313,13.441162109375002,1045.60546875,0.0025687500000000003,5.2333984375,78.161,
0,10,,,2.568435668945313,13.441162109375002,1046.03515625,0.0025687500000000003,5.2333984375,78.195,
0,10,,,2.5917053222656254,13.563232421875002,1046.5039062500002,0.0025918750000000004,5.233593750000001,78.229,
0,10,,,2.582550048828125,13.515625000000002,1046.9726562500002,0.0025828125,5.2337890625000005,78.263,
0,10,,,2.582550048828125,13.515625000000002,1047.4414062500002,0.0025828125,5.2337890625000005,78.297,
0,10,,,2.58331298828125,13.518066406250002,1047.8710937500002,0.00258375,5.2328125000000005,78.331,
0,10,,,2.5764465332031254,13.485107421875002,1048.33984375,0.002576875,5.233984375,78.365,
0,10,,,2.5764465332031254,13.485107421875002,1048.8085937500002,0.002576875,5.233984375,78.399,
0,10,,,2.5814056396484375,13.509521484375002,1049.27734375,0.0025815625,5.2333984375,78.433,
0,10,,,2.588653564453125,13.546142578125002,1049.7460937500002,0.0025887500000000003,5.233203125,78.467,
0,10,,,2.588653564453125,13.546142578125002,1050.17578125,0.0025887500000000003,5.2333984375,78.501,
0,10,,,2.5726318359375004,13.463134765625002,1050.6445312500002,0.0025728125,5.2333984375,78.535,
0,10,,,2.5775909423828125,13.48876953125,1051.1132812500002,0.0025775000000000004,5.233593750000001,78.569,
0,10,,,2.5775909423828125,13.48876953125,1051.5625,0.0025603125,5.2330078125,78.603,
0,10,,,2.5600433349609375,13.395996093750002,1051.9921875000002,0.0025603125,5.2330078125,78.637,
0,10,,,2.5882720947265625,13.546142578125002,1052.4609375,0.0025887500000000003,5.2333984375,78.671,
0,10,,,2.5882720947265625,13.546142578125002,1052.9296875,0.0025734375,5.2328125000000005,78.705,
0,10,,,2.5730133056640625,13.464355468750002,1053.3984375,0.0025734375,5.2328125000000005,78.739,
0,10,,,2.5829315185546875,13.514404296875004,1053.8671875,0.0025831250000000004,5.2328125000000005,78.773,
0,10,,,2.5829315185546875,13.514404296875004,1054.2968750000002,0.002589375,5.2333984375,78.807,
0,10,,,2.5890350341796875,13.5498046875,1054.7656250000002,0.002589375,5.2333984375,78.841,
0,10,,,2.565765380859375,13.427734375,1055.2343750000002,0.0025659375,5.233593750000001,78.875,
0,10,,,2.565765380859375,13.427734375,1055.7031250000002,0.0025821875000000003,5.2333984375,78.909,
0,10,,,2.582168579101563,13.511962890625002,1056.1328125000002,0.0025821875000000003,5.2333984375,78.943,
0,10,,,2.587127685546875,13.53759765625,1056.6015625,0.0025871875,5.2328125000000005,78.977,
0,10,,,2.587127685546875,13.612060546875002,1057.0703125000002,0.0026015625,5.2328125000000005,79.011,
0,10,,,2.601242065429688,13.612060546875002,1057.5390625,0.0026015625,5.2328125000000005,79.045,
0,10,,,2.5787353515625,13.492431640625,1058.0078125,0.0025787500000000003,5.232617187500001,79.079,
0,10,,,2.5909423828125,13.558349609375002,1058.4375000000002,0.0025912500000000002,5.233203125,79.113,
0,10,,,2.5909423828125,13.558349609375002,1058.88671875,0.0025912500000000002,5.233203125,79.147,
0,10,,,2.5775909423828125,13.487548828125002,1059.3554687500002,0.0025778125000000002,5.232421875,79.181,
0,10,,,2.572250366210938,13.460693359375002,1059.82421875,0.0025725,5.2333984375,79.215,
0,10,,,2.572250366210938,13.460693359375002,1060.25390625,0.0025725,5.2333984375,79.249,
0,10,,,2.5840759277343754,13.521728515625002,1060.72265625,0.0025843750000000003,5.2330078125,79.283,
0,10,,,2.570724487304688,13.4521484375,1061.19140625,0.0025706250000000004,5.233203125,79.317,
0,10,,,2.570724487304688,13.4521484375,1061.66015625,0.0025706250000000004,5.233203125,79.351,
0,10,,,2.5840759277343754,13.521728515625002,1062.0898437500002,0.0025843750000000003,5.2328125000000005,79.385,
0,10,,,2.5688171386718754,13.4423828125,1062.5585937500002,0.0025690625,5.233203125,79.419,
0,10,,,2.5688171386718754,13.4423828125,1063.0273437500002,0.0025690625,5.233203125,79.453,
0,10,,,2.576065063476563,13.479003906250002,1063.4960937500002,0.0025762500000000004,5.2328125000000005,79.487,
0,10,,,2.5981903076171875,13.59619140625,1063.92578125,0.002598125,5.2333984375,79.521,
0,10,,,2.5981903076171875,13.59619140625,1064.375,0.002598125,5.2333984375,79.555,
0,10,,,2.5730133056640625,13.4619140625,1064.84375,0.0025731250000000003,5.232421875,79.589,
0,10,,,2.5775909423828125,13.485107421875002,1065.3125,0.0025775000000000004,5.232421875,79.623,
0,10,,,2.5775909423828125,13.485107421875002,1065.7812500000002,0.0025775000000000004,5.232421875,79.657,
0,10,,,2.5714874267578125,13.454589843750002,1066.2109375,0.0025715625,5.2328125000000005,79.691,
0,10,,,2.5753021240234375,13.4765625,1066.6796875000002,0.0025756250000000002,5.2330078125,79.725,
0,10,,,2.5753021240234375,13.4765625,1067.1484375,0.0025756250000000002,5.2330078125,79.76,
0,10,,,2.5741577148437504,13.470458984375002,1067.6171875000002,0.0025743750000000003,5.233203125,79.794,
0,10,,,2.5714874267578125,13.454589843750002,1068.0859375,0.0025715625,5.2328125000000005,79.828,
0,10,,,2.5714874267578125,13.454589843750002,1068.49609375,0.0025715625,5.2328125000000005,79.861,
0,10,,,2.583694458007813,13.520507812500002,1068.9648437500002,0.0025840625000000004,5.2328125000000005,79.895,
0,10,,,2.597427368164063,13.590087890625,1069.4335937500002,0.0025975000000000004,5.2328125000000005,79.929,
0,10,,,2.597427368164063,13.590087890625,1069.9023437500002,0.0025975000000000004,5.2328125000000005,79.963,
0,10,,,2.5848388671875,13.525390625000002,1070.3320312500002,0.002585,5.2330078125,79.997,
0,10,,,2.574539184570313,13.471679687500002,1070.80078125,0.0025746875,5.2330078125,80.031,
0,10,,,2.574539184570313,13.471679687500002,1071.2695312500002,0.0025746875,5.2330078125,80.065,
0,10,,,2.574920654296875,13.470458984375002,1071.73828125,0.002575,5.2322265625,80.099,
0,10,,,2.5741577148437504,13.469238281250002,1072.16796875,0.0025743750000000003,5.2330078125,80.133,
0,10,,,2.5741577148437504,13.469238281250002,1072.63671875,0.0025743750000000003,5.2322265625,80.167,
0,10,,,2.57568359375,13.475341796875002,1073.1054687500002,0.0025756250000000002,5.2322265625,80.201,
0,10,,,2.585983276367188,13.532714843750002,1073.5742187500002,0.00258625,5.2330078125,80.235,
0,10,,,2.585983276367188,13.532714843750002,1074.0039062500002,0.00258625,5.233203125,80.269,
0,10,,,2.578353881835938,13.493652343750002,1074.4531250000002,0.0025787500000000003,5.233203125,80.303,
0,10,,,2.5840759277343754,13.521728515625002,1074.921875,0.0025843750000000003,5.232617187500001,80.337,
0,10,,,2.5840759277343754,13.521728515625002,1075.390625,0.0025815625,5.2322265625,80.371,
0,10,,,2.581024169921875,13.504638671875,1075.859375,0.0025815625,5.2322265625,80.405,
0,10,,,2.5802612304687504,13.500976562500002,1076.2890625000002,0.0025803125,5.232617187500001,80.439,
0,10,,,2.5802612304687504,13.500976562500002,1076.7578125000002,0.0025743750000000003,5.2333984375,80.473,
0,10,,,2.5741577148437504,13.470458984375002,1077.2265625000002,0.0025743750000000003,5.2333984375,80.507,
0,10,,,2.578353881835938,13.493652343750002,1077.6953125000002,0.0025787500000000003,5.233203125,80.541,
0,10,,,2.578353881835938,13.493652343750002,1078.125,0.0025825,5.232617187500001,80.575,
0,10,,,2.582550048828125,13.511962890625002,1078.5937500000002,0.0025825,5.232617187500001,80.609,
0,10,,,2.5856018066406254,13.529052734375,1079.0625,0.0025856250000000002,5.2330078125,80.643,
0,10,,,2.5856018066406254,13.529052734375,1079.5312500000002,0.0025900000000000003,5.2330078125,80.677,
0,10,,,2.589797973632813,13.552246093750002,1079.9414062500002,0.0025900000000000003,5.2330078125,80.711,
0,10,,,2.5699615478515625,13.447265625000004,1080.4101562500002,0.0025700000000000002,5.2330078125,80.745,
0,10,,,2.5699615478515625,13.447265625000004,1080.8789062500002,0.0025787500000000003,5.232617187500001,80.779,
0,10,,,2.5787353515625,13.492431640625,1081.34765625,0.0025787500000000003,5.232617187500001,80.814,
0,10,,,2.5817871093750004,13.509521484375002,1081.8164062500002,0.0025818750000000004,5.2330078125,80.848,
0,10,,,2.560806274414063,13.399658203125002,1082.24609375,0.0025609375000000003,5.233203125,80.882,
0,10,,,2.560806274414063,13.399658203125002,1082.71484375,0.0025609375000000003,5.233203125,80.916,
0,10,,,2.58636474609375,13.532714843750002,1083.18359375,0.0025865625000000003,5.2328125000000005,80.95,
0,10,,,2.5688171386718754,13.443603515625,1083.65234375,0.0025690625,5.2333984375,80.983,
0,11,,,2.50244140625,13.099365234375002,1085.37109375,0.0025028125000000003,5.2347656250000005,81.118,
0,11,,,2.5604248046875,13.394775390625,1085.83984375,0.0025606250000000004,5.2318359375000005,81.152,
0,11,,,2.5768280029296875,13.482666015625,1086.30859375,0.002576875,5.232617187500001,81.186,
0,11,,,2.5768280029296875,13.482666015625,1086.7773437500002,0.002576875,5.232617187500001,81.22,
0,11,,,2.5966644287109375,13.586425781250002,1087.20703125,0.0025968750000000002,5.2328125000000005,81.254,
0,11,,,2.612686157226563,13.673095703125002,1087.6953125,0.0026131250000000004,5.233203125,81.288,
0,11,,,2.612686157226563,13.673095703125002,1088.1640625000002,0.0026131250000000004,5.233203125,81.322,
0,11,,,2.6031494140625004,13.619384765625002,1088.6328125,0.0026034375000000003,5.232421875,81.356,
0,11,,,2.595138549804688,13.580322265625,1089.0625,0.0025953125000000004,5.2328125000000005,81.39,
0,11,,,2.595138549804688,13.580322265625,1089.53125,0.0025953125000000004,5.2328125000000005,81.424,
0,11,,,2.5817871093750004,13.508300781250004,1090.0,0.0025818750000000004,5.2328125000000005,81.458,
0,11,,,2.5882720947265625,13.540039062500002,1090.46875,0.0025884375,5.231640625000001,81.492,
0,11,,,2.5882720947265625,13.540039062500002,1090.9375000000002,0.0025884375,5.231640625000001,81.526,
0,11,,,2.5981903076171875,13.593750000000002,1091.3671875000002,0.002598125,5.2322265625,81.56,
0,11,,,2.5955200195312504,13.579101562500002,1091.8359375000002,0.0025956250000000003,5.2322265625,81.594,
0,11,,,2.5955200195312504,13.579101562500002,1092.3046875000002,0.0025956250000000003,5.2322265625,81.628,
0,11,,,2.598953247070313,13.597412109375002,1092.7734375,0.0025990625000000002,5.232421875,81.662,
0,11,,,2.61383056640625,13.676757812500002,1093.2031250000002,0.0026140625,5.232421875,81.696,
0,11,,,2.61383056640625,13.676757812500002,1093.671875,0.0026140625,5.232421875,81.73,
0,11,,,2.58331298828125,13.516845703125,1094.140625,0.0025834375000000002,5.232617187500001,81.764,
0,11,,,2.5928497314453125,13.566894531250002,1094.62890625,0.0025928125,5.2330078125,81.798,
0,11,,,2.5928497314453125,13.566894531250002,1095.0390625000002,0.0025928125,5.2330078125,81.832,
0,11,,,2.5852203369140625,13.525390625000002,1095.5078125,0.0025853125000000004,5.23203125,81.866,
0,11,,,2.596282958984375,13.586425781250002,1095.9765625000002,0.0025965625000000003,5.2330078125,81.9,
0,11,,,2.596282958984375,13.586425781250002,1096.4648437500002,0.0025965625000000003,5.2330078125,81.934,
0,11,,,2.595138549804688,13.579101562500002,1096.93359375,0.0025953125000000004,5.232617187500001,81.969,
0,11,,,2.6145935058593754,13.680419921875002,1097.4023437500002,0.0026146875000000003,5.232617187500001,82.003,
0,11,,,2.6145935058593754,13.680419921875002,1097.83203125,0.0026146875000000003,5.2330078125,82.037,
0,11,,,2.606201171875,13.637695312500002,1098.30078125,0.00260625,5.2330078125,82.071,
0,11,,,2.5856018066406254,13.530273437500002,1098.76953125,0.0025859375,5.233203125,82.105,
0,11,,,2.5856018066406254,13.530273437500002,1099.2382812500002,0.0025956250000000003,5.2330078125,82.139,
0,11,,,2.5955200195312504,13.581542968750002,1099.6679687500002,0.0025956250000000003,5.2330078125,82.172,
0,11,,,2.5920867919921875,13.564453125,1100.1367187500002,0.0025925,5.233203125,82.206,
0,11,,,2.5920867919921875,13.564453125,1100.6054687500002,0.0025809375000000003,5.232421875,82.24,
0,11,,,2.5806427001953125,13.502197265625002,1101.07421875,0.0025809375000000003,5.232421875,82.274,
0,11,,,2.6145935058593754,13.679199218750002,1101.5234375,0.0026146875000000003,5.232421875,82.308,
0,11,,,2.6145935058593754,13.679199218750002,1101.9921875000002,0.0026115625,5.232421875,82.342,
0,11,,,2.611541748046875,13.664550781250002,1102.4609375,0.0026115625,5.232421875,82.376,
0,11,,,2.6084899902343754,13.649902343750002,1102.9296875,0.0026087500000000004,5.233203125,82.41,
0,11,,,2.6084899902343754,13.649902343750002,1103.3593750000002,0.0025956250000000003,5.2330078125,82.444,
0,11,,,2.5955200195312504,13.581542968750002,1103.8281250000002,0.0025956250000000003,5.2330078125,82.478,
0,11,,,2.58636474609375,13.531494140625002,1104.296875,0.0025865625000000003,5.23203125,82.512,
0,11,,,2.58636474609375,13.531494140625002,1104.7656250000002,0.00259375,5.2328125000000005,82.546,
0,11,,,2.593612670898438,13.57177734375,1105.234375,0.00259375,5.2328125000000005,82.58,
0,11,,,2.593612670898438,13.570556640625002,1105.6640625,0.00259375,5.232617187500001,82.614,
0,11,,,2.593612670898438,13.677978515625002,1106.15234375,0.0026146875000000003,5.232421875,82.648,
0,11,,,2.614212036132813,13.677978515625002,1106.62109375,0.0026146875000000003,5.232421875,82.682,
0,11,,,2.606201171875,13.636474609375004,1107.08984375,0.0026065625000000004,5.232421875,82.716,
0,11,,,2.6035308837890625,13.623046875000002,1107.5195312500002,0.00260375,5.2328125000000005,82.75,
0,11,,,2.6035308837890625,13.623046875000002,1107.9882812500002,0.00260375,5.2328125000000005,82.784,
0,11,,,2.59246826171875,13.566894531250002,1108.4570312500002,0.0025928125,5.2330078125,82.818,
0,11,,,2.5852203369140625,13.527832031250002,1108.9257812500002,0.0025853125000000004,5.2328125000000005,82.852,
0,11,,,2.5852203369140625,13.527832031250002,1109.3554687500002,0.0025853125000000004,5.2328125000000005,82.886,
0,11,,,2.5970458984375004,13.588867187500002,1109.82421875,0.0025971875,5.232617187500001,82.92,
0,11,,,2.579879760742188,13.49853515625,1110.2929687500002,0.0025800000000000003,5.2322265625,82.954,
0,11,,,2.579879760742188,13.49853515625,1110.76171875,0.0025800000000000003,5.2322265625,82.988,
0,11,,,2.5917053222656254,13.5595703125,1111.23046875,0.0025915625,5.232421875,83.023,
0,11,,,2.6081085205078125,13.646240234375002,1111.71875,0.0026084375,5.232421875,83.057,
0,11,,,2.6081085205078125,13.646240234375002,1112.1484375000002,0.0026084375,5.232421875,83.091,
0,11,,,2.606201171875,13.637695312500002,1112.6171875000002,0.0026065625000000004,5.2328125000000005,83.125,
0,11,,,2.5959014892578125,13.582763671875002,1113.0859375,0.0025959375,5.232617187500001,83.159,
0,11,,,2.5959014892578125,13.582763671875002,1113.5546875000002,0.0025959375,5.232617187500001,83.193,
0,11,,,2.594757080078125,13.576660156250002,1113.984375,0.002595,5.2328125000000005,83.227,
0,11,,,2.5909423828125,13.557128906250002,1114.453125,0.0025912500000000002,5.2328125000000005,83.261,
0,11,,,2.5909423828125,13.557128906250002,1114.921875,0.0025912500000000002,5.2328125000000005,83.295,
0,11,,,2.602767944335938,13.619384765625002,1115.390625,0.0026031250000000004,5.2328125000000005,83.329,
0,11,,,2.5920867919921875,13.562011718750002,1115.8203125000002,0.0025925,5.2322265625,83.363,
0,11,,,2.5920867919921875,13.562011718750002,1116.2890625000002,0.0025925,5.2322265625,83.397,
0,11,,,2.6153564453125,13.685302734375002,1116.7578125000002,0.0026156250000000003,5.232617187500001,83.431,
0,11,,,2.602767944335938,13.619384765625002,1117.2460937500002,0.0026031250000000004,5.2328125000000005,83.465,
0,11,,,2.602767944335938,13.619384765625002,1117.67578125,0.0026031250000000004,5.2328125000000005,83.499,
0,11,,,2.621841430664063,13.719482421875002,1118.1445312500002,0.0026221875000000004,5.232421875,83.533,
0,11,,,2.5814056396484375,13.505859375000002,1118.61328125,0.0025815625,5.23203125,83.567,
0,11,,,2.5814056396484375,13.505859375000002,1119.0820312500002,0.0025815625,5.23203125,83.601,
0,11,,,2.5890350341796875,13.546142578125002,1119.55078125,0.002589375,5.23203125,83.635,
0,11,,,2.5856018066406254,13.530273437500002,1119.9804687500002,0.0025859375,5.2328125000000005,83.669,
0,11,,,2.5856018066406254,13.530273437500002,1120.4492187500002,0.0025859375,5.232421875,83.703,
0,11,,,2.5917053222656254,13.560791015625002,1120.9179687500002,0.0025921875000000003,5.232421875,83.737,
0,11,,,2.6031494140625004,13.62060546875,1121.38671875,0.0026031250000000004,5.2328125000000005,83.771,
0,11,,,2.6031494140625004,13.62060546875,1121.8164062500002,0.0026031250000000004,5.2328125000000005,83.805,
0,11,,,2.620697021484375,13.713378906250002,1122.3046875000002,0.0026209375,5.2328125000000005,83.839,
0,11,,,2.610015869140625,13.656005859375,1122.7734375,0.0026103125000000002,5.2322265625,83.873,
0,11,,,2.610015869140625,13.656005859375,1123.2421875,0.0025865625000000003,5.232421875,83.907,
0,11,,,2.58636474609375,13.532714843750002,1123.671875,0.0025865625000000003,5.232421875,83.941,
0,11,,,2.5955200195312504,13.579101562500002,1124.1406250000002,0.0025956250000000003,5.232421875,83.975,
0,11,,,2.5955200195312504,13.579101562500002,1124.6093750000002,0.0025871875,5.232421875,84.009,
0,11,,,2.587127685546875,13.536376953125002,1125.0781250000002,0.0025871875,5.232421875,84.043,
0,11,,,2.593994140625,13.572998046875002,1125.5468750000002,0.0025940625,5.232617187500001,84.077,
0,11,,,2.593994140625,13.572998046875002,1125.9765625,0.002599375,5.2333984375,84.111,
0,11,,,2.598953247070313,13.601074218750002,1126.4453125000002,0.002599375,5.2333984375,84.145,
0,11,,,2.6149749755859375,13.682861328125002,1126.9335937500002,0.002615,5.233203125,84.179,
0,11,,,2.6149749755859375,13.682861328125002,1127.40234375,0.002609375,5.233593750000001,84.213,
0,11,,,2.6092529296875,13.654785156250002,1127.83203125,0.002609375,5.233593750000001,84.247,
0,11,,,2.596282958984375,13.587646484375002,1128.30078125,0.0025965625000000003,5.2337890625000005,84.281,
0,11,,,2.596282958984375,13.53759765625,1128.7695312500002,0.0025871875,5.233203125,84.315,
0,11,,,2.587127685546875,13.53759765625,1129.2382812500002,0.0025871875,5.233203125,84.349,
0,11,,,2.598953247070313,13.597412109375002,1129.7070312500002,0.0025990625000000002,5.232421875,84.383,
0,11,,,2.5917053222656254,13.560791015625002,1130.13671875,0.0025918750000000004,5.2328125000000005,84.417,
0,11,,,2.5917053222656254,13.560791015625002,1130.6054687500002,0.0025918750000000004,5.2328125000000005,84.451,
0,11,,,2.626800537109375,13.743896484375002,1131.0937500000002,0.0026271875,5.232421875,84.485,
0,11,,,2.621841430664063,13.721923828125004,1131.5625,0.0026221875000000004,5.233593750000001,84.519,
0,11,,,2.621841430664063,13.721923828125004,1131.9921875,0.0026221875000000004,5.233593750000001,84.553,
0,11,,,2.60772705078125,13.646240234375002,1132.4609375,0.002608125,5.233203125,84.587,
0,11,,,2.6058197021484375,13.63525390625,1132.94921875,0.00260625,5.2330078125,84.621,
0,11,,,2.6058197021484375,13.63525390625,1133.4179687500002,0.00260625,5.2330078125,84.655,
0,11,,,2.5920867919921875,13.563232421875002,1133.8476562500002,0.0025921875000000003,5.2333984375,84.689,
0,11,,,2.60009765625,13.604736328125,1134.3164062500002,0.0026003125,5.2322265625,84.723,
0,11,,,2.60009765625,13.604736328125,1134.7851562500002,0.0026003125,5.2322265625,84.757,
0,11,,,2.6020050048828125,13.615722656250002,1135.25390625,0.0026021875000000003,5.2330078125,84.791,
0,11,,,2.6004791259765625,13.6083984375,1135.6835937500002,0.002600625,5.2333984375,84.825,
0,11,,,2.6004791259765625,13.6083984375,1136.15234375,0.002600625,5.2333984375,84.859,
0,11,,,2.593612670898438,13.57177734375,1136.62109375,0.00259375,5.2330078125,84.893,
0,11,,,2.6092529296875,13.654785156250002,1137.08984375,0.0026096875,5.2333984375,84.927,
0,11,,,2.6092529296875,13.654785156250002,1137.578125,0.0026096875,5.2333984375,84.961,
0,11,,,2.6096343994140625,13.6572265625,1138.0078125000002,0.0026100000000000003,5.2330078125,84.995,
0,11,,,2.5997161865234375,13.604736328125,1138.4765625,0.0026000000000000003,5.233203125,85.029,
0,11,,,2.5997161865234375,13.604736328125,1138.9453125000002,0.0026000000000000003,5.233203125,85.063,
0,11,,,2.579498291015625,13.49853515625,1139.4140625,0.0025800000000000003,5.2328125000000005,85.097,
0,11,,,2.5966644287109375,13.588867187500002,1139.8828125000002,0.0025968750000000002,5.2330078125,85.131,
0,11,,,2.5966644287109375,13.588867187500002,1140.3125,0.0025968750000000002,5.2330078125,85.165,
0,11,,,2.605056762695313,13.630371093750004,1140.78125,0.002605,5.232617187500001,85.199,
0,11,,,2.6123046875000004,13.668212890625002,1141.25,0.0026125000000000002,5.232617187500001,85.233,
0,11,,,2.6123046875000004,13.668212890625002,1141.73828125,0.0026125000000000002,5.232617187500001,85.267,
0,11,,,2.6073455810546875,13.642578125000002,1142.1679687500002,0.0026075,5.2328125000000005,85.301,
0,11,,,2.5981903076171875,13.594970703125,1142.6367187500002,0.0025984375,5.2330078125,85.335,
0,11,,,2.5981903076171875,13.594970703125,1143.1054687500002,0.0025984375,5.2330078125,85.369,
0,11,,,2.594757080078125,13.577880859375,1143.5742187500002,0.002595,5.2328125000000005,85.403,
0,11,,,2.5856018066406254,13.529052734375,1144.04296875,0.0025856250000000002,5.2328125000000005,85.438,
0,11,,,2.5856018066406254,13.529052734375,1144.4726562500002,0.0025856250000000002,5.232421875,85.472,
0,11,,,2.610015869140625,13.656005859375,1144.94140625,0.0026100000000000003,5.232421875,85.506,
0,11,,,2.6157379150390625,13.6865234375,1145.4296875,0.0026159375,5.232421875,85.54,
0,11,,,2.6157379150390625,13.6865234375,1145.8984375,0.002619375,5.2328125000000005,85.574,
0,11,,,2.619171142578125,13.704833984375002,1146.3281250000002,0.002619375,5.2328125000000005,85.608,
0,11,,,2.614212036132813,13.680419921875002,1146.7968750000002,0.0026143750000000004,5.2330078125,85.642,
0,11,,,2.614212036132813,13.680419921875002,1147.265625,0.0025975000000000004,5.233203125,85.676,
0,11,,,2.597427368164063,13.591308593750002,1147.7343750000002,0.0025975000000000004,5.233203125,85.71,
0,11,,,2.5917053222656254,13.560791015625002,1148.203125,0.0025918750000000004,5.232617187500001,85.744,
0,11,,,2.5917053222656254,13.560791015625002,1148.6328125,0.0025740625000000004,5.232421875,85.778,
0,11,,,2.5737762451171875,13.466796875000002,1149.1015625,0.0025740625000000004,5.232421875,85.812,
0,11,,,2.5848388671875,13.52294921875,1149.5703125,0.002585,5.2322265625,85.846,
0,11,,,2.5848388671875,13.52294921875,1150.0390625,0.002600625,5.232617187500001,85.88,
0,11,,,2.6004791259765625,13.605957031250004,1150.52734375,0.002600625,5.232617187500001,85.914,
0,11,,,2.6092529296875,13.652343750000002,1150.9570312500002,0.002609375,5.2328125000000005,85.948,
0,11,,,2.59857177734375,13.59619140625,1151.4257812500002,0.0025984375,5.232617187500001,85.983,
0,11,,,2.59857177734375,13.59619140625,1151.8945312500002,0.0025984375,5.232617187500001,86.017,
0,11,,,2.5955200195312504,13.581542968750002,1152.3632812500002,0.0025956250000000003,5.2328125000000005,86.051,
0,11,,,2.596282958984375,13.585205078125002,1152.83203125,0.0025965625000000003,5.232421875,86.085,
0,11,,,2.596282958984375,13.585205078125002,1153.2617187500002,0.0025965625000000003,5.232421875,86.119,
0,11,,,2.6042938232421875,13.62548828125,1153.73046875,0.0026043750000000004,5.2322265625,86.153,
0,11,,,2.583694458007813,13.518066406250002,1154.19921875,0.00258375,5.232421875,86.187,
0,11,,,2.583694458007813,13.518066406250002,1154.66796875,0.00258375,5.232421875,86.222,
0,11,,,2.60162353515625,13.61083984375,1155.1367187500002,0.0026015625,5.232421875,86.256,
0,11,,,2.6149749755859375,13.680419921875002,1155.5859375000002,0.002615,5.2322265625,86.29,
0,11,,,2.6149749755859375,13.680419921875002,1156.0546875,0.002615,5.2322265625,86.324,
0,11,,,2.606582641601563,13.640136718750002,1156.5234375000002,0.0026068750000000003,5.2328125000000005,86.358,
0,11,,,2.602767944335938,13.619384765625002,1156.9921875,0.0026031250000000004,5.2328125000000005,86.392,
0,11,,,2.602767944335938,13.619384765625002,1157.4609375000002,0.0026031250000000004,5.2328125000000005,86.426,
0,11,,,2.583694458007813,13.518066406250002,1157.890625,0.00258375,5.2322265625,86.46,
0,11,,,2.6096343994140625,13.653564453125002,1158.359375,0.0026096875,5.2322265625,86.494,
0,11,,,2.6096343994140625,13.653564453125002,1158.828125,0.0026096875,5.2322265625,86.528,
0,11,,,2.6069641113281254,13.638916015625,1159.2968750000002,0.0026068750000000003,5.232421875,86.562,
0,11,,,2.5909423828125,13.555908203125002,1159.7851562500002,0.0025912500000000002,5.232421875,86.596,
0,11,,,2.5909423828125,13.555908203125002,1160.2148437500002,0.0025912500000000002,5.232421875,86.63,
0,11,,,2.608871459960938,13.651123046875,1160.6835937500002,0.0026090625000000003,5.2328125000000005,86.664,
0,11,,,2.6020050048828125,13.616943359375002,1161.1523437500002,0.0026021875000000003,5.2333984375,86.698,
0,11,,,2.6020050048828125,13.616943359375002,1161.62109375,0.0026021875000000003,5.2333984375,86.732,
0,11,,,2.605056762695313,13.631591796875002,1162.0507812500002,0.0026053125000000004,5.2328125000000005,86.766,
0,11,,,2.591323852539063,13.558349609375002,1162.51953125,0.0025915625,5.232617187500001,86.8,
0,11,,,2.591323852539063,13.558349609375002,1162.98828125,0.0025915625,5.232617187500001,86.835,
0,11,,,2.5714874267578125,13.455810546875,1163.45703125,0.0025718750000000004,5.232617187500001,86.869,
0,11,,,2.602386474609375,13.618164062500002,1163.9257812500002,0.0026025,5.2330078125,86.903,
0,11,,,2.602386474609375,13.618164062500002,1164.35546875,0.0026025,5.2322265625,86.937,
0,11,,,2.5917053222656254,13.5595703125,1164.8242187500002,0.0025918750000000004,5.2322265625,86.971,
0,11,,,2.603912353515625,13.624267578125002,1165.3125000000002,0.0026040625,5.2328125000000005,87.005,
0,11,,,2.603912353515625,13.624267578125002,1165.78125,0.0025956250000000003,5.232421875,87.039,
0,11,,,2.5955200195312504,13.579101562500002,1166.2500000000002,0.0025956250000000003,5.232421875,87.073,
0,11,,,2.597808837890625,13.592529296875002,1166.6796875,0.0025978125000000003,5.2330078125,87.107,
0,11,,,2.597808837890625,13.592529296875002,1167.1484375,0.0025778125000000002,5.2328125000000005,87.141,
0,11,,,2.5775909423828125,13.487548828125002,1167.6171875,0.0025778125000000002,5.2328125000000005,87.175,
0,11,,,2.594757080078125,13.576660156250002,1168.0859375000002,0.002595,5.232617187500001,87.209,
0,11,,,2.594757080078125,13.576660156250002,1168.5546875000002,0.0025996875,5.2322265625,87.244,
0,11,,,2.5993347167968754,13.599853515625004,1169.0234375000002,0.0025996875,5.2322265625,87.278,
0,11,,,2.58331298828125,13.515625000000002,1169.4531250000002,0.0025834375000000002,5.232617187500001,87.312,
0,11,,,2.5966644287109375,13.587646484375002,1169.921875,0.0025968750000000002,5.232617187500001,87.346,
0,11,,,2.5966644287109375,13.587646484375002,1170.3906250000002,0.0025968750000000002,5.232617187500001,87.38,
0,11,,,2.60772705078125,13.64501953125,1170.859375,0.0026078125000000003,5.2330078125,87.414,
0,11,,,2.611541748046875,13.664550781250002,1171.2890625,0.002611875,5.232421875,87.448,
0,11,,,2.611541748046875,13.664550781250002,1171.77734375,0.002611875,5.232421875,87.482,
0,11,,,2.6035308837890625,13.623046875000002,1172.24609375,0.00260375,5.232617187500001,87.516,
0,11,,,2.590179443359375,13.552246093750002,1172.7148437500002,0.0025903125,5.232617187500001,87.55,
0,11,,,2.590179443359375,13.552246093750002,1173.1835937500002,0.0025903125,5.232617187500001,87.584,
0,11,,,2.591323852539063,13.557128906250002,1173.6132812500002,0.0025915625,5.23203125,87.618,
0,11,,,2.58636474609375,13.532714843750002,1174.08203125,0.0025865625000000003,5.2322265625,87.652,
0,11,,,2.58636474609375,13.532714843750002,1174.5507812500002,0.0025865625000000003,5.2322265625,87.686,
0,11,,,2.59857177734375,13.597412109375002,1175.01953125,0.0025987500000000004,5.232421875,87.72,
0,11,,,2.608871459960938,13.647460937500002,1175.44921875,0.0026087500000000004,5.23203125,87.754,
0,11,,,2.608871459960938,13.647460937500002,1175.91796875,0.0026087500000000004,5.23203125,87.788,
0,11,,,2.601242065429688,13.61083984375,1176.3867187500002,0.0026015625,5.232617187500001,87.822,
0,11,,,2.59246826171875,13.565673828125,1176.8554687500002,0.0025928125,5.232421875,87.856,
0,11,,,2.59246826171875,13.565673828125,1177.2851562500002,0.0025928125,5.232421875,87.89,
0,11,,,2.579498291015625,13.49853515625,1177.7539062500002,0.0025796875000000004,5.233203125,87.924,
0,11,,,2.6058197021484375,13.6328125,1178.22265625,0.0026059375,5.232421875,87.958,
0,11,,,2.6058197021484375,13.6328125,1178.6914062500002,0.0026059375,5.232421875,87.992,
0,11,,,2.587127685546875,13.536376953125002,1179.1796875000002,0.0025871875,5.2328125000000005,88.026,
0,11,,,2.6096343994140625,13.656005859375,1179.609375,0.0026100000000000003,5.2328125000000005,88.06,
0,11,,,2.6096343994140625,13.656005859375,1180.078125,0.0026100000000000003,5.2328125000000005,88.094,
0,11,,,2.62298583984375,13.725585937500002,1180.546875,0.002623125,5.2330078125,88.128,
0,11,,,2.6073455810546875,13.641357421875,1181.0156250000002,0.0026075,5.232421875,88.162,
0,11,,,2.6073455810546875,13.641357421875,1181.4453125,0.0026075,5.232421875,88.196,
0,11,,,2.608871459960938,13.651123046875,1181.93359375,0.0026090625000000003,5.2328125000000005,88.23,
0,11,,,2.5867462158203125,13.53515625,1182.4023437500002,0.002586875,5.2328125000000005,88.264,
0,11,,,2.5867462158203125,13.53515625,1182.87109375,0.002586875,5.2328125000000005,88.299,
0,11,,,2.5867462158203125,13.533935546875,1183.3398437500002,0.002586875,5.2322265625,88.333,
0,11,,,2.6069641113281254,13.641357421875,1183.76953125,0.0026071875,5.2328125000000005,88.367,
0,11,,,2.6069641113281254,13.641357421875,1184.23828125,0.0026071875,5.232421875,88.401,
0,11,,,2.613067626953125,13.671875,1184.70703125,0.0026131250000000004,5.232421875,88.435,
0,11,,,2.61688232421875,13.69384765625,1185.1953125,0.0026168750000000003,5.2330078125,88.469,
0,11,,,2.61688232421875,13.69384765625,1185.6640625000002,0.0026168750000000003,5.232421875,88.503,
0,11,,,2.5981903076171875,13.593750000000002,1186.0937500000002,0.0025984375,5.232421875,88.537,
0,11,,,2.6081085205078125,13.646240234375002,1186.5625000000002,0.0026084375,5.232421875,88.571,
0,11,,,2.6081085205078125,13.646240234375002,1187.0312500000002,0.0025903125,5.233203125,88.605,
0,11,,,2.590179443359375,13.554687500000002,1187.5,0.0025903125,5.233203125,88.639,
0,11,,,2.5829315185546875,13.514404296875004,1187.9296875000002,0.0025831250000000004,5.232421875,88.673,
0,11,,,2.5829315185546875,13.514404296875004,1188.3984375,0.00259375,5.2322265625,88.707,
0,11,,,2.5932312011718754,13.568115234375,1188.8671875,0.00259375,5.2322265625,88.741,
0,11,,,2.5905609130859375,13.554687500000002,1189.3359375,0.0025909375000000004,5.2322265625,88.775,
0,11,,,2.5905609130859375,13.554687500000002,1189.7656250000002,0.0026068750000000003,5.2322265625,88.809,
0,11,,,2.6069641113281254,13.638916015625,1190.234375,0.0026068750000000003,5.2322265625,88.843,
0,11,,,2.6096343994140625,13.654785156250002,1190.7031250000002,0.0026096875,5.232617187500001,88.877,
0,11,,,2.6096343994140625,13.654785156250002,1191.1914062500002,0.0026028125,5.233203125,88.911,
0,11,,,2.602767944335938,13.619384765625002,1191.6015625,0.0026028125,5.233203125,88.945,
0,11,,,2.58636474609375,13.53515625,1192.08984375,0.0025865625000000003,5.233203125,88.979,
0,11,,,2.58636474609375,13.530273437500002,1192.55859375,0.00258625,5.232421875,89.013,
0,11,,,2.585983276367188,13.530273437500002,1193.02734375,0.00258625,5.232421875,89.047,
0,11,,,2.5905609130859375,13.555908203125002,1193.49609375,0.0025909375000000004,5.2330078125,89.081,
0,11,,,2.5928497314453125,13.565673828125,1193.9257812500002,0.0025928125,5.232421875,89.115,
0,11,,,2.5928497314453125,13.565673828125,1194.3945312500002,0.0025928125,5.232421875,89.149,
0,11,,,2.6107788085937504,13.65966796875,1194.8632812500002,0.0026109375000000004,5.232617187500001,89.183,
0,11,,,2.60772705078125,13.642578125000002,1195.3320312500002,0.0026078125000000003,5.23203125,89.217,
0,11,,,2.60772705078125,13.642578125000002,1195.76171875,0.0026078125000000003,5.23203125,89.251,
0,11,,,2.6069641113281254,13.642578125000002,1196.2304687500002,0.0026071875,5.2333984375,89.285,
0,11,,,2.5943756103515625,13.576660156250002,1196.69921875,0.0025946875,5.233203125,89.319,
0,11,,,2.5943756103515625,13.576660156250002,1197.1875,0.0025946875,5.233203125,89.354,
0,11,,,2.596282958984375,13.585205078125002,1197.65625,0.0025965625000000003,5.2322265625,89.388,
0,11,,,2.5817871093750004,13.507080078125,1198.0859375000002,0.0025818750000000004,5.232421875,89.422,
0,11,,,2.5817871093750004,13.507080078125,1198.5546875000002,0.0025818750000000004,5.232421875,89.456,
0,11,,,2.5993347167968754,13.599853515625004,1199.0234375,0.0025996875,5.232421875,89.49,
0,11,,,2.608871459960938,13.649902343750002,1199.4921875000002,0.0026087500000000004,5.232617187500001,89.524,
0,11,,,2.608871459960938,13.649902343750002,1199.9609375,0.0026087500000000004,5.232617187500001,89.558,
0,11,,,2.6119232177734375,13.664550781250002,1200.390625,0.002611875,5.23203125,89.592,
0,11,,,2.5890350341796875,13.5498046875,1200.8593750000002,0.002589375,5.2337890625000005,89.626,
0,11,,,2.5890350341796875,13.5498046875,1201.3476562500002,0.002589375,5.2337890625000005,89.659,
0,11,,,2.605056762695313,13.631591796875002,1201.81640625,0.0026053125000000004,5.2330078125,89.693,
0,11,,,2.597808837890625,13.592529296875002,1202.2460937500002,0.002598125,5.232421875,89.727,
0,11,,,2.597808837890625,13.592529296875002,1202.7148437500002,0.002598125,5.232421875,89.761,
0,11,,,2.594757080078125,13.575439453125004,1203.1835937500002,0.0025946875,5.2322265625,89.795,
0,11,,,2.601242065429688,13.6083984375,1203.6523437500002,0.0026012500000000003,5.23203125,89.829,
0,11,,,2.601242065429688,13.6083984375,1204.0820312500002,0.0026012500000000003,5.23203125,89.863,
0,11,,,2.605438232421875,13.6328125,1204.55078125,0.0026056250000000003,5.232421875,89.897,
0,11,,,2.6149749755859375,13.682861328125002,1205.0195312500002,0.002615,5.2330078125,89.931,
0,11,,,2.6149749755859375,13.682861328125002,1205.48828125,0.002615,5.2330078125,89.965,
0,11,,,2.5928497314453125,13.566894531250002,1205.9375,0.0025931250000000004,5.2328125000000005,89.999,
0,11,,,2.6111602783203125,13.660888671875004,1206.4062500000002,0.0026112500000000003,5.232617187500001,90.033,
0,11,,,2.6111602783203125,13.660888671875004,1206.8750000000002,0.0026112500000000003,5.232617187500001,90.067,
0,11,,,2.5932312011718754,13.570556640625002,1207.3437500000002,0.00259375,5.2330078125,90.101,
0,11,,,2.593612670898438,13.572998046875002,1207.7734375000002,0.0025940625,5.2330078125,90.135,
0,11,,,2.593612670898438,13.572998046875002,1208.2421875000002,0.0025940625,5.232421875,90.169,
0,11,,,2.6035308837890625,13.621826171875002,1208.7109375000002,0.00260375,5.232421875,90.203,
0,11,,,2.601242065429688,13.612060546875002,1209.1796875,0.0026015625,5.2330078125,90.237,
0,11,,,2.601242065429688,13.612060546875002,1209.66796875,0.0026015625,5.233203125,90.271,
0,11,,,2.63214111328125,13.774414062500002,1210.0976562500002,0.0026325000000000003,5.233203125,90.305,
0,11,,,2.5997161865234375,13.602294921875,1210.5664062500002,0.0025996875,5.2328125000000005,90.339,
0,11,,,2.5997161865234375,13.602294921875,1211.0351562500002,0.0025834375000000002,5.2328125000000005,90.373,
0,11,,,2.58331298828125,13.518066406250002,1211.7187500000002,0.0025921875000000003,5.233203125,90.424,
0,11,,,2.5920867919921875,13.563232421875002,1212.1875000000002,0.0025921875000000003,5.233203125,90.458,
0,12,,,2.2663116455078125,11.870117187500002,0.33203125000000006,0.0022665625000000003,5.2376953125000005,0.035,
0,12,,,2.323150634765625,12.166748046875002,0.7226562500000001,0.002323125,5.2376953125000005,0.069,
0,12,,,2.30255126953125,12.0556640625,1.1328125000000002,0.0023025000000000003,5.236328125,0.103,
0,12,,,2.30255126953125,12.0556640625,1.54296875,0.0022978125000000004,5.2369140625,0.137,
0,12,,,2.297592163085938,12.03125,1.9726562500000004,0.0022978125000000004,5.2369140625,0.171,
0,12,,,2.286529541015625,11.973876953125002,2.3828125000000004,0.0022865625000000004,5.237109375,0.205,
0,12,,,2.286529541015625,11.973876953125002,2.7734375000000004,0.002333125,5.236328125,0.239,
0,12,,,2.33306884765625,12.215576171875002,3.1835937500000004,0.002333125,5.236328125,0.273,
0,12,,,2.3197174072265625,12.148437500000002,3.61328125,0.00232,5.237109375,0.307,
0,12,,,2.3197174072265625,12.148437500000002,4.0234375,0.0023109375,5.237500000000001,0.341,
0,12,,,2.3105621337890625,12.102050781250002,4.414062500000001,0.0023109375,5.237500000000001,0.375,
0,12,,,2.3303985595703125,12.203369140625002,4.843750000000001,0.0023306250000000002,5.2369140625,0.409,
0,12,,,2.3303985595703125,12.049560546875002,5.253906250000001,0.0023012500000000003,5.237109375,0.443,
0,12,,,2.301025390625,12.049560546875002,5.664062500000001,0.0023012500000000003,5.237109375,0.478,
0,12,,,2.301788330078125,12.0556640625,6.093750000000001,0.0023021875,5.237109375,0.512,
0,12,,,2.330780029296875,12.205810546875002,6.484375000000001,0.0023309375,5.237109375,0.546,
0,12,,,2.330780029296875,12.205810546875002,6.894531250000002,0.0023309375,5.237109375,0.58,
0,12,,,2.320480346679688,12.152099609375002,7.32421875,0.002320625,5.237109375,0.614,
0,12,,,2.291107177734375,11.998291015625002,7.734375000000001,0.0022915625,5.2367187500000005,0.648,
0,12,,,2.291107177734375,11.998291015625002,8.144531250000002,0.0022915625,5.2367187500000005,0.682,
0,12,,,2.3159027099609375,12.128906250000002,8.53515625,0.00231625,5.2373046875,0.716,
0,12,,,2.3040771484375,12.065429687500002,8.945312500000002,0.002304375,5.2367187500000005,0.75,
0,12,,,2.3040771484375,12.065429687500002,9.375000000000002,0.002304375,5.2367187500000005,0.784,
0,12,,,2.3227691650390625,12.164306640625,9.785156250000002,0.002323125,5.2373046875,0.818,
0,12,,,2.3067474365234375,12.080078125000002,10.175781250000002,0.0023071875,5.2369140625,0.852,
0,12,,,2.3067474365234375,12.080078125000002,10.585937500000002,0.0023071875,5.2369140625,0.887,
0,12,,,2.3082733154296875,12.089843750000002,11.015625000000002,0.0023084375,5.2376953125000005,0.921,
0,12,,,2.3162841796875,12.127685546875002,11.4453125,0.00231625,5.236523437500001,0.955,
0,12,,,2.3162841796875,12.127685546875002,11.85546875,0.00231625,5.236523437500001,0.989,
0,12,,,2.2998809814453125,12.044677734375002,12.265625000000002,0.0023003125000000003,5.237109375,1.023,
0,12,,,2.288818359375,11.986083984375002,12.636718750000002,0.0022890625000000003,5.2369140625,1.057,
0,12,,,2.288818359375,11.986083984375002,13.066406250000002,0.0022890625000000003,5.2369140625,1.091,
0,12,,,2.291107177734375,11.998291015625002,13.4765625,0.0022912500000000003,5.237109375,1.125,
0,12,,,2.2998809814453125,12.044677734375002,13.906250000000002,0.0023000000000000004,5.2373046875,1.159,
0,12,,,2.2998809814453125,12.044677734375002,14.277343750000004,0.0023000000000000004,5.2373046875,1.193,
0,12,,,2.31781005859375,12.137451171875,14.70703125,0.0023181250000000003,5.2367187500000005,1.226,
0,12,,,2.313232421875,12.115478515625,15.117187500000002,0.0023137500000000003,5.2373046875,1.26,
0,12,,,2.313232421875,12.115478515625,15.546875000000002,0.0023137500000000003,5.2373046875,1.294,
0,12,,,2.3288726806640625,12.196044921875002,15.937500000000004,0.0023290625000000004,5.237109375,1.328,
0,12,,,2.300262451171875,12.047119140625002,16.347656250000004,0.002300625,5.2373046875,1.362,
0,12,,,2.300262451171875,12.047119140625002,16.757812500000004,0.002300625,5.2373046875,1.396,
0,12,,,2.2994995117187504,12.041015625000002,17.167968750000004,0.0022996875,5.2369140625,1.43,
0,12,,,2.297210693359375,12.028808593750002,17.55859375,0.0022975,5.2367187500000005,1.464,
0,12,,,2.297210693359375,12.028808593750002,17.968750000000004,0.0022975,5.2373046875,1.498,
0,12,,,2.30865478515625,12.089843750000002,18.3984375,0.00230875,5.2373046875,1.532,
0,12,,,2.301406860351563,12.052001953125002,18.808593750000004,0.002301875,5.2367187500000005,1.566,
0,12,,,2.301406860351563,12.052001953125002,19.238281250000004,0.002301875,5.2369140625,1.6,
0,12,,,2.3288726806640625,12.19482421875,19.609375000000004,0.0023290625000000004,5.2369140625,1.634,
0,12,,,2.3265838623046875,12.183837890625,20.039062500000004,0.0023268750000000004,5.2369140625,1.668,
0,12,,,2.3265838623046875,12.183837890625,20.468750000000004,0.002314375,5.237500000000001,1.702,
0,12,,,2.313995361328125,12.119140625000002,20.878906250000004,0.002314375,5.237500000000001,1.736,
0,12,,,2.3109436035156254,12.103271484375,21.26953125,0.0023112500000000004,5.237500000000001,1.77,
0,12,,,2.3109436035156254,12.103271484375,21.679687500000004,0.0023234375,5.2367187500000005,1.804,
0,12,,,2.323150634765625,12.165527343750002,22.109375,0.0023234375,5.2367187500000005,1.838,
0,12,,,2.3159027099609375,12.127685546875002,22.519531250000004,0.0023159375000000003,5.2369140625,1.872,
0,12,,,2.3159027099609375,12.127685546875002,22.910156250000004,0.0023253125,5.2373046875,1.907,
0,12,,,2.3250579833984375,12.177734375,23.320312500000004,0.0023253125,5.2373046875,1.941,
0,12,,,2.3021697998046875,12.058105468750002,23.750000000000004,0.0023025000000000003,5.237890625,1.975,
0,12,,,2.3021697998046875,12.252197265625,24.179687500000004,0.0023396875,5.2376953125000005,2.009,
0,12,,,2.339553833007813,12.252197265625,24.589843750000004,0.0023396875,5.2376953125000005,2.043,
0,12,,,2.2891998291015625,11.988525390625002,25.0,0.002289375,5.237109375,2.077,
0,12,,,2.288818359375,11.986083984375002,25.390625,0.0022890625000000003,5.237109375,2.111,
0,12,,,2.288818359375,11.986083984375002,25.80078125,0.0022890625000000003,5.237109375,2.145,
0,12,,,2.321624755859375,12.158203125000002,26.230468750000004,0.002321875,5.2373046875,2.179,
0,12,,,2.32696533203125,12.186279296875002,26.640625,0.0023271875000000003,5.2373046875,2.213,
0,12,,,2.32696533203125,12.186279296875002,27.031250000000004,0.0023271875000000003,5.2373046875,2.247,
0,12,,,2.3151397705078125,12.124023437500002,27.44140625,0.0023153125,5.2369140625,2.281,
0,12,,,2.3067474365234375,12.082519531250002,27.871093750000007,0.0023068750000000003,5.237890625,2.315,
0,12,,,2.3067474365234375,12.082519531250002,28.281250000000004,0.0023068750000000003,5.237890625,2.349,
0,12,,,2.3193359375,12.147216796875,28.671875000000004,0.0023196875,5.2373046875,2.383,
0,12,,,2.3159027099609375,12.127685546875002,29.08203125,0.0023159375000000003,5.2373046875,2.417,
0,12,,,2.3159027099609375,12.127685546875002,29.51171875,0.0023159375000000003,5.2373046875,2.451,
0,12,,,2.2922515869140625,12.003173828125002,29.921875000000004,0.0022925000000000003,5.2367187500000005,2.485,
0,12,,,2.29339599609375,12.01171875,30.292968750000007,0.00229375,5.2373046875,2.519,
0,12,,,2.29339599609375,12.01171875,30.722656250000004,0.00229375,5.2373046875,2.553,
0,12,,,2.3029327392578125,12.061767578125,31.132812500000004,0.002303125,5.237890625,2.587,
0,12,,,2.298736572265625,12.036132812500002,31.562500000000007,0.00229875,5.2367187500000005,2.621,
0,12,,,2.298736572265625,12.036132812500002,31.972656250000004,0.00229875,5.2367187500000005,2.655,
0,12,,,2.30865478515625,12.09228515625,32.34375000000001,0.0023090625000000004,5.2376953125000005,2.689,
0,12,,,2.3033142089843754,12.062988281250002,32.7734375,0.0023034375000000004,5.2373046875,2.723,
0,12,,,2.3033142089843754,12.062988281250002,33.18359375000001,0.0023034375000000004,5.2373046875,2.757,
0,12,,,2.316665649414063,12.1337890625,33.61328125000001,0.0023168750000000004,5.237500000000001,2.791,
0,12,,,2.3029327392578125,12.061767578125,33.98437500000001,0.002303125,5.237890625,2.825,
0,12,,,2.3029327392578125,12.061767578125,34.4140625,0.002303125,5.237890625,2.859,
0,12,,,2.3212432861328125,12.156982421875002,34.82421875000001,0.0023215625000000003,5.2373046875,2.893,
0,12,,,2.3036956787109375,12.064208984375002,35.25390625,0.0023037500000000002,5.237109375,2.927,
0,12,,,2.3036956787109375,12.064208984375002,35.6640625,0.0023037500000000002,5.237109375,2.962,
0,12,,,2.3082733154296875,12.088623046875002,36.09375,0.0023084375,5.2373046875,2.996,
0,12,,,2.3136138916015625,12.119140625000002,36.46484375,0.0023137500000000003,5.23828125,3.03,
0,12,,,2.3136138916015625,12.119140625000002,36.89453125,0.0023137500000000003,5.237500000000001,3.064,
0,12,,,2.3109436035156254,12.103271484375,37.3046875,0.0023109375,5.237500000000001,3.099,
0,12,,,2.305221557617188,12.073974609375002,37.73437500000001,0.0023056250000000004,5.237500000000001,3.133,
0,12,,,2.305221557617188,12.073974609375002,38.14453125,0.0023056250000000004,5.2376953125000005,3.167,
0,12,,,2.3040771484375,12.067871093750002,38.53515625000001,0.002304375,5.2376953125000005,3.201,
0,12,,,2.3197174072265625,12.148437500000002,38.9453125,0.0023196875,5.237890625,3.234,
0,12,,,2.3197174072265625,12.148437500000002,39.37500000000001,0.0023325000000000004,5.237500000000001,3.268,
0,12,,,2.332305908203125,12.215576171875002,39.78515625000001,0.0023325000000000004,5.237500000000001,3.302,
0,12,,,2.309036254882813,12.093505859375002,40.17578125000001,0.0023093750000000002,5.237500000000001,3.336,
0,12,,,2.309036254882813,12.093505859375002,40.5859375,0.0022896875,5.237890625,3.37,
0,12,,,2.289581298828125,11.990966796875002,41.015625,0.0022896875,5.237890625,3.404,
0,12,,,2.3113250732421875,12.104492187500002,41.42578125000001,0.0023112500000000004,5.2376953125000005,3.438,
0,12,,,2.3113250732421875,12.104492187500002,41.81640625000001,0.0023284375,5.2373046875,3.472,
0,12,,,2.328109741210938,12.192382812500002,42.22656250000001,0.0023284375,5.2373046875,3.506,
0,12,,,2.3036956787109375,12.065429687500002,42.65625000000001,0.0023037500000000002,5.2376953125000005,3.54,
0,12,,,2.3036956787109375,12.065429687500002,43.06640625,0.0023115625000000002,5.2373046875,3.574,
0,12,,,2.3113250732421875,12.103271484375,43.49609375000001,0.0023115625000000002,5.2373046875,3.608,
0,12,,,2.300262451171875,12.0458984375,43.86718750000001,0.002300625,5.237109375,3.642,
0,12,,,2.30255126953125,12.056884765625002,44.27734375,0.0023025000000000003,5.237109375,3.676,
0,12,,,2.30255126953125,12.056884765625002,44.70703125,0.0023025000000000003,5.237109375,3.71,
0,12,,,2.324295043945313,12.171630859375002,45.13671875000001,0.002324375,5.2369140625,3.744,
0,12,,,2.3212432861328125,12.158203125000002,45.5078125,0.0023212500000000004,5.237890625,3.778,
0,12,,,2.3212432861328125,12.158203125000002,45.93750000000001,0.0023212500000000004,5.237890625,3.812,
0,12,,,2.309417724609375,12.09228515625,46.34765625000001,0.0023093750000000002,5.236523437500001,3.847,
0,12,,,2.3029327392578125,12.059326171875002,46.77734375000001,0.002303125,5.2369140625,3.881,
0,12,,,2.3029327392578125,12.059326171875002,47.1484375,0.002303125,5.2369140625,3.914,
0,12,,,2.324295043945313,12.172851562500002,47.57812500000001,0.002324375,5.2376953125000005,3.948,
0,12,,,2.292633056640625,12.005615234375002,47.98828125000001,0.0022928125,5.2369140625,3.982,
0,12,,,2.292633056640625,12.005615234375002,48.3984375,0.0022928125,5.2369140625,4.017,
0,12,,,2.3193359375,12.14599609375,48.828125,0.0023196875,5.2369140625,4.051,
0,12,,,2.3033142089843754,12.061767578125,49.23828125000001,0.0023034375000000004,5.2367187500000005,4.085,
0,12,,,2.3033142089843754,12.061767578125,49.62890625000001,0.0023034375000000004,5.2367187500000005,4.119,
0,12,,,2.301025390625,12.050781250000002,50.0390625,0.0023015625000000002,5.237109375,4.153,
0,12,,,2.3105621337890625,12.099609375,50.46875000000001,0.002310625,5.237500000000001,4.187,
0,12,,,2.3105621337890625,12.099609375,50.87890625,0.002310625,5.237500000000001,4.221,
0,12,,,2.2956848144531254,12.021484375000002,51.250000000000014,0.0022959375000000002,5.236523437500001,4.255,
0,12,,,2.30865478515625,12.091064453125002,51.67968750000001,0.00230875,5.237500000000001,4.289,
0,12,,,2.30865478515625,12.091064453125002,52.08984375,0.00230875,5.237500000000001,4.323,
0,12,,,2.31781005859375,12.137451171875,52.51953125000001,0.0023178125,5.2373046875,4.357,
0,12,,,2.313232421875,12.115478515625,52.9296875,0.0023134375000000004,5.237500000000001,4.391,
0,12,,,2.313232421875,12.115478515625,53.3203125,0.0023134375000000004,5.237500000000001,4.425,
0,12,,,2.3273468017578125,12.188720703125002,53.73046875000001,0.0023278125,5.237109375,4.459,
0,12,,,2.3029327392578125,12.060546875000002,54.16015625000001,0.002303125,5.2373046875,4.493,
0,12,,,2.3029327392578125,12.060546875000002,54.58984375000001,0.002303125,5.2373046875,4.527,
0,12,,,2.32391357421875,12.169189453125002,54.96093750000001,0.0023240625,5.2367187500000005,4.561,
0,12,,,2.32086181640625,12.152099609375002,55.39062500000001,0.0023209375,5.236523437500001,4.595,
0,12,,,2.32086181640625,12.152099609375002,55.80078125,0.0023209375,5.236523437500001,4.629,
0,12,,,2.3147583007812504,12.120361328125002,56.230468750000014,0.0023146875000000003,5.2369140625,4.663,
0,12,,,2.2998809814453125,12.043457031250002,56.60156250000001,0.0023003125000000003,5.2369140625,4.697,
0,12,,,2.2998809814453125,12.043457031250002,57.03125000000001,0.0023003125000000003,5.237890625,4.731,
0,12,,,2.301406860351563,12.054443359375,57.44140625000001,0.002301875,5.237890625,4.765,
0,12,,,2.32086181640625,12.1533203125,57.87109375000001,0.0023212500000000004,5.2367187500000005,4.799,
0,12,,,2.32086181640625,12.1533203125,58.28125000000001,0.0023212500000000004,5.237109375,4.833,
0,12,,,2.3044586181640625,12.069091796875,58.671875000000014,0.0023046875000000003,5.237109375,4.867,
0,12,,,2.30255126953125,12.056884765625002,59.08203125,0.0023025000000000003,5.2369140625,4.901,
0,12,,,2.30255126953125,12.056884765625002,59.51171875,0.0023384375000000002,5.237500000000001,4.935,
0,12,,,2.338409423828125,12.246093750000002,59.92187500000001,0.0023384375000000002,5.237500000000001,4.969,
0,12,,,2.3136138916015625,12.11669921875,60.31250000000001,0.0023140625,5.2373046875,5.003,
0,12,,,2.3136138916015625,12.11669921875,60.72265625000001,0.0023015625000000002,5.236523437500001,5.038,
0,12,,,2.301406860351563,12.049560546875002,61.15234375000001,0.0023015625000000002,5.236523437500001,5.072,
0,12,,,2.3174285888671875,12.137451171875,61.562500000000014,0.0023178125,5.237500000000001,5.106,
0,12,,,2.3174285888671875,12.137451171875,61.992187500000014,0.0023040625,5.2373046875,5.14,
0,12,,,2.3040771484375,12.065429687500002,62.36328125000001,0.0023040625,5.2373046875,5.174,
0,12,,,2.3109436035156254,12.100830078125002,62.773437500000014,0.0023112500000000004,5.2367187500000005,5.208,
0,12,,,2.3109436035156254,12.093505859375002,63.203125000000014,0.0023096875,5.236523437500001,5.242,
0,12,,,2.309417724609375,12.093505859375002,63.613281250000014,0.0023096875,5.236523437500001,5.276,
0,12,,,2.3143768310546875,12.119140625000002,64.04296875000001,0.002314375,5.2369140625,5.31,
0,12,,,2.316665649414063,12.131347656250002,64.43359375,0.0023168750000000004,5.236523437500001,5.344,
0,12,,,2.316665649414063,12.131347656250002,64.84375,0.0023168750000000004,5.236523437500001,5.378,
0,12,,,2.349472045898438,12.303466796875002,65.27343750000001,0.0023496875,5.2369140625,5.412,
0,12,,,2.3071289062500004,12.082519531250002,65.70312500000001,0.0023075,5.237109375,5.446,
0,12,,,2.3071289062500004,12.082519531250002,66.07421875000001,0.0023075,5.237109375,5.48,
0,12,,,2.3067474365234375,12.081298828125002,66.48437500000001,0.0023071875,5.2376953125000005,5.514,
0,12,,,2.306365966796875,12.078857421875,66.91406250000001,0.0023065625,5.237109375,5.548,
0,12,,,2.306365966796875,12.078857421875,67.32421875000001,0.0023065625,5.237109375,5.582,
0,12,,,2.2922515869140625,12.004394531250002,67.71484375000001,0.0022925000000000003,5.237109375,5.616,
0,12,,,2.3006439208984375,12.049560546875002,68.125,0.0023009375,5.2373046875,5.65,
0,12,,,2.3006439208984375,12.049560546875002,68.53515625,0.0023009375,5.2373046875,5.684,
0,12,,,2.301406860351563,12.052001953125002,68.96484375,0.0023015625000000002,5.237109375,5.718,
0,12,,,2.2956848144531254,12.020263671875002,69.3359375,0.0022956250000000004,5.2367187500000005,5.752,
0,12,,,2.2956848144531254,12.020263671875002,69.74609375,0.0022956250000000004,5.2367187500000005,5.786,
0,12,,,2.301406860351563,12.052001953125002,70.17578125,0.002301875,5.2367187500000005,5.82,
0,12,,,2.304840087890625,12.069091796875,70.58593750000001,0.002305,5.2367187500000005,5.854,
0,12,,,2.304840087890625,12.069091796875,71.01562500000001,0.002305,5.2367187500000005,5.888,
0,12,,,2.294921875,12.019042968750002,71.38671875000001,0.0022953125,5.237109375,5.922,
0,12,,,2.32696533203125,12.185058593750002,71.81640625,0.0023271875000000003,5.2369140625,5.956,
0,12,,,2.32696533203125,12.185058593750002,72.22656250000001,0.0023271875000000003,5.2369140625,5.99,
0,12,,,2.291107177734375,11.997070312500002,72.63671875000001,0.0022912500000000003,5.2369140625,6.024,
0,12,,,2.305221557617188,12.07275390625,73.02734375000001,0.0023056250000000004,5.2373046875,6.058,
0,12,,,2.305221557617188,12.07275390625,73.4375,0.0023056250000000004,5.2373046875,6.093,
0,12,,,2.316665649414063,12.1337890625,73.86718750000001,0.0023171875000000002,5.2373046875,6.127,
0,12,,,2.3342132568359375,12.222900390625002,74.29687500000001,0.002334375,5.236523437500001,6.161,
0,12,,,2.3342132568359375,12.222900390625002,74.70703125,0.002334375,5.236523437500001,6.195,
0,12,,,2.332305908203125,12.21435546875,75.09765625,0.0023325000000000004,5.2369140625,6.229,
0,12,,,2.320480346679688,12.1533203125,75.52734375000001,0.0023209375,5.237109375,6.263,
0,12,,,2.320480346679688,12.1533203125,75.9375,0.0023209375,5.237109375,6.297,
0,12,,,2.301406860351563,12.050781250000002,76.3671875,0.0023015625000000002,5.236523437500001,6.331,
0,12,,,2.327728271484375,12.187500000000002,76.77734375,0.0023278125,5.2367187500000005,6.365,
0,12,,,2.327728271484375,12.187500000000002,77.1484375,0.0023278125,5.2369140625,6.399,
0,12,,,2.2945404052734375,12.015380859375,77.57812500000001,0.0022946875000000003,5.2369140625,6.432,
0,12,,,2.3151397705078125,12.124023437500002,77.98828125000001,0.0023153125,5.2369140625,6.466,
0,12,,,2.3151397705078125,12.124023437500002,78.41796875000001,0.002304375,5.2369140625,6.5,
0,12,,,2.3040771484375,12.065429687500002,78.7890625,0.002304375,5.2369140625,6.534,
0,12,,,2.3288726806640625,12.196044921875002,79.21875,0.0023293750000000003,5.2369140625,6.568,
0,12,,,2.3288726806640625,12.196044921875002,79.62890625000001,0.0022865625000000004,5.237109375,6.602,
0,12,,,2.286529541015625,11.973876953125002,80.05859375000001,0.0022865625000000004,5.237109375,6.636,
0,12,,,2.3033142089843754,12.061767578125,80.42968750000001,0.0023034375000000004,5.2369140625,6.67,
0,12,,,2.3033142089843754,12.061767578125,80.85937500000001,0.002324375,5.2367187500000005,6.704,
0,12,,,2.32391357421875,12.169189453125002,81.26953125000001,0.002324375,5.2367187500000005,6.738,
0,12,,,2.2918701171875004,12.000732421875,81.67968750000001,0.002291875,5.2367187500000005,6.772,
0,12,,,2.2918701171875004,12.000732421875,82.07031250000001,0.0023140625,5.236523437500001,6.806,
0,12,,,2.313995361328125,12.11669921875,82.48046875000001,0.0023140625,5.236523437500001,6.84,
0,12,,,2.2994995117187504,12.042236328125,82.91015625,0.0022996875,5.2373046875,6.874,
0,12,,,2.2994995117187504,12.042236328125,83.32031250000001,0.0023221875,5.2373046875,6.908,
0,12,,,2.3220062255859375,12.16064453125,83.75,0.0023221875,5.2373046875,6.942,
0,12,,,2.3136138916015625,12.114257812500002,84.12109375000001,0.0023137500000000003,5.236523437500001,6.976,
0,12,,,2.3136138916015625,12.076416015625,84.55078125000001,0.00230625,5.2369140625,7.01,
0,12,,,2.3059844970703125,12.076416015625,84.9609375,0.00230625,5.2369140625,7.044,
0,12,,,2.2994995117187504,12.041015625000002,85.39062500000001,0.0022996875,5.236523437500001,7.078,
0,12,,,2.30865478515625,12.089843750000002,85.76171875000001,0.0023090625000000004,5.2369140625,7.112,
0,12,,,2.30865478515625,12.089843750000002,86.19140625,0.0023090625000000004,5.2369140625,7.147,
0,12,,,2.312469482421875,12.110595703125002,86.6015625,0.0023128125,5.2369140625,7.181,
0,12,,,2.30865478515625,12.089843750000002,87.03125,0.00230875,5.237500000000001,7.215,
0,12,,,2.30865478515625,12.089843750000002,87.44140625000001,0.00230875,5.237500000000001,7.249,
0,12,,,2.2968292236328125,12.030029296875002,87.87109375000001,0.0022971875,5.237500000000001,7.283,
0,12,,,2.3345947265625,12.226562500000002,88.24218750000001,0.0023350000000000003,5.237109375,7.317,
0,12,,,2.3345947265625,12.226562500000002,88.65234375000001,0.0023350000000000003,5.237109375,7.351,
0,12,,,2.2884368896484375,11.982421875000002,89.08203125000001,0.0022884375,5.2367187500000005,7.385,
0,12,,,2.317047119140625,12.1337890625,89.51171875000001,0.0023171875000000002,5.2373046875,7.419,
0,12,,,2.317047119140625,12.1337890625,89.88281250000001,0.0023171875000000002,5.2373046875,7.453,
0,12,,,2.2983551025390625,12.037353515625002,90.29296875000001,0.00229875,5.2373046875,7.487,
0,12,,,2.3181915283203125,12.138671875000002,90.72265625,0.0023181250000000003,5.2367187500000005,7.521,
0,12,,,2.3181915283203125,12.138671875000002,91.13281250000001,0.0023181250000000003,5.2367187500000005,7.555,
0,12,,,2.2918701171875004,12.000732421875,91.52343750000001,0.0022921875000000004,5.236328125,7.589,
0,12,,,2.3044586181640625,12.069091796875,91.93359375000001,0.0023046875000000003,5.237109375,7.623,
0,12,,,2.3044586181640625,12.069091796875,92.36328125000001,0.0023046875000000003,5.237109375,7.657,
0,12,,,2.32391357421875,12.169189453125002,92.7734375,0.0023240625,5.236523437500001,7.691,
0,12,,,2.3044586181640625,12.066650390625002,93.14453125000001,0.0023046875000000003,5.2369140625,7.725,
0,12,,,2.3044586181640625,12.066650390625002,93.57421875000001,0.0023046875000000003,5.2369140625,7.759,
0,12,,,2.301788330078125,12.054443359375,93.98437500000001,0.0023021875,5.2367187500000005,7.793,
0,12,,,2.313995361328125,12.119140625000002,94.4140625,0.002314375,5.2373046875,7.827,
0,12,,,2.313995361328125,12.119140625000002,94.82421875000001,0.002314375,5.2373046875,7.861,
0,12,,,2.3101806640625,12.097167968750002,95.21484375,0.0023103125000000003,5.237109375,7.895,
0,12,,,2.3185729980468754,12.138671875000002,95.62500000000001,0.00231875,5.236328125,7.929,
0,12,,,2.3185729980468754,12.138671875000002,96.05468750000001,0.00231875,5.236328125,7.963,
0,12,,,2.312850952148438,12.113037109375002,96.46484375000001,0.002313125,5.2373046875,7.997,
0,12,,,2.28729248046875,11.978759765625002,96.85546875,0.0022875,5.237109375,8.031,
0,12,,,2.28729248046875,11.978759765625002,97.26562500000001,0.0022875,5.237109375,8.065,
0,12,,,2.3044586181640625,12.067871093750002,97.67578125000001,0.0023046875000000003,5.237109375,8.099,
0,12,,,2.3197174072265625,12.14599609375,98.10546875000001,0.0023196875,5.2367187500000005,8.133,
0,12,,,2.3197174072265625,12.14599609375,98.47656250000001,0.0023196875,5.2367187500000005,8.167,
0,12,,,2.294158935546875,12.01171875,98.90625000000001,0.0022940625,5.2367187500000005,8.202,
0,12,,,2.30865478515625,12.089843750000002,99.31640625,0.00230875,5.237109375,8.236,
0,12,,,2.30865478515625,12.089843750000002,99.74609375000001,0.0023150000000000002,5.2369140625,8.27,
0,12,,,2.3147583007812504,12.120361328125002,100.15625000000001,0.0023150000000000002,5.2369140625,8.304,
0,12,,,2.3067474365234375,12.080078125000002,100.54687500000003,0.0023068750000000003,5.2373046875,8.338,
0,12,,,2.3067474365234375,12.080078125000002,100.95703125,0.0023225000000000003,5.2373046875,8.371,
0,12,,,2.3223876953125004,12.161865234375002,101.38671875000001,0.0023225000000000003,5.2373046875,8.405,
0,12,,,2.309036254882813,12.09228515625,101.79687500000001,0.0023093750000000002,5.237109375,8.439,
0,12,,,2.309036254882813,12.09228515625,102.2265625,0.00229875,5.2369140625,8.473,
0,12,,,2.298736572265625,12.037353515625002,102.59765625000001,0.00229875,5.2369140625,8.507,
0,12,,,2.3029327392578125,12.060546875000002,103.0078125,0.002303125,5.2373046875,8.542,
0,12,,,2.3029327392578125,12.060546875000002,103.43750000000001,0.0023000000000000004,5.237109375,8.576,
0,12,,,2.2998809814453125,12.044677734375002,103.84765625000001,0.0023000000000000004,5.237109375,8.609,
0,12,,,2.3212432861328125,12.156982421875002,104.23828125000001,0.0023215625000000003,5.2369140625,8.643,
0,12,,,2.3021697998046875,12.056884765625002,104.64843750000003,0.0023025000000000003,5.237109375,8.678,
0,12,,,2.3021697998046875,12.056884765625002,105.07812500000001,0.0023025000000000003,5.237109375,8.711,
0,12,,,2.3212432861328125,12.155761718750002,105.48828125000001,0.0023215625000000003,5.236523437500001,8.745,
0,12,,,2.3109436035156254,12.102050781250002,105.87890625000001,0.0023112500000000004,5.2369140625,8.779,
0,12,,,2.3109436035156254,12.102050781250002,106.28906250000001,0.0023112500000000004,5.2369140625,8.813,
0,12,,,2.297210693359375,12.028808593750002,106.71875,0.0022971875,5.237109375,8.847,
0,12,,,2.3109436035156254,12.100830078125002,107.12890625,0.0023109375,5.237109375,8.881,
0,12,,,2.3109436035156254,12.100830078125002,107.51953125000001,0.0023109375,5.237109375,8.915,
0,12,,,2.3059844970703125,12.076416015625,107.92968750000001,0.00230625,5.237500000000001,8.949,
0,12,,,2.3181915283203125,12.139892578125,108.35937500000003,0.0023184375,5.2369140625,8.983,
0,12,,,2.3181915283203125,12.139892578125,108.76953125,0.0023184375,5.2369140625,9.017,
0,12,,,2.30560302734375,12.075195312500002,109.19921875000001,0.0023056250000000004,5.237500000000001,9.051,
0,12,,,2.3303985595703125,12.203369140625002,109.5703125,0.0023306250000000002,5.237109375,9.085,
0,12,,,2.3303985595703125,12.203369140625002,110.00000000000001,0.0023306250000000002,5.237109375,9.119,
0,12,,,2.2991180419921875,12.03857421875,110.41015625000001,0.002299375,5.236523437500001,9.153,
0,12,,,2.3181915283203125,12.139892578125,110.83984375,0.0023184375,5.237109375,9.187,
0,12,,,2.3181915283203125,12.139892578125,111.2109375,0.0023184375,5.237109375,9.222,
0,12,,,2.3059844970703125,12.076416015625,111.67968750000001,0.0023059375000000003,5.237500000000001,9.256,
0,12,,,2.327728271484375,12.189941406250002,112.05078125000001,0.0023278125,5.2369140625,9.29,
0,12,,,2.327728271484375,12.189941406250002,112.48046875,0.0023278125,5.2369140625,9.324,
0,12,,,2.3036956787109375,12.064208984375002,112.89062500000001,0.0023040625,5.2369140625,9.358,
0,12,,,2.297210693359375,12.028808593750002,113.30078125000001,0.0022975,5.2369140625,9.392,
0,12,,,2.297210693359375,12.028808593750002,113.69140625000001,0.0022975,5.2369140625,9.426,
0,12,,,2.3021697998046875,12.0556640625,114.10156250000001,0.0023021875,5.237109375,9.46,
0,12,,,2.3151397705078125,12.122802734375,114.53125,0.0023153125,5.236523437500001,9.494,
0,12,,,2.3151397705078125,12.122802734375,114.94140625,0.0023153125,5.236523437500001,9.528,
0,12,,,2.305221557617188,12.07275390625,115.33203125000001,0.0023056250000000004,5.2369140625,9.562,
0,12,,,2.2994995117187504,12.043457031250002,115.74218750000001,0.0022996875,5.2373046875,9.596,
0,12,,,2.2994995117187504,12.043457031250002,116.17187500000003,0.0022996875,5.2373046875,9.63,
0,12,,,2.3036956787109375,12.064208984375002,116.58203125,0.0023037500000000002,5.237109375,9.664,
0,12,,,2.3040771484375,12.065429687500002,116.99218750000001,0.0023040625,5.237109375,9.698,
0,12,,,2.3040771484375,12.065429687500002,117.3828125,0.0023040625,5.2367187500000005,9.732,
0,12,,,2.3220062255859375,12.158203125000002,117.79296875,0.0023221875,5.2367187500000005,9.766,
0,12,,,2.3040771484375,12.065429687500002,118.22265625000001,0.002304375,5.2369140625,9.8,
0,12,,,2.3040771484375,12.065429687500002,118.6328125,0.0023137500000000003,5.237500000000001,9.834,
0,12,,,2.3136138916015625,12.115478515625,119.0234375,0.0023137500000000003,5.237500000000001,9.868,
0,13,,,2.25830078125,11.827392578125002,120.62500000000001,0.0022584375,5.2380859375,10.003,
0,13,,,2.25830078125,11.827392578125002,121.03515625000001,0.0022665625000000003,5.2376953125000005,10.037,
0,13,,,2.2663116455078125,11.868896484375002,121.42578125000001,0.0022665625000000003,5.2376953125000005,10.071,
0,13,,,2.2857666015625,11.97021484375,121.83593750000001,0.0022859375,5.2373046875,10.105,
0,13,,,2.2857666015625,11.97021484375,122.24609375000001,0.0022890625000000003,5.2369140625,10.139,
0,13,,,2.288818359375,11.986083984375002,122.65625000000001,0.0022890625000000003,5.2369140625,10.173,
0,13,,,2.2602081298828125,11.835937500000002,123.06640625000001,0.0022603125,5.237109375,10.207,
0,13,,,2.2602081298828125,11.835937500000002,123.4375,0.0022656250000000003,5.2376953125000005,10.241,
0,13,,,2.2651672363281254,11.864013671875002,123.86718750000001,0.0022656250000000003,5.2376953125000005,10.275,
0,13,,,2.27203369140625,11.899414062500002,124.27734375000001,0.0022721875000000003,5.237500000000001,10.309,
0,13,,,2.27203369140625,11.899414062500002,124.68750000000001,0.0022643750000000003,5.2373046875,10.343,
0,13,,,2.2640228271484375,11.856689453125002,125.09765625,0.0022643750000000003,5.2373046875,10.378,
0,13,,,2.2762298583984375,11.922607421875002,125.46875000000001,0.00227625,5.238476562500001,10.412,
0,13,,,2.2918701171875004,12.003173828125002,125.87890625,0.0022921875000000004,5.237500000000001,10.446,
0,13,,,2.2918701171875004,12.003173828125002,126.30859375,0.0022921875000000004,5.237500000000001,10.479,
0,13,,,2.2880554199218754,11.982421875000002,126.71875000000001,0.0022881250000000002,5.237109375,10.513,
0,13,,,2.286148071289063,11.971435546875002,127.08984375000001,0.00228625,5.237109375,10.547,
0,13,,,2.286148071289063,11.971435546875002,127.51953125000001,0.00228625,5.237109375,10.581,
0,13,,,2.271270751953125,11.894531250000002,127.9296875,0.0022715625,5.237109375,10.615,
0,13,,,2.2640228271484375,11.857910156250002,128.33984375000003,0.0022643750000000003,5.237500000000001,10.649,
0,13,,,2.2640228271484375,11.857910156250002,128.75,0.0022643750000000003,5.237500000000001,10.683,
0,13,,,2.277374267578125,11.927490234375002,129.12109375,0.0022775,5.2376953125000005,10.717,
0,13,,,2.26593017578125,11.866455078125002,129.53125000000003,0.0022659375,5.2373046875,10.751,
0,13,,,2.26593017578125,11.866455078125002,129.94140625000003,0.0022659375,5.2373046875,10.785,
0,13,,,2.2769927978515625,11.925048828125002,130.35156250000003,0.0022771875,5.237109375,10.819,
0,13,,,2.2830963134765625,11.955566406250002,130.74218750000003,0.002283125,5.2373046875,10.853,
0,13,,,2.2830963134765625,11.955566406250002,131.15234375,0.002283125,5.2373046875,10.887,
0,13,,,2.2731781005859375,11.905517578125002,131.5625,0.00227375,5.237500000000001,10.921,
0,13,,,2.29034423828125,11.99462890625,131.97265625000003,0.0022903125000000002,5.237500000000001,10.955,
0,13,,,2.29034423828125,11.99462890625,132.36328125000003,0.0022903125000000002,5.237500000000001,10.989,
0,13,,,2.2830963134765625,11.959228515625002,132.7734375,0.0022834375000000003,5.237890625,11.023,
0,13,,,2.264404296875,11.859130859375,133.18359375000003,0.0022646875,5.237500000000001,11.057,
0,13,,,2.264404296875,11.859130859375,133.59375,0.0022646875,5.237500000000001,11.091,
0,13,,,2.278518676757813,11.932373046875,133.96484375000003,0.0022787500000000004,5.2373046875,11.125,
0,13,,,2.29034423828125,11.995849609375002,134.39453125,0.002290625,5.2376953125000005,11.159,
0,13,,,2.29034423828125,11.995849609375002,134.80468750000003,0.002290625,5.2376953125000005,11.193,
0,13,,,2.282333374023438,11.955566406250002,135.21484375,0.0022828125,5.2380859375,11.227,
0,13,,,2.28118896484375,11.947021484375,135.62500000000003,0.0022812500000000003,5.2376953125000005,11.261,
0,13,,,2.28118896484375,11.947021484375,135.99609375000003,0.0022812500000000003,5.2376953125000005,11.295,
0,13,,,2.2663116455078125,11.867675781250002,136.40625000000003,0.0022665625000000003,5.2367187500000005,11.329,
0,13,,,2.278900146484375,11.936035156250002,136.8359375,0.0022790625000000003,5.237890625,11.363,
0,13,,,2.278900146484375,11.936035156250002,137.24609375000003,0.0022790625000000003,5.237890625,11.398,
0,13,,,2.29339599609375,12.01171875,137.65625,0.0022934375000000003,5.2380859375,11.432,
0,13,,,2.2918701171875004,12.003173828125002,138.046875,0.002291875,5.2376953125000005,11.466,
0,13,,,2.2918701171875004,12.003173828125002,138.45703125000003,0.002291875,5.237109375,11.5,
0,13,,,2.2727966308593754,11.90185546875,138.86718750000003,0.002273125,5.237109375,11.534,
0,13,,,2.292633056640625,12.006835937500002,139.27734375,0.0022928125,5.237109375,11.568,
0,13,,,2.292633056640625,12.006835937500002,139.6484375,0.0022928125,5.237500000000001,11.602,
0,13,,,2.281951904296875,11.95068359375,140.05859375000003,0.0022821875000000004,5.237500000000001,11.636,
0,13,,,2.2769927978515625,11.923828125,140.48828125,0.0022771875,5.237109375,11.67,
0,13,,,2.2769927978515625,11.923828125,140.89843750000003,0.0022687500000000004,5.237500000000001,11.704,
0,13,,,2.2686004638671875,11.881103515625002,141.30859375000003,0.0022687500000000004,5.237500000000001,11.738,
0,13,,,2.25982666015625,11.834716796875,141.6796875,0.0022600000000000003,5.237500000000001,11.772,
0,13,,,2.25982666015625,11.834716796875,142.08984375,0.0022753125,5.2373046875,11.806,
0,13,,,2.27508544921875,11.915283203125002,142.51953125000003,0.0022753125,5.2373046875,11.84,
0,13,,,2.286148071289063,11.973876953125002,142.9296875,0.0022865625000000004,5.2373046875,11.874,
0,13,,,2.286148071289063,11.973876953125002,143.30078125,0.002265,5.2373046875,11.908,
0,13,,,2.2647857666015625,11.861572265625002,143.71093750000003,0.002265,5.2373046875,11.942,
0,13,,,2.266693115234375,11.871337890625,144.12109375,0.0022668750000000002,5.237500000000001,11.976,
0,13,,,2.266693115234375,11.871337890625,144.53125,0.0022759375,5.2376953125000005,12.01,
0,13,,,2.275848388671875,11.918945312500002,144.90234375000003,0.0022759375,5.2376953125000005,12.044,
0,13,,,2.2739410400390625,11.907958984375002,145.3125,0.0022743750000000004,5.2369140625,12.078,
0,13,,,2.2739410400390625,11.968994140625002,145.7421875,0.0022853125,5.2376953125000005,12.112,
0,13,,,2.2853851318359375,11.968994140625002,146.15234375000003,0.0022853125,5.2376953125000005,12.146,
0,13,,,2.2796630859375,11.938476562500002,146.5625,0.0022800000000000003,5.2369140625,12.18,
0,13,,,2.2617340087890625,11.845703125000002,146.93359375,0.0022621875000000003,5.237109375,12.214,
0,13,,,2.2617340087890625,11.845703125000002,147.34375000000003,0.0022621875000000003,5.237109375,12.248,
0,13,,,2.2842407226562504,11.962890625,147.77343750000003,0.0022846875000000003,5.237109375,12.282,
0,13,,,2.277374267578125,11.927490234375002,148.18359375,0.0022775,5.237890625,12.316,
0,13,,,2.277374267578125,11.927490234375002,148.5546875,0.0022775,5.237890625,12.35,
0,13,,,2.27813720703125,11.931152343750002,148.96484375000003,0.0022784375,5.2373046875,12.384,
0,13,,,2.2766113281250004,11.921386718750002,149.375,0.0022768750000000003,5.2369140625,12.418,
0,13,,,2.2766113281250004,11.921386718750002,149.78515625000003,0.0022768750000000003,5.2369140625,12.453,
0,13,,,2.26593017578125,11.867675781250002,150.1953125,0.00226625,5.237500000000001,12.487,
0,13,,,2.271270751953125,11.894531250000002,150.60546875000003,0.0022712500000000003,5.237500000000001,12.521,
0,13,,,2.271270751953125,11.894531250000002,150.99609375,0.0022712500000000003,5.237500000000001,12.555,
0,13,,,2.260589599609375,11.839599609375002,151.40625000000003,0.002260625,5.237500000000001,12.589,
0,13,,,2.2796630859375,11.938476562500002,151.81640625000003,0.0022800000000000003,5.2373046875,12.623,
0,13,,,2.2796630859375,11.938476562500002,152.22656250000003,0.0022800000000000003,5.2373046875,12.657,
0,13,,,2.28729248046875,11.9775390625,152.59765625000003,0.0022875,5.237109375,12.691,
0,13,,,2.2876739501953125,11.981201171875,153.02734375000003,0.0022878125000000003,5.2376953125000005,12.725,
0,13,,,2.2876739501953125,11.981201171875,153.4375,0.0022878125000000003,5.2376953125000005,12.759,
0,13,,,2.2876739501953125,11.979980468750002,153.84765625000003,0.0022878125000000003,5.237109375,12.793,
0,13,,,2.274703979492188,11.912841796875002,154.21875000000003,0.0022746875000000002,5.2376953125000005,12.827,
0,13,,,2.274703979492188,11.912841796875002,154.62890625000003,0.0022746875000000002,5.2376953125000005,12.861,
0,13,,,2.26287841796875,11.850585937500002,155.05859375000003,0.0022628125,5.2376953125000005,12.895,
0,13,,,2.292633056640625,12.008056640625,155.46875000000003,0.0022928125,5.2376953125000005,12.929,
0,13,,,2.292633056640625,12.008056640625,155.83984375000003,0.0022928125,5.2376953125000005,12.963,
0,13,,,2.27508544921875,11.91650390625,156.25,0.0022753125,5.237890625,12.997,
0,13,,,2.293777465820313,12.014160156250002,156.67968750000003,0.0022940625,5.2376953125000005,13.031,
0,13,,,2.293777465820313,12.014160156250002,157.08984375,0.0022940625,5.2376953125000005,13.065,
0,13,,,2.2655487060546875,11.865234375,157.50000000000003,0.0022656250000000003,5.2373046875,13.099,
0,13,,,2.2857666015625,11.97021484375,157.87109375000003,0.0022859375,5.237109375,13.133,
0,13,,,2.2857666015625,11.97021484375,158.28125000000003,0.0022859375,5.237109375,13.167,
0,13,,,2.28271484375,11.953125000000002,158.7109375,0.0022828125,5.237109375,13.201,
0,13,,,2.28118896484375,11.947021484375,159.12109375000003,0.0022815625,5.2373046875,13.235,
0,13,,,2.28118896484375,11.947021484375,159.49218750000003,0.0022815625,5.237109375,13.269,
0,13,,,2.259445190429688,11.832275390625,159.90234375,0.0022596875,5.237109375,13.302,
0,13,,,2.2735595703125,11.906738281250002,160.31250000000003,0.0022734375000000003,5.2376953125000005,13.336,
0,13,,,2.2735595703125,11.906738281250002,160.72265625000003,0.0022712500000000003,5.2373046875,13.37,
0,13,,,2.270889282226563,11.893310546875,161.09375000000003,0.0022712500000000003,5.2373046875,13.404,
0,13,,,2.2876739501953125,11.981201171875,161.5234375,0.0022878125000000003,5.237500000000001,13.438,
0,13,,,2.2876739501953125,11.981201171875,161.93359375000003,0.002281875,5.2369140625,13.472,
0,13,,,2.2815704345703125,11.947021484375,162.34375,0.002281875,5.2369140625,13.507,
0,13,,,2.2922515869140625,12.004394531250002,162.75390625000003,0.0022925000000000003,5.2373046875,13.541,
0,13,,,2.2922515869140625,12.004394531250002,163.18359375000003,0.002279375,5.2373046875,13.575,
0,13,,,2.2792816162109375,11.936035156250002,163.55468750000003,0.002279375,5.2373046875,13.609,
0,13,,,2.289581298828125,11.989746093750002,163.96484375,0.0022896875,5.237109375,13.643,
0,13,,,2.289581298828125,11.989746093750002,164.37500000000003,0.0022846875000000003,5.2373046875,13.677,
0,13,,,2.2846221923828125,11.964111328125,164.78515625,0.0022846875000000003,5.2373046875,13.711,
0,13,,,2.2663116455078125,11.867675781250002,165.17578125000003,0.00226625,5.2369140625,13.745,
0,13,,,2.289962768554688,11.993408203125,165.58593750000003,0.0022903125000000002,5.2373046875,13.779,
0,13,,,2.289962768554688,11.993408203125,165.99609375000003,0.0022903125000000002,5.2373046875,13.813,
0,13,,,2.289962768554688,11.993408203125,166.42578125000003,0.0022903125000000002,5.2373046875,13.847,
0,13,,,2.2815704345703125,11.95068359375,166.796875,0.002281875,5.237890625,13.881,
0,13,,,2.2815704345703125,11.95068359375,167.20703125000003,0.002281875,5.237890625,13.915,
0,13,,,2.263641357421875,11.85546875,167.61718750000003,0.00226375,5.237890625,13.949,
0,13,,,2.278518676757813,11.932373046875,168.02734375000003,0.0022784375,5.2373046875,13.983,
0,13,,,2.278518676757813,11.932373046875,168.43750000000003,0.0022784375,5.2373046875,14.017,
0,13,,,2.2853851318359375,11.967773437500002,168.82812500000003,0.0022856250000000003,5.2373046875,14.051,
0,13,,,2.2846221923828125,11.965332031250002,169.23828125,0.0022846875000000003,5.237500000000001,14.085,
0,13,,,2.2846221923828125,11.965332031250002,169.64843750000003,0.0022846875000000003,5.237500000000001,14.119,
0,13,,,2.2960662841796875,12.02392578125,170.07812500000003,0.00229625,5.2369140625,14.153,
0,13,,,2.2869110107421875,11.976318359375002,170.44921875000003,0.0022871875,5.2373046875,14.187,
0,13,,,2.2869110107421875,11.976318359375002,170.85937500000003,0.0022871875,5.2373046875,14.221,
0,13,,,2.2804260253906254,11.943359375000002,171.26953125000003,0.002280625,5.237500000000001,14.255,
0,13,,,2.277374267578125,11.927490234375002,171.6796875,0.0022778125000000003,5.237500000000001,14.289,
0,13,,,2.277374267578125,11.927490234375002,172.05078125000003,0.0022778125000000003,5.237500000000001,14.323,
0,13,,,2.270889282226563,11.892089843750002,172.48046875,0.0022709375000000004,5.237500000000001,14.357,
0,13,,,2.3036956787109375,12.065429687500002,172.89062500000003,0.0023040625,5.2373046875,14.391,
0,13,,,2.3036956787109375,12.065429687500002,173.30078125000003,0.0023040625,5.2373046875,14.425,
0,13,,,2.277374267578125,11.927490234375002,173.69140625,0.0022778125000000003,5.237500000000001,14.459,
0,13,,,2.2846221923828125,11.966552734375002,174.10156250000003,0.002285,5.2376953125000005,14.493,
0,13,,,2.2846221923828125,11.966552734375002,174.51171875000003,0.002285,5.2376953125000005,14.528,
0,13,,,2.2792816162109375,11.934814453125002,174.921875,0.002279375,5.237109375,14.562,
0,13,,,2.2876739501953125,11.981201171875,175.35156250000003,0.0022878125000000003,5.2373046875,14.596,
0,13,,,2.2876739501953125,11.981201171875,175.76171875000003,0.0022878125000000003,5.2373046875,14.63,
0,13,,,2.2968292236328125,12.028808593750002,176.1328125,0.0022968750000000003,5.2376953125000005,14.664,
0,13,,,2.277374267578125,11.92626953125,176.54296875000003,0.0022775,5.2373046875,14.698,
0,13,,,2.277374267578125,11.92626953125,176.97265625000003,0.0022775,5.2373046875,14.732,
0,13,,,2.2968292236328125,12.028808593750002,177.38281250000003,0.0022968750000000003,5.237890625,14.766,
0,13,,,2.274322509765625,11.910400390625002,177.75390625,0.0022746875000000002,5.2373046875,14.8,
0,13,,,2.274322509765625,11.910400390625002,178.18359375000003,0.0022746875000000002,5.237500000000001,14.834,
0,13,,,2.2907257080078125,11.997070312500002,178.59375000000003,0.0022909375,5.237500000000001,14.868,
0,13,,,2.2678375244140625,11.876220703125002,179.00390625,0.0022678125000000003,5.237500000000001,14.902,
0,13,,,2.2678375244140625,11.876220703125002,179.37500000000003,0.0022678125000000003,5.237890625,14.936,
0,13,,,2.27508544921875,11.91650390625,179.78515625000003,0.0022753125,5.237890625,14.97,
0,13,,,2.297210693359375,12.032470703125002,180.21484375000003,0.0022975,5.2376953125000005,15.004,
0,13,,,2.297210693359375,12.032470703125002,180.62500000000003,0.0022812500000000003,5.237500000000001,15.038,
0,13,,,2.28118896484375,11.947021484375,181.03515625000003,0.0022812500000000003,5.237500000000001,15.072,
0,13,,,2.2792816162109375,11.937255859375002,181.40625000000003,0.0022796875,5.2373046875,15.106,
0,13,,,2.2792816162109375,11.937255859375002,181.81640625000003,0.0022859375,5.2369140625,15.14,
0,13,,,2.2857666015625,11.97021484375,182.24609375,0.0022859375,5.2369140625,15.174,
0,13,,,2.281951904296875,11.949462890625002,182.65625000000003,0.0022821875000000004,5.2369140625,15.208,
0,13,,,2.281951904296875,11.949462890625002,183.02734375000003,0.0022921875000000004,5.2376953125000005,15.242,
0,13,,,2.2918701171875004,12.003173828125002,183.43750000000003,0.0022921875000000004,5.2376953125000005,15.276,
0,13,,,2.2777557373046875,11.927490234375002,183.84765625000003,0.0022778125000000003,5.237500000000001,15.31,
0,13,,,2.2777557373046875,11.927490234375002,184.27734375000003,0.002269375,5.237500000000001,15.344,
0,13,,,2.2693634033203125,11.884765625000002,184.64843750000003,0.002269375,5.237500000000001,15.378,
0,13,,,2.30255126953125,12.058105468750002,185.05859375,0.0023028125,5.2369140625,15.412,
0,13,,,2.30255126953125,11.907958984375002,185.48828125000003,0.0022740625,5.2373046875,15.446,
0,13,,,2.2739410400390625,11.907958984375002,185.8984375,0.0022740625,5.2373046875,15.48,
0,13,,,2.285003662109375,11.965332031250002,186.30859375000003,0.002285,5.237109375,15.514,
0,13,,,2.2663116455078125,11.867675781250002,186.67968750000003,0.0022665625000000003,5.2369140625,15.548,
0,13,,,2.2663116455078125,11.867675781250002,187.08984375000003,0.0022665625000000003,5.2369140625,15.583,
0,13,,,2.264404296875,11.859130859375,187.5,0.0022646875,5.237500000000001,15.617,
0,13,,,2.2884368896484375,11.986083984375002,187.92968750000003,0.00228875,5.237890625,15.651,
0,13,,,2.2884368896484375,11.986083984375002,188.33984375,0.00228875,5.237890625,15.685,
0,13,,,2.309417724609375,12.095947265625002,188.7109375,0.0023096875,5.237500000000001,15.719,
0,13,,,2.26287841796875,11.851806640625002,189.12109375000003,0.0022631250000000004,5.2376953125000005,15.753,
0,13,,,2.26287841796875,11.851806640625002,189.55078125000003,0.0022631250000000004,5.2376953125000005,15.787,
0,13,,,2.2815704345703125,11.948242187500002,189.9609375,0.0022815625,5.237109375,15.821,
0,13,,,2.291107177734375,11.997070312500002,190.37109375000003,0.0022912500000000003,5.2367187500000005,15.855,
0,13,,,2.291107177734375,11.997070312500002,190.74218750000003,0.0022912500000000003,5.2367187500000005,15.889,
0,13,,,2.28118896484375,11.948242187500002,191.17187500000003,0.0022815625,5.2376953125000005,15.923,
0,13,,,2.275848388671875,11.917724609375002,191.58203125000003,0.0022759375,5.237109375,15.957,
0,13,,,2.275848388671875,11.917724609375002,191.99218750000003,0.0022759375,5.237109375,15.991,
0,13,,,2.2846221923828125,11.964111328125,192.3828125,0.0022846875000000003,5.237109375,16.025,
0,13,,,2.29339599609375,12.010498046875002,192.79296875000003,0.0022934375000000003,5.237500000000001,16.058,
0,13,,,2.29339599609375,12.010498046875002,193.20312500000003,0.0022934375000000003,5.237500000000001,16.092,
0,13,,,2.2979736328125,12.033691406250002,193.61328125000003,0.0022981250000000003,5.2369140625,16.126,
0,13,,,2.289962768554688,11.993408203125,193.98437500000003,0.0022903125000000002,5.237500000000001,16.16,
0,13,,,2.289962768554688,11.993408203125,194.41406250000003,0.0022903125000000002,5.237500000000001,16.194,
0,13,,,2.2876739501953125,11.981201171875,194.82421875,0.0022878125000000003,5.237500000000001,16.228,
0,13,,,2.27813720703125,11.929931640625002,195.23437500000003,0.002278125,5.2373046875,16.262,
0,13,,,2.27813720703125,11.929931640625002,195.60546875,0.002278125,5.2373046875,16.296,
0,13,,,2.2693634033203125,11.884765625000002,196.03515625,0.002269375,5.237500000000001,16.33,
0,13,,,2.27203369140625,11.898193359375002,196.44531250000003,0.002271875,5.2373046875,16.364,
0,13,,,2.27203369140625,11.898193359375002,196.85546875000003,0.002271875,5.2373046875,16.398,
0,13,,,2.29339599609375,12.010498046875002,197.265625,0.00229375,5.2373046875,16.432,
0,13,,,2.2968292236328125,12.028808593750002,197.65625,0.0022971875,5.2373046875,16.466,
0,13,,,2.2968292236328125,12.028808593750002,198.06640625000003,0.0022971875,5.2373046875,16.5,
0,13,,,2.285003662109375,11.966552734375002,198.4765625,0.002285,5.2373046875,16.534,
0,13,,,2.3059844970703125,12.075195312500002,198.90625000000003,0.00230625,5.2367187500000005,16.568,
0,13,,,2.3059844970703125,12.075195312500002,199.27734375000003,0.00230625,5.237500000000001,16.602,
0,13,,,2.2724151611328125,11.90185546875,199.68750000000003,0.0022728125,5.237500000000001,16.637,
0,13,,,2.2663116455078125,11.868896484375002,200.09765625,0.0022665625000000003,5.2376953125000005,16.671,
0,13,,,2.2663116455078125,11.868896484375002,200.50781250000006,0.0022856250000000003,5.2380859375,16.705,
0,13,,,2.2853851318359375,11.97021484375,200.9375,0.0022856250000000003,5.2380859375,16.739,
0,13,,,2.2777557373046875,11.928710937500002,201.34765625000003,0.0022778125000000003,5.237500000000001,16.773,
0,13,,,2.2777557373046875,11.928710937500002,201.71875,0.0022853125,5.2367187500000005,16.807,
0,13,,,2.285003662109375,11.965332031250002,202.12890625000003,0.0022853125,5.2367187500000005,16.841,
0,13,,,2.2762298583984375,11.921386718750002,202.5390625,0.0022765625000000004,5.2373046875,16.875,
0,13,,,2.2762298583984375,11.921386718750002,202.94921875000006,0.0022768750000000003,5.2367187500000005,16.909,
0,13,,,2.2766113281250004,11.921386718750002,203.33984375000003,0.0022768750000000003,5.2367187500000005,16.943,
0,13,,,2.2727966308593754,11.903076171875,203.75000000000003,0.0022728125,5.237500000000001,16.977,
0,13,,,2.2727966308593754,11.903076171875,204.16015625,0.0022990625000000003,5.2373046875,17.011,
0,13,,,2.298736572265625,12.03857421875,204.57031250000003,0.0022990625000000003,5.2373046875,17.045,
0,13,,,2.286529541015625,11.975097656250002,204.96093750000003,0.0022868750000000003,5.237109375,17.079,
0,13,,,2.267074584960938,11.873779296875002,205.37109375,0.0022671875,5.2376953125000005,17.113,
0,13,,,2.267074584960938,11.873779296875002,205.78125000000003,0.0022671875,5.2376953125000005,17.147,
0,13,,,2.2766113281250004,11.922607421875002,206.19140625000003,0.0022768750000000003,5.237109375,17.181,
0,13,,,2.2808074951171875,11.945800781250002,206.56250000000003,0.0022809375,5.237500000000001,17.215,
0,13,,,2.2808074951171875,11.945800781250002,206.9921875,0.0022809375,5.237500000000001,17.249,
0,13,,,2.2705078125,11.890869140625002,207.40234375000003,0.002270625,5.237500000000001,17.283,
0,13,,,2.2880554199218754,11.982421875000002,207.8125,0.0022881250000000002,5.2373046875,17.317,
0,13,,,2.2880554199218754,11.982421875000002,208.22265625000003,0.0022881250000000002,5.2373046875,17.351,
0,13,,,2.2968292236328125,12.027587890625002,208.61328125000003,0.0022968750000000003,5.2373046875,17.385,
0,13,,,2.2914886474609375,12.000732421875,209.02343750000003,0.0022915625,5.237109375,17.419,
0,13,,,2.2914886474609375,12.000732421875,209.43359375,0.0022915625,5.237109375,17.453,
0,13,,,2.278900146484375,11.934814453125002,209.84375000000003,0.0022790625000000003,5.2373046875,17.487,
0,13,,,2.292633056640625,12.008056640625,210.23437500000003,0.002293125,5.2376953125000005,17.521,
0,13,,,2.292633056640625,12.008056640625,210.64453125000003,0.002293125,5.2376953125000005,17.555,
0,13,,,2.286529541015625,11.976318359375002,211.05468750000003,0.0022868750000000003,5.237500000000001,17.589,
0,13,,,2.2956848144531254,12.022705078125002,211.484375,0.0022959375000000002,5.2373046875,17.623,
0,13,,,2.2956848144531254,12.022705078125002,211.85546875000003,0.0022959375000000002,5.2373046875,17.658,
0,13,,,2.2792816162109375,11.936035156250002,212.265625,0.002279375,5.237109375,17.692,
0,13,,,2.2857666015625,11.971435546875002,212.67578125000003,0.0022859375,5.2373046875,17.726,
0,13,,,2.2857666015625,11.971435546875002,213.10546875000003,0.0022859375,5.2373046875,17.76,
0,13,,,2.2956848144531254,12.022705078125002,213.51562500000003,0.0022959375000000002,5.2369140625,17.794,
0,13,,,2.2674560546875,11.876220703125002,213.92578125,0.0022678125000000003,5.2376953125000005,17.828,
0,13,,,2.2674560546875,11.876220703125002,214.29687500000003,0.0022678125000000003,5.2376953125000005,17.862,
0,13,,,2.275848388671875,11.920166015625,214.70703125,0.0022759375,5.2380859375,17.896,
0,13,,,2.2808074951171875,11.945800781250002,215.13671875,0.0022809375,5.2376953125000005,17.93,
0,13,,,2.2808074951171875,11.945800781250002,215.54687500000003,0.0022809375,5.2376953125000005,17.964,
0,13,,,2.297210693359375,12.030029296875002,215.91796875000003,0.0022971875,5.2373046875,17.998,
0,13,,,2.2769927978515625,11.927490234375002,216.32812500000003,0.0022775,5.2380859375,18.032,
0,13,,,2.2769927978515625,11.927490234375002,216.7578125,0.0022775,5.2380859375,18.066,
0,13,,,2.28118896484375,11.947021484375,217.16796875000003,0.0022812500000000003,5.2376953125000005,18.1,
0,13,,,2.2953033447265625,12.021484375000002,217.5390625,0.0022956250000000004,5.2373046875,18.134,
0,13,,,2.2953033447265625,12.021484375000002,217.94921875000003,0.0022956250000000004,5.237500000000001,18.168,
0,13,,,2.286148071289063,11.973876953125002,218.37890625000003,0.0022865625000000004,5.237500000000001,18.202,
0,13,,,2.2808074951171875,11.945800781250002,218.78906250000003,0.0022809375,5.2376953125000005,18.236,
0,13,,,2.2808074951171875,11.945800781250002,219.19921875,0.0022809375,5.237109375,18.27,
0,13,,,2.264404296875,11.859130859375,219.57031250000003,0.0022646875,5.237109375,18.304,
0,13,,,2.2968292236328125,12.030029296875002,220.00000000000003,0.0022971875,5.2373046875,18.338,
0,13,,,2.2968292236328125,12.030029296875002,220.41015625000003,0.0022784375,5.2376953125000005,18.372,
0,13,,,2.27813720703125,11.932373046875,220.82031250000003,0.0022784375,5.2376953125000005,18.406,
0,13,,,2.2914886474609375,12.000732421875,221.19140625,0.002291875,5.2369140625,18.44,
0,13,,,2.2914886474609375,12.000732421875,221.62109375000003,0.0023034375000000004,5.237109375,18.474,
0,13,,,2.3033142089843754,12.061767578125,222.03125,0.0023034375000000004,5.237109375,18.508,
0,13,,,2.2838592529296875,11.960449218750002,222.44140625000003,0.0022840625,5.237109375,18.542,
0,13,,,2.2838592529296875,11.960449218750002,222.8125,0.0022787500000000004,5.2369140625,18.576,
0,13,,,2.278518676757813,11.932373046875,223.24218750000003,0.0022787500000000004,5.2369140625,18.61,
0,13,,,2.297592163085938,12.032470703125002,223.65234375000003,0.0022978125000000004,5.237109375,18.644,
0,13,,,2.297592163085938,12.032470703125002,224.06250000000003,0.0022703125,5.2376953125000005,18.678,
0,13,,,2.2701263427734375,11.8896484375,224.49218750000003,0.0022703125,5.2376953125000005,18.713,
0,13,,,2.297210693359375,12.03125,224.90234375,0.0022971875,5.237890625,18.747,
0,13,,,2.293777465820313,12.012939453125002,225.27343750000003,0.00229375,5.2373046875,18.781,
0,13,,,2.293777465820313,12.012939453125002,225.68359375000003,0.00229375,5.2373046875,18.815,
0,13,,,2.3021697998046875,12.0556640625,226.11328125000003,0.0023025000000000003,5.237109375,18.849,
0,13,,,2.286529541015625,11.975097656250002,226.5234375,0.0022865625000000004,5.2376953125000005,18.883,
0,13,,,2.286529541015625,11.975097656250002,226.9140625,0.0022865625000000004,5.2376953125000005,18.917,
0,13,,,2.31781005859375,12.139892578125,227.32421875000003,0.0023181250000000003,5.237890625,18.951,
0,13,,,2.2830963134765625,11.958007812500002,227.73437500000003,0.0022834375000000003,5.237500000000001,18.985,
0,13,,,2.2830963134765625,11.958007812500002,228.14453125000003,0.0022834375000000003,5.237500000000001,19.019,
0,13,,,2.274703979492188,11.912841796875002,228.57421875,0.002275,5.2373046875,19.053,
0,13,,,2.2880554199218754,11.983642578125002,228.94531250000003,0.0022881250000000002,5.2376953125000005,19.087,
0,13,,,2.2880554199218754,11.983642578125002,229.35546875,0.0022881250000000002,5.2376953125000005,19.121,
0,13,,,2.278900146484375,11.934814453125002,229.76562500000003,0.0022790625000000003,5.2373046875,19.155,
0,13,,,2.283477783203125,11.959228515625002,230.19531250000003,0.00228375,5.237109375,19.189,
0,13,,,2.283477783203125,11.959228515625002,230.56640625000003,0.00228375,5.237109375,19.223,
0,13,,,2.305221557617188,12.071533203125002,230.97656250000003,0.0023053125,5.2369140625,19.257,
0,13,,,2.2994995117187504,12.042236328125,231.40625,0.0022996875,5.2367187500000005,19.291,
0,13,,,2.2994995117187504,12.042236328125,231.81640625000003,0.0022996875,5.2367187500000005,19.325,
0,13,,,2.278518676757813,11.93359375,232.1875,0.0022787500000000004,5.2373046875,19.359,
0,13,,,2.29034423828125,11.993408203125,232.61718750000003,0.0022903125000000002,5.237109375,19.393,
0,13,,,2.29034423828125,11.993408203125,233.02734375000003,0.0022903125000000002,5.237109375,19.427,
0,13,,,2.2918701171875004,12.003173828125002,233.43750000000003,0.0022921875000000004,5.2373046875,19.461,
0,13,,,2.2846221923828125,11.966552734375002,233.82812500000003,0.002285,5.237890625,19.494,
0,13,,,2.2846221923828125,11.966552734375002,234.23828125,0.002285,5.237890625,19.528,
0,13,,,2.2777557373046875,11.929931640625002,234.64843750000003,0.002278125,5.2373046875,19.562,
0,13,,,2.301406860351563,12.053222656250002,235.05859375000003,0.0023015625000000002,5.2373046875,19.596,
0,13,,,2.301406860351563,12.053222656250002,235.48828125000003,0.0023015625000000002,5.2373046875,19.63,
0,13,,,2.3075103759765625,12.083740234375002,235.85937500000003,0.0023078125000000004,5.237109375,19.664,
0,13,,,2.281951904296875,11.95068359375,236.26953125000003,0.0022821875000000004,5.2373046875,19.698,
0,13,,,2.281951904296875,11.95068359375,236.69921875000003,0.0022821875000000004,5.2373046875,19.732,
0,13,,,2.2960662841796875,12.025146484375,237.109375,0.00229625,5.2376953125000005,19.767,
0,13,,,2.2815704345703125,11.948242187500002,237.51953125000003,0.002281875,5.2373046875,19.801,
0,13,,,2.2815704345703125,11.948242187500002,237.89062500000003,0.002281875,5.237890625,19.835,
0,13,,,2.2880554199218754,11.983642578125002,238.32031250000003,0.0022881250000000002,5.237890625,19.869,
0,13,,,2.2914886474609375,12.000732421875,238.73046875,0.002291875,5.237500000000001,19.903,
0,13,,,2.2914886474609375,12.000732421875,239.16015625,0.0023056250000000004,5.2380859375,19.937,
0,13,,,2.30560302734375,12.075195312500002,239.53125000000003,0.0023056250000000004,5.2380859375,19.971,
0,13,,,2.2857666015625,11.97021484375,239.94140625000003,0.0022859375,5.237500000000001,20.005,
0,13,,,2.2857666015625,11.97021484375,240.35156250000003,0.0022828125,5.237500000000001,20.039,
0,13,,,2.28271484375,11.955566406250002,240.78125000000006,0.0022828125,5.237500000000001,20.073,
0,13,,,2.2968292236328125,12.028808593750002,241.19140625000003,0.0022968750000000003,5.237500000000001,20.107,
0,13,,,2.2968292236328125,12.028808593750002,241.56250000000003,0.0022928125,5.2373046875,20.141,
0,13,,,2.292633056640625,12.006835937500002,241.9921875,0.0022928125,5.2373046875,20.175,
0,13,,,2.291107177734375,11.999511718750002,242.40234375000003,0.0022912500000000003,5.237500000000001,20.209,
0,13,,,2.291107177734375,11.999511718750002,242.81250000000003,0.00227375,5.2373046875,20.243,
0,13,,,2.2735595703125,11.906738281250002,243.20312500000003,0.00227375,5.2373046875,20.277,
0,13,,,2.28729248046875,11.9775390625,243.61328125000003,0.0022875,5.2369140625,20.311,
0,13,,,2.28729248046875,11.9775390625,244.02343750000003,0.0022915625,5.237890625,20.345,
0,13,,,2.2914886474609375,12.001953125000002,244.43359375,0.0022915625,5.237890625,20.379,
0,13,,,2.2804260253906254,11.942138671875002,244.80468750000003,0.002280625,5.237109375,20.413,
0,13,,,2.2922515869140625,12.004394531250002,245.23437500000003,0.0022925000000000003,5.2373046875,20.447,
0,13,,,2.2922515869140625,12.004394531250002,245.64453125000003,0.0022925000000000003,5.2373046875,20.481,
0,13,,,2.2693634033203125,11.885986328125,246.05468750000003,0.0022696875,5.237500000000001,20.515,
0,13,,,2.2808074951171875,11.945800781250002,246.46484375000003,0.0022809375,5.2376953125000005,20.549,
0,13,,,2.2808074951171875,11.945800781250002,246.83593750000006,0.0022809375,5.2376953125000005,20.583,
0,13,,,2.2800445556640625,11.942138671875002,247.26562500000003,0.0022803125000000002,5.2380859375,20.617,
0,13,,,2.2647857666015625,11.860351562500002,247.67578125000003,0.002265,5.2369140625,20.651,
0,13,,,2.2647857666015625,11.860351562500002,248.08593750000003,0.002265,5.2369140625,20.685,
0,13,,,2.2830963134765625,11.955566406250002,248.45703125000006,0.002283125,5.2369140625,20.719,
0,13,,,2.2960662841796875,12.026367187500002,248.88671875000003,0.0022965625,5.237500000000001,20.753,
0,13,,,2.2960662841796875,12.026367187500002,249.29687500000003,0.0022965625,5.237500000000001,20.788,
0,13,,,2.28729248046875,11.9775390625,249.70703125000003,0.0022875,5.2369140625,20.822,
0,13,,,2.283477783203125,11.956787109375,250.11718750000006,0.0022834375000000003,5.2367187500000005,20.856,
0,13,,,2.283477783203125,11.956787109375,250.54687500000006,0.0022834375000000003,5.2367187500000005,20.89,
0,13,,,2.2884368896484375,11.983642578125002,250.91796875,0.0022884375,5.237109375,20.924,
0,13,,,2.2792816162109375,11.937255859375002,251.32812500000006,0.002279375,5.2373046875,20.958,
0,13,,,2.2792816162109375,11.937255859375002,251.73828125000003,0.002279375,5.2373046875,20.992,
0,13,,,2.297592163085938,12.03125,252.16796875000003,0.0022975,5.237500000000001,21.026,
0,13,,,2.278900146484375,11.93359375,252.53906250000003,0.0022787500000000004,5.2373046875,21.06,
0,13,,,2.278900146484375,11.93359375,252.94921875000003,0.0022787500000000004,5.2373046875,21.094,
0,13,,,2.301025390625,12.049560546875002,253.37890625000003,0.0023009375,5.2373046875,21.128,
0,13,,,2.289962768554688,11.993408203125,253.78906250000006,0.0022903125000000002,5.2373046875,21.162,
0,13,,,2.289962768554688,11.993408203125,254.16015625000006,0.0022903125000000002,5.2373046875,21.196,
0,13,,,2.2979736328125,12.034912109375002,254.58984375,0.0022981250000000003,5.2373046875,21.23,
0,13,,,2.286529541015625,11.9775390625,255.00000000000006,0.0022868750000000003,5.23828125,21.264,
0,13,,,2.286529541015625,11.9775390625,255.41015625000003,0.0022868750000000003,5.23828125,21.298,
0,13,,,2.3021697998046875,12.0556640625,255.80078125,0.0023021875,5.237109375,21.332,
0,13,,,2.301025390625,12.050781250000002,256.21093750000006,0.0023012500000000003,5.2376953125000005,21.366,
0,13,,,2.301025390625,12.050781250000002,256.62109375000006,0.0023012500000000003,5.2376953125000005,21.4,
0,13,,,2.2716522216796875,11.898193359375002,257.03125,0.002271875,5.237500000000001,21.434,
0,13,,,2.2800445556640625,11.942138671875002,257.421875,0.0022803125000000002,5.237890625,21.468,
0,13,,,2.2800445556640625,11.942138671875002,257.83203125000006,0.0022803125000000002,5.237109375,21.502,
0,13,,,2.2804260253906254,11.940917968750002,258.2421875,0.0022803125000000002,5.237109375,21.536,
0,13,,,2.277374267578125,11.92626953125,258.65234375000006,0.0022775,5.2373046875,21.57,
0,13,,,2.277374267578125,11.92626953125,259.06250000000006,0.0022787500000000004,5.237500000000001,21.604,
0,13,,,2.278518676757813,11.932373046875,259.453125,0.0022787500000000004,5.237500000000001,21.638,
0,13,,,2.29034423828125,11.99462890625,259.86328125,0.002290625,5.2373046875,21.672,
0,13,,,2.29034423828125,11.99462890625,260.27343750000006,0.0022700000000000003,5.237109375,21.706,
0,13,,,2.269744873046875,11.887207031250002,260.68359375,0.0022700000000000003,5.237109375,21.74,
0,13,,,2.2998809814453125,12.044677734375002,261.05468750000006,0.0023003125000000003,5.2373046875,21.774,
0,13,,,2.2998809814453125,12.044677734375002,261.48437500000006,0.0022809375,5.2373046875,21.808,
0,13,,,2.2808074951171875,11.945800781250002,261.89453125,0.0022809375,5.2373046875,21.843,
0,13,,,2.275848388671875,11.917724609375002,262.3046875,0.0022759375,5.2373046875,21.877,
0,13,,,2.275848388671875,11.917724609375002,262.734375,0.002305,5.237500000000001,21.911,
0,13,,,2.304840087890625,12.070312500000002,263.14453125000006,0.002305,5.237500000000001,21.945,
0,13,,,2.289581298828125,11.992187500000002,263.51562500000006,0.0022896875,5.2380859375,21.979,
0,13,,,2.301025390625,12.050781250000002,263.94531250000006,0.0023009375,5.2376953125000005,22.013,
0,13,,,2.301025390625,12.050781250000002,264.35546875,0.0023009375,5.2376953125000005,22.047,
0,13,,,2.2880554199218754,11.983642578125002,264.76562500000006,0.0022884375,5.2376953125000005,22.081,
0,13,,,2.283477783203125,11.958007812500002,265.13671875,0.0022834375000000003,5.237109375,22.115,
0,13,,,2.283477783203125,11.958007812500002,265.56640625,0.0022834375000000003,5.237109375,22.149,
0,13,,,2.286148071289063,11.973876953125002,265.97656250000006,0.0022865625000000004,5.237890625,22.183,
0,13,,,2.278900146484375,11.934814453125002,266.38671875000006,0.0022790625000000003,5.2376953125000005,22.217,
0,13,,,2.278900146484375,11.934814453125002,266.7578125,0.0022790625000000003,5.2376953125000005,22.251,
0,13,,,2.270889282226563,11.890869140625002,267.16796875000006,0.0022709375000000004,5.2369140625,22.285,
0,13,,,2.2880554199218754,11.982421875000002,267.59765625000006,0.0022881250000000002,5.2373046875,22.319,
0,13,,,2.2880554199218754,11.982421875000002,268.0078125,0.0022881250000000002,5.2373046875,22.352,
0,13,,,2.2994995117187504,12.042236328125,268.39843750000006,0.0022996875,5.237109375,22.387,
0,13,,,2.297592163085938,12.03125,268.80859375000006,0.0022978125000000004,5.237109375,22.42,
0,13,,,2.297592163085938,12.03125,269.21875,0.0022978125000000004,5.237109375,22.454,
0,13,,,2.2884368896484375,11.98486328125,269.62890625,0.00228875,5.2373046875,22.488,
0,13,,,2.2907257080078125,11.998291015625002,270.05859375,0.0022909375,5.237890625,22.522,
0,13,,,2.2907257080078125,11.998291015625002,270.4296875,0.0022909375,5.237890625,22.556,
0,13,,,2.2804260253906254,11.943359375000002,270.83984375000006,0.0022809375,5.237109375,22.59,
0,13,,,2.288818359375,11.9873046875,271.26953125000006,0.00228875,5.2376953125000005,22.624,
0,13,,,2.288818359375,11.9873046875,271.6796875,0.00228875,5.2376953125000005,22.658,
0,13,,,2.2994995117187504,12.042236328125,272.05078125000006,0.002299375,5.2376953125000005,22.692,
0,13,,,2.2983551025390625,12.037353515625002,272.48046875000006,0.00229875,5.2373046875,22.727,
0,13,,,2.2983551025390625,12.037353515625002,272.890625,0.00229875,5.2373046875,22.761,
0,13,,,2.3021697998046875,12.0556640625,273.30078125000006,0.0023021875,5.237109375,22.795,
0,13,,,2.2918701171875004,12.003173828125002,273.73046875,0.0022921875000000004,5.237109375,22.829,
0,13,,,2.2918701171875004,12.003173828125002,274.1015625,0.0022921875000000004,5.237109375,22.862,
0,13,,,2.2945404052734375,12.017822265625,274.51171875,0.0022946875000000003,5.2376953125000005,22.897,
0,13,,,2.301406860351563,12.052001953125002,274.94140625,0.0023015625000000002,5.2376953125000005,22.931,
0,13,,,2.301406860351563,12.052001953125002,275.35156250000006,0.0023015625000000002,5.2376953125000005,22.965,
0,13,,,2.3044586181640625,12.070312500000002,275.78125000000006,0.002304375,5.23828125,22.999,
0,13,,,2.2907257080078125,11.995849609375002,276.15234375000006,0.002290625,5.237109375,23.033,
0,13,,,2.2907257080078125,11.995849609375002,276.5625,0.002290625,5.2369140625,23.067,
0,13,,,2.3075103759765625,12.083740234375002,276.99218750000006,0.0023075,5.2369140625,23.101,
0,13,,,2.278518676757813,11.93359375,277.40234375000006,0.0022787500000000004,5.2373046875,23.135,
0,13,,,2.278518676757813,11.93359375,277.7734375,0.0022787500000000004,5.2369140625,23.169,
0,13,,,2.27508544921875,11.914062500000002,278.18359375000006,0.0022753125,5.2369140625,23.203,
0,13,,,2.2869110107421875,11.9775390625,278.61328125,0.0022871875,5.2373046875,23.237,
0,13,,,2.2869110107421875,11.9775390625,279.0234375,0.002285,5.2369140625,23.271,
0,13,,,2.2846221923828125,11.964111328125,279.43359375000006,0.002285,5.2369140625,23.305,
0,13,,,2.301025390625,12.052001953125002,279.82421875,0.0023012500000000003,5.2373046875,23.339,
0,13,,,2.301025390625,12.052001953125002,280.23437500000006,0.0022812500000000003,5.237500000000001,23.373,
0,13,,,2.2808074951171875,11.945800781250002,280.64453125000006,0.0022812500000000003,5.237500000000001,23.407,
0,13,,,2.2838592529296875,11.961669921875002,281.0546875,0.0022840625,5.2373046875,23.441,
0,13,,,2.2838592529296875,11.961669921875002,281.4453125,0.0023034375000000004,5.2373046875,23.475,
0,13,,,2.3033142089843754,12.061767578125,281.85546875000006,0.0023034375000000004,5.2373046875,23.509,
0,13,,,2.2727966308593754,11.90185546875,282.265625,0.0022728125,5.2369140625,23.543,
0,13,,,2.2727966308593754,11.90185546875,282.67578125000006,0.0022940625,5.237500000000001,23.577,
0,13,,,2.293777465820313,12.012939453125002,283.06640625000006,0.0022940625,5.237500000000001,23.611,
0,13,,,2.286529541015625,11.975097656250002,283.47656250000006,0.0022865625000000004,5.237500000000001,23.645,
0,13,,,2.286529541015625,11.82861328125,283.88671875,0.0022590625000000002,5.237109375,23.679,
0,13,,,2.2586822509765625,11.82861328125,284.29687500000006,0.0022590625000000002,5.237109375,23.713,
0,13,,,2.289581298828125,11.990966796875002,284.66796875,0.0022896875,5.237500000000001,23.747,
0,13,,,2.27508544921875,11.912841796875002,285.078125,0.0022753125,5.2367187500000005,23.781,
0,13,,,2.27508544921875,11.912841796875002,285.50781250000006,0.0022753125,5.2367187500000005,23.815,
0,13,,,2.2907257080078125,11.995849609375002,285.91796875000006,0.0022909375,5.2367187500000005,23.849,
0,13,,,2.285003662109375,11.966552734375002,286.328125,0.0022853125,5.237500000000001,23.883,
0,13,,,2.285003662109375,11.966552734375002,286.71875,0.0022853125,5.237500000000001,23.918,
0,13,,,2.2968292236328125,12.030029296875002,287.12890625000006,0.0022971875,5.237890625,23.952,
0,13,,,2.291107177734375,11.998291015625002,287.5390625,0.0022912500000000003,5.2373046875,23.986,
0,13,,,2.291107177734375,11.998291015625002,287.96875000000006,0.0022912500000000003,5.2373046875,24.02,
0,13,,,2.28271484375,11.953125000000002,288.37890625,0.0022828125,5.2367187500000005,24.054,
0,13,,,2.301788330078125,12.054443359375,288.75,0.0023021875,5.2369140625,24.088,
0,13,,,2.301788330078125,12.054443359375,289.16015625,0.0023021875,5.2369140625,24.122,
0,13,,,2.2724151611328125,11.903076171875,289.58984375,0.0022728125,5.237890625,24.156,
0,13,,,2.2766113281250004,11.923828125,290.00000000000006,0.0022768750000000003,5.2376953125000005,24.19,
0,13,,,2.2766113281250004,11.923828125,290.41015625000006,0.0022768750000000003,5.2376953125000005,24.224,
0,13,,,2.2689819335937504,11.883544921875002,290.78125000000006,0.0022690625000000002,5.237890625,24.258,
0,13,,,2.278518676757813,11.932373046875,291.19140625,0.0022787500000000004,5.2373046875,24.292,
0,13,,,2.278518676757813,11.932373046875,291.6015625,0.0022787500000000004,5.2373046875,24.326,
0,13,,,2.301406860351563,12.053222656250002,292.03125,0.0023015625000000002,5.237500000000001,24.36,
0,13,,,2.291107177734375,11.999511718750002,292.40234375,0.0022912500000000003,5.2380859375,24.394,
0,13,,,2.291107177734375,11.999511718750002,292.83203125000006,0.0022912500000000003,5.2380859375,24.428,
0,13,,,2.294921875,12.020263671875002,293.24218750000006,0.002295,5.2380859375,24.462,
0,13,,,2.28729248046875,11.978759765625002,293.65234375,0.0022871875,5.237500000000001,24.496,
0,13,,,2.28729248046875,11.978759765625002,294.04296875,0.0022871875,5.237500000000001,24.53,
0,13,,,2.3040771484375,12.067871093750002,294.45312500000006,0.002304375,5.2376953125000005,24.564,
0,13,,,2.288818359375,11.986083984375002,294.86328125,0.0022890625000000003,5.2373046875,24.598,
0,13,,,2.288818359375,11.986083984375002,295.27343750000006,0.0022890625000000003,5.2373046875,24.632,
0,13,,,2.283477783203125,11.960449218750002,295.66406250000006,0.00228375,5.237890625,24.666,
0,13,,,2.283477783203125,11.960449218750002,296.07421875,0.00228375,5.2376953125000005,24.7,
0,13,,,2.283477783203125,11.960449218750002,296.484375,0.00228375,5.2376953125000005,24.734,
0,13,,,2.2815704345703125,11.949462890625002,296.89453125000006,0.002281875,5.2376953125000005,24.768,
0,13,,,2.270889282226563,11.894531250000002,297.32421875000006,0.0022709375000000004,5.23828125,24.802,
0,13,,,2.270889282226563,11.894531250000002,297.69531250000006,0.0022709375000000004,5.2380859375,24.836,
0,13,,,2.29339599609375,12.01171875,298.10546875000006,0.0022934375000000003,5.2380859375,24.87,
0,13,,,2.2609710693359375,11.8408203125,298.515625,0.0022609375000000004,5.237500000000001,24.904,
0,13,,,2.2609710693359375,11.8408203125,298.92578125,0.002279375,5.2376953125000005,24.938,
0,13,,,2.2792816162109375,11.937255859375002,299.31640625,0.002279375,5.2376953125000005,24.973,
0,13,,,2.289581298828125,11.992187500000002,299.7265625,0.0022900000000000004,5.237500000000001,25.007,
0,13,,,2.289581298828125,11.992187500000002,300.13671875000006,0.00228625,5.2376953125000005,25.041,
0,13,,,2.286148071289063,11.973876953125002,300.54687500000006,0.00228625,5.2376953125000005,25.075,
0,13,,,2.2800445556640625,11.942138671875002,300.95703125000006,0.0022800000000000003,5.2380859375,25.109,
0,13,,,2.2800445556640625,11.942138671875002,301.3671875,0.0022687500000000004,5.237109375,25.143,
0,13,,,2.2686004638671875,11.879882812500002,301.7578125,0.0022687500000000004,5.237109375,25.177,
0,13,,,2.2842407226562504,11.962890625,302.16796875000006,0.0022843750000000004,5.2376953125000005,25.211,
0,13,,,2.2842407226562504,11.962890625,302.59765625000006,0.0023237500000000003,5.2376953125000005,25.245,
0,13,,,2.3235321044921875,12.169189453125002,303.00781250000006,0.0023237500000000003,5.2376953125000005,25.279,
0,13,,,2.27813720703125,11.932373046875,303.37890625000006,0.0022784375,5.2376953125000005,25.313,
0,13,,,2.3036956787109375,12.064208984375002,303.80859375,0.0023037500000000002,5.2373046875,25.347,
0,13,,,2.3036956787109375,12.064208984375002,304.21875000000006,0.0023037500000000002,5.2373046875,25.381,
0,13,,,2.2663116455078125,11.868896484375002,304.62890625000006,0.00226625,5.2376953125000005,25.415,
0,13,,,2.2735595703125,11.905517578125002,305.00000000000006,0.0022734375000000003,5.237500000000001,25.449,
0,13,,,2.2735595703125,11.905517578125002,305.41015625,0.0022734375000000003,5.237500000000001,25.482,
0,13,,,2.2918701171875004,12.003173828125002,305.83984375000006,0.0022921875000000004,5.237500000000001,25.516,
0,13,,,2.283477783203125,11.958007812500002,306.25,0.00228375,5.2373046875,25.551,
0,13,,,2.283477783203125,11.958007812500002,306.62109375,0.00228375,5.2373046875,25.585,
0,13,,,2.2800445556640625,11.940917968750002,307.03125000000006,0.0022800000000000003,5.2376953125000005,25.618,
0,13,,,2.277374267578125,11.92626953125,307.44140625000006,0.0022775,5.2373046875,25.652,
0,13,,,2.277374267578125,11.92626953125,307.87109375000006,0.0022775,5.2373046875,25.686,
0,13,,,2.28729248046875,11.9775390625,308.28125000000006,0.0022871875,5.2369140625,25.72,
0,13,,,2.2830963134765625,11.958007812500002,308.65234375000006,0.0022834375000000003,5.2376953125000005,25.754,
0,13,,,2.2830963134765625,11.958007812500002,309.0625,0.0022834375000000003,5.2376953125000005,25.788,
0,13,,,2.2876739501953125,11.982421875000002,309.49218750000006,0.0022881250000000002,5.237890625,25.822,
0,13,,,2.2884368896484375,11.986083984375002,309.90234375000006,0.00228875,5.2376953125000005,25.856,
0,13,,,2.2884368896484375,11.986083984375002,310.2734375,0.00228875,5.2376953125000005,25.89,
0,13,,,2.278900146484375,11.93359375,310.68359375000006,0.0022790625000000003,5.2373046875,25.924,
0,13,,,2.2853851318359375,11.968994140625002,311.11328125000006,0.0022856250000000003,5.237109375,25.958,
0,13,,,2.2853851318359375,11.968994140625002,311.5234375,0.0022856250000000003,5.237109375,25.993,
0,14,,,2.255630493164063,11.812744140625002,312.83203125000006,0.0022834375000000003,5.236523437500001,26.103,
0,14,,,2.2830963134765625,11.955566406250002,313.22265625,0.0022834375000000003,5.236523437500001,26.137,
0,14,,,2.384185791015625,12.484130859375002,313.65234375000006,0.002384375,5.236328125,26.171,
0,14,,,2.384185791015625,12.484130859375002,314.08203125000006,0.0023596875000000002,5.2367187500000005,26.205,
0,14,,,2.3593902587890625,12.354736328125002,314.51171875000006,0.0023596875000000002,5.2367187500000005,26.239,
0,14,,,2.3757934570312504,12.43896484375,314.90234375000006,0.0023759375,5.2359375,26.273,
0,14,,,2.3380279541015625,12.239990234375002,315.33203125000006,0.0023384375000000002,5.2349609375,26.307,
0,14,,,2.3380279541015625,12.239990234375002,315.76171875000006,0.0023384375000000002,5.2349609375,26.341,
0,14,,,2.3937225341796875,12.530517578125,316.19140625000006,0.00239375,5.2353515625,26.375,
0,14,,,2.3986816406250004,12.559814453125002,316.62109375,0.0023987500000000003,5.236328125,26.409,
0,14,,,2.3986816406250004,12.559814453125002,317.01171875000006,0.0023987500000000003,5.236328125,26.443,
0,14,,,2.3223876953125004,12.16064453125,317.44140625000006,0.0023228125000000002,5.2361328125,26.477,
0,14,,,2.3906707763671875,12.517089843750002,317.87109375,0.0023909375000000003,5.2357421875000005,26.511,
0,14,,,2.3906707763671875,12.517089843750002,318.32031250000006,0.0023909375000000003,5.2357421875000005,26.544,
0,14,,,2.3986816406250004,12.55859375,318.71093750000006,0.0023987500000000003,5.2359375,26.578,
0,14,,,2.4078369140625,12.606201171875002,319.140625,0.0024078125000000002,5.2361328125,26.612,
0,14,,,2.4078369140625,12.606201171875002,319.58984375000006,0.0024078125000000002,5.2361328125,26.646,
0,14,,,2.38800048828125,12.503662109375,320.01953125000006,0.002388125,5.2369140625,26.68,
0,14,,,2.3784637451171875,12.454833984375002,320.41015625,0.0023787500000000002,5.2369140625,26.714,
0,14,,,2.3784637451171875,12.454833984375002,320.83984375,0.0023787500000000002,5.2369140625,26.748,
0,14,,,2.367401123046875,12.393798828125002,321.26953125,0.0023675000000000002,5.2357421875000005,26.782,
0,14,,,2.4078369140625,12.606201171875002,321.69921875000006,0.002408125,5.2357421875000005,26.816,
0,14,,,2.4078369140625,12.606201171875002,322.08984375000006,0.002408125,5.2357421875000005,26.85,
0,14,,,2.3792266845703125,12.45849609375,322.53906250000006,0.0023796875000000003,5.2361328125,26.884,
0,14,,,2.3719787597656254,12.420654296875,322.94921875000006,0.0023721875,5.236523437500001,26.918,
0,14,,,2.3719787597656254,12.420654296875,323.37890625000006,0.0023721875,5.236523437500001,26.952,
0,14,,,2.345657348632813,12.280273437500002,323.80859375000006,0.002345625,5.2357421875000005,26.987,
0,14,,,2.3754119873046875,12.435302734375,324.19921875,0.0023753125000000003,5.235546875000001,27.021,
0,14,,,2.3754119873046875,12.435302734375,324.62890625000006,0.0023753125000000003,5.235546875000001,27.055,
0,14,,,2.381515502929688,12.468261718750002,325.05859375000006,0.0023818750000000003,5.23515625,27.089,
0,14,,,2.3643493652343754,12.3779296875,325.48828125,0.0023646875,5.235546875000001,27.124,
0,14,,,2.3643493652343754,12.3779296875,325.93750000000006,0.0023646875,5.235546875000001,27.158,
0,14,,,2.3975372314453125,12.553710937500002,326.36718750000006,0.0023978125,5.236523437500001,27.192,
0,14,,,2.381134033203125,12.467041015625002,326.7578125,0.00238125,5.2361328125,27.226,
0,14,,,2.381134033203125,12.467041015625002,327.1875,0.00238125,5.235546875000001,27.26,
0,14,,,2.364730834960938,12.380371093750002,327.6171875,0.0023650000000000003,5.235546875000001,27.294,
0,14,,,2.396774291992188,12.548828125000002,328.04687500000006,0.002396875,5.2359375,27.328,
0,14,,,2.396774291992188,12.548828125000002,328.49609375000006,0.002396875,5.2349609375,27.362,
0,14,,,2.408218383789063,12.606201171875002,328.88671875000006,0.0024084375,5.2349609375,27.396,
0,14,,,2.4303436279296875,12.723388671875,329.3359375,0.002430625,5.235546875000001,27.43,
0,14,,,2.4303436279296875,12.723388671875,329.76562500000006,0.0023653125000000002,5.2357421875000005,27.464,
0,14,,,2.3651123046875,12.382812500000002,330.19531250000006,0.0023653125000000002,5.2357421875000005,27.498,
0,14,,,2.376556396484375,12.445068359375,330.58593750000006,0.0023765625,5.2367187500000005,27.532,
0,14,,,2.376556396484375,12.445068359375,331.01562500000006,0.002364375,5.2359375,27.567,
0,14,,,2.3639678955078125,12.3779296875,331.44531250000006,0.002364375,5.2359375,27.601,
0,14,,,2.39410400390625,12.532958984375002,331.87500000000006,0.0023943750000000002,5.235546875000001,27.635,
0,14,,,2.39410400390625,12.532958984375002,332.30468750000006,0.0023734375,5.2349609375,27.669,
0,14,,,2.3731231689453125,12.421875,332.69531250000006,0.0023734375,5.2349609375,27.703,
0,14,,,2.3654937744140625,12.384033203125,333.12500000000006,0.0023659375,5.235546875000001,27.737,
0,14,,,2.3654937744140625,12.337646484375002,333.55468750000006,0.0023565625,5.2359375,27.771,
0,14,,,2.3563385009765625,12.337646484375002,333.984375,0.0023565625,5.2359375,27.805,
0,14,,,2.370071411132813,12.407226562500002,334.41406250000006,0.0023703125,5.235546875000001,27.839,
0,14,,,2.405548095703125,12.593994140625002,334.80468750000006,0.002405625,5.2357421875000005,27.873,
0,14,,,2.405548095703125,12.593994140625002,335.25390625,0.002405625,5.2357421875000005,27.907,
0,14,,,2.4211883544921875,12.673339843750002,335.68359375,0.0024212500000000002,5.2349609375,27.941,
0,14,,,2.3960113525390625,12.542724609375,336.13281250000006,0.0023962500000000004,5.2349609375,27.975,
0,14,,,2.3960113525390625,12.542724609375,336.56250000000006,0.0023962500000000004,5.2349609375,28.009,
0,14,,,2.3784637451171875,12.454833984375002,336.953125,0.0023787500000000002,5.236328125,28.043,
0,14,,,2.387619018554688,12.503662109375,337.3828125,0.0023878125,5.2367187500000005,28.077,
0,14,,,2.387619018554688,12.503662109375,337.81250000000006,0.0023878125,5.2367187500000005,28.112,
0,14,,,2.3857116699218754,12.489013671875,338.24218750000006,0.0023859375,5.23515625,28.146,
0,14,,,2.391433715820313,12.519531250000002,338.63281250000006,0.0023915625,5.23515625,28.181,
0,14,,,2.391433715820313,12.519531250000002,339.12109375000006,0.0023915625,5.23515625,28.215,
0,14,,,2.3910522460937504,12.518310546875002,339.51171875000006,0.00239125,5.2353515625,28.249,
0,14,,,2.4085998535156254,12.608642578125002,339.94140625,0.0024087500000000003,5.235546875000001,28.283,
0,14,,,2.4085998535156254,12.608642578125002,340.39062500000006,0.0024087500000000003,5.235546875000001,28.317,
0,14,,,2.3754119873046875,12.434082031250002,340.8203125,0.002375625,5.2347656250000005,28.351,
0,14,,,2.4150848388671875,12.64404296875,341.21093750000006,0.0024153125000000004,5.2357421875000005,28.385,
0,14,,,2.4150848388671875,12.64404296875,341.64062500000006,0.0024153125000000004,5.2357421875000005,28.419,
0,14,,,2.3601531982421875,12.357177734375002,342.07031250000006,0.0023603125,5.236328125,28.452,
0,14,,,2.344512939453125,12.275390625,342.5,0.0023446875,5.2361328125,28.487,
0,14,,,2.344512939453125,12.275390625,342.89062500000006,0.0023446875,5.2361328125,28.52,
0,14,,,2.3632049560546875,12.370605468750002,343.32031250000006,0.0023634375,5.2353515625,28.555,
0,14,,,2.4215698242187504,12.678222656250002,343.76953125000006,0.002421875,5.235546875000001,28.588,
0,14,,,2.4215698242187504,12.678222656250002,344.19921875000006,0.002421875,5.235546875000001,28.622,
0,14,,,2.4124145507812504,12.629394531250004,344.62890625000006,0.0024125,5.2357421875000005,28.656,
0,14,,,2.381134033203125,12.469482421875,345.01953125,0.0023815625,5.2369140625,28.69,
0,14,,,2.381134033203125,12.469482421875,345.44921875,0.0023815625,5.2369140625,28.725,
0,14,,,2.3464202880859375,12.287597656250002,345.87890625000006,0.0023465625,5.2369140625,28.759,
0,14,,,2.3590087890625004,12.352294921875002,346.30859375000006,0.0023593750000000004,5.236328125,28.793,
0,14,,,2.3590087890625004,12.352294921875002,346.69921875000006,0.0023593750000000004,5.236328125,28.827,
0,14,,,2.3868560791015625,12.497558593750002,347.12890625000006,0.002386875,5.236328125,28.861,
0,14,,,2.4211883544921875,12.677001953125002,347.57812500000006,0.0024212500000000002,5.236328125,28.895,
0,14,,,2.4211883544921875,12.677001953125002,348.00781250000006,0.0023853125000000003,5.235546875000001,28.928,
0,14,,,2.385330200195313,12.487792968750002,348.39843750000006,0.0023853125000000003,5.235546875000001,28.962,
0,14,,,2.361297607421875,12.365722656250002,348.82812500000006,0.0023615625000000004,5.237109375,28.996,
0,14,,,2.361297607421875,12.365722656250002,349.25781250000006,0.0023571875000000003,5.237109375,29.03,
0,14,,,2.357101440429688,12.34375,349.68750000000006,0.0023571875000000003,5.237109375,29.064,
0,14,,,2.399444580078125,12.562255859375004,350.11718750000006,0.0023996875000000003,5.235546875000001,29.098,
0,14,,,2.399444580078125,12.562255859375004,350.52734375000006,0.002405625,5.235546875000001,29.132,
0,14,,,2.405548095703125,12.593994140625002,350.95703125000006,0.002405625,5.235546875000001,29.166,
0,14,,,2.368545532226563,12.401123046875002,351.38671875000006,0.00236875,5.2359375,29.2,
0,14,,,2.368545532226563,12.401123046875002,351.81640625000006,0.0023831250000000003,5.2369140625,29.235,
0,14,,,2.3830413818359375,12.479248046875002,352.24609375000006,0.0023831250000000003,5.2369140625,29.269,
0,14,,,2.358627319335938,12.349853515625002,352.63671875,0.00235875,5.236523437500001,29.303,
0,14,,,2.3921966552734375,12.523193359375002,353.06640625,0.0023921875,5.2357421875000005,29.337,
0,14,,,2.3921966552734375,12.523193359375002,353.49609375,0.0023921875,5.2357421875000005,29.371,
0,14,,,2.352142333984375,12.313232421875,353.92578125000006,0.0023521875,5.2353515625,29.405,
0,14,,,2.339553833007813,12.249755859375002,354.31640625000006,0.0023396875,5.2359375,29.439,
0,14,,,2.339553833007813,12.249755859375002,354.7265625,0.0023396875,5.2359375,29.473,
0,14,,,2.313995361328125,12.115478515625,355.15625000000006,0.002314375,5.235546875000001,29.507,
0,14,,,2.3944854736328125,12.53662109375,355.58593750000006,0.0023946875,5.2357421875000005,29.541,
0,14,,,2.3944854736328125,12.53662109375,356.01562500000006,0.0023946875,5.2357421875000005,29.575,
0,14,,,2.38494873046875,12.484130859375002,356.40625000000006,0.0023850000000000004,5.2349609375,29.609,
0,14,,,2.3899078369140625,12.51220703125,356.85546875000006,0.0023903125,5.2357421875000005,29.643,
0,14,,,2.3899078369140625,12.51220703125,357.28515625000006,0.0023903125,5.2357421875000005,29.677,
0,14,,,2.3830413818359375,12.479248046875002,357.71484375,0.0023834375,5.2369140625,29.711,
0,14,,,2.368545532226563,12.401123046875002,358.10546875000006,0.00236875,5.236328125,29.745,
0,14,,,2.368545532226563,12.401123046875002,358.53515625000006,0.00236875,5.236328125,29.779,
0,14,,,2.3780822753906254,12.447509765625002,358.96484375000006,0.002378125,5.234570312500001,29.813,
0,14,,,2.386474609375,12.492675781250002,359.39453125000006,0.0023865625000000002,5.2353515625,29.847,
0,14,,,2.386474609375,12.492675781250002,359.78515625000006,0.0023865625000000002,5.2353515625,29.881,
0,14,,,2.3616790771484375,12.365722656250002,360.21484375000006,0.0023615625000000004,5.236328125,29.915,
0,14,,,2.3349761962890625,12.225341796875,360.64453125,0.0023353125,5.2359375,29.949,
0,14,,,2.3349761962890625,12.225341796875,361.07421875,0.0023353125,5.2359375,29.983,
0,14,,,2.3857116699218754,12.491455078125002,361.46484375000006,0.0023859375,5.235546875000001,30.017,
0,14,,,2.419281005859375,12.667236328125002,361.9140625,0.002419375,5.236328125,30.051,
0,14,,,2.419281005859375,12.667236328125002,362.34375,0.002419375,5.236328125,30.085,
0,14,,,2.4173736572265625,12.655029296875002,362.79296875,0.0024175000000000004,5.2353515625,30.119,
0,14,,,2.441024780273438,12.78076171875,363.18359375000006,0.0024409375000000004,5.236523437500001,30.153,
0,14,,,2.441024780273438,12.78076171875,363.61328125000006,0.0024409375000000004,5.236523437500001,30.187,
0,14,,,2.3540496826171875,12.327880859375002,364.04296875000006,0.002354375,5.237109375,30.221,
0,14,,,2.370071411132813,12.408447265625,364.47265625,0.0023703125,5.2359375,30.256,
0,14,,,2.370071411132813,12.408447265625,364.92187500000006,0.0023703125,5.2359375,30.29,
0,14,,,2.3899078369140625,12.51220703125,365.33203125,0.00239,5.2357421875000005,30.324,
0,14,,,2.289581298828125,11.988525390625002,365.703125,0.0022900000000000004,5.236328125,30.358,
0,14,,,2.289581298828125,11.988525390625002,366.11328125000006,0.0022900000000000004,5.2376953125000005,30.392,
0,14,,,2.268218994140625,11.878662109375,366.52343750000006,0.002268125,5.2376953125000005,30.426,
0,14,,,2.2472381591796875,11.770019531250002,366.93359375,0.0022475000000000004,5.237500000000001,30.46,
0,14,,,2.2472381591796875,11.770019531250002,367.30468750000006,0.0022475000000000004,5.237500000000001,30.494,
0,14,,,2.274703979492188,11.912841796875002,367.73437500000006,0.0022746875000000002,5.237500000000001,30.528,
0,14,,,2.266693115234375,11.871337890625,368.12500000000006,0.0022668750000000002,5.2376953125000005,30.562,
0,14,,,2.266693115234375,11.871337890625,368.53515625000006,0.002250625,5.237890625,30.596,
0,14,,,2.2502899169921875,11.785888671875002,368.96484375000006,0.002250625,5.237890625,30.63,
0,14,,,2.28271484375,11.954345703125,369.33593750000006,0.0022828125,5.237890625,30.664,
0,14,,,2.28271484375,11.954345703125,369.74609375000006,0.0022690625000000002,5.2376953125000005,30.698,
0,14,,,2.2686004638671875,11.882324218750002,370.15625,0.0022690625000000002,5.2376953125000005,30.732,
0,14,,,2.2731781005859375,11.906738281250002,370.56640625000006,0.0022734375000000003,5.2380859375,30.766,
0,14,,,2.2731781005859375,11.906738281250002,370.93750000000006,0.00224125,5.2373046875,30.8,
0,14,,,2.2411346435546875,11.735839843750002,371.34765625000006,0.00224125,5.2373046875,30.834,
0,14,,,2.2499084472656254,11.783447265625002,371.75781250000006,0.0022503125,5.237500000000001,30.868,
0,14,,,2.2499084472656254,11.783447265625002,372.16796875,0.0022700000000000003,5.2376953125000005,30.902,
0,14,,,2.269744873046875,11.888427734375002,372.5390625,0.0022700000000000003,5.2376953125000005,30.936,
0,14,,,2.2575378417968754,11.822509765625002,372.94921875000006,0.0022575000000000004,5.2373046875,30.97,
0,14,,,2.2575378417968754,11.898193359375002,373.35937500000006,0.002271875,5.2376953125000005,31.004,
0,14,,,2.2716522216796875,11.898193359375002,373.76953125,0.002271875,5.2376953125000005,31.038,
0,14,,,2.274703979492188,11.911621093750002,374.19921875000006,0.0022746875000000002,5.2373046875,31.072,
0,14,,,2.2754669189453125,11.918945312500002,374.57031250000006,0.0022759375,5.237890625,31.106,
0,14,,,2.2754669189453125,11.918945312500002,374.98046875,0.0022759375,5.237890625,31.14,
0,14,,,2.2533416748046875,11.802978515625002,375.39062500000006,0.00225375,5.237890625,31.174,
0,14,,,2.259445190429688,11.833496093750002,375.80078125000006,0.0022596875,5.2373046875,31.208,
0,14,,,2.259445190429688,11.833496093750002,376.17187500000006,0.0022596875,5.2373046875,31.242,
0,14,,,2.2678375244140625,11.876220703125002,376.58203125000006,0.002268125,5.2373046875,31.276,
0,14,,,2.2960662841796875,12.02392578125,376.9921875,0.00229625,5.2373046875,31.311,
0,14,,,2.2960662841796875,12.02392578125,377.421875,0.00229625,5.2373046875,31.345,
0,14,,,2.2762298583984375,11.921386718750002,377.81250000000006,0.00227625,5.2380859375,31.379,
0,14,,,2.26287841796875,11.850585937500002,378.24218750000006,0.0022631250000000004,5.2373046875,31.413,
0,14,,,2.26287841796875,11.850585937500002,378.61328125000006,0.0022631250000000004,5.2373046875,31.447,
0,14,,,2.281951904296875,11.95068359375,379.02343750000006,0.002281875,5.237500000000001,31.481,
0,14,,,2.2647857666015625,11.861572265625002,379.43359375,0.002265,5.2376953125000005,31.515,
0,14,,,2.2647857666015625,11.861572265625002,379.84375000000006,0.002265,5.2376953125000005,31.548,
0,14,,,2.2502899169921875,11.785888671875002,380.21484375000006,0.002250625,5.237500000000001,31.582,
0,14,,,2.2689819335937504,11.883544921875002,380.62500000000006,0.002269375,5.2373046875,31.616,
0,14,,,2.2689819335937504,11.883544921875002,381.03515625000006,0.002269375,5.2373046875,31.65,
0,14,,,2.260589599609375,11.839599609375002,381.4453125,0.0022609375000000004,5.237109375,31.684,
0,14,,,2.2689819335937504,11.883544921875002,381.81640625,0.002269375,5.2373046875,31.718,
0,14,,,2.2689819335937504,11.883544921875002,382.24609375000006,0.002269375,5.2373046875,31.752,
0,14,,,2.2991180419921875,12.041015625000002,382.65625000000006,0.0022990625000000003,5.237890625,31.786,
0,14,,,2.271270751953125,11.893310546875,383.06640625000006,0.0022715625,5.2369140625,31.82,
0,14,,,2.271270751953125,11.893310546875,383.43750000000006,0.0022715625,5.2369140625,31.854,
0,14,,,2.2575378417968754,11.824951171875,383.84765625000006,0.0022578125000000003,5.2376953125000005,31.888,
0,14,,,2.2777557373046875,11.928710937500002,384.2578125,0.0022778125000000003,5.2376953125000005,31.922,
0,14,,,2.2777557373046875,11.928710937500002,384.68750000000006,0.0022778125000000003,5.2376953125000005,31.956,
0,14,,,2.274322509765625,11.911621093750002,385.05859375,0.0022746875000000002,5.2376953125000005,31.99,
0,14,,,2.2731781005859375,11.905517578125002,385.46875,0.0022734375000000003,5.237500000000001,32.024,
0,14,,,2.2731781005859375,11.905517578125002,385.87890625000006,0.0022734375000000003,5.237500000000001,32.058,
0,14,,,2.2647857666015625,11.861572265625002,386.28906250000006,0.002265,5.2376953125000005,32.092,
0,14,,,2.2647857666015625,11.86279296875,386.69921875,0.002265,5.2380859375,32.126,
0,14,,,2.2647857666015625,11.86279296875,387.07031250000006,0.002265,5.237500000000001,32.16,
0,14,,,2.2686004638671875,11.879882812500002,387.48046875000006,0.0022687500000000004,5.237500000000001,32.194,
0,14,,,2.29034423828125,11.99462890625,387.91015625,0.0022903125000000002,5.237500000000001,32.228,
0,14,,,2.29034423828125,11.99462890625,388.32031250000006,0.0022903125000000002,5.23828125,32.262,
0,14,,,2.277374267578125,11.928710937500002,388.69140625000006,0.0022778125000000003,5.23828125,32.296,
0,14,,,2.282333374023438,11.955566406250002,389.10156250000006,0.0022825000000000002,5.23828125,32.33,
0,14,,,2.282333374023438,11.955566406250002,389.51171875000006,0.0022521875000000003,5.237890625,32.365,
0,14,,,2.251815795898438,11.79443359375,389.92187500000006,0.0022521875000000003,5.237890625,32.399,
0,14,,,2.2815704345703125,11.949462890625002,390.3515625,0.002281875,5.237500000000001,32.433,
0,14,,,2.2815704345703125,11.949462890625002,390.72265625,0.002268125,5.237500000000001,32.467,
0,14,,,2.2678375244140625,11.877441406250002,391.13281250000006,0.002268125,5.237500000000001,32.501,
0,14,,,2.2914886474609375,11.999511718750002,391.54296875000006,0.0022915625,5.2373046875,32.535,
0,14,,,2.2914886474609375,11.999511718750002,391.95312500000006,0.002275,5.237500000000001,32.569,
0,14,,,2.274703979492188,11.912841796875002,392.34375000000006,0.002275,5.237500000000001,32.603,
0,14,,,2.2769927978515625,11.925048828125002,392.75390625000006,0.0022771875,5.237109375,32.637,
0,14,,,2.2769927978515625,11.914062500000002,393.1640625,0.002275,5.2373046875,32.671,
0,14,,,2.27508544921875,11.914062500000002,393.57421875000006,0.002275,5.2373046875,32.704,
0,14,,,2.271270751953125,11.894531250000002,393.94531250000006,0.0022712500000000003,5.2373046875,32.738,
0,14,,,2.2735595703125,11.907958984375002,394.35546875000006,0.00227375,5.2376953125000005,32.772,
0,14,,,2.2735595703125,11.907958984375002,394.765625,0.00227375,5.2376953125000005,32.806,
0,14,,,2.283477783203125,11.958007812500002,395.19531250000006,0.00228375,5.2373046875,32.84,
0,14,,,2.2537231445312504,11.802978515625002,395.58593750000006,0.0022540625,5.2373046875,32.874,
0,14,,,2.2537231445312504,11.802978515625002,395.9765625,0.0022540625,5.2373046875,32.908,
0,14,,,2.281951904296875,11.951904296875002,396.38671875000006,0.0022825000000000002,5.237500000000001,32.942,
0,14,,,2.2613525390625004,11.845703125000002,396.79687500000006,0.0022615625,5.238476562500001,32.976,
0,14,,,2.2613525390625004,11.845703125000002,397.20703125,0.0022615625,5.238476562500001,33.01,
0,14,,,2.2491455078125,11.77978515625,397.57812500000006,0.002249375,5.237890625,33.044,
0,14,,,2.262115478515625,11.846923828125002,397.98828125,0.0022621875000000003,5.2373046875,33.078,
0,14,,,2.262115478515625,11.846923828125002,398.39843750000006,0.0022621875000000003,5.2373046875,33.112,
0,14,,,2.274322509765625,11.911621093750002,398.80859375000006,0.0022743750000000004,5.237890625,33.146,
0,14,,,2.264404296875,11.857910156250002,399.17968750000006,0.0022643750000000003,5.2373046875,33.18,
0,14,,,2.264404296875,11.857910156250002,399.58984375000006,0.0022643750000000003,5.2373046875,33.214,
0,14,,,2.267074584960938,11.87255859375,400.0,0.0022671875,5.237109375,33.248,
0,14,,,2.2609710693359375,11.842041015625,400.41015625,0.0022612500000000002,5.2376953125000005,33.282,
0,14,,,2.2609710693359375,11.842041015625,400.80078125,0.0022612500000000002,5.2376953125000005,33.316,
0,14,,,2.2754669189453125,11.917724609375002,401.2109375000001,0.0022756250000000003,5.2380859375,33.35,
0,14,,,2.26287841796875,11.853027343750002,401.62109375000006,0.0022631250000000004,5.2380859375,33.385,
0,14,,,2.26287841796875,11.853027343750002,402.03125000000006,0.0022631250000000004,5.2380859375,33.419,
0,14,,,2.2613525390625004,11.844482421875002,402.44140625,0.0022615625,5.237890625,33.453,
0,14,,,2.2663116455078125,11.868896484375002,402.8515625,0.0022665625000000003,5.2376953125000005,33.487,
0,14,,,2.2663116455078125,11.868896484375002,403.22265625000006,0.0022665625000000003,5.2376953125000005,33.521,
0,14,,,2.2674560546875,11.873779296875002,403.6328125,0.0022675,5.2373046875,33.555,
0,14,,,2.252197265625,11.795654296875002,404.04296875000006,0.0022525,5.237500000000001,33.589,
0,14,,,2.252197265625,11.795654296875002,404.45312500000006,0.0022525,5.237500000000001,33.623,
0,14,,,2.264404296875,11.860351562500002,404.82421875000006,0.0022646875,5.237500000000001,33.657,
0,14,,,2.2525787353515625,11.798095703125,405.23437500000006,0.0022528125,5.237890625,33.691,
0,14,,,2.2525787353515625,11.798095703125,405.64453125000006,0.0022528125,5.237890625,33.725,
0,14,,,2.2922515869140625,12.005615234375002,406.07421875,0.0022925000000000003,5.2376953125000005,33.759,
0,14,,,2.275848388671875,11.917724609375002,406.48437500000006,0.0022759375,5.2373046875,33.793,
0,14,,,2.275848388671875,11.917724609375002,406.85546875,0.0022759375,5.237890625,33.827,
0,14,,,2.270889282226563,11.894531250000002,407.26562500000006,0.0022712500000000003,5.237890625,33.861,
0,14,,,2.2552490234375,11.812744140625002,407.67578125000006,0.0022553125000000004,5.2380859375,33.895,
0,14,,,2.2552490234375,11.812744140625002,408.08593750000006,0.0022553125000000004,5.2380859375,33.929,
0,14,,,2.2769927978515625,11.92626953125,408.45703125000006,0.0022771875,5.2380859375,33.963,
0,14,,,2.2624969482421875,11.850585937500002,408.86718750000006,0.0022628125,5.237890625,33.997,
0,14,,,2.2624969482421875,11.850585937500002,409.27734375,0.0022709375000000004,5.237500000000001,34.031,
0,14,,,2.270889282226563,11.892089843750002,409.70703125000006,0.0022709375000000004,5.237500000000001,34.065,
0,14,,,2.268218994140625,11.879882812500002,410.078125,0.0022684375,5.237890625,34.099,
0,14,,,2.268218994140625,11.879882812500002,410.4882812500001,0.00225125,5.2380859375,34.133,
0,14,,,2.2510528564453125,11.790771484375002,410.89843750000006,0.00225125,5.2380859375,34.167,
0,14,,,2.2762298583984375,11.922607421875002,411.30859375000006,0.0022765625000000004,5.2380859375,34.2,
0,14,,,2.2762298583984375,11.922607421875002,411.67968750000006,0.0022812500000000003,5.237890625,34.234,
0,14,,,2.2808074951171875,11.947021484375,412.08984375,0.0022812500000000003,5.237890625,34.268,
0,14,,,2.27508544921875,11.915283203125002,412.50000000000006,0.002275,5.2376953125000005,34.302,
0,14,,,2.27508544921875,11.915283203125002,412.91015625,0.0022575000000000004,5.237500000000001,34.336,
0,14,,,2.2575378417968754,11.822509765625002,413.30078125,0.0022575000000000004,5.237500000000001,34.37,
0,14,,,2.2563934326171875,11.815185546875002,413.69140625,0.0022565625000000003,5.237109375,34.404,
0,14,,,2.2563934326171875,11.815185546875002,414.12109375000006,0.0022825000000000002,5.237890625,34.439,
0,14,,,2.281951904296875,11.953125000000002,414.53125,0.0022825000000000002,5.237890625,34.473,
0,14,,,2.2922515869140625,12.008056640625,414.94140625000006,0.0022925000000000003,5.2386718750000005,34.507,
0,14,,,2.2705078125,11.890869140625002,415.3515625,0.002270625,5.2380859375,34.541,
0,14,,,2.2705078125,11.890869140625002,415.72265625000006,0.002270625,5.2380859375,34.575,
0,14,,,2.2754669189453125,11.918945312500002,416.1523437500001,0.0022756250000000003,5.23828125,34.609,
0,14,,,2.2853851318359375,11.972656250000002,416.56250000000006,0.0022856250000000003,5.2386718750000005,34.643,
0,14,,,2.2853851318359375,11.972656250000002,416.97265625,0.0022856250000000003,5.2386718750000005,34.677,
0,14,,,2.278518676757813,11.934814453125002,417.34375000000006,0.0022787500000000004,5.2376953125000005,34.712,
0,14,,,2.27508544921875,11.91650390625,417.75390625000006,0.0022753125,5.23828125,34.746,
0,14,,,2.27508544921875,11.91650390625,418.16406250000006,0.0022753125,5.23828125,34.78,
0,14,,,2.2647857666015625,11.86279296875,418.57421875,0.002265,5.2376953125000005,34.814,
0,14,,,2.269744873046875,11.888427734375002,419.00390625000006,0.0022700000000000003,5.2376953125000005,34.848,
0,14,,,2.269744873046875,11.888427734375002,419.37500000000006,0.0022700000000000003,5.2376953125000005,34.882,
0,14,,,2.2766113281250004,11.925048828125002,419.78515625000006,0.0022768750000000003,5.2380859375,34.916,
0,14,,,2.263641357421875,11.85546875,420.19531250000006,0.00226375,5.2380859375,34.95,
0,14,,,2.263641357421875,11.85546875,420.60546875000006,0.00226375,5.2380859375,34.984,
0,14,,,2.2617340087890625,11.846923828125002,420.97656250000006,0.002261875,5.2380859375,35.018,
0,14,,,2.24761962890625,11.771240234375,421.38671875,0.0022478125000000002,5.2376953125000005,35.052,
0,14,,,2.24761962890625,11.771240234375,421.796875,0.0022478125000000002,5.2376953125000005,35.086,
0,14,,,2.2640228271484375,11.857910156250002,422.2070312500001,0.0022643750000000003,5.2376953125000005,35.12,
0,14,,,2.2609710693359375,11.8408203125,422.61718750000006,0.0022609375000000004,5.237500000000001,35.154,
0,14,,,2.2609710693359375,11.8408203125,422.9882812500001,0.0022609375000000004,5.237500000000001,35.188,
0,14,,,2.2552490234375,11.8115234375,423.39843750000006,0.0022553125000000004,5.237500000000001,35.222,
0,14,,,2.2655487060546875,11.865234375,423.80859375,0.0022656250000000003,5.237890625,35.256,
0,14,,,2.2655487060546875,11.865234375,424.21875000000006,0.0022656250000000003,5.237890625,35.29,
0,14,,,2.2491455078125,11.778564453125002,424.58984375000006,0.002249375,5.2367187500000005,35.324,
0,14,,,2.248001098632813,11.773681640625,425.00000000000006,0.002248125,5.2376953125000005,35.358,
0,14,,,2.248001098632813,11.773681640625,425.41015625,0.002248125,5.2376953125000005,35.392,
0,14,,,2.2613525390625004,11.842041015625,425.82031250000006,0.0022612500000000002,5.237500000000001,35.426,
0,14,,,2.274322509765625,11.911621093750002,426.19140625,0.0022743750000000004,5.23828125,35.46,
0,14,,,2.274322509765625,11.911621093750002,426.6015625000001,0.0022743750000000004,5.237500000000001,35.495,
0,14,,,2.264404296875,11.859130859375,427.01171875000006,0.0022643750000000003,5.237500000000001,35.529,
0,14,,,2.2624969482421875,11.849365234375002,427.42187500000006,0.0022628125,5.237109375,35.563,
0,14,,,2.2624969482421875,11.849365234375002,427.83203125,0.0022721875000000003,5.2376953125000005,35.597,
0,14,,,2.27203369140625,11.899414062500002,428.2421875,0.0022721875000000003,5.2376953125000005,35.631,
0,14,,,2.267074584960938,11.875000000000002,428.6328125,0.0022675,5.237890625,35.665,
0,14,,,2.267074584960938,11.875000000000002,429.0429687500001,0.0022843750000000004,5.2373046875,35.699,
0,14,,,2.2842407226562504,11.961669921875002,429.45312500000006,0.0022843750000000004,5.2373046875,35.732,
0,14,,,2.264404296875,11.859130859375,429.86328125000006,0.0022646875,5.237500000000001,35.767,
0,14,,,2.264404296875,11.859130859375,430.23437500000006,0.002258125,5.237500000000001,35.8,
0,14,,,2.2579193115234375,11.824951171875,430.64453125,0.002258125,5.237500000000001,35.834,
0,14,,,2.2617340087890625,11.845703125000002,431.05468750000006,0.002261875,5.237890625,35.868,
0,14,,,2.2617340087890625,11.845703125000002,431.4843750000001,0.002280625,5.23828125,35.902,
0,14,,,2.2804260253906254,11.945800781250002,431.85546875,0.002280625,5.23828125,35.936,
0,14,,,2.267074584960938,11.871337890625,432.2656250000001,0.0022671875,5.237109375,35.971,
0,14,,,2.292633056640625,12.005615234375002,432.67578125000006,0.0022928125,5.237109375,36.005,
0,14,,,2.292633056640625,12.005615234375002,433.0859375,0.0022928125,5.237109375,36.039,
0,14,,,2.2586822509765625,11.829833984375002,433.49609375000006,0.0022587500000000003,5.237890625,36.073,
0,14,,,2.2739410400390625,11.9091796875,433.86718750000006,0.0022743750000000004,5.2373046875,36.107,
0,14,,,2.2739410400390625,11.9091796875,434.296875,0.0022743750000000004,5.2373046875,36.141,
0,14,,,2.288818359375,11.9873046875,434.7070312500001,0.0022890625000000003,5.237890625,36.175,
0,14,,,2.274322509765625,11.911621093750002,435.11718750000006,0.0022743750000000004,5.2380859375,36.209,
0,14,,,2.274322509765625,11.911621093750002,435.48828125000006,0.0022743750000000004,5.2380859375,36.243,
0,14,,,2.2686004638671875,11.881103515625002,435.89843750000006,0.0022687500000000004,5.2376953125000005,36.277,
0,14,,,2.286529541015625,11.973876953125002,436.328125,0.0022865625000000004,5.237500000000001,36.311,
0,14,,,2.286529541015625,11.973876953125002,436.73828125,0.0022865625000000004,5.237500000000001,36.345,
0,14,,,2.2674560546875,11.875000000000002,437.109375,0.0022678125000000003,5.2373046875,36.379,
0,14,,,2.2808074951171875,11.947021484375,437.51953125,0.0022809375,5.237890625,36.412,
0,14,,,2.2808074951171875,11.947021484375,437.92968750000006,0.0022809375,5.237890625,36.446,
0,14,,,2.2792816162109375,11.937255859375002,438.35937500000006,0.0022796875,5.237109375,36.48,
0,14,,,2.27508544921875,11.915283203125002,438.76953125,0.0022753125,5.2373046875,36.515,
0,14,,,2.27508544921875,11.915283203125002,439.1796875,0.0022753125,5.2373046875,36.549,
0,14,,,2.262115478515625,11.84814453125,439.55078125,0.0022621875000000003,5.237890625,36.583,
0,14,,,2.267074584960938,11.87255859375,439.9609375,0.0022671875,5.237109375,36.617,
0,14,,,2.267074584960938,11.87255859375,440.37109375000006,0.0022671875,5.237109375,36.651,
0,14,,,2.2624969482421875,11.849365234375002,440.78125000000006,0.0022625,5.2376953125000005,36.685,
0,14,,,2.255630493164063,11.812744140625002,441.15234375000006,0.0022556250000000003,5.237890625,36.719,
0,14,,,2.255630493164063,11.812744140625002,441.56250000000006,0.0022556250000000003,5.237890625,36.753,
0,14,,,2.277374267578125,11.92626953125,441.97265625000006,0.0022775,5.2369140625,36.787,
0,14,,,2.2533416748046875,11.8017578125,442.3828125,0.0022534375000000002,5.2376953125000005,36.821,
0,14,,,2.2533416748046875,11.8017578125,442.75390625000006,0.0022534375000000002,5.2376953125000005,36.855,
0,14,,,2.267074584960938,11.873779296875002,443.18359375,0.0022671875,5.2373046875,36.889,
0,14,,,2.289962768554688,11.99462890625,443.59375000000006,0.0022903125000000002,5.2380859375,36.923,
0,14,,,2.289962768554688,11.99462890625,444.00390625000006,0.0022903125000000002,5.2380859375,36.957,
0,14,,,2.2884368896484375,11.98486328125,444.37500000000006,0.0022884375,5.2376953125000005,36.991,
0,14,,,2.2918701171875004,12.004394531250002,444.8046875,0.0022921875000000004,5.237890625,37.025,
0,14,,,2.2918701171875004,12.004394531250002,445.21484375000006,0.0022921875000000004,5.237890625,37.059,
0,14,,,2.254486083984375,11.806640625000002,445.625,0.0022546875,5.237500000000001,37.093,
0,14,,,2.2930145263671875,12.010498046875002,446.03515625000006,0.0022934375000000003,5.237890625,37.127,
0,14,,,2.2930145263671875,12.010498046875002,446.40625,0.0022934375000000003,5.2376953125000005,37.161,
0,14,,,2.2674560546875,11.876220703125002,446.81640625000006,0.0022678125000000003,5.2376953125000005,37.195,
0,14,,,2.274703979492188,11.914062500000002,447.22656250000006,0.002275,5.237500000000001,37.229,
0,14,,,2.274703979492188,11.914062500000002,447.63671875000006,0.002275,5.237500000000001,37.263,
0,14,,,2.2579193115234375,11.826171875000002,448.02734375000006,0.002258125,5.237500000000001,37.297,
0,14,,,2.2624969482421875,11.849365234375002,448.43750000000006,0.0022628125,5.2373046875,37.331,
0,14,,,2.2624969482421875,11.849365234375002,448.84765625,0.0022765625000000004,5.237109375,37.365,
0,14,,,2.2766113281250004,11.921386718750002,449.25781250000006,0.0022765625000000004,5.237109375,37.399,
0,14,,,2.281951904296875,11.951904296875002,449.62890625,0.0022821875000000004,5.237890625,37.432,
0,14,,,2.281951904296875,11.951904296875002,450.0390625000001,0.0022712500000000003,5.2373046875,37.466,
0,14,,,2.271270751953125,11.894531250000002,450.46875000000006,0.0022712500000000003,5.2373046875,37.5,
0,14,,,2.2727966308593754,11.903076171875,450.85937500000006,0.0022728125,5.2376953125000005,37.534,
0,14,,,2.2727966308593754,11.903076171875,451.25000000000006,0.0022631250000000004,5.2373046875,37.569,
0,14,,,2.26287841796875,11.850585937500002,451.66015625,0.0022631250000000004,5.2373046875,37.603,
0,14,,,2.2472381591796875,11.768798828125002,452.05078125000006,0.0022475000000000004,5.2369140625,37.637,
0,14,,,2.2472381591796875,11.784667968750002,452.4609375,0.0022503125,5.2376953125000005,37.671,
0,14,,,2.2502899169921875,11.784667968750002,452.89062500000006,0.0022503125,5.2376953125000005,37.705,
0,14,,,2.275848388671875,11.918945312500002,453.30078125000006,0.0022759375,5.237890625,37.739,
0,14,,,2.2766113281250004,11.921386718750002,453.67187500000006,0.0022765625000000004,5.237109375,37.773,
0,14,,,2.2766113281250004,11.921386718750002,454.08203125,0.0022765625000000004,5.237109375,37.807,
0,14,,,2.251434326171875,11.791992187500002,454.49218750000006,0.0022515625,5.2376953125000005,37.841,
0,14,,,2.2472381591796875,11.770019531250002,454.8828125,0.0022475000000000004,5.2373046875,37.875,
0,14,,,2.2472381591796875,11.770019531250002,455.27343750000006,0.0022475000000000004,5.2373046875,37.909,
0,14,,,2.2624969482421875,11.849365234375002,455.68359375,0.0022628125,5.237500000000001,37.943,
0,14,,,2.2804260253906254,11.943359375000002,456.09375000000006,0.002280625,5.237500000000001,37.977,
0,14,,,2.2804260253906254,11.943359375000002,456.50390625000006,0.002280625,5.237500000000001,38.011,
0,14,,,2.259445190429688,11.833496093750002,456.8750000000001,0.0022596875,5.237500000000001,38.045,
0,14,,,2.275848388671875,11.921386718750002,457.28515625000006,0.0022759375,5.23828125,38.079,
0,14,,,2.275848388671875,11.921386718750002,457.69531250000006,0.0022759375,5.23828125,38.113,
0,14,,,2.2449493408203125,11.757812500000002,458.10546875,0.0022453125000000003,5.237500000000001,38.147,
0,14,,,2.2769927978515625,11.925048828125002,458.4765625,0.0022768750000000003,5.2380859375,38.181,
0,14,,,2.2769927978515625,11.925048828125002,458.90625,0.0022768750000000003,5.2380859375,38.215,
0,14,,,2.2674560546875,11.875000000000002,459.3164062500001,0.0022678125000000003,5.237500000000001,38.249,
0,14,,,2.28271484375,11.955566406250002,459.72656250000006,0.0022828125,5.23828125,38.283,
0,14,,,2.28271484375,11.955566406250002,460.0976562500001,0.0022828125,5.23828125,38.317,
0,15,,,2.2838592529296875,11.961669921875002,461.42578125,0.0022809375,5.2367187500000005,38.426,
0,15,,,2.2808074951171875,11.942138671875002,461.85546875000006,0.0022809375,5.2367187500000005,38.46,
0,15,,,2.3960113525390625,12.545166015625002,462.28515625000006,0.0023962500000000004,5.2361328125,38.494,
0,15,,,2.3960113525390625,12.545166015625002,462.67578125000006,0.0023565625,5.237109375,38.528,
0,15,,,2.3563385009765625,12.338867187500002,463.10546875,0.0023565625,5.237109375,38.562,
0,15,,,2.3502349853515625,12.305908203125,463.5156250000001,0.0023506250000000003,5.2359375,38.596,
0,15,,,2.3502349853515625,12.305908203125,463.94531250000006,0.0023546875,5.235546875000001,38.63,
0,15,,,2.35443115234375,12.326660156250002,464.35546875,0.0023546875,5.235546875000001,38.664,
0,15,,,2.379989624023438,12.462158203125002,464.78515625000006,0.0023803125,5.236523437500001,38.699,
0,15,,,2.3677825927734375,12.398681640625002,465.19531250000006,0.0023678125,5.2369140625,38.733,
0,15,,,2.3677825927734375,12.398681640625002,465.64453125,0.0023678125,5.2369140625,38.767,
0,15,,,2.3757934570312504,12.440185546875002,466.07421875000006,0.0023762500000000003,5.2361328125,38.801,
0,15,,,2.379989624023438,12.460937500000002,466.50390625000006,0.0023803125,5.2359375,38.835,
0,15,,,2.379989624023438,12.460937500000002,466.87500000000006,0.0023803125,5.2359375,38.869,
0,15,,,2.3426055908203125,12.265625000000002,467.3046875,0.0023425000000000004,5.236328125,38.903,
0,15,,,2.3479461669921875,12.29248046875,467.73437500000006,0.0023481250000000004,5.2361328125,38.937,
0,15,,,2.3479461669921875,12.29248046875,468.16406250000006,0.0023481250000000004,5.2361328125,38.971,
0,15,,,2.4101257324218754,12.618408203125,468.57421875,0.0024100000000000002,5.236328125,39.005,
0,15,,,2.345657348632813,12.283935546875002,468.98437500000006,0.0023459375000000004,5.2367187500000005,39.038,
0,15,,,2.345657348632813,12.283935546875002,469.41406250000006,0.0023459375000000004,5.2367187500000005,39.072,
0,15,,,2.350997924804688,12.309570312500002,469.84375,0.00235125,5.236328125,39.106,
0,15,,,2.3632049560546875,12.373046875000002,470.234375,0.0023634375,5.2357421875000005,39.14,
0,15,,,2.3632049560546875,12.373046875000002,470.66406250000006,0.0023634375,5.2357421875000005,39.174,
0,15,,,2.3628234863281254,12.373046875000002,471.09375000000006,0.002363125,5.236523437500001,39.208,
0,15,,,2.3479461669921875,12.293701171875002,471.5234375000001,0.0023481250000000004,5.236523437500001,39.242,
0,15,,,2.3479461669921875,12.293701171875002,471.91406250000006,0.0023481250000000004,5.236523437500001,39.276,
0,15,,,2.3708343505859375,12.413330078125002,472.34375000000006,0.00237125,5.2357421875000005,39.31,
0,15,,,2.3540496826171875,12.327880859375002,472.7734375,0.0023540625000000003,5.237500000000001,39.344,
0,15,,,2.3540496826171875,12.327880859375002,473.18359375000006,0.0023540625000000003,5.237500000000001,39.378,
0,15,,,2.3406982421875,12.253417968750002,473.57421875000006,0.0023409375,5.2353515625,39.412,
0,15,,,2.3578643798828125,12.344970703125002,474.00390625000006,0.002358125,5.2357421875000005,39.446,
0,15,,,2.3578643798828125,12.344970703125002,474.43359375,0.002358125,5.2357421875000005,39.48,
0,15,,,2.3593902587890625,12.354736328125002,474.86328125000006,0.0023596875000000002,5.236328125,39.514,
0,15,,,2.3639678955078125,12.379150390625002,475.25390625000006,0.0023640625000000003,5.2367187500000005,39.548,
0,15,,,2.3639678955078125,12.379150390625002,475.703125,0.0023640625000000003,5.2367187500000005,39.582,
0,15,,,2.3956298828125,12.542724609375,476.13281250000006,0.0023959375,5.235546875000001,39.616,
0,15,,,2.362442016601563,12.369384765625002,476.54296875,0.0023625,5.2359375,39.65,
0,15,,,2.362442016601563,12.369384765625002,476.97265625,0.0023625,5.2359375,39.684,
0,15,,,2.332305908203125,12.210693359375002,477.36328125,0.0023325000000000004,5.2359375,39.719,
0,15,,,2.3590087890625004,12.352294921875002,477.79296875000006,0.0023590625,5.236523437500001,39.753,
0,15,,,2.3590087890625004,12.352294921875002,478.22265625000006,0.0023590625,5.2357421875000005,39.787,
0,15,,,2.3807525634765625,12.463378906250002,478.6523437500001,0.0023809375000000002,5.2357421875000005,39.821,
0,15,,,2.3452758789062504,12.28271484375,479.08203125000006,0.002345625,5.237109375,39.855,
0,15,,,2.3452758789062504,12.28271484375,479.47265625,0.002345625,5.2361328125,39.889,
0,15,,,2.3860931396484375,12.491455078125002,479.90234375,0.0023862500000000003,5.2361328125,39.923,
0,15,,,2.3845672607421875,12.484130859375002,480.33203125000006,0.0023850000000000004,5.235546875000001,39.957,
0,15,,,2.3845672607421875,12.484130859375002,480.7812500000001,0.0024053125000000003,5.2367187500000005,39.991,
0,15,,,2.4051666259765625,12.59521484375,481.17187500000006,0.0024053125000000003,5.2367187500000005,40.025,
0,15,,,2.4021148681640625,12.576904296875,481.60156250000006,0.0024021875000000002,5.236523437500001,40.059,
0,15,,,2.4021148681640625,12.576904296875,482.03125,0.002366875,5.2357421875000005,40.093,
0,15,,,2.3666381835937504,12.391357421875,482.46093750000006,0.002366875,5.2357421875000005,40.127,
0,15,,,2.3784637451171875,12.454833984375002,482.85156250000006,0.0023787500000000002,5.236523437500001,40.16,
0,15,,,2.3784637451171875,12.454833984375002,483.28125000000006,0.0023309375,5.2361328125,40.194,
0,15,,,2.330780029296875,12.204589843750002,483.7109375000001,0.0023309375,5.2361328125,40.228,
0,15,,,2.3555755615234375,12.331542968750002,484.14062500000006,0.002355625,5.235546875000001,40.262,
0,15,,,2.3555755615234375,12.331542968750002,484.5117187500001,0.00233875,5.236523437500001,40.296,
0,15,,,2.3387908935546875,12.246093750000002,484.94140625000006,0.00233875,5.236523437500001,40.33,
0,15,,,2.3654937744140625,12.386474609375002,485.3710937500001,0.0023659375,5.236523437500001,40.364,
0,15,,,2.3654937744140625,12.386474609375002,485.80078125000006,0.0023775000000000003,5.2361328125,40.398,
0,15,,,2.3773193359375,12.447509765625002,486.23046875000006,0.0023775000000000003,5.2361328125,40.432,
0,15,,,2.357101440429688,12.342529296875002,486.62109375,0.0023575000000000002,5.236523437500001,40.466,
0,15,,,2.357101440429688,12.493896484375002,487.05078125000006,0.0023862500000000003,5.2367187500000005,40.5,
0,15,,,2.3860931396484375,12.493896484375002,487.48046875000006,0.0023862500000000003,5.2367187500000005,40.534,
0,15,,,2.3639678955078125,12.376708984375002,487.9101562500001,0.0023640625000000003,5.2359375,40.568,
0,15,,,2.37884521484375,12.456054687500002,488.3007812500001,0.002379375,5.236328125,40.602,
0,15,,,2.37884521484375,12.456054687500002,488.73046875000006,0.002379375,5.236328125,40.636,
0,15,,,2.387619018554688,12.502441406250002,489.17968750000006,0.0023875000000000003,5.2367187500000005,40.67,
0,15,,,2.3872375488281254,12.497558593750002,489.60937500000006,0.0023871875,5.235546875000001,40.704,
0,15,,,2.3872375488281254,12.497558593750002,490.0390625,0.0023871875,5.235546875000001,40.738,
0,15,,,2.3807525634765625,12.4658203125,490.42968750000006,0.0023809375000000002,5.2367187500000005,40.774,
0,15,,,2.307891845703125,12.083740234375002,490.8398437500001,0.0023081250000000003,5.2361328125,40.807,
0,15,,,2.307891845703125,12.083740234375002,491.26953125000006,0.0023081250000000003,5.2361328125,40.841,
0,15,,,2.3715972900390625,12.416992187500002,491.7187500000001,0.0023715625000000004,5.236523437500001,40.875,
0,15,,,2.3883819580078125,12.506103515625,492.14843750000006,0.0023884375000000004,5.236523437500001,40.909,
0,15,,,2.3883819580078125,12.506103515625,492.5195312500001,0.0023884375000000004,5.236523437500001,40.943,
0,15,,,2.3410797119140625,12.258300781250002,492.94921875000006,0.0023415625000000003,5.2361328125,40.977,
0,15,,,2.383804321289063,12.480468750000002,493.39843750000006,0.0023840625000000003,5.2359375,41.011,
0,15,,,2.383804321289063,12.480468750000002,493.80859375000006,0.0023840625000000003,5.2359375,41.045,
0,15,,,2.338409423828125,12.243652343750002,494.19921875000006,0.00233875,5.236328125,41.079,
0,15,,,2.368927001953125,12.403564453125002,494.62890625,0.0023690625,5.236523437500001,41.113,
0,15,,,2.368927001953125,12.403564453125002,495.05859375000006,0.0023690625,5.236523437500001,41.147,
0,15,,,2.366256713867188,12.387695312500002,495.48828125000006,0.0023665625,5.2353515625,41.181,
0,15,,,2.367401123046875,12.396240234375002,495.9179687500001,0.0023675000000000002,5.237109375,41.215,
0,15,,,2.367401123046875,12.396240234375002,496.30859375000006,0.0023675000000000002,5.237109375,41.249,
0,15,,,2.373504638671875,12.429199218750002,496.73828125000006,0.00237375,5.2369140625,41.283,
0,15,,,2.399063110351563,12.56103515625,497.1875000000001,0.002399375,5.2357421875000005,41.317,
0,15,,,2.399063110351563,12.56103515625,497.61718750000006,0.002399375,5.2357421875000005,41.351,
0,15,,,2.36968994140625,12.409667968750002,498.00781250000006,0.00237,5.2369140625,41.385,
0,15,,,2.376556396484375,12.445068359375,498.43750000000006,0.002376875,5.2367187500000005,41.419,
0,15,,,2.376556396484375,12.445068359375,498.8671875000001,0.002376875,5.2367187500000005,41.453,
0,15,,,2.3868560791015625,12.495117187500002,499.29687500000006,0.002386875,5.2353515625,41.487,
0,15,,,2.389144897460938,12.510986328125002,499.68750000000006,0.002389375,5.2369140625,41.521,
0,15,,,2.389144897460938,12.510986328125002,500.1171875000001,0.002389375,5.236328125,41.555,
0,15,,,2.329254150390625,12.196044921875002,500.54687500000006,0.0023293750000000003,5.236328125,41.589,
0,15,,,2.3956298828125,12.543945312500002,500.9765625,0.002395625,5.236523437500001,41.623,
0,15,,,2.3956298828125,12.543945312500002,501.3671875,0.002395625,5.237109375,41.657,
0,15,,,2.373886108398438,12.431640625000002,501.79687500000006,0.0023740625000000003,5.237109375,41.691,
0,15,,,2.3616790771484375,12.365722656250002,502.22656250000006,0.0023618750000000003,5.236328125,41.725,
0,15,,,2.3616790771484375,12.365722656250002,502.6562500000001,0.0023815625,5.2361328125,41.759,
0,15,,,2.381134033203125,12.468261718750002,503.0468750000001,0.0023815625,5.2361328125,41.793,
0,15,,,2.358245849609375,12.35107421875,503.47656250000006,0.0023584375000000003,5.237500000000001,41.827,
0,15,,,2.358245849609375,12.35107421875,503.90625,0.0023575000000000002,5.236523437500001,41.861,
0,15,,,2.357101440429688,12.342529296875002,504.35546875000006,0.0023575000000000002,5.236523437500001,41.895,
0,15,,,2.3971557617187504,12.551269531250002,504.78515625,0.0023971875,5.236328125,41.929,
0,15,,,2.3971557617187504,12.551269531250002,505.19531250000006,0.0023481250000000004,5.2359375,41.963,
0,15,,,2.3479461669921875,12.29248046875,505.5859375000001,0.0023481250000000004,5.2359375,41.997,
0,15,,,2.354812622070313,12.330322265625,506.01562500000006,0.0023553125,5.236328125,42.031,
0,15,,,2.354812622070313,12.330322265625,506.4453125,0.0023778125,5.2361328125,42.065,
0,15,,,2.377700805664063,12.449951171875002,506.87500000000006,0.0023778125,5.2361328125,42.099,
0,15,,,2.3742675781250004,12.431640625000002,507.26562500000006,0.002374375,5.2367187500000005,42.133,
0,15,,,2.3742675781250004,12.243652343750002,507.6953125,0.0023384375000000002,5.236328125,42.167,
0,15,,,2.338409423828125,12.243652343750002,508.12500000000006,0.0023384375000000002,5.236328125,42.201,
0,15,,,2.3677825927734375,12.396240234375002,508.5546875000001,0.002368125,5.235546875000001,42.235,
0,15,,,2.36968994140625,12.410888671875002,508.94531250000006,0.00237,5.2373046875,42.269,
0,15,,,2.36968994140625,12.410888671875002,509.375,0.00237,5.2373046875,42.303,
0,15,,,2.347183227539063,12.2900390625,509.80468750000006,0.0023471875000000003,5.2367187500000005,42.337,
0,15,,,2.3525238037109375,12.31689453125,510.234375,0.0023528125000000003,5.235546875000001,42.371,
0,15,,,2.3525238037109375,12.31689453125,510.625,0.0023528125000000003,5.235546875000001,42.405,
0,15,,,2.3643493652343754,12.380371093750002,511.03515625000006,0.0023646875,5.236328125,42.439,
0,15,,,2.3326873779296875,12.211914062500002,511.4648437500001,0.0023328125000000003,5.2357421875000005,42.473,
0,15,,,2.3326873779296875,12.211914062500002,511.89453125000006,0.0023328125000000003,5.2357421875000005,42.507,
0,15,,,2.368545532226563,12.401123046875002,512.28515625,0.00236875,5.2359375,42.541,
0,15,,,2.354812622070313,12.331542968750002,512.7148437500001,0.0023550000000000003,5.2369140625,42.575,
0,15,,,2.354812622070313,12.331542968750002,513.125,0.0023550000000000003,5.2369140625,42.609,
0,15,,,2.3288726806640625,12.193603515625002,513.5546875,0.0023290625000000004,5.2359375,42.643,
0,15,,,2.3937225341796875,12.532958984375002,514.00390625,0.0023940625000000004,5.2361328125,42.677,
0,15,,,2.3937225341796875,12.532958984375002,514.3945312500001,0.0023940625000000004,5.2361328125,42.711,
0,15,,,2.354812622070313,12.332763671875002,514.8242187500001,0.0023546875,5.2376953125000005,42.745,
0,15,,,2.3334503173828125,12.218017578125002,515.234375,0.0023337500000000003,5.2359375,42.779,
0,15,,,2.3334503173828125,12.218017578125002,515.6640625000001,0.0023337500000000003,5.2359375,42.813,
0,15,,,2.3593902587890625,12.353515625,516.0546875,0.0023596875000000002,5.236328125,42.847,
0,15,,,2.3262023925781254,12.181396484375002,516.484375,0.00232625,5.2373046875,42.882,
0,15,,,2.3262023925781254,12.181396484375002,516.8945312500001,0.00232625,5.2373046875,42.916,
0,15,,,2.35748291015625,12.34375,517.3242187500001,0.0023575000000000002,5.2367187500000005,42.95,
0,15,,,2.345657348632813,12.283935546875002,517.7539062500001,0.0023459375000000004,5.2369140625,42.983,
0,15,,,2.345657348632813,12.283935546875002,518.14453125,0.0023459375000000004,5.2369140625,43.017,
0,15,,,2.3372650146484375,12.23876953125,518.5742187500001,0.0023375,5.2367187500000005,43.051,
0,15,,,2.358245849609375,12.347412109375,518.984375,0.0023584375000000003,5.2359375,43.085,
0,15,,,2.358245849609375,12.347412109375,519.4140625,0.0023584375000000003,5.2359375,43.119,
0,15,,,2.3693084716796875,12.409667968750002,519.8242187500001,0.0023693750000000004,5.2376953125000005,43.153,
0,15,,,2.3708343505859375,12.415771484375002,520.2539062500001,0.00237125,5.2369140625,43.187,
0,15,,,2.3708343505859375,12.415771484375002,520.6640625000001,0.00237125,5.2369140625,43.221,
0,15,,,2.3475646972656254,12.29248046875,521.09375,0.0023478125,5.236523437500001,43.255,
0,15,,,2.361297607421875,12.364501953125002,521.484375,0.00236125,5.237109375,43.289,
0,15,,,2.361297607421875,12.364501953125002,521.9140625,0.00236125,5.235546875000001,43.323,
0,15,,,2.3773193359375,12.446289062500002,522.36328125,0.0023775000000000003,5.235546875000001,43.357,
0,15,,,2.3670196533203125,12.396240234375002,522.7734375,0.0023671875000000004,5.2376953125000005,43.391,
0,15,,,2.3670196533203125,12.396240234375002,523.2031250000001,0.0023671875000000004,5.2367187500000005,43.425,
0,15,,,2.3464202880859375,12.287597656250002,523.5937500000001,0.0023465625,5.2367187500000005,43.459,
0,15,,,2.350997924804688,12.310791015625002,524.0234375,0.00235125,5.236523437500001,43.493,
0,15,,,2.350997924804688,12.310791015625002,524.4531250000001,0.0023534375,5.237109375,43.527,
0,15,,,2.353286743164063,12.324218750000002,524.8828125,0.0023534375,5.237109375,43.561,
0,15,,,2.35748291015625,12.342529296875002,525.2734375,0.0023578125,5.235546875000001,43.595,
0,15,,,2.35748291015625,12.342529296875002,525.703125,0.00236,5.236328125,43.629,
0,15,,,2.359771728515625,12.355957031250002,526.1132812500001,0.00236,5.236328125,43.663,
0,15,,,2.34832763671875,12.296142578125002,526.5429687500001,0.0023484375000000003,5.2359375,43.697,
0,15,,,2.34832763671875,12.296142578125002,526.93359375,0.0023734375,5.236523437500001,43.731,
0,15,,,2.373504638671875,12.427978515625,527.3632812500001,0.0023734375,5.236523437500001,43.765,
0,15,,,2.335739135742188,12.230224609375002,527.79296875,0.0023359375000000003,5.236523437500001,43.799,
0,15,,,2.335739135742188,12.230224609375002,528.22265625,0.0023962500000000004,5.2359375,43.833,
0,15,,,2.3960113525390625,12.545166015625002,528.65234375,0.0023962500000000004,5.2359375,43.867,
0,15,,,2.3731231689453125,12.427978515625,529.0429687500001,0.0023734375,5.237109375,43.902,
0,15,,,2.3490905761718754,12.2998046875,529.4726562500001,0.0023493750000000003,5.2359375,43.936,
0,15,,,2.3490905761718754,12.2998046875,529.9023437500001,0.0023493750000000003,5.2359375,43.97,
0,15,,,2.358245849609375,12.344970703125002,530.3320312500001,0.0023584375000000003,5.23515625,44.004,
0,15,,,2.358627319335938,12.349853515625002,530.76171875,0.00235875,5.236328125,44.038,
0,15,,,2.358627319335938,12.349853515625002,531.15234375,0.00235875,5.236328125,44.072,
0,15,,,2.3719787597656254,12.419433593750002,531.58203125,0.0023721875,5.236328125,44.106,
0,15,,,2.375030517578125,12.435302734375,532.0117187500001,0.0023753125000000003,5.2361328125,44.14,
0,15,,,2.375030517578125,12.435302734375,532.4414062500001,0.0023753125000000003,5.2361328125,44.174,
0,15,,,2.3643493652343754,12.381591796875,532.8320312500001,0.0023646875,5.236523437500001,44.208,
0,15,,,2.3670196533203125,12.393798828125002,533.2617187500001,0.0023671875000000004,5.2359375,44.242,
0,15,,,2.3670196533203125,12.393798828125002,533.69140625,0.0023671875000000004,5.2359375,44.276,
0,15,,,2.3258209228515625,12.176513671875,534.1015625000001,0.0023259375000000003,5.2359375,44.31,
0,15,,,2.3342132568359375,12.2216796875,534.4921875,0.002334375,5.236328125,44.344,
0,15,,,2.3342132568359375,12.2216796875,534.9218750000001,0.002334375,5.236328125,44.378,
0,15,,,2.3555755615234375,12.331542968750002,535.3515625,0.002355625,5.2357421875000005,44.412,
0,15,,,2.3860931396484375,12.493896484375002,535.7812500000001,0.0023862500000000003,5.236523437500001,44.446,
0,15,,,2.3860931396484375,12.493896484375002,536.1914062500001,0.0023862500000000003,5.236523437500001,44.48,
0,15,,,2.33154296875,12.20703125,536.6015625,0.0023315625000000003,5.2361328125,44.514,
0,15,,,2.381134033203125,12.467041015625002,537.0312500000001,0.00238125,5.2359375,44.548,
0,15,,,2.381134033203125,12.467041015625002,537.44140625,0.00238125,5.2359375,44.582,
0,15,,,2.339553833007813,12.249755859375002,537.8710937500001,0.0023396875,5.2367187500000005,44.616,
0,15,,,2.33306884765625,12.215576171875002,538.2617187500001,0.002333125,5.2361328125,44.65,
0,15,,,2.33306884765625,12.215576171875002,538.6914062500001,0.002333125,5.2361328125,44.684,
0,15,,,2.362442016601563,12.368164062500002,539.1210937500001,0.0023625,5.235546875000001,44.718,
0,15,,,2.357101440429688,12.342529296875002,539.55078125,0.0023571875000000003,5.2367187500000005,44.752,
0,15,,,2.357101440429688,12.342529296875002,539.9609375000001,0.0023571875000000003,5.2367187500000005,44.786,
0,15,,,2.3475646972656254,12.2900390625,540.3515625,0.0023475,5.2359375,44.82,
0,15,,,2.343368530273438,12.26806640625,540.7812500000001,0.0023434375,5.235546875000001,44.854,
0,15,,,2.343368530273438,12.26806640625,541.2109375,0.0023434375,5.235546875000001,44.888,
0,15,,,2.362442016601563,12.373046875000002,541.6406250000001,0.0023628125000000003,5.237109375,44.922,
0,15,,,2.362060546875,12.366943359375,542.0703125,0.0023625,5.235546875000001,44.957,
0,15,,,2.362060546875,12.366943359375,542.4609375,0.0023625,5.2359375,44.991,
0,15,,,2.3746490478515625,12.431640625000002,542.8906250000001,0.0023746875,5.2359375,45.025,
0,15,,,2.3719787597656254,12.419433593750002,543.3203125,0.0023721875,5.236328125,45.059,
0,15,,,2.3719787597656254,12.419433593750002,543.7500000000001,0.0023915625,5.236523437500001,45.093,
0,15,,,2.391433715820313,12.52197265625,544.140625,0.0023915625,5.236523437500001,45.126,
0,15,,,2.366256713867188,12.39013671875,544.5703125000001,0.0023665625,5.236328125,45.16,
0,15,,,2.366256713867188,12.39013671875,545.0,0.0023615625000000004,5.236523437500001,45.194,
0,15,,,2.361297607421875,12.365722656250002,545.4296875000001,0.0023615625000000004,5.236523437500001,45.228,
0,15,,,2.391433715820313,12.520751953125002,545.83984375,0.0023915625,5.2361328125,45.262,
0,15,,,2.391433715820313,12.520751953125002,546.26953125,0.0023965625000000003,5.235546875000001,45.296,
0,15,,,2.396392822265625,12.54638671875,546.69921875,0.0023965625000000003,5.235546875000001,45.33,
0,15,,,2.352142333984375,12.318115234375002,547.1289062500001,0.0023525,5.2369140625,45.364,
0,15,,,2.352142333984375,12.318115234375002,547.55859375,0.0023709375,5.2361328125,45.398,
0,15,,,2.3708343505859375,12.413330078125002,547.94921875,0.0023709375,5.2361328125,45.432,
0,15,,,2.36358642578125,12.376708984375002,548.3789062500001,0.0023637500000000004,5.236328125,45.466,
0,15,,,2.36358642578125,12.376708984375002,548.7890625,0.0023462500000000002,5.2367187500000005,45.5,
0,15,,,2.346038818359375,12.283935546875002,549.2382812500001,0.0023462500000000002,5.2367187500000005,45.534,
0,15,,,2.3975372314453125,12.554931640625002,549.62890625,0.0023978125,5.236523437500001,45.568,
0,15,,,2.339553833007813,12.247314453125002,550.0585937500001,0.0023396875,5.23515625,45.602,
0,15,,,2.339553833007813,12.247314453125002,550.48828125,0.0023396875,5.23515625,45.636,
0,15,,,2.366256713867188,12.388916015625002,550.8984375000001,0.0023662500000000003,5.236328125,45.67,
0,15,,,2.387619018554688,12.503662109375,551.3085937500001,0.0023878125,5.237109375,45.704,
0,15,,,2.387619018554688,12.503662109375,551.71875,0.0023878125,5.237109375,45.738,
0,15,,,2.346038818359375,12.283935546875002,552.1484375,0.0023462500000000002,5.236328125,45.772,
0,15,,,2.3578643798828125,12.348632812500002,552.578125,0.002358125,5.237109375,45.806,
0,15,,,2.3578643798828125,12.348632812500002,552.9687500000001,0.002358125,5.237109375,45.84,
0,15,,,2.364730834960938,12.380371093750002,553.3984375000001,0.0023646875,5.236328125,45.874,
0,15,,,2.353668212890625,12.324218750000002,553.8281250000001,0.0023537500000000004,5.2367187500000005,45.908,
0,15,,,2.353668212890625,12.324218750000002,554.2578125000001,0.0023537500000000004,5.2367187500000005,45.942,
0,15,,,2.3475646972656254,12.293701171875002,554.6484375,0.0023478125,5.2369140625,45.976,
0,15,,,2.360916137695313,12.362060546875002,555.078125,0.0023609375,5.2367187500000005,46.011,
0,15,,,2.360916137695313,12.362060546875002,555.5078125,0.0023609375,5.2367187500000005,46.045,
0,15,,,2.3479461669921875,12.293701171875002,555.9179687500001,0.0023478125,5.2367187500000005,46.079,
0,15,,,2.3796081542968754,12.459716796875002,556.3671875000001,0.0023796875000000003,5.2367187500000005,46.113,
0,15,,,2.3796081542968754,12.459716796875002,556.7968750000001,0.0023796875000000003,5.2367187500000005,46.147,
0,15,,,2.383804321289063,12.481689453125,557.1875000000001,0.00238375,5.236523437500001,46.18,
0,15,,,2.3334503173828125,12.220458984375002,557.59765625,0.0023337500000000003,5.2373046875,46.214,
0,15,,,2.3334503173828125,12.220458984375002,558.046875,0.0023337500000000003,5.2373046875,46.248,
0,15,,,2.3960113525390625,12.54638671875,558.4765625,0.0023959375,5.2367187500000005,46.282,
0,15,,,2.404403686523438,12.589111328125,558.8671875000001,0.0024046875,5.2361328125,46.316,
0,15,,,2.404403686523438,12.589111328125,559.2968750000001,0.0024046875,5.2361328125,46.35,
0,15,,,2.3731231689453125,12.427978515625,559.7265625000001,0.0023734375,5.2367187500000005,46.384,
0,15,,,2.342987060546875,12.266845703125002,560.15625,0.002343125,5.2361328125,46.418,
0,15,,,2.342987060546875,12.266845703125002,560.546875,0.002343125,5.2361328125,46.452,
0,15,,,2.3643493652343754,12.381591796875,560.9765625,0.0023646875,5.2367187500000005,46.486,
0,15,,,2.3311614990234375,12.208251953125,561.38671875,0.0023315625000000003,5.2369140625,46.52,
0,15,,,2.3311614990234375,12.208251953125,561.8359375,0.0023315625000000003,5.2369140625,46.554,
0,15,,,2.382659912109375,12.4755859375,562.2265625000001,0.0023831250000000003,5.2361328125,46.588,
0,15,,,2.3712158203125,12.415771484375002,562.6562500000001,0.00237125,5.2367187500000005,46.622,
0,15,,,2.3712158203125,12.415771484375002,563.0859375,0.00237125,5.2367187500000005,46.656,
0,15,,,2.365875244140625,12.387695312500002,563.5156250000001,0.0023659375,5.2367187500000005,46.69,
0,15,,,2.362060546875,12.366943359375,563.9453125,0.0023621875,5.2357421875000005,46.724,
0,15,,,2.362060546875,12.366943359375,564.3359375,0.0023621875,5.237109375,46.758,
0,15,,,2.3845672607421875,12.486572265625002,564.765625,0.0023846875,5.237109375,46.792,
0,15,,,2.33154296875,12.209472656250002,565.1757812500001,0.002331875,5.2369140625,46.826,
0,15,,,2.33154296875,12.209472656250002,565.6054687500001,0.0023684375000000003,5.2361328125,46.86,
0,15,,,2.3681640625000004,12.398681640625002,565.99609375,0.0023684375000000003,5.2361328125,46.894,
0,15,,,2.3372650146484375,12.23876953125,566.4257812500001,0.0023371875000000003,5.2369140625,46.928,
0,15,,,2.3372650146484375,12.23876953125,566.85546875,0.0023528125000000003,5.2359375,46.962,
0,15,,,2.3529052734375004,12.318115234375002,567.28515625,0.0023528125000000003,5.2359375,46.996,
0,15,,,2.3605346679687504,12.359619140625,567.6757812500001,0.0023606250000000003,5.236523437500001,47.031,
0,15,,,2.3605346679687504,12.359619140625,568.1445312500001,0.0023628125000000003,5.237109375,47.065,
0,15,,,2.3628234863281254,12.373046875000002,568.5156250000001,0.0023628125000000003,5.237109375,47.099,
0,15,,,2.3616790771484375,12.366943359375,568.9648437500001,0.0023618750000000003,5.2367187500000005,47.133,
0,15,,,2.3616790771484375,12.366943359375,569.3750000000001,0.0023606250000000003,5.2367187500000005,47.167,
0,15,,,2.3605346679687504,12.36083984375,569.8046875,0.0023606250000000003,5.2367187500000005,47.201,
0,15,,,2.3475646972656254,12.291259765625002,570.1953125,0.0023478125,5.2361328125,47.235,
0,15,,,2.34222412109375,12.264404296875002,570.625,0.0023425000000000004,5.2367187500000005,47.269,
0,15,,,2.34222412109375,12.264404296875002,571.0546875000001,0.0023425000000000004,5.2367187500000005,47.303,
0,15,,,2.376174926757813,12.441406250000002,571.484375,0.0023762500000000003,5.236523437500001,47.337,
0,15,,,2.353668212890625,12.326660156250002,571.875,0.0023537500000000004,5.2376953125000005,47.371,
0,15,,,2.353668212890625,12.326660156250002,572.3046875000001,0.0023537500000000004,5.2376953125000005,47.405,
0,15,,,2.3792266845703125,12.45849609375,572.734375,0.002379375,5.236523437500001,47.439,
0,15,,,2.353286743164063,12.324218750000002,573.1640625000001,0.0023537500000000004,5.237109375,47.473,
0,15,,,2.353286743164063,12.324218750000002,573.5546875,0.0023537500000000004,5.237109375,47.507,
0,15,,,2.3693084716796875,12.407226562500002,573.9843750000001,0.0023696875000000003,5.2367187500000005,47.541,
0,15,,,2.360916137695313,12.362060546875002,574.4140625,0.00236125,5.2361328125,47.575,
0,15,,,2.360916137695313,12.362060546875002,574.8437500000001,0.00236125,5.2361328125,47.609,
0,15,,,2.364730834960938,12.384033203125,575.2343750000001,0.0023650000000000003,5.2369140625,47.643,
0,15,,,2.3944854736328125,12.539062500000002,575.6640625,0.0023946875,5.2369140625,47.677,
0,15,,,2.3944854736328125,12.539062500000002,576.0937500000001,0.0023946875,5.2369140625,47.711,
0,15,,,2.39410400390625,12.5341796875,576.5234375,0.0023943750000000002,5.2359375,47.745,
0,15,,,2.357101440429688,12.342529296875002,576.9531250000001,0.0023575000000000002,5.236523437500001,47.779,
0,15,,,2.357101440429688,12.342529296875002,577.34375,0.0023575000000000002,5.236523437500001,47.813,
0,15,,,2.347183227539063,12.291259765625002,577.7734375000001,0.0023475,5.236523437500001,47.847,
0,15,,,2.386474609375,12.495117187500002,578.203125,0.002386875,5.2359375,47.881,
0,15,,,2.386474609375,12.495117187500002,578.6328125000001,0.002386875,5.2359375,47.915,
0,15,,,2.383804321289063,12.481689453125,579.0234375000001,0.0023840625000000003,5.2361328125,47.949,
0,15,,,2.3349761962890625,12.226562500000002,579.453125,0.0023350000000000003,5.236523437500001,47.983,
0,15,,,2.3349761962890625,12.226562500000002,579.8828125000001,0.0023350000000000003,5.236523437500001,48.017,
0,15,,,2.362060546875,12.368164062500002,580.3125000000001,0.0023625,5.2359375,48.051,
0,15,,,2.3704528808593754,12.412109375,580.7421875000001,0.0023706250000000003,5.236328125,48.086,
0,15,,,2.3704528808593754,12.412109375,581.1718750000001,0.0023706250000000003,5.236328125,48.12,
0,15,,,2.3464202880859375,12.286376953125,581.5625000000001,0.002346875,5.236328125,48.154,
0,15,,,2.3677825927734375,12.3974609375,581.9921875,0.002368125,5.2361328125,48.188,
0,15,,,2.3677825927734375,12.3974609375,582.421875,0.002368125,5.2361328125,48.222,
0,15,,,2.3628234863281254,12.373046875000002,582.83203125,0.002363125,5.2367187500000005,48.256,
0,15,,,2.354812622070313,12.332763671875002,583.2226562500001,0.0023553125,5.2373046875,48.29,
0,15,,,2.354812622070313,12.332763671875002,583.6523437500001,0.0023553125,5.2361328125,48.324,
0,15,,,2.3632049560546875,12.373046875000002,584.08203125,0.0023634375,5.2361328125,48.358,
0,15,,,2.364730834960938,12.382812500000002,584.5312500000001,0.0023650000000000003,5.2367187500000005,48.392,
0,16,,,2.364730834960938,12.382812500000002,584.94140625,0.0023650000000000003,5.236328125,48.426,
0,16,,,2.3082733154296875,12.087402343750002,586.2304687500001,0.0023084375,5.2369140625,48.535,
0,16,,,2.3082733154296875,12.087402343750002,586.6601562500001,0.0023084375,5.2369140625,48.569,
0,16,,,2.350997924804688,12.310791015625002,587.0898437500001,0.00235125,5.236523437500001,48.603,
0,16,,,2.344512939453125,12.276611328125002,587.4609375000001,0.0023446875,5.2369140625,48.637,
0,16,,,2.344512939453125,12.276611328125002,587.890625,0.0023446875,5.2369140625,48.671,
0,16,,,2.3616790771484375,12.368164062500002,588.3203125,0.0023618750000000003,5.2369140625,48.705,
0,16,,,2.3418426513671875,12.264404296875002,588.75,0.0023421875,5.237109375,48.739,
0,16,,,2.3418426513671875,12.264404296875002,589.1796875,0.0023421875,5.237109375,48.773,
0,16,,,2.347183227539063,12.2900390625,589.5703125000001,0.0023471875000000003,5.2367187500000005,48.807,
0,16,,,2.3555755615234375,12.333984375000002,589.9804687500001,0.002355625,5.236328125,48.841,
0,16,,,2.3555755615234375,12.333984375000002,590.41015625,0.002355625,5.236328125,48.875,
0,16,,,2.3273468017578125,12.187500000000002,590.8398437500001,0.0023275,5.2367187500000005,48.909,
0,16,,,2.344512939453125,12.275390625,591.2304687500001,0.002344375,5.236523437500001,48.943,
0,16,,,2.344512939453125,12.275390625,591.640625,0.002344375,5.236523437500001,48.977,
0,16,,,2.3365020751953125,12.232666015625002,592.0703125000001,0.0023365625,5.2359375,49.011,
0,16,,,2.349853515625,12.304687500000002,592.5000000000001,0.0023503125000000004,5.236328125,49.045,
0,16,,,2.349853515625,12.304687500000002,592.8906250000001,0.0023503125000000004,5.236328125,49.079,
0,16,,,2.344512939453125,12.277832031250002,593.3007812500001,0.0023450000000000003,5.2367187500000005,49.113,
0,16,,,2.323150634765625,12.164306640625,593.73046875,0.002323125,5.2367187500000005,49.147,
0,16,,,2.323150634765625,12.164306640625,594.1601562500001,0.002323125,5.2367187500000005,49.182,
0,16,,,2.3303985595703125,12.200927734375,594.58984375,0.0023303125000000004,5.2361328125,49.216,
0,16,,,2.3578643798828125,12.349853515625002,595.0000000000001,0.002358125,5.2373046875,49.25,
0,16,,,2.3578643798828125,12.349853515625002,595.3906250000001,0.002358125,5.237109375,49.284,
0,16,,,2.3365020751953125,12.236328125000002,595.8203125000001,0.0023365625,5.237109375,49.318,
0,16,,,2.33612060546875,12.232666015625002,596.2500000000001,0.0023362500000000002,5.237109375,49.352,
0,16,,,2.33612060546875,12.232666015625002,596.6796875,0.0023621875,5.2361328125,49.386,
0,16,,,2.362060546875,12.368164062500002,597.05078125,0.0023621875,5.2361328125,49.42,
0,16,,,2.2998809814453125,12.042236328125,597.48046875,0.0023000000000000004,5.236328125,49.454,
0,16,,,2.2998809814453125,12.042236328125,597.8906250000001,0.0023259375000000003,5.2359375,49.488,
0,16,,,2.3258209228515625,12.176513671875,598.3203125000001,0.0023259375000000003,5.2359375,49.522,
0,16,,,2.325439453125,12.175292968750002,598.6914062500001,0.002325625,5.2361328125,49.556,
0,16,,,2.325439453125,12.175292968750002,599.12109375,0.00235125,5.2367187500000005,49.59,
0,16,,,2.350997924804688,12.310791015625002,599.55078125,0.00235125,5.2367187500000005,49.624,
0,16,,,2.32086181640625,12.1533203125,599.98046875,0.0023212500000000004,5.2367187500000005,49.658,
0,16,,,2.32086181640625,12.1533203125,600.3515625000001,0.0023337500000000003,5.236523437500001,49.692,
0,16,,,2.3334503173828125,12.219238281250002,600.78125,0.0023337500000000003,5.236523437500001,49.726,
0,16,,,2.3311614990234375,12.20703125,601.1914062500001,0.0023315625000000003,5.2361328125,49.76,
0,16,,,2.3311614990234375,12.20703125,601.6210937500001,0.0023390625,5.2369140625,49.794,
0,16,,,2.3387908935546875,12.248535156250002,602.05078125,0.0023390625,5.2369140625,49.828,
0,16,,,2.3235321044921875,12.165527343750002,602.4218750000001,0.0023237500000000003,5.2361328125,49.862,
0,16,,,2.30865478515625,12.089843750000002,602.8515625000001,0.0023090625000000004,5.2367187500000005,49.896,
0,16,,,2.30865478515625,12.089843750000002,603.2617187500001,0.0023090625000000004,5.2367187500000005,49.93,
0,16,,,2.3059844970703125,12.073974609375002,603.6914062500001,0.00230625,5.2359375,49.964,
0,16,,,2.3109436035156254,12.100830078125002,604.0625000000001,0.0023109375,5.2367187500000005,49.998,
0,16,,,2.3109436035156254,12.100830078125002,604.4921875,0.0023109375,5.2367187500000005,50.032,
0,16,,,2.35748291015625,12.34375,604.921875,0.0023575000000000002,5.236328125,50.066,
0,16,,,2.32391357421875,12.169189453125002,605.3515625000001,0.002324375,5.2367187500000005,50.1,
0,16,,,2.32391357421875,12.169189453125002,605.7226562500001,0.002324375,5.2367187500000005,50.134,
0,16,,,2.3475646972656254,12.29248046875,606.15234375,0.0023478125,5.236328125,50.168,
0,16,,,2.3136138916015625,12.115478515625,606.5820312500001,0.0023140625,5.2367187500000005,50.202,
0,16,,,2.3136138916015625,12.115478515625,606.9921875000001,0.0023140625,5.2367187500000005,50.237,
0,16,,,2.3517608642578125,12.312011718750002,607.421875,0.0023518750000000002,5.2359375,50.271,
0,16,,,2.3147583007812504,12.121582031250002,607.8515625,0.0023150000000000002,5.2369140625,50.304,
0,16,,,2.3147583007812504,12.121582031250002,608.2421875000001,0.0023150000000000002,5.2369140625,50.338,
0,16,,,2.362060546875,12.369384765625002,608.6523437500001,0.0023625,5.236523437500001,50.372,
0,16,,,2.3227691650390625,12.165527343750002,609.08203125,0.002323125,5.2373046875,50.406,
0,16,,,2.3227691650390625,12.165527343750002,609.5117187500001,0.002323125,5.2373046875,50.44,
0,16,,,2.3334503173828125,12.218017578125002,609.8828125000001,0.0023337500000000003,5.2361328125,50.474,
0,16,,,2.329254150390625,12.196044921875002,610.3125,0.0023293750000000003,5.236328125,50.508,
0,16,,,2.329254150390625,12.196044921875002,610.7421875000001,0.0023293750000000003,5.236328125,50.542,
0,16,,,2.345657348632813,12.283935546875002,611.1523437500001,0.002345625,5.237109375,50.576,
0,16,,,2.3338317871093754,12.2216796875,611.5429687500001,0.0023337500000000003,5.2373046875,50.61,
0,16,,,2.3338317871093754,12.2216796875,611.9726562500001,0.0023337500000000003,5.2373046875,50.644,
0,16,,,2.3338317871093754,12.220458984375002,612.40234375,0.0023337500000000003,5.2367187500000005,50.678,
0,16,,,2.33154296875,12.20703125,612.8125000000001,0.0023315625000000003,5.236328125,50.712,
0,16,,,2.33154296875,12.20703125,613.2421875,0.0023315625000000003,5.236328125,50.746,
0,16,,,2.325439453125,12.178955078125002,613.6328125000001,0.002325625,5.2373046875,50.78,
0,16,,,2.3628234863281254,12.373046875000002,614.0625000000001,0.002363125,5.236328125,50.814,
0,16,,,2.3628234863281254,12.373046875000002,614.4726562500001,0.002363125,5.236328125,50.848,
0,16,,,2.33306884765625,12.218017578125002,614.9023437500001,0.002333125,5.2373046875,50.882,
0,16,,,2.3258209228515625,12.178955078125002,615.2929687500001,0.00232625,5.2367187500000005,50.916,
0,16,,,2.3258209228515625,12.178955078125002,615.703125,0.00232625,5.2369140625,50.95,
0,16,,,2.3365020751953125,12.236328125000002,616.1328125000001,0.002336875,5.2369140625,50.984,
0,16,,,2.360916137695313,12.362060546875002,616.5625000000001,0.0023609375,5.2369140625,51.018,
0,16,,,2.360916137695313,12.362060546875002,616.9531250000001,0.0023609375,5.237109375,51.052,
0,16,,,2.313232421875,12.113037109375002,617.3632812500001,0.0023134375000000004,5.237109375,51.086,
0,16,,,2.3376464843750004,12.243652343750002,617.7929687500001,0.0023381250000000004,5.237500000000001,51.12,
0,16,,,2.3376464843750004,12.243652343750002,618.2226562500001,0.0023390625,5.236523437500001,51.154,
0,16,,,2.3387908935546875,12.247314453125002,618.61328125,0.0023390625,5.236523437500001,51.188,
0,16,,,2.352142333984375,12.31689453125,619.0234375000001,0.0023521875,5.237109375,51.222,
0,16,,,2.352142333984375,12.31689453125,619.4531250000001,0.0023290625000000004,5.236328125,51.256,
0,16,,,2.3288726806640625,12.19482421875,619.8828125000001,0.0023290625000000004,5.236328125,51.291,
0,16,,,2.3235321044921875,12.16796875,620.2929687500001,0.0023237500000000003,5.2369140625,51.325,
0,16,,,2.3235321044921875,12.16796875,620.7226562500001,0.0023684375000000003,5.236328125,51.359,
0,16,,,2.368545532226563,12.401123046875002,621.1132812500001,0.0023684375000000003,5.236328125,51.393,
0,16,,,2.31170654296875,12.104492187500002,621.5234375,0.002311875,5.236328125,51.427,
0,16,,,2.31170654296875,12.104492187500002,621.9531250000001,0.0023390625,5.236523437500001,51.461,
0,16,,,2.33917236328125,12.247314453125002,622.3828125000001,0.0023390625,5.236523437500001,51.495,
0,16,,,2.3464202880859375,12.286376953125,622.7734375000001,0.0023465625,5.236523437500001,51.529,
0,16,,,2.335739135742188,12.230224609375002,623.1835937500001,0.0023359375000000003,5.236523437500001,51.563,
0,16,,,2.335739135742188,12.230224609375002,623.61328125,0.0023359375000000003,5.236523437500001,51.597,
0,16,,,2.3273468017578125,12.186279296875002,624.0429687500001,0.0023275,5.236328125,51.631,
0,16,,,2.3418426513671875,12.261962890625,624.47265625,0.0023421875,5.2361328125,51.665,
0,16,,,2.3418426513671875,12.261962890625,624.8437500000001,0.0023421875,5.2361328125,51.699,
0,16,,,2.3349761962890625,12.226562500000002,625.2734375000001,0.0023353125,5.236523437500001,51.733,
0,16,,,2.342987060546875,12.269287109375,625.7031250000001,0.0023434375,5.236328125,51.767,
0,16,,,2.342987060546875,12.269287109375,626.1132812500001,0.0023434375,5.236328125,51.801,
0,16,,,2.3113250732421875,12.103271484375,626.5039062500001,0.0023115625000000002,5.2367187500000005,51.835,
0,16,,,2.332305908203125,12.213134765625002,626.93359375,0.0023321875,5.237109375,51.869,
0,16,,,2.332305908203125,12.213134765625002,627.3437500000001,0.0023321875,5.237109375,51.903,
0,16,,,2.3376464843750004,12.241210937500002,627.7734375000001,0.0023381250000000004,5.236328125,51.937,
0,16,,,2.3529052734375004,12.320556640625,628.1640625000001,0.0023528125000000003,5.2369140625,51.971,
0,16,,,2.3529052734375004,12.320556640625,628.5937500000001,0.0023528125000000003,5.2369140625,52.005,
0,16,,,2.368545532226563,12.403564453125002,629.0234375000001,0.00236875,5.236523437500001,52.039,
0,16,,,2.3258209228515625,12.178955078125002,629.4335937500001,0.00232625,5.236523437500001,52.073,
0,16,,,2.3258209228515625,12.178955078125002,629.82421875,0.00232625,5.236523437500001,52.107,
0,16,,,2.3300170898437504,12.199707031250002,630.2539062500001,0.0023303125000000004,5.2359375,52.14,
0,16,,,2.33917236328125,12.248535156250002,630.6835937500001,0.0023393750000000003,5.2367187500000005,52.174,
0,16,,,2.33917236328125,12.248535156250002,631.0937500000001,0.0023393750000000003,5.2367187500000005,52.209,
0,16,,,2.3338317871093754,12.218017578125002,631.4843750000001,0.0023337500000000003,5.2357421875000005,52.243,
0,16,,,2.353668212890625,12.322998046875,631.9140625,0.0023537500000000004,5.236328125,52.277,
0,16,,,2.353668212890625,12.322998046875,632.3437500000001,0.0023537500000000004,5.236328125,52.311,
0,16,,,2.3342132568359375,12.222900390625002,632.75390625,0.002334375,5.2369140625,52.346,
0,16,,,2.3288726806640625,12.193603515625002,633.1835937500001,0.0023290625000000004,5.2361328125,52.38,
0,16,,,2.3288726806640625,12.193603515625002,633.5937500000001,0.0023290625000000004,5.2361328125,52.414,
0,16,,,2.3067474365234375,12.078857421875,633.984375,0.0023068750000000003,5.2369140625,52.448,
0,16,,,2.328109741210938,12.191162109375,634.4140625000001,0.0023284375,5.2361328125,52.482,
0,16,,,2.328109741210938,12.191162109375,634.8242187500001,0.0023284375,5.2361328125,52.516,
0,16,,,2.3342132568359375,12.2216796875,635.25390625,0.002334375,5.236523437500001,52.55,
0,16,,,2.3948669433593754,12.542724609375,635.68359375,0.0023953125000000003,5.2373046875,52.584,
0,16,,,2.3948669433593754,12.542724609375,636.0742187500001,0.0023953125000000003,5.2373046875,52.618,
0,16,,,2.33612060546875,12.233886718750002,636.5039062500001,0.0023362500000000002,5.2373046875,52.652,
0,16,,,2.3643493652343754,12.379150390625002,636.9335937500001,0.002364375,5.2361328125,52.686,
0,16,,,2.3643493652343754,12.379150390625002,637.3632812500001,0.0023350000000000003,5.237109375,52.72,
0,16,,,2.3349761962890625,12.227783203125002,637.7343750000001,0.0023350000000000003,5.237109375,52.754,
0,16,,,2.325439453125,12.176513671875,638.1640625,0.002325625,5.2367187500000005,52.788,
0,16,,,2.325439453125,12.176513671875,638.5937500000001,0.002324375,5.2359375,52.822,
0,16,,,2.324295043945313,12.169189453125002,639.0039062500001,0.002324375,5.2359375,52.856,
0,16,,,2.3273468017578125,12.186279296875002,639.3945312500001,0.0023275,5.237109375,52.89,
0,16,,,2.3273468017578125,12.186279296875002,639.8046875000001,0.0023171875000000002,5.236523437500001,52.924,
0,16,,,2.317047119140625,12.1337890625,640.234375,0.0023171875000000002,5.236523437500001,52.958,
0,16,,,2.2991180419921875,12.039794921875002,640.6445312500001,0.0022990625000000003,5.2373046875,52.992,
0,16,,,2.2991180419921875,12.039794921875002,641.07421875,0.0023540625000000003,5.2361328125,53.026,
0,16,,,2.3540496826171875,12.324218750000002,641.4648437500001,0.0023540625000000003,5.2361328125,53.06,
0,16,,,2.2991180419921875,12.041015625000002,641.8750000000001,0.002299375,5.2373046875,53.094,
0,16,,,2.2991180419921875,12.041015625000002,642.3046875000001,0.0023409375,5.236328125,53.128,
0,16,,,2.3406982421875,12.255859375,642.7343750000001,0.0023409375,5.236328125,53.162,
0,16,,,2.33612060546875,12.235107421875002,643.1054687500001,0.0023362500000000002,5.2373046875,53.196,
0,16,,,2.3288726806640625,12.19482421875,643.53515625,0.0023290625000000004,5.2367187500000005,53.23,
0,16,,,2.3288726806640625,12.19482421875,643.9453125000001,0.0023290625000000004,5.2367187500000005,53.264,
0,16,,,2.32086181640625,12.150878906250002,644.3750000000001,0.0023209375,5.2359375,53.298,
0,16,,,2.324676513671875,12.172851562500002,644.7656250000001,0.0023246875000000004,5.237109375,53.332,
0,16,,,2.324676513671875,12.172851562500002,645.1757812500001,0.0023246875000000004,5.237109375,53.367,
0,16,,,2.3349761962890625,12.225341796875,645.60546875,0.0023350000000000003,5.236328125,53.401,
0,16,,,2.329254150390625,12.198486328125,646.0351562500001,0.0023296875,5.237109375,53.435,
0,16,,,2.329254150390625,12.198486328125,646.4453125,0.0023296875,5.237109375,53.469,
0,16,,,2.317047119140625,12.132568359375002,646.8750000000001,0.0023171875000000002,5.2361328125,53.503,
0,16,,,2.3551940917968754,12.332763671875002,647.2656250000001,0.0023553125,5.2367187500000005,53.537,
0,16,,,2.3551940917968754,12.332763671875002,647.6757812500001,0.0023553125,5.2367187500000005,53.571,
0,16,,,2.32391357421875,12.166748046875002,648.1054687500001,0.0023240625,5.2357421875000005,53.605,
0,16,,,2.3258209228515625,12.180175781250002,648.53515625,0.00232625,5.2367187500000005,53.639,
0,16,,,2.3258209228515625,12.180175781250002,648.90625,0.00232625,5.2367187500000005,53.673,
0,16,,,2.3181915283203125,12.136230468750002,649.3359375000001,0.0023184375,5.235546875000001,53.707,
0,16,,,2.3464202880859375,12.287597656250002,649.7656250000001,0.0023465625,5.2367187500000005,53.741,
0,16,,,2.3464202880859375,12.287597656250002,650.1757812500001,0.0023465625,5.2367187500000005,53.774,
0,16,,,2.324295043945313,12.17041015625,650.5664062500001,0.002324375,5.2361328125,53.808,
0,16,,,2.360916137695313,12.363281250000002,650.9960937500001,0.0023609375,5.237109375,53.842,
0,16,,,2.360916137695313,12.363281250000002,651.4062500000001,0.0023609375,5.237109375,53.876,
0,16,,,2.309417724609375,12.093505859375002,651.8359375,0.0023093750000000002,5.2369140625,53.91,
0,16,,,2.324295043945313,12.17041015625,652.2656250000001,0.002324375,5.2367187500000005,53.944,
0,16,,,2.324295043945313,12.17041015625,652.6367187500001,0.002324375,5.2367187500000005,53.978,
0,16,,,2.3452758789062504,12.281494140625002,653.0664062500001,0.002345625,5.2367187500000005,54.012,
0,16,,,2.3300170898437504,12.200927734375,653.4960937500001,0.0023303125000000004,5.2369140625,54.046,
0,16,,,2.3300170898437504,12.200927734375,653.9257812500001,0.0023303125000000004,5.2369140625,54.08,
0,16,,,2.3338317871093754,12.219238281250002,654.296875,0.0023340625,5.2361328125,54.114,
0,16,,,2.3189544677734375,12.142333984375002,654.7265625,0.0023190625000000004,5.2367187500000005,54.148,
0,16,,,2.3189544677734375,12.142333984375002,655.1562500000001,0.0023190625000000004,5.2367187500000005,54.182,
0,16,,,2.368545532226563,12.402343750000002,655.5859375000001,0.00236875,5.236523437500001,54.216,
0,16,,,2.33306884765625,12.216796875000002,655.95703125,0.002333125,5.237109375,54.25,
0,16,,,2.33306884765625,12.216796875000002,656.3867187500001,0.002333125,5.2359375,54.284,
0,16,,,2.3147583007812504,12.119140625000002,656.81640625,0.0023150000000000002,5.2359375,54.318,
0,16,,,2.347183227539063,12.29248046875,657.2265625,0.0023471875000000003,5.2373046875,54.352,
0,16,,,2.347183227539063,12.29248046875,657.6171875000001,0.0023471875000000003,5.2367187500000005,54.386,
0,16,,,2.3380279541015625,12.243652343750002,658.0468750000001,0.0023384375000000002,5.2367187500000005,54.421,
0,16,,,2.3426055908203125,12.269287109375,658.4765625000001,0.0023428125000000003,5.237890625,54.455,
0,16,,,2.3426055908203125,12.269287109375,658.9062500000001,0.00235875,5.2367187500000005,54.489,
0,16,,,2.358627319335938,12.35107421875,659.3164062500001,0.00235875,5.2367187500000005,54.523,
0,16,,,2.3311614990234375,12.209472656250002,659.74609375,0.0023315625000000003,5.237500000000001,54.557,
0,16,,,2.3311614990234375,12.209472656250002,660.13671875,0.0023540625000000003,5.2367187500000005,54.591,
0,16,,,2.3540496826171875,12.326660156250002,660.5664062500001,0.0023540625000000003,5.2367187500000005,54.625,
0,16,,,2.3345947265625,12.225341796875,660.9765625000001,0.0023346875000000004,5.2373046875,54.659,
0,16,,,2.3345947265625,12.225341796875,661.4062500000001,0.0023415625000000003,5.236328125,54.693,
0,16,,,2.3410797119140625,12.258300781250002,661.7968750000001,0.0023415625000000003,5.236328125,54.727,
0,16,,,2.3288726806640625,12.197265625000002,662.20703125,0.0023290625000000004,5.2373046875,54.761,
0,16,,,2.3288726806640625,12.257080078125002,662.6367187500001,0.00234125,5.2361328125,54.795,
0,16,,,2.3410797119140625,12.257080078125002,663.06640625,0.00234125,5.2361328125,54.829,
0,16,,,2.3349761962890625,12.227783203125002,663.4570312500001,0.0023353125,5.2367187500000005,54.863,
0,16,,,2.352142333984375,12.31689453125,663.8867187500001,0.0023525,5.236328125,54.897,
0,16,,,2.352142333984375,12.31689453125,664.2968750000001,0.0023525,5.236328125,54.931,
0,16,,,2.3147583007812504,12.121582031250002,664.7265625000001,0.0023150000000000002,5.2369140625,54.965,
0,16,,,2.358627319335938,12.349853515625002,665.1562500000001,0.00235875,5.236328125,54.999,
0,16,,,2.358627319335938,12.349853515625002,665.52734375,0.00235875,5.236328125,55.033,
0,16,,,2.343368530273438,12.270507812500002,665.95703125,0.0023434375,5.2367187500000005,55.067,
0,16,,,2.3220062255859375,12.158203125000002,666.3867187500001,0.0023221875,5.236523437500001,55.101,
0,16,,,2.3220062255859375,12.158203125000002,666.7968750000001,0.0023221875,5.236523437500001,55.135,
0,16,,,2.3273468017578125,12.185058593750002,667.1875,0.0023275,5.2359375,55.169,
0,16,,,2.3075103759765625,12.082519531250002,667.5976562500001,0.0023078125000000004,5.2361328125,55.203,
0,16,,,2.3075103759765625,12.082519531250002,668.0273437500001,0.0023078125000000004,5.2361328125,55.237,
0,16,,,2.327728271484375,12.187500000000002,668.45703125,0.0023281250000000003,5.235546875000001,55.271,
0,16,,,2.329254150390625,12.196044921875002,668.8281250000001,0.0023293750000000003,5.236328125,55.305,
0,16,,,2.329254150390625,12.196044921875002,669.2578125000001,0.0023293750000000003,5.236328125,55.338,
0,16,,,2.3326873779296875,12.213134765625002,669.6875000000001,0.0023328125000000003,5.2359375,55.372,
0,16,,,2.3342132568359375,12.224121093750002,670.0976562500001,0.002334375,5.237109375,55.406,
0,16,,,2.3342132568359375,12.224121093750002,670.48828125,0.002334375,5.237109375,55.441,
0,16,,,2.3380279541015625,12.242431640625002,670.9179687500001,0.0023381250000000004,5.236328125,55.475,
0,16,,,2.31781005859375,12.137451171875,671.328125,0.0023181250000000003,5.2367187500000005,55.509,
0,16,,,2.31781005859375,12.137451171875,671.7578125000001,0.0023181250000000003,5.2367187500000005,55.543,
0,16,,,2.3387908935546875,12.246093750000002,672.1875000000001,0.0023390625,5.2361328125,55.577,
0,16,,,2.354812622070313,12.331542968750002,672.6171875000001,0.0023550000000000003,5.2369140625,55.611,
0,16,,,2.354812622070313,12.331542968750002,672.9882812500001,0.0023550000000000003,5.2369140625,55.645,
0,16,,,2.3143768310546875,12.117919921875002,673.41796875,0.0023146875000000003,5.2359375,55.679,
0,16,,,2.3365020751953125,12.235107421875002,673.8476562500001,0.002336875,5.2369140625,55.713,
0,16,,,2.3365020751953125,12.235107421875002,674.2578125,0.002336875,5.2369140625,55.747,
0,16,,,2.3326873779296875,12.213134765625002,674.6484375000001,0.0023328125000000003,5.2361328125,55.781,
0,16,,,2.327728271484375,12.189941406250002,675.0781250000001,0.0023278125,5.237109375,55.815,
0,16,,,2.327728271484375,12.189941406250002,675.5078125000001,0.0023278125,5.237109375,55.849,
0,16,,,2.3742675781250004,12.432861328125002,675.9179687500001,0.0023746875,5.236523437500001,55.883,
0,16,,,2.324295043945313,12.172851562500002,676.3085937500001,0.0023246875000000004,5.237109375,55.917,
0,16,,,2.324295043945313,12.172851562500002,676.73828125,0.0023246875000000004,5.236523437500001,55.951,
0,16,,,2.3338317871093754,12.220458984375002,677.1679687500001,0.0023340625,5.236523437500001,55.985,
0,16,,,2.347183227539063,12.291259765625002,677.5781250000001,0.0023471875000000003,5.237109375,56.019,
0,16,,,2.347183227539063,12.291259765625002,677.9687500000001,0.0023471875000000003,5.2367187500000005,56.053,
0,16,,,2.346038818359375,12.283935546875002,678.3984375000001,0.0023459375000000004,5.2367187500000005,56.087,
0,16,,,2.3193359375,12.14599609375,678.80859375,0.0023196875,5.2369140625,56.121,
0,16,,,2.3193359375,12.14599609375,679.2382812500001,0.0023290625000000004,5.236523437500001,56.155,
0,16,,,2.3288726806640625,12.19482421875,679.62890625,0.0023290625000000004,5.236523437500001,56.189,
0,16,,,2.321624755859375,12.158203125000002,680.0390625000001,0.002321875,5.2373046875,56.223,
0,16,,,2.321624755859375,12.158203125000002,680.4687500000001,0.002335625,5.2373046875,56.257,
0,16,,,2.335357666015625,12.2314453125,680.8984375000001,0.002335625,5.2373046875,56.291,
0,16,,,2.3197174072265625,12.147216796875,681.3085937500001,0.00232,5.236523437500001,56.325,
0,16,,,2.3197174072265625,12.147216796875,681.6992187500001,0.0023353125,5.236523437500001,56.359,
0,16,,,2.335357666015625,12.227783203125002,682.12890625,0.0023353125,5.236523437500001,56.393,
0,16,,,2.33612060546875,12.232666015625002,682.5390625000001,0.0023362500000000002,5.2367187500000005,56.427,
0,16,,,2.33612060546875,12.232666015625002,682.9687500000001,0.0023371875000000003,5.236523437500001,56.461,
0,16,,,2.336883544921875,12.236328125000002,683.3593750000001,0.0023371875000000003,5.236523437500001,56.495,
0,16,,,2.3414611816406254,12.261962890625,683.7890625,0.0023415625000000003,5.2369140625,56.529,
0,16,,,2.350616455078125,12.309570312500002,684.2187500000001,0.0023509375,5.2369140625,56.563,
0,16,,,2.350616455078125,12.309570312500002,684.6289062500001,0.0023509375,5.2369140625,56.597,
0,16,,,2.3151397705078125,12.121582031250002,685.05859375,0.0023153125,5.2361328125,56.631,
0,16,,,2.3715972900390625,12.416992187500002,685.4492187500001,0.0023715625000000004,5.236523437500001,56.665,
0,16,,,2.3715972900390625,12.416992187500002,685.8789062500001,0.0023715625000000004,5.236523437500001,56.699,
0,16,,,2.339935302734375,12.254638671875002,686.2890625000001,0.00234,5.237500000000001,56.733,
0,16,,,2.3639678955078125,12.379150390625002,686.71875,0.0023640625000000003,5.237109375,56.767,
0,16,,,2.3639678955078125,12.379150390625002,687.109375,0.0023640625000000003,5.237109375,56.801,
0,16,,,2.3345947265625,12.227783203125002,687.5390625000001,0.0023346875000000004,5.2376953125000005,56.835,
0,16,,,2.3273468017578125,12.188720703125002,687.94921875,0.0023275,5.237109375,56.869,
0,16,,,2.3273468017578125,12.188720703125002,688.3789062500001,0.0023275,5.237109375,56.903,
0,16,,,2.3223876953125004,12.161865234375002,688.7695312500001,0.0023225000000000003,5.237109375,56.937,
0,16,,,2.350616455078125,12.309570312500002,689.1992187500001,0.0023509375,5.2369140625,56.971,
0,16,,,2.350616455078125,12.309570312500002,689.6289062500001,0.0023509375,5.2369140625,57.005,
0,16,,,2.3654937744140625,12.39013671875,690.0585937500001,0.002365625,5.2376953125000005,57.039,
0,16,,,2.3376464843750004,12.241210937500002,690.4687500000001,0.0023378125,5.237109375,57.073,
0,16,,,2.3376464843750004,12.241210937500002,690.859375,0.0023378125,5.237109375,57.107,
0,16,,,2.349472045898438,12.304687500000002,691.2890625000001,0.0023496875,5.237500000000001,57.141,
0,16,,,2.353668212890625,12.325439453125002,691.7187500000001,0.0023537500000000004,5.237500000000001,57.175,
0,16,,,2.353668212890625,12.325439453125002,692.1484375000001,0.0023537500000000004,5.237500000000001,57.209,
0,16,,,2.3479461669921875,12.296142578125002,692.5195312500001,0.0023481250000000004,5.237500000000001,57.243,
0,16,,,2.3250579833984375,12.176513671875,692.94921875,0.0023253125,5.237109375,57.277,
0,16,,,2.3250579833984375,12.176513671875,693.3789062500001,0.0023253125,5.237109375,57.311,
0,16,,,2.3365020751953125,12.235107421875002,693.7890625,0.0023365625,5.237109375,57.345,
0,16,,,2.3502349853515625,12.308349609375002,694.1796875000001,0.0023503125000000004,5.237890625,57.379,
0,16,,,2.3502349853515625,12.308349609375002,694.6093750000001,0.0023503125000000004,5.237890625,57.413,
0,16,,,2.344512939453125,12.277832031250002,695.0390625000001,0.0023450000000000003,5.2369140625,57.447,
0,16,,,2.344512939453125,12.277832031250002,695.4687500000001,0.0023446875,5.2373046875,57.481,
0,16,,,2.344512939453125,12.277832031250002,695.8593750000001,0.0023446875,5.2373046875,57.515,
0,16,,,2.3616790771484375,12.369384765625002,696.26953125,0.0023618750000000003,5.237500000000001,57.549,
0,16,,,2.3303985595703125,12.203369140625002,696.6992187500001,0.0023303125000000004,5.237500000000001,57.583,
0,16,,,2.3303985595703125,12.203369140625002,697.1289062500001,0.0023303125000000004,5.237500000000001,57.617,
0,16,,,2.317047119140625,12.132568359375002,697.5390625000001,0.0023171875000000002,5.2367187500000005,57.651,
0,16,,,2.3181915283203125,12.141113281250002,697.9296875000001,0.0023184375,5.237109375,57.685,
0,16,,,2.3181915283203125,12.141113281250002,698.3593750000001,0.0023184375,5.237109375,57.719,
0,16,,,2.3563385009765625,12.340087890625002,698.7695312500001,0.0023565625,5.237109375,57.753,
0,16,,,2.317047119140625,12.132568359375002,699.19921875,0.0023171875000000002,5.2367187500000005,57.787,
0,16,,,2.317047119140625,12.132568359375002,699.6289062500001,0.0023171875000000002,5.236328125,57.821,
0,16,,,2.357101440429688,12.341308593750002,700.0000000000001,0.0023571875000000003,5.236328125,57.855,
0,16,,,2.313995361328125,12.119140625000002,700.4296875000001,0.002314375,5.2376953125000005,57.889,
0,16,,,2.313995361328125,12.119140625000002,700.8593750000001,0.00234875,5.2369140625,57.923,
0,16,,,2.3487091064453125,12.298583984375,701.2890625000001,0.00234875,5.2369140625,57.957,
0,16,,,2.324676513671875,12.174072265625002,701.66015625,0.0023250000000000002,5.237109375,57.991,
0,16,,,2.324676513671875,12.174072265625002,702.08984375,0.0023375,5.237109375,58.025,
0,16,,,2.3372650146484375,12.23876953125,702.5000000000001,0.0023375,5.237109375,58.059,
0,16,,,2.301025390625,12.04833984375,702.9296875000001,0.0023009375,5.2367187500000005,58.093,
0,16,,,2.301025390625,12.04833984375,703.3007812500001,0.00232875,5.2367187500000005,58.127,
0,16,,,2.3284912109375,12.193603515625002,703.7304687500001,0.00232875,5.2367187500000005,58.161,
0,16,,,2.33917236328125,12.249755859375002,704.1601562500001,0.0023393750000000003,5.2373046875,58.195,
0,16,,,2.33917236328125,12.249755859375002,704.58984375,0.0023493750000000003,5.237500000000001,58.229,
0,16,,,2.3490905761718754,12.303466796875002,704.9609375000001,0.0023493750000000003,5.237500000000001,58.263,
0,16,,,2.3223876953125004,12.16064453125,705.3906250000001,0.0023225000000000003,5.2369140625,58.297,
0,16,,,2.3223876953125004,12.16064453125,705.8203125000001,0.0023540625000000003,5.237500000000001,58.331,
0,16,,,2.3540496826171875,12.327880859375002,706.25,0.0023540625000000003,5.237500000000001,58.365,
0,16,,,2.32696533203125,12.186279296875002,706.62109375,0.0023271875000000003,5.2369140625,58.399,
0,16,,,2.325439453125,12.177734375,707.0507812500001,0.002325625,5.237109375,58.433,
0,16,,,2.325439453125,12.177734375,707.48046875,0.002325625,5.237109375,58.467,
0,16,,,2.3464202880859375,12.285156250000002,707.8906250000001,0.0023465625,5.236328125,58.501,
0,16,,,2.3300170898437504,12.199707031250002,708.2812500000001,0.00233,5.236523437500001,58.535,
0,16,,,2.3300170898437504,12.199707031250002,708.7109375000001,0.00233,5.236523437500001,58.569,
0,16,,,2.353668212890625,12.324218750000002,709.1406250000001,0.0023537500000000004,5.236523437500001,58.603,
0,16,,,2.3082733154296875,12.087402343750002,709.55078125,0.0023084375,5.2367187500000005,58.637,
0,16,,,2.3082733154296875,12.087402343750002,709.9804687500001,0.0023084375,5.2367187500000005,58.671,
0,16,,,2.331924438476563,12.211914062500002,710.390625,0.0023321875,5.236523437500001,58.705,
0,16,,,2.3349761962890625,12.227783203125002,710.7812500000001,0.0023350000000000003,5.2373046875,58.74,
0,16,,,2.3349761962890625,12.227783203125002,711.2109375000001,0.0023350000000000003,5.2373046875,58.774,
0,16,,,2.3097991943359375,12.095947265625002,711.62109375,0.0023103125000000003,5.236523437500001,58.808,
0,16,,,2.339553833007813,12.250976562500002,712.0507812500001,0.0023396875,5.2369140625,58.842,
0,16,,,2.339553833007813,12.250976562500002,712.48046875,0.0023396875,5.2369140625,58.876,
0,16,,,2.3452758789062504,12.280273437500002,712.87109375,0.002345625,5.2359375,58.91,
0,16,,,2.3296356201171875,12.199707031250002,713.2812500000001,0.0023296875,5.2369140625,58.944,
0,16,,,2.3296356201171875,12.199707031250002,713.7109375000001,0.0023296875,5.2369140625,58.977,
0,16,,,2.350616455078125,12.308349609375002,714.1406250000001,0.0023506250000000003,5.2367187500000005,59.011,
0,16,,,2.324295043945313,12.172851562500002,714.5117187500001,0.0023246875000000004,5.237109375,59.045,
0,16,,,2.324295043945313,12.172851562500002,714.94140625,0.0023246875000000004,5.237109375,59.079,
0,16,,,2.3197174072265625,12.147216796875,715.3710937500001,0.00232,5.2369140625,59.113,
0,16,,,2.3372650146484375,12.236328125000002,715.78125,0.0023371875000000003,5.236328125,59.147,
0,16,,,2.3372650146484375,12.236328125000002,716.1718750000001,0.0023371875000000003,5.236328125,59.181,
0,16,,,2.3193359375,12.144775390625002,716.6015625000001,0.0023196875,5.236523437500001,59.215,
0,16,,,2.3475646972656254,12.291259765625002,717.0117187500001,0.0023475,5.236523437500001,59.249,
0,16,,,2.3475646972656254,12.291259765625002,717.4414062500001,0.0023475,5.236523437500001,59.283,
0,16,,,2.2998809814453125,12.043457031250002,717.8125000000001,0.0023003125000000003,5.2367187500000005,59.317,
0,16,,,2.315521240234375,12.122802734375,718.2421875,0.002315625,5.2359375,59.351,
0,16,,,2.315521240234375,12.122802734375,718.6718750000001,0.002315625,5.2359375,59.385,
0,16,,,2.3372650146484375,12.239990234375002,719.0820312500001,0.0023375,5.237109375,59.419,
0,16,,,2.331924438476563,12.209472656250002,719.4726562500001,0.002331875,5.236328125,59.453,
0,16,,,2.331924438476563,12.209472656250002,719.9023437500001,0.002331875,5.2361328125,59.487,
0,16,,,2.347183227539063,12.2900390625,720.3125,0.0023475,5.2361328125,59.521,
0,16,,,2.3296356201171875,12.199707031250002,720.7421875000001,0.00233,5.2367187500000005,59.555,
0,16,,,2.3296356201171875,12.199707031250002,721.1328125,0.00233,5.2367187500000005,59.589,
0,16,,,2.3590087890625004,12.353515625,721.5625000000001,0.0023593750000000004,5.2367187500000005,59.624,
0,16,,,2.3284912109375,12.191162109375,721.9726562500001,0.0023284375,5.236328125,59.658,
0,16,,,2.3284912109375,12.191162109375,722.4023437500001,0.00234,5.236328125,59.692,
0,16,,,2.339553833007813,12.250976562500002,722.8320312500001,0.00234,5.236328125,59.726,
0,16,,,2.3288726806640625,12.193603515625002,723.2421875,0.0023290625000000004,5.2359375,59.76,
0,16,,,2.3288726806640625,12.193603515625002,723.6328125,0.0023134375000000004,5.236328125,59.794,
0,16,,,2.313232421875,12.111816406250002,724.0429687500001,0.0023134375000000004,5.236328125,59.828,
0,16,,,2.320098876953125,12.14599609375,724.4726562500001,0.0023203125000000003,5.2359375,59.862,
0,16,,,2.320098876953125,12.14599609375,724.8828125000001,0.0023025000000000003,5.2369140625,59.896,
0,16,,,2.3021697998046875,12.0556640625,725.2734375000001,0.0023025000000000003,5.2369140625,59.93,
0,16,,,2.3452758789062504,12.280273437500002,725.7031250000001,0.002345625,5.2361328125,59.964,
0,16,,,2.3452758789062504,12.265625000000002,726.1328125000001,0.0023428125000000003,5.236328125,59.998,
0,16,,,2.3426055908203125,12.265625000000002,726.54296875,0.0023428125000000003,5.236328125,60.032,
0,16,,,2.3258209228515625,12.177734375,726.9335937500001,0.0023259375000000003,5.236523437500001,60.066,
0,16,,,2.3151397705078125,12.122802734375,727.3437500000001,0.0023153125,5.236523437500001,60.1,
0,16,,,2.3151397705078125,12.122802734375,727.7734375000001,0.0023153125,5.236523437500001,60.134,
0,16,,,2.328109741210938,12.188720703125002,728.2031250000001,0.0023284375,5.2359375,60.168,
0,16,,,2.3250579833984375,12.177734375,728.61328125,0.0023253125,5.2373046875,60.202,
0,16,,,2.3250579833984375,12.177734375,729.00390625,0.0023253125,5.2373046875,60.236,
0,16,,,2.3303985595703125,12.204589843750002,729.43359375,0.0023306250000000002,5.237109375,60.27,
0,16,,,2.3448944091796875,12.279052734375002,729.8437500000001,0.0023450000000000003,5.2367187500000005,60.304,
0,16,,,2.3448944091796875,12.279052734375002,730.2734375000001,0.0023450000000000003,5.2367187500000005,60.338,
0,16,,,2.3101806640625,12.095947265625002,730.6445312500001,0.0023103125000000003,5.2367187500000005,60.372,
0,16,,,2.316665649414063,12.131347656250002,731.0742187500001,0.0023168750000000004,5.2369140625,60.406,
0,16,,,2.316665649414063,12.131347656250002,731.5039062500001,0.0023168750000000004,5.2369140625,60.44,
0,16,,,2.328109741210938,12.189941406250002,731.9140625,0.0023284375,5.2361328125,60.474,
0,16,,,2.33306884765625,12.216796875000002,732.3046875000001,0.0023334375,5.236328125,60.508,
0,16,,,2.33306884765625,12.216796875000002,732.7343750000001,0.0023334375,5.236328125,60.542,
0,16,,,2.336883544921875,12.237548828125,733.1640625000001,0.0023371875000000003,5.2367187500000005,60.576,
0,16,,,2.3345947265625,12.224121093750002,733.5742187500001,0.0023346875000000004,5.2367187500000005,60.61,
0,16,,,2.3345947265625,12.224121093750002,734.0039062500001,0.0023346875000000004,5.2367187500000005,60.644,
0,16,,,2.3345947265625,12.224121093750002,734.4140625000001,0.0023350000000000003,5.2361328125,60.679,
0,16,,,2.301025390625,12.050781250000002,734.8046875,0.0023012500000000003,5.237500000000001,60.713,
0,16,,,2.301025390625,12.050781250000002,735.2343750000001,0.0023012500000000003,5.237500000000001,60.747,
0,16,,,2.364730834960938,12.380371093750002,735.6640625000001,0.0023650000000000003,5.2359375,60.781,
0,16,,,2.3136138916015625,12.11669921875,736.0742187500001,0.0023137500000000003,5.237109375,60.815,
0,16,,,2.3136138916015625,12.11669921875,736.4648437500001,0.0023137500000000003,5.237109375,60.848,
0,16,,,2.365875244140625,12.39013671875,736.89453125,0.0023662500000000003,5.237109375,60.882,
0,16,,,2.31781005859375,12.138671875000002,737.3046875,0.0023178125,5.237500000000001,60.916,
0,16,,,2.31781005859375,12.138671875000002,737.734375,0.0023178125,5.237500000000001,60.95,
0,16,,,2.3288726806640625,12.19482421875,738.1250000000001,0.0023290625000000004,5.2367187500000005,60.984,
0,16,,,2.3303985595703125,12.203369140625002,738.5351562500001,0.0023303125000000004,5.237109375,61.018,
0,16,,,2.3303985595703125,12.203369140625002,738.96484375,0.0023303125000000004,5.237109375,61.052,
0,16,,,2.3185729980468754,12.142333984375002,739.3945312500001,0.00231875,5.2373046875,61.086,
0,16,,,2.3273468017578125,12.185058593750002,739.8046875000001,0.0023275,5.2361328125,61.12,
0,16,,,2.3273468017578125,12.185058593750002,740.1953125,0.0023275,5.2367187500000005,61.154,
0,16,,,2.3372650146484375,12.237548828125,740.6250000000001,0.0023371875000000003,5.2367187500000005,61.188,
0,16,,,2.324676513671875,12.172851562500002,741.0351562500001,0.0023250000000000002,5.2367187500000005,61.222,
0,16,,,2.324676513671875,12.172851562500002,741.4648437500001,0.0023250000000000002,5.2369140625,61.256,
0,16,,,2.32391357421875,12.17041015625,741.8554687500001,0.002324375,5.2369140625,61.29,
0,16,,,2.3265838623046875,12.182617187500002,742.265625,0.0023268750000000004,5.236328125,61.324,
0,16,,,2.3265838623046875,12.182617187500002,742.67578125,0.002300625,5.2369140625,61.358,
0,16,,,2.300262451171875,12.0458984375,743.10546875,0.002300625,5.2369140625,61.392,
0,16,,,2.345657348632813,12.28271484375,743.4960937500001,0.002345625,5.237109375,61.426,
0,16,,,2.345657348632813,12.28271484375,743.9257812500001,0.0023434375,5.236328125,61.46,
0,16,,,2.343368530273438,12.270507812500002,744.3359375,0.0023434375,5.236328125,61.494,
0,16,,,2.3284912109375,12.192382812500002,744.7656250000001,0.00232875,5.2367187500000005,61.528,
0,16,,,2.3284912109375,12.192382812500002,745.1562500000001,0.0023284375,5.2361328125,61.562,
0,16,,,2.3284912109375,12.191162109375,745.56640625,0.0023284375,5.2361328125,61.596,
0,16,,,2.3212432861328125,12.156982421875002,745.9960937500001,0.0023212500000000004,5.2376953125000005,61.63,
0,16,,,2.3212432861328125,12.156982421875002,746.4062500000001,0.0023228125000000002,5.2361328125,61.664,
0,16,,,2.3227691650390625,12.16064453125,746.7968750000001,0.0023228125000000002,5.2361328125,61.698,
0,16,,,2.282333374023438,11.951904296875002,747.2070312500001,0.0022825000000000002,5.237109375,61.733,
0,16,,,2.3162841796875,12.128906250000002,747.6171875000001,0.0023165625,5.236328125,61.767,
0,16,,,2.3162841796875,12.128906250000002,748.046875,0.0023165625,5.236328125,61.801,
0,16,,,2.33612060546875,12.233886718750002,748.4765625,0.0023362500000000002,5.2369140625,61.835,
0,16,,,2.3380279541015625,12.242431640625002,748.9062500000001,0.0023381250000000004,5.2367187500000005,61.869,
0,16,,,2.3380279541015625,12.242431640625002,749.2773437500001,0.0023381250000000004,5.2367187500000005,61.903,
0,16,,,2.332305908203125,12.213134765625002,749.70703125,0.0023325000000000004,5.2367187500000005,61.936,
0,16,,,2.3487091064453125,12.2998046875,750.1367187500001,0.00234875,5.2373046875,61.97,
0,16,,,2.3487091064453125,12.2998046875,750.56640625,0.00234875,5.2373046875,62.004,
0,16,,,2.33154296875,12.210693359375002,750.9375,0.002331875,5.237109375,62.038,
0,16,,,2.3109436035156254,12.104492187500002,751.3671875000001,0.0023112500000000004,5.2380859375,62.072,
0,16,,,2.3109436035156254,12.104492187500002,751.7773437500001,0.0023112500000000004,5.2380859375,62.106,
0,16,,,2.3147583007812504,12.122802734375,752.2070312500001,0.0023150000000000002,5.237109375,62.14,
0,16,,,2.3406982421875,12.257080078125002,752.5976562500001,0.0023409375,5.2369140625,62.174,
0,16,,,2.3406982421875,12.257080078125002,753.0078125,0.0023409375,5.2369140625,62.208,
0,16,,,2.316665649414063,12.1337890625,753.4375000000001,0.0023168750000000004,5.2376953125000005,62.242,
0,16,,,2.324676513671875,12.174072265625002,753.84765625,0.0023246875000000004,5.237500000000001,62.276,
0,16,,,2.324676513671875,12.174072265625002,754.2382812500001,0.0023246875000000004,5.237500000000001,62.31,
0,16,,,2.3372650146484375,12.241210937500002,754.6679687500001,0.0023375,5.2376953125000005,62.344,
0,16,,,2.335739135742188,12.232666015625002,755.0976562500001,0.0023359375000000003,5.2373046875,62.378,
0,16,,,2.335739135742188,12.232666015625002,755.5078125000001,0.0023359375000000003,5.2373046875,62.412,
0,16,,,2.3365020751953125,12.236328125000002,755.8984375000001,0.0023365625,5.237109375,62.446,
0,16,,,2.3513793945312504,12.314453125000002,756.328125,0.0023515625000000004,5.2376953125000005,62.48,
0,16,,,2.3513793945312504,12.314453125000002,756.7382812500001,0.0023515625000000004,5.2376953125000005,62.514,
0,16,,,2.3059844970703125,12.075195312500002,757.1679687500001,0.00230625,5.2367187500000005,62.548,
0,16,,,2.35748291015625,12.34375,757.5976562500001,0.0023578125,5.236328125,62.582,
0,16,,,2.35748291015625,12.34375,757.9687500000001,0.0023578125,5.236328125,62.616,
0,16,,,2.312469482421875,12.110595703125002,758.3984375,0.0023128125,5.237109375,62.65,
0,16,,,2.339553833007813,12.249755859375002,758.8281250000001,0.0023396875,5.236328125,62.684,
0,16,,,2.339553833007813,12.249755859375002,759.23828125,0.0023396875,5.236328125,62.718,
0,16,,,2.3185729980468754,12.139892578125,759.6289062500001,0.00231875,5.236328125,62.753,
0,16,,,2.3082733154296875,12.087402343750002,760.0390625000001,0.0023084375,5.2369140625,62.787,
0,16,,,2.3082733154296875,12.087402343750002,760.4687500000001,0.0023084375,5.2361328125,62.821,
0,16,,,2.329254150390625,12.196044921875002,760.8789062500001,0.0023293750000000003,5.2361328125,62.855,
0,16,,,2.30865478515625,12.091064453125002,761.30859375,0.0023090625000000004,5.237109375,62.889,
0,16,,,2.30865478515625,12.091064453125002,761.69921875,0.0023090625000000004,5.2361328125,62.923,
0,16,,,2.3406982421875,12.254638671875002,762.1289062500001,0.0023409375,5.2361328125,62.957,
0,16,,,2.349853515625,12.307128906250002,762.5390625000001,0.0023503125000000004,5.237109375,62.99,
0,16,,,2.349853515625,12.307128906250002,762.9687500000001,0.0023390625,5.236328125,63.024,
0,16,,,2.33917236328125,12.247314453125002,763.3593750000001,0.0023390625,5.236328125,63.058,
0,16,,,2.325439453125,12.175292968750002,763.76953125,0.002325625,5.236328125,63.092,
0,16,,,2.325439453125,12.175292968750002,764.1992187500001,0.0023281250000000003,5.2367187500000005,63.126,
0,16,,,2.328109741210938,12.189941406250002,764.62890625,0.0023281250000000003,5.2367187500000005,63.16,
0,16,,,2.325439453125,12.175292968750002,765.0000000000001,0.002325625,5.236523437500001,63.194,
0,16,,,2.325439453125,12.175292968750002,765.4296875000001,0.00231875,5.237500000000001,63.228,
0,16,,,2.3185729980468754,12.143554687500002,765.8593750000001,0.00231875,5.237500000000001,63.262,
0,16,,,2.350997924804688,12.310791015625002,766.2695312500001,0.0023509375,5.2367187500000005,63.296,
0,16,,,2.350997924804688,12.310791015625002,766.69921875,0.0023281250000000003,5.2367187500000005,63.33,
0,16,,,2.328109741210938,12.191162109375,767.08984375,0.0023281250000000003,5.2367187500000005,63.364,
0,16,,,2.320480346679688,12.149658203125002,767.5000000000001,0.002320625,5.2367187500000005,63.398,
0,16,,,2.320480346679688,12.149658203125002,767.9296875000001,0.002321875,5.236328125,63.432,
0,16,,,2.321624755859375,12.156982421875002,768.3398437500001,0.002321875,5.236328125,63.466,
0,16,,,2.320480346679688,12.150878906250002,768.7304687500001,0.0023203125000000003,5.2369140625,63.5,
0,16,,,2.320480346679688,12.199707031250002,769.1601562500001,0.00233,5.2361328125,63.534,
0,16,,,2.3300170898437504,12.199707031250002,769.5703125000001,0.00233,5.2361328125,63.568,
0,16,,,2.31781005859375,12.138671875000002,770.0,0.0023181250000000003,5.2373046875,63.602,
0,16,,,2.365875244140625,12.388916015625002,770.3906250000001,0.0023659375,5.2369140625,63.636,
0,16,,,2.365875244140625,12.388916015625002,770.8007812500001,0.0023659375,5.2369140625,63.67,
0,16,,,2.313232421875,12.111816406250002,771.2304687500001,0.0023134375000000004,5.2359375,63.704,
0,16,,,2.3380279541015625,12.242431640625002,771.6601562500001,0.0023381250000000004,5.236328125,63.738,
0,16,,,2.3380279541015625,12.242431640625002,772.0312500000001,0.0023381250000000004,5.236328125,63.772,
0,16,,,2.335739135742188,12.2314453125,772.4609375,0.0023359375000000003,5.236523437500001,63.807,
0,16,,,2.3250579833984375,12.175292968750002,772.890625,0.0023250000000000002,5.237109375,63.841,
0,16,,,2.3250579833984375,12.175292968750002,773.3203125000001,0.0023250000000000002,5.237109375,63.875,
0,16,,,2.350616455078125,12.308349609375002,773.7304687500001,0.0023509375,5.2361328125,63.909,
0,16,,,2.32391357421875,12.17041015625,774.1601562500001,0.0023240625,5.237109375,63.943,
0,16,,,2.32391357421875,12.17041015625,774.5507812500001,0.0023240625,5.237109375,63.977,
0,16,,,2.350997924804688,12.309570312500002,774.9609375000001,0.00235125,5.2359375,64.011,
0,16,,,2.335357666015625,12.227783203125002,775.390625,0.002335625,5.2361328125,64.045,
0,16,,,2.335357666015625,12.227783203125002,775.8203125,0.002335625,5.2361328125,64.079,
0,16,,,2.3338317871093754,12.219238281250002,776.2109375000001,0.0023340625,5.236328125,64.113,
0,16,,,2.3380279541015625,12.241210937500002,776.6210937500001,0.0023384375000000002,5.2357421875000005,64.146,
0,16,,,2.3380279541015625,12.241210937500002,777.05078125,0.0023384375000000002,5.2357421875000005,64.18,
0,16,,,2.330780029296875,12.205810546875002,777.4804687500001,0.00233125,5.2367187500000005,64.214,
0,16,,,2.339553833007813,12.248535156250002,777.8710937500001,0.0023396875,5.2361328125,64.248,
0,16,,,2.339553833007813,12.248535156250002,778.28125,0.0023396875,5.2361328125,64.282,
0,16,,,2.329254150390625,12.197265625000002,778.7109375000001,0.0023293750000000003,5.237109375,64.316,
0,16,,,2.3601531982421875,12.357177734375002,779.1406250000001,0.0023606250000000003,5.2357421875000005,64.35,
0,16,,,2.3601531982421875,12.357177734375002,779.5312500000001,0.0023606250000000003,5.2357421875000005,64.385,
0,16,,,2.3296356201171875,12.199707031250002,779.9414062500001,0.0023296875,5.237500000000001,64.419,
0,16,,,2.3288726806640625,12.19482421875,780.37109375,0.0023290625000000004,5.236328125,64.453,
0,16,,,2.3288726806640625,12.19482421875,780.8007812500001,0.0023290625000000004,5.236328125,64.487,
0,16,,,2.3426055908203125,12.26806640625,781.2109375,0.002343125,5.236523437500001,64.521,
0,16,,,2.33154296875,12.208251953125,781.6015625000001,0.002331875,5.2361328125,64.555,
0,16,,,2.33154296875,12.208251953125,782.0312500000001,0.002331875,5.237109375,64.589,
0,16,,,2.33917236328125,12.250976562500002,782.4414062500001,0.0023393750000000003,5.237109375,64.623,
0,16,,,2.3563385009765625,12.33642578125,782.8710937500001,0.0023562500000000003,5.236328125,64.656,
0,16,,,2.3563385009765625,12.33642578125,783.2617187500001,0.0023562500000000003,5.237109375,64.691,
0,16,,,2.3113250732421875,12.103271484375,783.671875,0.0023112500000000004,5.237109375,64.725,
0,16,,,2.338409423828125,12.243652343750002,784.1015625000001,0.00233875,5.2361328125,64.759,
0,16,,,2.338409423828125,12.243652343750002,784.5312500000001,0.0023165625,5.236328125,64.793,
0,16,,,2.3162841796875,12.127685546875002,784.9414062500001,0.0023165625,5.236328125,64.828,
0,16,,,2.3403167724609375,12.255859375,785.3710937500001,0.0023406250000000003,5.2369140625,64.862,
0,16,,,2.3403167724609375,12.255859375,785.7617187500001,0.0023371875000000003,5.2373046875,64.896,
0,16,,,2.3372650146484375,12.23876953125,786.1914062500001,0.0023371875000000003,5.2373046875,64.93,
0,16,,,2.3372650146484375,12.236328125000002,786.6015625,0.0023375,5.2359375,64.964,
0,16,,,2.3372650146484375,12.236328125000002,787.0312500000001,0.0023093750000000002,5.236523437500001,64.998,
0,16,,,2.309036254882813,12.091064453125002,787.4218750000001,0.0023093750000000002,5.236523437500001,65.032,
0,16,,,2.3601531982421875,12.358398437500002,787.8320312500001,0.0023603125,5.2361328125,65.066,
0,16,,,2.3601531982421875,12.077636718750002,788.2617187500001,0.0023065625,5.2367187500000005,65.1,
0,16,,,2.306365966796875,12.077636718750002,788.6914062500001,0.0023065625,5.2367187500000005,65.134,
0,16,,,2.362060546875,12.366943359375,789.1015625000001,0.0023621875,5.2359375,65.168,
0,16,,,2.323150634765625,12.166748046875002,789.4921875,0.0023234375,5.237109375,65.202,
0,16,,,2.323150634765625,12.166748046875002,789.9218750000001,0.0023234375,5.237109375,65.236,
0,16,,,2.353668212890625,12.324218750000002,790.3515625000001,0.0023537500000000004,5.236328125,65.27,
0,16,,,2.313232421875,12.113037109375002,790.7617187500001,0.0023134375000000004,5.236523437500001,65.304,
0,16,,,2.313232421875,12.113037109375002,791.1523437500001,0.0023134375000000004,5.236523437500001,65.338,
0,16,,,2.335739135742188,12.230224609375002,791.58203125,0.0023359375000000003,5.236328125,65.372,
0,16,,,2.3342132568359375,12.225341796875,791.9921875,0.0023346875000000004,5.2373046875,65.406,
0,16,,,2.3342132568359375,12.225341796875,792.421875,0.0023346875000000004,5.2373046875,65.44,
0,16,,,2.3593902587890625,12.354736328125002,792.8515625000001,0.0023596875000000002,5.236328125,65.474,
0,16,,,2.335739135742188,12.2314453125,793.2421875000001,0.0023359375000000003,5.2373046875,65.508,
0,16,,,2.335739135742188,12.2314453125,793.65234375,0.0023359375000000003,5.2373046875,65.542,
0,16,,,2.3273468017578125,12.187500000000002,794.0820312500001,0.0023275,5.2367187500000005,65.576,
0,16,,,2.325439453125,12.177734375,794.51171875,0.002325625,5.2369140625,65.61,
0,16,,,2.325439453125,12.177734375,794.8828125,0.002325625,5.2369140625,65.644,
0,16,,,2.336883544921875,12.235107421875002,795.3125000000001,0.002336875,5.236328125,65.678,
0,16,,,2.325439453125,12.178955078125002,795.7421875000001,0.0023259375000000003,5.237109375,65.712,
0,16,,,2.325439453125,12.178955078125002,796.1523437500001,0.0023259375000000003,5.237109375,65.746,
0,16,,,2.3181915283203125,12.141113281250002,796.5429687500001,0.0023184375,5.237500000000001,65.78,
0,16,,,2.34222412109375,12.263183593750002,796.97265625,0.0023421875,5.236328125,65.814,
0,16,,,2.34222412109375,12.263183593750002,797.3828125000001,0.0023421875,5.236328125,65.848,
0,16,,,2.324295043945313,12.17041015625,797.8125,0.002324375,5.236523437500001,65.883,
0,16,,,2.335357666015625,12.227783203125002,798.2421875000001,0.002335625,5.2359375,65.917,
0,16,,,2.335357666015625,12.227783203125002,798.6523437500001,0.002335625,5.2359375,65.951,
0,16,,,2.3605346679687504,12.36083984375,799.0429687500001,0.0023609375,5.236523437500001,65.985,
0,16,,,2.309036254882813,12.089843750000002,799.4726562500001,0.0023090625000000004,5.2367187500000005,66.019,
0,16,,,2.309036254882813,12.089843750000002,799.8828125,0.0023090625000000004,5.2367187500000005,66.053,
0,16,,,2.325439453125,12.175292968750002,800.3125000000001,0.002325625,5.2361328125,66.087,
0,16,,,2.33306884765625,12.216796875000002,800.7031250000001,0.0023334375,5.236328125,66.121,
0,16,,,2.33306884765625,12.216796875000002,801.11328125,0.0023334375,5.237109375,66.155,
0,16,,,2.338409423828125,12.246093750000002,801.5429687500002,0.00233875,5.237109375,66.189,
0,16,,,2.3365020751953125,12.232666015625002,801.9726562500001,0.0023365625,5.2359375,66.223,
0,16,,,2.3365020751953125,12.232666015625002,802.34375,0.0023365625,5.2361328125,66.257,
0,16,,,2.33306884765625,12.215576171875002,802.7734375,0.002333125,5.2361328125,66.291,
0,16,,,2.3441314697265625,12.274169921875002,803.2031250000001,0.0023440625000000002,5.2367187500000005,66.325,
0,16,,,2.3441314697265625,12.274169921875002,803.6328125000001,0.0023178125,5.2367187500000005,66.358,
0,16,,,2.31781005859375,12.136230468750002,804.04296875,0.0023178125,5.2367187500000005,66.392,
0,16,,,2.3437500000000004,12.271728515625002,804.43359375,0.0023440625000000002,5.2361328125,66.426,
0,16,,,2.3437500000000004,12.271728515625002,804.8632812500002,0.0023334375,5.2367187500000005,66.46,
0,16,,,2.3334503173828125,12.218017578125002,805.2734375,0.0023334375,5.2367187500000005,66.494,
0,16,,,2.3273468017578125,12.187500000000002,805.703125,0.0023275,5.237109375,66.528,
0,16,,,2.3273468017578125,12.187500000000002,806.09375,0.0023284375,5.2373046875,66.563,
0,16,,,2.328109741210938,12.192382812500002,806.5234375000001,0.0023284375,5.2373046875,66.596,
0,16,,,2.338409423828125,12.243652343750002,806.9335937500001,0.00233875,5.236523437500001,66.63,
0,16,,,2.338409423828125,12.243652343750002,807.36328125,0.0023346875000000004,5.2361328125,66.664,
0,16,,,2.3345947265625,12.224121093750002,807.75390625,0.0023346875000000004,5.2361328125,66.698,
0,16,,,2.3345947265625,12.225341796875,808.1640625000001,0.0023350000000000003,5.2367187500000005,66.732,
0,16,,,2.3345947265625,12.225341796875,808.59375,0.0023137500000000003,5.236328125,66.766,
0,16,,,2.3136138916015625,12.114257812500002,809.0039062500001,0.0023137500000000003,5.236328125,66.8,
0,16,,,2.3590087890625004,12.352294921875002,809.4335937500001,0.0023590625,5.236328125,66.834,
0,16,,,2.3250579833984375,12.176513671875,809.8242187500001,0.0023253125,5.2369140625,66.868,
0,16,,,2.3250579833984375,12.176513671875,810.25390625,0.0023253125,5.2369140625,66.902,
0,16,,,2.3380279541015625,12.243652343750002,810.68359375,0.0023381250000000004,5.2369140625,66.937,
0,16,,,2.343368530273438,12.271728515625002,811.0937500000001,0.0023434375,5.237109375,66.971,
0,16,,,2.343368530273438,12.271728515625002,811.5234375,0.0023434375,5.237109375,67.005,
0,16,,,2.3338317871093754,12.220458984375002,811.9140625000001,0.0023340625,5.2367187500000005,67.039,
0,16,,,2.3262023925781254,12.181396484375002,812.3242187500001,0.0023265625,5.2367187500000005,67.073,
0,16,,,2.3262023925781254,12.181396484375002,812.7539062500001,0.0023265625,5.2367187500000005,67.107,
0,16,,,2.357101440429688,12.34375,813.18359375,0.0023575000000000002,5.237109375,67.141,
0,16,,,2.3670196533203125,12.393798828125002,813.57421875,0.0023675000000000002,5.2361328125,67.175,
0,16,,,2.3670196533203125,12.393798828125002,814.00390625,0.0023675000000000002,5.2361328125,67.209,
0,16,,,2.34832763671875,12.298583984375,814.4335937500001,0.00234875,5.2369140625,67.243,
0,16,,,2.3403167724609375,12.254638671875002,814.8437500000001,0.0023406250000000003,5.236328125,67.277,
0,16,,,2.3403167724609375,12.254638671875002,815.2734375,0.0023406250000000003,5.236328125,67.311,
0,16,,,2.3410797119140625,12.257080078125002,815.6640625,0.00234125,5.2359375,67.345,
0,16,,,2.3593902587890625,12.352294921875002,816.0937500000002,0.0023593750000000004,5.2361328125,67.379,
0,16,,,2.3593902587890625,12.352294921875002,816.5234375000001,0.0023593750000000004,5.2361328125,67.413,
0,16,,,2.34222412109375,12.264404296875002,816.9531250000001,0.0023421875,5.2367187500000005,67.447,
0,16,,,2.3666381835937504,12.392578125000002,817.32421875,0.002366875,5.2367187500000005,67.481,
0,16,,,2.3666381835937504,12.392578125000002,817.7539062500001,0.002366875,5.2367187500000005,67.515,
0,16,,,2.3235321044921875,12.166748046875002,818.1835937500001,0.0023237500000000003,5.2367187500000005,67.549,
0,16,,,2.3418426513671875,12.264404296875002,818.6132812500001,0.0023421875,5.237109375,67.583,
0,16,,,2.3418426513671875,12.264404296875002,818.984375,0.0023421875,5.237109375,67.617,
0,16,,,2.325439453125,12.177734375,819.4140625000001,0.002325625,5.2367187500000005,67.651,
0,16,,,2.336883544921875,12.236328125000002,819.8437500000001,0.0023371875000000003,5.236328125,67.685,
0,16,,,2.336883544921875,12.236328125000002,820.25390625,0.0023371875000000003,5.236328125,67.719,
0,16,,,2.335739135742188,12.2314453125,820.6835937500001,0.0023359375000000003,5.2367187500000005,67.753,
0,16,,,2.321624755859375,12.155761718750002,821.0742187500002,0.0023215625000000003,5.2367187500000005,67.787,
0,16,,,2.321624755859375,12.155761718750002,821.484375,0.0023215625000000003,5.2367187500000005,67.821,
0,16,,,2.3372650146484375,12.239990234375002,821.9140625,0.0023375,5.237109375,67.855,
0,16,,,2.32696533203125,12.185058593750002,822.3437500000001,0.0023271875000000003,5.236523437500001,67.889,
0,16,,,2.32696533203125,12.185058593750002,822.71484375,0.0023271875000000003,5.236523437500001,67.923,
0,16,,,2.324676513671875,12.174072265625002,823.1445312500001,0.0023250000000000002,5.236523437500001,67.958,
0,16,,,2.3513793945312504,12.313232421875,823.57421875,0.0023518750000000002,5.236328125,67.992,
0,16,,,2.3513793945312504,12.313232421875,823.9843750000001,0.0023350000000000003,5.2373046875,68.026,
0,16,,,2.3349761962890625,12.227783203125002,824.4335937500001,0.0023350000000000003,5.2373046875,68.06,
0,16,,,2.353668212890625,12.324218750000002,824.8046875,0.0023540625000000003,5.236328125,68.094,
0,16,,,2.353668212890625,12.324218750000002,825.234375,0.002341875,5.2367187500000005,68.128,
0,16,,,2.3414611816406254,12.261962890625,825.6640625000001,0.002341875,5.2367187500000005,68.162,
0,16,,,2.3345947265625,12.222900390625002,826.0742187500001,0.0023346875000000004,5.236328125,68.196,
0,16,,,2.3345947265625,12.222900390625002,826.50390625,0.0023212500000000004,5.2369140625,68.23,
0,16,,,2.3212432861328125,12.154541015625002,826.89453125,0.0023212500000000004,5.2369140625,68.264,
0,16,,,2.3437500000000004,12.272949218750002,827.3046875000001,0.0023437500000000003,5.2369140625,68.298,
0,16,,,2.3437500000000004,12.272949218750002,827.734375,0.0023290625000000004,5.236523437500001,68.332,
0,16,,,2.3288726806640625,12.19482421875,828.1640625,0.0023290625000000004,5.236523437500001,68.366,
0,16,,,2.3464202880859375,12.285156250000002,828.5546875,0.0023465625,5.2361328125,68.4,
0,16,,,2.33612060546875,12.232666015625002,828.9648437500001,0.0023362500000000002,5.236523437500001,68.434,
0,16,,,2.33612060546875,12.232666015625002,829.3945312500001,0.0023362500000000002,5.236523437500001,68.468,
0,16,,,2.344512939453125,12.275390625,829.82421875,0.0023450000000000003,5.2357421875000005,68.502,
0,16,,,2.3227691650390625,12.163085937500002,830.1953125000001,0.0023228125000000002,5.2367187500000005,68.536,
0,16,,,2.3227691650390625,12.163085937500002,830.6250000000001,0.0023228125000000002,5.2367187500000005,68.57,
0,16,,,2.3563385009765625,12.338867187500002,831.0546875,0.0023565625,5.2367187500000005,68.604,
0,16,,,2.3418426513671875,12.261962890625,831.484375,0.0023421875,5.236523437500001,68.638,
0,16,,,2.3418426513671875,12.261962890625,831.875,0.0023421875,5.236523437500001,68.672,
0,16,,,2.345657348632813,12.283935546875002,832.2851562500001,0.0023459375000000004,5.2369140625,68.706,
0,16,,,2.320098876953125,12.148437500000002,832.71484375,0.0023203125000000003,5.2367187500000005,68.74,
0,16,,,2.320098876953125,12.148437500000002,833.14453125,0.0023203125000000003,5.2367187500000005,68.774,
0,16,,,2.3529052734375004,12.321777343750002,833.5742187500001,0.002353125,5.237109375,68.808,
0,16,,,2.352142333984375,12.318115234375002,833.9648437500001,0.0023525,5.2367187500000005,68.842,
0,16,,,2.352142333984375,12.318115234375002,834.3750000000001,0.0023525,5.2367187500000005,68.876,
0,16,,,2.354812622070313,12.330322265625,834.8046875,0.0023550000000000003,5.236328125,68.91,
0,16,,,2.33917236328125,12.249755859375002,835.2343750000002,0.0023393750000000003,5.2367187500000005,68.944,
0,16,,,2.33917236328125,12.249755859375002,835.6250000000002,0.0023393750000000003,5.2367187500000005,68.978,
0,16,,,2.331924438476563,12.211914062500002,836.03515625,0.002331875,5.237109375,69.013,
0,16,,,2.343368530273438,12.270507812500002,836.46484375,0.0023434375,5.236523437500001,69.047,
0,16,,,2.343368530273438,12.270507812500002,836.8945312500001,0.0023434375,5.236523437500001,69.081,
0,16,,,2.3159027099609375,12.128906250000002,837.3046875000001,0.00231625,5.237109375,69.115,
0,16,,,2.3517608642578125,12.313232421875,837.734375,0.0023518750000000002,5.2361328125,69.149,
0,16,,,2.3517608642578125,12.313232421875,838.125,0.0023518750000000002,5.2361328125,69.183,
0,16,,,2.3441314697265625,12.272949218750002,838.5546875000002,0.002344375,5.236328125,69.217,
0,16,,,2.329254150390625,12.197265625000002,838.9843750000001,0.0023296875,5.236523437500001,69.251,
0,16,,,2.329254150390625,12.197265625000002,839.39453125,0.0023296875,5.236523437500001,69.285,
0,16,,,2.335739135742188,12.2314453125,839.78515625,0.0023359375000000003,5.236523437500001,69.319,
0,16,,,2.3189544677734375,12.143554687500002,840.1953125000001,0.0023190625000000004,5.237109375,69.353,
0,16,,,2.3189544677734375,12.143554687500002,840.6250000000001,0.0023190625000000004,5.237109375,69.387,
0,16,,,2.342987060546875,12.265625000000002,841.0546875,0.002343125,5.235546875000001,69.42,
0,16,,,2.3220062255859375,12.156982421875002,841.4453125,0.0023221875,5.2361328125,69.454,
0,16,,,2.3220062255859375,12.156982421875002,841.8554687500001,0.0023221875,5.2369140625,69.488,
0,16,,,2.353286743164063,12.321777343750002,842.28515625,0.0023534375,5.2369140625,69.523,
0,16,,,2.330780029296875,12.203369140625002,842.71484375,0.0023309375,5.236328125,69.557,
0,16,,,2.330780029296875,12.203369140625002,843.0859375000001,0.0023309375,5.2369140625,69.591,
0,16,,,2.2945404052734375,12.015380859375,843.5156250000001,0.0022946875000000003,5.2369140625,69.624,
0,16,,,2.3338317871093754,12.220458984375002,843.9257812500002,0.0023340625,5.236328125,69.658,
0,16,,,2.3338317871093754,12.220458984375002,844.3554687500001,0.0023350000000000003,5.2367187500000005,69.692,
0,16,,,2.3349761962890625,12.226562500000002,844.7851562500001,0.0023350000000000003,5.2367187500000005,69.727,
0,16,,,2.35595703125,12.337646484375002,845.15625,0.0023559375000000004,5.2369140625,69.761,
0,16,,,2.35595703125,12.337646484375002,845.5859375000001,0.0023137500000000003,5.236523437500001,69.795,
0,16,,,2.3136138916015625,12.114257812500002,846.0156250000001,0.0023137500000000003,5.236523437500001,69.829,
0,16,,,2.3517608642578125,12.315673828125002,846.4453125000001,0.0023518750000000002,5.237109375,69.863,
0,16,,,2.3517608642578125,12.315673828125002,846.81640625,0.0023068750000000003,5.236523437500001,69.896,
0,16,,,2.3067474365234375,12.078857421875,847.2460937500001,0.0023068750000000003,5.236523437500001,69.93,
0,16,,,2.3464202880859375,12.286376953125,847.6757812500001,0.0023465625,5.2367187500000005,69.964,
0,16,,,2.3464202880859375,12.286376953125,848.0859375,0.0023171875000000002,5.2361328125,69.998,
0,16,,,2.317047119140625,12.132568359375002,848.4765625,0.0023171875000000002,5.2361328125,70.032,
0,16,,,2.3227691650390625,12.163085937500002,848.8867187500001,0.0023228125000000002,5.2367187500000005,70.067,
0,16,,,2.31781005859375,12.136230468750002,849.31640625,0.0023181250000000003,5.236328125,70.102,
0,16,,,2.31781005859375,12.136230468750002,849.74609375,0.0023181250000000003,5.236328125,70.136,
0,16,,,2.347183227539063,12.291259765625002,850.1562500000001,0.0023471875000000003,5.237109375,70.17,
0,16,,,2.3380279541015625,12.242431640625002,850.5859375,0.0023381250000000004,5.236328125,70.204,
0,16,,,2.3380279541015625,12.242431640625002,850.9765625000001,0.0023381250000000004,5.236328125,70.238,
0,16,,,2.3372650146484375,12.23876953125,851.3867187500001,0.0023375,5.2367187500000005,70.272,
0,16,,,2.3448944091796875,12.276611328125002,851.8164062500001,0.0023450000000000003,5.2359375,70.306,
0,16,,,2.3448944091796875,12.276611328125002,852.24609375,0.0023450000000000003,5.2359375,70.34,
0,16,,,2.3365020751953125,12.235107421875002,852.67578125,0.0023365625,5.2373046875,70.374,
0,16,,,2.343368530273438,12.269287109375,853.0468750000001,0.0023437500000000003,5.2359375,70.408,
0,16,,,2.343368530273438,12.269287109375,853.4765625,0.0023437500000000003,5.2359375,70.442,
0,16,,,2.353286743164063,12.322998046875,853.9062500000001,0.0023534375,5.2369140625,70.476,
0,16,,,2.329254150390625,12.19482421875,854.3359375,0.0023293750000000003,5.2359375,70.51,
0,16,,,2.329254150390625,12.19482421875,854.7460937500001,0.0023293750000000003,5.2359375,70.544,
0,16,,,2.3147583007812504,12.122802734375,855.1367187500001,0.0023150000000000002,5.237109375,70.578,
0,16,,,2.3601531982421875,12.357177734375002,855.56640625,0.0023603125,5.2361328125,70.612,
0,16,,,2.3601531982421875,12.357177734375002,855.99609375,0.0023603125,5.2361328125,70.646,
0,16,,,2.3300170898437504,12.200927734375,856.40625,0.00233,5.2369140625,70.68,
0,16,,,2.3334503173828125,12.219238281250002,856.8359375000001,0.0023337500000000003,5.236328125,70.715,
0,16,,,2.3334503173828125,12.219238281250002,857.2265625000001,0.0023337500000000003,5.236328125,70.749,
0,16,,,2.3517608642578125,12.315673828125002,857.65625,0.0023518750000000002,5.2369140625,70.783,
0,16,,,2.34222412109375,12.261962890625,858.0664062500001,0.0023421875,5.2359375,70.817,
0,16,,,2.34222412109375,12.261962890625,858.49609375,0.0023421875,5.2359375,70.851,
0,16,,,2.309036254882813,12.09228515625,858.8671875000001,0.0023093750000000002,5.2367187500000005,70.885,
0,16,,,2.3349761962890625,12.225341796875,859.2968750000001,0.0023350000000000003,5.236328125,70.919,
0,16,,,2.3349761962890625,12.225341796875,859.7265625000001,0.0023350000000000003,5.2367187500000005,70.953,
0,16,,,2.3235321044921875,12.16796875,860.1367187500002,0.0023240625,5.2367187500000005,70.987,
0,16,,,2.344512939453125,12.277832031250002,860.5664062500001,0.0023450000000000003,5.2367187500000005,71.021,
0,16,,,2.344512939453125,12.277832031250002,860.9570312500001,0.0023450000000000003,5.237500000000001,71.055,
0,16,,,2.331924438476563,12.211914062500002,861.3867187500001,0.0023321875,5.237500000000001,71.09,
0,16,,,2.336883544921875,12.23876953125,861.7968750000001,0.0023371875000000003,5.2373046875,71.124,
0,16,,,2.336883544921875,12.23876953125,862.2265625000001,0.0023409375,5.2369140625,71.158,
0,16,,,2.3406982421875,12.258300781250002,862.6562500000001,0.0023409375,5.2369140625,71.192,
0,16,,,2.3296356201171875,12.202148437500002,863.0859375000001,0.00233,5.237500000000001,71.226,
0,16,,,2.3296356201171875,12.202148437500002,863.4765625,0.0023553125,5.2369140625,71.26,
0,16,,,2.3551940917968754,12.332763671875002,863.8867187500001,0.0023553125,5.2369140625,71.294,
0,16,,,2.329254150390625,12.197265625000002,864.3164062500001,0.0023293750000000003,5.237109375,71.328,
0,16,,,2.329254150390625,12.197265625000002,864.7265625000001,0.0023293750000000003,5.237109375,71.362,
0,16,,,2.329254150390625,12.197265625000002,865.1171875000001,0.0023293750000000003,5.237109375,71.396,
0,16,,,2.3109436035156254,12.104492187500002,865.5468750000001,0.0023112500000000004,5.237890625,71.43,
0,16,,,2.3109436035156254,12.294921875000002,865.95703125,0.0023481250000000004,5.236523437500001,71.464,
0,16,,,2.3479461669921875,12.294921875000002,866.3867187500002,0.0023481250000000004,5.236523437500001,71.498,
0,16,,,2.3265838623046875,12.185058593750002,866.8164062500001,0.0023268750000000004,5.2373046875,71.532,
0,16,,,2.3742675781250004,12.434082031250002,867.2070312500001,0.002374375,5.237500000000001,71.566,
0,16,,,2.3742675781250004,12.434082031250002,867.63671875,0.002374375,5.237500000000001,71.6,
0,16,,,2.35748291015625,12.347412109375,868.0664062500001,0.0023578125,5.237500000000001,71.634,
0,16,,,2.342987060546875,12.269287109375,868.49609375,0.002343125,5.2369140625,71.668,
0,16,,,2.342987060546875,12.269287109375,868.8671875000001,0.002343125,5.2369140625,71.702,
0,16,,,2.3223876953125004,12.16064453125,869.2968750000001,0.0023225000000000003,5.2369140625,71.736,
0,16,,,2.32696533203125,12.185058593750002,869.7070312500001,0.0023271875000000003,5.2369140625,71.77,
0,16,,,2.32696533203125,12.185058593750002,870.1367187500001,0.0023271875000000003,5.2369140625,71.804,
0,16,,,2.3372650146484375,12.239990234375002,870.5273437500001,0.0023375,5.2367187500000005,71.838,
0,16,,,2.33612060546875,12.235107421875002,870.9570312500001,0.0023362500000000002,5.237500000000001,71.872,
0,16,,,2.33612060546875,12.235107421875002,871.3671875000002,0.0023362500000000002,5.237500000000001,71.906,
0,16,,,2.3372650146484375,12.23876953125,871.7968750000001,0.0023375,5.237109375,71.94,
0,16,,,2.325439453125,12.176513671875,872.1875000000001,0.002325625,5.236523437500001,71.974,
0,16,,,2.325439453125,12.176513671875,872.59765625,0.002325625,5.236523437500001,72.008,
0,16,,,2.325439453125,12.176513671875,873.0273437500001,0.002325625,5.2369140625,72.042,
0,16,,,2.3380279541015625,12.244873046875,873.4570312500001,0.0023381250000000004,5.2373046875,72.076,
0,16,,,2.3380279541015625,12.244873046875,873.8671875,0.0023381250000000004,5.2373046875,72.11,
0,16,,,2.34222412109375,12.264404296875002,874.2578125,0.0023421875,5.2367187500000005,72.145,
0,16,,,2.32391357421875,12.17041015625,874.6875000000002,0.0023240625,5.2373046875,72.179,
0,16,,,2.32391357421875,12.17041015625,875.09765625,0.0023240625,5.2373046875,72.213,
0,16,,,2.3101806640625,12.098388671875002,875.52734375,0.0023103125000000003,5.237500000000001,72.247,
0,16,,,2.3265838623046875,12.183837890625,875.9375,0.0023268750000000004,5.237109375,72.281,
0,16,,,2.3265838623046875,12.183837890625,876.3281250000001,0.0023268750000000004,5.237109375,72.315,
0,16,,,2.3143768310546875,12.119140625000002,876.7382812500002,0.002314375,5.237109375,72.349,
0,16,,,2.324676513671875,12.175292968750002,877.1679687500001,0.0023250000000000002,5.2373046875,72.383,
0,16,,,2.324676513671875,12.175292968750002,877.5976562500001,0.0023250000000000002,5.2373046875,72.417,
0,16,,,2.3212432861328125,12.155761718750002,877.96875,0.0023215625000000003,5.2369140625,72.45,
0,16,,,2.3704528808593754,12.413330078125002,878.3984375000001,0.0023706250000000003,5.2367187500000005,72.484,
0,16,,,2.3704528808593754,12.413330078125002,878.8281250000001,0.0023706250000000003,5.2367187500000005,72.518,
0,16,,,2.3162841796875,12.128906250000002,879.2578125000001,0.0023165625,5.2369140625,72.552,
0,16,,,2.3487091064453125,12.2998046875,879.62890625,0.0023490625,5.236523437500001,72.586,
0,16,,,2.3487091064453125,12.2998046875,880.0585937500002,0.0023490625,5.237109375,72.621,
0,16,,,2.32391357421875,12.17041015625,880.4882812500001,0.002324375,5.237109375,72.655,
0,16,,,2.3258209228515625,12.180175781250002,880.8984375,0.0023259375000000003,5.2373046875,72.689,
0,16,,,2.3258209228515625,12.180175781250002,881.3281250000001,0.0023259375000000003,5.2369140625,72.723,
0,16,,,2.3410797119140625,12.258300781250002,881.7187500000001,0.0023409375,5.2369140625,72.757,
0,16,,,2.3380279541015625,12.244873046875,882.1484375000001,0.0023384375000000002,5.2369140625,72.79,
0,16,,,2.3380279541015625,12.244873046875,882.55859375,0.00235125,5.236328125,72.824,
0,16,,,2.350997924804688,12.310791015625002,882.9882812500002,0.00235125,5.236328125,72.858,
0,16,,,2.3334503173828125,12.216796875000002,883.3789062500001,0.0023334375,5.2361328125,72.892,
0,16,,,2.3334503173828125,12.216796875000002,883.8085937500001,0.0023390625,5.2369140625,72.926,
0,16,,,2.3387908935546875,12.247314453125002,884.21875,0.0023390625,5.2369140625,72.96,
0,16,,,2.3273468017578125,12.187500000000002,884.6484375000001,0.0023275,5.236523437500001,72.994,
0,16,,,2.3273468017578125,12.187500000000002,885.0390625000002,0.0023321875,5.2361328125,73.028,
0,16,,,2.331924438476563,12.210693359375002,885.44921875,0.0023321875,5.2361328125,73.062,
0,16,,,2.3349761962890625,12.227783203125002,885.87890625,0.0023353125,5.2369140625,73.096,
0,16,,,2.3349761962890625,12.227783203125002,886.3085937500001,0.00237375,5.2367187500000005,73.13,
0,16,,,2.373504638671875,12.429199218750002,886.7382812500001,0.00237375,5.2367187500000005,73.164,
0,16,,,2.3120880126953125,12.10693359375,887.1484375,0.0023121875,5.237109375,73.199,
0,16,,,2.357101440429688,12.342529296875002,887.5390625,0.0023575000000000002,5.2361328125,73.233,
0,16,,,2.357101440429688,12.342529296875002,887.9687500000002,0.0023575000000000002,5.2361328125,73.267,
0,16,,,2.3197174072265625,12.149658203125002,888.3984375000001,0.00232,5.237109375,73.301,
0,16,,,2.3365020751953125,12.233886718750002,888.80859375,0.0023365625,5.2361328125,73.335,
0,16,,,2.3365020751953125,12.233886718750002,889.19921875,0.0023365625,5.2361328125,73.369,
0,16,,,2.32696533203125,12.186279296875002,889.6289062500001,0.0023268750000000004,5.2376953125000005,73.403,
0,16,,,2.3464202880859375,12.285156250000002,890.0390625000001,0.0023465625,5.236523437500001,73.437,
0,16,,,2.3464202880859375,12.285156250000002,890.46875,0.0023465625,5.236523437500001,73.471,
0,16,,,2.3109436035156254,12.100830078125002,890.859375,0.0023109375,5.236523437500001,73.505,
0,16,,,2.327728271484375,12.187500000000002,891.2695312500001,0.0023278125,5.236523437500001,73.539,
0,16,,,2.327728271484375,12.187500000000002,891.6796875000001,0.0023278125,5.236523437500001,73.573,
0,16,,,2.31170654296875,12.104492187500002,892.1093750000001,0.002311875,5.236523437500001,73.607,
0,16,,,2.3414611816406254,12.260742187500002,892.5390625,0.0023415625000000003,5.2367187500000005,73.641,
0,16,,,2.3414611816406254,12.260742187500002,892.9296875000001,0.0023415625000000003,5.2367187500000005,73.675,
0,16,,,2.3372650146484375,12.23876953125,893.3593750000001,0.0023375,5.236523437500001,73.709,
0,16,,,2.339935302734375,12.253417968750002,893.7695312500001,0.00234,5.237500000000001,73.743,
0,16,,,2.339935302734375,12.253417968750002,894.1992187500001,0.00234,5.237500000000001,73.777,
0,16,,,2.3311614990234375,12.20703125,894.5898437500001,0.0023315625000000003,5.236523437500001,73.811,
0,16,,,2.320098876953125,12.149658203125002,895.0000000000001,0.0023203125000000003,5.236523437500001,73.845,
0,16,,,2.320098876953125,12.149658203125002,895.4296875000001,0.0023203125000000003,5.236523437500001,73.879,
0,16,,,2.32696533203125,12.185058593750002,895.83984375,0.0023271875000000003,5.2367187500000005,73.913,
0,16,,,2.3418426513671875,12.263183593750002,896.23046875,0.002341875,5.237109375,73.947,
0,16,,,2.3418426513671875,12.263183593750002,896.6601562500002,0.002341875,5.237109375,73.981,
0,16,,,2.3731231689453125,12.426757812500002,897.0898437500001,0.0023734375,5.2369140625,74.015,
0,16,,,2.3159027099609375,12.128906250000002,897.5,0.00231625,5.237109375,74.049,
0,16,,,2.3159027099609375,12.128906250000002,897.890625,0.00231625,5.237109375,74.083,
0,16,,,2.336883544921875,12.236328125000002,898.3203125000001,0.0023371875000000003,5.2367187500000005,74.117,
0,16,,,2.3406982421875,12.257080078125002,898.7500000000001,0.0023409375,5.2367187500000005,74.151,
0,16,,,2.3406982421875,12.257080078125002,899.16015625,0.0023409375,5.2367187500000005,74.185,
0,16,,,2.3181915283203125,12.138671875000002,899.55078125,0.0023184375,5.2367187500000005,74.219,
0,16,,,2.353286743164063,12.321777343750002,899.9804687500001,0.0023534375,5.236523437500001,74.253,
0,16,,,2.353286743164063,12.321777343750002,900.390625,0.0023534375,5.2361328125,74.287,
0,16,,,2.3300170898437504,12.199707031250002,900.8203125,0.00233,5.2361328125,74.321,
0,16,,,2.3311614990234375,12.205810546875002,901.2500000000001,0.00233125,5.2361328125,74.355,
0,16,,,2.3311614990234375,12.205810546875002,901.6601562500001,0.00233125,5.2367187500000005,74.389,
0,16,,,2.3136138916015625,12.114257812500002,902.05078125,0.0023137500000000003,5.2367187500000005,74.423,
0,16,,,2.338409423828125,12.243652343750002,902.48046875,0.0023384375000000002,5.236523437500001,74.457,
0,16,,,2.338409423828125,12.243652343750002,902.8906250000001,0.0023362500000000002,5.2369140625,74.491,
0,16,,,2.33612060546875,12.233886718750002,903.3203125,0.0023362500000000002,5.2369140625,74.525,
0,16,,,2.331924438476563,12.209472656250002,903.7109375000001,0.0023321875,5.2359375,74.559,
0,16,,,2.331924438476563,12.209472656250002,904.140625,0.0023484375000000003,5.237109375,74.593,
0,16,,,2.34832763671875,12.297363281250002,904.5507812500001,0.0023484375000000003,5.237109375,74.627,
0,16,,,2.3262023925781254,12.181396484375002,904.98046875,0.0023265625,5.236328125,74.661,
0,16,,,2.3262023925781254,12.181396484375002,905.3515625000001,0.0023178125,5.236523437500001,74.695,
0,16,,,2.31781005859375,12.136230468750002,905.7812500000001,0.0023178125,5.236523437500001,74.729,
0,16,,,2.3120880126953125,12.10693359375,906.2109375,0.0023125000000000003,5.2367187500000005,74.763,
0,16,,,2.3120880126953125,12.10693359375,906.6210937500001,0.0023434375,5.2361328125,74.797,
0,16,,,2.342987060546875,12.26806640625,907.0507812500001,0.0023434375,5.2361328125,74.831,
0,16,,,2.3349761962890625,12.225341796875,907.4414062500001,0.0023350000000000003,5.236328125,74.865,
0,16,,,2.3349761962890625,12.239990234375002,907.8515625,0.0023378125,5.236523437500001,74.899,
0,16,,,2.3376464843750004,12.239990234375002,908.2812500000001,0.0023378125,5.236523437500001,74.933,
0,16,,,2.3311614990234375,12.20703125,908.7109375000001,0.00233125,5.236523437500001,74.967,
0,16,,,2.3174285888671875,12.1337890625,909.0820312500001,0.0023175,5.236328125,75.001,
0,16,,,2.3174285888671875,12.1337890625,909.51171875,0.0023175,5.236328125,75.035,
0,16,,,2.309036254882813,12.089843750000002,909.9218750000001,0.0023090625000000004,5.236328125,75.069,
0,16,,,2.3448944091796875,12.276611328125002,910.3515625,0.0023450000000000003,5.2359375,75.103,
0,16,,,2.3448944091796875,12.276611328125002,910.7421875,0.0023450000000000003,5.2359375,75.137,
0,16,,,2.3075103759765625,12.082519531250002,911.1523437500001,0.0023075,5.2367187500000005,75.171,
0,16,,,2.3406982421875,12.255859375,911.58203125,0.0023409375,5.236328125,75.205,
0,16,,,2.3406982421875,12.255859375,912.0117187500001,0.0023409375,5.236328125,75.239,
0,16,,,2.3475646972656254,12.293701171875002,912.4023437500001,0.0023475,5.2376953125000005,75.274,
0,16,,,2.3258209228515625,12.177734375,912.8515625000001,0.0023259375000000003,5.236523437500001,75.308,
0,16,,,2.3258209228515625,12.177734375,913.2421875000001,0.0023259375000000003,5.236523437500001,75.342,
0,16,,,2.3220062255859375,12.158203125000002,913.6523437500001,0.0023221875,5.2367187500000005,75.376,
0,16,,,2.3197174072265625,12.14599609375,914.0820312500001,0.0023196875,5.2367187500000005,75.41,
0,16,,,2.3197174072265625,12.14599609375,914.4921875,0.0023196875,5.2367187500000005,75.444,
0,16,,,2.328109741210938,12.191162109375,914.8828125,0.0023284375,5.2367187500000005,75.478,
0,16,,,2.30865478515625,12.088623046875002,915.2929687500001,0.00230875,5.2369140625,75.512,
0,16,,,2.30865478515625,12.088623046875002,915.72265625,0.00230875,5.2369140625,75.546,
0,16,,,2.3262023925781254,12.181396484375002,916.15234375,0.0023265625,5.236328125,75.58,
0,16,,,2.3334503173828125,12.220458984375002,916.54296875,0.0023337500000000003,5.2369140625,75.614,
0,16,,,2.3334503173828125,12.220458984375002,916.953125,0.0023337500000000003,5.2369140625,75.648,
0,16,,,2.358245849609375,12.347412109375,917.3828125000001,0.0023584375000000003,5.236328125,75.682,
0,16,,,2.321624755859375,12.156982421875002,917.8125,0.002321875,5.2369140625,75.716,
0,16,,,2.321624755859375,12.156982421875002,918.203125,0.002321875,5.2369140625,75.75,
0,16,,,2.34832763671875,12.296142578125002,918.6132812500001,0.0023484375000000003,5.2367187500000005,75.784,
0,16,,,2.350997924804688,12.310791015625002,919.04296875,0.0023509375,5.237109375,75.818,
0,16,,,2.350997924804688,12.310791015625002,919.47265625,0.0023509375,5.237109375,75.852,
0,16,,,2.331924438476563,12.209472656250002,919.9023437500001,0.002331875,5.236523437500001,75.886,
0,16,,,2.3162841796875,12.127685546875002,920.2734375000001,0.0023165625,5.236328125,75.92,
0,16,,,2.3162841796875,12.127685546875002,920.7031250000001,0.0023165625,5.236328125,75.954,
0,16,,,2.3567199707031254,12.340087890625002,921.1328125,0.0023565625,5.2367187500000005,75.988,
0,16,,,2.3437500000000004,12.271728515625002,921.5625000000002,0.0023440625000000002,5.2359375,76.022,
0,16,,,2.3437500000000004,12.271728515625002,921.9335937500001,0.0023440625000000002,5.2369140625,76.056,
0,16,,,2.3220062255859375,12.159423828125002,922.3437500000001,0.0023221875,5.2369140625,76.09,
0,16,,,2.301788330078125,12.053222656250002,922.7734375000001,0.0023021875,5.236328125,76.124,
0,16,,,2.301788330078125,12.053222656250002,923.2031250000001,0.002331875,5.2361328125,76.158,
0,16,,,2.33154296875,12.208251953125,923.5937500000001,0.002331875,5.2361328125,76.191,
0,16,,,2.3426055908203125,12.265625000000002,924.0039062500002,0.0023425000000000004,5.236328125,76.225,
0,16,,,2.3426055908203125,12.265625000000002,924.4335937500001,0.0023084375,5.2373046875,76.259,
0,16,,,2.3082733154296875,12.087402343750002,924.84375,0.0023084375,5.2373046875,76.293,
0,16,,,2.3593902587890625,12.353515625,925.2734375000001,0.0023596875000000002,5.236328125,76.328,
0,16,,,2.3593902587890625,12.353515625,925.6640625000001,0.0023259375000000003,5.2369140625,76.362,
0,16,,,2.3258209228515625,12.180175781250002,926.0937500000001,0.0023259375000000003,5.2369140625,76.396,
0,16,,,2.321624755859375,12.155761718750002,926.50390625,0.002321875,5.236523437500001,76.43,
0,16,,,2.321624755859375,12.155761718750002,926.9335937500002,0.002363125,5.237109375,76.464,
0,16,,,2.3628234863281254,12.374267578125,927.3242187500001,0.002363125,5.237109375,76.498,
0,16,,,2.328109741210938,12.191162109375,927.7539062500001,0.0023284375,5.2369140625,76.532,
0,16,,,2.328109741210938,12.432861328125002,928.18359375,0.0023746875,5.236523437500001,76.566,
0,16,,,2.3742675781250004,12.432861328125002,928.5937500000001,0.0023746875,5.236523437500001,76.6,
0,16,,,2.323150634765625,12.165527343750002,929.0234375000001,0.0023234375,5.2369140625,76.634,
0,16,,,2.3303985595703125,12.202148437500002,929.4140625000001,0.0023306250000000002,5.2361328125,76.668,
0,16,,,2.3303985595703125,12.202148437500002,929.82421875,0.0023306250000000002,5.2361328125,76.702,
0,16,,,2.33306884765625,12.219238281250002,930.2539062500001,0.0023334375,5.237500000000001,76.736,
0,16,,,2.3681640625000004,12.402343750000002,930.6835937500001,0.0023684375000000003,5.237109375,76.77,
0,16,,,2.3681640625000004,12.402343750000002,931.0742187500001,0.0023684375000000003,5.237109375,76.804,
0,16,,,2.331924438476563,12.211914062500002,931.484375,0.0023321875,5.2369140625,76.838,
0,16,,,2.3284912109375,12.192382812500002,931.9140625000002,0.0023284375,5.2369140625,76.872,
0,16,,,2.3284912109375,12.192382812500002,932.3437500000001,0.0023284375,5.2369140625,76.906,
0,16,,,2.3437500000000004,12.275390625,932.7343750000001,0.0023440625000000002,5.237500000000001,76.94,
0,16,,,2.3403167724609375,12.254638671875002,933.14453125,0.0023406250000000003,5.2367187500000005,76.974,
0,16,,,2.3403167724609375,12.254638671875002,933.5742187500001,0.0023406250000000003,5.2367187500000005,77.008,
0,16,,,2.323150634765625,12.166748046875002,934.0039062500001,0.0023234375,5.2373046875,77.042,
0,16,,,2.335357666015625,12.22900390625,934.3750000000001,0.0023353125,5.2373046875,77.076,
0,16,,,2.335357666015625,12.22900390625,934.8046875,0.0023353125,5.2373046875,77.11,
0,16,,,2.3223876953125004,12.161865234375002,935.2343750000002,0.0023225000000000003,5.237109375,77.144,
0,16,,,2.32391357421875,12.169189453125002,935.64453125,0.0023240625,5.2369140625,77.178,
0,16,,,2.32391357421875,12.169189453125002,936.07421875,0.0023240625,5.2369140625,77.212,
0,16,,,2.329254150390625,12.198486328125,936.46484375,0.0023293750000000003,5.237500000000001,77.246,
0,16,,,2.33917236328125,12.250976562500002,936.8750000000001,0.0023393750000000003,5.237890625,77.28,
0,16,,,2.33917236328125,12.250976562500002,937.3046875000001,0.0023393750000000003,5.237890625,77.314,
0,16,,,2.3475646972656254,12.294921875000002,937.734375,0.0023478125,5.237109375,77.349,
0,16,,,2.338409423828125,12.246093750000002,938.1445312500001,0.00233875,5.237109375,77.383,
0,16,,,2.338409423828125,12.246093750000002,938.5351562500001,0.00233875,5.237109375,77.417,
0,16,,,2.323150634765625,12.164306640625,938.96484375,0.0023234375,5.236523437500001,77.451,
0,16,,,2.3174285888671875,12.137451171875,939.39453125,0.0023178125,5.2373046875,77.485,
0,16,,,2.3174285888671875,12.137451171875,939.8046875000001,0.0023178125,5.2373046875,77.519,
0,16,,,2.3448944091796875,12.279052734375002,940.1953125000001,0.0023450000000000003,5.2369140625,77.553,
0,16,,,2.307891845703125,12.086181640625,940.625,0.0023081250000000003,5.2369140625,77.586,
0,16,,,2.307891845703125,12.086181640625,941.0351562500001,0.0023081250000000003,5.2369140625,77.62,
0,16,,,2.3593902587890625,12.355957031250002,941.4648437500001,0.0023593750000000004,5.2373046875,77.654,
0,16,,,2.3197174072265625,12.147216796875,941.89453125,0.00232,5.2369140625,77.688,
0,16,,,2.3197174072265625,12.147216796875,942.2656250000001,0.00232,5.2359375,77.722,
0,16,,,2.316665649414063,12.128906250000002,942.6953125000001,0.0023168750000000004,5.2359375,77.756,
0,16,,,2.335357666015625,12.227783203125002,943.10546875,0.0023353125,5.236523437500001,77.79,
0,16,,,2.335357666015625,12.227783203125002,943.5351562500002,0.00235,5.236523437500001,77.824,
0,16,,,2.349853515625,12.304687500000002,943.9257812500001,0.00235,5.236523437500001,77.858,
0,16,,,2.324676513671875,12.174072265625002,944.3554687500001,0.0023246875000000004,5.237109375,77.892,
0,16,,,2.324676513671875,12.174072265625002,944.765625,0.0023415625000000003,5.236523437500001,77.926,
0,16,,,2.3414611816406254,12.259521484375,945.1953125000001,0.0023415625000000003,5.236523437500001,77.96,
0,16,,,2.31170654296875,12.104492187500002,945.5859375000002,0.002311875,5.2367187500000005,77.994,
0,16,,,2.31170654296875,12.104492187500002,946.0156250000001,0.0023650000000000003,5.236328125,78.028,
0,16,,,2.364730834960938,12.382812500000002,946.42578125,0.0023650000000000003,5.236328125,78.062,
0,16,,,2.3250579833984375,12.175292968750002,946.8554687500001,0.0023253125,5.2367187500000005,78.096,
0,16,,,2.3250579833984375,12.175292968750002,947.2265625,0.0023268750000000004,5.2367187500000005,78.13,
0,16,,,2.3265838623046875,12.182617187500002,947.6562500000001,0.0023268750000000004,5.2367187500000005,78.164,
0,16,,,2.3258209228515625,12.180175781250002,948.0859375,0.0023259375000000003,5.2369140625,78.198,
0,16,,,2.3258209228515625,12.180175781250002,948.4960937500001,0.0023153125,5.237109375,78.232,
0,16,,,2.3151397705078125,12.124023437500002,948.92578125,0.0023153125,5.237109375,78.266,
0,16,,,2.3593902587890625,12.353515625,949.31640625,0.0023593750000000004,5.236523437500001,78.3,
0,16,,,2.3593902587890625,12.196044921875002,949.7265625000001,0.0023290625000000004,5.237109375,78.334,
0,16,,,2.3288726806640625,12.196044921875002,950.1757812500001,0.0023290625000000004,5.237109375,78.368,
0,16,,,2.3593902587890625,12.355957031250002,950.5859375000001,0.0023596875000000002,5.2369140625,78.403,
0,16,,,2.345657348632813,12.283935546875002,951.015625,0.0023459375000000004,5.2369140625,78.437,
0,16,,,2.345657348632813,12.283935546875002,951.40625,0.0023459375000000004,5.2369140625,78.471,
0,16,,,2.376556396484375,12.443847656250002,951.8359375000002,0.002376875,5.236328125,78.505,
0,16,,,2.327728271484375,12.188720703125002,952.2656250000001,0.0023278125,5.2367187500000005,78.539,
0,16,,,2.327728271484375,12.188720703125002,952.67578125,0.0023278125,5.2367187500000005,78.573,
0,16,,,2.3376464843750004,12.23876953125,953.06640625,0.0023378125,5.2359375,78.607,
0,16,,,2.312469482421875,12.109375,953.4765625000001,0.0023128125,5.2367187500000005,78.641,
0,16,,,2.312469482421875,12.109375,953.9062500000001,0.0023128125,5.2367187500000005,78.675,
0,16,,,2.32391357421875,12.166748046875002,954.3359375,0.0023240625,5.2359375,78.709,
0,16,,,2.3181915283203125,12.141113281250002,954.7070312500001,0.0023184375,5.237500000000001,78.743,
0,16,,,2.3181915283203125,12.141113281250002,955.1367187500001,0.0023184375,5.237500000000001,78.777,
0,16,,,2.3406982421875,12.254638671875002,955.5468750000001,0.0023409375,5.2359375,78.811,
0,16,,,2.3147583007812504,12.120361328125002,955.9765625000001,0.0023150000000000002,5.236523437500001,78.845,
0,16,,,2.3147583007812504,12.120361328125002,956.4062500000001,0.0023150000000000002,5.236523437500001,78.879,
0,16,,,2.3227691650390625,12.161865234375002,956.77734375,0.002323125,5.2359375,78.913,
0,16,,,2.312469482421875,12.108154296875002,957.2070312500002,0.0023125000000000003,5.2369140625,78.946,
0,16,,,2.312469482421875,12.108154296875002,957.6367187500001,0.0023125000000000003,5.2369140625,78.98,
0,16,,,2.3418426513671875,12.261962890625,958.046875,0.0023421875,5.2361328125,79.014,
0,16,,,2.3284912109375,12.193603515625002,958.4375,0.0023284375,5.237500000000001,79.048,
0,16,,,2.3284912109375,12.193603515625002,958.8671875000001,0.0023284375,5.237500000000001,79.082,
0,16,,,2.364730834960938,12.380371093750002,959.2773437500001,0.0023646875,5.2357421875000005,79.116,
0,16,,,2.3334503173828125,12.220458984375002,959.70703125,0.0023337500000000003,5.237109375,79.15,
0,16,,,2.3334503173828125,12.220458984375002,960.0976562500002,0.0023337500000000003,5.237109375,79.184,
0,16,,,2.346038818359375,12.285156250000002,960.5273437500001,0.0023462500000000002,5.2369140625,79.218,
0,16,,,2.330780029296875,12.205810546875002,960.9570312500001,0.00233125,5.2367187500000005,79.252,
0,16,,,2.330780029296875,12.205810546875002,961.3671875000001,0.00233125,5.2367187500000005,79.286,
0,16,,,2.3513793945312504,12.312011718750002,961.7578125000001,0.0023515625000000004,5.236523437500001,79.32,
0,16,,,2.3517608642578125,12.315673828125002,962.1875000000002,0.0023521875,5.2369140625,79.354,
0,16,,,2.3517608642578125,12.315673828125002,962.6171875000001,0.0023521875,5.2369140625,79.388,
0,16,,,2.3303985595703125,12.202148437500002,963.0273437500002,0.0023309375,5.2361328125,79.422,
0,16,,,2.3418426513671875,12.261962890625,963.4570312500001,0.002341875,5.2367187500000005,79.457,
0,16,,,2.3418426513671875,12.261962890625,963.8867187500001,0.002341875,5.2361328125,79.491,
0,16,,,2.3250579833984375,12.174072265625002,964.2578125000001,0.0023253125,5.2361328125,79.525,
0,16,,,2.325439453125,12.177734375,964.6875000000001,0.002325625,5.236523437500001,79.559,
0,16,,,2.325439453125,12.177734375,965.1171875000002,0.002354375,5.2367187500000005,79.593,
0,16,,,2.3540496826171875,12.327880859375002,965.5468750000001,0.002354375,5.2367187500000005,79.627,
0,16,,,2.3406982421875,12.257080078125002,965.9375000000001,0.0023406250000000003,5.2369140625,79.661,
0,16,,,2.3406982421875,12.257080078125002,966.3476562500002,0.0023278125,5.2369140625,79.695,
0,16,,,2.327728271484375,12.189941406250002,966.7773437500001,0.0023278125,5.2369140625,79.729,
0,16,,,2.3284912109375,12.192382812500002,967.2070312500001,0.0023284375,5.2367187500000005,79.763,
0,16,,,2.3284912109375,12.192382812500002,967.5781250000001,0.0023493750000000003,5.237109375,79.797,
0,16,,,2.3490905761718754,12.302246093750002,968.0078125000002,0.0023493750000000003,5.237109375,79.831,
0,16,,,2.324295043945313,12.172851562500002,968.4375000000002,0.002324375,5.2373046875,79.865,
0,16,,,2.324295043945313,12.172851562500002,968.84765625,0.0023234375,5.237109375,79.899,
0,16,,,2.323150634765625,12.165527343750002,969.23828125,0.0023234375,5.237109375,79.933,
0,16,,,2.313232421875,12.110595703125002,969.6484375000001,0.0023134375000000004,5.2361328125,79.967,
0,16,,,2.313232421875,12.219238281250002,970.0781250000001,0.0023337500000000003,5.237109375,80.001,
0,16,,,2.3334503173828125,12.219238281250002,970.5078125000001,0.0023337500000000003,5.237109375,80.035,
0,16,,,2.324295043945313,12.171630859375002,970.9179687500001,0.002324375,5.2369140625,80.069,
0,16,,,2.3075103759765625,12.0849609375,971.3085937500001,0.0023078125000000004,5.237500000000001,80.103,
0,16,,,2.3075103759765625,12.0849609375,971.7382812500001,0.0023078125000000004,5.237500000000001,80.137,
0,16,,,2.364730834960938,12.382812500000002,972.1484375000001,0.0023650000000000003,5.2367187500000005,80.171,
0,16,,,2.3365020751953125,12.236328125000002,972.5781250000001,0.002336875,5.237109375,80.205,
0,16,,,2.3365020751953125,12.236328125000002,972.9687500000001,0.002336875,5.237109375,80.239,
0,16,,,2.3151397705078125,12.124023437500002,973.3789062500002,0.0023153125,5.2367187500000005,80.273,
0,16,,,2.3284912109375,12.193603515625002,973.8085937500002,0.0023284375,5.2373046875,80.307,
0,16,,,2.3284912109375,12.193603515625002,974.2382812500001,0.0023284375,5.2373046875,80.341,
0,16,,,2.3418426513671875,12.263183593750002,974.6289062500001,0.0023421875,5.2369140625,80.375,
0,16,,,2.3143768310546875,12.121582031250002,975.0390625000001,0.002314375,5.237890625,80.409,
0,16,,,2.3143768310546875,12.121582031250002,975.4687500000001,0.002314375,5.237890625,80.443,
0,16,,,2.328109741210938,12.191162109375,975.8789062500001,0.0023284375,5.2367187500000005,80.477,
0,16,,,2.3273468017578125,12.188720703125002,976.3085937500002,0.0023275,5.237890625,80.511,
0,16,,,2.3273468017578125,12.188720703125002,976.6992187500002,0.0023275,5.237890625,80.545,
0,16,,,2.3265838623046875,12.181396484375002,977.1093750000001,0.0023268750000000004,5.236328125,80.579,
0,16,,,2.3387908935546875,12.248535156250002,977.5390625,0.0023390625,5.2373046875,80.613,
0,16,,,2.3387908935546875,12.248535156250002,977.9687500000001,0.0023390625,5.2373046875,80.647,
0,16,,,2.3258209228515625,12.178955078125002,978.3789062500001,0.0023259375000000003,5.236523437500001,80.681,
0,16,,,2.3197174072265625,12.148437500000002,978.7695312500001,0.00232,5.2369140625,80.715,
0,16,,,2.3197174072265625,12.148437500000002,979.19921875,0.00232,5.2369140625,80.749,
0,16,,,2.3719787597656254,12.421875,979.6289062500002,0.0023721875,5.2369140625,80.783,
0,16,,,2.31781005859375,12.138671875000002,980.0390625000001,0.0023178125,5.2376953125000005,80.817,
0,16,,,2.31781005859375,12.138671875000002,980.4296875,0.0023178125,5.2376953125000005,80.851,
0,16,,,2.342987060546875,12.269287109375,980.8398437500001,0.002343125,5.2367187500000005,80.885,
0,16,,,2.305221557617188,12.073974609375002,981.2695312500001,0.0023053125,5.237500000000001,80.919,
0,16,,,2.305221557617188,12.073974609375002,981.6992187500001,0.0023053125,5.237500000000001,80.953,
0,16,,,2.373504638671875,12.427978515625,982.0898437500001,0.0023734375,5.236523437500001,80.987,
0,16,,,2.3036956787109375,12.064208984375002,982.5000000000001,0.0023037500000000002,5.237109375,81.021,
0,16,,,2.3036956787109375,12.064208984375002,982.9296875000001,0.0023037500000000002,5.237109375,81.055,
0,16,,,2.344512939453125,12.276611328125002,983.359375,0.0023446875,5.2369140625,81.089,
0,16,,,2.3452758789062504,12.280273437500002,983.7500000000001,0.002345625,5.236523437500001,81.123,
0,16,,,2.3452758789062504,12.280273437500002,984.1601562500002,0.002345625,5.236328125,81.157,
0,16,,,2.3345947265625,12.224121093750002,984.5898437500001,0.0023350000000000003,5.236328125,81.191,
0,16,,,2.344512939453125,12.275390625,985.0195312500001,0.002344375,5.2367187500000005,81.225,
0,16,,,2.344512939453125,12.275390625,985.4101562500001,0.002344375,5.2361328125,81.259,
0,16,,,2.3490905761718754,12.2998046875,985.8203125000001,0.0023493750000000003,5.2361328125,81.293,
0,16,,,2.3284912109375,12.193603515625002,986.2500000000001,0.00232875,5.2369140625,81.327,
0,16,,,2.3284912109375,12.193603515625002,986.6601562500001,0.0023203125000000003,5.236328125,81.361,
0,16,,,2.320098876953125,12.147216796875,987.0898437500002,0.0023203125000000003,5.236328125,81.395,
0,16,,,2.321624755859375,12.158203125000002,987.4804687500002,0.002321875,5.2373046875,81.429,
0,16,,,2.321624755859375,12.158203125000002,987.9101562500001,0.0023503125000000004,5.2367187500000005,81.463,
0,16,,,2.3502349853515625,12.305908203125,988.3203125000002,0.0023503125000000004,5.2367187500000005,81.497,
0,16,,,2.34832763671875,12.297363281250002,988.7500000000001,0.0023484375000000003,5.2367187500000005,81.531,
0,16,,,2.34832763671875,12.297363281250002,989.1796875000001,0.002331875,5.236328125,81.565,
0,16,,,2.33154296875,12.208251953125,989.5507812500001,0.002331875,5.236328125,81.599,
0,16,,,2.3406982421875,12.258300781250002,989.9804687500002,0.0023409375,5.2373046875,81.633,
0,16,,,2.3406982421875,12.258300781250002,990.4101562500002,0.0023290625000000004,5.236328125,81.667,
0,16,,,2.3288726806640625,12.193603515625002,990.8398437500001,0.0023290625000000004,5.236328125,81.701,
0,16,,,2.330780029296875,12.20703125,991.2109375,0.0023309375,5.237109375,81.735,
0,16,,,2.327728271484375,12.187500000000002,991.6406250000001,0.0023278125,5.2361328125,81.769,
0,16,,,2.327728271484375,12.187500000000002,992.0507812500001,0.0023278125,5.2361328125,81.803,
0,16,,,2.301788330078125,12.053222656250002,992.4804687500001,0.002301875,5.2367187500000005,81.837,
0,16,,,2.3303985595703125,12.202148437500002,992.8515625000002,0.0023306250000000002,5.2361328125,81.871,
0,16,,,2.3303985595703125,12.202148437500002,993.2812500000001,0.0023306250000000002,5.2361328125,81.905,
0,16,,,2.347183227539063,12.2900390625,993.7109375000001,0.0023475,5.236523437500001,81.939,
0,16,,,2.360916137695313,12.359619140625,994.140625,0.0023609375,5.2359375,81.973,
0,16,,,2.360916137695313,12.359619140625,994.5312500000001,0.0023609375,5.2359375,82.007,
0,16,,,2.3273468017578125,12.188720703125002,994.9414062500001,0.0023275,5.2373046875,82.041,
0,16,,,2.360916137695313,12.362060546875002,995.3906250000002,0.00236125,5.236523437500001,82.075,
0,16,,,2.360916137695313,12.362060546875002,995.80078125,0.00236125,5.236523437500001,82.109,
0,16,,,2.3296356201171875,12.197265625000002,996.2304687500002,0.0023296875,5.236328125,82.143,
0,16,,,2.34222412109375,12.263183593750002,996.6210937500002,0.0023421875,5.236328125,82.177,
0,16,,,2.34222412109375,12.263183593750002,997.03125,0.0023421875,5.236328125,82.211,
0,16,,,2.3342132568359375,12.2216796875,997.4609375000001,0.002334375,5.236328125,82.245,
0,16,,,2.3807525634765625,12.4658203125,997.8906250000001,0.0023809375000000002,5.2361328125,82.279,
0,16,,,2.3807525634765625,12.4658203125,998.2812500000002,0.0023809375000000002,5.2361328125,82.313,
0,16,,,2.3189544677734375,12.142333984375002,998.7109375000002,0.0023190625000000004,5.2367187500000005,82.347,
0,16,,,2.362060546875,12.369384765625002,999.1406250000001,0.0023621875,5.2373046875,82.381,
0,16,,,2.362060546875,12.369384765625002,999.5507812500002,0.0023621875,5.2373046875,82.415,
0,16,,,2.358627319335938,12.352294921875002,999.9414062500001,0.00235875,5.237500000000001,82.449,
0,16,,,2.344512939453125,12.276611328125002,1000.3710937500001,0.0023446875,5.2361328125,82.483,
0,16,,,2.344512939453125,12.276611328125002,1000.8007812500001,0.0023446875,5.2361328125,82.517,
0,16,,,2.315521240234375,12.124023437500002,1001.2109375000002,0.002315625,5.2367187500000005,82.55,
0,16,,,2.3475646972656254,12.29248046875,1001.6406250000001,0.0023478125,5.236328125,82.585,
0,16,,,2.3475646972656254,12.29248046875,1002.0312500000001,0.0023478125,5.236328125,82.619,
0,16,,,2.3567199707031254,12.341308593750002,1002.4609375000002,0.0023571875000000003,5.2367187500000005,82.653,
0,16,,,2.3284912109375,12.189941406250002,1002.8710937500002,0.0023284375,5.2357421875000005,82.687,
0,16,,,2.3284912109375,12.189941406250002,1003.3007812500001,0.0023284375,5.2357421875000005,82.721,
0,16,,,2.3284912109375,12.193603515625002,1003.7304687500001,0.00232875,5.236328125,82.755,
0,16,,,2.366256713867188,12.39013671875,1004.12109375,0.0023665625,5.236328125,82.789,
0,16,,,2.366256713867188,12.39013671875,1004.5507812500001,0.0023665625,5.236328125,82.823,
0,16,,,2.332305908203125,12.211914062500002,1004.9609375000001,0.0023325000000000004,5.2359375,82.857,
0,16,,,2.3296356201171875,12.199707031250002,1005.3906250000002,0.00233,5.2367187500000005,82.891,
0,16,,,2.3296356201171875,12.199707031250002,1005.7812500000001,0.00233,5.2369140625,82.925,
0,16,,,2.3262023925781254,12.181396484375002,1006.1914062500001,0.00232625,5.2369140625,82.959,
0,16,,,2.3578643798828125,12.347412109375,1006.6210937500002,0.002358125,5.2369140625,82.993,
0,16,,,2.3578643798828125,12.347412109375,1007.05078125,0.0023321875,5.237500000000001,83.027,
0,16,,,2.331924438476563,12.211914062500002,1007.4218750000001,0.0023321875,5.237500000000001,83.061,
0,16,,,2.3044586181640625,12.067871093750002,1007.8515625000002,0.0023046875000000003,5.2367187500000005,83.095,
0,16,,,2.3044586181640625,12.067871093750002,1008.26171875,0.002314375,5.237500000000001,83.129,
0,16,,,2.3143768310546875,12.120361328125002,1008.6914062500001,0.002314375,5.237500000000001,83.163,
0,16,,,2.3525238037109375,12.319335937500002,1009.08203125,0.0023528125000000003,5.237109375,83.197,
0,16,,,2.3525238037109375,12.319335937500002,1009.5117187500002,0.002321875,5.2367187500000005,83.231,
0,16,,,2.321624755859375,12.156982421875002,1009.9218750000001,0.002321875,5.2367187500000005,83.265,
0,16,,,2.3311614990234375,12.20703125,1010.3515625000001,0.0023315625000000003,5.236328125,83.299,
0,16,,,2.3311614990234375,12.20703125,1010.7812500000002,0.0023550000000000003,5.2376953125000005,83.333,
0,16,,,2.354812622070313,12.332763671875002,1011.1718750000002,0.0023550000000000003,5.2376953125000005,83.367,
0,16,,,2.331924438476563,12.210693359375002,1011.5820312500001,0.0023321875,5.2369140625,83.401,
0,16,,,2.331924438476563,12.210693359375002,1012.01171875,0.00233125,5.2367187500000005,83.435,
0,16,,,2.3311614990234375,12.20703125,1012.421875,0.00233125,5.2367187500000005,83.469,
0,16,,,2.3265838623046875,12.182617187500002,1012.8125000000001,0.0023265625,5.2367187500000005,83.503,
0,16,,,2.3258209228515625,12.178955078125002,1013.2421875000001,0.0023259375000000003,5.2369140625,83.537,
0,16,,,2.3258209228515625,12.178955078125002,1013.6523437500002,0.0023259375000000003,5.2369140625,83.571,
0,16,,,2.3071289062500004,12.082519531250002,1014.0820312500001,0.0023075,5.2373046875,83.606,
0,16,,,2.3342132568359375,12.2216796875,1014.4921875000001,0.002334375,5.2367187500000005,83.64,
0,16,,,2.3342132568359375,12.2216796875,1014.8828125000002,0.002334375,5.2367187500000005,83.674,
0,16,,,2.3311614990234375,12.209472656250002,1015.3125000000001,0.00233125,5.2376953125000005,83.708,
0,16,,,2.3406982421875,12.257080078125002,1015.7421875000001,0.0023409375,5.237109375,83.742,
0,16,,,2.3406982421875,12.257080078125002,1016.1523437500002,0.0023409375,5.237109375,83.776,
0,16,,,2.3414611816406254,12.260742187500002,1016.5820312500002,0.002341875,5.236523437500001,83.81,
0,16,,,2.335739135742188,12.230224609375002,1016.9726562500001,0.0023359375000000003,5.236523437500001,83.844,
0,16,,,2.335739135742188,12.230224609375002,1017.3828125,0.0023359375000000003,5.236523437500001,83.878,
0,16,,,2.306365966796875,12.076416015625,1017.8125000000002,0.0023065625,5.236523437500001,83.912,
0,16,,,2.3162841796875,12.131347656250002,1018.2226562500001,0.0023165625,5.237109375,83.946,
0,16,,,2.3162841796875,12.131347656250002,1018.6132812500001,0.0023165625,5.237109375,83.98,
0,16,,,2.3288726806640625,12.193603515625002,1019.04296875,0.0023290625000000004,5.236523437500001,84.014,
0,16,,,2.3197174072265625,12.147216796875,1019.4531250000001,0.00232,5.2367187500000005,84.048,
0,16,,,2.3197174072265625,12.147216796875,1019.8828125000001,0.00232,5.2367187500000005,84.082,
0,16,,,2.327728271484375,12.188720703125002,1020.2539062500002,0.0023281250000000003,5.236523437500001,84.116,
0,16,,,2.3258209228515625,12.177734375,1020.6835937500001,0.0023259375000000003,5.236523437500001,84.15,
0,16,,,2.3258209228515625,12.177734375,1021.0937500000001,0.0023259375000000003,5.236523437500001,84.184,
0,16,,,2.3181915283203125,12.139892578125,1021.5234375000002,0.0023184375,5.2367187500000005,84.218,
0,16,,,2.346038818359375,12.285156250000002,1021.9140625000002,0.0023462500000000002,5.2369140625,84.252,
0,16,,,2.346038818359375,12.285156250000002,1022.3437500000001,0.0023462500000000002,5.2369140625,84.285,
0,16,,,2.323150634765625,12.165527343750002,1022.75390625,0.0023234375,5.236523437500001,84.319,
0,16,,,2.3284912109375,12.192382812500002,1023.1835937500002,0.0023284375,5.236523437500001,84.353,
0,16,,,2.3284912109375,12.192382812500002,1023.5742187500001,0.0023284375,5.236523437500001,84.387,
0,16,,,2.339935302734375,12.253417968750002,1023.9843750000001,0.0023403125000000004,5.236523437500001,84.421,
0,16,,,2.3410797119140625,12.258300781250002,1024.4140625,0.00234125,5.236328125,84.455,
0,16,,,2.3410797119140625,12.258300781250002,1024.8437500000002,0.00234125,5.236328125,84.49,
0,16,,,2.3517608642578125,12.314453125000002,1025.2734375,0.0023521875,5.2367187500000005,84.524,
0,16,,,2.317047119140625,12.132568359375002,1025.64453125,0.0023171875000000002,5.236523437500001,84.558,
0,16,,,2.317047119140625,12.132568359375002,1026.07421875,0.0023171875000000002,5.236328125,84.592,
0,16,,,2.353286743164063,12.321777343750002,1026.50390625,0.0023534375,5.236328125,84.626,
0,16,,,2.346038818359375,12.285156250000002,1026.9335937500002,0.0023465625,5.2367187500000005,84.661,
0,16,,,2.346038818359375,12.285156250000002,1027.34375,0.0023306250000000002,5.2373046875,84.695,
0,16,,,2.3303985595703125,12.204589843750002,1027.7734375000002,0.0023306250000000002,5.2373046875,84.729,
0,16,,,2.343368530273438,12.270507812500002,1028.1640625000002,0.0023437500000000003,5.236523437500001,84.763,
0,16,,,2.343368530273438,12.270507812500002,1028.5937500000002,0.002324375,5.237109375,84.797,
0,16,,,2.324295043945313,12.171630859375002,1029.00390625,0.002324375,5.237109375,84.831,
0,16,,,2.358627319335938,12.348632812500002,1029.43359375,0.00235875,5.2361328125,84.864,
0,16,,,2.358627319335938,12.348632812500002,1029.8242187500002,0.0023196875,5.2369140625,84.899,
0,16,,,2.3197174072265625,12.147216796875,1030.234375,0.0023196875,5.2369140625,84.932,
0,16,,,2.339553833007813,12.249755859375002,1030.6640625,0.0023396875,5.236328125,84.966,
0,16,,,2.339553833007813,12.249755859375002,1031.0937500000002,0.0023090625000000004,5.2369140625,85.0,
0,16,,,2.30865478515625,12.089843750000002,1031.46484375,0.0023090625000000004,5.2369140625,85.034,
0,16,,,2.3235321044921875,12.166748046875002,1031.89453125,0.0023237500000000003,5.2361328125,85.068,
0,16,,,2.3235321044921875,12.166748046875002,1032.3242187500002,0.0023540625000000003,5.2367187500000005,85.102,
0,16,,,2.353668212890625,12.325439453125002,1032.7539062500002,0.0023540625000000003,5.2367187500000005,85.136,
0,16,,,2.35748291015625,12.34375,1033.125,0.0023578125,5.236328125,85.17,
0,16,,,2.304840087890625,12.069091796875,1033.5546875000002,0.002305,5.2367187500000005,85.204,
0,16,,,2.304840087890625,12.069091796875,1033.9648437500002,0.002305,5.2367187500000005,85.238,
0,16,,,2.3338317871093754,12.219238281250002,1034.39453125,0.0023340625,5.2359375,85.272,
0,16,,,2.320480346679688,12.152099609375002,1034.82421875,0.0023209375,5.2369140625,85.306,
0,16,,,2.320480346679688,12.152099609375002,1035.1953125000002,0.0023209375,5.2369140625,85.34,
0,16,,,2.332305908203125,12.210693359375002,1035.6250000000002,0.0023321875,5.2361328125,85.374,
0,16,,,2.350616455078125,12.309570312500002,1036.0546875,0.0023506250000000003,5.2373046875,85.408,
0,16,,,2.350616455078125,12.309570312500002,1036.4843750000002,0.0023506250000000003,5.2373046875,85.442,
0,16,,,2.3517608642578125,12.315673828125002,1036.8554687500002,0.0023521875,5.236523437500001,85.476,
0,16,,,2.33306884765625,12.216796875000002,1037.28515625,0.002333125,5.2369140625,85.51,
0,16,,,2.33306884765625,12.216796875000002,1037.7148437500002,0.002333125,5.2369140625,85.544,
0,16,,,2.3185729980468754,12.139892578125,1038.1445312500002,0.00231875,5.236328125,85.578,
0,16,,,2.3437500000000004,12.272949218750002,1038.5156250000002,0.0023437500000000003,5.237109375,85.612,
0,16,,,2.3437500000000004,12.272949218750002,1038.9453125,0.0023437500000000003,5.237109375,85.646,
0,16,,,2.3563385009765625,12.337646484375002,1039.3750000000002,0.0023565625,5.2361328125,85.68,
0,16,,,2.3414611816406254,12.260742187500002,1039.8046875,0.0023415625000000003,5.2369140625,85.715,
0,16,,,2.3414611816406254,12.260742187500002,1040.21484375,0.0023415625000000003,5.2369140625,85.749,
0,16,,,2.344512939453125,12.274169921875002,1040.6445312500002,0.0023446875,5.2357421875000005,85.783,
0,16,,,2.3502349853515625,12.307128906250002,1041.0351562500002,0.0023503125000000004,5.237109375,85.817,
0,16,,,2.3502349853515625,12.307128906250002,1041.46484375,0.0023503125000000004,5.237109375,85.851,
0,16,,,2.32391357421875,12.169189453125002,1041.89453125,0.0023240625,5.2367187500000005,85.885,
0,16,,,2.3326873779296875,12.21435546875,1042.3046875000002,0.0023328125000000003,5.236523437500001,85.919,
0,16,,,2.3326873779296875,12.21435546875,1042.6953125,0.0023328125000000003,5.236523437500001,85.953,
0,16,,,2.3578643798828125,12.346191406250002,1043.125,0.002358125,5.2361328125,85.987,
0,16,,,2.33612060546875,12.233886718750002,1043.5351562500002,0.0023362500000000002,5.2373046875,86.021,
0,16,,,2.33612060546875,12.233886718750002,1043.9648437500002,0.0023362500000000002,5.2373046875,86.055,
0,16,,,2.327728271484375,12.186279296875002,1044.35546875,0.0023278125,5.235546875000001,86.089,
0,16,,,2.3380279541015625,12.243652343750002,1044.7851562500002,0.0023381250000000004,5.2369140625,86.123,
0,16,,,2.3380279541015625,12.243652343750002,1045.1953125000002,0.0023381250000000004,5.2369140625,86.157,
0,16,,,2.3406982421875,12.255859375,1045.625,0.0023409375,5.236523437500001,86.191,
0,16,,,2.3097991943359375,12.095947265625002,1046.0156250000002,0.00231,5.237109375,86.225,
0,16,,,2.3097991943359375,12.095947265625002,1046.4257812500002,0.00231,5.236328125,86.259,
0,16,,,2.3479461669921875,12.293701171875002,1046.8554687500002,0.0023481250000000004,5.236328125,86.293,
0,16,,,2.364730834960938,12.385253906250002,1047.28515625,0.0023650000000000003,5.2373046875,86.327,
0,16,,,2.364730834960938,12.385253906250002,1047.7148437500002,0.0023650000000000003,5.236523437500001,86.361,
0,16,,,2.350616455078125,12.307128906250002,1048.10546875,0.0023506250000000003,5.236523437500001,86.395,
0,16,,,2.3181915283203125,12.137451171875,1048.515625,0.0023184375,5.2361328125,86.429,
0,16,,,2.3181915283203125,12.137451171875,1048.9453125000002,0.0023450000000000003,5.237109375,86.463,
0,16,,,2.344512939453125,12.277832031250002,1049.3750000000002,0.0023450000000000003,5.237109375,86.497,
0,16,,,2.3414611816406254,12.259521484375,1049.765625,0.0023415625000000003,5.236523437500001,86.531,
0,16,,,2.3414611816406254,12.259521484375,1050.1953125,0.0023540625000000003,5.236328125,86.565,
0,16,,,2.353668212890625,12.324218750000002,1050.6054687500002,0.0023540625000000003,5.236328125,86.599,
0,16,,,2.3345947265625,12.227783203125002,1051.03515625,0.0023346875000000004,5.2380859375,86.633,
0,16,,,2.3345947265625,12.227783203125002,1051.42578125,0.0023303125000000004,5.2367187500000005,86.667,
0,16,,,2.3303985595703125,12.202148437500002,1051.8359375000002,0.0023303125000000004,5.2367187500000005,86.701,
0,16,,,2.3174285888671875,12.137451171875,1052.2656250000002,0.0023178125,5.2373046875,86.735,
0,16,,,2.3174285888671875,12.3291015625,1052.6953125,0.0023546875,5.2369140625,86.77,
0,16,,,2.35443115234375,12.3291015625,1053.125,0.0023546875,5.2369140625,86.804,
0,16,,,2.32696533203125,12.186279296875002,1053.5351562500002,0.0023271875000000003,5.2373046875,86.838,
0,16,,,2.345657348632813,12.28271484375,1053.92578125,0.002345625,5.2367187500000005,86.871,
0,16,,,2.345657348632813,12.28271484375,1054.35546875,0.002345625,5.2367187500000005,86.905,
0,16,,,2.34222412109375,12.264404296875002,1054.7656250000002,0.0023425000000000004,5.2367187500000005,86.939,
0,16,,,2.3380279541015625,12.241210937500002,1055.1953125000002,0.0023381250000000004,5.2361328125,86.973,
0,16,,,2.3380279541015625,12.241210937500002,1055.5859375,0.0023381250000000004,5.2361328125,87.007,
0,16,,,2.3365020751953125,12.232666015625002,1056.0156250000002,0.0023365625,5.2361328125,87.041,
0,16,,,2.339553833007813,12.250976562500002,1056.4257812500002,0.00234,5.236523437500001,87.075,
0,16,,,2.339553833007813,12.250976562500002,1056.85546875,0.00234,5.236523437500001,87.109,
0,16,,,2.3075103759765625,12.082519531250002,1057.2460937500002,0.0023078125000000004,5.236328125,87.143,
0,16,,,2.342987060546875,12.26806640625,1057.6562500000002,0.002343125,5.2367187500000005,87.177,
0,16,,,2.342987060546875,12.26806640625,1058.0859375000002,0.002343125,5.2367187500000005,87.211,
0,16,,,2.3338317871093754,12.219238281250002,1058.515625,0.0023337500000000003,5.236523437500001,87.245,
0,17,,,2.3414611816406254,12.259521484375,1060.1171875000002,0.0023415625000000003,5.2361328125,87.38,
0,17,,,2.3414611816406254,12.259521484375,1060.546875,0.0023415625000000003,5.2361328125,87.414,
0,17,,,2.35595703125,12.335205078125002,1060.95703125,0.0023562500000000003,5.2359375,87.448,
0,17,,,2.335739135742188,12.230224609375002,1061.3867187500002,0.0023359375000000003,5.2361328125,87.482,
0,17,,,2.335739135742188,12.230224609375002,1061.81640625,0.0023359375000000003,5.2361328125,87.516,
0,17,,,2.3704528808593754,12.412109375,1062.20703125,0.0023706250000000003,5.236328125,87.55,
0,17,,,2.350997924804688,12.313232421875,1062.63671875,0.00235125,5.2373046875,87.584,
0,17,,,2.350997924804688,12.313232421875,1063.0664062500002,0.00235125,5.2373046875,87.619,
0,17,,,2.35748291015625,12.34375,1063.4960937500002,0.0023578125,5.2361328125,87.653,
0,17,,,2.3715972900390625,12.416992187500002,1063.88671875,0.0023715625000000004,5.236328125,87.687,
0,17,,,2.3715972900390625,12.416992187500002,1064.3164062500002,0.0023715625000000004,5.236328125,87.721,
0,17,,,2.3311614990234375,12.205810546875002,1064.74609375,0.00233125,5.236328125,87.755,
0,17,,,2.3834228515625004,12.476806640625002,1065.1757812500002,0.0023834375,5.23515625,87.789,
0,17,,,2.3834228515625004,12.476806640625002,1065.5859375,0.0023834375,5.23515625,87.823,
0,17,,,2.3376464843750004,12.239990234375002,1065.9765625000002,0.0023378125,5.236328125,87.857,
0,17,,,2.368927001953125,12.403564453125002,1066.40625,0.0023690625,5.2361328125,87.892,
0,17,,,2.368927001953125,12.403564453125002,1066.85546875,0.0023690625,5.2349609375,87.926,
0,17,,,2.396392822265625,12.545166015625002,1067.28515625,0.0023965625000000003,5.2349609375,87.96,
0,17,,,2.3452758789062504,12.281494140625002,1067.6953125000002,0.0023453125,5.2369140625,87.994,
0,17,,,2.3452758789062504,12.281494140625002,1068.125,0.0023696875000000003,5.2367187500000005,88.028,
0,17,,,2.3693084716796875,12.407226562500002,1068.5546875,0.0023696875000000003,5.2367187500000005,88.063,
0,17,,,2.3616790771484375,12.365722656250002,1068.9453125000002,0.0023621875,5.2359375,88.097,
0,17,,,2.3616790771484375,12.365722656250002,1069.3750000000002,0.002345625,5.236523437500001,88.131,
0,17,,,2.345657348632813,12.28271484375,1069.8046875000002,0.002345625,5.236523437500001,88.165,
0,17,,,2.3578643798828125,12.344970703125002,1070.234375,0.002358125,5.236328125,88.199,
0,17,,,2.3578643798828125,12.344970703125002,1070.6250000000002,0.0023525,5.2361328125,88.233,
0,17,,,2.3525238037109375,12.31689453125,1071.0546875,0.0023525,5.2361328125,88.267,
0,17,,,2.3651123046875,12.385253906250002,1071.484375,0.0023653125000000002,5.2369140625,88.301,
0,17,,,2.3651123046875,12.385253906250002,1071.8945312500002,0.0023462500000000002,5.2361328125,88.335,
0,17,,,2.346038818359375,12.283935546875002,1072.3242187500002,0.0023462500000000002,5.2361328125,88.369,
0,17,,,2.3593902587890625,12.352294921875002,1072.71484375,0.0023593750000000004,5.2357421875000005,88.403,
0,17,,,2.33154296875,12.208251953125,1073.14453125,0.002331875,5.236328125,88.437,
0,17,,,2.33154296875,12.208251953125,1073.5742187500002,0.002331875,5.236328125,88.471,
0,17,,,2.3681640625000004,12.396240234375002,1074.0039062500002,0.002368125,5.23515625,88.505,
0,17,,,2.3651123046875,12.382812500000002,1074.43359375,0.0023653125000000002,5.236328125,88.539,
0,17,,,2.3651123046875,12.382812500000002,1074.8242187500002,0.0023653125000000002,5.236328125,88.573,
0,17,,,2.3666381835937504,12.392578125000002,1075.2539062500002,0.002366875,5.236523437500001,88.608,
0,17,,,2.3490905761718754,12.298583984375,1075.6640625000002,0.0023490625,5.2361328125,88.642,
0,17,,,2.3490905761718754,12.298583984375,1076.09375,0.0023490625,5.2361328125,88.676,
0,17,,,2.3468017578125,12.288818359375002,1076.5234375000002,0.002346875,5.237109375,88.71,
0,17,,,2.36358642578125,12.374267578125,1076.9140625,0.0023637500000000004,5.2359375,88.744,
0,17,,,2.36358642578125,12.374267578125,1077.34375,0.0023637500000000004,5.2359375,88.778,
0,17,,,2.34832763671875,12.296142578125002,1077.7734375,0.00234875,5.2357421875000005,88.812,
0,17,,,2.361297607421875,12.364501953125002,1078.2031250000002,0.00236125,5.2369140625,88.846,
0,17,,,2.361297607421875,12.364501953125002,1078.61328125,0.00236125,5.2369140625,88.88,
0,17,,,2.343368530273438,12.266845703125002,1079.0234375,0.0023434375,5.23515625,88.914,
0,17,,,2.3468017578125,12.286376953125,1079.4335937500002,0.002346875,5.2357421875000005,88.949,
0,17,,,2.3468017578125,12.286376953125,1079.8632812500002,0.002346875,5.2357421875000005,88.983,
0,17,,,2.323150634765625,12.164306640625,1080.2734375,0.0023234375,5.236523437500001,89.017,
0,17,,,2.3632049560546875,12.373046875000002,1080.703125,0.0023634375,5.2357421875000005,89.052,
0,17,,,2.3632049560546875,12.373046875000002,1081.1328125000002,0.0023634375,5.2357421875000005,89.086,
0,17,,,2.3372650146484375,12.237548828125,1081.5234375000002,0.0023375,5.236328125,89.12,
0,17,,,2.3311614990234375,12.205810546875002,1081.953125,0.00233125,5.236328125,89.154,
0,17,,,2.3311614990234375,12.205810546875002,1082.3828125000002,0.00233125,5.236328125,89.188,
0,17,,,2.3708343505859375,12.413330078125002,1082.7929687500002,0.0023709375,5.236328125,89.222,
0,17,,,2.331924438476563,12.211914062500002,1083.18359375,0.0023321875,5.2367187500000005,89.255,
0,17,,,2.331924438476563,12.211914062500002,1083.6132812500002,0.0023321875,5.235546875000001,89.289,
0,17,,,2.3643493652343754,12.3779296875,1084.0429687500002,0.002364375,5.235546875000001,89.323,
0,17,,,2.37884521484375,12.454833984375002,1084.47265625,0.0023790625,5.2361328125,89.357,
0,17,,,2.37884521484375,12.454833984375002,1084.86328125,0.0023790625,5.236328125,89.391,
0,17,,,2.3601531982421875,12.357177734375002,1085.2929687500002,0.0023603125,5.236328125,89.425,
0,17,,,2.347183227539063,12.2900390625,1085.7226562500002,0.0023471875000000003,5.236523437500001,89.459,
0,17,,,2.347183227539063,12.2900390625,1086.15234375,0.0023484375000000003,5.237500000000001,89.493,
0,17,,,2.34832763671875,12.298583984375,1086.58203125,0.0023484375000000003,5.237500000000001,89.527,
0,17,,,2.391815185546875,12.523193359375002,1086.9726562500002,0.0023918750000000003,5.236523437500001,89.561,
0,17,,,2.391815185546875,12.523193359375002,1087.40234375,0.0023731250000000002,5.237109375,89.595,
0,17,,,2.3731231689453125,12.426757812500002,1087.8320312500002,0.0023731250000000002,5.237109375,89.629,
0,17,,,2.3468017578125,12.288818359375002,1088.26171875,0.002346875,5.2369140625,89.663,
0,17,,,2.3468017578125,12.288818359375002,1088.6523437500002,0.0023718750000000003,5.236523437500001,89.697,
0,17,,,2.3719787597656254,12.419433593750002,1089.08203125,0.0023718750000000003,5.236523437500001,89.731,
0,17,,,2.3273468017578125,12.188720703125002,1089.4921875,0.0023278125,5.237500000000001,89.765,
0,17,,,2.3273468017578125,12.188720703125002,1089.9218750000002,0.0023762500000000003,5.2367187500000005,89.799,
0,17,,,2.3757934570312504,12.441406250000002,1090.3125000000002,0.0023762500000000003,5.2367187500000005,89.833,
0,17,,,2.367401123046875,12.395019531250002,1090.7421875,0.0023675000000000002,5.2361328125,89.867,
0,17,,,2.367401123046875,12.286376953125,1091.1718750000002,0.0023465625,5.2367187500000005,89.901,
0,17,,,2.3464202880859375,12.286376953125,1091.6015625,0.0023465625,5.2367187500000005,89.935,
0,17,,,2.3628234863281254,12.369384765625002,1091.9921875,0.002363125,5.235546875000001,89.97,
0,17,,,2.347183227539063,12.2900390625,1092.4609375,0.0023471875000000003,5.236328125,90.004,
0,17,,,2.347183227539063,12.2900390625,1092.8515625000002,0.0023471875000000003,5.236328125,90.038,
0,17,,,2.3448944091796875,12.279052734375002,1093.26171875,0.0023453125,5.2367187500000005,90.072,
0,17,,,2.3517608642578125,12.310791015625002,1093.6914062500002,0.0023518750000000002,5.2353515625,90.106,
0,17,,,2.3517608642578125,12.310791015625002,1094.12109375,0.0023518750000000002,5.2353515625,90.14,
0,17,,,2.3555755615234375,12.333984375000002,1094.5117187500002,0.002355625,5.236328125,90.174,
0,17,,,2.3593902587890625,12.353515625,1094.94140625,0.0023596875000000002,5.236328125,90.208,
0,17,,,2.3593902587890625,12.353515625,1095.37109375,0.0023596875000000002,5.236328125,90.242,
0,17,,,2.358627319335938,12.35107421875,1095.8007812500002,0.0023590625,5.2361328125,90.276,
0,17,,,2.325439453125,12.176513671875,1096.1718750000002,0.002325625,5.2361328125,90.31,
0,17,,,2.325439453125,12.176513671875,1096.6015625,0.002325625,5.2361328125,90.344,
0,17,,,2.3479461669921875,12.29248046875,1097.0312500000002,0.0023481250000000004,5.2357421875000005,90.378,
0,17,,,2.335357666015625,12.22900390625,1097.4609375,0.002335625,5.236523437500001,90.412,
0,17,,,2.335357666015625,12.22900390625,1097.8515625,0.002335625,5.236523437500001,90.446,
0,17,,,2.367401123046875,12.3974609375,1098.28125,0.0023678125,5.236523437500001,90.48,
0,17,,,2.373886108398438,12.429199218750002,1098.7109375000002,0.0023740625000000003,5.2361328125,90.514,
0,17,,,2.373886108398438,12.429199218750002,1099.12109375,0.0023740625000000003,5.2361328125,90.548,
0,17,,,2.339553833007813,12.250976562500002,1099.5507812500002,0.00234,5.236523437500001,90.582,
0,17,,,2.362060546875,12.365722656250002,1099.9414062500002,0.0023621875,5.2353515625,90.616,
0,17,,,2.362060546875,12.365722656250002,1100.3710937500002,0.0023621875,5.2353515625,90.65,
0,17,,,2.3437500000000004,12.274169921875002,1100.80078125,0.0023440625000000002,5.2373046875,90.684,
0,17,,,2.3525238037109375,12.318115234375002,1101.23046875,0.0023528125000000003,5.2361328125,90.718,
0,17,,,2.3525238037109375,12.318115234375002,1101.6015625000002,0.0023528125000000003,5.2361328125,90.752,
0,17,,,2.3468017578125,12.287597656250002,1102.0312500000002,0.002346875,5.2359375,90.786,
0,17,,,2.3406982421875,12.257080078125002,1102.4609375,0.0023409375,5.2367187500000005,90.82,
0,17,,,2.3406982421875,12.257080078125002,1102.8906250000002,0.0023409375,5.2367187500000005,90.854,
0,17,,,2.3529052734375004,12.31689453125,1103.28125,0.002353125,5.2349609375,90.888,
0,17,,,2.325439453125,12.178955078125002,1103.69140625,0.0023259375000000003,5.2369140625,90.922,
0,17,,,2.325439453125,12.178955078125002,1104.1210937500002,0.0023259375000000003,5.2369140625,90.956,
0,17,,,2.330780029296875,12.202148437500002,1104.5507812500002,0.0023309375,5.2357421875000005,90.99,
0,17,,,2.336883544921875,12.235107421875002,1104.9609375000002,0.0023371875000000003,5.2357421875000005,91.025,
0,17,,,2.336883544921875,12.235107421875002,1105.390625,0.00232875,5.236328125,91.059,
0,17,,,2.3284912109375,12.192382812500002,1105.7812500000002,0.00232875,5.236328125,91.093,
0,17,,,2.368545532226563,12.401123046875002,1106.2109375,0.00236875,5.2357421875000005,91.127,
0,17,,,2.368545532226563,12.401123046875002,1106.62109375,0.0023465625,5.2361328125,91.161,
0,17,,,2.3464202880859375,12.286376953125,1107.0507812500002,0.0023465625,5.2361328125,91.195,
0,17,,,2.3654937744140625,12.386474609375002,1107.4609375000002,0.002365625,5.236523437500001,91.228,
0,17,,,2.3654937744140625,12.386474609375002,1107.87109375,0.00236,5.2361328125,91.262,
0,17,,,2.359771728515625,12.355957031250002,1108.30078125,0.00236,5.2361328125,91.296,
0,17,,,2.316665649414063,12.132568359375002,1108.7109375000002,0.0023168750000000004,5.2369140625,91.33,
0,17,,,2.316665649414063,12.132568359375002,1109.1210937500002,0.0023571875000000003,5.236328125,91.364,
0,17,,,2.357101440429688,12.341308593750002,1109.53125,0.0023571875000000003,5.236328125,91.398,
0,17,,,2.336883544921875,12.23876953125,1109.9609375000002,0.0023371875000000003,5.237109375,91.432,
0,17,,,2.336883544921875,12.23876953125,1110.3906250000002,0.0023396875,5.2357421875000005,91.466,
0,17,,,2.339553833007813,12.248535156250002,1110.7812500000002,0.0023396875,5.2357421875000005,91.5,
0,17,,,2.3746490478515625,12.434082031250002,1111.2109375,0.0023750000000000004,5.2361328125,91.534,
0,17,,,2.3746490478515625,12.307128906250002,1111.6406250000002,0.0023503125000000004,5.2373046875,91.568,
0,17,,,2.3502349853515625,12.307128906250002,1112.0703125,0.0023503125000000004,5.2373046875,91.602,
0,17,,,2.357101440429688,12.340087890625002,1112.5,0.0023571875000000003,5.2359375,91.636,
0,17,,,2.362442016601563,12.370605468750002,1112.8710937500002,0.0023628125000000003,5.236523437500001,91.67,
0,17,,,2.362442016601563,12.370605468750002,1113.3007812500002,0.0023628125000000003,5.236523437500001,91.704,
0,17,,,2.315521240234375,12.126464843750002,1113.73046875,0.002315625,5.237109375,91.738,
0,17,,,2.3712158203125,12.418212890625002,1114.16015625,0.0023715625000000004,5.237109375,91.772,
0,17,,,2.3712158203125,12.418212890625002,1114.55078125,0.0023715625000000004,5.237109375,91.806,
0,17,,,2.33917236328125,12.249755859375002,1114.9609375,0.0023393750000000003,5.2369140625,91.84,
0,17,,,2.34832763671875,12.294921875000002,1115.390625,0.0023484375000000003,5.2361328125,91.874,
0,17,,,2.34832763671875,12.294921875000002,1115.8203125000002,0.0023484375000000003,5.2361328125,91.908,
0,17,,,2.3719787597656254,12.419433593750002,1116.2109375,0.0023721875,5.2361328125,91.942,
0,17,,,2.3426055908203125,12.26806640625,1116.6406250000002,0.0023428125000000003,5.2369140625,91.976,
0,17,,,2.3426055908203125,12.26806640625,1117.0703125,0.0023428125000000003,5.2369140625,92.01,
0,17,,,2.368545532226563,12.401123046875002,1117.5000000000002,0.0023684375000000003,5.236523437500001,92.044,
0,17,,,2.3551940917968754,12.332763671875002,1117.9296875,0.002355625,5.2361328125,92.079,
0,17,,,2.3551940917968754,12.332763671875002,1118.30078125,0.002355625,5.2361328125,92.113,
0,17,,,2.3349761962890625,12.22900390625,1118.7304687500002,0.0023353125,5.237109375,92.147,
0,17,,,2.3490905761718754,12.298583984375,1119.1601562500002,0.0023493750000000003,5.235546875000001,92.181,
0,17,,,2.3490905761718754,12.298583984375,1119.58984375,0.0023493750000000003,5.235546875000001,92.215,
0,17,,,2.345657348632813,12.283935546875002,1120.01953125,0.0023459375000000004,5.2367187500000005,92.249,
0,17,,,2.3704528808593754,12.413330078125002,1120.41015625,0.0023706250000000003,5.2367187500000005,92.283,
0,17,,,2.3704528808593754,12.413330078125002,1120.8398437500002,0.0023706250000000003,5.2367187500000005,92.317,
0,17,,,2.3757934570312504,12.437744140625002,1121.26953125,0.0023759375,5.2357421875000005,92.351,
0,17,,,2.328109741210938,12.189941406250002,1121.6796875000002,0.0023284375,5.236328125,92.385,
0,17,,,2.328109741210938,12.189941406250002,1122.0703125,0.0023284375,5.236328125,92.419,
0,17,,,2.3601531982421875,12.357177734375002,1122.5000000000002,0.0023603125,5.236328125,92.453,
0,17,,,2.376556396484375,12.441406250000002,1122.9296875,0.0023765625,5.2353515625,92.486,
0,17,,,2.376556396484375,12.441406250000002,1123.3593750000002,0.0023765625,5.2353515625,92.52,
0,17,,,2.3143768310546875,12.119140625000002,1123.75,0.002314375,5.2369140625,92.554,
0,17,,,2.358245849609375,12.346191406250002,1124.16015625,0.00235875,5.235546875000001,92.588,
0,17,,,2.358245849609375,12.346191406250002,1124.6093750000002,0.00235875,5.235546875000001,92.622,
0,17,,,2.362060546875,12.366943359375,1125.0195312500002,0.0023621875,5.2359375,92.656,
0,17,,,2.358245849609375,12.348632812500002,1125.41015625,0.0023584375000000003,5.236328125,92.69,
0,17,,,2.358245849609375,12.348632812500002,1125.8398437500002,0.0023584375000000003,5.235546875000001,92.724,
0,17,,,2.3441314697265625,12.271728515625002,1126.26953125,0.0023440625000000002,5.235546875000001,92.758,
0,17,,,2.392959594726563,12.529296875000002,1126.6992187500002,0.0023931250000000003,5.2361328125,92.792,
0,17,,,2.392959594726563,12.529296875000002,1127.12890625,0.0023931250000000003,5.236328125,92.826,
0,17,,,2.34832763671875,12.297363281250002,1127.5195312500002,0.00234875,5.236328125,92.86,
0,17,,,2.37884521484375,12.457275390625002,1127.9492187500002,0.0023790625,5.2367187500000005,92.894,
0,17,,,2.37884521484375,12.457275390625002,1128.37890625,0.0023528125000000003,5.2361328125,92.928,
0,17,,,2.3525238037109375,12.318115234375002,1128.80859375,0.0023528125000000003,5.2361328125,92.962,
0,17,,,2.3387908935546875,12.247314453125002,1129.19921875,0.00233875,5.2369140625,92.996,
0,17,,,2.3387908935546875,12.247314453125002,1129.6289062500002,0.0023678125,5.2367187500000005,93.03,
0,17,,,2.367401123046875,12.3974609375,1130.05859375,0.0023678125,5.2367187500000005,93.064,
0,17,,,2.3746490478515625,12.434082031250002,1130.4882812500002,0.0023750000000000004,5.236328125,93.099,
0,17,,,2.3746490478515625,12.434082031250002,1130.8984375000002,0.00234125,5.2359375,93.133,
0,17,,,2.3410797119140625,12.257080078125002,1131.2890625000002,0.00234125,5.2359375,93.167,
0,17,,,2.3487091064453125,12.297363281250002,1131.71875,0.00234875,5.236328125,93.201,
0,17,,,2.3487091064453125,12.40478515625,1132.1484375000002,0.0023693750000000004,5.2361328125,93.235,
0,17,,,2.3693084716796875,12.40478515625,1132.578125,0.0023693750000000004,5.2361328125,93.269,
0,17,,,2.331924438476563,12.211914062500002,1132.98828125,0.0023321875,5.2373046875,93.303,
0,17,,,2.344512939453125,12.274169921875002,1133.3789062500002,0.0023446875,5.2353515625,93.337,
0,17,,,2.344512939453125,12.274169921875002,1133.8085937500002,0.0023446875,5.2353515625,93.371,
0,17,,,2.350616455078125,12.305908203125,1134.23828125,0.0023506250000000003,5.2359375,93.405,
0,17,,,2.3666381835937504,12.393798828125002,1134.66796875,0.002366875,5.2369140625,93.439,
0,17,,,2.3666381835937504,12.393798828125002,1135.05859375,0.002366875,5.2369140625,93.473,
0,17,,,2.3948669433593754,12.539062500000002,1135.4882812500002,0.002395,5.236328125,93.507,
0,17,,,2.3517608642578125,12.313232421875,1135.91796875,0.0023518750000000002,5.236523437500001,93.541,
0,17,,,2.3517608642578125,12.313232421875,1136.3476562500002,0.0023518750000000002,5.236523437500001,93.575,
0,17,,,2.3426055908203125,12.265625000000002,1136.7382812500002,0.0023428125000000003,5.236328125,93.609,
0,17,,,2.3551940917968754,12.3291015625,1137.16796875,0.0023553125,5.23515625,93.643,
0,17,,,2.3551940917968754,12.3291015625,1137.578125,0.0023553125,5.23515625,93.677,
0,17,,,2.3525238037109375,12.31689453125,1138.0078125000002,0.0023525,5.236328125,93.711,
0,17,,,2.353668212890625,12.324218750000002,1138.3984375,0.0023540625000000003,5.2361328125,93.745,
0,17,,,2.353668212890625,12.324218750000002,1138.828125,0.0023540625000000003,5.2361328125,93.779,
0,17,,,2.36968994140625,12.407226562500002,1139.2578125000002,0.00237,5.2361328125,93.813,
0,17,,,2.36358642578125,12.376708984375002,1139.6875000000002,0.0023637500000000004,5.2369140625,93.847,
0,17,,,2.36358642578125,12.376708984375002,1140.1171875000002,0.0023637500000000004,5.2369140625,93.881,
0,17,,,2.3365020751953125,12.233886718750002,1140.5078125,0.002336875,5.2361328125,93.915,
0,17,,,2.370071411132813,12.408447265625,1140.9375000000002,0.00237,5.2359375,93.949,
0,17,,,2.370071411132813,12.408447265625,1141.3671875,0.00237,5.2359375,93.983,
0,17,,,2.3593902587890625,12.354736328125002,1141.796875,0.0023596875000000002,5.2367187500000005,94.017,
0,17,,,2.382659912109375,12.476806640625002,1142.1875000000002,0.0023831250000000003,5.236328125,94.051,
0,17,,,2.382659912109375,12.476806640625002,1142.6171875000002,0.0023831250000000003,5.236328125,94.085,
0,17,,,2.3681640625000004,12.398681640625002,1143.0468750000002,0.0023684375000000003,5.235546875000001,94.119,
0,17,,,2.359771728515625,12.355957031250002,1143.4765625,0.00236,5.236328125,94.154,
0,17,,,2.359771728515625,12.355957031250002,1143.9062500000002,0.00236,5.236328125,94.188,
0,17,,,2.3311614990234375,12.204589843750002,1144.2773437500002,0.00233125,5.235546875000001,94.222,
0,17,,,2.352142333984375,12.313232421875,1144.70703125,0.0023521875,5.2353515625,94.256,
0,17,,,2.352142333984375,12.313232421875,1145.1367187500002,0.0023521875,5.2353515625,94.29,
0,17,,,2.368927001953125,12.40478515625,1145.5664062500002,0.0023690625,5.2367187500000005,94.324,
0,17,,,2.3593902587890625,12.354736328125002,1145.99609375,0.0023593750000000004,5.237109375,94.358,
0,17,,,2.3593902587890625,12.354736328125002,1146.38671875,0.0023593750000000004,5.2357421875000005,94.392,
0,17,,,2.3784637451171875,12.451171875,1146.8164062500002,0.0023784375000000003,5.2357421875000005,94.426,
0,17,,,2.3822784423828125,12.47314453125,1147.2460937500002,0.0023825,5.2361328125,94.459,
0,17,,,2.3822784423828125,12.47314453125,1147.67578125,0.0023550000000000003,5.236328125,94.493,
0,17,,,2.354812622070313,12.330322265625,1148.0664062500002,0.0023550000000000003,5.236328125,94.527,
0,17,,,2.392578125,12.52685546875,1148.5156250000002,0.0023925,5.236328125,94.561,
0,17,,,2.392578125,12.52685546875,1148.92578125,0.0023521875,5.23515625,94.595,
0,17,,,2.3517608642578125,12.312011718750002,1149.3554687500002,0.0023521875,5.23515625,94.629,
0,17,,,2.3578643798828125,12.348632812500002,1149.7460937500002,0.002358125,5.237109375,94.663,
0,17,,,2.3578643798828125,12.348632812500002,1150.1757812500002,0.0023725,5.2359375,94.697,
0,17,,,2.372360229492188,12.419433593750002,1150.60546875,0.0023725,5.2359375,94.731,
0,17,,,2.36968994140625,12.407226562500002,1151.03515625,0.0023696875000000003,5.2361328125,94.765,
0,17,,,2.36968994140625,12.407226562500002,1151.4648437500002,0.0023250000000000002,5.2367187500000005,94.799,
0,17,,,2.324676513671875,12.174072265625002,1151.85546875,0.0023250000000000002,5.2367187500000005,94.833,
0,17,,,2.3780822753906254,12.452392578125,1152.2851562500002,0.002378125,5.236523437500001,94.867,
0,17,,,2.3780822753906254,12.452392578125,1152.71484375,0.00237125,5.236523437500001,94.902,
0,17,,,2.3708343505859375,12.415771484375002,1153.1445312500002,0.00237125,5.236523437500001,94.936,
0,17,,,2.357101440429688,12.341308593750002,1153.53515625,0.0023571875000000003,5.236523437500001,94.97,
0,17,,,2.379989624023438,12.462158203125002,1153.96484375,0.0023803125,5.2359375,95.004,
0,17,,,2.379989624023438,12.462158203125002,1154.3945312500002,0.0023803125,5.2359375,95.038,
0,17,,,2.3601531982421875,12.359619140625,1154.8242187500002,0.0023603125,5.2367187500000005,95.072,
0,17,,,2.3448944091796875,12.277832031250002,1155.2148437500002,0.0023450000000000003,5.236328125,95.106,
0,17,,,2.3448944091796875,12.277832031250002,1155.6250000000002,0.0023450000000000003,5.236328125,95.139,
0,17,,,2.3540496826171875,12.324218750000002,1156.0546875,0.002354375,5.2349609375,95.173,
0,17,,,2.3284912109375,12.193603515625002,1156.4843750000002,0.00232875,5.2367187500000005,95.208,
0,17,,,2.3284912109375,12.193603515625002,1156.9140625,0.00232875,5.2367187500000005,95.242,
0,17,,,2.3715972900390625,12.416992187500002,1157.3437500000002,0.0023715625000000004,5.2361328125,95.276,
0,17,,,2.3555755615234375,12.331542968750002,1157.7343750000002,0.002355625,5.235546875000001,95.31,
0,17,,,2.3555755615234375,12.331542968750002,1158.1640625,0.002355625,5.235546875000001,95.344,
0,17,,,2.3670196533203125,12.393798828125002,1158.57421875,0.0023671875000000004,5.236523437500001,95.378,
0,17,,,2.3578643798828125,12.347412109375,1159.0234375000002,0.002358125,5.236523437500001,95.412,
0,17,,,2.3578643798828125,12.347412109375,1159.4140625000002,0.002358125,5.236523437500001,95.446,
0,17,,,2.3708343505859375,12.410888671875002,1159.82421875,0.0023709375,5.2353515625,95.48,
0,17,,,2.3464202880859375,12.287597656250002,1160.2539062500002,0.002346875,5.236523437500001,95.514,
0,17,,,2.3464202880859375,12.287597656250002,1160.6835937500002,0.002346875,5.236523437500001,95.548,
0,17,,,2.36358642578125,12.374267578125,1161.0742187500002,0.0023637500000000004,5.2357421875000005,95.582,
0,17,,,2.367401123046875,12.395019531250002,1161.50390625,0.0023675000000000002,5.2359375,95.616,
0,17,,,2.367401123046875,12.395019531250002,1161.9335937500002,0.0023675000000000002,5.2359375,95.65,
0,17,,,2.3578643798828125,12.347412109375,1162.36328125,0.002358125,5.2367187500000005,95.684,
0,17,,,2.367401123046875,12.395019531250002,1162.79296875,0.0023675000000000002,5.2359375,95.718,
0,17,,,2.367401123046875,12.395019531250002,1163.1835937500002,0.0023675000000000002,5.2359375,95.752,
0,17,,,2.3769378662109375,12.446289062500002,1163.6132812500002,0.0023771875000000004,5.2359375,95.786,
0,17,,,2.344512939453125,12.276611328125002,1164.0429687500002,0.0023446875,5.2369140625,95.82,
0,17,,,2.344512939453125,12.276611328125002,1164.47265625,0.0023446875,5.2369140625,95.854,
0,17,,,2.392959594726563,12.529296875000002,1164.8828125000002,0.0023931250000000003,5.2357421875000005,95.888,
0,17,,,2.368545532226563,12.402343750000002,1165.29296875,0.00236875,5.236328125,95.922,
0,17,,,2.368545532226563,12.402343750000002,1165.72265625,0.00236875,5.236328125,95.956,
0,17,,,2.3349761962890625,12.225341796875,1166.15234375,0.0023350000000000003,5.236523437500001,95.99,
0,17,,,2.4101257324218754,12.61962890625,1166.6015625000002,0.0024103125,5.236328125,96.024,
0,17,,,2.4101257324218754,12.61962890625,1166.9921875,0.0024103125,5.2359375,96.058,
0,17,,,2.3712158203125,12.41455078125,1167.4218750000002,0.00237125,5.2359375,96.092,
0,17,,,2.3719787597656254,12.420654296875,1167.8515625,0.0023721875,5.236328125,96.126,
0,17,,,2.3719787597656254,12.420654296875,1168.26171875,0.0023721875,5.2367187500000005,96.16,
0,17,,,2.3468017578125,12.288818359375002,1168.65234375,0.002346875,5.2367187500000005,96.194,
0,17,,,2.3712158203125,12.41455078125,1169.08203125,0.0023715625000000004,5.235546875000001,96.229,
0,17,,,2.3712158203125,12.41455078125,1169.5312500000002,0.0023921875,5.236328125,96.263,
0,17,,,2.391815185546875,12.524414062500002,1169.9414062500002,0.0023921875,5.236328125,96.297,
0,17,,,2.33917236328125,12.248535156250002,1170.37109375,0.0023393750000000003,5.236328125,96.331,
0,17,,,2.33917236328125,12.248535156250002,1170.80078125,0.0023718750000000003,5.2359375,96.366,
0,17,,,2.3719787597656254,12.418212890625002,1171.19140625,0.0023718750000000003,5.2359375,96.4,
0,17,,,2.3681640625000004,12.398681640625002,1171.6210937500002,0.0023684375000000003,5.235546875000001,96.434,
0,17,,,2.3681640625000004,12.398681640625002,1172.0703125,0.0023787500000000002,5.237109375,96.468,
0,17,,,2.3784637451171875,12.456054687500002,1172.4804687500002,0.0023787500000000002,5.237109375,96.502,
0,17,,,2.3418426513671875,12.259521484375,1172.8710937500002,0.002341875,5.235546875000001,96.536,
0,17,,,2.388763427734375,12.504882812500002,1173.30078125,0.0023887500000000002,5.235546875000001,96.57,
0,17,,,2.388763427734375,12.504882812500002,1173.73046875,0.0023887500000000002,5.235546875000001,96.604,
0,17,,,2.330780029296875,12.202148437500002,1174.1601562500002,0.0023309375,5.2359375,96.638,
0,17,,,2.3517608642578125,12.313232421875,1174.5898437500002,0.0023518750000000002,5.2361328125,96.672,
0,17,,,2.3517608642578125,12.313232421875,1174.98046875,0.0023518750000000002,5.2361328125,96.706,
0,17,,,2.37274169921875,12.420654296875,1175.4101562500002,0.0023728125000000004,5.23515625,96.74,
0,17,,,2.3601531982421875,12.359619140625,1175.8398437500002,0.0023606250000000003,5.2367187500000005,96.774,
0,17,,,2.3601531982421875,12.359619140625,1176.2500000000002,0.0023606250000000003,5.2367187500000005,96.808,
0,17,,,2.3143768310546875,12.11669921875,1176.6796875,0.002314375,5.2357421875000005,96.842,
0,17,,,2.3468017578125,12.288818359375002,1177.0703125000002,0.0023471875000000003,5.2361328125,96.876,
0,17,,,2.3468017578125,12.288818359375002,1177.5,0.0023471875000000003,5.2361328125,96.91,
0,17,,,2.3468017578125,12.2900390625,1177.91015625,0.0023471875000000003,5.2367187500000005,96.944,
0,17,,,2.3563385009765625,12.338867187500002,1178.3398437500002,0.0023565625,5.236523437500001,96.978,
0,17,,,2.3563385009765625,12.338867187500002,1178.7304687500002,0.0023565625,5.236523437500001,97.012,
0,17,,,2.3666381835937504,12.39013671875,1179.16015625,0.002366875,5.2357421875000005,97.046,
0,17,,,2.3666381835937504,12.392578125000002,1179.58984375,0.002366875,5.2367187500000005,97.08,
0,17,,,2.3666381835937504,12.392578125000002,1180.0195312500002,0.002366875,5.2367187500000005,97.114,
0,17,,,2.33917236328125,12.248535156250002,1180.4492187500002,0.0023393750000000003,5.236328125,97.148,
0,17,,,2.4021148681640625,12.576904296875,1180.83984375,0.0024021875000000002,5.2361328125,97.182,
0,17,,,2.4021148681640625,12.576904296875,1181.2695312500002,0.0024021875000000002,5.2361328125,97.216,
0,17,,,2.3387908935546875,12.246093750000002,1181.6992187500002,0.00233875,5.2361328125,97.25,
0,17,,,2.332305908203125,12.213134765625002,1182.1093750000002,0.0023325000000000004,5.2367187500000005,97.285,
0,17,,,2.332305908203125,12.213134765625002,1182.5390625,0.0023325000000000004,5.2367187500000005,97.319,
0,17,,,2.36968994140625,12.406005859375002,1182.9296875000002,0.00237,5.23515625,97.353,
0,17,,,2.373886108398438,12.429199218750002,1183.3789062500002,0.0023740625000000003,5.236523437500001,97.387,
0,17,,,2.373886108398438,12.429199218750002,1183.7890625,0.0023740625000000003,5.236523437500001,97.421,
0,17,,,2.3490905761718754,12.302246093750002,1184.23828125,0.0023490625,5.237109375,97.455,
0,17,,,2.396392822265625,12.548828125000002,1184.6679687500002,0.002396875,5.2361328125,97.489,
0,17,,,2.396392822265625,12.548828125000002,1185.0390625000002,0.002396875,5.23515625,97.523,
0,17,,,2.3513793945312504,12.308349609375002,1185.46875,0.00235125,5.23515625,97.557,
0,17,,,2.3410797119140625,12.259521484375,1185.8984375000002,0.0023409375,5.237109375,97.591,
0,18,,,0.9906768798828125,5.206298828125001,0.25390625,0.0017046875,5.244921875,0.035,
0,18,,,1.70440673828125,8.929443359375,0.44921875000000006,0.0017046875,5.244921875,0.069,
0,18,,,1.0860443115234375,5.708007812500001,0.6445312500000001,0.0010862500000000002,5.255859375,0.103,
0,18,,,1.0860443115234375,5.708007812500001,0.8203125000000001,0.0010275,5.25546875,0.137,
0,18,,,1.0272979736328125,5.397949218750001,1.015625,0.0010275,5.25546875,0.171,
0,18,,,1.0345458984375,5.437011718750001,1.1718750000000002,0.0010346875,5.2556640625,0.206,
0,18,,,1.0345458984375,5.340576171875,1.3671875000000002,0.0010165625,5.25546875,0.24,
0,18,,,1.0162353515625002,5.340576171875,1.54296875,0.0010165625,5.25546875,0.274,
0,18,,,1.0200500488281252,5.361328125000001,1.7382812500000002,0.0010203125000000002,5.255859375,0.308,
0,18,,,1.0620117187500002,5.581054687500001,1.9140625000000002,0.0010621875,5.2562500000000005,0.342,
0,18,,,1.0620117187500002,5.581054687500001,2.109375,0.0010621875,5.2562500000000005,0.376,
0,18,,,1.0498046875,5.516357421875001,2.3046875000000004,0.0010500000000000002,5.255078125000001,0.41,
0,18,,,1.0265350341796875,5.394287109375001,2.4804687500000004,0.0010265625000000001,5.2556640625,0.444,
0,18,,,1.0265350341796875,5.394287109375001,2.67578125,0.0010265625000000001,5.2556640625,0.478,
0,18,,,1.024627685546875,5.38330078125,2.8320312500000004,0.0010246875,5.25546875,0.512,
0,18,,,1.0463714599609375,5.498046875000001,3.02734375,0.0010465625000000002,5.256054687500001,0.546,
0,18,,,1.0463714599609375,5.498046875000001,3.2226562500000004,0.0010465625000000002,5.256054687500001,0.58,
0,18,,,1.0498046875,5.517578125,3.41796875,0.0010503125,5.2552734375000005,0.614,
0,18,,,1.0505676269531252,5.520019531250001,3.61328125,0.0010506250000000001,5.2556640625,0.648,
0,18,,,1.0505676269531252,5.520019531250001,3.7695312500000004,0.0010506250000000001,5.2556640625,0.682,
0,18,,,1.0578155517578125,5.559082031250001,3.9648437500000004,0.0010578125000000002,5.255859375,0.716,
0,18,,,1.0314941406250002,5.421142578125001,4.160156250000001,0.001031875,5.2556640625,0.751,
0,18,,,1.0314941406250002,5.421142578125001,4.3359375,0.001031875,5.2556640625,0.785,
0,18,,,1.0318756103515625,5.423583984375001,4.531250000000001,0.0010321875000000001,5.2562500000000005,0.819,
0,18,,,1.064300537109375,5.594482421875001,4.70703125,0.0010646875,5.2564453125,0.853,
0,18,,,1.064300537109375,5.594482421875001,4.902343750000001,0.0010646875,5.2564453125,0.887,
0,18,,,1.0284423828125,5.4052734375,5.097656250000001,0.0010287500000000002,5.255859375,0.921,
0,18,,,1.0471343994140625,5.502929687500001,5.2734375,0.0010471875000000002,5.256054687500001,0.955,
0,18,,,1.0471343994140625,5.502929687500001,5.468750000000001,0.0010471875000000002,5.256054687500001,0.989,
0,18,,,1.02996826171875,5.413818359375,5.625000000000001,0.0010303125,5.255859375,1.023,
0,18,,,1.0391235351562502,5.461425781250001,5.820312500000001,0.0010393750000000002,5.256054687500001,1.057,
0,18,,,1.0391235351562502,5.461425781250001,6.015625,0.0010393750000000002,5.256054687500001,1.091,
0,18,,,1.030731201171875,5.416259765625001,6.191406250000001,0.0010309375000000002,5.2552734375000005,1.125,
0,18,,,1.0593414306640625,5.567626953125001,6.367187500000001,0.001059375,5.256640625,1.159,
0,18,,,1.0593414306640625,5.567626953125001,6.562500000000001,0.001059375,5.2562500000000005,1.193,
0,18,,,1.04827880859375,5.509033203125,6.757812500000001,0.0010484375,5.2562500000000005,1.227,
0,18,,,1.0707855224609375,5.626220703125,6.953125000000001,0.0010709375,5.2556640625,1.261,
0,18,,,1.0707855224609375,5.626220703125,7.128906250000001,0.0010709375,5.255859375,1.295,
0,18,,,1.06048583984375,5.573730468750001,7.32421875,0.0010606250000000002,5.255859375,1.329,
0,18,,,1.080322265625,5.677490234375001,7.51953125,0.0010803125000000001,5.2562500000000005,1.363,
0,18,,,1.080322265625,5.677490234375001,7.71484375,0.0010415625000000002,5.2562500000000005,1.397,
0,18,,,1.041412353515625,5.472412109375001,7.91015625,0.0010415625000000002,5.2562500000000005,1.431,
0,18,,,1.039886474609375,5.465087890625001,8.066406250000002,0.0010400000000000001,5.2562500000000005,1.465,
0,18,,,1.039886474609375,5.465087890625001,8.26171875,0.0010471875000000002,5.256054687500001,1.499,
0,18,,,1.0467529296875002,5.501708984375001,8.457031250000002,0.0010471875000000002,5.256054687500001,1.533,
0,18,,,1.059722900390625,5.570068359375,8.632812500000002,0.0010596875,5.257031250000001,1.567,
0,18,,,1.059722900390625,5.570068359375,8.808593750000002,0.0009859375,5.255859375,1.601,
0,18,,,0.9857177734375001,5.180664062500001,8.984375000000002,0.0009859375,5.255859375,1.635,
0,18,,,1.055908203125,5.550537109375001,9.1796875,0.0010562500000000001,5.2568359375,1.669,
0,18,,,1.055908203125,5.550537109375001,9.375000000000002,0.0010393750000000002,5.256640625,1.703,
0,18,,,1.0391235351562502,5.462646484375,9.550781250000002,0.0010393750000000002,5.256640625,1.737,
0,18,,,1.052093505859375,5.529785156250001,9.7265625,0.0010521875000000002,5.256054687500001,1.772,
0,18,,,1.0311126708984375,5.419921875000001,9.921875000000002,0.0010315625000000001,5.256054687500001,1.806,
0,18,,,1.0311126708984375,5.419921875000001,10.117187500000002,0.0010315625000000001,5.256054687500001,1.84,
0,18,,,1.03302001953125,5.428466796875001,10.292968750000002,0.0010328125,5.255859375,1.874,
0,18,,,1.0578155517578125,5.559082031250001,10.46875,0.0010578125000000002,5.2562500000000005,1.908,
0,18,,,1.0578155517578125,5.559082031250001,10.664062500000002,0.0010578125000000002,5.2562500000000005,1.942,
0,18,,,1.0314941406250002,5.421142578125001,10.859375000000002,0.0010315625000000001,5.256640625,1.976,
0,18,,,1.0509490966796875,5.523681640625,11.03515625,0.00105125,5.256054687500001,2.01,
0,18,,,1.0509490966796875,5.523681640625,11.23046875,0.00105125,5.256054687500001,2.044,
0,18,,,1.056671142578125,5.55419921875,11.406250000000002,0.001056875,5.2564453125,2.078,
0,18,,,1.0200500488281252,5.361328125000001,11.601562500000002,0.00102,5.2568359375,2.112,
0,18,,,1.0200500488281252,5.361328125000001,11.777343750000002,0.00102,5.2568359375,2.146,
0,18,,,1.055145263671875,5.544433593750001,11.972656250000002,0.0010553125,5.256054687500001,2.18,
0,18,,,1.030731201171875,5.41748046875,12.148437500000002,0.0010309375000000002,5.256640625,2.214,
0,18,,,1.030731201171875,5.41748046875,12.324218750000002,0.0010309375000000002,5.256640625,2.248,
0,18,,,1.024627685546875,5.385742187500001,12.519531250000002,0.0010246875,5.256640625,2.282,
0,18,,,1.0517120361328125,5.52734375,12.714843750000004,0.001051875,5.2562500000000005,2.316,
0,18,,,1.0517120361328125,5.52734375,12.890625000000002,0.001051875,5.2562500000000005,2.35,
0,18,,,1.08184814453125,5.687255859375,13.0859375,0.0010821875,5.256640625,2.384,
0,18,,,1.0639190673828127,5.592041015625,13.281250000000002,0.0010640625000000001,5.256640625,2.418,
0,18,,,1.0639190673828127,5.592041015625,13.4765625,0.0010640625000000001,5.256640625,2.452,
0,18,,,1.0528564453125,5.533447265625001,13.652343750000002,0.0010528125000000001,5.2568359375,2.486,
0,18,,,1.0276794433593752,5.401611328125,13.828125,0.0010281250000000002,5.2564453125,2.52,
0,18,,,1.0276794433593752,5.401611328125,14.0234375,0.0010281250000000002,5.2564453125,2.554,
0,18,,,1.0585784912109375,5.563964843750001,14.21875,0.00105875,5.2564453125,2.588,
0,18,,,1.062774658203125,5.585937500000001,14.4140625,0.0010628125000000002,5.257031250000001,2.622,
0,18,,,1.062774658203125,5.585937500000001,14.570312500000002,0.0010628125000000002,5.257031250000001,2.656,
0,18,,,1.03607177734375,5.445556640625001,14.765625000000004,0.00103625,5.2568359375,2.69,
0,18,,,1.0257720947265627,5.389404296875001,14.960937500000002,0.0010259375000000002,5.25546875,2.724,
0,18,,,1.0257720947265627,5.389404296875001,15.13671875,0.0010259375000000002,5.25546875,2.758,
0,18,,,1.0543823242187502,5.541992187500001,15.312500000000002,0.0010546875,5.256054687500001,2.792,
0,18,,,1.055908203125,5.549316406250001,15.507812500000002,0.0010559375,5.2568359375,2.826,
0,18,,,1.055908203125,5.549316406250001,15.703125000000002,0.0010559375,5.255859375,2.86,
0,18,,,1.0448455810546877,5.491943359375001,15.898437500000002,0.0010453125,5.255859375,2.894,
0,18,,,1.0723114013671875,5.634765625000001,16.09375,0.0010725,5.2556640625,2.928,
0,18,,,1.0723114013671875,5.634765625000001,16.269531250000004,0.0010725,5.256054687500001,2.962,
0,18,,,1.0356903076171875,5.443115234375,16.4453125,0.0010359375000000002,5.256054687500001,2.996,
0,18,,,1.0051727294921875,5.281982421875001,16.621093750000004,0.0010053125000000001,5.256054687500001,3.03,
0,18,,,1.0051727294921875,5.281982421875001,16.816406250000004,0.0010562500000000001,5.2564453125,3.064,
0,18,,,1.055908203125,5.549316406250001,17.01171875,0.0010562500000000001,5.2564453125,3.098,
0,18,,,1.03607177734375,5.445556640625001,17.167968750000004,0.00103625,5.256054687500001,3.132,
0,18,,,1.03607177734375,5.445556640625001,17.36328125,0.0010034375,5.255859375,3.166,
0,18,,,1.003265380859375,5.272216796875001,17.55859375,0.0010034375,5.255859375,3.2,
0,18,,,1.045989990234375,5.496826171875,17.734375000000004,0.00104625,5.2556640625,3.234,
0,18,,,1.045989990234375,5.496826171875,17.91015625,0.001026875,5.256054687500001,3.268,
0,18,,,1.0265350341796875,5.3955078125,18.105468750000004,0.001026875,5.256054687500001,3.302,
0,18,,,1.0669708251953125,5.607910156250001,18.300781250000004,0.0010671875,5.256054687500001,3.336,
0,18,,,1.0669708251953125,5.607910156250001,18.49609375,0.0010640625000000001,5.255859375,3.37,
0,18,,,1.0639190673828127,5.592041015625,18.671875,0.0010640625000000001,5.255859375,3.404,
0,18,,,1.0562896728515627,5.551757812500001,18.84765625,0.0010565625,5.255078125000001,3.438,
0,18,,,1.0562896728515627,5.565185546875,19.04296875,0.001059375,5.2556640625,3.472,
0,18,,,1.0589599609375,5.565185546875,19.238281250000004,0.001059375,5.2556640625,3.506,
0,18,,,1.0692596435546875,5.620117187500001,19.433593750000004,0.0010696875000000001,5.256054687500001,3.54,
0,18,,,1.0105133056640627,5.31005859375,19.589843750000004,0.001010625,5.2556640625,3.574,
0,18,,,1.0105133056640627,5.31005859375,19.785156250000004,0.001010625,5.2556640625,3.608,
0,18,,,1.0242462158203125,5.382080078125,19.980468750000004,0.0010243750000000001,5.2556640625,3.642,
0,18,,,1.0517120361328125,5.526123046875001,20.15625,0.001051875,5.2564453125,3.676,
0,18,,,1.0517120361328125,5.526123046875001,20.332031250000004,0.001051875,5.2564453125,3.71,
0,18,,,1.0166168212890625,5.341796875000001,20.527343750000004,0.0010165625,5.255078125000001,3.744,
0,18,,,1.0540008544921875,5.53955078125,20.703125000000004,0.0010540625,5.256054687500001,3.778,
0,18,,,1.0540008544921875,5.53955078125,20.898437500000004,0.0010540625,5.256054687500001,3.812,
0,18,,,1.05133056640625,5.524902343750001,21.09375,0.0010515625,5.2556640625,3.846,
0,18,,,1.068115234375,5.614013671875001,21.26953125,0.0010684375000000002,5.255859375,3.881,
0,18,,,1.068115234375,5.614013671875001,21.464843750000004,0.0010684375000000002,5.255859375,3.915,
0,18,,,1.0528564453125,5.533447265625001,21.660156250000004,0.001053125,5.256054687500001,3.949,
0,18,,,1.059722900390625,5.568847656250001,21.855468750000004,0.0010596875,5.2562500000000005,3.983,
0,18,,,1.059722900390625,5.568847656250001,22.050781250000004,0.0010596875,5.2562500000000005,4.017,
0,18,,,1.0639190673828127,5.592041015625,22.207031250000004,0.0010640625000000001,5.256054687500001,4.051,
0,18,,,1.019287109375,5.3564453125,22.40234375,0.001019375,5.255859375,4.085,
0,18,,,1.019287109375,5.3564453125,22.59765625,0.001019375,5.255859375,4.119,
0,18,,,1.06658935546875,5.605468750000001,22.792968750000004,0.0010668750000000001,5.255859375,4.153,
0,18,,,1.0417938232421875,5.474853515625,22.968750000000004,0.0010421875000000001,5.256054687500001,4.187,
0,18,,,1.0417938232421875,5.474853515625,23.144531250000004,0.0010421875000000001,5.256054687500001,4.221,
0,18,,,1.0570526123046875,5.555419921875001,23.339843750000004,0.0010575,5.25546875,4.255,
0,18,,,1.082611083984375,5.6884765625,23.53515625,0.0010825000000000001,5.2562500000000005,4.289,
0,18,,,1.082611083984375,5.6884765625,23.73046875,0.0010825000000000001,5.2562500000000005,4.323,
0,18,,,1.0498046875,5.517578125,23.906250000000004,0.0010500000000000002,5.256054687500001,4.357,
0,18,,,1.0223388671875,5.373535156250001,24.082031250000004,0.0010228125,5.2556640625,4.391,
0,18,,,1.0223388671875,5.373535156250001,24.277343750000004,0.0010228125,5.2556640625,4.425,
0,18,,,1.039886474609375,5.465087890625001,24.453125000000004,0.0010400000000000001,5.256054687500001,4.459,
0,18,,,1.0089874267578125,5.302734375000001,24.628906250000004,0.001009375,5.25546875,4.493,
0,18,,,1.0089874267578125,5.302734375000001,24.82421875,0.001009375,5.2552734375000005,4.527,
0,18,,,1.04827880859375,5.507812500000001,25.01953125,0.0010484375,5.2552734375000005,4.561,
0,18,,,1.0711669921875,5.628662109375001,25.1953125,0.0010712500000000002,5.255859375,4.595,
0,18,,,1.0711669921875,5.628662109375001,25.371093750000004,0.0010712500000000002,5.2562500000000005,4.629,
0,18,,,1.030731201171875,5.41748046875,25.566406250000004,0.0010309375000000002,5.2562500000000005,4.663,
0,18,,,1.03302001953125,5.428466796875001,25.761718750000004,0.0010331250000000002,5.2562500000000005,4.697,
0,18,,,1.03302001953125,5.428466796875001,25.937500000000004,0.00105125,5.25546875,4.731,
0,18,,,1.0509490966796875,5.522460937500001,26.132812500000004,0.00105125,5.25546875,4.765,
0,18,,,1.0498046875,5.517578125,26.308593750000004,0.0010500000000000002,5.255859375,4.799,
0,18,,,1.0498046875,5.517578125,26.484375,0.0010137500000000001,5.2556640625,4.833,
0,18,,,1.0135650634765625,5.325927734375,26.6796875,0.0010137500000000001,5.2556640625,4.867,
0,18,,,1.0639190673828127,5.592041015625,26.875,0.0010640625000000001,5.256640625,4.901,
0,18,,,1.0639190673828127,5.592041015625,27.050781250000004,0.0010115625,5.2556640625,4.936,
0,18,,,1.01165771484375,5.316162109375001,27.226562500000004,0.0010115625,5.2556640625,4.97,
0,18,,,1.0402679443359375,5.46630859375,27.421875000000004,0.0010403125,5.255859375,5.004,
0,18,,,1.0402679443359375,5.46630859375,27.6171875,0.00108875,5.2562500000000005,5.038,
0,18,,,1.0883331298828125,5.721435546875001,27.812500000000004,0.00108875,5.2562500000000005,5.072,
0,18,,,1.0425567626953125,5.479736328125001,27.988281250000004,0.0010428125000000001,5.25546875,5.106,
0,18,,,1.0471343994140625,5.504150390625,28.164062500000004,0.0010475,5.2568359375,5.14,
0,18,,,1.0471343994140625,5.504150390625,28.378906250000004,0.0010475,5.2568359375,5.174,
0,18,,,1.07574462890625,5.654296875000001,28.554687500000007,0.0010759375,5.2568359375,5.208,
0,18,,,1.0543823242187502,5.540771484375001,28.750000000000004,0.0010543750000000002,5.2568359375,5.242,
0,18,,,1.0543823242187502,5.540771484375001,28.92578125,0.0010543750000000002,5.2568359375,5.276,
0,18,,,1.0314941406250002,5.421142578125001,29.1015625,0.0010315625000000001,5.256640625,5.31,
0,18,,,1.0211944580078125,5.367431640625001,29.296875,0.00102125,5.257031250000001,5.344,
0,18,,,1.0211944580078125,5.367431640625001,29.492187500000004,0.00102125,5.257031250000001,5.378,
0,18,,,1.0707855224609375,5.62744140625,29.667968750000004,0.0010709375,5.2562500000000005,5.412,
0,18,,,1.0349273681640625,5.440673828125001,29.843750000000004,0.0010353125,5.2564453125,5.446,
0,18,,,1.0349273681640625,5.440673828125001,30.039062500000004,0.0010353125,5.2564453125,5.48,
0,18,,,1.018524169921875,5.354003906250001,30.214843750000004,0.0010187500000000001,5.2562500000000005,5.514,
0,18,,,1.03302001953125,5.429687500000001,30.390625000000004,0.0010331250000000002,5.2564453125,5.548,
0,18,,,1.03302001953125,5.429687500000001,30.56640625,0.0010331250000000002,5.2564453125,5.582,
0,18,,,1.0086059570312502,5.301513671875001,30.76171875,0.0010090625,5.2562500000000005,5.616,
0,18,,,0.9914398193359376,5.211181640625001,30.937500000000004,0.0009918750000000001,5.2562500000000005,5.65,
0,18,,,0.9914398193359376,5.211181640625001,31.132812500000004,0.0009918750000000001,5.2562500000000005,5.684,
0,18,,,1.01165771484375,5.3173828125,31.289062500000007,0.0010118750000000002,5.2564453125,5.718,
0,18,,,1.0356903076171875,5.443115234375,31.484375000000004,0.001035625,5.2564453125,5.752,
0,18,,,1.0356903076171875,5.443115234375,31.679687500000004,0.001035625,5.2564453125,5.786,
0,18,,,1.084136962890625,5.699462890625001,31.875000000000007,0.001084375,5.2564453125,5.82,
0,18,,,1.0608673095703125,5.576171875000001,32.05078125000001,0.0010609375,5.256640625,5.854,
0,18,,,1.0608673095703125,5.576171875000001,32.24609375,0.0010609375,5.256640625,5.888,
0,18,,,1.06658935546875,5.605468750000001,32.44140625000001,0.0010665625,5.2564453125,5.922,
0,18,,,1.0532379150390625,5.535888671875,32.63671875000001,0.0010534375000000001,5.2564453125,5.956,
0,18,,,1.0532379150390625,5.535888671875,32.79296875000001,0.0010534375000000001,5.2564453125,5.99,
0,18,,,1.056671142578125,5.55419921875,32.98828125,0.001056875,5.2564453125,6.024,
0,18,,,1.074981689453125,5.6494140625,33.18359375000001,0.001075,5.2562500000000005,6.058,
0,18,,,1.074981689453125,5.6494140625,33.37890625,0.001075,5.2562500000000005,6.092,
0,18,,,1.0593414306640625,5.56640625,33.57421875,0.001059375,5.2562500000000005,6.126,
0,18,,,1.0433197021484375,5.483398437500001,33.75,0.0010434375,5.256640625,6.16,
0,18,,,1.0433197021484375,5.483398437500001,33.94531250000001,0.0010434375,5.256640625,6.194,
0,18,,,1.0646820068359375,5.596923828125,34.12109375000001,0.0010650000000000002,5.256640625,6.228,
0,18,,,1.0189056396484375,5.354003906250001,34.31640625000001,0.0010190625,5.256054687500001,6.262,
0,18,,,1.0189056396484375,5.354003906250001,34.51171875,0.0010190625,5.2564453125,6.296,
0,18,,,1.071929931640625,5.633544921875001,34.6875,0.0010718750000000001,5.2564453125,6.33,
0,18,,,1.04827880859375,5.509033203125,34.88281250000001,0.0010484375,5.255859375,6.364,
0,18,,,1.04827880859375,5.509033203125,35.05859375,0.0010128125,5.2562500000000005,6.398,
0,18,,,1.0124206542968752,5.321044921875,35.25390625,0.0010128125,5.2562500000000005,6.432,
0,18,,,1.04827880859375,5.510253906250001,35.41015625000001,0.0010484375,5.2564453125,6.466,
0,18,,,1.04827880859375,5.510253906250001,35.60546875,0.0010421875000000001,5.2564453125,6.5,
0,18,,,1.04217529296875,5.477294921875001,35.80078125000001,0.0010421875000000001,5.2564453125,6.534,
0,18,,,1.01318359375,5.325927734375,35.9765625,0.0010134375,5.2562500000000005,6.568,
0,18,,,1.01318359375,5.325927734375,36.15234375,0.00103125,5.2564453125,6.602,
0,18,,,1.0311126708984375,5.418701171875001,36.34765625000001,0.00103125,5.2564453125,6.636,
0,18,,,1.0448455810546877,5.490722656250001,36.5234375,0.0010450000000000001,5.2562500000000005,6.67,
0,18,,,1.0448455810546877,5.490722656250001,36.71875,0.00104875,5.256054687500001,6.704,
0,18,,,1.0486602783203127,5.510253906250001,36.91406250000001,0.00104875,5.256054687500001,6.738,
0,18,,,1.0162353515625002,5.341796875000001,37.0703125,0.0010165625,5.256640625,6.772,
0,18,,,1.0364532470703125,5.446777343750001,37.26562500000001,0.0010365625000000002,5.256640625,6.806,
0,18,,,1.0364532470703125,5.446777343750001,37.46093750000001,0.0010365625000000002,5.256640625,6.84,
0,18,,,1.045989990234375,5.496826171875,37.63671875000001,0.00104625,5.2556640625,6.874,
0,18,,,1.0402679443359375,5.46630859375,37.81250000000001,0.0010403125,5.25546875,6.908,
0,18,,,1.0402679443359375,5.46630859375,38.00781250000001,0.0010403125,5.25546875,6.942,
0,18,,,1.0429382324218752,5.480957031250001,38.20312500000001,0.001043125,5.2556640625,6.976,
0,18,,,1.0417938232421875,5.476074218750001,38.37890625000001,0.0010421875000000001,5.256054687500001,7.01,
0,18,,,1.0417938232421875,5.476074218750001,38.57421875,0.0010421875000000001,5.256054687500001,7.045,
0,18,,,1.039886474609375,5.463867187500001,38.76953125,0.0010400000000000001,5.25546875,7.079,
0,18,,,1.0135650634765625,5.327148437500001,38.92578125000001,0.0010137500000000001,5.2556640625,7.113,
0,18,,,1.0135650634765625,5.327148437500001,39.12109375,0.0010137500000000001,5.2556640625,7.147,
0,18,,,1.0540008544921875,5.538330078125001,39.31640625000001,0.0010540625,5.255859375,7.181,
0,18,,,1.0593414306640625,5.56640625,39.51171875000001,0.0010596875,5.255078125000001,7.215,
0,18,,,1.0593414306640625,5.56640625,39.68750000000001,0.0010596875,5.255078125000001,7.249,
0,18,,,1.0303497314453125,5.415039062500001,39.86328125000001,0.001030625,5.255859375,7.283,
0,18,,,1.0711669921875,5.629882812500001,40.05859375000001,0.0010712500000000002,5.255859375,7.317,
0,18,,,1.0711669921875,5.629882812500001,40.25390625000001,0.0010712500000000002,5.255859375,7.351,
0,18,,,1.0379791259765625,5.455322265625001,40.41015625,0.001038125,5.255859375,7.385,
0,18,,,1.021575927734375,5.368652343750001,40.60546875000001,0.001021875,5.2562500000000005,7.419,
0,18,,,1.021575927734375,5.368652343750001,40.80078125,0.001021875,5.2562500000000005,7.453,
0,18,,,1.0623931884765625,5.583496093750001,40.99609375000001,0.0010625,5.2556640625,7.487,
0,18,,,1.067352294921875,5.610351562500001,41.19140625000001,0.0010675,5.255859375,7.521,
0,18,,,1.067352294921875,5.610351562500001,41.34765625,0.0010675,5.255859375,7.555,
0,18,,,1.0379791259765625,5.455322265625001,41.54296875000001,0.001038125,5.256054687500001,7.589,
0,18,,,1.0379791259765625,5.455322265625001,41.73828125000001,0.001038125,5.2564453125,7.623,
0,18,,,1.0379791259765625,5.455322265625001,41.91406250000001,0.001038125,5.2564453125,7.657,
0,18,,,1.036834716796875,5.447998046875,42.08984375,0.001036875,5.2552734375000005,7.691,
0,18,,,1.0654449462890625,5.598144531250001,42.28515625000001,0.0010656250000000002,5.25546875,7.725,
0,18,,,1.0654449462890625,5.598144531250001,42.48046875,0.0010656250000000002,5.25546875,7.759,
0,18,,,1.0406494140625,5.469970703125,42.67578125,0.0010409375,5.255859375,7.793,
0,18,,,1.0406494140625,5.467529296875001,42.83203125000001,0.001040625,5.25546875,7.827,
0,18,,,1.0406494140625,5.467529296875001,43.02734375,0.001040625,5.2562500000000005,7.861,
0,18,,,1.04827880859375,5.510253906250001,43.22265625000001,0.0010484375,5.2562500000000005,7.895,
0,18,,,1.0646820068359375,5.595703125,43.41796875000001,0.0010646875,5.2562500000000005,7.929,
0,18,,,1.0646820068359375,5.595703125,43.61328125000001,0.0010646875,5.2564453125,7.963,
0,18,,,1.059722900390625,5.570068359375,43.7890625,0.0010600000000000002,5.2564453125,7.997,
0,18,,,1.0379791259765625,5.455322265625001,43.96484375000001,0.0010384375,5.25546875,8.031,
0,18,,,1.0379791259765625,5.455322265625001,44.16015625000001,0.0010378125,5.25546875,8.065,
0,18,,,1.03759765625,5.452880859375001,44.33593750000001,0.0010378125,5.25546875,8.1,
0,18,,,1.0242462158203125,5.38330078125,44.53125,0.0010243750000000001,5.2556640625,8.134,
0,18,,,1.0242462158203125,5.38330078125,44.68750000000001,0.0010146875000000002,5.25546875,8.168,
0,18,,,1.01470947265625,5.330810546875001,44.88281250000001,0.0010146875000000002,5.25546875,8.202,
0,18,,,1.0276794433593752,5.400390625000001,45.07812500000001,0.0010278125,5.2552734375000005,8.236,
0,18,,,1.0276794433593752,5.400390625000001,45.25390625,0.0010506250000000001,5.25546875,8.27,
0,18,,,1.0505676269531252,5.520019531250001,45.44921875000001,0.0010506250000000001,5.25546875,8.304,
0,18,,,1.0650634765625,5.596923828125,45.62500000000001,0.0010650000000000002,5.2556640625,8.338,
0,18,,,1.0650634765625,5.596923828125,45.82031250000001,0.0010178125,5.2552734375000005,8.372,
0,18,,,1.01776123046875,5.346679687500001,45.99609375,0.0010178125,5.2552734375000005,8.406,
0,18,,,1.0334014892578127,5.430908203125001,46.171875,0.0010334375,5.2556640625,8.44,
0,18,,,1.059722900390625,5.568847656250001,46.36718750000001,0.0010596875,5.256640625,8.474,
0,18,,,1.059722900390625,5.568847656250001,46.54296875000001,0.0010596875,5.256640625,8.508,
0,18,,,1.0105133056640627,5.311279296875001,46.73828125000001,0.0010109375000000001,5.2556640625,8.542,
0,18,,,1.0658264160156252,5.601806640625001,46.93359375,0.0010659375,5.2568359375,8.576,
0,18,,,1.0658264160156252,5.601806640625001,47.10937500000001,0.0010659375,5.2568359375,8.61,
0,18,,,1.0570526123046875,5.555419921875001,47.30468750000001,0.0010571875000000002,5.2564453125,8.644,
0,18,,,1.0417938232421875,5.476074218750001,47.48046875000001,0.0010421875000000001,5.256054687500001,8.678,
0,18,,,1.0417938232421875,5.476074218750001,47.67578125000001,0.0010421875000000001,5.256054687500001,8.712,
0,18,,,1.0410308837890627,5.471191406250001,47.8515625,0.00104125,5.2556640625,8.746,
0,18,,,1.041412353515625,5.472412109375001,48.046875,0.0010415625000000002,5.2556640625,8.78,
0,18,,,1.041412353515625,5.472412109375001,48.22265625,0.0010415625000000002,5.2556640625,8.814,
0,18,,,1.01470947265625,5.332031250000001,48.3984375,0.0010146875000000002,5.255859375,8.848,
0,18,,,1.0250091552734375,5.386962890625,48.57421875000001,0.0010253125000000002,5.256054687500001,8.882,
0,18,,,1.0250091552734375,5.386962890625,48.76953125000001,0.0010253125000000002,5.256054687500001,8.916,
0,18,,,1.03759765625,5.451660156250001,48.96484375000001,0.0010375,5.255859375,8.95,
0,18,,,1.0646820068359375,5.595703125,49.16015625,0.0010650000000000002,5.2562500000000005,8.984,
0,18,,,1.0646820068359375,5.595703125,49.33593750000001,0.0010650000000000002,5.2562500000000005,9.018,
0,18,,,1.0505676269531252,5.522460937500001,49.51171875,0.0010509375,5.256054687500001,9.052,
0,18,,,1.0326385498046875,5.427246093750001,49.70703125000001,0.0010328125,5.256054687500001,9.086,
0,18,,,1.0326385498046875,5.427246093750001,49.88281250000001,0.0010328125,5.256054687500001,9.12,
0,18,,,1.0406494140625,5.468750000000001,50.07812500000001,0.0010409375,5.255078125000001,9.154,
0,18,,,1.018524169921875,5.3515625,50.25390625000001,0.0010184375,5.2556640625,9.188,
0,18,,,1.018524169921875,5.3515625,50.4296875,0.0010184375,5.2556640625,9.222,
0,18,,,1.0509490966796875,5.523681640625,50.625,0.00105125,5.255859375,9.256,
0,18,,,1.0425567626953125,5.478515625,50.8203125,0.0010428125000000001,5.256054687500001,9.29,
0,18,,,1.0425567626953125,5.478515625,50.99609375000001,0.0010428125000000001,5.256054687500001,9.324,
0,18,,,1.0341644287109375,5.434570312500001,51.17187500000001,0.0010343750000000001,5.256054687500001,9.358,
0,18,,,1.0066986083984377,5.29052734375,51.347656250000014,0.0010068750000000002,5.2564453125,9.392,
0,18,,,1.0066986083984377,5.29052734375,51.54296875000001,0.0010068750000000002,5.2564453125,9.426,
0,18,,,1.0295867919921877,5.410156250000001,51.738281250000014,0.0010296875,5.25546875,9.46,
0,18,,,1.039886474609375,5.46630859375,51.91406250000001,0.0010400000000000001,5.2562500000000005,9.494,
0,18,,,1.039886474609375,5.46630859375,52.08984375,0.0010400000000000001,5.256640625,9.528,
0,18,,,1.052093505859375,5.529785156250001,52.28515625,0.0010521875000000002,5.256640625,9.562,
0,18,,,1.0433197021484375,5.483398437500001,52.48046875,0.0010434375,5.2562500000000005,9.596,
0,18,,,1.0433197021484375,5.483398437500001,52.67578125,0.0010875000000000001,5.2568359375,9.63,
0,18,,,1.087188720703125,5.715332031250001,52.85156250000001,0.0010875000000000001,5.2568359375,9.664,
0,18,,,1.0562896728515627,5.551757812500001,53.04687500000001,0.0010565625,5.2564453125,9.698,
0,18,,,1.0562896728515627,5.551757812500001,53.24218750000001,0.0010703125,5.256054687500001,9.732,
0,18,,,1.0700225830078125,5.623779296875001,53.41796875,0.0010703125,5.256054687500001,9.766,
0,18,,,1.010894775390625,5.313720703125,53.59375000000001,0.0010109375000000001,5.257031250000001,9.8,
0,18,,,1.010894775390625,5.313720703125,53.789062500000014,0.0010612500000000001,5.257031250000001,9.834,
0,18,,,1.061248779296875,5.57861328125,53.98437500000001,0.0010612500000000001,5.257031250000001,9.868,
0,18,,,1.044464111328125,5.489501953125001,54.16015625000001,0.0010443750000000002,5.2568359375,9.902,
0,18,,,1.044464111328125,5.489501953125001,54.35546875000001,0.0010390625,5.256054687500001,9.936,
0,18,,,1.0387420654296875,5.458984375000001,54.53125,0.0010390625,5.256054687500001,9.97,
0,18,,,1.041412353515625,5.472412109375001,54.70703125000001,0.0010415625000000002,5.2556640625,10.004,
0,18,,,1.041412353515625,5.472412109375001,54.90234375000001,0.0010215625000000001,5.256640625,10.038,
0,18,,,1.021575927734375,5.368652343750001,55.09765625000001,0.0010215625000000001,5.256640625,10.072,
0,18,,,1.0341644287109375,5.435791015625,55.253906250000014,0.0010343750000000001,5.2564453125,10.106,
0,18,,,1.0272979736328125,5.399169921875001,55.44921875000001,0.0010275,5.2562500000000005,10.14,
0,18,,,1.0272979736328125,5.399169921875001,55.62500000000001,0.0010275,5.2562500000000005,10.174,
0,18,,,1.04522705078125,5.4931640625,55.82031250000001,0.0010453125,5.2562500000000005,10.209,
0,18,,,1.0353088378906252,5.440673828125001,56.01562500000001,0.001035625,5.2562500000000005,10.243,
0,18,,,1.0353088378906252,5.440673828125001,56.19140625,0.001035625,5.2562500000000005,10.277,
0,18,,,1.0429382324218752,5.482177734375001,56.36718750000001,0.001043125,5.256640625,10.311,
0,19,,,0.9944915771484375,5.227050781250001,57.53906250000001,0.0009946875000000001,5.2564453125,10.47,
0,19,,,1.772308349609375,9.289550781250002,57.75390625,0.0017725000000000002,5.24609375,10.505,
0,19,,,1.772308349609375,9.289550781250002,57.92968750000001,0.0017725000000000002,5.2564453125,10.539,
0,19,,,1.08795166015625,5.718994140625,58.12500000000001,0.0010881250000000001,5.2564453125,10.573,
0,19,,,1.0341644287109375,5.435791015625,58.32031250000001,0.0010343750000000001,5.2562500000000005,10.607,
0,19,,,1.0341644287109375,5.435791015625,58.51562500000001,0.0010715625,5.255859375,10.641,
0,19,,,1.0715484619140627,5.631103515625,58.71093750000001,0.0010715625,5.255859375,10.675,
0,19,,,1.0200500488281252,5.360107421875001,58.86718750000001,0.00102,5.2564453125,10.709,
0,19,,,1.0200500488281252,5.360107421875001,59.04296875000001,0.001015625,5.255078125000001,10.743,
0,19,,,1.015472412109375,5.335693359375001,59.23828125000001,0.001015625,5.255078125000001,10.777,
0,19,,,1.071929931640625,5.633544921875001,59.43359375000001,0.0010721875,5.2564453125,10.811,
0,19,,,1.071929931640625,5.633544921875001,59.609375,0.0010506250000000001,5.255859375,10.845,
0,19,,,1.0501861572265625,5.520019531250001,59.8046875,0.0010506250000000001,5.255859375,10.879,
0,19,,,1.0429382324218752,5.479736328125001,60.000000000000014,0.001043125,5.2556640625,10.913,
0,19,,,1.0429382324218752,5.479736328125001,60.17578125000001,0.0010153125000000002,5.25546875,10.947,
0,19,,,1.015472412109375,5.335693359375001,60.35156250000001,0.0010153125000000002,5.25546875,10.982,
0,19,,,1.03607177734375,5.4443359375,60.546875,0.00103625,5.25546875,11.016,
0,19,,,1.0356903076171875,5.443115234375,60.72265625000001,0.0010359375000000002,5.2556640625,11.05,
0,19,,,1.0356903076171875,5.443115234375,60.91796875000001,0.0010359375000000002,5.2556640625,11.084,
0,19,,,1.0654449462890625,5.599365234375001,61.113281250000014,0.0010656250000000002,5.255859375,11.118,
0,19,,,1.0601043701171877,5.571289062500001,61.30859375000001,0.0010603125,5.2564453125,11.152,
0,19,,,1.0601043701171877,5.571289062500001,61.464843750000014,0.0010603125,5.2564453125,11.186,
0,19,,,1.0128021240234375,5.321044921875,61.660156250000014,0.0010128125,5.255078125000001,11.22,
0,19,,,1.0364532470703125,5.446777343750001,61.83593750000001,0.0010365625000000002,5.25546875,11.254,
0,19,,,1.0364532470703125,5.446777343750001,62.03125000000001,0.0010365625000000002,5.25546875,11.288,
0,19,,,1.0547637939453125,5.541992187500001,62.20703125,0.0010550000000000002,5.25546875,11.322,
0,19,,,1.0250091552734375,5.386962890625,62.40234375000001,0.0010253125000000002,5.255078125000001,11.356,
0,19,,,1.0250091552734375,5.386962890625,62.578125000000014,0.0010253125000000002,5.255078125000001,11.39,
0,19,,,1.0387420654296875,5.458984375000001,62.773437500000014,0.0010390625,5.2564453125,11.424,
0,19,,,1.0498046875,5.517578125,62.96875000000001,0.0010500000000000002,5.2564453125,11.458,
0,19,,,1.0498046875,5.517578125,63.14453125000001,0.0010500000000000002,5.2564453125,11.492,
0,19,,,1.039886474609375,5.46630859375,63.320312500000014,0.0010403125,5.256054687500001,11.526,
0,19,,,1.0288238525390625,5.407714843750001,63.51562500000001,0.0010290625,5.2556640625,11.56,
0,19,,,1.0288238525390625,5.407714843750001,63.691406250000014,0.0010290625,5.2556640625,11.594,
0,19,,,1.0089874267578125,5.302734375000001,63.86718750000001,0.001009375,5.2548828125,11.628,
0,19,,,1.071929931640625,5.633544921875001,64.06250000000001,0.0010718750000000001,5.2564453125,11.662,
0,19,,,1.071929931640625,5.633544921875001,64.2578125,0.0010718750000000001,5.2564453125,11.696,
0,19,,,1.0494232177734375,5.516357421875001,64.43359375,0.0010496875,5.2564453125,11.73,
0,19,,,1.0162353515625002,5.339355468750001,64.60937500000001,0.00101625,5.2556640625,11.764,
0,19,,,1.0162353515625002,5.339355468750001,64.78515625000001,0.00101625,5.2556640625,11.798,
0,19,,,1.0280609130859375,5.404052734375001,64.98046875,0.0010284375,5.255859375,11.832,
0,19,,,1.0353088378906252,5.439453125,65.15625000000001,0.0010353125,5.2552734375000005,11.866,
0,19,,,1.0353088378906252,5.439453125,65.3515625,0.0010353125,5.2552734375000005,11.9,
0,19,,,1.06048583984375,5.573730468750001,65.52734375000001,0.0010606250000000002,5.2564453125,11.934,
0,19,,,1.0715484619140627,5.631103515625,65.74218750000001,0.0010718750000000001,5.256054687500001,11.968,
0,19,,,1.0715484619140627,5.631103515625,65.91796875,0.0010718750000000001,5.256054687500001,12.002,
0,19,,,1.0524749755859377,5.531005859375,66.11328125,0.0010525,5.256054687500001,12.036,
0,19,,,1.044464111328125,5.489501953125001,66.28906250000001,0.0010446875,5.255859375,12.07,
0,19,,,1.044464111328125,5.489501953125001,66.48437500000001,0.0010446875,5.2564453125,12.104,
0,19,,,1.0295867919921877,5.411376953125001,66.66015625,0.0010296875,5.2564453125,12.138,
0,19,,,1.05743408203125,5.555419921875001,66.85546875000001,0.0010575,5.2552734375000005,12.172,
0,19,,,1.05743408203125,5.555419921875001,67.05078125000001,0.0010575,5.2556640625,12.206,
0,19,,,1.0669708251953125,5.606689453125001,67.22656250000001,0.0010671875,5.2556640625,12.24,
0,19,,,1.0509490966796875,5.523681640625,67.421875,0.00105125,5.256054687500001,12.274,
0,19,,,1.0509490966796875,5.523681640625,67.61718750000001,0.0010668750000000001,5.255859375,12.308,
0,19,,,1.06658935546875,5.605468750000001,67.79296875,0.0010668750000000001,5.255859375,12.342,
0,19,,,1.0250091552734375,5.386962890625,67.96875000000001,0.0010253125000000002,5.2556640625,12.376,
0,19,,,1.0250091552734375,5.386962890625,68.1640625,0.0010428125000000001,5.2564453125,12.41,
0,19,,,1.0425567626953125,5.479736328125001,68.33984375,0.0010428125000000001,5.2564453125,12.445,
0,19,,,1.0654449462890625,5.598144531250001,68.53515625,0.0010653125,5.256054687500001,12.479,
0,19,,,1.0654449462890625,5.598144531250001,68.73046875000001,0.0010090625,5.2564453125,12.513,
0,19,,,1.0089874267578125,5.302734375000001,68.90625,0.0010090625,5.2564453125,12.547,
0,19,,,1.0402679443359375,5.468750000000001,69.08203125000001,0.001040625,5.256640625,12.581,
0,19,,,1.0402679443359375,5.41259765625,69.27734375000001,0.00103,5.256640625,12.615,
0,19,,,1.02996826171875,5.41259765625,69.47265625000001,0.00103,5.256640625,12.649,
0,19,,,1.0684967041015625,5.615234375,69.64843750000001,0.0010684375000000002,5.256640625,12.683,
0,19,,,1.0734558105468752,5.642089843750001,69.84375000000001,0.0010734375000000002,5.257031250000001,12.717,
0,19,,,1.0734558105468752,5.642089843750001,70.01953125,0.0010734375000000002,5.257031250000001,12.751,
0,19,,,1.04217529296875,5.477294921875001,70.21484375,0.0010425,5.256054687500001,12.785,
0,19,,,1.0433197021484375,5.483398437500001,70.41015625000001,0.0010434375,5.256640625,12.819,
0,19,,,1.0433197021484375,5.483398437500001,70.58593750000001,0.0010434375,5.256640625,12.853,
0,19,,,1.03759765625,5.452880859375001,70.76171875000001,0.0010378125,5.256054687500001,12.887,
0,19,,,1.01318359375,5.324707031250001,70.95703125000001,0.0010134375,5.255859375,12.921,
0,19,,,1.01318359375,5.324707031250001,71.15234375,0.0010134375,5.255859375,12.955,
0,19,,,1.0509490966796875,5.523681640625,71.30859375000001,0.00105125,5.256054687500001,12.989,
0,19,,,1.013946533203125,5.328369140625001,71.50390625000001,0.0010140625,5.256640625,13.023,
0,19,,,1.013946533203125,5.328369140625001,71.6796875,0.0010140625,5.256640625,13.057,
0,19,,,1.0272979736328125,5.400390625000001,71.85546875000001,0.0010275,5.2562500000000005,13.091,
0,19,,,0.9975433349609375,5.241699218750001,72.03125,0.0009978125,5.2556640625,13.125,
0,19,,,0.9975433349609375,5.241699218750001,72.20703125000001,0.0009978125,5.2556640625,13.159,
0,19,,,1.0284423828125,5.4052734375,72.40234375000001,0.0010284375,5.256640625,13.193,
0,19,,,1.032257080078125,5.424804687500001,72.59765625000001,0.0010325,5.256054687500001,13.227,
0,19,,,1.032257080078125,5.424804687500001,72.77343750000001,0.0010325,5.256054687500001,13.261,
0,19,,,1.0715484619140627,5.632324218750001,72.96875000000001,0.0010718750000000001,5.2562500000000005,13.294,
0,19,,,1.055908203125,5.550537109375001,73.14453125,0.0010559375,5.2568359375,13.328,
0,19,,,1.055908203125,5.550537109375001,73.33984375000001,0.0010559375,5.2568359375,13.362,
0,19,,,1.04217529296875,5.477294921875001,73.53515625,0.0010425,5.2556640625,13.396,
0,19,,,1.0318756103515625,5.423583984375001,73.69140625000001,0.0010321875000000001,5.2564453125,13.43,
0,19,,,1.0318756103515625,5.423583984375001,73.88671875000001,0.0010321875000000001,5.2564453125,13.464,
0,19,,,1.053619384765625,5.537109375000001,74.10156250000001,0.00105375,5.2564453125,13.499,
0,19,,,1.0700225830078125,5.623779296875001,74.27734375,0.00107,5.2568359375,13.533,
0,19,,,1.0700225830078125,5.623779296875001,74.47265625,0.00107,5.2568359375,13.567,
0,19,,,1.0162353515625002,5.340576171875,74.62890625,0.00101625,5.256640625,13.601,
0,19,,,1.0349273681640625,5.438232421875001,74.82421875,0.0010350000000000001,5.255859375,13.635,
0,19,,,1.0349273681640625,5.438232421875001,75.01953125000001,0.0010350000000000001,5.255859375,13.669,
0,19,,,1.033782958984375,5.433349609375001,75.1953125,0.0010340625,5.2564453125,13.703,
0,19,,,1.06048583984375,5.573730468750001,75.37109375,0.0010606250000000002,5.256640625,13.737,
0,19,,,1.06048583984375,5.573730468750001,75.56640625000001,0.0010606250000000002,5.256640625,13.771,
0,19,,,1.068878173828125,5.617675781250001,75.76171875000001,0.0010690625000000001,5.256640625,13.805,
0,19,,,1.018524169921875,5.354003906250001,75.9375,0.0010187500000000001,5.2568359375,13.839,
0,19,,,1.018524169921875,5.354003906250001,76.11328125000001,0.0010187500000000001,5.2564453125,13.873,
0,19,,,1.0341644287109375,5.434570312500001,76.30859375000001,0.0010340625,5.2564453125,13.907,
0,19,,,1.0753631591796877,5.651855468750001,76.50390625000001,0.0010756250000000002,5.2562500000000005,13.941,
0,19,,,1.0753631591796877,5.651855468750001,76.69921875000001,0.0010334375,5.2562500000000005,13.975,
0,19,,,1.0334014892578127,5.430908203125001,76.89453125000001,0.0010334375,5.2562500000000005,14.009,
0,19,,,1.07421875,5.645751953125,77.05078125,0.001074375,5.2568359375,14.043,
0,19,,,1.07421875,5.645751953125,77.24609375000001,0.0010425,5.255859375,14.077,
0,19,,,1.0425567626953125,5.478515625,77.44140625000001,0.0010425,5.255859375,14.111,
0,19,,,1.0654449462890625,5.599365234375001,77.63671875,0.0010656250000000002,5.2564453125,14.145,
0,19,,,1.0654449462890625,5.599365234375001,77.8125,0.0010228125,5.2564453125,14.179,
0,19,,,1.0227203369140625,5.374755859375,78.00781250000001,0.0010228125,5.2564453125,14.213,
0,19,,,1.0723114013671875,5.635986328125001,78.18359375,0.0010725,5.257031250000001,14.247,
0,19,,,1.0723114013671875,5.635986328125001,78.37890625,0.0010500000000000002,5.255859375,14.281,
0,19,,,1.0498046875,5.516357421875001,78.55468750000001,0.0010500000000000002,5.255859375,14.315,
0,19,,,1.0562896728515627,5.551757812500001,78.75000000000001,0.0010565625,5.2564453125,14.349,
0,19,,,1.0562896728515627,5.272216796875001,78.92578125000001,0.0010034375,5.2556640625,14.383,
0,19,,,1.003265380859375,5.272216796875001,79.12109375000001,0.0010034375,5.2556640625,14.417,
0,19,,,1.0318756103515625,5.422363281250001,79.31640625000001,0.001031875,5.2562500000000005,14.451,
0,19,,,1.03759765625,5.452880859375001,79.47265625000001,0.0010378125,5.25546875,14.485,
0,19,,,1.03759765625,5.452880859375001,79.66796875000001,0.0010378125,5.25546875,14.519,
0,19,,,1.0234832763671875,5.379638671875001,79.84375,0.0010237500000000001,5.256054687500001,14.554,
0,19,,,1.030731201171875,5.41748046875,80.03906250000001,0.0010309375000000002,5.256054687500001,14.587,
0,19,,,1.030731201171875,5.41748046875,80.23437500000001,0.0010309375000000002,5.256054687500001,14.621,
0,19,,,1.07421875,5.645751953125,80.41015625000001,0.001074375,5.255859375,14.655,
0,19,,,1.02691650390625,5.396728515625001,80.58593750000001,0.0010271875,5.25546875,14.689,
0,19,,,1.02691650390625,5.396728515625001,80.78125000000001,0.0010271875,5.25546875,14.723,
0,19,,,1.049041748046875,5.512695312500001,80.97656250000001,0.0010490625,5.256054687500001,14.757,
0,19,,,1.0440826416015625,5.488281250000001,81.15234375000001,0.0010443750000000002,5.2562500000000005,14.791,
0,19,,,1.0440826416015625,5.488281250000001,81.32812500000001,0.0010443750000000002,5.2562500000000005,14.825,
0,19,,,1.025390625,5.388183593750001,81.52343750000001,0.001025625,5.255859375,14.859,
0,19,,,1.0318756103515625,5.422363281250001,81.69921875000001,0.001031875,5.256054687500001,14.893,
0,19,,,1.0318756103515625,5.422363281250001,81.87500000000001,0.001031875,5.256054687500001,14.927,
0,19,,,1.026153564453125,5.393066406250001,82.07031250000001,0.00102625,5.255859375,14.961,
0,19,,,1.0364532470703125,5.445556640625001,82.24609375000001,0.0010365625000000002,5.2556640625,14.995,
0,19,,,1.0364532470703125,5.445556640625001,82.44140625000001,0.0010365625000000002,5.2556640625,15.029,
0,19,,,1.049041748046875,5.511474609375001,82.61718750000001,0.0010490625,5.2556640625,15.063,
0,19,,,1.07269287109375,5.637207031250001,82.81250000000001,0.0010728125,5.2564453125,15.097,
0,19,,,1.07269287109375,5.637207031250001,82.98828125000001,0.0010728125,5.2564453125,15.131,
0,19,,,1.0433197021484375,5.483398437500001,83.18359375,0.0010437500000000002,5.255859375,15.165,
0,19,,,0.9944915771484375,5.225830078125,83.37890625000001,0.0009946875000000001,5.25546875,15.199,
0,19,,,0.9944915771484375,5.225830078125,83.53515625000001,0.0009946875000000001,5.25546875,15.233,
0,19,,,1.0543823242187502,5.540771484375001,83.73046875000001,0.0010546875,5.25546875,15.267,
0,19,,,1.061248779296875,5.577392578125001,83.92578125000001,0.0010615625,5.2562500000000005,15.301,
0,19,,,1.061248779296875,5.577392578125001,84.12109375000001,0.0010615625,5.2562500000000005,15.335,
0,19,,,1.044464111328125,5.488281250000001,84.29687500000001,0.0010446875,5.2556640625,15.369,
0,19,,,1.0433197021484375,5.482177734375001,84.47265625,0.0010434375,5.2556640625,15.403,
0,19,,,1.0433197021484375,5.482177734375001,84.66796875,0.0010434375,5.2556640625,15.437,
0,19,,,1.0402679443359375,5.467529296875001,84.86328125,0.001040625,5.2556640625,15.471,
0,19,,,1.033782958984375,5.43212890625,85.01953125,0.0010340625,5.2552734375000005,15.505,
0,19,,,1.033782958984375,5.43212890625,85.21484375,0.0010340625,5.2562500000000005,15.539,
0,19,,,1.01776123046875,5.349121093750001,85.39062500000001,0.0010181250000000001,5.2562500000000005,15.573,
0,19,,,1.049041748046875,5.512695312500001,85.58593750000001,0.0010490625,5.2562500000000005,15.608,
0,19,,,1.049041748046875,5.512695312500001,85.78125000000001,0.0010259375000000002,5.255859375,15.642,
0,19,,,1.0257720947265627,5.391845703125001,85.95703125000001,0.0010259375000000002,5.255859375,15.676,
0,19,,,1.0555267333984375,5.548095703125,86.15234375000001,0.0010559375,5.2556640625,15.71,
0,19,,,1.0555267333984375,5.548095703125,86.34765625000001,0.0010671875,5.2552734375000005,15.744,
0,19,,,1.0669708251953125,5.607910156250001,86.52343750000001,0.0010671875,5.2552734375000005,15.778,
0,19,,,1.0284423828125,5.4052734375,86.71875000000001,0.0010287500000000002,5.2556640625,15.812,
0,19,,,1.0284423828125,5.4052734375,86.89453125000001,0.0010571875000000002,5.25546875,15.846,
0,19,,,1.0570526123046875,5.555419921875001,87.07031250000001,0.0010571875000000002,5.25546875,15.88,
0,19,,,1.0265350341796875,5.3955078125,87.26562500000001,0.001026875,5.2562500000000005,15.914,
0,19,,,1.0265350341796875,5.3955078125,87.4609375,0.0010600000000000002,5.2562500000000005,15.948,
0,19,,,1.059722900390625,5.568847656250001,87.61718750000001,0.0010600000000000002,5.2562500000000005,15.982,
0,19,,,1.025390625,5.389404296875001,87.81250000000001,0.001025625,5.255859375,16.016,
0,19,,,1.025390625,5.307617187500001,87.98828125000001,0.0010103125000000001,5.2556640625,16.05,
0,19,,,1.0101318359375,5.307617187500001,88.18359375000001,0.0010103125000000001,5.2556640625,16.084,
0,19,,,1.025390625,5.388183593750001,88.37890625,0.001025625,5.25546875,16.118,
0,19,,,1.0707855224609375,5.62744140625,88.5546875,0.0010709375,5.255859375,16.152,
0,19,,,1.0707855224609375,5.62744140625,88.75000000000001,0.0010709375,5.255859375,16.186,
0,19,,,1.0845184326171875,5.699462890625001,88.94531250000001,0.0010846875000000001,5.2562500000000005,16.22,
0,19,,,1.070404052734375,5.626220703125,89.14062500000001,0.0010706250000000002,5.256640625,16.254,
0,19,,,1.070404052734375,5.626220703125,89.31640625000001,0.0010706250000000002,5.256640625,16.288,
0,19,,,1.0372161865234377,5.450439453125001,89.49218750000001,0.0010375,5.255859375,16.322,
0,19,,,1.0501861572265625,5.518798828125001,89.68750000000001,0.0010503125,5.256054687500001,16.356,
0,19,,,1.0501861572265625,5.518798828125001,89.88281250000001,0.0010503125,5.256054687500001,16.39,
0,19,,,1.019287109375,5.3564453125,90.0390625,0.0010196875,5.2556640625,16.424,
0,19,,,1.0440826416015625,5.487060546875,90.234375,0.0010443750000000002,5.2564453125,16.458,
0,19,,,1.0440826416015625,5.487060546875,90.42968750000001,0.0010443750000000002,5.2564453125,16.492,
0,19,,,1.0395050048828125,5.461425781250001,90.60546875000001,0.0010393750000000002,5.255859375,16.526,
0,19,,,1.0265350341796875,5.393066406250001,90.80078125000001,0.0010265625000000001,5.2556640625,16.56,
0,19,,,1.0265350341796875,5.393066406250001,90.97656250000001,0.0010265625000000001,5.2556640625,16.594,
0,19,,,1.047515869140625,5.50537109375,91.17187500000001,0.0010478125000000001,5.2556640625,16.628,
0,19,,,1.023101806640625,5.375976562500001,91.34765625000001,0.0010231250000000002,5.255859375,16.663,
0,19,,,1.023101806640625,5.375976562500001,91.52343750000001,0.0010231250000000002,5.255859375,16.697,
0,19,,,1.0238647460937502,5.380859375000001,91.71875000000001,0.0010240625,5.255859375,16.731,
0,19,,,1.04217529296875,5.477294921875001,91.89453125000001,0.0010425,5.25546875,16.765,
0,19,,,1.04217529296875,5.477294921875001,92.08984375000001,0.0010425,5.25546875,16.798,
0,19,,,1.03302001953125,5.429687500000001,92.26562500000001,0.0010334375,5.256054687500001,16.832,
0,19,,,1.0166168212890625,5.341796875000001,92.4609375,0.001016875,5.2552734375000005,16.866,
0,19,,,1.0166168212890625,5.341796875000001,92.61718750000001,0.001016875,5.2552734375000005,16.9,
0,19,,,1.0463714599609375,5.499267578125001,92.81250000000001,0.0010465625000000002,5.255859375,16.934,
0,19,,,1.043701171875,5.485839843750001,93.00781250000001,0.0010440625,5.256054687500001,16.968,
0,19,,,1.043701171875,5.485839843750001,93.18359375000001,0.0010440625,5.256054687500001,17.002,
0,19,,,1.0379791259765625,5.455322265625001,93.37890625,0.001038125,5.255859375,17.036,
0,19,,,1.0562896728515627,5.551757812500001,93.55468750000001,0.0010562500000000001,5.2568359375,17.07,
0,19,,,1.0562896728515627,5.551757812500001,93.75,0.0010562500000000001,5.2568359375,17.104,
0,19,,,1.043701171875,5.485839843750001,93.92578125,0.0010440625,5.255859375,17.138,
0,19,,,1.0288238525390625,5.406494140625001,94.12109375000001,0.0010290625,5.256054687500001,17.172,
0,19,,,1.0288238525390625,5.406494140625001,94.296875,0.0010290625,5.255859375,17.206,
0,19,,,1.0505676269531252,5.521240234375001,94.4921875,0.0010506250000000001,5.255859375,17.24,
0,19,,,1.05133056640625,5.523681640625,94.66796875000001,0.0010515625,5.25546875,17.274,
0,19,,,1.05133056640625,5.523681640625,94.86328125000001,0.0010446875,5.2556640625,17.308,
0,19,,,1.044464111328125,5.488281250000001,95.03906250000001,0.0010446875,5.2556640625,17.342,
0,19,,,1.0684967041015625,5.615234375,95.23437500000001,0.00106875,5.255859375,17.376,
0,19,,,1.0684967041015625,5.615234375,95.42968750000001,0.0010578125000000002,5.256054687500001,17.41,
0,19,,,1.05743408203125,5.557861328125,95.62500000000001,0.0010578125000000002,5.256054687500001,17.444,
0,19,,,1.0707855224609375,5.626220703125,95.8203125,0.0010709375,5.255859375,17.478,
0,19,,,1.0707855224609375,5.626220703125,95.99609375000001,0.00107875,5.256054687500001,17.512,
0,19,,,1.07879638671875,5.668945312500001,96.19140625,0.00107875,5.256054687500001,17.546,
0,19,,,1.0486602783203127,5.510253906250001,96.38671875,0.00104875,5.2562500000000005,17.58,
0,19,,,1.0486602783203127,5.510253906250001,96.56250000000001,0.0010115625,5.255859375,17.614,
0,19,,,1.0112762451171875,5.314941406250001,96.73828125,0.0010115625,5.255859375,17.648,
0,19,,,1.0555267333984375,5.548095703125,96.93359375,0.0010556250000000001,5.256054687500001,17.682,
0,19,,,1.0555267333984375,5.548095703125,97.10937500000001,0.0010353125,5.2564453125,17.717,
0,19,,,1.0353088378906252,5.440673828125001,97.30468750000001,0.0010353125,5.2564453125,17.751,
0,19,,,1.02996826171875,5.413818359375,97.50000000000001,0.0010303125,5.256640625,17.785,
0,19,,,1.070404052734375,5.626220703125,97.67578125000001,0.0010706250000000002,5.2562500000000005,17.819,
0,19,,,1.070404052734375,5.626220703125,97.8515625,0.0010706250000000002,5.2562500000000005,17.853,
0,19,,,1.0143280029296877,5.330810546875001,98.046875,0.001014375,5.2568359375,17.887,
0,19,,,1.0391235351562502,5.462646484375,98.22265625000001,0.0010393750000000002,5.2564453125,17.921,
0,19,,,1.0391235351562502,5.462646484375,98.41796875000001,0.0010393750000000002,5.2564453125,17.955,
0,19,,,1.025390625,5.388183593750001,98.57421875000001,0.0010253125000000002,5.2564453125,17.989,
0,19,,,1.0410308837890627,5.471191406250001,98.76953125000001,0.00104125,5.256640625,18.023,
0,19,,,1.0410308837890627,5.471191406250001,98.96484375000001,0.00104125,5.256640625,18.057,
0,19,,,1.0593414306640625,5.567626953125001,99.16015625000001,0.0010596875,5.256054687500001,18.091,
0,19,,,1.0650634765625,5.596923828125,99.33593750000001,0.0010653125,5.256054687500001,18.125,
0,19,,,1.0650634765625,5.596923828125,99.53125000000001,0.0010653125,5.256054687500001,18.159,
0,19,,,1.0311126708984375,5.419921875000001,99.70703125000001,0.00103125,5.2564453125,18.193,
0,19,,,1.036834716796875,5.449218750000001,99.90234375000001,0.001036875,5.2568359375,18.227,
0,19,,,1.036834716796875,5.449218750000001,100.078125,0.001036875,5.2568359375,18.261,
0,19,,,1.0570526123046875,5.556640625000001,100.2734375,0.0010571875000000002,5.2564453125,18.295,
0,19,,,1.0509490966796875,5.522460937500001,100.44921875000001,0.00105125,5.2556640625,18.329,
0,19,,,1.0509490966796875,5.522460937500001,100.64453125000001,0.00105125,5.2556640625,18.363,
0,19,,,1.0395050048828125,5.463867187500001,100.82031250000001,0.0010396875,5.257031250000001,18.397,
0,19,,,1.05133056640625,5.526123046875001,101.01562500000001,0.0010515625,5.257031250000001,18.431,
0,19,,,1.05133056640625,5.526123046875001,101.21093750000001,0.0010515625,5.257031250000001,18.465,
0,19,,,1.0700225830078125,5.623779296875001,101.40625000000001,0.0010703125,5.2562500000000005,18.499,
0,19,,,1.094818115234375,5.755615234375001,101.60156250000001,0.001095,5.2568359375,18.533,
0,19,,,1.094818115234375,5.755615234375001,101.77734375000001,0.001095,5.2568359375,18.567,
0,19,,,1.0341644287109375,5.435791015625,101.953125,0.0010343750000000001,5.2564453125,18.601,
0,19,,,1.0112762451171875,5.314941406250001,102.14843750000001,0.0010115625,5.255859375,18.635,
0,19,,,1.0112762451171875,5.314941406250001,102.32421875,0.0010115625,5.255859375,18.669,
0,19,,,1.0429382324218752,5.479736328125001,102.50000000000003,0.001043125,5.25546875,18.703,
0,19,,,1.0471343994140625,5.502929687500001,102.69531250000003,0.0010475,5.256054687500001,18.737,
0,19,,,1.0471343994140625,5.502929687500001,102.89062500000001,0.0010475,5.2556640625,18.771,
0,19,,,1.05133056640625,5.524902343750001,103.08593750000001,0.0010515625,5.2556640625,18.805,
0,19,,,1.0494232177734375,5.515136718750001,103.26171875000001,0.0010493750000000002,5.256054687500001,18.839,
0,19,,,1.0494232177734375,5.515136718750001,103.43750000000001,0.0010493750000000002,5.255859375,18.873,
0,19,,,1.049041748046875,5.512695312500001,103.6328125,0.0010493750000000002,5.255859375,18.907,
0,19,,,1.04522705078125,5.4931640625,103.82812500000001,0.0010456250000000001,5.256054687500001,18.941,
0,19,,,1.04522705078125,5.4931640625,104.00390625,0.0010478125000000001,5.255859375,18.975,
0,19,,,1.047515869140625,5.50537109375,104.1796875,0.0010478125000000001,5.255859375,19.009,
0,19,,,1.0505676269531252,5.520019531250001,104.375,0.0010506250000000001,5.255859375,19.043,
0,19,,,1.0505676269531252,5.520019531250001,104.5703125,0.00105375,5.256054687500001,19.077,
0,19,,,1.053619384765625,5.537109375000001,104.765625,0.00105375,5.256054687500001,19.111,
0,19,,,1.0303497314453125,5.415039062500001,104.92187500000001,0.001030625,5.256054687500001,19.145,
0,19,,,1.0303497314453125,5.415039062500001,105.11718750000001,0.0010478125000000001,5.2552734375000005,19.179,
0,19,,,1.047515869140625,5.50537109375,105.31250000000001,0.0010478125000000001,5.2552734375000005,19.213,
0,19,,,1.0353088378906252,5.440673828125001,105.50781250000001,0.001035625,5.2562500000000005,19.247,
0,19,,,1.0353088378906252,5.440673828125001,105.68359375000001,0.0010606250000000002,5.25546875,19.281,
0,19,,,1.06048583984375,5.572509765625001,105.859375,0.0010606250000000002,5.25546875,19.315,
0,19,,,1.0341644287109375,5.435791015625,106.05468750000001,0.0010343750000000001,5.256640625,19.349,
0,19,,,1.0341644287109375,5.435791015625,106.23046875,0.0010346875,5.25546875,19.383,
0,19,,,1.0345458984375,5.435791015625,106.42578125,0.0010346875,5.25546875,19.417,
0,19,,,0.991058349609375,5.208740234375001,106.58203125000001,0.0009915625,5.2556640625,19.451,
0,19,,,1.0395050048828125,5.462646484375,106.77734375000001,0.0010393750000000002,5.255859375,19.485,
0,19,,,1.0395050048828125,5.462646484375,106.95312500000001,0.0010393750000000002,5.255859375,19.519,
0,19,,,1.02081298828125,5.364990234375,107.14843750000001,0.00102125,5.2548828125,19.553,
0,19,,,1.0295867919921877,5.410156250000001,107.32421875,0.00103,5.255078125000001,19.587,
0,19,,,1.0295867919921877,5.410156250000001,107.5,0.00103,5.255078125000001,19.621,
0,19,,,1.02691650390625,5.397949218750001,107.6953125,0.0010271875,5.255859375,19.655,
0,19,,,1.064300537109375,5.593261718750001,107.890625,0.001064375,5.2562500000000005,19.689,
0,19,,,1.064300537109375,5.593261718750001,108.06640625000003,0.001064375,5.2562500000000005,19.723,
0,19,,,1.01470947265625,5.332031250000001,108.24218750000001,0.001015,5.256054687500001,19.757,
0,19,,,1.0646820068359375,5.594482421875001,108.43750000000001,0.0010646875,5.2562500000000005,19.791,
0,19,,,1.0646820068359375,5.594482421875001,108.63281250000001,0.0010646875,5.2562500000000005,19.826,
0,19,,,1.0498046875,5.517578125,108.82812500000001,0.0010500000000000002,5.256640625,19.86,
0,19,,,1.03759765625,5.454101562500001,109.00390625,0.0010378125,5.256054687500001,19.894,
0,19,,,1.03759765625,5.454101562500001,109.17968750000001,0.0010378125,5.256054687500001,19.928,
0,19,,,1.0379791259765625,5.454101562500001,109.375,0.001038125,5.25546875,19.962,
0,19,,,1.03302001953125,5.429687500000001,109.55078125,0.0010334375,5.256054687500001,19.996,
0,19,,,1.03302001953125,5.429687500000001,109.74609375,0.0010334375,5.256054687500001,20.03,
0,19,,,1.015472412109375,5.335693359375001,109.90234375000001,0.0010153125000000002,5.255859375,20.064,
0,19,,,1.025390625,5.388183593750001,110.09765625000001,0.001025625,5.255859375,20.098,
0,19,,,1.025390625,5.388183593750001,110.27343750000001,0.001025625,5.255859375,20.132,
0,19,,,1.00250244140625,5.267333984375001,110.46875,0.0010025000000000001,5.255859375,20.166,
0,19,,,1.053619384765625,5.538330078125001,110.64453125000001,0.0010540625,5.2556640625,20.2,
0,19,,,1.053619384765625,5.538330078125001,110.83984375,0.0010540625,5.2556640625,20.234,
0,19,,,1.0963439941406252,5.76171875,111.03515625,0.0010965625,5.255859375,20.268,
0,19,,,1.045989990234375,5.498046875000001,111.23046875,0.00104625,5.2556640625,20.302,
0,19,,,1.045989990234375,5.498046875000001,111.42578125000001,0.00104625,5.2556640625,20.336,
0,19,,,1.0753631591796877,5.650634765625001,111.6015625,0.0010753125,5.2556640625,20.37,
0,19,,,1.0639190673828127,5.592041015625,111.77734375000003,0.0010640625000000001,5.256054687500001,20.404,
0,19,,,1.0639190673828127,5.592041015625,111.97265625000003,0.0010640625000000001,5.256054687500001,20.438,
0,19,,,1.0623931884765625,5.583496093750001,112.16796875000001,0.0010625,5.256640625,20.472,
0,19,,,1.0295867919921877,5.411376953125001,112.34375000000001,0.00103,5.255859375,20.506,
0,19,,,1.0295867919921877,5.411376953125001,112.53906250000001,0.00103,5.256054687500001,20.54,
0,19,,,1.0650634765625,5.598144531250001,112.71484375000001,0.0010653125,5.256054687500001,20.574,
0,19,,,1.04522705078125,5.4931640625,112.91015625,0.0010456250000000001,5.2556640625,20.608,
0,19,,,1.04522705078125,5.4931640625,113.08593750000001,0.0010456250000000001,5.2562500000000005,20.642,
0,19,,,1.0555267333984375,5.548095703125,113.28125,0.0010559375,5.2562500000000005,20.676,
0,19,,,1.0410308837890627,5.471191406250001,113.45703125,0.00104125,5.2564453125,20.71,
0,19,,,1.0410308837890627,5.471191406250001,113.65234375,0.0010018750000000002,5.2564453125,20.744,
0,19,,,1.001739501953125,5.264892578125,113.84765625,0.0010018750000000002,5.2564453125,20.778,
0,19,,,1.0589599609375,5.56640625,114.00390625000001,0.001059375,5.2564453125,20.812,
0,19,,,1.0589599609375,5.56640625,114.19921875000001,0.0010609375,5.2568359375,20.846,
0,19,,,1.0608673095703125,5.576171875000001,114.39453125000001,0.0010609375,5.2568359375,20.88,
0,19,,,1.0272979736328125,5.399169921875001,114.57031250000001,0.0010275,5.2564453125,20.914,
0,19,,,1.0272979736328125,5.399169921875001,114.76562500000001,0.0010340625,5.2562500000000005,20.948,
0,19,,,1.033782958984375,5.433349609375001,114.94140625,0.0010340625,5.2562500000000005,20.982,
0,19,,,1.0486602783203127,5.511474609375001,115.13671875,0.00104875,5.2564453125,21.016,
0,19,,,1.0486602783203127,5.511474609375001,115.3125,0.00103125,5.2564453125,21.05,
0,19,,,1.0311126708984375,5.418701171875001,115.5078125,0.00103125,5.2564453125,21.084,
0,19,,,1.0623931884765625,5.583496093750001,115.68359375000003,0.0010625,5.257031250000001,21.118,
0,19,,,1.0387420654296875,5.458984375000001,115.87890625000003,0.0010387500000000002,5.256640625,21.152,
0,19,,,1.0387420654296875,5.458984375000001,116.05468750000001,0.0010387500000000002,5.256640625,21.186,
0,19,,,1.0234832763671875,5.379638671875001,116.25000000000001,0.0010237500000000001,5.256640625,21.22,
0,19,,,1.0364532470703125,5.446777343750001,116.44531250000001,0.0010365625000000002,5.255859375,21.254,
0,19,,,1.0364532470703125,5.446777343750001,116.62109375000001,0.0010365625000000002,5.255859375,21.288,
0,19,,,1.0429382324218752,5.480957031250001,116.79687500000001,0.001043125,5.256640625,21.322,
0,19,,,1.02081298828125,5.364990234375,116.99218750000001,0.00102125,5.256054687500001,21.356,
0,19,,,1.02081298828125,5.364990234375,117.16796875,0.00102125,5.256054687500001,21.39,
0,19,,,1.0379791259765625,5.454101562500001,117.34375000000003,0.001038125,5.2556640625,21.424,
0,19,,,1.0467529296875002,5.502929687500001,117.53906250000001,0.0010471875000000002,5.2568359375,21.458,
0,19,,,1.0467529296875002,5.502929687500001,117.71484375000001,0.0010471875000000002,5.2568359375,21.492,
0,19,,,1.0051727294921875,5.281982421875001,117.91015625000001,0.0010053125000000001,5.2556640625,21.526,
0,19,,,1.0391235351562502,5.461425781250001,118.08593750000001,0.0010393750000000002,5.2564453125,21.56,
0,19,,,1.0391235351562502,5.461425781250001,118.26171875000001,0.0010393750000000002,5.2564453125,21.594,
0,19,,,1.0700225830078125,5.625000000000001,118.45703125000001,0.0010703125,5.256640625,21.628,
0,19,,,1.0639190673828127,5.592041015625,118.65234375,0.0010640625000000001,5.2562500000000005,21.662,
0,19,,,1.0639190673828127,5.592041015625,118.84765625,0.0010640625000000001,5.2562500000000005,21.696,
0,19,,,1.0543823242187502,5.541992187500001,119.0234375,0.0010546875,5.2568359375,21.73,
0,19,,,1.0364532470703125,5.446777343750001,119.21875,0.0010365625000000002,5.255859375,21.764,
0,19,,,1.0364532470703125,5.446777343750001,119.39453125000001,0.0010365625000000002,5.255859375,21.798,
0,19,,,1.033782958984375,5.433349609375001,119.58984375000003,0.0010340625,5.256054687500001,21.832,
0,19,,,1.0440826416015625,5.485839843750001,119.76562500000001,0.0010440625,5.25546875,21.866,
0,19,,,1.0440826416015625,5.485839843750001,119.94140625000001,0.0010440625,5.25546875,21.9,
0,19,,,0.9975433349609375,5.242919921875,120.1171875,0.0009978125,5.2552734375000005,21.935,
0,19,,,1.0429382324218752,5.480957031250001,120.3125,0.001043125,5.256054687500001,21.969,
0,19,,,1.0429382324218752,5.480957031250001,120.5078125,0.001043125,5.256054687500001,22.003,
0,19,,,1.0364532470703125,5.446777343750001,120.68359375000003,0.0010365625000000002,5.256054687500001,22.037,
0,19,,,1.0387420654296875,5.458984375000001,120.87890625000003,0.0010390625,5.255859375,22.071,
0,19,,,1.0387420654296875,5.458984375000001,121.07421875000001,0.0010390625,5.255859375,22.105,
0,19,,,1.070404052734375,5.62744140625,121.25000000000003,0.0010706250000000002,5.2564453125,22.139,
0,19,,,1.043701171875,5.484619140625001,121.44531250000001,0.0010440625,5.255859375,22.173,
0,19,,,1.043701171875,5.484619140625001,121.62109375000001,0.0010440625,5.255078125000001,22.207,
0,19,,,1.0276794433593752,5.400390625000001,121.79687500000001,0.0010278125,5.255078125000001,22.241,
0,19,,,1.043701171875,5.484619140625001,121.99218750000001,0.0010440625,5.2556640625,22.275,
0,19,,,1.043701171875,5.484619140625001,122.16796875000001,0.0010131250000000001,5.2556640625,22.309,
0,19,,,1.0128021240234375,5.322265625,122.34375000000003,0.0010131250000000001,5.2556640625,22.343,
0,19,,,1.05743408203125,5.556640625000001,122.53906250000001,0.0010575,5.25546875,22.377,
0,19,,,1.05743408203125,5.556640625000001,122.73437500000001,0.0010484375,5.2556640625,22.411,
0,19,,,1.04827880859375,5.509033203125,122.91015625000001,0.0010484375,5.2556640625,22.445,
0,19,,,1.0471343994140625,5.501708984375001,123.08593750000001,0.0010471875000000002,5.2556640625,22.479,
0,19,,,1.0471343994140625,5.501708984375001,123.28125000000001,0.0010409375,5.256054687500001,22.514,
0,19,,,1.0406494140625,5.469970703125,123.47656250000001,0.0010409375,5.256054687500001,22.548,
0,19,,,1.0658264160156252,5.601806640625001,123.67187500000001,0.0010662500000000001,5.25546875,22.582,
0,19,,,1.0658264160156252,5.601806640625001,123.84765625000001,0.0010309375000000002,5.255859375,22.616,
0,19,,,1.030731201171875,5.41748046875,124.04296875000001,0.0010309375000000002,5.255859375,22.65,
0,19,,,1.0524749755859377,5.531005859375,124.21875,0.0010525,5.256054687500001,22.684,
0,19,,,1.04827880859375,5.509033203125,124.4140625,0.0010484375,5.256054687500001,22.718,
0,19,,,1.04827880859375,5.509033203125,124.58984375000003,0.0010484375,5.256054687500001,22.752,
0,19,,,0.9883880615234376,5.194091796875001,124.76562500000001,0.00098875,5.255859375,22.786,
0,19,,,1.0501861572265625,5.520019531250001,124.94140625000001,0.0010506250000000001,5.255859375,22.82,
0,19,,,1.0501861572265625,5.520019531250001,125.13671875000001,0.0010506250000000001,5.255859375,22.854,
0,19,,,1.076507568359375,5.65673828125,125.33203125,0.0010765625,5.255859375,22.888,
0,19,,,1.02996826171875,5.41259765625,125.52734375000001,0.0010303125,5.255859375,22.922,
0,19,,,1.02996826171875,5.41259765625,125.68359375000001,0.0010303125,5.255859375,22.956,
0,19,,,1.041412353515625,5.4736328125,125.87890625,0.001041875,5.2552734375000005,22.99,
0,19,,,1.044464111328125,5.488281250000001,126.07421875,0.0010446875,5.2562500000000005,23.024,
0,19,,,1.044464111328125,5.488281250000001,126.26953125000001,0.0010446875,5.2562500000000005,23.058,
0,19,,,1.0494232177734375,5.515136718750001,126.46484375,0.0010496875,5.25546875,23.092,
0,19,,,1.0562896728515627,5.550537109375001,126.64062500000003,0.0010562500000000001,5.25546875,23.126,
0,19,,,1.0562896728515627,5.550537109375001,126.81640625000001,0.0010562500000000001,5.25546875,23.16,
0,19,,,1.0311126708984375,5.418701171875001,127.01171875000003,0.00103125,5.256054687500001,23.194,
0,19,,,1.0395050048828125,5.462646484375,127.18750000000001,0.0010396875,5.255859375,23.228,
0,19,,,1.0395050048828125,5.462646484375,127.38281250000003,0.0010396875,5.255859375,23.262,
0,19,,,1.0318756103515625,5.422363281250001,127.55859375,0.0010321875000000001,5.25546875,23.296,
0,19,,,1.032257080078125,5.424804687500001,127.73437500000001,0.0010325,5.256054687500001,23.33,
0,19,,,1.032257080078125,5.424804687500001,127.9296875,0.0010325,5.256054687500001,23.364,
0,19,,,1.0402679443359375,5.46630859375,128.12500000000003,0.0010403125,5.256054687500001,23.398,
0,19,,,1.070404052734375,5.623779296875001,128.30078125000003,0.0010706250000000002,5.25546875,23.432,
0,19,,,1.070404052734375,5.623779296875001,128.49609375,0.0010706250000000002,5.25546875,23.466,
0,19,,,1.0280609130859375,5.401611328125,128.67187500000003,0.0010281250000000002,5.2556640625,23.5,
0,19,,,1.0334014892578127,5.430908203125001,128.8671875,0.0010337500000000002,5.2552734375000005,23.534,
0,19,,,1.0334014892578127,5.430908203125001,129.04296875000003,0.0010337500000000002,5.2552734375000005,23.568,
0,19,,,1.0517120361328125,5.52734375,129.21875000000003,0.001051875,5.255078125000001,23.602,
0,19,,,1.06048583984375,5.573730468750001,129.4140625,0.0010609375,5.255859375,23.636,
0,19,,,1.06048583984375,5.573730468750001,129.609375,0.0010609375,5.255859375,23.67,
0,19,,,1.0124206542968752,5.321044921875,129.78515625,0.0010128125,5.256054687500001,23.704,
0,19,,,1.0097503662109375,5.305175781250001,129.9609375,0.0010096875000000002,5.25546875,23.738,
0,19,,,1.0097503662109375,5.305175781250001,130.13671875000003,0.0010096875000000002,5.2562500000000005,23.772,
0,19,,,1.043701171875,5.485839843750001,130.33203125,0.0010440625,5.2562500000000005,23.806,
0,19,,,1.0219573974609377,5.37109375,130.50781250000003,0.0010221875,5.25546875,23.84,
0,19,,,1.0219573974609377,5.37109375,130.703125,0.0010221875,5.256640625,23.874,
0,19,,,1.071929931640625,5.633544921875001,130.87890625,0.0010718750000000001,5.256640625,23.908,
0,19,,,1.0406494140625,5.467529296875001,131.07421875,0.001040625,5.2552734375000005,23.942,
0,19,,,1.0406494140625,5.467529296875001,131.32812500000003,0.0014318750000000002,5.25,23.976,
0,20,,,1.3595581054687502,7.136230468750001,132.50000000000003,0.0013596875000000002,5.251953125,24.136,
0,20,,,1.3595581054687502,7.136230468750001,132.890625,0.0013596875000000002,5.251953125,24.171,
0,20,,,2.12554931640625,11.137695312500002,133.26171875,0.0021256250000000003,5.240234375,24.205,
0,20,,,2.160263061523438,11.319580078125002,133.65234375,0.0021606250000000002,5.2406250000000005,24.239,
0,20,,,2.160263061523438,11.319580078125002,134.04296875000003,0.0021606250000000002,5.2406250000000005,24.273,
0,20,,,2.1244049072265625,11.129150390625002,134.41406250000003,0.0021246875000000003,5.238476562500001,24.306,
0,20,,,2.23541259765625,11.702880859375,134.78515625,0.0022353125000000003,5.2359375,24.34,
0,20,,,2.23541259765625,11.702880859375,135.0,0.0022353125000000003,5.2359375,24.374,
0,20,,,1.4019012451171875,7.358398437500001,135.39062500000003,0.0014018750000000001,5.2509765625,24.408,
0,20,,,2.2083282470703125,11.575927734375002,135.76171875,0.0022084375000000003,5.2427734375,24.442,
0,20,,,2.2083282470703125,11.575927734375002,136.21093750000003,0.0022084375000000003,5.2427734375,24.476,
0,20,,,2.392578125,12.5341796875,136.62109375,0.0023928125000000004,5.238476562500001,24.51,
0,20,,,1.6761779785156252,8.7890625,136.81640625,0.0016762500000000002,5.248046875,24.544,
0,20,,,1.6761779785156252,8.7890625,137.01171875,0.0016762500000000002,5.248046875,24.578,
0,20,,,1.3404846191406252,7.034912109375001,137.26562500000003,0.001340625,5.2517578125,24.612,
0,20,,,1.0456085205078125,5.494384765625001,137.46093750000003,0.0010459375,5.25546875,24.646,
0,20,,,1.0456085205078125,5.494384765625001,137.65625,0.0010459375,5.25546875,24.68,
0,20,,,1.0601043701171877,5.571289062500001,137.83203125000003,0.0010603125,5.2568359375,24.714,
0,20,,,1.0501861572265625,5.517578125,138.00781250000003,0.0010503125,5.2556640625,24.748,
0,20,,,1.0501861572265625,5.517578125,138.203125,0.0010503125,5.2556640625,24.782,
0,20,,,1.01776123046875,5.349121093750001,138.37890625000003,0.0010181250000000001,5.25546875,24.816,
0,20,,,1.0372161865234377,5.451660156250001,138.57421875,0.0010375,5.2552734375000005,24.85,
0,20,,,1.0372161865234377,5.451660156250001,138.75,0.0010375,5.2544921875,24.884,
0,20,,,1.038360595703125,5.455322265625001,138.92578125000003,0.0010387500000000002,5.2544921875,24.918,
0,20,,,1.0334014892578127,5.430908203125001,139.12109375,0.0010334375,5.2562500000000005,24.952,
0,20,,,1.0334014892578127,5.430908203125001,139.31640625000003,0.0010334375,5.255859375,24.986,
0,20,,,1.03302001953125,5.429687500000001,139.47265625000003,0.0010334375,5.255859375,25.02,
0,20,,,1.04217529296875,5.476074218750001,139.66796875,0.0010421875000000001,5.255859375,25.054,
0,20,,,1.04217529296875,5.476074218750001,139.84375000000003,0.0010068750000000002,5.256054687500001,25.088,
0,20,,,1.0066986083984377,5.29052734375,140.0390625,0.0010068750000000002,5.256054687500001,25.122,
0,20,,,1.0581970214843752,5.560302734375001,140.21484375,0.001058125,5.255859375,25.156,
0,20,,,1.0581970214843752,5.560302734375001,140.41015625000003,0.001056875,5.2562500000000005,25.19,
0,20,,,1.056671142578125,5.55419921875,140.60546875000003,0.001056875,5.2562500000000005,25.225,
0,20,,,1.0623931884765625,5.582275390625001,140.80078125000003,0.0010625,5.2556640625,25.259,
0,20,,,1.0623931884765625,5.582275390625001,140.9765625,0.0010490625,5.2556640625,25.293,
0,20,,,1.049041748046875,5.512695312500001,141.17187500000003,0.0010490625,5.2556640625,25.327,
0,20,,,0.9952545166015626,5.2294921875,141.328125,0.0009953125,5.255078125000001,25.361,
0,20,,,1.0478973388671875,5.506591796875001,141.52343750000003,0.001048125,5.255859375,25.395,
0,20,,,1.0478973388671875,5.506591796875001,141.69921875,0.001048125,5.255859375,25.429,
0,20,,,1.0211944580078125,5.366210937500001,141.89453125,0.00102125,5.2562500000000005,25.463,
0,20,,,1.06048583984375,5.573730468750001,142.07031250000003,0.0010609375,5.2552734375000005,25.497,
0,20,,,1.06048583984375,5.573730468750001,142.26562500000003,0.0010609375,5.2552734375000005,25.531,
0,20,,,1.0623931884765625,5.582275390625001,142.46093750000003,0.0010625,5.255859375,25.565,
0,20,,,1.049041748046875,5.512695312500001,142.65625,0.0010490625,5.2564453125,25.599,
0,20,,,1.049041748046875,5.512695312500001,142.83203125000003,0.0010490625,5.2564453125,25.633,
0,20,,,1.080322265625,5.67626953125,143.02734375,0.0010803125000000001,5.2552734375000005,25.667,
0,20,,,1.0532379150390625,5.535888671875,143.22265625000003,0.0010534375000000001,5.256640625,25.701,
0,20,,,1.0532379150390625,5.535888671875,143.3984375,0.0010534375000000001,5.256640625,25.735,
0,20,,,1.02081298828125,5.364990234375,143.59375000000003,0.0010209375000000001,5.255859375,25.769,
0,20,,,1.0772705078125002,5.66162109375,143.76953125,0.0010775000000000001,5.2568359375,25.803,
0,20,,,1.0772705078125002,5.66162109375,143.9453125,0.0010775000000000001,5.2568359375,25.837,
0,20,,,1.0314941406250002,5.419921875000001,144.16015625,0.0010315625000000001,5.255078125000001,25.871,
0,20,,,1.0875701904296875,5.716552734375001,144.35546875000003,0.0010878125,5.256054687500001,25.905,
0,20,,,1.0875701904296875,5.716552734375001,144.51171875000003,0.0010878125,5.256054687500001,25.939,
0,20,,,1.038360595703125,5.45654296875,144.70703125000003,0.0010384375,5.255859375,25.973,
0,20,,,1.0494232177734375,5.515136718750001,144.90234375000003,0.0010496875,5.256054687500001,26.007,
0,20,,,1.0494232177734375,5.515136718750001,145.09765625,0.0010496875,5.256054687500001,26.041,
0,20,,,1.0204315185546875,5.362548828125001,145.25390625,0.001020625,5.25546875,26.075,
0,20,,,1.068115234375,5.612792968750001,145.44921875000003,0.001068125,5.256054687500001,26.109,
0,20,,,1.068115234375,5.612792968750001,145.625,0.001068125,5.256054687500001,26.142,
0,20,,,1.0288238525390625,5.406494140625001,145.82031250000003,0.0010290625,5.2556640625,26.176,
0,20,,,1.0631561279296875,5.58837890625,146.015625,0.0010634375000000001,5.256640625,26.21,
0,20,,,1.0631561279296875,5.58837890625,146.19140625000003,0.0010634375000000001,5.256640625,26.244,
0,20,,,1.0334014892578127,5.430908203125001,146.38671875,0.0010337500000000002,5.2556640625,26.279,
0,20,,,1.006317138671875,5.289306640625001,146.5625,0.0010065625,5.2562500000000005,26.313,
0,20,,,1.006317138671875,5.289306640625001,146.73828125000003,0.0010065625,5.2562500000000005,26.347,
0,20,,,1.0387420654296875,5.458984375000001,146.93359375,0.0010390625,5.256054687500001,26.381,
0,20,,,1.06048583984375,5.574951171875001,147.10937500000003,0.0010609375,5.2562500000000005,26.415,
0,20,,,1.06048583984375,5.574951171875001,147.3046875,0.0010609375,5.2562500000000005,26.449,
0,20,,,1.04217529296875,5.476074218750001,147.50000000000003,0.0010421875000000001,5.2556640625,26.483,
0,20,,,1.0467529296875002,5.50048828125,147.6953125,0.001046875,5.2556640625,26.517,
0,20,,,1.0467529296875002,5.50048828125,147.8515625,0.001046875,5.256054687500001,26.551,
0,20,,,1.0532379150390625,5.535888671875,148.046875,0.0010534375000000001,5.256054687500001,26.585,
0,20,,,1.0433197021484375,5.483398437500001,148.2421875,0.0010437500000000002,5.25546875,26.619,
0,20,,,1.0433197021484375,5.483398437500001,148.4375,0.0010265625000000001,5.2556640625,26.653,
0,20,,,1.0265350341796875,5.394287109375001,148.59375000000003,0.0010265625000000001,5.2556640625,26.687,
0,20,,,1.04522705078125,5.4931640625,148.7890625,0.0010453125,5.256054687500001,26.721,
0,20,,,1.04522705078125,5.4931640625,148.98437500000003,0.0010328125,5.25546875,26.755,
0,20,,,1.0326385498046875,5.426025390625,149.16015625,0.0010328125,5.25546875,26.789,
0,20,,,1.0345458984375,5.435791015625,149.33593750000003,0.0010346875,5.255859375,26.823,
0,20,,,1.0345458984375,5.435791015625,149.53125,0.001038125,5.255859375,26.857,
0,20,,,1.0379791259765625,5.454101562500001,149.70703125,0.001038125,5.255859375,26.891,
0,20,,,1.033782958984375,5.43212890625,149.90234375,0.0010340625,5.25546875,26.925,
0,20,,,1.033782958984375,5.43212890625,150.07812500000003,0.0010203125000000002,5.255078125000001,26.959,
0,20,,,1.0200500488281252,5.360107421875001,150.25390625,0.0010203125000000002,5.255078125000001,26.993,
0,20,,,1.055908203125,5.548095703125,150.44921875000003,0.0010559375,5.2556640625,27.027,
0,20,,,1.055908203125,5.548095703125,150.625,0.0010118750000000002,5.2556640625,27.061,
0,20,,,1.01165771484375,5.3173828125,150.82031250000003,0.0010118750000000002,5.2556640625,27.095,
0,20,,,1.0532379150390625,5.533447265625001,150.99609375,0.0010534375000000001,5.255078125000001,27.129,
0,20,,,1.0410308837890627,5.472412109375001,151.19140625000003,0.00104125,5.2562500000000005,27.163,
0,20,,,1.0410308837890627,5.472412109375001,151.38671875,0.00104125,5.2562500000000005,27.197,
0,20,,,1.0467529296875002,5.501708984375001,151.56250000000003,0.0010471875000000002,5.256054687500001,27.231,
0,20,,,1.0128021240234375,5.322265625,151.73828125000003,0.0010128125,5.255859375,27.265,
0,20,,,1.0128021240234375,5.322265625,151.91406250000003,0.0010128125,5.255859375,27.299,
0,20,,,1.0021209716796875,5.266113281250001,152.10937500000003,0.0010021875,5.2562500000000005,27.334,
0,20,,,1.04522705078125,5.4931640625,152.28515625000003,0.0010453125,5.2556640625,27.368,
0,20,,,1.04522705078125,5.4931640625,152.48046875000003,0.0010453125,5.2556640625,27.402,
0,20,,,1.0543823242187502,5.53955078125,152.67578125000003,0.0010543750000000002,5.255078125000001,27.436,
0,20,,,1.0353088378906252,5.440673828125001,152.8515625,0.001035625,5.2552734375000005,27.47,
0,20,,,1.0353088378906252,5.440673828125001,153.04687500000003,0.001035625,5.2552734375000005,27.504,
0,20,,,1.0692596435546875,5.620117187500001,153.22265625,0.001069375,5.256640625,27.538,
0,20,,,1.0326385498046875,5.426025390625,153.41796875000003,0.0010328125,5.2556640625,27.572,
0,20,,,1.0326385498046875,5.426025390625,153.59375000000003,0.0010328125,5.2556640625,27.606,
0,20,,,1.0505676269531252,5.521240234375001,153.78906250000003,0.0010506250000000001,5.256054687500001,27.64,
0,20,,,1.0547637939453125,5.543212890625001,153.96484375000003,0.0010546875,5.2562500000000005,27.674,
0,20,,,1.0547637939453125,5.543212890625001,154.16015625,0.0010546875,5.2562500000000005,27.708,
0,20,,,1.0295867919921877,5.410156250000001,154.33593750000003,0.0010296875,5.2556640625,27.742,
0,20,,,1.030731201171875,5.416259765625001,154.51171875000003,0.0010309375000000002,5.256054687500001,27.776,
0,20,,,1.030731201171875,5.416259765625001,154.70703125000003,0.0010309375000000002,5.256054687500001,27.81,
0,20,,,1.0280609130859375,5.401611328125,154.90234375,0.0010281250000000002,5.2556640625,27.844,
0,20,,,1.0631561279296875,5.58837890625,155.078125,0.0010634375000000001,5.255859375,27.878,
0,20,,,1.0631561279296875,5.58837890625,155.2734375,0.0010634375000000001,5.255859375,27.912,
0,20,,,1.059722900390625,5.568847656250001,155.44921875000003,0.0010600000000000002,5.2556640625,27.946,
0,20,,,1.0448455810546877,5.490722656250001,155.64453125000003,0.0010450000000000001,5.25546875,27.98,
0,20,,,1.0448455810546877,5.490722656250001,155.87890625,0.0010450000000000001,5.25546875,28.014,
0,20,,,1.2050628662109377,6.326904296875002,156.03515625000003,0.0012050000000000001,5.2537109375,28.048,
0,20,,,1.0150909423828125,5.333251953125001,156.23046875000003,0.001015,5.25546875,28.082,
0,20,,,1.0150909423828125,5.333251953125001,156.42578125000003,0.001015,5.25546875,28.116,
0,20,,,1.0406494140625,5.469970703125,156.6015625,0.0010409375,5.2564453125,28.15,
0,20,,,1.03302001953125,5.428466796875001,156.77734375000003,0.0010331250000000002,5.2556640625,28.184,
0,20,,,1.03302001953125,5.428466796875001,156.97265625,0.0010331250000000002,5.2562500000000005,28.218,
0,20,,,1.067352294921875,5.609130859375,157.16796875000003,0.0010675,5.2562500000000005,28.252,
0,20,,,1.0211944580078125,5.366210937500001,157.34375,0.00102125,5.2562500000000005,28.286,
0,20,,,1.0211944580078125,5.366210937500001,157.53906250000003,0.00102125,5.2562500000000005,28.32,
0,20,,,1.0684967041015625,5.615234375,157.71484375,0.0010684375000000002,5.2562500000000005,28.354,
0,20,,,1.0631561279296875,5.58837890625,157.91015625000003,0.0010634375000000001,5.2562500000000005,28.388,
0,20,,,1.0631561279296875,5.58837890625,158.10546875,0.0010690625000000001,5.2556640625,28.422,
0,20,,,1.068878173828125,5.616455078125001,158.28125000000003,0.0010690625000000001,5.2556640625,28.456,
0,20,,,1.025390625,5.386962890625,158.47656250000003,0.0010253125000000002,5.25546875,28.49,
0,20,,,1.025390625,5.386962890625,158.65234375000003,0.0010190625,5.255859375,28.525,
0,20,,,1.0189056396484375,5.354003906250001,158.84765625000003,0.0010190625,5.255859375,28.559,
0,20,,,1.0623931884765625,5.583496093750001,159.02343750000003,0.0010625,5.2556640625,28.593,
0,20,,,1.0623931884765625,5.583496093750001,159.21875000000003,0.001056875,5.256054687500001,28.627,
0,20,,,1.056671142578125,5.552978515625001,159.4140625,0.001056875,5.256054687500001,28.66,
0,20,,,1.07574462890625,5.654296875000001,159.58984375000003,0.0010759375,5.2562500000000005,28.694,
0,20,,,1.07574462890625,5.58837890625,159.78515625,0.00106375,5.256054687500001,28.728,
0,20,,,1.06353759765625,5.58837890625,159.98046875000003,0.00106375,5.256054687500001,28.762,
0,20,,,1.0494232177734375,5.515136718750001,160.17578125,0.0010496875,5.25546875,28.796,
0,20,,,1.093292236328125,5.745849609375001,160.35156250000003,0.00109375,5.255859375,28.83,
0,20,,,1.093292236328125,5.745849609375001,160.546875,0.00109375,5.255859375,28.864,
0,20,,,1.030731201171875,5.41748046875,160.74218750000003,0.00103125,5.2556640625,28.898,
0,20,,,1.0654449462890625,5.599365234375001,160.91796875000003,0.0010656250000000002,5.2562500000000005,28.932,
0,20,,,1.0654449462890625,5.599365234375001,161.09375000000003,0.0010656250000000002,5.2562500000000005,28.966,
0,20,,,1.0341644287109375,5.434570312500001,161.28906250000003,0.0010343750000000001,5.256054687500001,29.0,
0,20,,,1.0478973388671875,5.507812500000001,161.484375,0.001048125,5.255859375,29.034,
0,20,,,1.0478973388671875,5.507812500000001,161.67968750000003,0.001048125,5.255859375,29.068,
0,20,,,1.0501861572265625,5.518798828125001,161.83593750000003,0.0010503125,5.2564453125,29.102,
0,20,,,0.9990692138671876,5.250244140625001,162.01171875,0.0009990625000000002,5.2556640625,29.136,
0,20,,,0.9990692138671876,5.250244140625001,162.20703125000003,0.0009990625000000002,5.2556640625,29.17,
0,20,,,1.0082244873046875,5.299072265625001,162.40234375,0.0010084375,5.2556640625,29.204,
0,20,,,1.074981689453125,5.6494140625,162.59765625,0.001075,5.256054687500001,29.238,
0,20,,,1.074981689453125,5.6494140625,162.77343750000003,0.001075,5.256054687500001,29.272,
0,20,,,1.0589599609375,5.565185546875,162.96875000000003,0.0010590625,5.2562500000000005,29.306,
0,20,,,1.0467529296875002,5.50048828125,163.14453125000003,0.001046875,5.2556640625,29.34,
0,20,,,1.0467529296875002,5.50048828125,163.33984375000003,0.001046875,5.2556640625,29.374,
0,20,,,1.019287109375,5.3564453125,163.49609375000003,0.001019375,5.2556640625,29.408,
0,20,,,1.0238647460937502,5.380859375000001,163.69140625,0.0010240625,5.2564453125,29.443,
0,20,,,1.0238647460937502,5.380859375000001,163.88671875000003,0.0010240625,5.2564453125,29.477,
0,20,,,1.06658935546875,5.605468750000001,164.08203125,0.0010668750000000001,5.256054687500001,29.511,
0,20,,,1.056671142578125,5.55419921875,164.25781250000003,0.001056875,5.2564453125,29.545,
0,20,,,1.056671142578125,5.55419921875,164.43359375000003,0.001056875,5.2564453125,29.579,
0,20,,,1.0578155517578125,5.560302734375001,164.62890625000003,0.001058125,5.256054687500001,29.613,
0,20,,,1.04827880859375,5.509033203125,164.82421875000003,0.0010484375,5.2556640625,29.647,
0,20,,,1.04827880859375,5.509033203125,165.00000000000003,0.0010484375,5.2556640625,29.681,
0,20,,,0.998687744140625,5.247802734375001,165.19531250000003,0.00099875,5.25546875,29.715,
0,20,,,1.0250091552734375,5.386962890625,165.35156250000003,0.0010253125000000002,5.256054687500001,29.749,
0,20,,,1.0250091552734375,5.386962890625,165.546875,0.0010253125000000002,5.256054687500001,29.783,
0,20,,,1.059722900390625,5.568847656250001,165.74218750000003,0.0010596875,5.2562500000000005,29.817,
0,20,,,1.0036468505859375,5.2734375,165.91796875,0.00100375,5.25546875,29.851,
0,20,,,1.0036468505859375,5.2734375,166.09375000000003,0.00100375,5.255859375,29.885,
0,20,,,1.0295867919921877,5.410156250000001,166.28906250000003,0.0010296875,5.255859375,29.919,
0,20,,,1.0448455810546877,5.490722656250001,166.46484375000003,0.0010450000000000001,5.2556640625,29.953,
0,20,,,1.0448455810546877,5.490722656250001,166.66015625000003,0.0010359375000000002,5.255859375,29.987,
0,20,,,1.0356903076171875,5.443115234375,166.83593750000003,0.0010359375000000002,5.255859375,30.021,
0,20,,,1.0364532470703125,5.445556640625001,167.01171875,0.0010365625000000002,5.25546875,30.055,
0,20,,,1.0364532470703125,5.445556640625001,167.20703125000003,0.0010031250000000001,5.2556640625,30.089,
0,20,,,1.0028839111328127,5.269775390625001,167.3828125,0.0010031250000000001,5.2556640625,30.123,
0,20,,,1.0692596435546875,5.620117187500001,167.57812500000003,0.0010696875000000001,5.255859375,30.157,
0,20,,,1.0692596435546875,5.620117187500001,167.75390625000003,0.0010571875000000002,5.2562500000000005,30.191,
0,20,,,1.0570526123046875,5.555419921875001,167.94921875000003,0.0010571875000000002,5.2562500000000005,30.225,
0,20,,,1.053619384765625,5.537109375000001,168.14453125000003,0.00105375,5.2562500000000005,30.259,
0,20,,,1.053619384765625,5.537109375000001,168.3203125,0.001031875,5.255859375,30.293,
0,20,,,1.0314941406250002,5.421142578125001,168.49609375000003,0.001031875,5.255859375,30.327,
0,20,,,1.0463714599609375,5.499267578125001,168.69140625,0.0010465625000000002,5.2568359375,30.361,
0,20,,,1.0463714599609375,5.499267578125001,168.86718750000003,0.0010118750000000002,5.2562500000000005,30.395,
0,20,,,1.01165771484375,5.3173828125,169.0625,0.0010118750000000002,5.2562500000000005,30.429,
0,20,,,1.0314941406250002,5.421142578125001,169.21875000000003,0.0010315625000000001,5.256054687500001,30.463,
0,20,,,1.026153564453125,5.391845703125001,169.41406250000003,0.00102625,5.255859375,30.498,
0,20,,,1.026153564453125,5.391845703125001,169.60937500000003,0.00102625,5.255859375,30.532,
0,20,,,1.0372161865234377,5.450439453125001,169.78515625,0.0010371875000000001,5.2556640625,30.566,
0,20,,,1.0135650634765625,5.327148437500001,169.98046875000003,0.0010137500000000001,5.2556640625,30.6,
0,20,,,1.0135650634765625,5.327148437500001,170.13671875000003,0.0010137500000000001,5.2556640625,30.634,
0,20,,,0.9983062744140625,5.246582031250001,170.33203125000003,0.0009984375,5.255859375,30.668,
0,20,,,1.0608673095703125,5.576171875000001,170.50781250000003,0.0010612500000000001,5.256054687500001,30.702,
0,20,,,1.0608673095703125,5.576171875000001,170.703125,0.0010612500000000001,5.256054687500001,30.736,
0,20,,,1.0391235351562502,5.461425781250001,170.8984375,0.0010393750000000002,5.2556640625,30.77,
0,20,,,1.0353088378906252,5.441894531250001,171.07421875000003,0.001035625,5.2564453125,30.804,
0,20,,,1.0353088378906252,5.441894531250001,171.26953125000003,0.001035625,5.2564453125,30.838,
0,20,,,1.0616302490234375,5.579833984375001,171.44531250000003,0.001061875,5.256054687500001,30.872,
0,20,,,1.03607177734375,5.445556640625001,171.64062500000003,0.00103625,5.2562500000000005,30.906,
0,20,,,1.03607177734375,5.445556640625001,171.81640625000003,0.00103625,5.2562500000000005,30.94,
0,20,,,1.0448455810546877,5.489501953125001,171.9921875,0.0010450000000000001,5.2552734375000005,30.974,
0,20,,,1.018524169921875,5.3515625,172.18750000000003,0.0010187500000000001,5.2552734375000005,31.008,
0,20,,,1.018524169921875,5.3515625,172.3828125,0.0010187500000000001,5.2552734375000005,31.042,
0,20,,,1.062774658203125,5.585937500000001,172.53906250000003,0.001063125,5.255859375,31.076,
0,20,,,1.007080078125,5.294189453125001,172.73437500000003,0.0010075000000000001,5.2562500000000005,31.11,
0,20,,,1.007080078125,5.294189453125001,172.92968750000003,0.0010075000000000001,5.2562500000000005,31.144,
0,20,,,1.0471343994140625,5.502929687500001,173.10546875000003,0.0010471875000000002,5.2556640625,31.178,
0,20,,,0.991058349609375,5.207519531250001,173.28125000000003,0.0009912500000000002,5.256054687500001,31.212,
0,20,,,0.991058349609375,5.207519531250001,173.45703125,0.0009912500000000002,5.256054687500001,31.246,
0,20,,,1.0562896728515627,5.552978515625001,173.65234375000003,0.0010565625,5.2562500000000005,31.28,
0,20,,,1.02996826171875,5.41259765625,173.84765625,0.0010303125,5.2556640625,31.314,
0,20,,,1.02996826171875,5.41259765625,174.02343750000003,0.0010303125,5.2556640625,31.348,
0,20,,,1.03302001953125,5.428466796875001,174.19921875000003,0.0010331250000000002,5.25546875,31.382,
0,20,,,1.0181427001953127,5.350341796875001,174.37500000000003,0.0010184375,5.25546875,31.416,
0,20,,,1.0181427001953127,5.350341796875001,174.57031250000003,0.0010184375,5.25546875,31.45,
0,20,,,1.05133056640625,5.526123046875001,174.76562500000003,0.0010515625,5.255859375,31.484,
0,20,,,1.07421875,5.644531250000001,174.96093750000003,0.001074375,5.255859375,31.518,
0,20,,,1.07421875,5.644531250000001,175.13671875000003,0.001074375,5.256054687500001,31.552,
0,20,,,1.0334014892578127,5.430908203125001,175.3125,0.0010334375,5.256054687500001,31.586,
0,20,,,1.0173797607421875,5.347900390625,175.50781250000003,0.0010178125,5.2562500000000005,31.62,
0,20,,,1.0173797607421875,5.347900390625,175.70312500000003,0.0010506250000000001,5.256054687500001,31.654,
0,20,,,1.0501861572265625,5.520019531250001,175.87890625000003,0.0010506250000000001,5.256054687500001,31.688,
0,20,,,1.0066986083984377,5.29052734375,176.05468750000003,0.0010068750000000002,5.255859375,31.722,
0,20,,,1.0066986083984377,5.29052734375,176.25000000000003,0.0010534375000000001,5.2552734375000005,31.756,
0,20,,,1.0532379150390625,5.535888671875,176.42578125000003,0.0010534375000000001,5.2552734375000005,31.79,
0,20,,,1.0402679443359375,5.467529296875001,176.62109375,0.001040625,5.2562500000000005,31.824,
0,20,,,1.0402679443359375,5.467529296875001,176.79687500000003,0.0010450000000000001,5.256054687500001,31.858,
0,20,,,1.0448455810546877,5.491943359375001,176.97265625000003,0.0010450000000000001,5.256054687500001,31.892,
0,20,,,1.0406494140625,5.468750000000001,177.16796875000003,0.0010409375,5.25546875,31.926,
0,20,,,1.0406494140625,5.468750000000001,177.36328125,0.0010478125000000001,5.2564453125,31.96,
0,20,,,1.047515869140625,5.506591796875001,177.5390625,0.0010478125000000001,5.2564453125,31.994,
0,20,,,1.0478973388671875,5.507812500000001,177.734375,0.001048125,5.2556640625,32.028,
0,20,,,1.0478973388671875,5.515136718750001,177.91015625000003,0.0010496875,5.256054687500001,32.062,
0,20,,,1.0494232177734375,5.515136718750001,178.10546875000003,0.0010496875,5.256054687500001,32.096,
0,20,,,1.033782958984375,5.43212890625,178.28125000000003,0.0010337500000000002,5.25546875,32.13,
0,20,,,1.0372161865234377,5.451660156250001,178.45703125,0.0010371875000000001,5.256640625,32.164,
0,20,,,1.0372161865234377,5.451660156250001,178.65234375000003,0.0010371875000000001,5.256640625,32.198,
0,20,,,1.0494232177734375,5.513916015625001,178.84765625000003,0.0010496875,5.255078125000001,32.232,
0,20,,,1.0219573974609377,5.369873046875001,179.02343750000003,0.001021875,5.256054687500001,32.266,
0,20,,,1.0219573974609377,5.369873046875001,179.19921875,0.001021875,5.256054687500001,32.3,
0,20,,,1.0684967041015625,5.615234375,179.39453125000003,0.00106875,5.2552734375000005,32.334,
0,20,,,1.0334014892578127,5.43212890625,179.58984375,0.0010337500000000002,5.256054687500001,32.368,
0,20,,,1.0334014892578127,5.43212890625,179.78515625000003,0.0010337500000000002,5.256054687500001,32.402,
0,20,,,1.0620117187500002,5.581054687500001,179.96093750000003,0.0010621875,5.255859375,32.436,
0,20,,,1.0585784912109375,5.563964843750001,180.15625000000003,0.00105875,5.256640625,32.47,
0,20,,,1.0585784912109375,5.563964843750001,180.33203125000003,0.00105875,5.256640625,32.504,
0,20,,,1.04217529296875,5.478515625,180.52734375,0.0010425,5.2564453125,32.538,
0,20,,,1.0326385498046875,5.428466796875001,180.70312500000003,0.0010328125,5.2568359375,32.572,
0,20,,,1.0326385498046875,5.428466796875001,180.87890625000003,0.0010328125,5.2568359375,32.607,
0,20,,,1.0242462158203125,5.38330078125,181.07421875000003,0.0010243750000000001,5.2562500000000005,32.641,
0,20,,,1.0105133056640627,5.311279296875001,181.25000000000003,0.001010625,5.256054687500001,32.675,
0,20,,,1.0105133056640627,5.311279296875001,181.42578125000003,0.001010625,5.256054687500001,32.709,
0,20,,,1.016998291015625,5.34423828125,181.62109375000003,0.0010171875,5.255859375,32.743,
0,20,,,1.0272979736328125,5.397949218750001,181.79687500000003,0.0010275,5.2556640625,32.777,
0,20,,,1.0272979736328125,5.397949218750001,181.97265625000003,0.0010275,5.2556640625,32.811,
0,20,,,1.026153564453125,5.393066406250001,182.16796875000003,0.00102625,5.256640625,32.845,
0,20,,,1.0623931884765625,5.583496093750001,182.36328125,0.0010625,5.2568359375,32.879,
0,20,,,1.0623931884765625,5.583496093750001,182.51953125,0.0010625,5.2568359375,32.913,
0,20,,,1.0086059570312502,5.301513671875001,182.71484375000003,0.0010090625,5.2562500000000005,32.947,
0,20,,,1.025390625,5.389404296875001,182.89062500000003,0.001025625,5.2564453125,32.981,
0,20,,,1.025390625,5.389404296875001,183.08593750000003,0.001025625,5.2564453125,33.015,
0,20,,,1.000213623046875,5.25634765625,183.24218750000003,0.0010003125000000001,5.2564453125,33.049,
0,20,,,1.010894775390625,5.313720703125,183.43750000000003,0.00101125,5.2562500000000005,33.083,
0,20,,,1.010894775390625,5.313720703125,183.61328125,0.00101125,5.2562500000000005,33.116,
0,20,,,1.0585784912109375,5.563964843750001,183.80859375000003,0.00105875,5.2568359375,33.15,
0,20,,,1.0372161865234377,5.451660156250001,183.984375,0.0010375,5.2564453125,33.184,
0,20,,,1.0372161865234377,5.451660156250001,184.16015625000003,0.0010375,5.25546875,33.218,
0,20,,,1.0238647460937502,5.380859375000001,184.35546875000003,0.0010240625,5.25546875,33.252,
0,20,,,1.0753631591796877,5.651855468750001,184.55078125000003,0.0010756250000000002,5.255859375,33.286,
0,20,,,1.0753631591796877,5.651855468750001,184.74609375000003,0.0010756250000000002,5.2556640625,33.32,
0,20,,,1.009368896484375,5.303955078125,184.921875,0.001009375,5.2556640625,33.354,
0,20,,,1.0669708251953125,5.607910156250001,185.11718750000003,0.0010671875,5.2564453125,33.388,
0,20,,,1.0669708251953125,5.607910156250001,185.29296875,0.0010478125000000001,5.256054687500001,33.422,
0,20,,,1.047515869140625,5.50537109375,185.48828125000003,0.0010478125000000001,5.256054687500001,33.456,
0,20,,,1.0395050048828125,5.462646484375,185.6640625,0.0010396875,5.2562500000000005,33.49,
0,20,,,1.0395050048828125,5.462646484375,185.85937500000003,0.00107375,5.2562500000000005,33.524,
0,20,,,1.0738372802734375,5.643310546875001,186.0546875,0.00107375,5.2562500000000005,33.558,
0,20,,,1.045989990234375,5.496826171875,186.23046875000003,0.00104625,5.25546875,33.592,
0,20,,,1.045989990234375,5.496826171875,186.40625000000003,0.0010543750000000002,5.256640625,33.626,
0,20,,,1.0543823242187502,5.541992187500001,186.60156250000003,0.0010543750000000002,5.256640625,33.661,
0,20,,,1.0540008544921875,5.53955078125,186.77734375000003,0.0010543750000000002,5.25546875,33.695,
0,20,,,1.0540008544921875,5.335693359375001,186.97265625000003,0.0010153125000000002,5.256054687500001,33.729,
0,20,,,1.0150909423828125,5.335693359375001,187.16796875000003,0.0010153125000000002,5.256054687500001,33.763,
0,20,,,1.0284423828125,5.4052734375,187.32421875000003,0.0010287500000000002,5.2556640625,33.797,
0,20,,,1.0181427001953127,5.350341796875001,187.51953125,0.0010181250000000001,5.2556640625,33.831,
0,20,,,1.0181427001953127,5.350341796875001,187.71484375000003,0.0010181250000000001,5.2556640625,33.865,
0,20,,,1.0440826416015625,5.487060546875,187.890625,0.0010443750000000002,5.2562500000000005,33.899,
0,20,,,1.0150909423828125,5.335693359375001,188.08593750000003,0.0010153125000000002,5.2564453125,33.933,
0,20,,,1.0150909423828125,5.335693359375001,188.24218750000003,0.0010153125000000002,5.2564453125,33.967,
0,20,,,1.0223388671875,5.372314453125001,188.43750000000003,0.0010225000000000002,5.255859375,34.001,
0,20,,,1.039886474609375,5.463867187500001,188.63281250000003,0.0010400000000000001,5.2556640625,34.035,
0,20,,,1.039886474609375,5.463867187500001,188.80859375000003,0.0010400000000000001,5.2556640625,34.069,
0,20,,,1.01470947265625,5.333251953125001,188.984375,0.001015,5.2564453125,34.103,
0,20,,,1.070404052734375,5.625000000000001,189.17968750000003,0.0010706250000000002,5.2556640625,34.137,
0,20,,,1.070404052734375,5.625000000000001,189.37500000000003,0.0010706250000000002,5.2556640625,34.171,
0,20,,,1.0692596435546875,5.620117187500001,189.55078125000003,0.001069375,5.256640625,34.205,
0,20,,,0.9983062744140625,5.246582031250001,189.72656250000003,0.0009984375,5.255078125000001,34.239,
0,20,,,0.9983062744140625,5.246582031250001,189.92187500000003,0.0009984375,5.255078125000001,34.273,
0,20,,,1.0555267333984375,5.548095703125,190.09765625000003,0.0010559375,5.2556640625,34.307,
0,20,,,1.0467529296875002,5.501708984375001,190.29296875,0.001046875,5.257031250000001,34.341,
0,20,,,1.0467529296875002,5.501708984375001,190.46875000000003,0.001046875,5.257031250000001,34.375,
0,20,,,1.0425567626953125,5.478515625,190.64453125000003,0.0010428125000000001,5.2556640625,34.409,
0,20,,,1.02081298828125,5.363769531250001,190.83984375000003,0.0010209375000000001,5.256054687500001,34.443,
0,20,,,1.02081298828125,5.363769531250001,191.01562500000003,0.0010209375000000001,5.256054687500001,34.477,
0,20,,,1.0040283203125,5.275878906250001,191.2109375,0.0010040625000000002,5.2556640625,34.511,
0,20,,,1.0135650634765625,5.325927734375,191.36718750000003,0.0010137500000000001,5.255859375,34.545,
0,20,,,1.0135650634765625,5.325927734375,191.56250000000003,0.0010137500000000001,5.255859375,34.579,
0,20,,,1.029205322265625,5.407714843750001,191.7578125,0.0010293750000000001,5.25546875,34.613,
0,20,,,1.0761260986328125,5.655517578125001,191.95312500000003,0.0010762500000000002,5.2562500000000005,34.647,
0,20,,,1.0761260986328125,5.655517578125001,192.12890625,0.0010762500000000002,5.2562500000000005,34.681,
0,20,,,1.0143280029296877,5.329589843750001,192.28515625,0.001014375,5.2556640625,34.716,
0,20,,,1.0364532470703125,5.446777343750001,192.48046875000003,0.0010365625000000002,5.255859375,34.75,
0,20,,,1.0364532470703125,5.446777343750001,192.67578125,0.0010365625000000002,5.255859375,34.784,
0,20,,,1.062774658203125,5.585937500000001,192.87109375,0.001063125,5.2556640625,34.818,
0,20,,,1.0440826416015625,5.488281250000001,193.06640625000003,0.0010443750000000002,5.256640625,34.852,
0,20,,,1.0440826416015625,5.488281250000001,193.24218750000003,0.0010443750000000002,5.2544921875,34.886,
0,21,,,1.18255615234375,6.203613281250001,194.39453125000003,0.0011828125,5.25078125,35.045,
0,21,,,1.18255615234375,6.203613281250001,194.7265625,0.0011828125,5.25078125,35.079,
0,21,,,2.0511627197265625,10.747070312500002,195.07812500000003,0.0020515625,5.2408203125,35.113,
0,21,,,2.1808624267578125,11.423339843750002,195.50781250000003,0.00218125,5.237500000000001,35.147,
0,21,,,2.1808624267578125,11.423339843750002,195.87890625000003,0.00218125,5.237500000000001,35.181,
0,21,,,2.09503173828125,10.979003906250002,196.26953125000003,0.0020953125000000004,5.241406250000001,35.215,
0,21,,,2.225112915039063,11.651611328125,196.62109375000003,0.0022253125000000003,5.2373046875,35.249,
0,21,,,2.225112915039063,11.651611328125,196.99218750000003,0.0022253125000000003,5.2373046875,35.283,
0,21,,,1.9916534423828125,10.438232421875,197.36328125000003,0.001991875,5.2408203125,35.317,
0,21,,,2.28271484375,11.959228515625002,197.7734375,0.0022828125,5.2408203125,35.351,
0,21,,,2.28271484375,11.959228515625002,198.20312500000003,0.0022828125,5.2408203125,35.385,
0,21,,,2.233123779296875,11.690673828125002,198.55468750000003,0.0022331250000000003,5.2361328125,35.419,
0,21,,,2.245330810546875,11.763916015625,198.96484375,0.0022456250000000002,5.2400390625,35.453,
0,21,,,2.245330810546875,11.763916015625,199.29687500000003,0.0022456250000000002,5.2400390625,35.487,
0,21,,,1.9252777099609377,10.084228515625002,199.58984375000003,0.0019256250000000003,5.2406250000000005,35.521,
0,21,,,1.5415191650390625,8.085937500000002,199.86328125000003,0.001541875,5.2490234375,35.555,
0,21,,,1.5415191650390625,8.085937500000002,200.05859375,0.001541875,5.2490234375,35.589,
0,21,,,1.0810852050781252,5.681152343750001,200.25390625,0.0010812500000000002,5.255859375,35.623,
0,21,,,1.0238647460937502,5.380859375000001,200.4296875,0.0010240625,5.256054687500001,35.657,
0,21,,,1.0238647460937502,5.380859375000001,200.60546875000006,0.0010240625,5.256054687500001,35.691,
0,21,,,1.0417938232421875,5.474853515625,200.78125000000003,0.001041875,5.255078125000001,35.725,
0,21,,,1.0257720947265627,5.390625000000001,200.9765625,0.0010259375000000002,5.256054687500001,35.759,
0,21,,,1.0257720947265627,5.390625000000001,201.171875,0.0010259375000000002,5.256054687500001,35.793,
0,21,,,1.0616302490234375,5.57861328125,201.36718750000003,0.0010615625,5.256054687500001,35.827,
0,21,,,1.041412353515625,5.4736328125,201.5234375,0.0010415625000000002,5.255859375,35.861,
0,21,,,1.041412353515625,5.4736328125,201.71875,0.0010415625000000002,5.2556640625,35.896,
0,21,,,1.0318756103515625,5.422363281250001,201.9140625,0.001031875,5.2556640625,35.93,
0,21,,,1.0189056396484375,5.355224609375001,202.08984375000003,0.0010190625,5.2556640625,35.964,
0,21,,,1.0189056396484375,5.355224609375001,202.28515625000003,0.0010190625,5.256640625,35.998,
0,21,,,1.0288238525390625,5.407714843750001,202.46093750000006,0.0010290625,5.256640625,36.032,
0,21,,,1.059722900390625,5.571289062500001,202.63671875,0.0010600000000000002,5.256640625,36.066,
0,21,,,1.059722900390625,5.571289062500001,202.83203125000003,0.0010215625000000001,5.256054687500001,36.1,
0,21,,,1.021575927734375,5.368652343750001,203.02734375,0.0010215625000000001,5.256054687500001,36.134,
0,21,,,1.0543823242187502,5.540771484375001,203.18359375,0.0010543750000000002,5.256054687500001,36.168,
0,21,,,1.0543823242187502,5.540771484375001,203.37890625,0.0010475,5.2562500000000005,36.202,
0,21,,,1.047515869140625,5.504150390625,203.57421875,0.0010475,5.2562500000000005,36.236,
0,21,,,1.02081298828125,5.363769531250001,203.76953125,0.0010209375000000001,5.25546875,36.27,
0,21,,,1.02081298828125,5.363769531250001,203.94531250000003,0.0010762500000000002,5.256640625,36.304,
0,21,,,1.07574462890625,5.654296875000001,204.14062500000003,0.0010762500000000002,5.256640625,36.338,
0,21,,,1.0589599609375,5.565185546875,204.31640625000003,0.001059375,5.256054687500001,36.372,
0,21,,,1.0589599609375,5.565185546875,204.51171875000006,0.0010215625000000001,5.25546875,36.406,
0,21,,,1.0211944580078125,5.366210937500001,204.70703125000003,0.0010215625000000001,5.25546875,36.44,
0,21,,,1.0505676269531252,5.522460937500001,204.86328125000003,0.0010509375,5.256054687500001,36.474,
0,21,,,1.026153564453125,5.391845703125001,205.05859375000003,0.00102625,5.2556640625,36.508,
0,21,,,1.026153564453125,5.391845703125001,205.234375,0.00102625,5.2556640625,36.542,
0,21,,,1.2813568115234377,6.722412109375001,205.58593750000003,0.0012815625000000001,5.250195312500001,36.576,
0,21,,,1.372528076171875,7.2021484375,205.76171875000003,0.0013728125000000001,5.2517578125,36.61,
0,21,,,1.372528076171875,7.2021484375,205.95703125,0.0013728125000000001,5.2517578125,36.644,
0,21,,,1.056671142578125,5.552978515625001,206.13281250000003,0.0010571875000000002,5.25546875,36.678,
0,21,,,1.0021209716796875,5.267333984375001,206.32812500000003,0.0010025000000000001,5.255859375,36.712,
0,21,,,1.0021209716796875,5.267333984375001,206.48437500000003,0.0010025000000000001,5.255859375,36.746,
0,21,,,1.0345458984375,5.437011718750001,206.67968750000003,0.0010346875,5.2556640625,36.78,
0,21,,,1.0402679443359375,5.46630859375,206.87500000000003,0.0010403125,5.256640625,36.814,
0,21,,,1.0402679443359375,5.46630859375,207.05078125000003,0.0010403125,5.256640625,36.848,
0,21,,,1.0314941406250002,5.421142578125001,207.24609375000003,0.001031875,5.25546875,36.882,
0,21,,,1.047515869140625,5.504150390625,207.421875,0.0010475,5.2562500000000005,36.916,
0,21,,,1.047515869140625,5.504150390625,207.59765625000003,0.0010475,5.2562500000000005,36.95,
0,21,,,1.0429382324218752,5.480957031250001,207.79296875000003,0.001043125,5.256054687500001,36.984,
0,21,,,1.0391235351562502,5.460205078125001,207.98828125000003,0.0010390625,5.2556640625,37.018,
0,21,,,1.0391235351562502,5.460205078125001,208.18359375000003,0.0010390625,5.2556640625,37.052,
0,21,,,1.05133056640625,5.526123046875001,208.359375,0.0010515625,5.2562500000000005,37.086,
0,21,,,1.0768890380859375,5.660400390625001,208.53515625000003,0.0010771875,5.2568359375,37.12,
0,21,,,1.0768890380859375,5.660400390625001,208.73046875,0.0010771875,5.2568359375,37.154,
0,21,,,1.039886474609375,5.465087890625001,208.92578125000003,0.0010400000000000001,5.2568359375,37.188,
0,21,,,1.0211944580078125,5.366210937500001,209.10156250000003,0.00102125,5.2562500000000005,37.222,
0,21,,,1.0211944580078125,5.366210937500001,209.29687500000006,0.00102125,5.2562500000000005,37.256,
0,21,,,1.0616302490234375,5.581054687500001,209.47265625,0.001061875,5.2564453125,37.29,
0,21,,,1.025390625,5.388183593750001,209.66796875000003,0.001025625,5.256054687500001,37.324,
0,21,,,1.025390625,5.388183593750001,209.84375000000003,0.001025625,5.256054687500001,37.358,
0,21,,,1.0257720947265627,5.391845703125001,210.01953125,0.0010259375000000002,5.256054687500001,37.392,
0,21,,,1.0372161865234377,5.450439453125001,210.21484375,0.0010375,5.25546875,37.426,
0,21,,,1.0372161865234377,5.450439453125001,210.39062500000003,0.0010375,5.25546875,37.46,
0,21,,,1.0364532470703125,5.445556640625001,210.58593750000003,0.0010365625000000002,5.2552734375000005,37.494,
0,21,,,1.0406494140625,5.469970703125,210.76171875000006,0.0010409375,5.2556640625,37.528,
0,21,,,1.0406494140625,5.469970703125,210.9375,0.0010409375,5.2552734375000005,37.562,
0,21,,,1.0276794433593752,5.400390625000001,211.13281250000003,0.0010278125,5.2552734375000005,37.596,
0,21,,,1.078033447265625,5.666503906250001,211.328125,0.0010784375000000002,5.2562500000000005,37.63,
0,21,,,1.078033447265625,5.666503906250001,211.50390625000003,0.0010784375000000002,5.2562500000000005,37.664,
0,21,,,1.0696411132812502,5.621337890625001,211.69921875000003,0.0010696875000000001,5.2562500000000005,37.698,
0,21,,,1.03302001953125,5.428466796875001,211.89453125000003,0.0010331250000000002,5.256054687500001,37.732,
0,21,,,1.03302001953125,5.428466796875001,212.0703125,0.0010603125,5.2562500000000005,37.766,
0,21,,,1.0601043701171877,5.571289062500001,212.265625,0.0010603125,5.2562500000000005,37.8,
0,21,,,1.055908203125,5.549316406250001,212.44140625000003,0.0010559375,5.256054687500001,37.834,
0,21,,,1.055908203125,5.549316406250001,212.63671875,0.0010400000000000001,5.255859375,37.868,
0,21,,,1.0395050048828125,5.463867187500001,212.81250000000006,0.0010400000000000001,5.255859375,37.902,
0,21,,,1.0353088378906252,5.441894531250001,213.00781250000003,0.001035625,5.255859375,37.936,
0,21,,,1.0353088378906252,5.441894531250001,213.18359375,0.0010137500000000001,5.256054687500001,37.97,
0,21,,,1.0135650634765625,5.327148437500001,213.35937500000003,0.0010137500000000001,5.256054687500001,38.005,
0,21,,,1.0406494140625,5.468750000000001,213.55468750000003,0.001040625,5.2562500000000005,38.039,
0,21,,,1.0406494140625,5.468750000000001,213.75000000000003,0.0010340625,5.2562500000000005,38.073,
0,21,,,1.033782958984375,5.433349609375001,213.92578125,0.0010340625,5.2562500000000005,38.107,
0,21,,,1.0295867919921877,5.411376953125001,214.1015625,0.00103,5.2556640625,38.141,
0,21,,,1.0425567626953125,5.477294921875001,214.29687500000003,0.0010425,5.25546875,38.175,
0,21,,,1.0425567626953125,5.477294921875001,214.47265625000003,0.0010425,5.25546875,38.209,
0,21,,,1.0372161865234377,5.451660156250001,214.66796875000006,0.0010375,5.255859375,38.243,
0,21,,,1.0517120361328125,5.52734375,214.86328125000003,0.001051875,5.256054687500001,38.277,
0,21,,,1.0517120361328125,5.52734375,215.01953125000003,0.001051875,5.256054687500001,38.311,
0,21,,,1.0200500488281252,5.360107421875001,215.21484375000003,0.00102,5.2562500000000005,38.345,
0,21,,,1.0425567626953125,5.478515625,215.41015625000003,0.0010425,5.256054687500001,38.379,
0,21,,,1.0425567626953125,5.478515625,215.5859375,0.0010425,5.256054687500001,38.413,
0,21,,,1.0280609130859375,5.402832031250001,215.76171875000003,0.0010284375,5.256054687500001,38.447,
0,21,,,1.019287109375,5.3564453125,215.93750000000003,0.001019375,5.2562500000000005,38.481,
0,21,,,1.019287109375,5.3564453125,216.13281250000006,0.001019375,5.2562500000000005,38.515,
0,21,,,1.0601043701171877,5.571289062500001,216.32812500000003,0.0010603125,5.256054687500001,38.549,
0,21,,,1.0498046875,5.516357421875001,216.50390625000003,0.0010496875,5.256054687500001,38.583,
0,21,,,1.0498046875,5.516357421875001,216.69921875,0.0010496875,5.256054687500001,38.617,
0,21,,,1.023101806640625,5.375976562500001,216.87500000000003,0.0010231250000000002,5.255859375,38.651,
0,21,,,1.0402679443359375,5.46630859375,217.07031250000003,0.0010403125,5.2556640625,38.685,
0,21,,,1.0402679443359375,5.46630859375,217.26562500000003,0.0010403125,5.2556640625,38.719,
0,21,,,1.043701171875,5.484619140625001,217.44140625,0.0010440625,5.255078125000001,38.753,
0,21,,,1.01318359375,5.324707031250001,217.61718750000003,0.0010134375,5.255859375,38.787,
0,21,,,1.01318359375,5.324707031250001,217.79296875000003,0.0010134375,5.255859375,38.821,
0,21,,,1.0356903076171875,5.443115234375,218.02734375,0.0010359375000000002,5.255859375,38.855,
0,21,,,1.3690948486328127,7.180175781250001,218.24218750000003,0.0013693750000000001,5.2498046875,38.889,
0,21,,,1.3690948486328127,7.180175781250001,218.43750000000003,0.0013693750000000001,5.2498046875,38.923,
0,21,,,1.0410308837890627,5.472412109375001,218.63281250000003,0.00104125,5.256054687500001,38.957,
0,21,,,1.0570526123046875,5.55419921875,218.82812500000003,0.0010571875000000002,5.255859375,38.991,
0,21,,,1.0570526123046875,5.55419921875,219.00390625,0.0010571875000000002,5.255859375,39.025,
0,21,,,1.0696411132812502,5.621337890625001,219.17968750000003,0.0010696875000000001,5.2562500000000005,39.06,
0,21,,,1.0311126708984375,5.418701171875001,219.37500000000003,0.00103125,5.2556640625,39.094,
0,21,,,1.0311126708984375,5.418701171875001,219.55078125000006,0.00103125,5.2556640625,39.128,
0,21,,,1.0326385498046875,5.426025390625,219.74609375000003,0.0010328125,5.2552734375000005,39.162,
0,21,,,1.04522705078125,5.491943359375001,219.94140625000003,0.0010453125,5.2556640625,39.196,
0,21,,,1.04522705078125,5.491943359375001,220.1171875,0.0010453125,5.256054687500001,39.23,
0,21,,,1.0391235351562502,5.461425781250001,220.29296875000003,0.0010393750000000002,5.256054687500001,39.264,
0,21,,,1.0219573974609377,5.37109375,220.48828125000003,0.0010221875,5.2556640625,39.298,
0,21,,,1.0219573974609377,5.37109375,220.68359375000003,0.0010540625,5.256054687500001,39.332,
0,21,,,1.053619384765625,5.538330078125001,220.859375,0.0010540625,5.256054687500001,39.366,
0,21,,,1.062774658203125,5.585937500000001,221.03515625000003,0.001063125,5.2564453125,39.4,
0,21,,,1.062774658203125,5.585937500000001,221.23046875000003,0.0010115625,5.2568359375,39.434,
0,21,,,1.0112762451171875,5.316162109375001,221.40625000000003,0.0010115625,5.2568359375,39.468,
0,21,,,1.00250244140625,5.268554687500001,221.58203125,0.0010028125,5.25546875,39.502,
0,21,,,1.00250244140625,5.268554687500001,221.77734375000003,0.0010506250000000001,5.256054687500001,39.536,
0,21,,,1.0505676269531252,5.521240234375001,221.95312500000003,0.0010506250000000001,5.256054687500001,39.57,
0,21,,,1.0150909423828125,5.33447265625,222.14843750000003,0.0010153125000000002,5.255859375,39.604,
0,21,,,1.0150909423828125,5.33447265625,222.32421875,0.001031875,5.2562500000000005,39.638,
0,21,,,1.0314941406250002,5.422363281250001,222.50000000000003,0.001031875,5.2562500000000005,39.672,
0,21,,,1.05133056640625,5.526123046875001,222.69531250000003,0.0010515625,5.256054687500001,39.706,
0,21,,,1.05133056640625,5.526123046875001,222.890625,0.0010437500000000002,5.2562500000000005,39.74,
0,21,,,1.043701171875,5.485839843750001,223.08593750000003,0.0010437500000000002,5.2562500000000005,39.774,
0,21,,,1.0761260986328125,5.65673828125,223.26171875000003,0.0010762500000000002,5.2564453125,39.808,
0,21,,,1.047515869140625,5.50537109375,223.4375,0.0010478125000000001,5.256054687500001,39.842,
0,21,,,1.047515869140625,5.50537109375,223.6328125,0.0010478125000000001,5.256054687500001,39.876,
0,21,,,1.0158538818359375,5.339355468750001,223.80859375000003,0.00101625,5.2562500000000005,39.91,
0,21,,,1.0353088378906252,5.440673828125001,223.984375,0.0010353125,5.256054687500001,39.944,
0,21,,,1.0353088378906252,5.440673828125001,224.1796875,0.0010353125,5.256054687500001,39.978,
0,21,,,1.0440826416015625,5.487060546875,224.375,0.0010443750000000002,5.256054687500001,40.012,
0,21,,,1.043701171875,5.484619140625001,224.55078125000003,0.0010437500000000002,5.256054687500001,40.046,
0,21,,,1.043701171875,5.484619140625001,224.74609375000003,0.0010437500000000002,5.256054687500001,40.08,
0,21,,,1.02081298828125,5.364990234375,224.90234375,0.00102125,5.25546875,40.114,
0,21,,,1.0631561279296875,5.587158203125001,225.09765625,0.0010634375000000001,5.256054687500001,40.148,
0,21,,,1.0631561279296875,5.587158203125001,225.29296875000003,0.0010634375000000001,5.256054687500001,40.182,
0,21,,,1.0486602783203127,5.511474609375001,225.48828125,0.0010490625,5.2552734375000005,40.216,
0,21,,,1.0341644287109375,5.435791015625,225.66406250000003,0.0010343750000000001,5.2562500000000005,40.25,
0,21,,,1.0341644287109375,5.435791015625,225.83984375,0.0010343750000000001,5.2562500000000005,40.284,
0,21,,,1.0364532470703125,5.446777343750001,226.03515625,0.0010365625000000002,5.2564453125,40.318,
0,21,,,1.07879638671875,5.668945312500001,226.23046875,0.0010790625000000002,5.2556640625,40.352,
0,21,,,1.07879638671875,5.668945312500001,226.42578125,0.0010790625000000002,5.2556640625,40.386,
0,21,,,1.0467529296875002,5.501708984375001,226.60156250000003,0.001046875,5.256640625,40.42,
0,21,,,1.0196685791015625,5.357666015625001,226.77734375000003,0.0010196875,5.255859375,40.454,
0,21,,,1.0196685791015625,5.357666015625001,226.97265625000006,0.0010196875,5.255859375,40.488,
0,21,,,1.038360595703125,5.45654296875,227.14843750000003,0.0010387500000000002,5.2552734375000005,40.523,
0,21,,,1.0341644287109375,5.434570312500001,227.34375,0.0010343750000000001,5.25546875,40.557,
0,21,,,1.0341644287109375,5.434570312500001,227.51953125000003,0.0010343750000000001,5.25546875,40.591,
0,21,,,1.0345458984375,5.437011718750001,227.71484375000003,0.0010346875,5.2564453125,40.625,
0,21,,,1.068115234375,5.614013671875001,227.890625,0.0010684375000000002,5.2564453125,40.659,
0,21,,,1.068115234375,5.614013671875001,228.0859375,0.0010684375000000002,5.2564453125,40.693,
0,21,,,1.0288238525390625,5.406494140625001,228.26171875,0.0010290625,5.256054687500001,40.727,
0,21,,,1.0555267333984375,5.546875000000001,228.45703125000003,0.0010556250000000001,5.2562500000000005,40.761,
0,21,,,1.0555267333984375,5.546875000000001,228.63281250000003,0.0010556250000000001,5.2556640625,40.795,
0,21,,,1.03759765625,5.454101562500001,228.82812500000006,0.0010378125,5.2556640625,40.83,
0,21,,,1.0540008544921875,5.538330078125001,229.02343750000003,0.0010540625,5.255859375,40.864,
0,21,,,1.0540008544921875,5.538330078125001,229.27734375000003,0.0014212500000000002,5.2525390625,40.898,
0,21,,,1.4209747314453125,7.45849609375,229.62890625000003,0.0014212500000000002,5.2525390625,40.932,
0,21,,,2.069091796875,10.839843750000002,230.0390625,0.002069375,5.23984375,40.966,
0,21,,,2.069091796875,10.839843750000002,230.48828125000003,0.0023962500000000004,5.23984375,41.0,
0,21,,,2.3960113525390625,12.553710937500002,230.87890625000006,0.0023962500000000004,5.23984375,41.034,
0,21,,,2.098846435546875,10.996093750000002,231.26953125000006,0.0020990625000000002,5.23984375,41.068,
0,21,,,2.098846435546875,10.996093750000002,231.6015625,0.0022225,5.237109375,41.102,
0,22,,,1.5075683593750002,7.907714843750002,233.45703125,0.0015078125,5.248242187500001,41.287,
0,22,,,2.2800445556640625,11.945800781250002,233.92578125000003,0.0022803125000000002,5.240234375,41.322,
0,22,,,2.2800445556640625,11.945800781250002,234.31640625000003,0.002229375,5.2390625,41.356,
0,22,,,2.228927612304688,11.674804687500002,234.609375,0.002229375,5.2390625,41.39,
0,22,,,1.8440246582031252,9.670410156250002,234.88281250000003,0.001844375,5.2470703125,41.424,
0,22,,,1.0623931884765625,5.584716796875,235.07812500000003,0.0010628125000000002,5.256640625,41.458,
0,22,,,1.0623931884765625,5.584716796875,235.25390625,0.0010628125000000002,5.256640625,41.492,
0,22,,,1.0353088378906252,5.439453125,235.44921875000003,0.0010353125,5.255859375,41.526,
0,22,,,0.9971618652343751,5.239257812500001,235.62500000000003,0.0009971875,5.25546875,41.56,
0,22,,,0.9971618652343751,5.239257812500001,235.80078125,0.0009971875,5.25546875,41.594,
0,22,,,1.0395050048828125,5.463867187500001,235.99609375,0.0010396875,5.2564453125,41.629,
0,22,,,1.05743408203125,5.556640625000001,236.19140625,0.0010575,5.255859375,41.663,
0,22,,,1.05743408203125,5.556640625000001,236.36718750000003,0.0010575,5.255859375,41.697,
0,22,,,1.0124206542968752,5.321044921875,236.5625,0.0010128125,5.255859375,41.731,
0,22,,,1.0112762451171875,5.313720703125,236.71875,0.0010115625,5.255859375,41.765,
0,22,,,1.0112762451171875,5.313720703125,236.89453125000003,0.0010115625,5.255859375,41.799,
0,22,,,1.0227203369140625,5.374755859375,237.08984375000003,0.0010228125,5.2552734375000005,41.833,
0,22,,,1.0372161865234377,5.450439453125001,237.28515625000003,0.0010375,5.255859375,41.867,
0,22,,,1.0372161865234377,5.450439453125001,237.4609375,0.0010375,5.255859375,41.901,
0,22,,,1.0257720947265627,5.390625000000001,237.63671875000003,0.0010259375000000002,5.2556640625,41.935,
0,22,,,1.0265350341796875,5.394287109375001,237.83203125000003,0.001026875,5.255078125000001,41.969,
0,22,,,1.0265350341796875,5.394287109375001,238.00781250000003,0.001026875,5.255078125000001,42.003,
0,22,,,1.05743408203125,5.556640625000001,238.20312500000006,0.0010575,5.255859375,42.037,
0,22,,,1.0623931884765625,5.583496093750001,238.37890625000003,0.0010625,5.256640625,42.071,
0,22,,,1.0623931884765625,5.583496093750001,238.57421875,0.0010625,5.256640625,42.105,
0,22,,,1.023101806640625,5.375976562500001,238.75000000000003,0.0010231250000000002,5.256054687500001,42.139,
0,22,,,1.0585784912109375,5.563964843750001,238.94531250000003,0.00105875,5.256640625,42.174,
0,22,,,1.0585784912109375,5.563964843750001,239.14062500000003,0.00105875,5.256640625,42.208,
0,22,,,1.0543823242187502,5.540771484375001,239.31640625,0.0010543750000000002,5.256054687500001,42.242,
0,22,,,1.04522705078125,5.494384765625001,239.51171875,0.0010456250000000001,5.256640625,42.276,
0,22,,,1.04522705078125,5.494384765625001,239.68750000000003,0.0010456250000000001,5.256640625,42.31,
0,22,,,1.01165771484375,5.314941406250001,239.88281250000003,0.0010115625,5.2556640625,42.344,
0,22,,,1.0353088378906252,5.440673828125001,240.07812500000003,0.0010353125,5.256054687500001,42.379,
0,22,,,1.0353088378906252,5.440673828125001,240.25390625000003,0.0010353125,5.256054687500001,42.413,
0,22,,,1.062774658203125,5.585937500000001,240.42968750000003,0.001063125,5.256054687500001,42.447,
0,22,,,1.02996826171875,5.413818359375,240.625,0.0010303125,5.2562500000000005,42.481,
0,22,,,1.02996826171875,5.413818359375,240.80078125000003,0.001020625,5.255859375,42.515,
0,22,,,1.0204315185546875,5.362548828125001,240.99609375000003,0.001020625,5.255859375,42.549,
0,22,,,1.059722900390625,5.567626953125001,241.17187500000003,0.0010596875,5.255859375,42.583,
0,22,,,1.059722900390625,5.567626953125001,241.34765625000003,0.001030625,5.256640625,42.617,
0,22,,,1.030731201171875,5.41748046875,241.54296875000003,0.001030625,5.256640625,42.651,
0,22,,,1.03302001953125,5.429687500000001,241.73828125000003,0.0010331250000000002,5.2562500000000005,42.685,
0,22,,,1.03302001953125,5.429687500000001,241.91406250000003,0.00102,5.2562500000000005,42.719,
0,22,,,1.0196685791015625,5.360107421875001,242.08984375,0.00102,5.2562500000000005,42.753,
0,22,,,1.0402679443359375,5.467529296875001,242.28515625000003,0.001040625,5.255859375,42.787,
0,22,,,1.0402679443359375,5.563964843750001,242.48046875,0.00105875,5.2562500000000005,42.822,
0,22,,,1.0585784912109375,5.563964843750001,242.65625000000003,0.00105875,5.2562500000000005,42.856,
0,22,,,1.0326385498046875,5.426025390625,242.85156250000003,0.0010328125,5.255859375,42.89,
0,22,,,1.02996826171875,5.413818359375,243.02734375000003,0.0010303125,5.2556640625,42.924,
0,22,,,1.02996826171875,5.413818359375,243.32031250000006,0.0010303125,5.2556640625,42.958,
0,22,,,1.4537811279296875,7.620849609375001,243.49609375000003,0.0014537500000000002,5.248046875,42.992,
0,22,,,1.032257080078125,5.424804687500001,243.69140625000003,0.0010321875000000001,5.256054687500001,43.026,
0,22,,,1.032257080078125,5.424804687500001,243.86718750000003,0.0010321875000000001,5.256054687500001,43.06,
0,22,,,1.0715484619140627,5.632324218750001,244.06250000000006,0.0010718750000000001,5.256054687500001,43.094,
0,22,,,1.0562896728515627,5.550537109375001,244.25781250000003,0.0010565625,5.2552734375000005,43.128,
0,22,,,1.0562896728515627,5.550537109375001,244.43359375,0.0010565625,5.2552734375000005,43.162,
0,22,,,1.0345458984375,5.435791015625,244.62890625,0.0010346875,5.2556640625,43.196,
0,22,,,1.0196685791015625,5.358886718750001,244.80468750000003,0.00102,5.255859375,43.23,
0,22,,,1.0196685791015625,5.358886718750001,244.98046875000003,0.00102,5.255859375,43.264,
0,22,,,1.0311126708984375,5.419921875000001,245.17578125000006,0.0010315625000000001,5.255859375,43.298,
0,22,,,1.026153564453125,5.393066406250001,245.3515625,0.00102625,5.2562500000000005,43.332,
0,22,,,1.026153564453125,5.393066406250001,245.52734375000006,0.00102625,5.2562500000000005,43.366,
0,22,,,1.07574462890625,5.654296875000001,245.72265625000003,0.0010759375,5.256640625,43.4,
0,22,,,1.0532379150390625,5.53466796875,245.91796875000006,0.0010534375000000001,5.2562500000000005,43.434,
0,22,,,1.0532379150390625,5.53466796875,246.11328125000003,0.0010534375000000001,5.2562500000000005,43.468,
0,22,,,1.02691650390625,5.397949218750001,246.28906250000003,0.0010271875,5.2562500000000005,43.502,
0,22,,,1.0059356689453125,5.286865234375,246.46484375000003,0.00100625,5.25546875,43.536,
0,22,,,1.0059356689453125,5.286865234375,246.64062500000006,0.00100625,5.25546875,43.57,
0,22,,,1.0387420654296875,5.458984375000001,246.83593750000006,0.0010390625,5.2564453125,43.604,
0,22,,,1.0219573974609377,5.37109375,247.03125000000003,0.0010221875,5.2562500000000005,43.638,
0,22,,,1.0219573974609377,5.37109375,247.20703125000003,0.0010221875,5.2562500000000005,43.672,
0,22,,,1.0746002197265625,5.648193359375001,247.40234375000003,0.0010746875000000001,5.2564453125,43.706,
0,22,,,1.064300537109375,5.594482421875001,247.59765625000003,0.001064375,5.2568359375,43.74,
0,22,,,1.064300537109375,5.594482421875001,247.77343750000003,0.001064375,5.2568359375,43.774,
0,22,,,1.02996826171875,5.41259765625,247.96875000000006,0.00103,5.2564453125,43.808,
0,22,,,1.047515869140625,5.50537109375,248.14453125000003,0.0010478125000000001,5.256054687500001,43.842,
0,22,,,1.047515869140625,5.50537109375,248.32031250000003,0.0010478125000000001,5.256640625,43.877,
0,22,,,1.0433197021484375,5.482177734375001,248.51562500000003,0.0010434375,5.256640625,43.911,
0,22,,,1.0288238525390625,5.406494140625001,248.71093750000003,0.0010290625,5.2564453125,43.945,
0,22,,,1.0288238525390625,5.406494140625001,248.88671875000003,0.0010290625,5.2564453125,43.978,
0,22,,,1.0387420654296875,5.460205078125001,249.06250000000003,0.0010390625,5.2564453125,44.012,
0,22,,,1.0448455810546877,5.491943359375001,249.2578125,0.0010453125,5.25546875,44.046,
0,22,,,1.0448455810546877,5.491943359375001,249.45312500000003,0.0010796875000000001,5.2562500000000005,44.08,
0,22,,,1.079559326171875,5.673828125000001,249.64843750000003,0.0010796875000000001,5.2562500000000005,44.114,
0,22,,,1.043701171875,5.485839843750001,249.82421875000006,0.0010440625,5.255859375,44.148,
0,22,,,1.043701171875,5.485839843750001,250.0,0.0010409375,5.256054687500001,44.182,
0,22,,,1.0406494140625,5.469970703125,250.1953125,0.0010409375,5.256054687500001,44.216,
0,22,,,1.0356903076171875,5.441894531250001,250.39062500000003,0.001035625,5.256054687500001,44.25,
0,22,,,1.0356903076171875,5.441894531250001,250.54687500000006,0.0010309375000000002,5.256640625,44.284,
0,22,,,1.030731201171875,5.41748046875,250.74218750000006,0.0010309375000000002,5.256640625,44.318,
0,22,,,1.0543823242187502,5.540771484375001,250.93750000000003,0.0010543750000000002,5.255859375,44.352,
0,22,,,1.0543823242187502,5.540771484375001,251.13281250000003,0.0010821875,5.2564453125,44.386,
0,22,,,1.08184814453125,5.686035156250001,251.30859375000003,0.0010821875,5.2564453125,44.42,
0,22,,,1.030731201171875,5.416259765625001,251.48437500000003,0.0010309375000000002,5.255078125000001,44.454,
0,22,,,1.030731201171875,5.549316406250001,251.67968750000003,0.0010562500000000001,5.25546875,44.489,
0,22,,,1.055908203125,5.549316406250001,251.87500000000003,0.0010562500000000001,5.25546875,44.523,
0,22,,,1.02691650390625,5.396728515625001,252.05078125000003,0.0010271875,5.25546875,44.557,
0,22,,,1.0086059570312502,5.301513671875001,252.24609375,0.0010090625,5.2556640625,44.591,
0,22,,,1.0086059570312502,5.301513671875001,252.40234375000003,0.0010090625,5.2556640625,44.625,
0,22,,,1.0089874267578125,5.300292968750001,252.59765625000003,0.0010090625,5.2546875,44.659,
0,22,,,1.080322265625,5.678710937500001,252.79296875000006,0.001080625,5.2564453125,44.693,
0,22,,,1.080322265625,5.678710937500001,252.96875000000003,0.001080625,5.2564453125,44.727,
0,22,,,1.0162353515625002,5.340576171875,253.14453125000003,0.0010165625,5.255859375,44.761,
0,22,,,1.044464111328125,5.489501953125001,253.33984375000003,0.0010446875,5.255859375,44.795,
0,22,,,1.044464111328125,5.489501953125001,253.51562500000003,0.0010446875,5.255859375,44.829,
0,22,,,1.0105133056640627,5.31005859375,253.7109375,0.001010625,5.2556640625,44.863,
0,22,,,1.0272979736328125,5.399169921875001,253.86718750000003,0.0010275,5.256054687500001,44.897,
0,22,,,1.0272979736328125,5.399169921875001,254.06250000000003,0.0010275,5.256054687500001,44.931,
0,22,,,1.0387420654296875,5.458984375000001,254.25781250000006,0.0010390625,5.2556640625,44.965,
0,22,,,1.036834716796875,5.447998046875,254.43359375000003,0.001036875,5.2556640625,44.999,
0,22,,,1.036834716796875,5.447998046875,254.60937500000003,0.001036875,5.2556640625,45.033,
0,22,,,1.0494232177734375,5.515136718750001,254.80468750000003,0.0010496875,5.2556640625,45.067,
0,22,,,1.043701171875,5.484619140625001,255.00000000000006,0.0010437500000000002,5.256054687500001,45.101,
0,22,,,1.043701171875,5.484619140625001,255.19531250000006,0.0010437500000000002,5.256054687500001,45.135,
0,22,,,1.055145263671875,5.545654296875001,255.37109375,0.0010553125,5.256640625,45.169,
0,22,,,1.0276794433593752,5.400390625000001,255.546875,0.0010278125,5.2556640625,45.203,
0,22,,,1.0276794433593752,5.400390625000001,255.74218750000006,0.0010278125,5.2556640625,45.237,
0,22,,,1.0494232177734375,5.515136718750001,255.91796875000006,0.0010496875,5.2556640625,45.271,
0,22,,,1.0166168212890625,5.341796875000001,256.11328125000006,0.0010165625,5.2556640625,45.305,
0,22,,,1.0166168212890625,5.341796875000001,256.2890625,0.0010165625,5.2556640625,45.339,
0,22,,,1.0505676269531252,5.520019531250001,256.46484375000006,0.0010506250000000001,5.256054687500001,45.373,
0,22,,,1.0379791259765625,5.454101562500001,256.66015625000006,0.001038125,5.255859375,45.407,
0,22,,,1.0379791259765625,5.454101562500001,256.85546875000006,0.001038125,5.255859375,45.441,
0,22,,,1.0295867919921877,5.410156250000001,257.03125,0.0010296875,5.2556640625,45.474,
0,22,,,1.045989990234375,5.498046875000001,257.20703125000006,0.00104625,5.2562500000000005,45.508,
0,22,,,1.045989990234375,5.498046875000001,257.40234375000006,0.00104625,5.2548828125,45.543,
0,22,,,1.03759765625,5.451660156250001,257.59765625000006,0.0010378125,5.2548828125,45.577,
0,22,,,1.0425567626953125,5.478515625,257.77343750000006,0.0010425,5.256054687500001,45.611,
0,22,,,1.0425567626953125,5.478515625,257.94921875000006,0.0010425,5.2556640625,45.645,
0,22,,,1.025390625,5.388183593750001,258.12500000000006,0.001025625,5.2556640625,45.679,
0,22,,,1.01776123046875,5.347900390625,258.32031250000006,0.0010181250000000001,5.255078125000001,45.713,
0,22,,,1.01776123046875,5.347900390625,258.63281250000006,0.0016028125,5.248242187500001,45.747,
0,22,,,1.6025543212890625,8.40576171875,258.984375,0.0016028125,5.248242187500001,45.781,
0,22,,,2.1190643310546875,11.092529296875,259.39453125000006,0.002119375,5.2369140625,45.815,
0,22,,,2.1190643310546875,11.092529296875,259.58984375000006,0.001440625,5.2517578125,45.849,
0,22,,,1.4404296875,7.559814453125001,259.78515625000006,0.001440625,5.2517578125,45.883,
0,22,,,0.9944915771484375,5.225830078125,259.9609375,0.000994375,5.255859375,45.917,
0,22,,,0.9944915771484375,5.225830078125,260.13671875000006,0.0010565625,5.2564453125,45.951,
0,22,,,1.0562896728515627,5.552978515625001,260.31250000000006,0.0010565625,5.2564453125,45.985,
0,22,,,1.0265350341796875,5.3955078125,260.50781250000006,0.001026875,5.2564453125,46.019,
0,22,,,1.0265350341796875,5.3955078125,260.70312500000006,0.0010459375,5.2562500000000005,46.053,
0,22,,,1.0456085205078125,5.495605468750001,260.87890625000006,0.0010459375,5.2562500000000005,46.087,
0,22,,,1.0799407958984375,5.67626953125,261.07421875000006,0.0010803125000000001,5.2562500000000005,46.121,
0,22,,,1.0799407958984375,5.67626953125,261.26953125,0.0010443750000000002,5.256640625,46.155,
0,22,,,1.0440826416015625,5.488281250000001,261.46484375,0.0010443750000000002,5.256640625,46.189,
0,22,,,1.033782958984375,5.434570312500001,261.62109375000006,0.0010340625,5.257031250000001,46.223,
0,22,,,1.0395050048828125,5.463867187500001,261.81640625,0.0010396875,5.256640625,46.257,
0,22,,,1.0395050048828125,5.463867187500001,262.01171875,0.0010396875,5.256640625,46.291,
0,22,,,1.039886474609375,5.465087890625001,262.1875,0.0010400000000000001,5.255859375,46.325,
0,22,,,1.0364532470703125,5.446777343750001,262.36328125,0.0010365625000000002,5.255859375,46.358,
0,22,,,1.0364532470703125,5.446777343750001,262.53906250000006,0.0010365625000000002,5.255859375,46.392,
0,22,,,1.02691650390625,5.396728515625001,262.734375,0.001026875,5.2564453125,46.426,
0,22,,,1.0166168212890625,5.341796875000001,262.91015625,0.001016875,5.2552734375000005,46.46,
0,22,,,1.0166168212890625,5.341796875000001,263.08593750000006,0.001016875,5.2552734375000005,46.494,
0,22,,,1.059722900390625,5.568847656250001,263.30078125000006,0.0010600000000000002,5.2556640625,46.528,
0,22,,,1.0845184326171875,5.699462890625001,263.4765625,0.0010846875000000001,5.256054687500001,46.563,
0,22,,,1.0845184326171875,5.699462890625001,263.671875,0.0010846875000000001,5.256054687500001,46.597,
0,22,,,1.0395050048828125,5.462646484375,263.8671875,0.0010396875,5.255859375,46.631,
0,22,,,1.0753631591796877,5.650634765625001,264.06250000000006,0.0010756250000000002,5.255859375,46.665,
0,22,,,1.0753631591796877,5.650634765625001,264.23828125000006,0.0010756250000000002,5.255859375,46.699,
0,22,,,1.06658935546875,5.605468750000001,264.43359375000006,0.0010668750000000001,5.256054687500001,46.733,
0,22,,,1.0509490966796875,5.523681640625,264.62890625,0.00105125,5.2562500000000005,46.767,
0,22,,,1.0509490966796875,5.523681640625,264.8046875,0.00105125,5.2562500000000005,46.801,
0,22,,,1.02996826171875,5.411376953125001,264.98046875000006,0.00103,5.256054687500001,46.835,
0,22,,,1.0570526123046875,5.55419921875,265.17578125,0.0010571875000000002,5.255859375,46.869,
0,22,,,1.0570526123046875,5.55419921875,265.3515625,0.0010571875000000002,5.255859375,46.903,
0,22,,,1.0211944580078125,5.366210937500001,265.546875,0.00102125,5.256054687500001,46.937,
0,22,,,1.01165771484375,5.3173828125,265.70312500000006,0.0010121875,5.2556640625,46.971,
0,22,,,1.01165771484375,5.3173828125,265.89843750000006,0.0010121875,5.2556640625,47.005,
0,22,,,1.0295867919921877,5.410156250000001,266.07421875000006,0.0010296875,5.255859375,47.039,
0,22,,,1.0200500488281252,5.360107421875001,266.26953125,0.00102,5.255859375,47.073,
0,22,,,1.0200500488281252,5.360107421875001,266.44531250000006,0.00102,5.255859375,47.107,
0,22,,,0.9918212890625,5.211181640625001,266.62109375000006,0.0009918750000000001,5.25546875,47.141,
0,22,,,1.03759765625,5.452880859375001,266.81640625,0.0010375,5.2562500000000005,47.175,
0,22,,,1.03759765625,5.452880859375001,266.99218750000006,0.0010375,5.2562500000000005,47.209,
0,22,,,1.0532379150390625,5.53466796875,267.1875,0.0010534375000000001,5.255859375,47.243,
0,22,,,1.039886474609375,5.463867187500001,267.36328125000006,0.0010400000000000001,5.2556640625,47.277,
0,22,,,1.039886474609375,5.463867187500001,267.55859375,0.0010400000000000001,5.2552734375000005,47.311,
0,22,,,1.0387420654296875,5.457763671875001,267.734375,0.0010390625,5.2552734375000005,47.345,
0,22,,,1.0314941406250002,5.421142578125001,267.92968750000006,0.001031875,5.2552734375000005,47.379,
0,22,,,1.0314941406250002,5.421142578125001,268.10546875,0.001031875,5.2562500000000005,47.413,
0,22,,,1.093292236328125,5.747070312500001,268.30078125,0.0010934375,5.2562500000000005,47.447,
0,22,,,1.0097503662109375,5.306396484375001,268.4765625,0.00101,5.25546875,47.481,
0,22,,,1.0097503662109375,5.306396484375001,268.67187500000006,0.0010243750000000001,5.256054687500001,47.515,
0,22,,,1.0242462158203125,5.382080078125,268.84765625,0.0010243750000000001,5.256054687500001,47.549,
0,22,,,1.062774658203125,5.585937500000001,269.04296875,0.001063125,5.255859375,47.583,
0,22,,,1.062774658203125,5.585937500000001,269.21875,0.0010506250000000001,5.256054687500001,47.617,
0,22,,,1.0505676269531252,5.521240234375001,269.41406250000006,0.0010506250000000001,5.256054687500001,47.651,
0,22,,,1.0353088378906252,5.441894531250001,269.60937500000006,0.001035625,5.256054687500001,47.685,
0,22,,,1.0353088378906252,5.441894531250001,269.765625,0.001043125,5.256054687500001,47.719,
0,22,,,1.0429382324218752,5.482177734375001,269.9609375,0.001043125,5.256054687500001,47.753,
0,22,,,1.0356903076171875,5.443115234375,270.15625000000006,0.0010359375000000002,5.256054687500001,47.787,
0,22,,,1.0356903076171875,5.443115234375,270.35156250000006,0.001069375,5.2562500000000005,47.821,
0,22,,,1.0692596435546875,5.618896484375,270.52734375000006,0.001069375,5.2562500000000005,47.855,
0,22,,,1.039886474609375,5.463867187500001,270.72265625,0.0010400000000000001,5.25546875,47.889,
0,22,,,1.039886474609375,5.637207031250001,270.89843750000006,0.0010728125,5.2562500000000005,47.923,
0,22,,,1.0723114013671875,5.637207031250001,271.09375,0.0010728125,5.2562500000000005,47.957,
0,22,,,1.0074615478515625,5.294189453125001,271.2890625,0.0010075000000000001,5.25546875,47.991,
0,22,,,1.0662078857421875,5.603027343750001,271.44531250000006,0.0010662500000000001,5.2564453125,48.025,
0,22,,,1.0662078857421875,5.603027343750001,271.640625,0.0010662500000000001,5.2564453125,48.059,
0,22,,,1.0463714599609375,5.498046875000001,271.83593750000006,0.00104625,5.256054687500001,48.093,
0,22,,,1.00250244140625,5.268554687500001,272.01171875,0.0010025000000000001,5.2562500000000005,48.127,
0,22,,,1.00250244140625,5.268554687500001,272.1875,0.0010025000000000001,5.2562500000000005,48.161,
0,22,,,1.036834716796875,5.447998046875,272.3828125,0.001036875,5.256054687500001,48.195,
0,22,,,1.0570526123046875,5.55419921875,272.55859375,0.0010571875000000002,5.2562500000000005,48.229,
0,22,,,1.0570526123046875,5.55419921875,272.75390625,0.0010571875000000002,5.2562500000000005,48.263,
0,22,,,1.0227203369140625,5.375976562500001,272.9296875,0.0010231250000000002,5.2562500000000005,48.297,
0,22,,,1.0353088378906252,5.441894531250001,273.10546875,0.001035625,5.2564453125,48.331,
0,22,,,1.0353088378906252,5.441894531250001,273.30078125000006,0.001035625,5.2564453125,48.365,
0,22,,,1.043701171875,5.483398437500001,273.49609375000006,0.0010437500000000002,5.2552734375000005,48.399,
0,22,,,1.0547637939453125,5.544433593750001,273.671875,0.0010550000000000002,5.256054687500001,48.433,
0,22,,,1.0547637939453125,5.544433593750001,273.84765625,0.0010550000000000002,5.256054687500001,48.467,
0,22,,,1.0082244873046875,5.299072265625001,274.04296875000006,0.0010084375,5.25546875,48.501,
0,22,,,1.0234832763671875,5.379638671875001,274.21875,0.0010237500000000001,5.2562500000000005,48.535,
0,22,,,1.0234832763671875,5.379638671875001,274.39453125,0.0010237500000000001,5.2562500000000005,48.569,
0,22,,,1.0425567626953125,5.480957031250001,274.58984375,0.0010428125000000001,5.2564453125,48.603,
0,22,,,1.0570526123046875,5.556640625000001,274.76562500000006,0.0010575,5.256640625,48.636,
0,22,,,1.0570526123046875,5.556640625000001,274.96093750000006,0.0010575,5.256640625,48.67,
0,22,,,1.0272979736328125,5.397949218750001,275.13671875,0.0010275,5.256640625,48.705,
0,22,,,1.0562896728515627,5.552978515625001,275.33203125,0.0010565625,5.256640625,48.739,
0,22,,,1.0562896728515627,5.552978515625001,275.50781250000006,0.0010565625,5.256640625,48.773,
0,22,,,1.044464111328125,5.489501953125001,275.70312500000006,0.0010446875,5.256640625,48.807,
0,22,,,1.0219573974609377,5.37109375,275.87890625,0.0010221875,5.2562500000000005,48.841,
0,22,,,1.0219573974609377,5.37109375,276.07421875,0.0010221875,5.2562500000000005,48.875,
0,22,,,0.9860992431640625,5.181884765625,276.23046875000006,0.0009862500000000001,5.2556640625,48.909,
0,22,,,1.0658264160156252,5.601806640625001,276.42578125000006,0.0010659375,5.2564453125,48.943,
0,22,,,1.0658264160156252,5.601806640625001,276.62109375000006,0.0010659375,5.2564453125,48.977,
0,22,,,1.056671142578125,5.55419921875,276.81640625000006,0.001056875,5.2562500000000005,49.011,
0,22,,,1.0585784912109375,5.563964843750001,276.99218750000006,0.00105875,5.256640625,49.045,
0,22,,,1.0585784912109375,5.563964843750001,277.18750000000006,0.00105875,5.256640625,49.079,
0,22,,,1.0494232177734375,5.515136718750001,277.3828125,0.0010493750000000002,5.256640625,49.113,
0,22,,,1.0829925537109377,5.692138671875,277.578125,0.001083125,5.256640625,49.147,
0,22,,,1.0829925537109377,5.692138671875,277.73437500000006,0.001083125,5.2564453125,49.181,
0,22,,,1.038360595703125,5.45654296875,277.9296875,0.0010384375,5.2564453125,49.215,
0,22,,,1.0486602783203127,5.511474609375001,278.125,0.0010490625,5.2556640625,49.251,
0,22,,,1.0486602783203127,5.511474609375001,278.3203125,0.0010634375000000001,5.2562500000000005,49.285,
0,22,,,1.06353759765625,5.58837890625,278.49609375,0.0010634375000000001,5.2562500000000005,49.319,
0,22,,,1.0112762451171875,5.313720703125,278.69140625000006,0.0010115625,5.2552734375000005,49.353,
0,22,,,1.0112762451171875,5.313720703125,278.88671875000006,0.0010421875000000001,5.255078125000001,49.387,
0,22,,,1.04217529296875,5.476074218750001,279.06250000000006,0.0010421875000000001,5.255078125000001,49.421,
0,22,,,1.080322265625,5.678710937500001,279.23828125,0.001080625,5.256640625,49.455,
0,22,,,1.080322265625,5.678710937500001,279.43359375000006,0.0009865625,5.2556640625,49.489,
0,22,,,0.9864807128906251,5.183105468750001,279.60937500000006,0.0009865625,5.2556640625,49.523,
0,22,,,1.05743408203125,5.557861328125,279.78515625,0.0010575,5.257031250000001,49.557,
0,22,,,1.0089874267578125,5.301513671875001,279.98046875,0.0010090625,5.255859375,49.591,
0,22,,,1.0089874267578125,5.301513671875001,280.17578125000006,0.0010090625,5.255859375,49.625,
0,22,,,1.06353759765625,5.589599609375001,280.35156250000006,0.00106375,5.255859375,49.658,
0,22,,,1.043701171875,5.484619140625001,280.52734375000006,0.0010437500000000002,5.2556640625,49.692,
0,22,,,1.043701171875,5.484619140625001,280.72265625000006,0.0010437500000000002,5.2556640625,49.726,
0,22,,,1.0143280029296877,5.330810546875001,280.89843750000006,0.0010146875000000002,5.2552734375000005,49.761,
0,22,,,1.068878173828125,5.618896484375,281.09375000000006,0.0010690625000000001,5.2568359375,49.795,
0,22,,,1.068878173828125,5.618896484375,281.2890625,0.0010690625000000001,5.2568359375,49.829,
0,22,,,1.024627685546875,5.384521484375001,281.46484375,0.0010246875,5.255859375,49.863,
0,22,,,1.0543823242187502,5.540771484375001,281.64062500000006,0.0010546875,5.25546875,49.897,
0,22,,,1.0543823242187502,5.540771484375001,281.8359375,0.0010546875,5.25546875,49.931,
0,22,,,1.055145263671875,5.546875000000001,282.03125,0.0010556250000000001,5.2564453125,49.965,
0,22,,,1.0570526123046875,5.556640625000001,282.2265625,0.0010575,5.257031250000001,49.999,
0,22,,,1.0570526123046875,5.556640625000001,282.40234375,0.0010575,5.257031250000001,50.033,
0,22,,,1.0364532470703125,5.446777343750001,282.57812500000006,0.0010365625000000002,5.255859375,50.067,
0,22,,,1.0555267333984375,5.546875000000001,282.77343750000006,0.0010556250000000001,5.2564453125,50.101,
0,22,,,1.0555267333984375,5.546875000000001,282.96875000000006,0.0010556250000000001,5.2564453125,50.135,
0,22,,,1.038360595703125,5.457763671875001,283.14453125,0.0010384375,5.2562500000000005,50.169,
0,22,,,1.043701171875,5.484619140625001,283.33984375000006,0.0010440625,5.256054687500001,50.203,
0,22,,,1.043701171875,5.484619140625001,283.53515625000006,0.0010440625,5.256054687500001,50.237,
0,22,,,1.070404052734375,5.626220703125,283.71093750000006,0.0010706250000000002,5.2556640625,50.271,
0,22,,,1.0677337646484377,5.610351562500001,283.88671875,0.0010678125000000002,5.2562500000000005,50.305,
0,22,,,1.0677337646484377,5.610351562500001,284.08203125000006,0.0010678125000000002,5.2562500000000005,50.339,
0,22,,,1.0257720947265627,5.391845703125001,284.27734375,0.00102625,5.256054687500001,50.373,
0,22,,,1.0150909423828125,5.33447265625,284.45312500000006,0.0010153125000000002,5.2556640625,50.407,
0,22,,,1.0150909423828125,5.33447265625,284.62890625000006,0.0010153125000000002,5.2556640625,50.441,
0,22,,,1.0272979736328125,5.397949218750001,284.80468750000006,0.0010271875,5.255859375,50.475,
0,22,,,1.0639190673828127,5.592041015625,285.00000000000006,0.0010640625000000001,5.256640625,50.509,
0,22,,,1.0639190673828127,5.592041015625,285.1953125,0.0010640625000000001,5.256640625,50.543,
0,22,,,1.043701171875,5.484619140625001,285.37109375,0.0010437500000000002,5.2564453125,50.577,
0,22,,,1.0295867919921877,5.410156250000001,285.54687500000006,0.0010296875,5.255859375,50.611,
0,22,,,1.0295867919921877,5.410156250000001,285.7421875,0.0010296875,5.256054687500001,50.645,
0,22,,,1.0288238525390625,5.407714843750001,285.91796875000006,0.0010290625,5.256054687500001,50.679,
0,22,,,1.0608673095703125,5.576171875000001,286.11328125,0.0010612500000000001,5.2556640625,50.713,
0,22,,,1.0608673095703125,5.576171875000001,286.2890625,0.0010612500000000001,5.256054687500001,50.747,
0,22,,,1.007080078125,5.291748046875,286.46484375000006,0.0010071875,5.256054687500001,50.781,
0,22,,,1.0345458984375,5.437011718750001,286.66015625,0.0010346875,5.255859375,50.816,
0,22,,,1.0345458984375,5.437011718750001,286.85546875,0.0010337500000000002,5.2562500000000005,50.85,
0,22,,,1.0334014892578127,5.43212890625,287.03125,0.0010337500000000002,5.2562500000000005,50.884,
0,22,,,1.025390625,5.389404296875001,287.22656250000006,0.001025625,5.256054687500001,50.918,
0,22,,,1.025390625,5.389404296875001,287.38281250000006,0.001020625,5.2548828125,50.952,
0,22,,,1.0204315185546875,5.362548828125001,287.578125,0.001020625,5.2548828125,50.986,
0,22,,,1.055908203125,5.548095703125,287.7734375,0.0010559375,5.2564453125,51.02,
0,22,,,1.055908203125,5.548095703125,287.96875000000006,0.0010459375,5.2562500000000005,51.054,
0,22,,,1.0456085205078125,5.496826171875,288.125,0.0010459375,5.2562500000000005,51.088,
0,22,,,1.023101806640625,5.375976562500001,288.3203125,0.0010231250000000002,5.256054687500001,51.121,
0,22,,,1.023101806640625,5.375976562500001,288.515625,0.001051875,5.2556640625,51.155,
0,22,,,1.0517120361328125,5.52734375,288.69140625000006,0.001051875,5.2556640625,51.189,
0,22,,,1.036834716796875,5.450439453125001,288.8671875,0.0010371875000000001,5.256054687500001,51.223,
0,22,,,1.0406494140625,5.468750000000001,289.0625,0.0010409375,5.256054687500001,51.257,
0,22,,,1.0406494140625,5.468750000000001,289.2578125,0.0010409375,5.256054687500001,51.291,
0,22,,,1.0429382324218752,5.480957031250001,289.43359375000006,0.001043125,5.2564453125,51.325,
0,22,,,1.02691650390625,5.3955078125,289.60937500000006,0.0010271875,5.255078125000001,51.359,
0,22,,,1.02691650390625,5.3955078125,289.80468750000006,0.0010271875,5.255078125000001,51.393,
0,22,,,1.04217529296875,5.476074218750001,289.98046875,0.0010421875000000001,5.25546875,51.427,
0,22,,,1.0448455810546877,5.491943359375001,290.17578125000006,0.0010450000000000001,5.2562500000000005,51.461,
0,22,,,1.0448455810546877,5.491943359375001,290.35156250000006,0.0010450000000000001,5.2562500000000005,51.495,
0,22,,,1.04827880859375,5.509033203125,290.52734375,0.0010484375,5.2562500000000005,51.529,
0,22,,,1.0372161865234377,5.450439453125001,290.72265625,0.0010371875000000001,5.255859375,51.563,
0,22,,,1.0372161865234377,5.450439453125001,290.91796875000006,0.0010371875000000001,5.255859375,51.597,
0,22,,,1.045989990234375,5.496826171875,291.11328125,0.00104625,5.255859375,51.631,
0,22,,,1.0257720947265627,5.390625000000001,291.26953125000006,0.0010259375000000002,5.2562500000000005,51.665,
0,22,,,1.0257720947265627,5.390625000000001,291.46484375000006,0.0010259375000000002,5.2562500000000005,51.699,
0,22,,,1.04827880859375,5.510253906250001,291.66015625,0.00104875,5.2556640625,51.733,
0,22,,,1.02996826171875,5.41259765625,291.83593750000006,0.00103,5.2562500000000005,51.767,
0,22,,,1.02996826171875,5.41259765625,292.01171875000006,0.00103,5.2562500000000005,51.801,
0,22,,,1.0189056396484375,5.355224609375001,292.1875,0.0010190625,5.255859375,51.835,
0,22,,,1.0242462158203125,5.382080078125,292.38281250000006,0.0010243750000000001,5.255078125000001,51.87,
0,22,,,1.0242462158203125,5.382080078125,292.578125,0.0010243750000000001,5.255078125000001,51.904,
0,22,,,1.0570526123046875,5.555419921875001,292.7734375,0.0010571875000000002,5.2556640625,51.938,
0,22,,,1.04522705078125,5.4931640625,292.94921875,0.0010453125,5.255859375,51.972,
0,22,,,1.04522705078125,5.4931640625,293.125,0.0010453125,5.255859375,52.006,
0,22,,,1.0524749755859377,5.531005859375,293.32031250000006,0.0010528125000000001,5.255859375,52.04,
0,22,,,1.0265350341796875,5.3955078125,293.49609375,0.001026875,5.255859375,52.074,
0,22,,,1.0265350341796875,5.3955078125,293.671875,0.001026875,5.255859375,52.108,
0,22,,,1.052093505859375,5.529785156250001,293.8671875,0.0010521875000000002,5.2562500000000005,52.142,
0,22,,,1.038360595703125,5.457763671875001,294.06250000000006,0.0010384375,5.2568359375,52.176,
0,22,,,1.038360595703125,5.457763671875001,294.23828125,0.0010384375,5.2568359375,52.21,
0,22,,,1.0402679443359375,5.468750000000001,294.4140625,0.001040625,5.2564453125,52.244,
0,22,,,1.06048583984375,5.573730468750001,294.609375,0.0010606250000000002,5.256640625,52.277,
0,22,,,1.06048583984375,5.573730468750001,294.80468750000006,0.0010606250000000002,5.256640625,52.312,
0,22,,,1.0517120361328125,5.52734375,295.00000000000006,0.001051875,5.2564453125,52.345,
0,22,,,1.0467529296875002,5.50048828125,295.19531250000006,0.001046875,5.256054687500001,52.379,
0,22,,,1.0467529296875002,5.50048828125,295.37109375000006,0.001046875,5.256640625,52.413,
0,22,,,1.0540008544921875,5.540771484375001,295.54687500000006,0.0010543750000000002,5.256640625,52.447,
0,22,,,1.0417938232421875,5.476074218750001,295.74218750000006,0.0010421875000000001,5.2564453125,52.481,
0,22,,,1.0417938232421875,5.476074218750001,295.91796875000006,0.0010240625,5.256054687500001,52.515,
0,22,,,1.0238647460937502,5.380859375000001,296.09375,0.0010240625,5.256054687500001,52.549,
0,22,,,1.0353088378906252,5.440673828125001,296.28906250000006,0.0010353125,5.255859375,52.583,
0,22,,,1.0353088378906252,5.440673828125001,296.46484375000006,0.0010115625,5.25546875,52.617,
0,22,,,1.0112762451171875,5.314941406250001,296.66015625000006,0.0010115625,5.25546875,52.651,
0,22,,,1.052093505859375,5.529785156250001,296.83593750000006,0.0010525,5.256054687500001,52.685,
0,22,,,1.052093505859375,5.529785156250001,297.01171875000006,0.0010084375,5.255078125000001,52.719,
0,22,,,1.0082244873046875,5.296630859375001,297.20703125000006,0.0010084375,5.255078125000001,52.753,
0,22,,,1.0532379150390625,5.53466796875,297.38281250000006,0.0010534375000000001,5.256640625,52.787,
0,22,,,1.0532379150390625,5.53466796875,297.578125,0.0010321875000000001,5.255859375,52.821,
0,22,,,1.0318756103515625,5.423583984375001,297.75390625000006,0.0010321875000000001,5.255859375,52.855,
0,22,,,1.032257080078125,5.426025390625,297.92968750000006,0.0010325,5.2564453125,52.889,
0,22,,,1.032257080078125,5.426025390625,298.12500000000006,0.0010540625,5.256054687500001,52.924,
0,22,,,1.0540008544921875,5.538330078125001,298.3203125,0.0010540625,5.256054687500001,52.958,
0,22,,,1.0730743408203125,5.6396484375,298.515625,0.0010734375000000002,5.2562500000000005,52.992,
0,22,,,1.0467529296875002,5.501708984375001,298.69140625000006,0.001046875,5.256054687500001,53.026,
0,22,,,1.0467529296875002,5.501708984375001,298.88671875000006,0.001046875,5.256054687500001,53.06,
0,22,,,1.068115234375,5.614013671875001,299.08203125000006,0.0010684375000000002,5.2556640625,53.094,
0,22,,,1.053619384765625,5.537109375000001,299.27734375000006,0.00105375,5.255859375,53.128,
0,22,,,1.053619384765625,5.537109375000001,299.47265625,0.00105375,5.255859375,53.162,
0,22,,,1.0639190673828127,5.592041015625,299.62890625000006,0.001064375,5.256054687500001,53.196,
0,22,,,1.0341644287109375,5.434570312500001,299.82421875000006,0.0010343750000000001,5.25546875,53.23,
0,22,,,1.0341644287109375,5.434570312500001,300.01953125,0.0010343750000000001,5.25546875,53.264,
0,22,,,1.0196685791015625,5.358886718750001,300.19531250000006,0.00102,5.256054687500001,53.298,
0,22,,,1.018524169921875,5.352783203125,300.37109375000006,0.0010187500000000001,5.25546875,53.332,
0,22,,,1.018524169921875,5.352783203125,300.54687500000006,0.0010187500000000001,5.25546875,53.366,
0,22,,,0.9883880615234376,5.194091796875001,300.72265625000006,0.0009884375000000002,5.2552734375000005,53.4,
0,22,,,1.03607177734375,5.445556640625001,300.91796875000006,0.00103625,5.2556640625,53.434,
0,22,,,1.03607177734375,5.445556640625001,301.09375000000006,0.00103625,5.2556640625,53.468,
0,22,,,1.0543823242187502,5.541992187500001,301.26953125,0.0010546875,5.256054687500001,53.502,
0,22,,,1.01318359375,5.323486328125001,301.46484375000006,0.0010131250000000001,5.255859375,53.536,
0,22,,,1.01318359375,5.323486328125001,301.64062500000006,0.0010131250000000001,5.255859375,53.57,
0,22,,,1.0204315185546875,5.361328125000001,301.81640625000006,0.001020625,5.255078125000001,53.604,
0,22,,,1.016998291015625,5.34423828125,301.9921875,0.0010171875,5.256054687500001,53.638,
0,22,,,1.016998291015625,5.34423828125,302.18750000000006,0.0010171875,5.256054687500001,53.672,
0,22,,,1.01165771484375,5.3173828125,302.36328125000006,0.0010118750000000002,5.2564453125,53.706,
0,22,,,1.013946533203125,5.328369140625001,302.55859375000006,0.0010140625,5.255859375,53.74,
0,22,,,1.013946533203125,5.328369140625001,302.734375,0.0010140625,5.255859375,53.774,
0,22,,,1.0334014892578127,5.430908203125001,302.91015625000006,0.0010337500000000002,5.255859375,53.808,
0,22,,,1.044464111328125,5.488281250000001,303.10546875000006,0.0010446875,5.25546875,53.842,
0,22,,,1.044464111328125,5.488281250000001,303.28125000000006,0.0010446875,5.25546875,53.876,
0,22,,,1.0311126708984375,5.41748046875,303.45703125,0.00103125,5.2556640625,53.91,
0,22,,,1.0082244873046875,5.299072265625001,303.65234375000006,0.0010084375,5.2556640625,53.944,
0,22,,,1.0082244873046875,5.299072265625001,303.82812500000006,0.0010084375,5.2564453125,53.979,
0,22,,,1.01776123046875,5.349121093750001,304.02343750000006,0.0010178125,5.2564453125,54.013,
0,22,,,1.0547637939453125,5.544433593750001,304.21875000000006,0.0010550000000000002,5.2562500000000005,54.047,
0,22,,,1.0547637939453125,5.544433593750001,304.39453125000006,0.0010550000000000002,5.2562500000000005,54.081,
0,22,,,1.062774658203125,5.584716796875,304.57031250000006,0.0010628125000000002,5.2562500000000005,54.115,
0,22,,,1.0478973388671875,5.506591796875001,304.76562500000006,0.001048125,5.255859375,54.149,
0,22,,,1.0478973388671875,5.506591796875001,304.94140625000006,0.0010184375,5.255859375,54.183,
0,22,,,1.0181427001953127,5.3515625,305.11718750000006,0.0010184375,5.255859375,54.217,
0,22,,,1.039886474609375,5.463867187500001,305.31250000000006,0.0010400000000000001,5.2552734375000005,54.25,
0,22,,,1.039886474609375,5.463867187500001,305.48828125000006,0.0010353125,5.256054687500001,54.284,
0,22,,,1.0353088378906252,5.440673828125001,305.68359375000006,0.0010353125,5.256054687500001,54.318,
0,22,,,1.0822296142578125,5.687255859375,305.87890625,0.0010821875,5.2564453125,54.352,
0,22,,,1.0822296142578125,5.687255859375,306.05468750000006,0.0010346875,5.255859375,54.386,
0,22,,,1.0345458984375,5.435791015625,306.25,0.0010346875,5.255859375,54.42,
0,22,,,1.026153564453125,5.391845703125001,306.42578125000006,0.00102625,5.25546875,54.454,
0,22,,,1.026153564453125,5.391845703125001,306.62109375,0.0010725,5.255859375,54.488,
0,22,,,1.0723114013671875,5.634765625000001,306.79687500000006,0.0010725,5.255859375,54.522,
0,22,,,1.052093505859375,5.528564453125001,306.99218750000006,0.0010521875000000002,5.2564453125,54.556,
0,22,,,1.052093505859375,5.528564453125001,307.18750000000006,0.00102625,5.2552734375000005,54.59,
0,22,,,1.026153564453125,5.391845703125001,307.36328125,0.00102625,5.2552734375000005,54.624,
0,22,,,1.043701171875,5.484619140625001,307.53906250000006,0.0010437500000000002,5.25546875,54.658,
0,22,,,1.059722900390625,5.568847656250001,307.73437500000006,0.0010600000000000002,5.2556640625,54.692,
0,22,,,1.059722900390625,5.568847656250001,307.92968750000006,0.0010600000000000002,5.2556640625,54.726,
0,22,,,1.0318756103515625,5.422363281250001,308.10546875,0.001031875,5.255859375,54.76,
0,22,,,1.056671142578125,5.552978515625001,308.28125000000006,0.001056875,5.255859375,54.794,
0,22,,,1.056671142578125,5.552978515625001,308.47656250000006,0.001056875,5.255859375,54.828,
0,22,,,1.0517120361328125,5.52734375,308.67187500000006,0.001051875,5.256054687500001,54.862,
0,22,,,1.0318756103515625,5.422363281250001,308.84765625000006,0.001031875,5.256054687500001,54.896,
0,22,,,1.0318756103515625,5.422363281250001,309.02343750000006,0.001031875,5.256054687500001,54.93,
0,22,,,1.0265350341796875,5.394287109375001,309.19921875000006,0.001026875,5.2562500000000005,54.964,
0,22,,,1.041412353515625,5.4736328125,309.39453125000006,0.0010415625000000002,5.2562500000000005,54.998,
0,22,,,1.041412353515625,5.4736328125,309.609375,0.0010415625000000002,5.2562500000000005,55.033,
0,22,,,1.0807037353515625,5.679931640625,309.78515625,0.0010809375,5.256640625,55.067,
0,22,,,1.0318756103515625,5.422363281250001,309.96093750000006,0.0010321875000000001,5.2552734375000005,55.101,
0,22,,,1.0318756103515625,5.422363281250001,310.15625,0.0010321875000000001,5.2552734375000005,55.134,
0,22,,,1.0425567626953125,5.478515625,310.33203125000006,0.0010428125000000001,5.25546875,55.168,
0,22,,,1.0227203369140625,5.375976562500001,310.52734375,0.0010231250000000002,5.256640625,55.202,
0,22,,,1.0227203369140625,5.375976562500001,310.72265625000006,0.0010231250000000002,5.256640625,55.236,
0,22,,,1.0349273681640625,5.439453125,310.87890625000006,0.0010353125,5.2568359375,55.27,
0,22,,,1.0276794433593752,5.402832031250001,311.07421875,0.0010281250000000002,5.256640625,55.304,
0,22,,,1.0276794433593752,5.402832031250001,311.25,0.0010281250000000002,5.256640625,55.338,
0,22,,,1.0532379150390625,5.53466796875,311.44531250000006,0.001053125,5.2562500000000005,55.372,
0,22,,,1.0467529296875002,5.502929687500001,311.62109375,0.001046875,5.256640625,55.406,
0,22,,,1.0467529296875002,5.502929687500001,311.81640625,0.001046875,5.256640625,55.441,
0,22,,,1.053619384765625,5.537109375000001,312.01171875,0.00105375,5.2564453125,55.475,
0,22,,,1.04827880859375,5.509033203125,312.20703125000006,0.0010484375,5.255859375,55.509,
0,22,,,1.04827880859375,5.509033203125,312.36328125000006,0.0010484375,5.255859375,55.542,
0,22,,,1.016998291015625,5.343017578125001,312.55859375000006,0.0010171875,5.2552734375000005,55.576,
0,22,,,1.0578155517578125,5.559082031250001,312.75390625000006,0.001058125,5.255859375,55.61,
0,22,,,1.0578155517578125,5.559082031250001,312.92968750000006,0.001058125,5.255859375,55.644,
0,22,,,1.059722900390625,5.570068359375,313.12500000000006,0.0010600000000000002,5.2564453125,55.678,
0,22,,,1.0696411132812502,5.621337890625001,313.30078125000006,0.0010696875000000001,5.256054687500001,55.712,
0,22,,,1.0696411132812502,5.621337890625001,313.49609375000006,0.0010696875000000001,5.256054687500001,55.746,
0,22,,,1.0410308837890627,5.469970703125,313.69140625,0.0010409375,5.256054687500001,55.78,
0,22,,,1.0822296142578125,5.6884765625,313.88671875000006,0.0010825000000000001,5.2564453125,55.814,
0,22,,,1.0822296142578125,5.6884765625,314.0625,0.0010825000000000001,5.2562500000000005,55.848,
0,22,,,1.01776123046875,5.349121093750001,314.23828125000006,0.0010181250000000001,5.2562500000000005,55.882,
0,22,,,1.0234832763671875,5.379638671875001,314.43359375,0.0010237500000000001,5.2556640625,55.916,
0,22,,,1.0234832763671875,5.379638671875001,314.60937500000006,0.00102125,5.25546875,55.95,
0,22,,,1.0211944580078125,5.366210937500001,314.78515625000006,0.00102125,5.25546875,55.984,
0,22,,,1.0280609130859375,5.401611328125,314.98046875,0.0010281250000000002,5.2556640625,56.018,
0,22,,,1.0280609130859375,5.401611328125,315.15625,0.0010271875,5.255859375,56.052,
0,22,,,1.02691650390625,5.396728515625001,315.35156250000006,0.0010271875,5.255859375,56.087,
0,22,,,1.0265350341796875,5.394287109375001,315.52734375,0.0010265625000000001,5.256054687500001,56.121,
0,22,,,1.0265350341796875,5.394287109375001,315.68359375000006,0.0010118750000000002,5.255859375,56.155,
0,22,,,1.01165771484375,5.3173828125,315.8984375,0.0010118750000000002,5.255859375,56.189,
0,22,,,1.0620117187500002,5.582275390625001,316.07421875000006,0.0010621875,5.2562500000000005,56.223,
0,22,,,1.0620117187500002,5.582275390625001,316.26953125000006,0.0010450000000000001,5.2562500000000005,56.257,
0,22,,,1.0448455810546877,5.490722656250001,316.4453125,0.0010450000000000001,5.2562500000000005,56.291,
0,22,,,1.0631561279296875,5.587158203125001,316.640625,0.0010634375000000001,5.2556640625,56.325,
0,22,,,1.0631561279296875,5.587158203125001,316.81640625000006,0.0010287500000000002,5.2562500000000005,56.359,
0,22,,,1.0284423828125,5.4052734375,317.01171875000006,0.0010287500000000002,5.2562500000000005,56.392,
0,22,,,1.059722900390625,5.570068359375,317.1875,0.0010600000000000002,5.2564453125,56.426,
0,22,,,1.064300537109375,5.594482421875001,317.3828125,0.0010646875,5.2562500000000005,56.46,
0,22,,,1.064300537109375,5.594482421875001,317.57812500000006,0.0010646875,5.2562500000000005,56.494,
0,22,,,1.03759765625,5.451660156250001,317.77343750000006,0.0010375,5.25546875,56.528,
0,22,,,1.0631561279296875,5.587158203125001,317.94921875000006,0.001063125,5.2562500000000005,56.562,
0,22,,,1.0631561279296875,5.587158203125001,318.12500000000006,0.001063125,5.2562500000000005,56.596,
0,22,,,1.00250244140625,5.269775390625001,318.32031250000006,0.0010028125,5.256054687500001,56.63,
0,22,,,1.0620117187500002,5.581054687500001,318.49609375000006,0.0010621875,5.2564453125,56.664,
0,22,,,1.0620117187500002,5.581054687500001,318.69140625000006,0.0010621875,5.2564453125,56.698,
0,22,,,1.0314941406250002,5.422363281250001,318.84765625,0.001031875,5.2562500000000005,56.732,
0,22,,,1.0250091552734375,5.386962890625,319.04296875000006,0.001025,5.2562500000000005,56.766,
0,22,,,1.0250091552734375,5.386962890625,319.23828125000006,0.001025,5.2562500000000005,56.8,
0,22,,,1.0417938232421875,5.4736328125,319.41406250000006,0.001041875,5.2556640625,56.834,
0,22,,,1.03607177734375,5.445556640625001,319.58984375000006,0.0010365625000000002,5.255859375,56.868,
0,22,,,1.03607177734375,5.445556640625001,319.78515625000006,0.0010365625000000002,5.255859375,56.902,
0,22,,,1.033782958984375,5.433349609375001,319.98046875000006,0.0010340625,5.25546875,56.936,
0,22,,,1.0696411132812502,5.62255859375,320.17578125000006,0.0010696875000000001,5.256640625,56.97,
0,22,,,1.0696411132812502,5.62255859375,320.33203125000006,0.0010696875000000001,5.256640625,57.004,
0,22,,,1.0448455810546877,5.489501953125001,320.52734375,0.0010450000000000001,5.25546875,57.038,
0,22,,,1.0345458984375,5.435791015625,320.72265625000006,0.0010346875,5.25546875,57.072,
0,22,,,1.0345458984375,5.435791015625,320.91796875000006,0.0010346875,5.25546875,57.106,
0,22,,,1.0581970214843752,5.560302734375001,321.09375,0.0010584375000000001,5.255859375,57.141,
0,22,,,1.0143280029296877,5.330810546875001,321.2890625,0.0010146875000000002,5.2552734375000005,57.175,
0,22,,,1.0143280029296877,5.330810546875001,321.46484375000006,0.0010146875000000002,5.2552734375000005,57.209,
0,22,,,1.07269287109375,5.638427734375001,321.66015625000006,0.001073125,5.256640625,57.243,
0,22,,,1.0463714599609375,5.499267578125001,321.83593750000006,0.0010465625000000002,5.2568359375,57.277,
0,22,,,1.0463714599609375,5.499267578125001,322.03125000000006,0.0010465625000000002,5.2568359375,57.311,
0,22,,,1.047515869140625,5.50537109375,322.20703125000006,0.0010475,5.2568359375,57.345,
0,22,,,1.0364532470703125,5.447998046875,322.40234375000006,0.001036875,5.2562500000000005,57.379,
0,22,,,1.0364532470703125,5.447998046875,322.59765625000006,0.001036875,5.2562500000000005,57.413,
0,22,,,1.0616302490234375,5.579833984375001,322.77343750000006,0.001061875,5.2564453125,57.447,
0,22,,,1.0189056396484375,5.354003906250001,322.94921875000006,0.0010190625,5.2552734375000005,57.48,
0,22,,,1.0189056396484375,5.354003906250001,323.12500000000006,0.0010190625,5.2556640625,57.514,
0,22,,,1.0250091552734375,5.386962890625,323.32031250000006,0.0010253125000000002,5.2556640625,57.548,
0,22,,,1.032257080078125,5.424804687500001,323.51562500000006,0.0010325,5.256054687500001,57.582,
0,22,,,1.032257080078125,5.424804687500001,323.69140625000006,0.0010325,5.2564453125,57.616,
0,22,,,1.0925292968750002,5.742187500000001,323.88671875000006,0.0010928125,5.2564453125,57.65,
0,22,,,1.0478973388671875,5.506591796875001,324.08203125000006,0.0010478125000000001,5.256054687500001,57.684,
0,22,,,1.0478973388671875,5.506591796875001,324.2578125,0.0010396875,5.257031250000001,57.718,
0,22,,,1.0395050048828125,5.463867187500001,324.43359375,0.0010396875,5.257031250000001,57.752,
0,22,,,1.029205322265625,5.408935546875,324.62890625000006,0.0010293750000000001,5.2564453125,57.786,
0,22,,,1.029205322265625,5.408935546875,324.8046875,0.0010493750000000002,5.2562500000000005,57.82,
0,22,,,1.049041748046875,5.513916015625001,325.0,0.0010493750000000002,5.2562500000000005,57.854,
0,22,,,1.0478973388671875,5.507812500000001,325.17578125,0.001048125,5.2562500000000005,57.888,
0,22,,,1.0478973388671875,5.507812500000001,325.37109375000006,0.0010578125000000002,5.256640625,57.922,
0,22,,,1.05743408203125,5.559082031250001,325.56640625000006,0.0010578125000000002,5.256640625,57.956,
0,22,,,1.0887145996093752,5.723876953125001,325.76171875000006,0.0010890625000000002,5.256640625,57.99,
0,22,,,1.0887145996093752,5.723876953125001,325.95703125000006,0.0010509375,5.2564453125,58.024,
0,22,,,1.0509490966796875,5.523681640625,326.11328125000006,0.0010509375,5.2564453125,58.058,
0,22,,,1.0227203369140625,5.374755859375,326.30859375000006,0.0010231250000000002,5.25546875,58.092,
0,22,,,1.0227203369140625,5.374755859375,326.50390625000006,0.0010606250000000002,5.256054687500001,58.126,
0,22,,,1.06048583984375,5.572509765625001,326.67968750000006,0.0010606250000000002,5.256054687500001,58.16,
0,22,,,1.0135650634765625,5.327148437500001,326.85546875000006,0.0010140625,5.256054687500001,58.195,
0,22,,,1.04827880859375,5.510253906250001,327.05078125000006,0.00104875,5.2562500000000005,58.229,
0,22,,,1.04827880859375,5.510253906250001,327.22656250000006,0.00104875,5.2562500000000005,58.263,
0,22,,,1.0284423828125,5.4052734375,327.42187500000006,0.0010287500000000002,5.2564453125,58.297,
0,22,,,1.055908203125,5.549316406250001,327.6171875,0.0010559375,5.2564453125,58.331,
0,22,,,1.055908203125,5.549316406250001,327.79296875000006,0.0010559375,5.2564453125,58.365,
0,22,,,0.99945068359375,5.252685546875,327.96875000000006,0.0009996875000000001,5.2556640625,58.399,
0,22,,,1.00555419921875,5.285644531250001,328.14453125000006,0.0010059375,5.2552734375000005,58.433,
0,22,,,1.00555419921875,5.285644531250001,328.33984375,0.0010059375,5.2552734375000005,58.467,
0,22,,,1.045989990234375,5.496826171875,328.51562500000006,0.00104625,5.25546875,58.501,
0,22,,,1.03759765625,5.452880859375001,328.69140625000006,0.0010375,5.2564453125,58.535,
0,22,,,1.03759765625,5.452880859375001,328.88671875000006,0.0010375,5.2564453125,58.569,
0,22,,,1.0517120361328125,5.52734375,329.08203125,0.001051875,5.2564453125,58.603,
0,22,,,1.0921478271484375,5.740966796875,329.27734375000006,0.0010921875,5.2568359375,58.637,
0,22,,,1.0921478271484375,5.740966796875,329.45312500000006,0.0010921875,5.2568359375,58.671,
0,22,,,1.0410308837890627,5.471191406250001,329.64843750000006,0.0010409375,5.2562500000000005,58.705,
0,22,,,1.0372161865234377,5.450439453125001,329.82421875,0.0010375,5.256054687500001,58.739,
0,22,,,1.0372161865234377,5.450439453125001,330.01953125000006,0.0010375,5.256054687500001,58.773,
0,22,,,1.0456085205078125,5.494384765625001,330.19531250000006,0.0010456250000000001,5.25546875,58.807,
0,22,,,1.0585784912109375,5.563964843750001,330.39062500000006,0.00105875,5.2564453125,58.84,
0,22,,,1.0585784912109375,5.563964843750001,330.58593750000006,0.00105875,5.2564453125,58.874,
0,22,,,1.0772705078125002,5.66162109375,330.78125,0.0010775000000000001,5.255859375,58.908,
0,22,,,1.0601043701171877,5.571289062500001,330.95703125000006,0.0010603125,5.256054687500001,58.942,
0,22,,,1.0601043701171877,5.571289062500001,331.13281250000006,0.0010603125,5.256054687500001,58.976,
0,22,,,1.0242462158203125,5.382080078125,331.32812500000006,0.0010243750000000001,5.25546875,59.01,
0,22,,,1.0295867919921877,5.411376953125001,331.50390625000006,0.00103,5.25546875,59.044,
0,22,,,1.0295867919921877,5.411376953125001,331.67968750000006,0.00103,5.25546875,59.078,
0,22,,,1.0288238525390625,5.406494140625001,331.87500000000006,0.0010290625,5.2556640625,59.112,
0,22,,,1.0494232177734375,5.516357421875001,332.0703125,0.0010496875,5.2562500000000005,59.146,
0,22,,,1.0494232177734375,5.516357421875001,332.24609375,0.0010496875,5.2562500000000005,59.18,
0,22,,,1.038360595703125,5.45654296875,332.44140625000006,0.0010384375,5.25546875,59.214,
0,22,,,1.0650634765625,5.599365234375001,332.6171875,0.0010653125,5.256640625,59.249,
0,22,,,1.0650634765625,5.599365234375001,332.8125,0.0010653125,5.255859375,59.283,
0,22,,,1.0219573974609377,5.369873046875001,332.98828125,0.0010221875,5.255859375,59.317,
0,22,,,1.0219573974609377,5.369873046875001,333.18359375000006,0.0010221875,5.255078125000001,59.351,
0,22,,,1.0219573974609377,5.369873046875001,333.37890625000006,0.0010650000000000002,5.2562500000000005,59.385,
0,22,,,1.0646820068359375,5.595703125,333.53515625,0.0010650000000000002,5.2562500000000005,59.419,
0,22,,,1.0406494140625,5.469970703125,333.73046875,0.0010409375,5.2556640625,59.453,
0,22,,,1.0406494140625,5.469970703125,333.92578125000006,0.0010696875000000001,5.256054687500001,59.487,
0,22,,,1.0696411132812502,5.620117187500001,334.12109375000006,0.0010696875000000001,5.256054687500001,59.521,
0,22,,,1.055145263671875,5.544433593750001,334.29687500000006,0.0010550000000000002,5.256054687500001,59.555,
0,22,,,1.055145263671875,5.544433593750001,334.47265625,0.0010315625000000001,5.256054687500001,59.589,
0,22,,,1.0314941406250002,5.421142578125001,334.66796875000006,0.0010315625000000001,5.256054687500001,59.623,
0,22,,,1.043701171875,5.485839843750001,334.86328125000006,0.0010440625,5.256640625,59.657,
0,22,,,1.043701171875,5.485839843750001,335.01953125000006,0.0010071875,5.25546875,59.691,
0,22,,,1.007080078125,5.292968750000001,335.21484375000006,0.0010071875,5.25546875,59.725,
0,22,,,1.049041748046875,5.512695312500001,335.41015625000006,0.0010490625,5.2564453125,59.759,
0,22,,,1.049041748046875,5.512695312500001,335.58593750000006,0.0010500000000000002,5.255859375,59.793,
0,22,,,1.0498046875,5.517578125,335.78125000000006,0.0010500000000000002,5.255859375,59.827,
0,22,,,1.0314941406250002,5.421142578125001,335.95703125000006,0.0010315625000000001,5.2564453125,59.861,
0,22,,,1.0314941406250002,5.582275390625001,336.15234375,0.0010625,5.2562500000000005,59.895,
0,22,,,1.0623931884765625,5.582275390625001,336.34765625000006,0.0010625,5.2562500000000005,59.929,
0,22,,,1.0532379150390625,5.535888671875,336.5234375,0.0010534375000000001,5.2562500000000005,59.963,
0,22,,,1.0082244873046875,5.299072265625001,336.69921875000006,0.0010084375,5.255859375,59.997,
0,22,,,1.0082244873046875,5.299072265625001,336.87500000000006,0.0010084375,5.255859375,60.032,
0,22,,,1.041412353515625,5.4736328125,337.08984375000006,0.0010415625000000002,5.255859375,60.067,
0,22,,,1.0334014892578127,5.430908203125001,337.28515625000006,0.0010334375,5.255859375,60.102,
0,22,,,1.0334014892578127,5.430908203125001,337.46093750000006,0.0010334375,5.255859375,60.136,
0,22,,,1.0585784912109375,5.563964843750001,337.63671875,0.00105875,5.256054687500001,60.17,
0,22,,,1.0498046875,5.517578125,337.83203125000006,0.0010500000000000002,5.256054687500001,60.204,
0,22,,,1.0498046875,5.517578125,338.02734375000006,0.0010500000000000002,5.256054687500001,60.238,
0,22,,,1.0555267333984375,5.546875000000001,338.20312500000006,0.0010556250000000001,5.2556640625,60.272,
0,22,,,1.01165771484375,5.314941406250001,338.37890625,0.0010115625,5.2552734375000005,60.306,
0,22,,,1.01165771484375,5.314941406250001,338.57421875000006,0.0010115625,5.2552734375000005,60.34,
0,22,,,1.0074615478515625,5.292968750000001,338.75000000000006,0.0010075000000000001,5.255078125000001,60.374,
0,22,,,1.0463714599609375,5.498046875000001,338.94531250000006,0.0010465625000000002,5.25546875,60.408,
0,22,,,1.0463714599609375,5.498046875000001,339.1015625,0.0010465625000000002,5.25546875,60.442,
0,22,,,1.0250091552734375,5.386962890625,339.29687500000006,0.0010253125000000002,5.25546875,60.476,
0,22,,,1.0356903076171875,5.441894531250001,339.49218750000006,0.001035625,5.25546875,60.51,
0,22,,,1.0356903076171875,5.441894531250001,339.66796875000006,0.001035625,5.25546875,60.544,
0,22,,,1.053619384765625,5.537109375000001,339.86328125000006,0.00105375,5.25546875,60.578,
0,22,,,1.0669708251953125,5.606689453125001,340.03906250000006,0.0010668750000000001,5.2562500000000005,60.612,
0,22,,,1.0669708251953125,5.606689453125001,340.23437500000006,0.0010668750000000001,5.255078125000001,60.646,
0,22,,,1.0242462158203125,5.380859375000001,340.41015625000006,0.0010243750000000001,5.255078125000001,60.68,
0,22,,,1.0341644287109375,5.435791015625,340.60546875000006,0.0010343750000000001,5.256054687500001,60.714,
0,22,,,1.0341644287109375,5.435791015625,340.78125000000006,0.0010343750000000001,5.25546875,60.748,
0,22,,,1.0204315185546875,5.361328125000001,340.95703125000006,0.0010203125000000002,5.25546875,60.782,
0,22,,,1.0044097900390625,5.279541015625,341.15234375000006,0.0010046875000000002,5.256054687500001,60.816,
0,22,,,1.0044097900390625,5.279541015625,341.34765625,0.0010578125000000002,5.255859375,60.85,
0,22,,,1.0578155517578125,5.557861328125,341.50390625000006,0.0010578125000000002,5.255859375,60.884,
0,22,,,1.03607177734375,5.445556640625001,341.69921875000006,0.00103625,5.255859375,60.918,
0,22,,,1.03607177734375,5.445556640625001,341.89453125,0.0010934375,5.2564453125,60.952,
0,22,,,1.093292236328125,5.747070312500001,342.08984375,0.0010934375,5.2564453125,60.986,
0,22,,,1.0211944580078125,5.366210937500001,342.265625,0.00102125,5.255859375,61.02,
0,22,,,1.0211944580078125,5.366210937500001,342.44140625000006,0.0010371875000000001,5.2556640625,61.054,
0,22,,,1.036834716796875,5.449218750000001,342.63671875000006,0.0010371875000000001,5.2556640625,61.088,
0,22,,,1.0364532470703125,5.446777343750001,342.8125,0.0010365625000000002,5.25546875,61.122,
0,22,,,1.0364532470703125,5.446777343750001,343.0078125,0.0010343750000000001,5.255859375,61.156,
0,22,,,1.0341644287109375,5.434570312500001,343.18359375000006,0.0010343750000000001,5.255859375,61.19,
0,22,,,1.0166168212890625,5.343017578125001,343.359375,0.001016875,5.2556640625,61.224,
0,22,,,1.0166168212890625,5.343017578125001,343.5546875,0.00105125,5.2564453125,61.258,
0,22,,,1.0509490966796875,5.523681640625,343.75,0.00105125,5.2564453125,61.292,
0,22,,,1.021575927734375,5.368652343750001,343.90625000000006,0.001021875,5.256054687500001,61.326,
0,22,,,1.021575927734375,5.626220703125,344.10156250000006,0.0010706250000000002,5.256640625,61.36,
0,22,,,1.070404052734375,5.626220703125,344.29687500000006,0.0010706250000000002,5.256640625,61.394,
0,22,,,1.033782958984375,5.43212890625,344.47265625,0.0010337500000000002,5.255859375,61.428,
0,22,,,1.0158538818359375,5.336914062500001,344.66796875000006,0.0010159375000000001,5.25546875,61.462,
0,22,,,1.0158538818359375,5.336914062500001,344.84375000000006,0.0010159375000000001,5.25546875,61.496,
0,22,,,1.05743408203125,5.557861328125,345.01953125,0.0010578125000000002,5.256054687500001,61.53,
0,22,,,0.988006591796875,5.191650390625,345.21484375,0.000988125,5.25546875,61.564,
0,22,,,0.988006591796875,5.191650390625,345.39062500000006,0.000988125,5.25546875,61.598,
0,22,,,1.0429382324218752,5.482177734375001,345.56640625000006,0.0010434375,5.256054687500001,61.632,
0,22,,,1.01318359375,5.324707031250001,345.7421875,0.0010134375,5.255078125000001,61.666,
0,22,,,1.01318359375,5.324707031250001,345.9375,0.0010134375,5.255078125000001,61.7,
0,22,,,1.0311126708984375,5.41748046875,346.13281250000006,0.00103125,5.2556640625,61.734,
0,22,,,1.03607177734375,5.445556640625001,346.30859375000006,0.00103625,5.256640625,61.768,
0,22,,,1.03607177734375,5.445556640625001,346.484375,0.00103625,5.256640625,61.802,
0,22,,,1.0372161865234377,5.451660156250001,346.6796875,0.0010375,5.2562500000000005,61.836,
0,22,,,1.02996826171875,5.41259765625,346.85546875000006,0.00103,5.2562500000000005,61.87,
0,22,,,1.02996826171875,5.41259765625,347.05078125000006,0.00103,5.2562500000000005,61.904,
0,22,,,1.029205322265625,5.408935546875,347.22656250000006,0.0010293750000000001,5.2562500000000005,61.938,
0,22,,,1.0463714599609375,5.50048828125,347.40234375,0.0010465625000000002,5.2572265625000005,61.972,
0,22,,,1.0463714599609375,5.50048828125,347.59765625000006,0.0010465625000000002,5.2572265625000005,62.006,
0,22,,,1.0379791259765625,5.455322265625001,347.79296875000006,0.001038125,5.256640625,62.04,
0,22,,,1.0234832763671875,5.380859375000001,347.96875000000006,0.0010237500000000001,5.2568359375,62.074,
0,22,,,1.0234832763671875,5.380859375000001,348.14453125,0.0010237500000000001,5.2568359375,62.108,
0,22,,,1.018524169921875,5.354003906250001,348.32031250000006,0.0010187500000000001,5.256640625,62.142,
0,22,,,1.0162353515625002,5.340576171875,348.51562500000006,0.00101625,5.2562500000000005,62.176,
0,22,,,1.0162353515625002,5.340576171875,348.69140625000006,0.00101625,5.2562500000000005,62.21,
0,22,,,1.0326385498046875,5.427246093750001,348.8671875,0.0010328125,5.2564453125,62.244,
0,22,,,1.0166168212890625,5.343017578125001,349.04296875000006,0.001016875,5.25546875,62.278,
0,22,,,1.0166168212890625,5.343017578125001,349.25781250000006,0.001016875,5.25546875,62.312,
0,22,,,1.2805938720703127,6.72119140625,349.55078125000006,0.0012809375000000002,5.251953125,62.346,
0,23,,,0.9830474853515625,5.16845703125,350.68359375,0.0009834375000000002,5.257421875,62.505,
0,23,,,1.5041351318359375,7.888183593750001,351.03515625000006,0.001504375,5.2474609375000005,62.54,
0,23,,,2.148818969726563,11.246337890625002,351.42578125000006,0.0021490625000000004,5.235546875000001,62.574,
0,23,,,2.148818969726563,11.246337890625002,351.71875000000006,0.0021490625000000004,5.235546875000001,62.608,
0,23,,,1.7742156982421875,9.295654296875,351.95312500000006,0.0017740625000000002,5.2439453125,62.642,
0,23,,,1.0532379150390625,5.535888671875,352.16796875000006,0.0010534375000000001,5.2562500000000005,62.676,
0,23,,,1.0532379150390625,5.535888671875,352.34375,0.0010534375000000001,5.2562500000000005,62.71,
0,23,,,1.0578155517578125,5.559082031250001,352.5390625,0.0010578125000000002,5.2564453125,62.744,
0,23,,,1.0238647460937502,5.380859375000001,352.71484375000006,0.0010240625,5.255859375,62.778,
0,23,,,1.0238647460937502,5.380859375000001,352.91015625000006,0.0010240625,5.255859375,62.812,
0,23,,,1.0524749755859377,5.531005859375,353.08593750000006,0.0010528125000000001,5.255859375,62.846,
0,23,,,1.0406494140625,5.467529296875001,353.28125000000006,0.001040625,5.2552734375000005,62.88,
0,23,,,1.0406494140625,5.467529296875001,353.45703125000006,0.001040625,5.2552734375000005,62.914,
0,23,,,1.0204315185546875,5.361328125000001,353.63281250000006,0.001020625,5.255078125000001,62.948,
0,23,,,1.0318756103515625,5.423583984375001,353.82812500000006,0.0010321875000000001,5.2562500000000005,62.982,
0,23,,,1.0318756103515625,5.423583984375001,354.00390625,0.0010321875000000001,5.2562500000000005,63.016,
0,23,,,1.0463714599609375,5.499267578125001,354.17968750000006,0.0010465625000000002,5.256054687500001,63.05,
0,23,,,1.0478973388671875,5.506591796875001,354.37500000000006,0.001048125,5.255859375,63.084,
0,23,,,1.0478973388671875,5.506591796875001,354.57031250000006,0.001048125,5.255859375,63.118,
0,23,,,1.16424560546875,6.109619140625001,354.98046875,0.001164375,5.251953125,63.152,
0,23,,,2.4211883544921875,12.684326171875004,355.37109375000006,0.0024215625,5.2392578125,63.186,
0,23,,,2.4211883544921875,12.684326171875004,355.56640625,0.0024215625,5.2392578125,63.22,
0,23,,,1.2115478515625,6.361083984375001,355.74218750000006,0.0012115625000000002,5.2537109375,63.254,
0,23,,,1.015472412109375,5.336914062500001,355.9375,0.0010159375000000001,5.2562500000000005,63.288,
0,23,,,1.015472412109375,5.336914062500001,356.11328125000006,0.0010159375000000001,5.2562500000000005,63.322,
0,23,,,1.0406494140625,5.468750000000001,356.28906250000006,0.0010409375,5.255859375,63.356,
0,23,,,1.044464111328125,5.489501953125001,356.484375,0.0010443750000000002,5.2568359375,63.39,
0,23,,,1.044464111328125,5.489501953125001,356.66015625,0.0010443750000000002,5.2568359375,63.424,
0,23,,,1.030731201171875,5.41748046875,356.85546875000006,0.0010309375000000002,5.2556640625,63.458,
0,23,,,1.0517120361328125,5.528564453125001,357.03125,0.0010521875000000002,5.2568359375,63.492,
0,23,,,1.0517120361328125,5.528564453125001,357.2265625,0.0010521875000000002,5.2556640625,63.526,
0,23,,,1.0326385498046875,5.426025390625,357.40234375,0.0010325,5.2556640625,63.56,
0,23,,,1.0372161865234377,5.451660156250001,357.59765625000006,0.0010375,5.2556640625,63.594,
0,23,,,1.0372161865234377,5.451660156250001,357.79296875000006,0.0010559375,5.2568359375,63.628,
0,23,,,1.0555267333984375,5.549316406250001,357.94921875,0.0010559375,5.2568359375,63.662,
0,23,,,1.044464111328125,5.488281250000001,358.14453125,0.0010443750000000002,5.2564453125,63.696,
0,23,,,1.044464111328125,5.488281250000001,358.33984375000006,0.0010131250000000001,5.2556640625,63.73,
0,23,,,1.0128021240234375,5.323486328125001,358.51562500000006,0.0010131250000000001,5.2556640625,63.764,
0,23,,,1.056671142578125,5.552978515625001,358.69140625,0.001056875,5.256054687500001,63.798,
0,23,,,1.056671142578125,5.552978515625001,358.88671875,0.0010606250000000002,5.2556640625,63.832,
0,23,,,1.06048583984375,5.572509765625001,359.08203125000006,0.0010606250000000002,5.2556640625,63.866,
0,23,,,1.055908203125,5.550537109375001,359.27734375000006,0.0010562500000000001,5.255859375,63.9,
0,23,,,1.055908203125,5.550537109375001,359.43359375000006,0.0010096875000000002,5.255078125000001,63.934,
0,23,,,1.0097503662109375,5.305175781250001,359.62890625000006,0.0010096875000000002,5.255078125000001,63.968,
0,23,,,1.0463714599609375,5.498046875000001,359.82421875000006,0.00104625,5.25546875,64.002,
0,23,,,1.0463714599609375,5.498046875000001,360.01953125000006,0.0010506250000000001,5.2556640625,64.036,
0,23,,,1.0501861572265625,5.520019531250001,360.19531250000006,0.0010506250000000001,5.2556640625,64.07,
0,23,,,1.0387420654296875,5.457763671875001,360.37109375000006,0.0010387500000000002,5.2556640625,64.104,
0,23,,,1.0387420654296875,5.509033203125,360.56640625,0.0010484375,5.255859375,64.138,
0,23,,,1.04827880859375,5.509033203125,360.74218750000006,0.0010484375,5.255859375,64.172,
0,23,,,1.0219573974609377,5.37109375,360.9375,0.0010221875,5.2562500000000005,64.206,
0,23,,,1.021575927734375,5.368652343750001,361.09375000000006,0.001021875,5.256054687500001,64.24,
0,23,,,1.021575927734375,5.368652343750001,361.28906250000006,0.001021875,5.256054687500001,64.274,
0,23,,,1.04522705078125,5.4931640625,361.48437500000006,0.0010456250000000001,5.2552734375000005,64.308,
0,23,,,1.07421875,5.645751953125,361.67968750000006,0.001074375,5.2562500000000005,64.342,
0,23,,,1.07421875,5.645751953125,361.85546875,0.001074375,5.2562500000000005,64.376,
0,23,,,1.049041748046875,5.512695312500001,362.05078125,0.0010490625,5.256054687500001,64.41,
0,23,,,1.033782958984375,5.434570312500001,362.22656250000006,0.0010340625,5.2564453125,64.444,
0,23,,,1.033782958984375,5.434570312500001,362.44140625000006,0.0010340625,5.2564453125,64.478,
0,23,,,1.0925292968750002,5.743408203125001,362.61718750000006,0.0010928125,5.2572265625000005,64.512,
0,23,,,1.030731201171875,5.418701171875001,362.79296875,0.0010309375000000002,5.2564453125,64.546,
0,23,,,1.030731201171875,5.418701171875001,362.98828125000006,0.0010309375000000002,5.2564453125,64.58,
0,23,,,1.0219573974609377,5.369873046875001,363.16406250000006,0.001021875,5.2564453125,64.614,
0,23,,,1.01470947265625,5.333251953125001,363.33984375000006,0.0010146875000000002,5.2568359375,64.649,
0,23,,,1.01470947265625,5.333251953125001,363.53515625000006,0.0010146875000000002,5.2568359375,64.683,
0,23,,,1.0288238525390625,5.407714843750001,363.71093750000006,0.0010290625,5.255859375,64.717,
0,23,,,1.0265350341796875,5.3955078125,363.88671875000006,0.001026875,5.2562500000000005,64.751,
0,23,,,1.0265350341796875,5.3955078125,364.08203125000006,0.001026875,5.2562500000000005,64.784,
0,23,,,1.0471343994140625,5.502929687500001,364.27734375000006,0.0010471875000000002,5.2568359375,64.818,
0,23,,,1.036834716796875,5.450439453125001,364.43359375000006,0.0010371875000000001,5.2568359375,64.853,
0,23,,,1.036834716796875,5.450439453125001,364.62890625000006,0.0010371875000000001,5.2568359375,64.887,
0,23,,,0.9960174560546876,5.234375,364.80468750000006,0.0009962500000000002,5.2552734375000005,64.921,
0,23,,,1.0448455810546877,5.491943359375001,365.00000000000006,0.0010453125,5.2564453125,64.955,
0,23,,,1.0448455810546877,5.491943359375001,365.17578125000006,0.0010453125,5.2564453125,64.989,
0,23,,,0.9998321533203126,5.253906250000001,365.35156250000006,0.0009996875000000001,5.255859375,65.023,
0,23,,,1.0528564453125,5.533447265625001,365.54687500000006,0.001053125,5.256054687500001,65.057,
0,23,,,1.0528564453125,5.533447265625001,365.72265625,0.001053125,5.256054687500001,65.091,
0,23,,,1.0303497314453125,5.415039062500001,365.91796875000006,0.001030625,5.255859375,65.125,
0,23,,,1.0578155517578125,5.560302734375001,366.09375000000006,0.001058125,5.257031250000001,65.158,
0,23,,,1.0578155517578125,5.560302734375001,366.28906250000006,0.001058125,5.2552734375000005,65.192,
0,23,,,1.0345458984375,5.437011718750001,366.46484375000006,0.0010346875,5.2552734375000005,65.226,
0,23,,,1.0314941406250002,5.421142578125001,366.66015625000006,0.001031875,5.2552734375000005,65.26,
0,23,,,1.0314941406250002,5.421142578125001,366.81640625000006,0.001031875,5.2556640625,65.294,
0,23,,,1.0162353515625002,5.341796875000001,367.01171875000006,0.0010165625,5.2556640625,65.328,
0,23,,,1.059722900390625,5.570068359375,367.20703125000006,0.0010600000000000002,5.255859375,65.362,
0,23,,,1.059722900390625,5.570068359375,367.40234375,0.0010415625000000002,5.255859375,65.396,
0,23,,,1.041412353515625,5.472412109375001,367.55859375000006,0.0010415625000000002,5.255859375,65.43,
0,23,,,1.02081298828125,5.366210937500001,367.75390625000006,0.00102125,5.256054687500001,65.464,
0,23,,,1.02081298828125,5.366210937500001,367.94921875000006,0.001059375,5.2556640625,65.498,
0,23,,,1.0589599609375,5.565185546875,368.14453125,0.001059375,5.2556640625,65.532,
0,23,,,1.0723114013671875,5.635986328125001,368.33984375000006,0.0010725,5.256640625,65.566,
0,23,,,1.0723114013671875,5.635986328125001,368.49609375000006,0.00102625,5.255859375,65.6,
0,23,,,1.026153564453125,5.393066406250001,368.69140625,0.00102625,5.255859375,65.634,
0,23,,,1.0234832763671875,5.37841796875,368.8671875,0.0010237500000000001,5.25546875,65.668,
0,23,,,1.0234832763671875,5.37841796875,369.06250000000006,0.0010415625000000002,5.2562500000000005,65.703,
0,23,,,1.041412353515625,5.4736328125,369.25781250000006,0.0010415625000000002,5.2562500000000005,65.737,
0,23,,,1.0387420654296875,5.460205078125001,369.43359375,0.0010390625,5.255859375,65.771,
0,23,,,1.061248779296875,5.57861328125,369.62890625,0.0010615625,5.256054687500001,65.805,
0,23,,,1.061248779296875,5.57861328125,369.80468750000006,0.0010615625,5.256054687500001,65.839,
0,23,,,1.0463714599609375,5.499267578125001,370.00000000000006,0.0010465625000000002,5.256054687500001,65.873,
0,23,,,1.0547637939453125,5.543212890625001,370.17578125000006,0.0010550000000000002,5.2556640625,65.907,
0,23,,,1.0547637939453125,5.543212890625001,370.37109375000006,0.0010550000000000002,5.2556640625,65.941,
0,23,,,1.039886474609375,5.465087890625001,370.54687500000006,0.0010400000000000001,5.2564453125,65.975,
0,23,,,1.0135650634765625,5.325927734375,370.74218750000006,0.0010137500000000001,5.2556640625,66.009,
0,23,,,1.0135650634765625,5.325927734375,370.91796875000006,0.0010137500000000001,5.2556640625,66.043,
0,23,,,1.0562896728515627,5.550537109375001,371.09375,0.0010562500000000001,5.2556640625,66.077,
0,23,,,1.04827880859375,5.509033203125,371.28906250000006,0.0010484375,5.256640625,66.111,
0,23,,,1.04827880859375,5.509033203125,371.48437500000006,0.0010484375,5.256640625,66.145,
0,23,,,1.0257720947265627,5.389404296875001,371.66015625000006,0.0010259375000000002,5.2552734375000005,66.179,
0,23,,,1.025390625,5.389404296875001,371.83593750000006,0.001025625,5.256054687500001,66.213,
0,23,,,1.025390625,5.389404296875001,372.03125000000006,0.001025625,5.256054687500001,66.247,
0,23,,,1.0852813720703125,5.704345703125001,372.22656250000006,0.001085625,5.2564453125,66.281,
0,23,,,1.0234832763671875,5.379638671875001,372.40234375000006,0.0010237500000000001,5.255859375,66.315,
0,23,,,1.0234832763671875,5.379638671875001,372.57812500000006,0.0010237500000000001,5.255859375,66.349,
0,23,,,1.0509490966796875,5.522460937500001,372.7734375,0.00105125,5.2556640625,66.383,
0,23,,,1.0707855224609375,5.62744140625,372.96875000000006,0.0010709375,5.256054687500001,66.417,
0,23,,,1.0707855224609375,5.62744140625,373.16406250000006,0.0010709375,5.256054687500001,66.45,
0,23,,,1.0334014892578127,5.43212890625,373.32031250000006,0.0010337500000000002,5.256054687500001,66.484,
0,23,,,1.0353088378906252,5.440673828125001,373.515625,0.001035625,5.2556640625,66.518,
0,23,,,1.0353088378906252,5.440673828125001,373.69140625000006,0.001035625,5.2556640625,66.552,
0,23,,,1.0044097900390625,5.278320312500001,373.88671875000006,0.0010046875000000002,5.2552734375000005,66.586,
0,23,,,1.0570526123046875,5.55419921875,374.0625,0.0010571875000000002,5.256054687500001,66.62,
0,23,,,1.0570526123046875,5.55419921875,374.2578125,0.0010571875000000002,5.256054687500001,66.654,
0,23,,,1.0528564453125,5.53466796875,374.45312500000006,0.001053125,5.2562500000000005,66.688,
0,23,,,1.03302001953125,5.429687500000001,374.62890625000006,0.0010331250000000002,5.256054687500001,66.722,
0,23,,,1.03302001953125,5.429687500000001,374.94140625000006,0.0010331250000000002,5.256054687500001,66.757,
0,23,,,1.7978668212890625,9.42138671875,375.234375,0.0017981250000000002,5.244335937500001,66.791,
0,23,,,1.15966796875,6.086425781250001,375.41015625000006,0.0011596875000000001,5.25390625,66.825,
0,23,,,1.15966796875,6.086425781250001,375.60546875000006,0.0011596875000000001,5.25390625,66.859,
0,23,,,1.0200500488281252,5.361328125000001,375.78125,0.0010203125000000002,5.2562500000000005,66.893,
0,23,,,1.01470947265625,5.333251953125001,375.9765625,0.001015,5.256054687500001,66.927,
0,23,,,1.01470947265625,5.333251953125001,376.15234375000006,0.001015,5.2562500000000005,66.961,
0,23,,,1.0471343994140625,5.502929687500001,376.32812500000006,0.0010471875000000002,5.2562500000000005,66.995,
0,23,,,1.0528564453125,5.533447265625001,376.52343750000006,0.0010528125000000001,5.256640625,67.029,
0,23,,,1.0528564453125,5.533447265625001,376.71875000000006,0.00103125,5.2556640625,67.063,
0,23,,,1.0311126708984375,5.418701171875001,376.89453125000006,0.00103125,5.2556640625,67.097,
0,23,,,1.0768890380859375,5.660400390625001,377.08984375000006,0.0010771875,5.255859375,67.131,
0,23,,,1.0768890380859375,5.660400390625001,377.26562500000006,0.0010131250000000001,5.256054687500001,67.165,
0,23,,,1.0128021240234375,5.322265625,377.46093750000006,0.0010131250000000001,5.256054687500001,67.199,
0,23,,,1.0353088378906252,5.441894531250001,377.61718750000006,0.0010353125,5.256640625,67.233,
0,23,,,1.0353088378906252,5.441894531250001,377.81250000000006,0.0010478125000000001,5.256054687500001,67.267,
0,23,,,1.0478973388671875,5.506591796875001,378.00781250000006,0.0010478125000000001,5.256054687500001,67.301,
0,23,,,1.041412353515625,5.472412109375001,378.18359375000006,0.0010415625000000002,5.255859375,67.335,
0,23,,,1.041412353515625,5.472412109375001,378.35937500000006,0.0010221875,5.2552734375000005,67.369,
0,23,,,1.0219573974609377,5.369873046875001,378.55468750000006,0.0010221875,5.2552734375000005,67.403,
0,23,,,1.018524169921875,5.352783203125,378.73046875000006,0.0010187500000000001,5.255859375,67.437,
0,23,,,1.018524169921875,5.352783203125,378.92578125000006,0.001040625,5.2562500000000005,67.47,
0,23,,,1.0402679443359375,5.467529296875001,379.08203125000006,0.001040625,5.2562500000000005,67.504,
0,23,,,1.03607177734375,5.4443359375,379.27734375000006,0.00103625,5.2556640625,67.538,
0,23,,,1.03607177734375,5.451660156250001,379.47265625000006,0.0010375,5.255859375,67.572,
0,23,,,1.03759765625,5.451660156250001,379.64843750000006,0.0010375,5.255859375,67.606,
0,23,,,1.01165771484375,5.316162109375001,379.82421875000006,0.0010118750000000002,5.255859375,67.64,
0,23,,,1.0272979736328125,5.399169921875001,380.00000000000006,0.0010275,5.2556640625,67.674,
0,23,,,1.0272979736328125,5.399169921875001,380.19531250000006,0.0010275,5.2556640625,67.708,
0,23,,,1.02996826171875,5.413818359375,380.39062500000006,0.0010303125,5.256054687500001,67.742,
0,23,,,1.0543823242187502,5.540771484375001,380.56640625000006,0.0010543750000000002,5.256054687500001,67.776,
0,23,,,1.0543823242187502,5.540771484375001,380.74218750000006,0.0010543750000000002,5.256054687500001,67.811,
0,23,,,1.0425567626953125,5.479736328125001,380.93750000000006,0.0010428125000000001,5.256054687500001,67.845,
0,23,,,1.0429382324218752,5.480957031250001,381.13281250000006,0.001043125,5.256054687500001,67.879,
0,23,,,1.0429382324218752,5.480957031250001,381.30859375000006,0.001043125,5.256054687500001,67.913,
0,23,,,0.994873046875,5.228271484375001,381.50390625000006,0.000995,5.2562500000000005,67.947,
0,23,,,1.023101806640625,5.377197265625001,381.66015625000006,0.0010234375,5.2556640625,67.981,
0,23,,,1.023101806640625,5.377197265625001,381.85546875000006,0.0010234375,5.2556640625,68.015,
0,23,,,1.0341644287109375,5.435791015625,382.03125000000006,0.0010343750000000001,5.256054687500001,68.049,
0,23,,,1.0135650634765625,5.327148437500001,382.22656250000006,0.0010140625,5.2556640625,68.083,
0,23,,,1.0135650634765625,5.327148437500001,382.38281250000006,0.0010140625,5.2556640625,68.117,
0,23,,,1.01776123046875,5.349121093750001,382.57812500000006,0.0010181250000000001,5.2564453125,68.151,
0,23,,,1.3256072998046875,6.955566406250002,382.87109375000006,0.0013256250000000002,5.2505859375,68.185,
0,23,,,1.3256072998046875,6.955566406250002,383.18359375000006,0.0013256250000000002,5.2505859375,68.219,
0,0,,,,,,,,,10000080
0,1,,,,,,,,,1173795
0,2,,,,,,,,,897215
0,3,,,,,,,,,733955
0,4,,,,,,,,,2842080
0,5,,,,,,,,,751135
0,6,,,,,,,,,10000110
0,7,,,,,,,,,14672414
0,8,,,,,,,,,11215160
0,9,,,,,,,,,9174420
0,10,,,,,,,,,35525894
0,11,,,,,,,,,9389180
0,12,,,,,,,,,9893690
0,13,,,,,,,,,15996019
0,14,,,,,,,,,12226965
0,15,,,,,,,,,10004355
0,16,,,,,,,,,38738134
0,17,,,,,,,,,10235829
0,18,,,,,,,,,10305535
0,19,,,,,,,,,13541019
0,20,,,,,,,,,10778995
0,21,,,,,,,,,6090575
0,22,,,,,,,,,21103744
0,23,,,,,,,,,5720945
