iteration_num,expe_num,validation_result,clock_freq,current_sample,power_sample,energy_sample,shunt_voltage_sample,bus_voltage_sample,current_timestamp,timing_sample
0,0,,,14.249610900878908,74.796142578125,1.6894531250000002,0.10687093750000001,5.2490234375,0.029,
0,0,,,14.897537231445312,78.1787109375,4.414062500000001,0.11173031250000001,5.2478515625,0.063,
0,0,,,14.897537231445312,78.1787109375,7.089843750000002,0.11173031250000001,5.2478515625,0.097,
0,0,,,14.641380310058594,76.8408203125,9.531250000000002,0.10981,5.248242187500001,0.131,
0,0,,,14.738082885742188,77.34985351562501,12.20703125,0.1105346875,5.2484375000000005,0.165,
0,0,,,14.738082885742188,77.34985351562501,14.921875000000002,0.1105346875,5.2484375000000005,0.199,
0,0,,,14.804649353027346,77.70019531250001,17.597656250000004,0.1110340625,5.2484375000000005,0.233,
0,0,,,14.714241027832031,77.21923828125,20.039062500000004,0.11035562500000001,5.248046875,0.267,
0,0,,,14.714241027832031,77.21923828125,22.714843750000004,0.11035562500000001,5.248046875,0.301,
0,0,,,14.80083465576172,77.67395019531251,25.439453125,0.111005,5.248046875,0.335,
0,0,,,14.758682250976562,77.4658203125,28.10546875,0.1106890625,5.248828125,0.369,
0,0,,,14.758682250976562,77.4658203125,30.800781250000007,0.1106890625,5.248828125,0.403,
0,0,,,14.704322814941406,77.16552734375001,33.24218750000001,0.11028156250000001,5.2478515625,0.437,
0,0,,,14.8712158203125,78.045654296875,35.96679687500001,0.11153281250000001,5.248242187500001,0.471,
0,0,,,14.8712158203125,78.045654296875,38.62304687500001,0.11153281250000001,5.248242187500001,0.505,
0,0,,,14.75944519042969,77.45483398437501,41.33789062500001,0.1106953125,5.2478515625,0.539,
0,0,,,14.780616760253906,77.57507324218751,43.76953125000001,0.11085312500000001,5.2484375000000005,0.573,
0,0,,,14.780616760253906,77.57507324218751,46.484375,0.11085312500000001,5.2478515625,0.607,
0,0,,,14.751243591308596,77.41333007812501,49.130859375,0.11063437500000001,5.2478515625,0.641,
0,0,,,14.692497253417969,77.10998535156251,51.845703125,0.110193125,5.248242187500001,0.675,
0,0,,,14.692497253417969,77.10998535156251,54.296875,0.110193125,5.248242187500001,0.709,
0,0,,,14.916419982910156,78.28430175781251,56.982421875,0.11187218750000001,5.248242187500001,0.743,
0,0,,,14.669990539550781,76.98608398437501,59.648437500000014,0.11002343750000002,5.2478515625,0.777,
0,0,,,14.669990539550781,76.98608398437501,62.353515625,0.11068750000000001,5.2486328125,0.811,
0,0,,,14.758491516113283,77.46093750000001,65.03906250000001,0.11068750000000001,5.2486328125,0.845,
0,0,,,14.687156677246094,77.080078125,67.47070312500001,0.1101528125,5.248242187500001,0.879,
0,0,,,14.687156677246094,77.080078125,70.13671875000001,0.11041406250000001,5.248046875,0.913,
0,0,,,14.721870422363281,77.25952148437501,72.87109375,0.11041406250000001,5.248046875,0.947,
0,0,,,14.902114868164062,78.21289062500001,75.556640625,0.1117653125,5.2484375000000005,0.988,
0,0,,,14.67113494873047,76.98791503906251,78.70117187500001,0.11003312500000001,5.24765625,1.022,
0,0,,,14.67113494873047,76.98791503906251,81.171875,0.11003312500000001,5.24765625,1.056,
0,0,,,14.693260192871094,77.11669921875001,83.84765625000001,0.1101978125,5.2484375000000005,1.09,
0,0,,,14.74895477294922,77.4053955078125,86.53320312500001,0.11061593750000001,5.248242187500001,1.124,
0,0,,,14.74895477294922,77.4053955078125,89.20898437500001,0.11061593750000001,5.248242187500001,1.158,
0,0,,,14.794921875,77.63671875,91.669921875,0.11096062500000001,5.24765625,1.192,
0,0,,,14.813613891601562,77.7410888671875,94.35546875,0.11110125000000001,5.248046875,1.226,
0,0,,,14.813613891601562,77.7410888671875,97.05078125000001,0.11110125000000001,5.248046875,1.26,
0,0,,,14.6820068359375,77.052001953125,99.73632812500001,0.1101146875,5.248046875,1.294,
0,0,,,14.806175231933596,77.70874023437501,102.45117187500003,0.1110453125,5.2484375000000005,1.328,
0,0,,,14.806175231933596,77.70874023437501,104.912109375,0.1110453125,5.2484375000000005,1.362,
0,0,,,14.947128295898438,78.4423828125,107.58789062500001,0.11210250000000001,5.248046875,1.396,
0,0,,,14.70928192138672,77.20153808593751,110.27343750000001,0.11031875000000001,5.2484375000000005,1.43,
0,0,,,14.70928192138672,77.20153808593751,113.00781250000001,0.11031875000000001,5.2484375000000005,1.464,
0,0,,,14.85424041748047,77.9541015625,115.4296875,0.11140625000000001,5.248046875,1.498,
0,0,,,14.650154113769533,76.88537597656251,118.115234375,0.10987468750000001,5.248242187500001,1.532,
0,0,,,14.650154113769533,76.88537597656251,120.79101562500001,0.10987468750000001,5.248242187500001,1.566,
0,0,,,14.806175231933596,77.70935058593751,123.51562500000001,0.11104625000000001,5.2484375000000005,1.6,
0,0,,,14.77031707763672,77.51220703125,125.92773437500001,0.1107759375,5.2478515625,1.634,
0,0,,,14.77031707763672,77.51220703125,128.623046875,0.1107759375,5.2486328125,1.668,
0,0,,,14.714241027832031,77.23022460937501,131.318359375,0.1103565625,5.2486328125,1.702,
0,0,,,14.894294738769533,78.1658935546875,134.04296875000003,0.11170687500000001,5.248046875,1.736,
0,0,,,14.894294738769533,78.1658935546875,136.69921875000003,0.11170687500000001,5.248046875,1.77,
0,0,,,14.70165252685547,77.15270996093751,139.1796875,0.11026125,5.248046875,1.804,
0,0,,,14.941978454589846,78.42651367187501,141.87500000000003,0.11206437500000001,5.248828125,1.838,
0,0,,,14.941978454589846,78.42651367187501,144.57031250000003,0.1106403125,5.2478515625,1.872,
0,0,,,14.752197265625002,77.415771484375,147.24609375000003,0.1106403125,5.2478515625,1.906,
0,0,,,14.761161804199219,77.47009277343751,149.72656250000003,0.1107078125,5.248242187500001,1.939,
0,0,,,14.761161804199219,77.47009277343751,152.41210937500003,0.11106531250000001,5.2478515625,1.973,
0,0,,,14.808845520019531,77.71484375000001,155.09765625000003,0.11106531250000001,5.2478515625,2.007,
0,0,,,14.71977233886719,77.2503662109375,157.763671875,0.11039812500000001,5.248046875,2.042,
0,0,,,14.71977233886719,77.2503662109375,160.47851562500003,0.11131531250000001,5.2486328125,2.076,
0,0,,,14.84222412109375,77.89916992187501,162.91992187500003,0.11131531250000001,5.2486328125,2.11,
0,0,,,14.722633361816408,77.27416992187501,165.60546875000003,0.11041875000000001,5.248828125,2.144,
0,0,,,14.722633361816408,77.05505371093751,168.27148437500003,0.110116875,5.248242187500001,2.178,
0,0,,,14.682388305664062,77.05505371093751,170.99609375000003,0.110116875,5.248242187500001,2.212,
0,0,,,14.82391357421875,77.79785156250001,173.65234375000003,0.11117875,5.248242187500001,2.246,
0,0,,,14.768409729003908,77.509765625,176.11328125000003,0.11076250000000001,5.2484375000000005,2.28,
0,0,,,14.768409729003908,77.509765625,178.79882812500003,0.11076250000000001,5.2484375000000005,2.314,
0,0,,,14.842796325683596,77.90039062500001,181.52343750000003,0.11131968750000001,5.2484375000000005,2.349,
0,0,,,14.73388671875,77.32482910156251,184.189453125,0.11050312500000001,5.248242187500001,2.383,
0,0,,,14.73388671875,77.32482910156251,186.884765625,0.11050312500000001,5.248242187500001,2.417,
0,0,,,14.715003967285158,77.22656250000001,189.326171875,0.11036187500000001,5.248242187500001,2.451,
0,0,,,14.896965026855469,78.18237304687501,192.041015625,0.11172593750000001,5.248242187500001,2.485,
0,0,,,14.896965026855469,78.18237304687501,194.697265625,0.11172593750000001,5.248242187500001,2.519,
0,0,,,14.616203308105469,76.71203613281251,197.39257812500003,0.10962093750000002,5.2484375000000005,2.553,
0,0,,,14.813804626464846,77.74230957031251,200.07812500000003,0.11110281250000001,5.248046875,2.587,
0,0,,,14.813804626464846,77.74230957031251,202.548828125,0.11110281250000001,5.248046875,2.621,
0,0,,,14.780426025390627,77.5701904296875,205.20507812500003,0.1108521875,5.248242187500001,2.655,
0,0,,,14.677429199218752,77.03308105468751,207.91015625,0.11007968750000001,5.2484375000000005,2.689,
0,0,,,14.677429199218752,77.03308105468751,210.57617187500003,0.11007968750000001,5.2484375000000005,2.723,
0,0,,,14.82810974121094,77.82287597656251,213.046875,0.11120968750000002,5.2484375000000005,2.757,
0,0,,,14.722633361816408,77.26989746093751,215.71289062500003,0.11041843750000001,5.2484375000000005,2.791,
0,0,,,14.722633361816408,77.26989746093751,218.42773437500006,0.11041843750000001,5.2484375000000005,2.826,
0,0,,,14.787673950195312,77.61108398437501,221.11328125000006,0.11090625000000001,5.2484375000000005,2.86,
0,0,,,14.809226989746094,77.720947265625,223.81835937500003,0.11106875000000001,5.248242187500001,2.894,
0,0,,,14.809226989746094,77.720947265625,226.24023437500006,0.11106875000000001,5.248242187500001,2.928,
0,0,,,14.791679382324219,77.63671875,228.97460937500003,0.1109365625,5.248828125,2.962,
0,0,,,14.809226989746094,77.71972656250001,231.64062500000003,0.11106781250000002,5.248046875,2.996,
0,0,,,14.809226989746094,77.71972656250001,234.34570312500003,0.11106781250000002,5.248046875,3.03,
0,0,,,14.745521545410158,77.3876953125,237.021484375,0.11059031250000001,5.248242187500001,3.065,
0,0,,,14.754486083984375,77.43774414062501,239.74609375,0.1106575,5.2484375000000005,3.099,
0,0,,,14.754486083984375,77.43774414062501,242.1875,0.1106575,5.248242187500001,3.133,
0,0,,,14.876937866210938,78.07800292968751,244.873046875,0.11157593750000001,5.248242187500001,3.167,
0,0,,,14.697074890136719,77.13195800781251,247.53906250000003,0.11022656250000001,5.248242187500001,3.201,
0,0,,,14.697074890136719,77.13195800781251,250.25390625000006,0.11073031250000001,5.248242187500001,3.235,
0,0,,,14.76421356201172,77.48657226562501,252.91015625000003,0.11073031250000001,5.248242187500001,3.269,
0,0,,,14.670753479003908,77.00317382812501,255.37109375,0.110030625,5.248828125,3.303,
0,0,,,14.670753479003908,77.00317382812501,258.046875,0.11129875000000002,5.2486328125,3.337,
0,0,,,14.839935302734377,77.88757324218751,260.78125,0.11129875000000002,5.2486328125,3.371,
0,0,,,14.89410400390625,78.16894531250001,263.45703125000006,0.11170531250000001,5.2484375000000005,3.405,
0,0,,,14.89410400390625,78.16894531250001,266.14257812500006,0.1098775,5.2484375000000005,3.439,
0,0,,,14.650344848632812,76.89025878906251,268.57421875000006,0.1098775,5.2484375000000005,3.474,
0,0,,,14.795112609863283,77.65014648437501,271.2890625,0.11096312500000001,5.2484375000000005,3.508,
0,0,,,14.795112609863283,77.34741210937501,273.96484375,0.11054375000000001,5.24765625,3.542,
0,0,,,14.739227294921875,77.34741210937501,276.650390625,0.11054375000000001,5.24765625,3.576,
0,0,,,14.854049682617188,77.95959472656251,279.36523437500006,0.11140406250000001,5.2484375000000005,3.61,
0,0,,,14.732742309570314,77.32238769531251,281.80664062500006,0.11049531250000001,5.2484375000000005,3.644,
0,0,,,14.732742309570314,77.32238769531251,284.462890625,0.11049531250000001,5.2484375000000005,3.678,
0,0,,,14.643669128417969,76.86157226562501,287.16796875000006,0.10982750000000001,5.248828125,3.712,
0,0,,,14.809417724609377,77.72949218750001,289.86328125000006,0.11106937500000001,5.248828125,3.746,
0,0,,,14.809417724609377,77.72949218750001,292.54882812500006,0.11106937500000001,5.248828125,3.78,
0,0,,,14.801406860351564,77.6776123046875,294.98046875000006,0.11101031250000001,5.248046875,3.814,
0,0,,,14.798927307128908,77.677001953125,297.69531250000006,0.110991875,5.248828125,3.848,
0,0,,,14.798927307128908,77.677001953125,300.37109375000006,0.110991875,5.248828125,3.882,
0,0,,,14.712333679199219,77.21435546875001,303.05664062500006,0.1103415625,5.248242187500001,3.916,
0,0,,,14.64824676513672,76.87255859375001,305.46875,0.10986187500000001,5.2478515625,3.95,
0,0,,,14.64824676513672,76.87255859375001,308.18359375000006,0.10986187500000001,5.2478515625,3.984,
0,0,,,14.817047119140627,77.75695800781251,310.85937500000006,0.11112656250000001,5.2478515625,4.019,
0,0,,,14.732551574707031,77.31933593750001,313.54492187500006,0.11049281250000001,5.248242187500001,4.053,
0,0,,,14.732551574707031,77.31933593750001,316.23046875000006,0.11049281250000001,5.248242187500001,4.087,
0,0,,,14.734649658203127,77.3419189453125,318.91601562500006,0.110509375,5.2490234375,4.121,
0,0,,,14.752006530761719,77.435302734375,321.35742187500006,0.11063937500000001,5.249218750000001,4.156,
0,0,,,14.752006530761719,77.435302734375,324.04296875000006,0.11063937500000001,5.249218750000001,4.19,
0,0,,,14.649009704589844,76.88110351562501,326.73828125000006,0.10986656250000001,5.248242187500001,4.224,
0,0,,,14.899253845214844,78.18725585937501,329.42382812500006,0.1117440625,5.2478515625,4.258,
0,0,,,14.899253845214844,78.18725585937501,332.10937500000006,0.1117440625,5.2478515625,4.292,
0,0,,,14.64061737060547,76.83898925781251,334.54101562500006,0.1098034375,5.2484375000000005,4.326,
0,0,,,14.713096618652346,77.2216796875,337.22656250000006,0.11034750000000002,5.2486328125,4.36,
0,0,,,14.713096618652346,77.2216796875,339.93164062500006,0.11034750000000002,5.2486328125,4.394,
0,0,,,14.81170654296875,77.7362060546875,342.60742187500006,0.11108656250000001,5.2484375000000005,4.428,
0,0,,,14.71843719482422,77.24731445312501,345.28320312500006,0.11038750000000001,5.2484375000000005,4.462,
0,0,,,14.71843719482422,77.24731445312501,347.75390625,0.11038750000000001,5.2484375000000005,4.496,
0,0,,,14.860534667968752,77.99316406250001,350.44921875000006,0.11145312500000001,5.2484375000000005,4.53,
0,0,,,14.691543579101562,77.10754394531251,353.11523437500006,0.11018625000000001,5.2484375000000005,4.564,
0,0,,,14.691543579101562,77.10754394531251,355.79101562500006,0.110161875,5.2484375000000005,4.598,
0,0,,,14.688301086425783,77.09106445312501,358.24218750000006,0.110161875,5.2484375000000005,4.632,
0,0,,,14.766311645507812,77.50000000000001,360.92773437500006,0.1107459375,5.2484375000000005,4.666,
0,0,,,14.766311645507812,77.50000000000001,363.623046875,0.11096375000000001,5.248242187500001,4.7,
0,0,,,14.795303344726562,77.64892578125,366.31835937500006,0.11096375000000001,5.248242187500001,4.734,
0,0,,,14.825439453125,77.81066894531251,369.03320312500006,0.11119062500000002,5.2484375000000005,4.768,
0,0,,,14.825439453125,77.81066894531251,371.47460937500006,0.110875625,5.248242187500001,4.802,
0,0,,,14.783477783203125,77.58728027343751,374.16015625000006,0.110875625,5.248242187500001,4.836,
0,0,,,14.722824096679688,77.27355957031251,376.85546875000006,0.11042093750000001,5.2486328125,4.871,
0,0,,,14.722824096679688,77.27355957031251,379.57031250000006,0.11182718750000001,5.2484375000000005,4.905,
0,0,,,14.91050720214844,78.2568359375,382.23632812500006,0.11182718750000001,5.2484375000000005,4.939,
0,0,,,14.662551879882814,76.95556640625001,384.67773437500006,0.1099690625,5.2484375000000005,4.973,
0,0,,,14.815139770507814,77.74780273437501,387.38281250000006,0.11111312500000001,5.2478515625,5.007,
0,0,,,14.815139770507814,77.74780273437501,390.05859375000006,0.11111312500000001,5.2478515625,5.041,
0,0,,,14.618301391601564,76.72180175781251,392.69531250000006,0.10963687500000001,5.2484375000000005,5.075,
0,0,,,14.67399597167969,77.0086669921875,395.13671875000006,0.11005437500000001,5.248046875,5.109,
0,0,,,14.67399597167969,77.0086669921875,397.83203125000006,0.11005437500000001,5.248046875,5.143,
0,0,,,14.789199829101562,77.62390136718751,400.5078125,0.110918125,5.248828125,5.177,
0,0,,,14.651870727539062,76.8994140625,403.18359375000006,0.109888125,5.2484375000000005,5.211,
0,0,,,14.651870727539062,76.8994140625,405.91796875000006,0.109888125,5.2484375000000005,5.245,
0,0,,,14.855384826660156,77.965087890625,408.59375000000006,0.11141468750000001,5.248242187500001,5.279,
0,0,,,14.727020263671877,77.28820800781251,411.03515625000006,0.11045250000000001,5.248046875,5.313,
0,0,,,14.727020263671877,77.28820800781251,413.72070312500006,0.11045250000000001,5.248046875,5.347,
0,0,,,14.862060546875,78.00231933593751,416.44531250000006,0.111464375,5.2484375000000005,5.381,
0,0,,,14.769935607910158,77.5115966796875,419.12109375000006,0.11077343750000002,5.248046875,5.415,
0,0,,,14.769935607910158,77.5115966796875,421.56250000000006,0.11077343750000002,5.248046875,5.449,
0,0,,,14.698600769042969,77.1435546875,424.24804687500006,0.11023937500000001,5.2484375000000005,5.483,
0,0,,,14.762115478515625,77.48229980468751,426.96289062500006,0.11071500000000001,5.248828125,5.517,
0,0,,,14.762115478515625,77.48229980468751,429.62890625000006,0.11071500000000001,5.248828125,5.551,
0,0,,,14.836692810058596,77.85705566406251,432.05078125,0.11127375,5.24765625,5.585,
0,0,,,14.685630798339844,77.07824707031251,434.74609375000006,0.11014156250000001,5.2486328125,5.619,
0,0,,,14.685630798339844,77.07824707031251,437.44140625000006,0.11014156250000001,5.2486328125,5.653,
0,0,,,14.701461791992188,77.158203125,440.107421875,0.11026062500000001,5.2484375000000005,5.687,
0,0,,,14.705085754394533,77.171630859375,442.548828125,0.1102865625,5.248046875,5.721,
0,0,,,14.705085754394533,77.171630859375,445.25390625000006,0.1102865625,5.248046875,5.755,
0,0,,,14.834022521972656,77.847900390625,447.93945312500006,0.1112546875,5.248046875,5.789,
0,0,,,14.72454071044922,77.28515625000001,450.60546875,0.1104328125,5.248828125,5.823,
0,0,,,14.72454071044922,77.28515625000001,453.31054687500006,0.1104328125,5.248828125,5.857,
0,0,,,14.757156372070312,77.44995117187501,455.76171875000006,0.11067750000000001,5.2484375000000005,5.891,
0,0,,,14.808082580566408,77.71667480468751,458.466796875,0.1110596875,5.248242187500001,5.925,
0,0,,,14.808082580566408,77.71667480468751,461.14257812500006,0.1110596875,5.248242187500001,5.959,
0,0,,,14.694595336914064,77.12402343750001,463.84765625,0.1102084375,5.2484375000000005,5.993,
0,0,,,14.94731903076172,78.44848632812501,466.29882812500006,0.11210500000000001,5.2484375000000005,6.027,
0,0,,,14.94731903076172,78.44848632812501,468.994140625,0.11210500000000001,5.2484375000000005,6.061,
0,0,,,14.717483520507814,77.24365234375001,471.650390625,0.11038093750000001,5.2484375000000005,6.095,
0,0,,,14.643096923828127,76.85974121093751,474.35546875000006,0.10982187500000001,5.2490234375,6.129,
0,0,,,14.643096923828127,76.85974121093751,476.79687500000006,0.10982187500000001,5.248242187500001,6.163,
0,0,,,14.802932739257812,77.68859863281251,479.48242187500006,0.1110215625,5.248242187500001,6.197,
0,0,,,14.684486389160158,77.06054687500001,482.14843750000006,0.11013250000000001,5.2478515625,6.231,
0,0,,,14.684486389160158,77.06054687500001,484.83398437500006,0.11032187500000001,5.248046875,6.265,
0,0,,,14.709663391113281,77.19604492187501,487.50000000000006,0.11032187500000001,5.248046875,6.299,
0,0,,,14.699554443359375,77.13928222656251,490.18554687500006,0.1102465625,5.24765625,6.333,
0,0,,,14.699554443359375,77.13928222656251,492.61718750000006,0.11020093750000001,5.2484375000000005,6.367,
0,0,,,14.693641662597658,77.11608886718751,495.341796875,0.11020093750000001,5.2484375000000005,6.401,
0,0,,,14.881134033203125,78.09814453125001,498.02734375,0.11160750000000001,5.248242187500001,6.435,
0,0,,,14.881134033203125,78.09814453125001,500.7031250000001,0.1104009375,5.248242187500001,6.469,
0,0,,,14.72015380859375,77.25341796875001,503.1445312500001,0.1104009375,5.248242187500001,6.503,
0,0,,,14.775276184082031,77.55676269531251,505.8496093750001,0.11081312500000001,5.249218750000001,6.537,
0,0,,,14.775276184082031,77.55676269531251,508.50585937500006,0.10992687500000001,5.248242187500001,6.571,
0,0,,,14.657020568847656,76.92382812500001,511.19140625000006,0.10992687500000001,5.248242187500001,6.605,
0,0,,,14.734268188476562,77.32116699218751,513.65234375,0.110506875,5.24765625,6.639,
0,0,,,14.93988037109375,78.40393066406251,516.3671875000001,0.1120490625,5.248046875,6.673,
0,0,,,14.93988037109375,78.40393066406251,519.0136718750001,0.1120490625,5.248046875,6.707,
0,0,,,14.622306823730469,76.74072265625001,521.708984375,0.10966656250000001,5.248242187500001,6.741,
0,0,,,14.734458923339844,77.33459472656251,524.1406250000001,0.11050781250000001,5.2486328125,6.775,
0,0,,,14.734458923339844,77.33459472656251,526.8359375,0.11050781250000001,5.2486328125,6.809,
0,0,,,14.631652832031252,76.79565429687501,529.4726562500001,0.10973656250000001,5.2486328125,6.843,
0,0,,,14.72015380859375,77.25769042968751,532.177734375,0.11040031250000001,5.2484375000000005,6.877,
0,0,,,14.72015380859375,77.25769042968751,534.86328125,0.11040031250000001,5.2484375000000005,6.911,
0,0,,,14.837265014648438,77.86499023437501,537.3046875,0.11127843750000001,5.248046875,6.945,
0,0,,,14.624023437500002,76.75231933593751,539.9609375000001,0.10967937500000001,5.2484375000000005,6.979,
0,0,,,14.624023437500002,76.75231933593751,542.67578125,0.10967937500000001,5.2484375000000005,7.013,
0,0,,,14.723587036132814,77.27600097656251,545.3515625,0.11042531250000001,5.2484375000000005,7.047,
0,0,,,14.697456359863283,77.13378906250001,547.7832031250001,0.11023062500000001,5.248242187500001,7.081,
0,0,,,14.697456359863283,77.13378906250001,550.4296875000001,0.11023062500000001,5.248242187500001,7.115,
0,0,,,14.7186279296875,77.24487304687501,553.1347656250001,0.11038937500000001,5.248046875,7.149,
0,0,,,14.684867858886719,77.07519531250001,555.791015625,0.1101359375,5.2486328125,7.183,
0,0,,,14.684867858886719,77.07519531250001,558.2226562500001,0.1101359375,5.2486328125,7.217,
0,0,,,14.587974548339844,76.56738281250001,560.87890625,0.10940906250000001,5.2486328125,7.251,
0,0,,,14.69078063964844,77.10998535156251,563.5937500000001,0.1101803125,5.248828125,7.285,
0,0,,,14.69078063964844,77.10998535156251,566.25,0.1101803125,5.248828125,7.319,
0,0,,,14.797401428222656,77.6641845703125,568.92578125,0.11098000000000001,5.2486328125,7.353,
0,0,,,14.610862731933594,76.68273925781251,571.3476562500001,0.1095809375,5.248242187500001,7.387,
0,0,,,14.610862731933594,76.68273925781251,574.0625,0.1095809375,5.248242187500001,7.421,
0,0,,,14.764976501464844,77.4945068359375,576.728515625,0.11073656250000001,5.2486328125,7.455,
0,0,,,14.623832702636719,76.7462158203125,579.4042968750001,0.10967812500000002,5.248046875,7.489,
0,0,,,14.623832702636719,76.7462158203125,581.8359375000001,0.10967812500000002,5.248046875,7.523,
0,0,,,14.784049987792969,77.59155273437501,584.541015625,0.110879375,5.2484375000000005,7.557,
0,0,,,14.735603332519533,77.33520507812501,587.2070312500001,0.11051593750000001,5.248242187500001,7.591,
0,0,,,14.735603332519533,77.33520507812501,589.912109375,0.11051593750000001,5.248242187500001,7.625,
0,0,,,14.721107482910156,77.25708007812501,592.5683593750001,0.11040781250000001,5.248046875,7.659,
0,0,,,14.767265319824219,77.49877929687501,595.0390625,0.11075375000000001,5.248046875,7.693,
0,0,,,14.767265319824219,77.49877929687501,597.7050781250001,0.11075375000000001,5.248242187500001,7.727,
0,0,,,14.694786071777344,77.12097167968751,600.4101562500001,0.11021,5.248242187500001,7.761,
0,0,,,14.83135223388672,77.83630371093751,603.0761718750001,0.11123437500000001,5.248046875,7.795,
0,0,,,14.83135223388672,77.83630371093751,605.5273437500001,0.11123437500000001,5.2486328125,7.829,
0,0,,,14.65606689453125,76.92443847656251,608.1738281250001,0.10991968750000002,5.2486328125,7.863,
0,0,,,14.644813537597656,76.86096191406251,610.8886718750001,0.1098353125,5.2484375000000005,7.897,
0,0,,,14.644813537597656,76.86096191406251,613.5449218750001,0.11060687500000001,5.2490234375,7.931,
0,0,,,14.74761962890625,77.41088867187501,616.0058593750001,0.11060687500000001,5.2490234375,7.965,
0,0,,,14.803886413574219,77.68188476562501,618.6621093750001,0.1110278125,5.2474609375000005,7.999,
0,0,,,14.803886413574219,77.68188476562501,621.3867187500001,0.11091468750000001,5.2484375000000005,8.033,
0,0,,,14.788818359375,77.618408203125,624.0625000000001,0.11091468750000001,5.2484375000000005,8.067,
0,0,,,14.740562438964844,77.359619140625,626.5234375000001,0.11055312500000002,5.248046875,8.101,
0,0,,,14.740562438964844,77.359619140625,629.1992187500001,0.11020500000000001,5.248046875,8.135,
0,0,,,14.69402313232422,77.11608886718751,631.9042968750001,0.11020500000000001,5.248046875,8.169,
0,0,,,14.804267883300783,77.69592285156251,634.5605468750001,0.11103187500000002,5.248242187500001,8.203,
0,0,,,14.804267883300783,77.69592285156251,637.2363281250001,0.10992281250000001,5.248828125,8.237,
0,0,,,14.656448364257814,76.929931640625,639.6679687500001,0.10992281250000001,5.248828125,8.271,
0,0,,,14.770889282226564,77.52563476562501,642.4023437500001,0.11078062500000001,5.2486328125,8.305,
0,0,,,14.770889282226564,77.52563476562501,645.0683593750001,0.11079125000000001,5.2484375000000005,8.339,
0,0,,,14.772224426269533,77.53112792968751,647.7636718750001,0.11079125000000001,5.2484375000000005,8.373,
0,0,,,14.752769470214846,77.42126464843751,650.4492187500001,0.110644375,5.248046875,8.407,
0,0,,,14.950942993164062,78.46679687500001,652.9394531250001,0.1121315625,5.248242187500001,8.441,
0,0,,,14.950942993164062,78.46679687500001,655.6250000000001,0.1121315625,5.248242187500001,8.475,
0,0,,,14.755630493164064,77.4383544921875,658.3300781250001,0.11066625000000001,5.248046875,8.509,
0,0,,,14.808273315429688,77.723388671875,661.0058593750001,0.1110615625,5.2486328125,8.543,
0,0,,,14.808273315429688,77.723388671875,663.4667968750001,0.1110615625,5.2486328125,8.577,
0,0,,,14.772605895996094,77.53112792968751,666.1523437500001,0.110793125,5.2484375000000005,8.611,
0,0,,,14.715576171875002,77.22717285156251,668.8378906250001,0.11036625000000001,5.248046875,8.645,
0,0,,,14.715576171875002,77.22717285156251,671.5234375000001,0.11036625000000001,5.248046875,8.679,
0,0,,,14.862632751464844,78.00476074218751,674.2285156250001,0.11146937500000001,5.2484375000000005,8.713,
0,0,,,14.697647094726562,77.13867187500001,676.6601562500001,0.11023093750000001,5.2484375000000005,8.747,
0,0,,,14.697647094726562,77.13867187500001,679.3652343750001,0.11023093750000001,5.2484375000000005,8.781,
0,0,,,14.750099182128906,77.4029541015625,682.0507812500001,0.11062468750000001,5.24765625,8.815,
0,0,,,14.767646789550781,77.50244140625001,684.7363281250001,0.1107565625,5.248242187500001,8.849,
0,0,,,14.767646789550781,77.50244140625001,687.1679687500001,0.1107565625,5.248242187500001,8.883,
0,0,,,14.8101806640625,77.73254394531251,689.8828125,0.11107593750000001,5.2486328125,8.917,
0,0,,,14.727592468261719,77.29675292968751,692.5390625000001,0.11045656250000001,5.2484375000000005,8.951,
0,0,,,14.727592468261719,77.29675292968751,695.2246093750001,0.11045656250000001,5.2484375000000005,8.985,
0,0,,,14.662551879882814,76.95251464843751,697.6562500000001,0.10996875,5.248242187500001,9.019,
0,0,,,14.720344543457033,77.2650146484375,700.3710937500001,0.11040218750000001,5.248828125,9.053,
0,0,,,14.720344543457033,77.2650146484375,703.0371093750001,0.11040218750000001,5.248828125,9.087,
0,0,,,14.812088012695312,77.7362060546875,705.7324218750001,0.11109000000000001,5.248242187500001,9.121,
0,0,,,14.735984802246096,77.3394775390625,708.4082031250001,0.11051875000000001,5.2484375000000005,9.155,
0,0,,,14.735984802246096,77.3394775390625,710.87890625,0.11051875000000001,5.2484375000000005,9.189,
0,0,,,14.808082580566408,77.71240234375001,713.5449218750001,0.11105937500000002,5.248046875,9.223,
0,0,,,14.686203002929688,77.07275390625001,716.25,0.11014593750000001,5.248046875,9.257,
0,0,,,14.686203002929688,77.07275390625001,718.9160156250001,0.11014593750000001,5.248046875,9.291,
0,0,,,14.782142639160156,77.57812500000001,721.38671875,0.11086625000000001,5.248046875,9.325,
0,0,,,14.800453186035158,77.67089843750001,724.0527343750001,0.11100312500000001,5.2478515625,9.359,
0,0,,,14.800453186035158,77.67089843750001,726.7382812500001,0.11100312500000001,5.2478515625,9.394,
0,0,,,14.675712585449219,77.02941894531251,729.43359375,0.11006750000000001,5.248828125,9.428,
0,0,,,14.820671081542969,77.78808593750001,732.1484375000001,0.11115406250000001,5.2486328125,9.462,
0,0,,,14.820671081542969,77.78808593750001,734.5703125,0.11115406250000001,5.2484375000000005,9.496,
0,0,,,14.699363708496096,77.14782714843751,737.255859375,0.110244375,5.2484375000000005,9.53,
0,0,,,14.860725402832031,77.98706054687501,739.951171875,0.11145468750000001,5.2478515625,9.563,
0,0,,,14.860725402832031,77.98706054687501,742.6464843750001,0.1104690625,5.2478515625,9.597,
0,0,,,14.729309082031252,77.296142578125,745.0878906250001,0.1104690625,5.2478515625,9.631,
0,0,,,14.721870422363281,77.26074218750001,747.783203125,0.11041375,5.248046875,9.665,
0,0,,,14.721870422363281,77.26074218750001,750.46875,0.11086125000000001,5.248242187500001,9.699,
0,0,,,14.781570434570312,77.57629394531251,753.173828125,0.11086125000000001,5.248242187500001,9.733,
0,0,,,14.85576629638672,77.96020507812501,755.6054687500001,0.111418125,5.2478515625,9.767,
0,0,,,14.85576629638672,77.96020507812501,758.3203125000001,0.11082000000000002,5.248828125,9.801,
0,0,,,14.776039123535158,77.5555419921875,761.0253906250001,0.11082000000000002,5.248828125,9.835,
0,0,,,14.836502075195312,77.8656005859375,763.7207031250001,0.11127250000000001,5.248242187500001,9.869,
0,0,,,14.836502075195312,77.8656005859375,766.3964843750001,0.110403125,5.248242187500001,9.903,
0,0,,,14.720535278320312,77.25769042968751,768.8671875000001,0.110403125,5.248242187500001,9.937,
0,0,,,14.876937866210938,78.0767822265625,771.5625,0.11157625000000002,5.248242187500001,9.971,
0,0,,,14.876937866210938,78.0767822265625,774.248046875,0.11067781250000001,5.248046875,10.005,
0,0,,,14.757156372070312,77.4462890625,776.9238281250001,0.11067781250000001,5.248046875,10.039,
0,0,,,14.809036254882814,77.73437500000001,779.4140625000001,0.11106687500000001,5.249218750000001,10.073,
0,0,,,14.827537536621096,77.81921386718751,782.0996093750001,0.111205625,5.248242187500001,10.107,
0,0,,,14.827537536621096,77.81921386718751,784.7753906250001,0.111205625,5.248242187500001,10.141,
0,0,,,14.693450927734375,77.11181640625,787.4609375000001,0.1102,5.248046875,10.175,
0,0,,,14.866065979003906,78.01879882812501,789.9316406250001,0.11149500000000001,5.248242187500001,10.209,
0,0,,,14.866065979003906,78.01879882812501,792.578125,0.11149500000000001,5.248242187500001,10.243,
0,0,,,14.616203308105469,76.71264648437501,795.2832031250001,0.10962093750000002,5.2484375000000005,10.277,
0,0,,,14.696693420410156,77.13745117187501,797.9394531250001,0.11022406250000001,5.2486328125,10.311,
0,0,,,14.696693420410156,77.13745117187501,800.4199218750001,0.11022406250000001,5.2486328125,10.345,
0,0,,,14.827346801757812,77.8143310546875,803.0859375000001,0.11120437500000001,5.248046875,10.379,
0,0,,,14.723968505859375,77.26867675781251,805.7812500000001,0.11042906250000001,5.2478515625,10.413,
0,0,,,14.723968505859375,77.26867675781251,808.4667968750001,0.11042906250000001,5.2478515625,10.448,
0,0,,,14.843940734863281,77.9083251953125,811.171875,0.11132843750000002,5.2486328125,10.482,
0,0,,,14.698791503906252,77.14660644531251,813.5937500000001,0.11024062500000001,5.2484375000000005,10.515,
0,0,,,14.698791503906252,77.14660644531251,816.2792968750001,0.11024062500000001,5.2484375000000005,10.549,
0,0,,,14.664840698242188,76.96960449218751,818.9648437500001,0.10998500000000001,5.2486328125,10.583,
0,0,,,14.80998992919922,77.73437500000001,821.6601562500001,0.11107343750000001,5.248828125,10.617,
0,0,,,14.80998992919922,77.73437500000001,824.3261718750001,0.11107343750000001,5.248828125,10.651,
0,0,,,14.72454071044922,77.2796630859375,826.7871093750001,0.11043375000000001,5.2484375000000005,10.686,
0,0,,,14.840888977050783,77.8900146484375,829.4726562500001,0.11130625000000001,5.2484375000000005,10.719,
0,0,,,14.840888977050783,77.8900146484375,832.16796875,0.11130625000000001,5.2484375000000005,10.753,
0,0,,,14.67399597167969,77.005615234375,834.8242187500001,0.11005437500000001,5.2478515625,10.787,
0,0,,,14.669990539550781,76.99645996093751,837.294921875,0.11002437500000001,5.2486328125,10.821,
0,0,,,14.669990539550781,76.99645996093751,839.9707031250001,0.11002437500000001,5.2486328125,10.856,
0,0,,,14.849853515625,77.93273925781251,842.6464843750001,0.11137281250000002,5.248046875,10.89,
0,0,,,14.608192443847658,76.66748046875001,845.3125,0.10956156250000001,5.248242187500001,10.924,
0,0,,,14.608192443847658,76.66748046875001,848.0175781250001,0.10956156250000001,5.248242187500001,10.958,
0,0,,,14.7735595703125,77.53356933593751,850.4492187500001,0.11080062500000001,5.248242187500001,10.992,
0,0,,,14.673233032226562,77.0111083984375,853.125,0.11004843750000001,5.2484375000000005,11.026,
0,0,,,14.673233032226562,77.0111083984375,855.80078125,0.11004843750000001,5.2484375000000005,11.06,
0,0,,,14.745330810546875,77.3870849609375,858.5156250000001,0.11058875000000001,5.248242187500001,11.094,
0,0,,,14.82696533203125,77.80395507812501,860.9472656250001,0.11120062500000001,5.2474609375000005,11.127,
0,0,,,14.82696533203125,77.80395507812501,863.623046875,0.11120062500000001,5.2484375000000005,11.161,
0,0,,,14.66026306152344,76.94213867187501,866.2890625000001,0.109951875,5.2484375000000005,11.195,
0,0,,,14.707374572753908,77.18994140625001,869.0039062500001,0.11030500000000001,5.2484375000000005,11.229,
0,0,,,14.707374572753908,77.18994140625001,871.435546875,0.11030500000000001,5.24765625,11.263,
0,0,,,14.768981933593752,77.50122070312501,874.12109375,0.11076593750000001,5.24765625,11.297,
0,0,,,14.84184265136719,77.89184570312501,876.8164062500001,0.11131281250000001,5.248242187500001,11.331,
0,0,,,14.84184265136719,77.89184570312501,879.53125,0.11116281250000001,5.248046875,11.365,
0,0,,,14.821815490722658,77.78503417968751,882.1972656250001,0.11116281250000001,5.248046875,11.399,
0,0,,,14.658546447753906,76.9293212890625,884.658203125,0.10993812500000001,5.248046875,11.433,
0,0,,,14.658546447753906,76.9293212890625,887.3339843750001,0.1108584375,5.248828125,11.467,
0,0,,,14.78118896484375,77.5848388671875,890.0488281250001,0.1108584375,5.248828125,11.502,
0,0,,,14.81132507324219,77.728271484375,892.71484375,0.11108375000000001,5.248046875,11.536,
0,0,,,14.81132507324219,77.728271484375,895.4199218750001,0.11078093750000001,5.248242187500001,11.57,
0,0,,,14.770889282226564,77.52136230468751,897.8710937500001,0.11078093750000001,5.248242187500001,11.604,
0,0,,,14.778900146484377,77.56164550781251,900.5566406250001,0.11084093750000001,5.248242187500001,11.638,
0,0,,,14.778900146484377,77.12463378906251,903.2324218750001,0.110220625,5.248046875,11.672,
0,0,,,14.696121215820312,77.12463378906251,905.95703125,0.110220625,5.248046875,11.706,
0,0,,,14.881706237792969,78.10302734375001,908.388671875,0.1116125,5.248242187500001,11.74,
0,0,,,14.715766906738281,77.22595214843751,911.07421875,0.1103671875,5.2478515625,11.774,
0,0,,,14.715766906738281,77.22595214843751,913.7304687500001,0.1103671875,5.2478515625,11.808,
0,0,,,14.706230163574219,77.18627929687501,916.4453125,0.110296875,5.2486328125,11.842,
0,0,,,14.787483215332033,77.6007080078125,919.130859375,0.110905,5.2478515625,11.876,
0,0,,,14.787483215332033,77.6007080078125,921.5625000000002,0.110905,5.2478515625,11.91,
0,0,,,14.64385986328125,76.866455078125,924.2480468750002,0.10982812500000001,5.2490234375,11.944,
0,0,,,14.94598388671875,78.43383789062501,926.962890625,0.11209312500000002,5.2478515625,11.978,
0,0,,,14.94598388671875,78.43383789062501,929.638671875,0.11209312500000002,5.2478515625,12.012,
0,0,,,14.69573974609375,77.13195800781251,932.080078125,0.11021718750000001,5.2486328125,12.046,
0,0,,,14.654731750488281,76.91040039062501,934.7363281250001,0.10991000000000001,5.248242187500001,12.08,
0,0,,,14.654731750488281,76.91040039062501,937.4609375,0.10991000000000001,5.248242187500001,12.114,
0,0,,,14.739227294921875,77.354736328125,940.1074218750001,0.1105428125,5.248242187500001,12.148,
0,0,,,14.727210998535156,77.2857666015625,942.8027343750002,0.11045250000000001,5.2478515625,12.182,
0,0,,,14.727210998535156,77.2857666015625,945.25390625,0.11045250000000001,5.2478515625,12.216,
0,0,,,14.836120605468752,77.86132812500001,947.94921875,0.11127031250000001,5.248046875,12.25,
0,0,,,14.723968505859375,77.27478027343751,950.625,0.11042812500000002,5.248242187500001,12.284,
0,0,,,14.723968505859375,77.27478027343751,953.3203125,0.11042812500000002,5.248242187500001,12.318,
0,0,,,14.688873291015627,77.08923339843751,955.771484375,0.11016625000000001,5.248242187500001,12.352,
0,0,,,14.894485473632812,78.16894531250001,958.486328125,0.11170750000000002,5.248242187500001,12.386,
0,0,,,14.894485473632812,78.16894531250001,961.142578125,0.11170750000000002,5.248242187500001,12.42,
0,0,,,14.731216430664064,77.30773925781251,963.8476562500001,0.11048312500000002,5.248046875,12.454,
0,0,,,14.737701416015625,77.35412597656251,966.26953125,0.1105325,5.248828125,12.488,
0,0,,,14.737701416015625,77.35412597656251,968.9746093750001,0.1105325,5.248828125,12.522,
0,0,,,14.760398864746096,77.46765136718751,971.6601562500001,0.11070250000000001,5.2484375000000005,12.557,
0,0,,,14.72606658935547,77.2833251953125,974.365234375,0.11044468750000001,5.248046875,12.591,
0,0,,,14.72606658935547,77.2833251953125,977.05078125,0.11044468750000001,5.248046875,12.625,
0,0,,,14.927101135253906,78.34106445312501,979.7558593750001,0.11195250000000001,5.248242187500001,12.659,
0,0,,,14.693641662597658,77.12036132812501,982.1875000000001,0.1102021875,5.2486328125,12.693,
0,0,,,14.693641662597658,77.12036132812501,984.9023437500002,0.1102021875,5.2484375000000005,12.727,
0,0,,,14.813232421875002,77.74597167968751,987.5976562500001,0.11109906250000001,5.2484375000000005,12.761,
0,0,,,14.8193359375,77.77893066406251,990.2929687500001,0.111144375,5.2484375000000005,12.795,
0,0,,,14.8193359375,77.77893066406251,992.9589843750002,0.111144375,5.248242187500001,12.829,
0,0,,,14.760017395019531,77.46337890625,995.4492187500001,0.11069843750000001,5.248242187500001,12.863,
0,0,,,14.897727966308596,78.18603515625,998.1250000000001,0.11173218750000001,5.248242187500001,12.897,
0,0,,,14.897727966308596,78.18603515625,1000.8007812500001,0.10949812500000002,5.2478515625,12.931,
0,0,,,14.599800109863281,76.61621093750001,1003.4765625000001,0.10949812500000002,5.2478515625,12.965,
0,0,,,14.825057983398438,77.81555175781251,1005.9667968750001,0.11118750000000001,5.2490234375,12.999,
0,0,,,14.825057983398438,77.81555175781251,1008.6425781250001,0.11071156250000001,5.2478515625,13.033,
0,0,,,14.761734008789064,77.4664306640625,1011.3281250000001,0.11071156250000001,5.2478515625,13.067,
0,0,,,14.843177795410156,77.911376953125,1014.0234375000001,0.11132343750000001,5.2490234375,13.101,
0,0,,,14.843177795410156,77.911376953125,1016.7187500000001,0.11048375,5.248242187500001,13.135,
0,0,,,14.731216430664064,77.3114013671875,1019.1308593750001,0.11048375,5.248242187500001,13.169,
0,0,,,14.60533142089844,76.65161132812501,1021.8164062500001,0.10953968750000001,5.248242187500001,13.203,
0,0,,,14.60533142089844,76.65161132812501,1024.4921875000002,0.11059687500000001,5.2484375000000005,13.237,
0,0,,,14.746284484863281,77.39562988281251,1027.1972656250002,0.11059687500000001,5.2484375000000005,13.271,
0,0,,,14.821434020996096,77.78747558593751,1029.6386718750002,0.11116062500000001,5.248242187500001,13.305,
0,0,,,14.752578735351562,77.42126464843751,1032.3339843750002,0.1106428125,5.248046875,13.339,
0,0,,,14.752578735351562,77.42126464843751,1035.0195312500002,0.1106428125,5.248046875,13.373,
0,0,,,14.832305908203127,77.84179687500001,1037.724609375,0.11124125000000001,5.248242187500001,13.407,
0,0,,,14.670562744140625,76.99951171875001,1040.1464843750002,0.1100284375,5.2486328125,13.441,
0,0,,,14.670562744140625,76.99951171875001,1042.8515625,0.1100284375,5.2486328125,13.475,
0,0,,,14.811897277832033,77.7435302734375,1045.5273437500002,0.11108875000000001,5.248828125,13.509,
0,0,,,14.71977233886719,77.2503662109375,1048.2128906250002,0.11039750000000001,5.248046875,13.543,
0,0,,,14.71977233886719,77.2503662109375,1050.6250000000002,0.11039750000000001,5.248046875,13.577,
0,0,,,14.569091796875002,76.46362304687501,1053.5546875000002,0.10926812500000001,5.2484375000000005,13.612,
0,0,,,14.799690246582031,77.67211914062501,1055.9960937500002,0.11099718750000001,5.248242187500001,13.646,
0,0,,,14.799690246582031,77.67211914062501,1058.6816406250002,0.11099718750000001,5.248242187500001,13.68,
0,0,,,14.677810668945314,77.0355224609375,1061.3476562500002,0.110083125,5.2484375000000005,13.714,
0,0,,,14.874839782714846,78.06518554687501,1064.0527343750002,0.11156125000000001,5.248242187500001,13.748,
0,0,,,14.874839782714846,78.06518554687501,1066.4843750000002,0.11156125000000001,5.248242187500001,13.782,
0,0,,,14.63737487792969,76.81640625000001,1069.1503906250002,0.10978,5.248046875,13.816,
0,0,,,14.652252197265625,76.90063476562501,1071.826171875,0.1098903125,5.2484375000000005,13.85,
0,0,,,14.652252197265625,76.90063476562501,1074.5410156250002,0.1098903125,5.2484375000000005,13.884,
0,0,,,14.754867553710938,77.44140625000001,1077.2070312500002,0.11066125,5.2486328125,13.918,
0,0,,,14.685821533203125,77.07946777343751,1079.638671875,0.1101428125,5.2486328125,13.952,
0,0,,,14.685821533203125,77.07946777343751,1082.3144531250002,0.1101428125,5.2486328125,13.986,
0,0,,,14.79644775390625,77.65686035156251,1085.0390625000002,0.110973125,5.2484375000000005,14.02,
0,0,,,14.734077453613283,77.32299804687501,1087.6953125,0.11050437500000002,5.248046875,14.054,
0,0,,,14.734077453613283,77.32299804687501,1090.1269531250002,0.11050437500000002,5.248046875,14.088,
0,0,,,14.633750915527344,76.79870605468751,1092.8125000000002,0.1097528125,5.248046875,14.122,
0,0,,,14.768600463867188,77.51098632812501,1095.4980468750002,0.11076375000000001,5.2484375000000005,14.156,
0,0,,,14.768600463867188,77.51098632812501,1098.154296875,0.11076375000000001,5.2484375000000005,14.19,
0,0,,,14.68029022216797,77.04040527343751,1100.8496093750002,0.11010093750000001,5.248046875,14.224,
0,0,,,14.814376831054688,77.75451660156251,1103.3007812500002,0.11110718750000001,5.2486328125,14.258,
0,0,,,14.814376831054688,77.75451660156251,1106.005859375,0.11110718750000001,5.2486328125,14.292,
0,0,,,14.738655090332031,77.34558105468751,1108.642578125,0.1105384375,5.2478515625,14.326,
0,0,,,14.582061767578127,76.533203125,1111.3476562500002,0.109365,5.2484375000000005,14.36,
0,0,,,14.582061767578127,76.533203125,1113.76953125,0.109365,5.2484375000000005,14.394,
0,0,,,14.837074279785158,77.87109375000001,1116.4746093750002,0.11127718750000001,5.2484375000000005,14.428,
0,0,,,14.727592468261719,77.293701171875,1119.150390625,0.11045656250000001,5.248242187500001,14.462,
0,0,,,14.727592468261719,77.293701171875,1121.8652343750002,0.11091906250000001,5.2484375000000005,14.496,
0,0,,,14.789199829101562,77.62023925781251,1124.2968750000002,0.11091906250000001,5.2484375000000005,14.53,
0,0,,,14.737129211425781,77.34008789062501,1126.9824218750002,0.11052718750000001,5.248046875,14.564,
0,0,,,14.737129211425781,77.34008789062501,1129.638671875,0.10997156250000001,5.248046875,14.598,
0,0,,,14.662933349609375,76.95190429687501,1132.3437500000002,0.10997156250000001,5.248046875,14.632,
0,0,,,14.801216125488281,77.68554687500001,1135.01953125,0.11100843750000002,5.2486328125,14.667,
0,0,,,14.801216125488281,77.68554687500001,1137.6953125,0.10965156250000001,5.2484375000000005,14.701,
0,0,,,14.620399475097656,76.73217773437501,1140.107421875,0.10965156250000001,5.2484375000000005,14.735,
0,0,,,14.653968811035158,76.91040039062501,1142.822265625,0.1099034375,5.2484375000000005,14.769,
0,0,,,14.653968811035158,76.91040039062501,1145.5078125,0.11126250000000001,5.248046875,14.803,
0,0,,,14.835166931152346,77.85400390625001,1148.1835937500002,0.11126250000000001,5.248046875,14.837,
0,0,,,14.754104614257814,77.42919921875001,1150.60546875,0.11065468750000002,5.248046875,14.871,
0,0,,,14.73236083984375,77.31994628906251,1153.3203125,0.11049125000000001,5.2484375000000005,14.905,
0,0,,,14.73236083984375,77.31994628906251,1155.9863281250002,0.11049125000000001,5.2484375000000005,14.939,
0,0,,,14.638710021972658,76.83166503906251,1158.6816406250002,0.10978937500000001,5.2486328125,14.973,
0,0,,,14.830780029296875,77.8350830078125,1161.1328125,0.11122968750000001,5.248242187500001,15.007,
0,0,,,14.830780029296875,77.8350830078125,1163.8378906250002,0.11122968750000001,5.248242187500001,15.041,
0,0,,,14.850044250488283,77.93212890625001,1166.50390625,0.11137406250000001,5.248046875,15.075,
0,0,,,14.722251892089846,77.2784423828125,1169.2089843750002,0.11041625000000001,5.249218750000001,15.109,
0,0,,,14.722251892089846,77.2784423828125,1171.923828125,0.11041625000000001,5.249218750000001,15.143,
0,0,,,14.853286743164064,77.95654296875001,1174.3847656250002,0.11139812500000001,5.2484375000000005,15.177,
0,0,,,14.681434631347656,77.04589843750001,1177.0312500000002,0.11010937500000001,5.2478515625,15.211,
0,0,,,14.681434631347656,77.04589843750001,1179.7265625000002,0.11010937500000001,5.2478515625,15.245,
0,0,,,14.767265319824219,77.49816894531251,1182.4121093750002,0.11075343750000001,5.248046875,15.279,
0,0,,,14.798545837402346,77.66540527343751,1184.86328125,0.11098906250000001,5.248242187500001,15.313,
0,0,,,14.798545837402346,77.66540527343751,1187.5195312500002,0.11098906250000001,5.248242187500001,15.347,
0,0,,,14.647102355957031,76.8682861328125,1190.234375,0.10985343750000001,5.248046875,15.381,
0,0,,,14.817237854003906,77.76306152343751,1192.9296875000002,0.11112843750000001,5.248242187500001,15.415,
0,0,,,14.817237854003906,77.76306152343751,1195.361328125,0.11112843750000001,5.248242187500001,15.449,
0,0,,,14.66350555419922,76.96105957031251,1198.0175781250002,0.10997562500000001,5.2484375000000005,15.483,
0,0,,,14.886093139648438,78.12988281250001,1200.7421875000002,0.1116446875,5.2486328125,15.517,
0,0,,,14.886093139648438,78.12988281250001,1203.4472656250002,0.1116446875,5.2486328125,15.551,
0,0,,,14.827156066894533,77.81494140625,1206.1328125000002,0.11120250000000001,5.248242187500001,15.585,
0,0,,,14.67552185058594,77.01721191406251,1208.5644531250002,0.11006531250000001,5.248046875,15.619,
0,0,,,14.67552185058594,77.01721191406251,1211.2597656250002,0.11006531250000001,5.248046875,15.653,
0,0,,,14.72454071044922,77.2833251953125,1213.9453125000002,0.11043312500000001,5.2486328125,15.687,
0,0,,,14.79473114013672,77.63793945312501,1216.6308593750002,0.11095937500000001,5.24765625,15.721,
0,0,,,14.79473114013672,77.63793945312501,1219.3164062500002,0.11095937500000001,5.24765625,15.755,
0,0,,,14.789581298828125,77.62023925781251,1221.7871093750002,0.11092062500000001,5.2484375000000005,15.789,
0,0,,,14.763069152832031,77.48352050781251,1224.4628906250002,0.1107228125,5.2484375000000005,15.823,
0,0,,,14.763069152832031,77.48352050781251,1227.1484375000002,0.1107228125,5.2484375000000005,15.857,
0,0,,,14.693260192871094,77.1124267578125,1229.8535156250002,0.11019843750000001,5.248242187500001,15.891,
0,0,,,14.818572998046877,77.76977539062501,1232.2851562500002,0.111138125,5.248242187500001,15.925,
0,0,,,14.818572998046877,77.76977539062501,1234.9609375000002,0.111138125,5.2484375000000005,15.959,
0,0,,,14.73655700683594,77.34252929687501,1237.6562500000002,0.11052312500000001,5.2484375000000005,15.993,
0,0,,,14.788055419921877,77.6141357421875,1240.361328125,0.1109096875,5.2484375000000005,16.027,
0,0,,,14.788055419921877,77.6141357421875,1243.046875,0.1109096875,5.2486328125,16.061,
0,0,,,14.739227294921875,77.359619140625,1245.4687500000002,0.11054406250000001,5.2486328125,16.095,
0,0,,,14.72625732421875,77.29003906250001,1248.173828125,0.11044625000000001,5.2484375000000005,16.129,
0,0,,,14.72625732421875,77.29003906250001,1250.87890625,0.11178312500000001,5.248046875,16.163,
0,0,,,14.904594421386719,78.22021484375001,1253.544921875,0.11178312500000001,5.248046875,16.197,
0,0,,,14.662933349609375,76.95068359375001,1255.9765625000002,0.1099709375,5.248046875,16.231,
0,0,,,14.662933349609375,76.95068359375001,1258.6816406250002,0.11048031250000001,5.2484375000000005,16.265,
0,0,,,14.730834960937502,77.31201171875001,1261.4062500000002,0.11048031250000001,5.2484375000000005,16.299,
0,0,,,14.85595703125,77.97058105468751,1264.072265625,0.11141906250000001,5.2484375000000005,16.333,
0,0,,,14.85595703125,77.97058105468751,1266.50390625,0.11039187500000001,5.248046875,16.367,
0,0,,,14.719009399414062,77.24731445312501,1269.208984375,0.11039187500000001,5.248046875,16.401,
0,0,,,14.821052551269531,77.78137207031251,1271.9140625000002,0.111156875,5.248046875,16.435,
0,0,,,14.821052551269531,77.78137207031251,1274.609375,0.11102125000000002,5.2484375000000005,16.469,
0,0,,,14.802932739257812,77.69104003906251,1277.3046875,0.11102125000000002,5.2484375000000005,16.503,
0,0,,,14.706611633300781,77.18627929687501,1279.7558593750002,0.1102990625,5.2484375000000005,16.537,
0,0,,,14.706611633300781,78.03894042968751,1282.4511718750002,0.11152218750000001,5.248242187500001,16.571,
0,0,,,14.86968994140625,78.03894042968751,1285.1171875,0.11152218750000001,5.248242187500001,16.605,
0,0,,,14.717674255371094,77.24426269531251,1287.8125000000002,0.1103821875,5.2484375000000005,16.639,
0,0,,,14.81609344482422,77.76184082031251,1290.2734375000002,0.11112062500000001,5.2484375000000005,16.673,
0,0,,,14.81609344482422,77.76184082031251,1292.9589843750002,0.11112062500000001,5.2484375000000005,16.707,
0,0,,,14.736175537109375,77.33398437500001,1295.6250000000002,0.11052062500000001,5.2478515625,16.741,
0,0,,,14.593505859375002,76.59240722656251,1298.3105468750002,0.10945062500000001,5.2484375000000005,16.776,
0,0,,,14.593505859375002,76.59240722656251,1300.9960937500002,0.10945062500000001,5.2484375000000005,16.81,
0,0,,,14.81761932373047,77.76489257812501,1303.41796875,0.1111315625,5.248242187500001,16.844,
0,0,,,14.728546142578125,77.296142578125,1306.1230468750002,0.1104625,5.248242187500001,16.878,
0,0,,,14.728546142578125,77.296142578125,1308.8281250000002,0.1104625,5.248242187500001,16.912,
0,0,,,14.824104309082031,77.80700683593751,1311.5136718750002,0.11118000000000001,5.248828125,16.946,
0,0,,,14.71710205078125,77.23571777343751,1314.1992187500002,0.11037843750000001,5.248046875,16.98,
0,0,,,14.71710205078125,77.23571777343751,1316.650390625,0.11037843750000001,5.248046875,17.014,
0,0,,,14.829254150390625,77.8302001953125,1319.3554687500002,0.1112184375,5.2484375000000005,17.048,
0,0,,,14.872169494628906,78.04687500000001,1322.0507812500002,0.11154000000000001,5.2478515625,17.082,
0,0,,,14.872169494628906,78.04687500000001,1324.7363281250002,0.11154000000000001,5.2478515625,17.116,
0,0,,,14.66789245605469,76.98486328125001,1327.4316406250002,0.11000812500000001,5.2486328125,17.15,
0,0,,,14.831924438476564,77.84362792968751,1329.8925781250002,0.11123875000000001,5.2484375000000005,17.184,
0,0,,,14.831924438476564,77.84362792968751,1332.5781250000002,0.11123875000000001,5.2484375000000005,17.218,
0,0,,,14.755439758300781,77.43774414062501,1335.2636718750002,0.11066437500000001,5.248242187500001,17.252,
0,0,,,14.855575561523438,77.95837402343751,1337.9589843750002,0.11141625000000001,5.2478515625,17.286,
0,0,,,14.855575561523438,77.95837402343751,1340.4101562500002,0.11141625000000001,5.2478515625,17.32,
0,0,,,14.775848388671875,77.54577636718751,1343.0859375000002,0.11081781250000002,5.248242187500001,17.355,
0,0,,,14.593124389648438,76.58874511718751,1345.7714843750002,0.1094475,5.248242187500001,17.389,
0,0,,,14.593124389648438,76.58874511718751,1348.4667968750002,0.1094475,5.248242187500001,17.423,
0,0,,,14.847373962402344,77.93151855468751,1351.1816406250002,0.111354375,5.248828125,17.457,
0,0,,,14.84184265136719,77.8912353515625,1353.6132812500002,0.11131250000000001,5.248242187500001,17.491,
0,0,,,14.84184265136719,77.8912353515625,1356.2988281250002,0.11131250000000001,5.2486328125,17.525,
0,0,,,14.754104614257814,77.43713378906251,1359.0039062500002,0.11065437500000001,5.2486328125,17.559,
0,0,,,14.823341369628908,77.79418945312501,1361.7089843750002,0.111174375,5.248046875,17.593,
0,0,,,14.823341369628908,77.79418945312501,1364.384765625,0.111174375,5.248242187500001,17.627,
0,0,,,14.700698852539064,77.15209960937501,1366.826171875,0.11025406250000001,5.248242187500001,17.661,
0,0,,,14.850044250488283,77.93029785156251,1369.541015625,0.11137406250000001,5.2478515625,17.695,
0,0,,,14.850044250488283,77.93029785156251,1372.2265625,0.1107459375,5.248046875,17.729,
0,0,,,14.766120910644533,77.4932861328125,1374.912109375,0.1107459375,5.248046875,17.763,
0,0,,,14.778709411621094,77.5726318359375,1377.3730468750002,0.110839375,5.2490234375,17.797,
0,0,,,14.778709411621094,77.5726318359375,1380.078125,0.1112925,5.248242187500001,17.831,
0,0,,,14.83917236328125,77.87963867187501,1382.7539062500002,0.1112925,5.248242187500001,17.865,
0,0,,,14.633369445800781,76.7974853515625,1385.419921875,0.10974968750000001,5.248242187500001,17.899,
0,0,,,14.633369445800781,76.7974853515625,1388.134765625,0.11160906250000001,5.2478515625,17.933,
0,0,,,14.881324768066406,78.09387207031251,1390.576171875,0.11160906250000001,5.2478515625,17.967,
0,0,,,14.668655395507812,76.97692871093751,1393.2421875000002,0.1100134375,5.2478515625,18.001,
0,0,,,14.668655395507812,77.081298828125,1395.91796875,0.11014531250000001,5.2486328125,18.035,
0,0,,,14.686203002929688,77.081298828125,1398.6523437500002,0.11014531250000001,5.2486328125,18.069,
0,0,,,14.824295043945314,77.80395507812501,1401.328125,0.11118125000000001,5.2484375000000005,18.103,
0,0,,,14.744567871093752,77.38403320312501,1403.7500000000002,0.1105834375,5.2484375000000005,18.137,
0,0,,,14.744567871093752,77.38403320312501,1406.4257812500002,0.1105834375,5.2484375000000005,18.171,
0,0,,,14.760971069335938,77.47436523437501,1409.140625,0.11070625,5.2486328125,18.205,
0,0,,,14.76554870605469,77.4920654296875,1411.81640625,0.11074156250000002,5.248242187500001,18.239,
0,0,,,14.76554870605469,77.4920654296875,1414.2480468750002,0.11074156250000002,5.248242187500001,18.273,
0,0,,,14.623069763183596,76.74560546875,1416.9238281250002,0.10967156250000001,5.248242187500001,18.307,
0,0,,,14.823532104492188,77.78991699218751,1419.638671875,0.11117562500000001,5.2478515625,18.341,
0,0,,,14.823532104492188,77.78991699218751,1422.2949218750002,0.11117562500000001,5.2478515625,18.375,
0,0,,,14.664077758789064,76.95861816406251,1424.7363281250002,0.109979375,5.248242187500001,18.409,
0,0,,,14.789390563964846,77.618408203125,1427.4218750000002,0.1109196875,5.248242187500001,18.443,
0,0,,,14.789390563964846,77.618408203125,1430.1171875000002,0.1109196875,5.248242187500001,18.477,
0,0,,,14.704322814941406,77.18261718750001,1432.7929687500002,0.11028187500000002,5.2490234375,18.511,
0,0,,,14.705848693847656,77.18200683593751,1435.2441406250002,0.11029343750000001,5.2484375000000005,18.545,
0,0,,,14.705848693847656,77.18200683593751,1437.94921875,0.11029343750000001,5.2484375000000005,18.579,
0,0,,,14.951515197753908,78.46618652343751,1440.6445312500002,0.1121359375,5.248046875,18.613,
0,0,,,14.6728515625,77.0111083984375,1443.3007812500002,0.11004562500000001,5.2486328125,18.647,
0,0,,,14.6728515625,77.0111083984375,1446.0351562500002,0.11004562500000001,5.2486328125,18.681,
0,0,,,14.809799194335938,77.72033691406251,1448.4765625000002,0.11107312500000001,5.2478515625,18.715,
0,0,,,14.75944519042969,77.45910644531251,1451.1621093750002,0.11069500000000002,5.248242187500001,18.749,
0,0,,,14.75944519042969,77.45910644531251,1453.8378906250002,0.11069500000000002,5.248242187500001,18.783,
0,0,,,14.797782897949219,77.6617431640625,1456.5625000000002,0.11098218750000001,5.248242187500001,18.817,
0,0,,,14.839363098144531,77.87963867187501,1459.0039062500002,0.11129406250000001,5.248242187500001,18.851,
0,0,,,14.839363098144531,77.87963867187501,1461.6894531250002,0.11129406250000001,5.248242187500001,18.886,
0,0,,,14.651298522949219,76.89575195312501,1464.3457031250002,0.10988343750000001,5.2484375000000005,18.92,
0,0,,,14.765357971191406,77.48901367187501,1467.0703125000002,0.11073937500000001,5.248046875,18.954,
0,0,,,14.765357971191406,77.48901367187501,1469.7265625,0.11073937500000001,5.248046875,18.987,
0,0,,,14.704322814941406,77.16979980468751,1472.1777343750002,0.1102821875,5.248046875,19.021,
0,0,,,14.83917236328125,77.88574218750001,1474.8730468750002,0.1112925,5.2486328125,19.055,
0,0,,,14.83917236328125,77.88574218750001,1477.5878906250002,0.1112925,5.2486328125,19.089,
0,0,,,14.788246154785156,77.6141357421875,1480.2441406250002,0.1109115625,5.2484375000000005,19.123,
0,0,,,14.677810668945314,77.03308105468751,1482.9394531250002,0.11008281250000002,5.2484375000000005,19.157,
0,0,,,14.677810668945314,77.03308105468751,1485.3808593750002,0.11008281250000002,5.248828125,19.191,
0,0,,,14.752197265625002,77.43041992187501,1488.0859375000002,0.1106403125,5.248828125,19.225,
0,0,,,14.861106872558594,77.99499511718751,1490.7617187500002,0.1114578125,5.248242187500001,19.259,
0,0,,,14.861106872558594,77.99499511718751,1493.4570312500002,0.1114578125,5.248046875,19.293,
0,0,,,14.755439758300781,77.4359130859375,1495.9082031250002,0.110665625,5.248046875,19.327,
0,0,,,14.809036254882814,77.728271484375,1498.6230468750002,0.11106750000000001,5.248828125,19.361,
0,0,,,14.809036254882814,77.728271484375,1501.3085937500002,0.11092156250000001,5.248046875,19.395,
0,0,,,14.789581298828125,77.615966796875,1504.0136718750002,0.11092156250000001,5.248046875,19.429,
0,0,,,14.83135223388672,77.83569335937501,1506.4648437500002,0.11123375,5.248046875,19.463,
0,0,,,14.83135223388672,77.83569335937501,1509.1699218750002,0.11128,5.248242187500001,19.497,
0,0,,,14.837455749511719,77.86987304687501,1511.8359375000002,0.11128,5.248242187500001,19.531,
0,0,,,14.730644226074219,77.313232421875,1514.55078125,0.1104790625,5.2484375000000005,19.565,
0,0,,,14.730644226074219,77.313232421875,1516.9921875,0.110744375,5.248046875,19.599,
0,0,,,14.76593017578125,77.49145507812501,1519.677734375,0.110744375,5.248046875,19.633,
0,0,,,14.710235595703127,77.2064208984375,1522.36328125,0.11032562500000001,5.2486328125,19.667,
0,0,,,14.710235595703127,77.2064208984375,1525.0781250000002,0.111826875,5.2484375000000005,19.701,
0,0,,,14.910316467285156,78.25561523437501,1527.7734375000002,0.111826875,5.2484375000000005,19.735,
0,0,,,14.822769165039064,77.7972412109375,1530.224609375,0.11117062500000001,5.2484375000000005,19.769,
0,0,,,14.822769165039064,77.1868896484375,1532.9003906250002,0.110308125,5.248046875,19.803,
0,0,,,14.707946777343752,77.1868896484375,1535.6250000000002,0.110308125,5.248046875,19.837,
0,0,,,14.82696533203125,77.82043457031251,1538.3007812500002,0.11120062500000001,5.2486328125,19.871,
0,0,,,14.796638488769533,77.64892578125,1540.7519531250002,0.11097343750000001,5.2478515625,19.905,
0,0,,,14.796638488769533,77.64892578125,1543.4375000000002,0.11097343750000001,5.2478515625,19.94,
0,0,,,14.799690246582031,77.677001953125,1546.1621093750002,0.11099718750000001,5.2486328125,19.974,
0,0,,,14.778709411621094,77.56347656250001,1548.8378906250002,0.1108396875,5.2484375000000005,20.007,
0,0,,,14.778709411621094,77.56347656250001,1551.5429687500002,0.1108396875,5.2484375000000005,20.042,
0,0,,,14.823532104492188,77.79663085937501,1554.0039062500002,0.11117562500000001,5.248242187500001,20.075,
0,0,,,14.868927001953125,78.03161621093751,1556.7187500000002,0.11151687500000002,5.248046875,20.109,
0,0,,,14.868927001953125,78.03161621093751,1559.3847656250002,0.11151687500000002,5.248046875,20.143,
0,0,,,14.740180969238281,77.3565673828125,1562.0898437500002,0.11055093750000002,5.248046875,20.177,
0,0,,,14.785385131835938,77.60559082031251,1564.5214843750002,0.11089,5.248828125,20.211,
0,0,,,14.785385131835938,77.60559082031251,1567.2460937500002,0.11089,5.248828125,20.245,
0,0,,,14.830970764160158,77.83752441406251,1569.9218750000002,0.11123218750000001,5.2484375000000005,20.279,
0,0,,,14.654541015625002,76.92077636718751,1572.6074218750002,0.10990875000000001,5.2490234375,20.313,
0,0,,,14.654541015625002,76.92077636718751,1575.0488281250002,0.10990875000000001,5.2490234375,20.347,
0,0,,,14.920234680175781,78.29772949218751,1577.763671875,0.1119009375,5.2478515625,20.381,
0,0,,,14.707183837890625,77.17956542968751,1580.4296875000002,0.11030312500000002,5.2478515625,20.415,
0,0,,,14.707183837890625,77.17956542968751,1583.134765625,0.11030312500000002,5.2478515625,20.449,
0,0,,,14.768981933593752,77.51831054687501,1585.8203125,0.11076656250000001,5.248828125,20.483,
0,0,,,14.789581298828125,77.62084960937501,1588.28125,0.11092125000000001,5.2484375000000005,20.517,
0,0,,,14.789581298828125,77.62084960937501,1590.9570312500002,0.11092125000000001,5.2484375000000005,20.551,
0,0,,,14.783668518066408,77.5848388671875,1593.671875,0.11087593750000001,5.248046875,20.585,
0,0,,,14.805030822753906,77.70141601562501,1596.337890625,0.11103718750000001,5.2484375000000005,20.619,
0,0,,,14.805030822753906,77.70141601562501,1598.8085937500002,0.11103718750000001,5.2484375000000005,20.653,
0,0,,,14.792442321777344,77.6318359375,1601.494140625,0.11094218750000001,5.248242187500001,20.687,
0,0,,,14.76421356201172,77.48352050781251,1604.2187500000002,0.11073125,5.248046875,20.721,
0,0,,,14.76421356201172,77.48352050781251,1606.9042968750002,0.11073125,5.248046875,20.755,
0,0,,,14.856147766113283,77.96630859375,1609.3457031250002,0.11142,5.248046875,20.789,
0,0,,,14.780998229980469,77.57202148437501,1612.0312500000002,0.1108565625,5.248046875,20.823,
0,0,,,14.780998229980469,77.57202148437501,1614.7558593750002,0.1108565625,5.248046875,20.857,
0,0,,,14.82391357421875,77.80029296875001,1617.4218750000002,0.111178125,5.2484375000000005,20.891,
0,0,,,14.64080810546875,76.83410644531251,1620.1074218750002,0.109805625,5.248046875,20.925,
0,0,,,14.64080810546875,76.83410644531251,1622.5390625,0.109805625,5.2486328125,20.959,
0,0,,,14.762306213378908,77.4810791015625,1625.2734375,0.11071625,5.2486328125,20.994,
0,0,,,14.93816375732422,78.40087890625001,1627.9492187500002,0.11203500000000001,5.2484375000000005,21.028,
0,0,,,14.93816375732422,78.40087890625001,1630.6347656250002,0.11023406250000001,5.248828125,21.062,
0,0,,,14.698028564453125,77.14721679687501,1633.330078125,0.11023406250000001,5.248828125,21.096,
0,0,,,14.821243286132812,77.7838134765625,1635.8007812500005,0.11115843750000001,5.248242187500001,21.13,
0,0,,,14.821243286132812,77.7838134765625,1638.4765625000002,0.110640625,5.2484375000000005,21.164,
0,0,,,14.752197265625002,77.42492675781251,1641.1718750000005,0.110640625,5.2484375000000005,21.198,
0,0,,,14.79644775390625,77.65625000000001,1643.8574218750005,0.1109728125,5.2484375000000005,21.231,
0,0,,,14.79644775390625,77.65625000000001,1646.3281250000002,0.1111978125,5.248046875,21.265,
0,0,,,14.82658386230469,77.81066894531251,1648.9746093750002,0.1111978125,5.248046875,21.299,
0,0,,,14.671516418457031,77.00439453125001,1651.6992187500002,0.11003500000000001,5.2486328125,21.334,
0,0,,,14.671516418457031,77.00439453125001,1654.3847656250002,0.11117281250000001,5.248046875,21.367,
0,0,,,14.823150634765625,77.79235839843751,1656.8359375000002,0.11117281250000001,5.248046875,21.402,
0,0,,,14.803314208984377,77.69104003906251,1659.5214843750002,0.11102437500000001,5.248242187500001,21.435,
0,0,,,14.803314208984377,77.91625976562501,1662.236328125,0.11133656250000001,5.2486328125,21.469,
0,0,,,14.845085144042969,77.91625976562501,1664.921875,0.11133656250000001,5.2486328125,21.503,
0,0,,,14.769363403320314,77.50732421875,1667.6171875000002,0.110769375,5.2478515625,21.537,
0,0,,,14.713096618652346,77.22534179687501,1670.048828125,0.11034718750000001,5.248828125,21.571,
0,0,,,14.713096618652346,77.22534179687501,1672.75390625,0.11034718750000001,5.248828125,21.605,
0,0,,,14.782142639160156,77.5848388671875,1675.439453125,0.11086593750000001,5.2486328125,21.639,
0,0,,,14.776992797851564,77.5543212890625,1678.125,0.110826875,5.248242187500001,21.673,
0,0,,,14.776992797851564,77.5543212890625,1680.5566406250002,0.110826875,5.248242187500001,21.707,
0,0,,,14.774894714355469,77.54455566406251,1683.271484375,0.11081031250000001,5.2484375000000005,21.741,
0,0,,,14.673042297363283,77.0050048828125,1685.9277343750002,0.11004656250000001,5.248046875,21.775,
0,0,,,14.673042297363283,77.0050048828125,1688.6132812500002,0.11004656250000001,5.248046875,21.809,
0,0,,,14.711952209472656,77.21191406250001,1691.064453125,0.11033875000000001,5.248242187500001,21.843,
0,0,,,14.880180358886719,78.094482421875,1693.7890625000002,0.11160125000000001,5.248242187500001,21.877,
0,0,,,14.880180358886719,78.094482421875,1696.455078125,0.11160125000000001,5.248242187500001,21.911,
0,0,,,14.745903015136719,77.38220214843751,1699.1308593750002,0.11059312500000001,5.2478515625,21.945,
0,0,,,14.680671691894533,77.05261230468751,1701.7968750000002,0.110104375,5.2486328125,21.979,
0,0,,,14.680671691894533,77.05261230468751,1704.267578125,0.110104375,5.2486328125,22.013,
0,0,,,14.730072021484375,77.30163574218751,1706.9238281250002,0.11047468750000002,5.2478515625,22.048,
0,0,,,14.551353454589844,76.37695312500001,1709.5898437500002,0.109134375,5.248828125,22.082,
0,0,,,14.551353454589844,76.37695312500001,1712.2656250000005,0.109134375,5.248828125,22.116,
0,0,,,14.83917236328125,77.87414550781251,1714.970703125,0.111293125,5.2478515625,22.15,
0,0,,,14.743995666503906,77.38403320312501,1717.4023437500002,0.11057968750000001,5.2484375000000005,22.184,
0,0,,,14.743995666503906,77.38403320312501,1720.1171875,0.11057968750000001,5.2484375000000005,22.218,
0,0,,,14.737129211425781,77.34924316406251,1722.783203125,0.11052718750000001,5.2486328125,22.252,
0,0,,,14.688491821289062,77.09594726562501,1725.4589843750002,0.11016250000000001,5.248828125,22.286,
0,0,,,14.688491821289062,77.09594726562501,1727.8710937500002,0.11016250000000001,5.248828125,22.32,
0,0,,,14.661788940429688,76.9451904296875,1730.5664062500002,0.1099621875,5.248046875,22.354,
0,0,,,14.790344238281252,77.62756347656251,1733.2421875000002,0.11092750000000001,5.2486328125,22.388,
0,0,,,14.790344238281252,77.62756347656251,1735.9082031250002,0.11092750000000001,5.2486328125,22.422,
0,0,,,14.53533172607422,76.28662109375,1738.310546875,0.10901468750000001,5.2484375000000005,22.456,
0,0,,,14.664268493652344,76.96533203125,1741.0253906250005,0.10998125,5.2486328125,22.49,
0,0,,,14.664268493652344,76.96533203125,1743.7109375000005,0.10998125,5.2486328125,22.524,
0,0,,,14.831924438476564,77.84057617187501,1746.3867187500002,0.11123843750000001,5.248242187500001,22.558,
0,0,,,14.708137512207031,77.1917724609375,1749.0429687500002,0.1103096875,5.248242187500001,22.591,
0,0,,,14.708137512207031,77.1917724609375,1751.5136718750002,0.1103096875,5.2484375000000005,22.625,
0,0,,,14.698600769042969,77.1429443359375,1754.1699218750002,0.11023843750000001,5.2484375000000005,22.659,
0,1,,,12.128067016601562,63.70849609375,1.015625,0.090960625,5.2529296875,0.024,
0,1,,,12.128067016601562,63.70849609375,3.26171875,0.090960625,5.2529296875,0.058,
0,1,,,12.298011779785158,64.600830078125,5.517578125,0.09223468750000001,5.2529296875,0.092,
0,1,,,12.253570556640627,64.36523437500001,7.753906250000001,0.0919015625,5.252734375,0.126,
0,1,,,12.253570556640627,64.36523437500001,9.990234375000002,0.0919015625,5.2525390625,0.16,
0,1,,,12.310981750488281,64.6636962890625,12.03125,0.09233218750000001,5.2525390625,0.194,
0,1,,,12.341117858886719,64.82604980468751,14.287109375000002,0.09255718750000001,5.2529296875,0.228,
0,1,,,12.341117858886719,64.82604980468751,16.533203125000004,0.09241625,5.2523437500000005,0.262,
0,1,,,12.322235107421877,64.71984863281251,18.759765625000004,0.09241625,5.2523437500000005,0.296,
0,1,,,12.315750122070312,64.68627929687501,20.80078125,0.0923671875,5.2523437500000005,0.33,
0,1,,,12.315750122070312,64.68627929687501,23.056640625000004,0.09232343750000001,5.252734375,0.364,
0,1,,,12.309837341308596,64.66064453125,25.302734375000004,0.09232343750000001,5.252734375,0.399,
0,1,,,12.288665771484375,64.55017089843751,27.539062500000004,0.0921640625,5.2529296875,0.433,
0,1,,,12.288665771484375,64.55017089843751,29.775390625000007,0.09195937500000001,5.252734375,0.467,
0,1,,,12.261390686035156,64.4049072265625,31.826171875000004,0.09195937500000001,5.252734375,0.501,
0,1,,,12.307167053222656,64.64599609375,34.07226562500001,0.0923034375,5.252734375,0.535,
0,1,,,12.307167053222656,64.64599609375,36.30859375,0.09257125000000001,5.2525390625,0.569,
0,1,,,12.342834472656252,64.830322265625,38.53515625000001,0.09257125000000001,5.2525390625,0.603,
0,1,,,12.309837341308596,64.65515136718751,40.59570312500001,0.092323125,5.2523437500000005,0.637,
0,1,,,12.313270568847658,64.67102050781251,42.84179687500001,0.09234937500000001,5.252148437500001,0.671,
0,1,,,12.313270568847658,64.67102050781251,45.07812500000001,0.09234937500000001,5.252148437500001,0.705,
0,1,,,12.312316894531252,64.67285156250001,47.314453125,0.0923415625,5.252734375,0.739,
0,1,,,12.285041809082033,64.52392578125,49.57031250000001,0.09213718750000001,5.2523437500000005,0.773,
0,1,,,12.285041809082033,64.52392578125,51.611328125,0.09213718750000001,5.2523437500000005,0.807,
0,1,,,12.257575988769531,64.37866210937501,53.84765625,0.09193187500000001,5.252148437500001,0.841,
0,1,,,12.304687500000002,64.6307373046875,56.07421875000001,0.092284375,5.2525390625,0.875,
0,1,,,12.304687500000002,64.6307373046875,58.33984375,0.092284375,5.2525390625,0.909,
0,1,,,12.34092712402344,64.82360839843751,60.57617187500001,0.09255625,5.252734375,0.943,
0,1,,,12.311553955078125,64.66552734375001,62.61718750000001,0.09233656250000001,5.2525390625,0.977,
0,1,,,12.311553955078125,64.66552734375001,64.84375,0.09233656250000001,5.2525390625,1.011,
0,1,,,12.327384948730469,64.7509765625,67.119140625,0.09245468750000001,5.252734375,1.045,
0,1,,,12.306404113769531,64.6441650390625,69.345703125,0.0922975,5.2529296875,1.079,
0,1,,,12.306404113769531,64.6441650390625,71.38671875000001,0.0922975,5.2529296875,1.113,
0,1,,,12.290000915527344,64.55322265625,73.62304687500001,0.0921746875,5.2525390625,1.147,
0,1,,,12.258720397949219,64.3896484375,75.88867187500001,0.091939375,5.252734375,1.181,
0,1,,,12.258720397949219,64.3896484375,78.11523437500001,0.091939375,5.252734375,1.215,
0,1,,,12.302398681640625,64.619140625,80.36132812500001,0.0922675,5.2525390625,1.25,
0,1,,,12.339019775390627,64.80834960937501,82.392578125,0.09254250000000001,5.2523437500000005,1.284,
0,1,,,12.339019775390627,64.80834960937501,84.65820312500001,0.09254250000000001,5.2523437500000005,1.318,
0,1,,,12.316131591796877,64.68627929687501,86.88476562500001,0.09237031250000001,5.252148437500001,1.352,
0,1,,,12.313461303710938,64.67834472656251,89.12109375,0.0923503125,5.252734375,1.386,
0,1,,,12.313461303710938,64.67834472656251,91.3671875,0.0923503125,5.252734375,1.42,
0,1,,,12.308120727539062,64.6466064453125,93.42773437500001,0.0923103125,5.2523437500000005,1.455,
0,1,,,12.285804748535156,64.53125000000001,95.66406250000001,0.0921428125,5.2525390625,1.489,
0,1,,,12.285804748535156,64.53125000000001,97.89062500000001,0.0921428125,5.2525390625,1.523,
0,1,,,12.263679504394533,64.415283203125,100.13671875000001,0.0919771875,5.2525390625,1.557,
0,1,,,12.30926513671875,64.6514892578125,102.39257812500001,0.09231906250000001,5.2523437500000005,1.591,
0,1,,,12.30926513671875,64.6514892578125,104.43359375000001,0.09231906250000001,5.252148437500001,1.625,
0,1,,,12.332725524902346,64.771728515625,106.66015625000001,0.09249500000000001,5.252148437500001,1.659,
0,1,,,12.3138427734375,64.6795654296875,108.90625000000001,0.09235312500000001,5.2525390625,1.693,
0,1,,,12.3138427734375,64.6795654296875,111.162109375,0.0923634375,5.2523437500000005,1.727,
0,1,,,12.31517791748047,64.6826171875,113.3984375,0.0923634375,5.2523437500000005,1.761,
0,1,,,12.302398681640625,64.62036132812501,115.4296875,0.09226718750000001,5.252734375,1.795,
0,1,,,12.302398681640625,64.62036132812501,117.66601562500001,0.09217312500000001,5.252148437500001,1.829,
0,1,,,12.289810180664064,64.54833984375001,119.93164062500001,0.09217312500000001,5.252148437500001,1.863,
0,1,,,12.264442443847656,64.42443847656251,122.16796875000001,0.09198250000000001,5.2529296875,1.897,
0,1,,,12.264442443847656,64.42443847656251,124.19921875000001,0.0922890625,5.2523437500000005,1.931,
0,1,,,12.305259704589844,64.6319580078125,126.435546875,0.0922890625,5.2523437500000005,1.965,
0,1,,,12.333679199218752,64.7833251953125,128.70117187500003,0.09250156250000001,5.2525390625,1.999,
0,1,,,12.333679199218752,64.7833251953125,130.9375,0.09235812500000001,5.2525390625,2.033,
0,1,,,12.314414978027344,64.68078613281251,132.96875000000003,0.09235812500000001,5.2525390625,2.067,
0,1,,,12.309074401855469,64.652099609375,135.20507812500003,0.09231781250000001,5.2523437500000005,2.101,
0,1,,,12.309074401855469,64.62463378906251,137.46093750000003,0.09227093750000001,5.2529296875,2.135,
0,1,,,12.30278015136719,64.62463378906251,139.70703125000003,0.09227093750000001,5.2529296875,2.169,
0,1,,,12.286376953125,64.53430175781251,141.943359375,0.092146875,5.2525390625,2.203,
0,1,,,12.261390686035156,64.4073486328125,143.97460937500003,0.09195906250000001,5.2529296875,2.237,
0,1,,,12.261390686035156,64.4073486328125,146.23046875,0.09195906250000001,5.2529296875,2.271,
0,1,,,12.305068969726564,64.63134765625,148.47656250000003,0.09228750000000001,5.2525390625,2.304,
0,1,,,12.335968017578125,64.7991943359375,150.71289062500003,0.09251906250000001,5.2529296875,2.338,
0,1,,,12.335968017578125,64.7991943359375,152.74414062500003,0.09251906250000001,5.2529296875,2.372,
0,1,,,12.325477600097656,64.7430419921875,155.00000000000003,0.09244031250000001,5.2529296875,2.406,
0,1,,,12.308120727539062,64.64782714843751,157.24609375,0.09231093750000001,5.2525390625,2.44,
0,1,,,12.308120727539062,64.64782714843751,159.48242187500003,0.09231093750000001,5.2525390625,2.474,
0,1,,,12.304115295410158,64.62829589843751,161.51367187500003,0.092280625,5.2525390625,2.509,
0,1,,,12.288093566894531,64.5391845703125,163.77929687500003,0.09216062500000001,5.252148437500001,2.543,
0,1,,,12.288093566894531,64.5391845703125,166.015625,0.09216062500000001,5.252148437500001,2.577,
0,1,,,12.262344360351562,64.40979003906251,168.25195312500003,0.09196625000000001,5.252734375,2.611,
0,1,,,12.309455871582033,64.65820312500001,170.49804687500003,0.0923209375,5.252734375,2.645,
0,1,,,12.309455871582033,64.65820312500001,172.54882812500003,0.0923209375,5.252734375,2.679,
0,1,,,12.331390380859377,64.77233886718751,174.78515625000003,0.09248500000000001,5.252734375,2.713,
0,1,,,12.322616577148438,64.73144531250001,177.021484375,0.09241968750000001,5.253125000000001,2.747,
0,1,,,12.322616577148438,64.73144531250001,179.26757812500003,0.09241968750000001,5.253125000000001,2.781,
0,1,,,12.308120727539062,64.6484375,181.513671875,0.09231062500000001,5.2525390625,2.815,
0,1,,,12.310218811035156,64.6624755859375,183.54492187500003,0.0923265625,5.252734375,2.849,
0,1,,,12.310218811035156,64.6624755859375,185.791015625,0.0923265625,5.252734375,2.883,
0,1,,,12.28313446044922,64.51538085937501,188.037109375,0.09212312500000001,5.2523437500000005,2.917,
0,1,,,12.262916564941406,64.41101074218751,190.28320312500003,0.0919709375,5.2525390625,2.951,
0,1,,,12.262916564941406,64.41101074218751,192.31445312500003,0.0919709375,5.2525390625,2.985,
0,1,,,12.30278015136719,64.619140625,194.56054687500003,0.09227,5.2525390625,3.019,
0,1,,,12.332725524902346,64.781494140625,196.80664062500003,0.09249531250000001,5.2529296875,3.053,
0,1,,,12.332725524902346,64.781494140625,199.05273437500003,0.09249531250000001,5.2529296875,3.087,
0,1,,,12.324714660644533,64.73449707031251,201.083984375,0.092435,5.2525390625,3.121,
0,1,,,12.308692932128906,64.65759277343751,203.330078125,0.0923140625,5.253125000000001,3.155,
0,1,,,12.308692932128906,64.65759277343751,205.576171875,0.0923140625,5.253125000000001,3.189,
0,1,,,12.303161621093752,64.62768554687501,207.822265625,0.09227281250000001,5.2529296875,3.223,
0,1,,,12.28599548339844,64.53308105468751,210.05859375000003,0.092145,5.2525390625,3.257,
0,1,,,12.28599548339844,64.53308105468751,212.09960937500003,0.092145,5.2525390625,3.291,
0,1,,,12.265586853027346,64.42504882812501,214.33593750000003,0.09199093750000001,5.2525390625,3.325,
0,1,,,12.305259704589844,64.63134765625,216.59179687500003,0.092289375,5.2523437500000005,3.359,
0,1,,,12.305259704589844,64.63134765625,218.82812500000003,0.0925046875,5.2525390625,3.393,
0,1,,,12.334060668945312,64.7845458984375,220.859375,0.0925046875,5.2525390625,3.427,
0,1,,,12.325286865234375,64.7406005859375,223.10546875,0.0924390625,5.252734375,3.461,
0,1,,,12.325286865234375,64.7406005859375,225.36132812500003,0.09226125,5.252734375,3.495,
0,1,,,12.3016357421875,64.615478515625,227.59765625,0.09226125,5.252734375,3.529,
0,1,,,12.311553955078125,64.66613769531251,229.62890625000003,0.09233625000000001,5.2525390625,3.563,
0,1,,,12.311553955078125,64.66613769531251,231.87500000000003,0.09208625000000001,5.2525390625,3.597,
0,1,,,12.278175354003906,64.4921875,234.130859375,0.09208625000000001,5.2525390625,3.631,
0,1,,,12.259674072265625,64.39758300781251,236.36718750000003,0.09194718750000001,5.252734375,3.665,
0,1,,,12.259674072265625,64.39758300781251,238.60351562500003,0.09233875000000001,5.2523437500000005,3.699,
0,1,,,12.311935424804688,64.66613769531251,240.84960937500003,0.09233875000000001,5.2523437500000005,3.733,
0,1,,,12.331199645996094,64.77233886718751,242.90039062500003,0.09248312500000001,5.252734375,3.767,
0,1,,,12.328529357910158,64.75341796875,245.13671875000003,0.09246312500000001,5.2523437500000005,3.801,
0,1,,,12.328529357910158,64.75341796875,247.37304687500006,0.09246312500000001,5.2523437500000005,3.835,
0,1,,,12.30602264404297,64.64050292968751,249.61914062500003,0.092295,5.252734375,3.869,
0,1,,,12.303924560546875,64.6295166015625,251.66992187500003,0.09227968750000001,5.252734375,3.903,
0,1,,,12.303924560546875,64.6295166015625,253.90625,0.09227968750000001,5.252734375,3.937,
0,1,,,12.284278869628906,64.5245361328125,256.142578125,0.09213093750000001,5.252734375,3.971,
0,1,,,12.264060974121096,64.4195556640625,258.3984375,0.091979375,5.252734375,4.005,
0,1,,,12.264060974121096,64.4195556640625,260.439453125,0.091979375,5.252734375,4.039,
0,1,,,12.308502197265627,64.649658203125,262.67578125,0.09231281250000001,5.2525390625,4.073,
0,1,,,12.33978271484375,64.80957031250001,264.91210937500006,0.0925475,5.252148437500001,4.107,
0,1,,,12.33978271484375,64.80957031250001,267.16796875000006,0.0925475,5.252148437500001,4.141,
0,1,,,12.330055236816406,64.7613525390625,269.41406250000006,0.09247468750000001,5.2523437500000005,4.175,
0,1,,,12.30888366699219,64.647216796875,271.44531250000006,0.0923165625,5.252148437500001,4.209,
0,1,,,12.30888366699219,64.647216796875,273.681640625,0.0923165625,5.252148437500001,4.243,
0,1,,,12.314987182617188,64.68017578125,275.93750000000006,0.09236156250000001,5.252148437500001,4.277,
0,1,,,12.282943725585938,64.51416015625,278.18359375000006,0.0921215625,5.2523437500000005,4.311,
0,1,,,12.282943725585938,64.51416015625,280.21484375,0.0921215625,5.2523437500000005,4.345,
0,1,,,12.262916564941406,64.41406250000001,282.4609375,0.0919715625,5.252734375,4.379,
0,1,,,12.311172485351562,64.66613769531251,284.70703125,0.092333125,5.252734375,4.413,
0,1,,,12.311172485351562,64.66613769531251,286.95312500000006,0.092333125,5.252734375,4.447,
0,1,,,12.32128143310547,64.71801757812501,288.984375,0.092409375,5.2525390625,4.481,
0,1,,,12.331962585449219,64.77600097656251,291.23046875,0.09248906250000001,5.252734375,4.515,
0,1,,,12.331962585449219,64.77600097656251,293.47656250000006,0.09248906250000001,5.252734375,4.549,
0,1,,,12.30621337890625,64.63989257812501,295.72265625000006,0.09229593750000001,5.252734375,4.583,
0,1,,,12.304306030273438,64.6343994140625,297.75390625000006,0.09228125000000001,5.253125000000001,4.618,
0,1,,,12.304306030273438,64.6343994140625,299.990234375,0.09228125000000001,5.253125000000001,4.652,
0,1,,,12.28485107421875,64.52575683593751,302.24609375,0.09213562500000001,5.2525390625,4.686,
0,1,,,12.258338928222658,64.38354492187501,304.4921875,0.0919371875,5.252148437500001,4.72,
0,1,,,12.258338928222658,64.38354492187501,306.71875000000006,0.0919371875,5.252148437500001,4.754,
0,1,,,12.309455871582033,64.65393066406251,308.96484375000006,0.09231968750000001,5.2525390625,4.788,
0,1,,,12.325286865234375,64.7381591796875,311.015625,0.09243875000000001,5.2525390625,4.822,
0,1,,,12.325286865234375,64.7381591796875,313.26171875000006,0.09243875000000001,5.2529296875,4.856,
0,1,,,12.338638305664062,64.813232421875,315.49804687500006,0.09253875,5.2529296875,4.89,
0,1,,,12.30621337890625,64.64172363281251,317.73437500000006,0.09229625000000001,5.252734375,4.924,
0,1,,,12.30621337890625,64.64172363281251,319.78515625000006,0.09229625000000001,5.252734375,4.958,
0,1,,,12.315940856933594,64.6917724609375,322.03125000000006,0.092369375,5.252734375,4.991,
0,1,,,12.277984619140627,64.48608398437501,324.2578125,0.09208500000000001,5.252148437500001,5.026,
0,1,,,12.277984619140627,64.48608398437501,326.50390625000006,0.09192718750000001,5.252734375,5.059,
0,1,,,12.25700378417969,64.38110351562501,328.54492187500006,0.09192718750000001,5.252734375,5.093,
0,1,,,12.314224243164064,64.6820068359375,330.80078125,0.09235562500000001,5.252734375,5.127,
0,1,,,12.314224243164064,64.6820068359375,333.03710937500006,0.09242968750000001,5.2529296875,5.161,
0,1,,,12.32414245605469,64.736328125,335.27343750000006,0.09242968750000001,5.2529296875,5.195,
0,1,,,12.336158752441408,64.801025390625,337.52929687500006,0.09252125000000001,5.2529296875,5.229,
0,1,,,12.336158752441408,64.801025390625,339.5703125,0.09236218750000001,5.252734375,5.263,
0,1,,,12.314987182617188,64.68627929687501,341.81640625000006,0.09236218750000001,5.252734375,5.297,
0,1,,,12.327194213867188,64.74609375,344.05273437500006,0.09245312500000001,5.2523437500000005,5.331,
0,1,,,12.327194213867188,64.74609375,346.29882812500006,0.09212250000000001,5.252734375,5.365,
0,1,,,12.28313446044922,64.51843261718751,348.34960937500006,0.09212250000000001,5.252734375,5.399,
0,1,,,12.257194519042969,64.37866210937501,350.5859375,0.0919284375,5.2523437500000005,5.433,
0,1,,,12.257194519042969,64.37866210937501,352.81250000000006,0.09231906250000001,5.252734375,5.467,
0,1,,,12.30926513671875,64.65698242187501,355.06835937500006,0.09231906250000001,5.252734375,5.501,
0,1,,,12.314414978027344,64.6820068359375,357.11914062500006,0.09235750000000001,5.2525390625,5.535,
0,1,,,12.351417541503908,64.873046875,359.35546875,0.09263468750000001,5.2523437500000005,5.569,
0,1,,,12.351417541503908,64.873046875,361.59179687500006,0.09263468750000001,5.2523437500000005,5.603,
0,1,,,12.30926513671875,64.65637207031251,363.83789062500006,0.0923184375,5.252734375,5.637,
0,1,,,12.317276000976562,64.70214843750001,365.88867187500006,0.0923796875,5.2529296875,5.672,
0,1,,,12.317276000976562,64.70214843750001,368.12500000000006,0.0923796875,5.2529296875,5.706,
0,1,,,12.280082702636719,64.50439453125001,370.361328125,0.0921003125,5.252734375,5.74,
0,1,,,12.261962890625,64.410400390625,372.61718750000006,0.09196375000000001,5.2529296875,5.774,
0,1,,,12.261962890625,64.410400390625,374.853515625,0.09196375000000001,5.2529296875,5.808,
0,1,,,12.307929992675783,64.652099609375,377.09960937500006,0.09230937500000001,5.2529296875,5.842,
0,1,,,12.312698364257814,64.6746826171875,379.130859375,0.09234468750000001,5.252734375,5.876,
0,1,,,12.312698364257814,64.6746826171875,381.38671875,0.09234468750000001,5.252734375,5.91,
0,1,,,12.341308593750002,64.8193359375,383.62304687500006,0.09255906250000001,5.252148437500001,5.944,
0,1,,,12.308120727539062,64.6484375,385.86914062500006,0.09231,5.2525390625,5.978,
0,1,,,12.308120727539062,64.6484375,387.90039062500006,0.09231,5.2525390625,6.012,
0,1,,,12.314796447753906,64.68078613281251,390.15625000000006,0.092360625,5.2523437500000005,6.046,
0,1,,,12.286758422851562,64.53430175781251,392.39257812500006,0.09215062500000001,5.2523437500000005,6.08,
0,1,,,12.286758422851562,64.53430175781251,394.63867187500006,0.09215062500000001,5.2523437500000005,6.114,
0,1,,,12.256622314453125,64.3798828125,396.66992187500006,0.091924375,5.252734375,6.147,
0,1,,,12.304115295410158,64.62280273437501,398.92578125,0.09227968750000001,5.252148437500001,6.181,
0,1,,,12.304115295410158,64.62280273437501,401.16210937500006,0.09227968750000001,5.252148437500001,6.215,
0,1,,,12.31803894042969,64.6929931640625,403.4082031250001,0.09238531250000001,5.251953125,6.249,
0,1,,,12.339019775390627,64.8150634765625,405.439453125,0.09254156250000001,5.2529296875,6.283,
0,1,,,12.339019775390627,64.8150634765625,407.685546875,0.09254156250000001,5.2529296875,6.317,
0,1,,,12.307167053222656,64.64294433593751,409.94140625000006,0.09230281250000001,5.2525390625,6.351,
0,1,,,12.322235107421877,64.7210693359375,412.177734375,0.0924159375,5.2523437500000005,6.385,
0,1,,,12.322235107421877,64.7210693359375,414.41406250000006,0.0924159375,5.2523437500000005,6.419,
0,1,,,12.287139892578125,64.53552246093751,416.45507812500006,0.0921534375,5.2523437500000005,6.453,
0,1,,,12.251472473144531,64.35241699218751,418.71093750000006,0.09188531250000001,5.252734375,6.487,
0,1,,,12.251472473144531,64.35241699218751,420.947265625,0.09188531250000001,5.252734375,6.521,
0,1,,,12.31689453125,64.68750000000001,423.1835937500001,0.09237687500000001,5.251953125,6.555,
0,1,,,12.3077392578125,64.6453857421875,425.22460937500006,0.0923078125,5.2523437500000005,6.589,
0,1,,,12.3077392578125,64.6453857421875,427.48046875000006,0.0923078125,5.2525390625,6.623,
0,1,,,12.345314025878906,64.8431396484375,429.70703125,0.09258843750000001,5.2525390625,6.657,
0,1,,,12.314033508300781,64.6820068359375,431.953125,0.092354375,5.252734375,6.691,
0,1,,,12.314033508300781,64.6820068359375,434.00390625,0.092354375,5.252734375,6.726,
0,1,,,12.312698364257814,64.67346191406251,436.25,0.092344375,5.252734375,6.76,
0,1,,,12.29839324951172,64.6014404296875,438.48632812500006,0.092238125,5.252734375,6.794,
0,1,,,12.29839324951172,64.6014404296875,440.72265625,0.09192968750000001,5.2525390625,6.828,
0,1,,,12.257385253906252,64.38293457031251,442.98828125,0.09192968750000001,5.2525390625,6.862,
0,1,,,12.306785583496094,64.63867187500001,445.22460937500006,0.09230062500000001,5.2523437500000005,6.896,
0,1,,,12.306785583496094,64.63867187500001,447.25585937500006,0.09235593750000001,5.2525390625,6.93,
0,1,,,12.314224243164064,64.6795654296875,449.49218750000006,0.09235593750000001,5.2525390625,6.964,
0,1,,,12.338829040527344,64.8138427734375,451.7480468750001,0.09254000000000001,5.2529296875,6.998,
0,1,,,12.338829040527344,64.8138427734375,453.9941406250001,0.09240250000000001,5.2523437500000005,7.032,
0,1,,,12.320327758789064,64.71191406250001,456.025390625,0.09240250000000001,5.2523437500000005,7.066,
0,1,,,12.31803894042969,64.70275878906251,458.271484375,0.0923846875,5.252734375,7.1,
0,1,,,12.31803894042969,64.70275878906251,460.517578125,0.09218250000000001,5.252734375,7.134,
0,1,,,12.291145324707031,64.56115722656251,462.763671875,0.09218250000000001,5.252734375,7.168,
0,1,,,12.25547790527344,64.37316894531251,464.80468750000006,0.09191625,5.2525390625,7.202,
0,1,,,12.318992614746096,64.7076416015625,467.041015625,0.0923925,5.252734375,7.236,
0,1,,,12.318992614746096,64.7076416015625,469.287109375,0.0923925,5.252734375,7.27,
0,1,,,12.309455871582033,64.6514892578125,471.533203125,0.09231968750000001,5.2523437500000005,7.304,
0,1,,,12.33329772949219,64.7711181640625,473.57421875000006,0.0924990625,5.2517578125,7.338,
0,1,,,12.33329772949219,64.7711181640625,475.80078125,0.0924990625,5.2517578125,7.372,
0,1,,,12.316322326660156,64.68383789062501,478.05664062500006,0.092371875,5.251953125,7.406,
0,1,,,12.318801879882812,64.705810546875,480.30273437500006,0.092390625,5.252734375,7.44,
0,1,,,12.318801879882812,64.705810546875,482.54882812500006,0.092390625,5.252734375,7.474,
0,1,,,12.292098999023438,64.56420898437501,484.58007812500006,0.09219093750000001,5.2525390625,7.508,
0,1,,,12.24937438964844,64.33837890625001,486.82617187500006,0.0918696875,5.2523437500000005,7.542,
0,1,,,12.24937438964844,64.33837890625001,489.07226562500006,0.0918696875,5.2523437500000005,7.576,
0,1,,,12.311363220214846,64.6612548828125,491.31835937500006,0.0923353125,5.252148437500001,7.61,
0,1,,,12.314605712890627,64.68383789062501,493.34960937500006,0.09235937500000001,5.2525390625,7.644,
0,1,,,12.314605712890627,64.68383789062501,495.59570312500006,0.09235937500000001,5.2525390625,7.678,
0,1,,,12.335968017578125,64.7979736328125,497.84179687500006,0.0925196875,5.252734375,7.712,
0,1,,,12.323188781738283,64.7259521484375,500.08789062500006,0.09242312500000001,5.2525390625,7.746,
0,1,,,12.323188781738283,64.7259521484375,502.11914062500006,0.09242312500000001,5.2525390625,7.78,
0,1,,,12.316703796386719,64.697265625,504.375,0.0923740625,5.2529296875,7.814,
0,1,,,12.293815612792969,64.5721435546875,506.6113281250001,0.0922025,5.2525390625,7.848,
0,1,,,12.293815612792969,64.5721435546875,508.85742187500006,0.0922025,5.2525390625,7.882,
0,1,,,12.2528076171875,64.35791015625001,511.09375,0.09189625000000001,5.2525390625,7.916,
0,1,,,12.312316894531252,64.67224121093751,513.3593750000001,0.09234125000000001,5.252734375,7.95,
0,1,,,12.312316894531252,64.67224121093751,515.3906250000001,0.09234125000000001,5.252734375,7.984,
0,1,,,12.321090698242188,64.71862792968751,517.6269531250001,0.0924071875,5.252734375,8.018,
0,1,,,12.33940124511719,64.813232421875,519.873046875,0.092545,5.2525390625,8.052,
0,1,,,12.33940124511719,64.813232421875,522.1289062500001,0.092545,5.2525390625,8.086,
0,1,,,12.320518493652344,64.710693359375,524.1601562500001,0.0924034375,5.2523437500000005,8.12,
0,1,,,12.312507629394531,64.6673583984375,526.3964843750001,0.09234312500000001,5.252148437500001,8.154,
0,1,,,12.312507629394531,64.6673583984375,528.642578125,0.09234312500000001,5.252148437500001,8.188,
0,1,,,12.290382385253908,64.5538330078125,530.8984375000001,0.09217718750000001,5.2525390625,8.222,
0,1,,,12.2528076171875,64.361572265625,533.1347656250001,0.0918953125,5.2529296875,8.256,
0,1,,,12.2528076171875,64.361572265625,535.1757812500001,0.0918953125,5.2523437500000005,8.29,
0,1,,,12.320518493652344,64.710693359375,537.4121093750001,0.09240281250000001,5.2523437500000005,8.324,
0,1,,,12.305259704589844,64.63256835937501,539.6679687500001,0.0922884375,5.2525390625,8.358,
0,1,,,12.305259704589844,64.63256835937501,541.9042968750001,0.09252250000000001,5.2529296875,8.392,
0,1,,,12.336349487304688,64.80041503906251,543.9355468750001,0.09252250000000001,5.2529296875,8.426,
0,1,,,12.314987182617188,64.6820068359375,546.1816406250001,0.09236156250000001,5.2523437500000005,8.46,
0,1,,,12.314987182617188,64.6820068359375,548.4375,0.092345625,5.252734375,8.494,
0,1,,,12.312889099121094,64.67407226562501,550.6738281250001,0.092345625,5.252734375,8.528,
0,1,,,12.29400634765625,64.58129882812501,552.7050781250001,0.09220500000000001,5.253125000000001,8.562,
0,1,,,12.29400634765625,64.58129882812501,554.9511718750001,0.09184,5.2525390625,8.596,
0,1,,,12.245368957519531,64.31823730468751,557.20703125,0.09184,5.2525390625,8.63,
0,1,,,12.30926513671875,64.65270996093751,559.4433593750001,0.09231937500000001,5.2523437500000005,8.664,
0,1,,,12.30926513671875,64.65270996093751,561.6796875000001,0.092308125,5.2525390625,8.698,
0,1,,,12.3077392578125,64.647216796875,563.7109375000001,0.092308125,5.2525390625,8.732,
0,1,,,12.33654022216797,64.79553222656251,565.9765625000001,0.09252312500000001,5.2523437500000005,8.766,
0,1,,,12.33654022216797,64.79553222656251,568.212890625,0.09242625,5.252734375,8.8,
0,1,,,12.323570251464844,64.7308349609375,570.4492187500001,0.09242625,5.252734375,8.835,
0,1,,,12.309646606445312,64.65820312500001,572.6855468750001,0.09232218750000001,5.252734375,8.869,
0,1,,,12.295532226562502,64.58190917968751,574.7363281250001,0.09221562500000001,5.2525390625,8.903,
0,1,,,12.295532226562502,64.58190917968751,576.982421875,0.09221562500000001,5.2525390625,8.937,
0,1,,,12.241172790527346,64.298095703125,579.2187500000001,0.09180875000000001,5.2525390625,8.971,
0,1,,,12.312889099121094,64.67346191406251,581.4550781250001,0.092345625,5.2525390625,9.005,
0,1,,,12.312889099121094,64.67346191406251,583.5058593750001,0.092345625,5.2525390625,9.039,
0,1,,,12.30621337890625,64.64233398437501,585.7519531250001,0.09229593750000001,5.2529296875,9.073,
0,1,,,12.335395812988281,64.79064941406251,587.98828125,0.092515625,5.2523437500000005,9.107,
0,1,,,12.335395812988281,64.79064941406251,590.2246093750001,0.092515625,5.2523437500000005,9.141,
0,1,,,12.327575683593752,64.74914550781251,592.48046875,0.09245718750000001,5.2523437500000005,9.175,
0,1,,,12.309837341308596,64.661865234375,594.5214843750001,0.0923228125,5.2529296875,9.209,
0,1,,,12.309837341308596,64.661865234375,596.7578125,0.0923228125,5.2529296875,9.243,
0,1,,,12.299728393554688,64.605712890625,598.9941406250001,0.092246875,5.252734375,9.277,
0,1,,,12.24517822265625,64.3109130859375,601.259765625,0.0918378125,5.251953125,9.311,
0,1,,,12.24517822265625,64.3109130859375,603.2910156250001,0.0918378125,5.251953125,9.345,
0,1,,,12.320899963378908,64.71740722656251,605.5371093750001,0.09240593750000001,5.252734375,9.379,
0,1,,,12.309837341308596,64.65087890625001,607.763671875,0.092323125,5.251953125,9.413,
0,1,,,12.309837341308596,64.65087890625001,610.0292968750001,0.092323125,5.251953125,9.447,
0,1,,,12.335014343261719,64.7894287109375,612.060546875,0.09251187500000001,5.2525390625,9.481,
0,1,,,12.319564819335938,64.7100830078125,614.3066406250001,0.09239593750000001,5.252734375,9.515,
0,1,,,12.319564819335938,64.7100830078125,616.533203125,0.09239593750000001,5.252734375,9.549,
0,1,,,12.31040954589844,64.66064453125,618.7988281250001,0.09232781250000001,5.2525390625,9.583,
0,1,,,12.298011779785158,64.593505859375,621.03515625,0.09223531250000001,5.2523437500000005,9.617,
0,1,,,12.298011779785158,64.593505859375,623.0664062500001,0.09223531250000001,5.2523437500000005,9.651,
0,1,,,12.243270874023438,64.30786132812501,625.3027343750001,0.09182375000000001,5.2525390625,9.684,
0,1,,,12.313079833984375,64.676513671875,627.5683593750001,0.0923478125,5.252734375,9.718,
0,1,,,12.313079833984375,64.676513671875,629.8046875000001,0.0923478125,5.252734375,9.752,
0,1,,,12.311172485351562,64.66857910156251,631.8457031250001,0.092333125,5.2529296875,9.786,
0,1,,,12.331962585449219,64.77478027343751,634.0722656250001,0.0924896875,5.2525390625,9.82,
0,1,,,12.331962585449219,64.77478027343751,636.3378906250001,0.0924896875,5.2525390625,9.854,
0,1,,,12.326622009277346,64.7528076171875,638.5742187500001,0.09244937500000001,5.253125000000001,9.889,
0,1,,,12.305450439453125,64.6319580078125,640.810546875,0.09228968750000001,5.2523437500000005,9.923,
0,1,,,12.305450439453125,64.6319580078125,642.8515625000001,0.09228968750000001,5.2529296875,9.957,
0,1,,,12.31040954589844,64.6649169921875,645.1074218750001,0.0923275,5.2529296875,9.991,
0,1,,,12.236404418945314,64.27429199218751,647.3437500000001,0.0917721875,5.252734375,10.025,
0,1,,,12.236404418945314,64.27429199218751,649.5800781250001,0.0923565625,5.253125000000001,10.059,
0,1,,,12.314224243164064,64.68750000000001,651.6210937500001,0.0923565625,5.253125000000001,10.093,
0,1,,,12.308120727539062,64.65026855468751,653.8769531250001,0.09231093750000001,5.252734375,10.127,
0,1,,,12.308120727539062,64.65026855468751,656.1132812500001,0.09252125000000001,5.2529296875,10.161,
0,1,,,12.336158752441408,64.80041503906251,658.3496093750001,0.09252125000000001,5.2529296875,10.195,
0,1,,,12.326812744140625,64.74182128906251,660.595703125,0.09245062500000001,5.252148437500001,10.229,
0,1,,,12.326812744140625,64.74182128906251,662.6562500000001,0.09236218750000001,5.2525390625,10.263,
0,1,,,12.314987182617188,64.68505859375,664.892578125,0.09236218750000001,5.2525390625,10.297,
0,1,,,12.307929992675783,64.6466064453125,667.1191406250001,0.09230906250000001,5.2525390625,10.331,
0,1,,,12.307929992675783,64.6466064453125,669.3652343750001,0.0917546875,5.2523437500000005,10.365,
0,1,,,12.233924865722656,64.25720214843751,671.4257812500001,0.0917546875,5.2523437500000005,10.399,
0,1,,,12.325096130371096,64.7369384765625,673.662109375,0.09243781250000001,5.2525390625,10.433,
0,1,,,12.325096130371096,64.7369384765625,675.8984375000001,0.0922975,5.252734375,10.467,
0,1,,,12.306404113769531,64.64233398437501,678.1347656250001,0.0922975,5.252734375,10.501,
0,1,,,12.328720092773438,64.75769042968751,680.3906250000001,0.092465,5.252734375,10.535,
0,1,,,12.325859069824219,64.7381591796875,682.4316406250001,0.09244375,5.2523437500000005,10.569,
0,1,,,12.325859069824219,64.7381591796875,684.6582031250001,0.09244375,5.2523437500000005,10.603,
0,1,,,12.312316894531252,64.66552734375001,686.9042968750001,0.09234250000000001,5.252148437500001,10.637,
0,1,,,12.312126159667969,64.6759033203125,689.16015625,0.09234,5.253125000000001,10.671,
0,1,,,12.312126159667969,64.6759033203125,691.40625,0.09234,5.253125000000001,10.706,
0,1,,,12.237930297851564,64.28161621093751,693.4375,0.09178406250000001,5.252734375,10.74,
0,1,,,12.310028076171875,64.65759277343751,695.6738281250001,0.09232437500000001,5.2525390625,10.774,
0,1,,,12.310028076171875,64.65759277343751,697.9296875000001,0.09232437500000001,5.2525390625,10.808,
0,1,,,12.305831909179688,64.63256835937501,700.17578125,0.0922934375,5.252148437500001,10.842,
0,1,,,12.320899963378908,64.71740722656251,702.2070312500001,0.09240656250000001,5.252734375,10.876,
0,1,,,12.320899963378908,64.71740722656251,704.443359375,0.09240656250000001,5.252734375,10.91,
0,1,,,12.334251403808596,64.79003906250001,706.6992187500001,0.09250625000000001,5.2529296875,10.945,
0,1,,,12.310600280761719,64.65820312500001,708.9453125,0.09232875,5.2523437500000005,10.979,
0,1,,,12.310600280761719,64.65820312500001,711.181640625,0.09232875,5.2523437500000005,11.013,
0,1,,,12.308692932128906,64.65332031250001,713.4277343750001,0.0923140625,5.252734375,11.047,
0,1,,,12.236595153808594,64.27185058593751,715.4687500000001,0.0917740625,5.2525390625,11.081,
0,1,,,12.236595153808594,64.27185058593751,717.71484375,0.0917740625,5.2525390625,11.115,
0,1,,,12.308692932128906,64.6466064453125,719.951171875,0.0923140625,5.252148437500001,11.149,
0,1,,,12.308692932128906,64.65026855468751,722.1972656250001,0.0923140625,5.2525390625,11.183,
0,1,,,12.308692932128906,64.65026855468751,724.443359375,0.0923140625,5.2525390625,11.217,
0,1,,,12.322235107421877,64.72961425781251,726.4746093750001,0.0924159375,5.253125000000001,11.251,
0,1,,,12.33806610107422,64.80346679687501,728.720703125,0.09253531250000001,5.2523437500000005,11.285,
0,1,,,12.33806610107422,64.80346679687501,730.9667968750001,0.09253531250000001,5.2523437500000005,11.319,
0,1,,,12.309646606445312,64.65637207031251,733.2128906250001,0.09232187500000001,5.2525390625,11.353,
0,1,,,12.311363220214846,64.6673583984375,735.2539062500001,0.09233468750000001,5.252734375,11.387,
0,1,,,12.311363220214846,64.6673583984375,737.490234375,0.09233468750000001,5.252734375,11.421,
0,1,,,12.236022949218752,64.2730712890625,739.7363281250001,0.0917703125,5.252734375,11.455,
0,1,,,12.308692932128906,64.65332031250001,741.9824218750001,0.0923140625,5.252734375,11.489,
0,1,,,12.308692932128906,64.65332031250001,744.21875,0.092285,5.2523437500000005,11.523,
0,1,,,12.304687500000002,64.62890625,746.2597656250001,0.092285,5.2523437500000005,11.557,
0,1,,,12.323570251464844,64.725341796875,748.5058593750001,0.09242593750000001,5.252148437500001,11.591,
0,1,,,12.323570251464844,64.725341796875,750.7519531250001,0.09250812500000001,5.2525390625,11.626,
0,1,,,12.334442138671875,64.7869873046875,752.9882812500001,0.09250812500000001,5.2525390625,11.66,
0,1,,,12.311744689941408,64.66857910156251,755.224609375,0.09233687500000001,5.252734375,11.694,
0,1,,,12.311744689941408,64.66857910156251,757.275390625,0.09237031250000001,5.2523437500000005,11.728,
0,1,,,12.316131591796877,64.68811035156251,759.5312500000001,0.09237031250000001,5.2523437500000005,11.762,
0,1,,,12.236785888671875,64.26940917968751,761.7578125000001,0.09177562500000001,5.252148437500001,11.796,
0,1,,,12.236785888671875,64.26940917968751,763.994140625,0.09229875000000001,5.252734375,11.83,
0,1,,,12.306594848632814,64.64172363281251,766.2500000000001,0.09229875000000001,5.252734375,11.864,
0,1,,,12.306594848632814,64.64355468750001,768.3007812500001,0.092299375,5.252734375,11.898,
0,1,,,12.32414245605469,64.73388671875001,770.5273437500001,0.09243000000000001,5.252734375,11.932,
0,1,,,12.32414245605469,64.73388671875001,772.7636718750001,0.09243000000000001,5.252734375,11.966,
0,1,,,12.335586547851564,64.7991943359375,775.0195312500001,0.092515625,5.253125000000001,12.001,
0,1,,,12.311172485351562,64.66064453125,777.2656250000001,0.09233281250000001,5.2523437500000005,12.035,
0,1,,,12.311172485351562,64.66064453125,779.501953125,0.09233281250000001,5.2523437500000005,12.069,
0,1,,,12.317085266113283,64.7003173828125,781.5429687500001,0.092378125,5.2529296875,12.103,
0,1,,,12.237930297851564,64.2791748046875,783.7890625,0.09178406250000001,5.2525390625,12.137,
0,1,,,12.237930297851564,64.2791748046875,786.0351562500001,0.09178406250000001,5.2525390625,12.171,
0,1,,,12.301063537597656,64.61120605468751,788.271484375,0.0922571875,5.2525390625,12.205,
0,1,,,12.30754852294922,64.6441650390625,790.3027343750001,0.09230625,5.2523437500000005,12.239,
0,1,,,12.30754852294922,64.6441650390625,792.55859375,0.09230625,5.2523437500000005,12.273,
0,1,,,12.327957153320314,64.74975585937501,794.8046875000001,0.09245906250000001,5.2523437500000005,12.307,
0,1,,,12.332534790039062,64.77783203125001,797.0410156250001,0.09249375000000001,5.2525390625,12.342,
0,1,,,12.332534790039062,64.77783203125001,799.27734375,0.09249375000000001,5.2525390625,12.376,
0,1,,,12.310218811035156,64.65759277343751,801.3281250000001,0.0923265625,5.2523437500000005,12.41,
0,1,,,12.313270568847658,64.67102050781251,803.5742187500001,0.09234906250000001,5.252148437500001,12.444,
0,1,,,12.313270568847658,64.67102050781251,805.8203125000001,0.09234906250000001,5.252148437500001,12.478,
0,1,,,12.24174499511719,64.2974853515625,808.046875,0.091811875,5.2523437500000005,12.512,
0,1,,,12.303733825683596,64.6240234375,810.3125000000001,0.09227781250000001,5.2523437500000005,12.546,
0,1,,,12.303733825683596,64.6240234375,812.34375,0.09227781250000001,5.2523437500000005,12.58,
0,1,,,12.304115295410158,64.62768554687501,814.5800781250001,0.09227968750000001,5.2525390625,12.614,
0,1,,,12.319183349609375,64.69970703125001,816.8164062500001,0.092393125,5.251953125,12.648,
0,1,,,12.319183349609375,64.69970703125001,819.08203125,0.092393125,5.251953125,12.682,
0,1,,,12.338829040527344,64.81567382812501,821.3183593750002,0.09254156250000001,5.2529296875,12.716,
0,1,,,12.314796447753906,64.67834472656251,823.3496093750001,0.09236031250000001,5.252148437500001,12.75,
0,1,,,12.314796447753906,64.67834472656251,825.5859375000001,0.09236031250000001,5.2525390625,12.784,
0,1,,,12.314414978027344,64.6826171875,827.8515625000001,0.09235750000000001,5.2525390625,12.818,
0,1,,,12.241363525390625,64.300537109375,830.0878906250001,0.091810625,5.252734375,12.853,
0,1,,,12.241363525390625,64.300537109375,832.3242187500001,0.09224718750000001,5.2529296875,12.887,
0,1,,,12.299728393554688,64.60815429687501,834.365234375,0.09224718750000001,5.2529296875,12.921,
0,1,,,12.314224243164064,64.68566894531251,836.62109375,0.09235562500000001,5.2529296875,12.955,
0,1,,,12.314224243164064,64.68566894531251,838.857421875,0.092323125,5.252734375,12.989,
0,1,,,12.309837341308596,64.65820312500001,841.0937500000002,0.092323125,5.252734375,13.023,
0,1,,,12.343215942382814,64.83642578125001,843.1347656250001,0.09257375000000001,5.252734375,13.057,
0,1,,,12.343215942382814,64.83642578125001,845.3906250000002,0.09236000000000001,5.2525390625,13.091,
0,1,,,12.314796447753906,64.68383789062501,847.6269531250001,0.09236000000000001,5.2525390625,13.125,
0,1,,,12.318229675292969,64.70336914062501,849.8632812500001,0.09238625,5.252734375,13.159,
0,1,,,12.318229675292969,64.70336914062501,852.1093750000001,0.0918375,5.253125000000001,13.193,
0,1,,,12.24498748779297,64.32373046875,854.3652343750001,0.0918375,5.253125000000001,13.227,
0,1,,,12.299156188964844,64.6026611328125,856.40625,0.09224281250000001,5.252734375,13.261,
0,1,,,12.299156188964844,64.66064453125,858.6328125,0.09232843750000001,5.2525390625,13.295,
0,1,,,12.310600280761719,64.66064453125,860.87890625,0.09232843750000001,5.2525390625,13.329,
0,1,,,12.314224243164064,64.6771240234375,863.134765625,0.09235625,5.2523437500000005,13.363,
0,1,,,12.335586547851564,64.78759765625001,865.17578125,0.09251656250000001,5.252148437500001,13.397,
0,1,,,12.335586547851564,64.78759765625001,867.4023437500001,0.09251656250000001,5.252148437500001,13.431,
0,1,,,12.314224243164064,64.6795654296875,869.6386718750001,0.09235562500000001,5.2525390625,13.465,
0,1,,,12.317466735839846,64.697265625,871.9042968750001,0.0923803125,5.2525390625,13.499,
0,1,,,12.317466735839846,64.697265625,873.9453125000001,0.0923803125,5.2525390625,13.533,
0,1,,,12.243843078613281,64.3096923828125,876.171875,0.09182781250000001,5.2525390625,13.567,
0,1,,,12.300491333007812,64.6038818359375,878.408203125,0.092253125,5.252148437500001,13.601,
0,1,,,12.300491333007812,64.6038818359375,880.6738281250001,0.092253125,5.252148437500001,13.635,
0,1,,,12.315559387207033,64.67834472656251,882.7148437500001,0.09236593750000001,5.2517578125,13.669,
0,1,,,12.314414978027344,64.678955078125,884.9414062500002,0.09235781250000001,5.2523437500000005,13.703,
0,1,,,12.314414978027344,64.678955078125,887.1875000000001,0.09235781250000001,5.2523437500000005,13.737,
0,1,,,12.342643737792969,64.8291015625,889.443359375,0.09256937500000001,5.2525390625,13.771,
0,1,,,12.319564819335938,64.7076416015625,891.689453125,0.09239593750000001,5.2525390625,13.805,
0,1,,,12.319564819335938,64.7076416015625,893.7207031250001,0.09239593750000001,5.2525390625,13.839,
0,1,,,12.312889099121094,64.6697998046875,895.95703125,0.09234687500000001,5.252148437500001,13.873,
0,1,,,12.243270874023438,64.30908203125,898.2128906250001,0.091823125,5.252734375,13.907,
0,1,,,12.243270874023438,64.30908203125,900.4589843750001,0.091823125,5.252734375,13.941,
0,1,,,12.29515075683594,64.586181640625,902.4902343750001,0.09221406250000001,5.2529296875,13.975,
0,1,,,12.317085266113283,64.697265625,904.7265625,0.09237687500000001,5.252734375,14.01,
0,1,,,12.317085266113283,64.697265625,906.982421875,0.09237687500000001,5.252734375,14.044,
0,1,,,12.308692932128906,64.6600341796875,909.2285156250001,0.09231500000000001,5.253125000000001,14.078,
0,1,,,12.343406677246094,64.8345947265625,911.46484375,0.092575,5.2525390625,14.113,
0,1,,,12.343406677246094,64.8345947265625,913.7109375,0.092575,5.2525390625,14.147,
0,1,,,12.312698364257814,64.67163085937501,915.95703125,0.09234468750000001,5.2525390625,14.181,
0,1,,,12.316131591796877,64.68750000000001,917.9980468750002,0.09237062500000001,5.2523437500000005,14.215,
0,1,,,12.316131591796877,64.68750000000001,920.2343750000001,0.09237062500000001,5.252734375,14.249,
0,1,,,12.24651336669922,64.32739257812501,922.4804687500001,0.091848125,5.252734375,14.283,
0,1,,,12.294960021972656,64.57885742187501,924.7265625000001,0.09221125000000001,5.2525390625,14.317,
0,1,,,12.294960021972656,64.57885742187501,926.7675781250001,0.09221125000000001,5.2523437500000005,14.351,
0,1,,,12.311744689941408,64.66552734375001,929.0039062500001,0.09233687500000001,5.2523437500000005,14.385,
0,1,,,12.309646606445312,64.65759277343751,931.25,0.09232218750000001,5.2525390625,14.419,
0,1,,,12.309646606445312,64.65759277343751,933.5058593750001,0.09256937500000001,5.2525390625,14.453,
0,1,,,12.342643737792969,64.830322265625,935.732421875,0.09256937500000001,5.2525390625,14.487,
0,1,,,12.311172485351562,64.664306640625,937.7734375000002,0.09233281250000001,5.2525390625,14.521,
0,1,,,12.311172485351562,64.664306640625,940.0195312500001,0.092381875,5.252148437500001,14.555,
0,1,,,12.317657470703125,64.6929931640625,942.275390625,0.092381875,5.252148437500001,14.589,
0,1,,,12.251281738281252,64.346923828125,944.5019531250001,0.0918840625,5.2523437500000005,14.623,
0,1,,,12.251281738281252,64.346923828125,946.5429687500001,0.092225625,5.252734375,14.657,
0,1,,,12.296867370605469,64.59167480468751,948.7890625000001,0.092225625,5.252734375,14.691,
0,1,,,12.313270568847658,64.678955078125,951.0449218750001,0.09234937500000001,5.252734375,14.725,
0,1,,,12.313270568847658,64.678955078125,953.2714843750001,0.0923225,5.2517578125,14.759,
0,1,,,12.309837341308596,64.64782714843751,955.517578125,0.0923225,5.2517578125,14.793,
0,1,,,12.338638305664062,64.80957031250001,957.55859375,0.09253937500000001,5.2525390625,14.827,
0,1,,,12.338638305664062,64.69970703125001,959.814453125,0.09238093750000001,5.252734375,14.861,
0,1,,,12.317466735839846,64.69970703125001,962.0507812500002,0.09238093750000001,5.252734375,14.895,
0,1,,,12.316322326660156,64.69360351562501,964.2871093750002,0.092371875,5.252734375,14.929,
0,1,,,12.251853942871094,64.35363769531251,966.3281250000001,0.09188781250000001,5.2525390625,14.963,
0,1,,,12.251853942871094,64.35363769531251,968.5839843750001,0.09188781250000001,5.2525390625,14.997,
0,1,,,12.293243408203127,64.57641601562501,970.8203125000001,0.09219875000000001,5.253125000000001,15.031,
0,1,,,12.311363220214846,64.66918945312501,973.0566406250001,0.09233406250000001,5.2529296875,15.065,
0,1,,,12.311363220214846,64.66918945312501,975.09765625,0.09233406250000001,5.2529296875,15.099,
0,1,,,12.30754852294922,64.64233398437501,977.3535156250001,0.09230625,5.2523437500000005,15.133,
0,1,,,12.335205078125002,64.79553222656251,979.58984375,0.09251375,5.2529296875,15.167,
0,1,,,12.335205078125002,64.79553222656251,981.8261718750002,0.09251375,5.2529296875,15.201,
0,1,,,12.314796447753906,64.68444824218751,984.0722656250001,0.092360625,5.2525390625,15.235,
0,1,,,12.317276000976562,64.70092773437501,986.1230468750002,0.09237937500000001,5.2529296875,15.269,
0,1,,,12.317276000976562,64.70092773437501,988.3593750000001,0.09237937500000001,5.2529296875,15.303,
0,1,,,12.247467041015627,64.33532714843751,990.5957031250001,0.091855,5.253125000000001,15.337,
0,1,,,12.288856506347658,64.55078125000001,992.8417968750001,0.09216625,5.2529296875,15.371,
0,1,,,12.288856506347658,64.55078125000001,995.0976562500001,0.09216625,5.2529296875,15.405,
0,1,,,12.319946289062502,64.71435546875001,997.1289062500001,0.09239875,5.2529296875,15.439,
0,1,,,12.304115295410158,64.62585449218751,999.365234375,0.09228093750000001,5.2523437500000005,15.473,
0,1,,,12.304115295410158,64.62585449218751,1001.6210937500001,0.09228093750000001,5.2523437500000005,15.507,
0,1,,,12.340164184570312,64.8162841796875,1003.8671875,0.09255093750000001,5.2525390625,15.541,
0,1,,,12.322425842285156,64.722900390625,1005.8984375000002,0.09241718750000001,5.2525390625,15.575,
0,1,,,12.322425842285156,64.722900390625,1008.1347656250001,0.09241718750000001,5.2525390625,15.609,
0,1,,,12.311363220214846,64.6649169921875,1010.3906250000001,0.09233468750000001,5.2525390625,15.643,
0,1,,,12.251091003417969,64.35058593750001,1012.6367187500002,0.09188281250000001,5.252734375,15.677,
0,1,,,12.251091003417969,64.35058593750001,1014.6777343750002,0.09188281250000001,5.252734375,15.711,
0,1,,,12.30125427246094,64.60998535156251,1016.9042968750001,0.092259375,5.2523437500000005,15.745,
0,1,,,12.312507629394531,64.67224121093751,1019.1601562500001,0.09234343750000001,5.2525390625,15.779,
0,1,,,12.312507629394531,64.67224121093751,1021.4062500000001,0.09234343750000001,5.2525390625,15.813,
0,1,,,12.310600280761719,64.654541015625,1023.447265625,0.09232968750000001,5.251953125,15.847,
0,1,,,12.3382568359375,64.81201171875,1025.68359375,0.09253625000000001,5.2529296875,15.881,
0,1,,,12.3382568359375,64.81201171875,1027.9296875000002,0.09253625000000001,5.2529296875,15.915,
0,1,,,12.321662902832031,64.715576171875,1030.17578125,0.092411875,5.2523437500000005,15.949,
0,1,,,12.311744689941408,64.6624755859375,1032.4121093750002,0.09233687500000001,5.252148437500001,15.983,
0,1,,,12.311744689941408,64.6624755859375,1034.4531250000002,0.09233687500000001,5.2523437500000005,16.017,
0,1,,,12.258338928222658,64.384765625,1036.6992187500002,0.09193656250000001,5.2523437500000005,16.051,
0,1,,,12.290573120117188,64.5538330078125,1038.9453125,0.0921790625,5.2523437500000005,16.085,
0,1,,,12.290573120117188,64.5538330078125,1041.181640625,0.0921790625,5.2523437500000005,16.119,
0,1,,,12.312126159667969,64.66796875000001,1043.22265625,0.09234125000000001,5.2523437500000005,16.153,
0,1,,,12.31689453125,64.69848632812501,1045.4785156250002,0.09237656250000001,5.2529296875,16.187,
0,1,,,12.31689453125,64.69848632812501,1047.7246093750002,0.09252031250000001,5.2523437500000005,16.221,
0,1,,,12.336158752441408,64.79309082031251,1049.9609375,0.09252031250000001,5.2523437500000005,16.255,
0,1,,,12.3291015625,64.7552490234375,1052.197265625,0.09246843750000001,5.252148437500001,16.289,
0,1,,,12.3291015625,64.7552490234375,1054.248046875,0.09232437500000001,5.252148437500001,16.323,
0,1,,,12.310028076171875,64.65393066406251,1056.4941406250002,0.09232437500000001,5.252148437500001,16.357,
0,1,,,12.255096435546877,64.3719482421875,1058.73046875,0.091911875,5.252734375,16.391,
0,1,,,12.255096435546877,64.3719482421875,1060.966796875,0.09218843750000001,5.252148437500001,16.425,
0,1,,,12.291908264160156,64.55932617187501,1063.0175781250002,0.09218843750000001,5.252148437500001,16.459,
0,1,,,12.316131591796877,64.69482421875,1065.2636718750002,0.09237062500000001,5.2529296875,16.493,
0,1,,,12.316131591796877,64.6368408203125,1067.5000000000002,0.09229156250000001,5.252734375,16.527,
0,1,,,12.305641174316408,64.6368408203125,1069.736328125,0.09229156250000001,5.252734375,16.561,
0,1,,,12.339019775390627,64.81079101562501,1071.787109375,0.09254156250000001,5.2525390625,16.595,
0,1,,,12.324905395507812,64.736328125,1074.0332031250002,0.09243656250000001,5.2525390625,16.629,
0,1,,,12.324905395507812,64.736328125,1076.2695312500002,0.09243656250000001,5.2525390625,16.663,
0,1,,,12.311172485351562,64.66552734375001,1078.505859375,0.09233281250000001,5.252734375,16.697,
0,1,,,12.259674072265625,64.3902587890625,1080.771484375,0.09194687500000001,5.252148437500001,16.731,
0,1,,,12.259674072265625,64.3902587890625,1082.8125,0.09194687500000001,5.252148437500001,16.765,
0,1,,,12.293243408203127,64.5697021484375,1085.0390625000002,0.09219906250000001,5.2525390625,16.799,
0,1,,,12.313270568847658,64.67224121093751,1087.2753906250002,0.09234968750000001,5.2523437500000005,16.833,
0,1,,,12.313270568847658,64.67224121093751,1089.53125,0.09234968750000001,5.2523437500000005,16.867,
0,1,,,12.308692932128906,64.6453857421875,1091.5820312500002,0.09231531250000001,5.251953125,16.901,
0,1,,,12.332344055175783,64.78271484375,1093.8183593750002,0.0924921875,5.253125000000001,16.935,
0,1,,,12.332344055175783,64.78271484375,1096.0546875000002,0.0924921875,5.253125000000001,16.969,
0,1,,,12.328720092773438,64.755859375,1098.30078125,0.09246406250000001,5.2525390625,17.003,
0,1,,,12.307929992675783,64.64599609375,1100.3515625,0.09230906250000001,5.2523437500000005,17.037,
0,1,,,12.307929992675783,64.64599609375,1102.587890625,0.09230906250000001,5.2523437500000005,17.071,
0,1,,,12.260055541992188,64.39147949218751,1104.8144531250002,0.09194937500000001,5.252148437500001,17.105,
0,1,,,12.283706665039064,64.5220947265625,1107.0703125,0.0921275,5.252734375,17.139,
0,1,,,12.283706665039064,64.5220947265625,1109.3164062500002,0.0921275,5.252734375,17.173,
0,1,,,12.31803894042969,64.70214843750001,1111.3574218750002,0.09238531250000001,5.252734375,17.207,
0,1,,,12.314796447753906,64.677734375,1113.5937500000002,0.09236000000000001,5.252148437500001,17.241,
0,1,,,12.314796447753906,64.677734375,1115.8398437500002,0.09236000000000001,5.252148437500001,17.275,
0,1,,,12.332725524902346,64.774169921875,1118.095703125,0.09249500000000001,5.252148437500001,17.309,
0,1,,,12.335205078125002,64.79248046875001,1120.33203125,0.09251406250000001,5.252734375,17.343,
0,1,,,12.335205078125002,64.79248046875001,1122.36328125,0.09251406250000001,5.252734375,17.377,
0,1,,,12.30602264404297,64.644775390625,1124.6191406250002,0.09229437500000001,5.253125000000001,17.411,
0,1,,,12.267303466796875,64.44213867187501,1126.865234375,0.0920046875,5.253125000000001,17.445,
0,1,,,12.267303466796875,64.44213867187501,1129.1015625,0.0920046875,5.253125000000001,17.479,
0,1,,,12.282180786132814,64.50927734375,1131.1328125000002,0.09211593750000001,5.2523437500000005,17.513,
0,1,,,12.314796447753906,64.68566894531251,1133.3886718750002,0.09236031250000001,5.252734375,17.547,
0,1,,,12.314796447753906,64.68566894531251,1135.634765625,0.09236031250000001,5.252734375,17.581,
0,1,,,12.309837341308596,64.65759277343751,1137.87109375,0.0923228125,5.2525390625,17.615,
0,1,,,12.33177185058594,64.776611328125,1139.9121093750002,0.0924878125,5.2529296875,17.649,
0,1,,,12.33177185058594,64.776611328125,1142.1582031250002,0.0924878125,5.252148437500001,17.683,
0,1,,,12.335205078125002,64.7857666015625,1144.4042968750002,0.09251406250000001,5.252148437500001,17.717,
0,1,,,12.321853637695314,64.72412109375001,1146.650390625,0.09241312500000001,5.252734375,17.751,
0,1,,,12.321853637695314,64.72412109375001,1148.681640625,0.09241312500000001,5.2525390625,17.785,
0,1,,,12.265777587890625,64.42687988281251,1150.9375000000002,0.09199312500000001,5.2525390625,17.819,
0,1,,,12.281799316406252,64.51293945312501,1153.1835937500002,0.092113125,5.252734375,17.853,
0,1,,,12.281799316406252,64.51293945312501,1155.419921875,0.092348125,5.2525390625,17.887,
0,1,,,12.313079833984375,64.6759033203125,1157.6562500000002,0.092348125,5.2525390625,17.921,
0,1,,,12.314224243164064,64.6771240234375,1159.7070312500002,0.09235531250000001,5.2523437500000005,17.955,
0,1,,,12.314224243164064,64.6771240234375,1161.9531250000002,0.09245500000000001,5.2523437500000005,17.989,
0,1,,,12.327384948730469,64.74853515625001,1164.189453125,0.09245500000000001,5.2523437500000005,18.023,
0,1,,,12.337684631347656,64.80041503906251,1166.435546875,0.0925325,5.2523437500000005,18.057,
0,1,,,12.337684631347656,64.80041503906251,1168.4765625000002,0.0923146875,5.2525390625,18.09,
0,1,,,12.308692932128906,64.652099609375,1170.7226562500002,0.0923146875,5.2525390625,18.124,
0,1,,,12.269783020019533,64.44091796875,1172.9589843750002,0.0920221875,5.252148437500001,18.158,
0,1,,,12.269783020019533,64.44091796875,1175.205078125,0.0921084375,5.2529296875,18.192,
0,1,,,12.281227111816408,64.51049804687501,1177.24609375,0.0921084375,5.2529296875,18.226,
0,1,,,12.30621337890625,64.63867187500001,1179.5019531250002,0.09229593750000001,5.2525390625,18.26,
0,1,,,12.30621337890625,64.63867187500001,1181.7285156250002,0.09230031250000001,5.2525390625,18.294,
0,1,,,12.306785583496094,64.64050292968751,1183.96484375,0.09230031250000001,5.2525390625,18.329,
0,1,,,12.325286865234375,64.74182128906251,1186.23046875,0.09243843750000001,5.2529296875,18.363,
0,1,,,12.335014343261719,64.79248046875001,1188.2714843750002,0.09251218750000001,5.252734375,18.397,
0,1,,,12.335014343261719,64.79248046875001,1190.4980468750002,0.09251218750000001,5.252734375,18.431,
0,1,,,12.309837341308596,64.65759277343751,1192.7343750000002,0.092323125,5.2525390625,18.465,
0,1,,,12.265968322753908,64.42932128906251,1195.0,0.0919940625,5.252734375,18.499,
0,1,,,12.265968322753908,64.42932128906251,1197.236328125,0.0919940625,5.252734375,18.533,
0,1,,,12.280082702636719,64.5068359375,1199.267578125,0.09209968750000001,5.2529296875,18.567,
0,1,,,12.312126159667969,64.6649169921875,1201.5039062500002,0.0923396875,5.252148437500001,18.601,
0,1,,,12.312126159667969,64.6649169921875,1203.76953125,0.0923396875,5.252148437500001,18.635,
0,1,,,12.311172485351562,64.66796875000001,1206.005859375,0.09233375,5.252734375,18.669,
0,1,,,12.317466735839846,64.69360351562501,1208.0371093750002,0.09238093750000001,5.252148437500001,18.703,
0,1,,,12.317466735839846,64.69360351562501,1210.2734375000002,0.09238093750000001,5.252148437500001,18.737,
0,1,,,12.337112426757814,64.79492187500001,1212.529296875,0.0925278125,5.252148437500001,18.771,
0,1,,,12.312507629394531,64.6697998046875,1214.7753906250002,0.09234250000000001,5.2525390625,18.805,
0,1,,,12.312507629394531,64.6697998046875,1216.8164062500002,0.09234250000000001,5.2525390625,18.839,
0,1,,,12.273597717285158,64.468994140625,1219.0527343750002,0.092051875,5.252734375,18.873,
0,1,,,12.278556823730469,64.49768066406251,1221.2988281250002,0.09208843750000001,5.2529296875,18.907,
0,1,,,12.278556823730469,64.49768066406251,1223.544921875,0.09208843750000001,5.2529296875,18.941,
0,1,,,12.310600280761719,64.664306640625,1225.791015625,0.09232968750000001,5.252734375,18.975,
0,1,,,12.309455871582033,64.66064453125,1227.8222656250002,0.0923209375,5.2529296875,19.009,
0,1,,,12.309455871582033,64.66064453125,1230.0683593750002,0.0923209375,5.2529296875,19.043,
0,1,,,12.319374084472658,64.70275878906251,1232.3144531250002,0.092394375,5.252148437500001,19.077,
0,1,,,12.342643737792969,64.82666015625001,1234.5605468750002,0.09256968750000001,5.2523437500000005,19.111,
0,1,,,12.342643737792969,64.82666015625001,1236.5917968750002,0.09256968750000001,5.2523437500000005,19.145,
0,1,,,12.308311462402344,64.6453857421875,1238.8378906250002,0.09231125000000001,5.252148437500001,19.179,
0,1,,,12.266731262207031,64.434814453125,1241.09375,0.09200031250000001,5.252734375,19.213,
0,1,,,12.266731262207031,64.434814453125,1243.330078125,0.09200031250000001,5.252734375,19.247,
0,1,,,12.283515930175781,64.52148437500001,1245.361328125,0.09212625,5.252734375,19.281,
0,1,,,12.310981750488281,64.65759277343751,1247.6171875000002,0.09233125,5.252148437500001,19.315,
0,1,,,12.310981750488281,64.65759277343751,1249.8632812500002,0.09233125,5.252148437500001,19.349,
0,1,,,12.311553955078125,64.6636962890625,1252.099609375,0.09233687500000001,5.2523437500000005,19.383,
0,1,,,12.318992614746096,64.70703125,1254.3359375000002,0.09239125000000001,5.252734375,19.417,
0,1,,,12.318992614746096,64.70703125,1256.3867187500002,0.09239125000000001,5.2523437500000005,19.451,
0,1,,,12.337112426757814,64.7979736328125,1258.6328125000002,0.0925278125,5.2523437500000005,19.485,
0,1,,,12.314033508300781,64.676513671875,1260.869140625,0.092355,5.2523437500000005,19.519,
0,1,,,12.314033508300781,64.676513671875,1263.10546875,0.0920153125,5.2523437500000005,19.553,
0,1,,,12.268829345703127,64.43908691406251,1265.3710937500002,0.0920153125,5.2523437500000005,19.587,
0,1,,,12.278938293457033,64.4989013671875,1267.4023437500002,0.0920915625,5.2529296875,19.621,
0,1,,,12.278938293457033,64.4989013671875,1269.6386718750002,0.0923125,5.2525390625,19.655,
0,1,,,12.308311462402344,64.6484375,1271.875,0.0923125,5.2525390625,19.689,
0,1,,,12.307167053222656,64.644775390625,1274.1406250000002,0.09230375,5.2525390625,19.723,
0,1,,,12.307167053222656,64.644775390625,1276.1718750000002,0.09234468750000001,5.2525390625,19.757,
0,1,,,12.312698364257814,64.67224121093751,1278.4082031250002,0.09234468750000001,5.2525390625,19.791,
0,1,,,12.342262268066408,64.82666015625001,1280.64453125,0.09256625,5.2525390625,19.825,
0,1,,,12.342262268066408,64.82666015625001,1282.91015625,0.09232593750000001,5.2525390625,19.859,
0,1,,,12.310218811035156,64.6600341796875,1284.9414062500002,0.09232593750000001,5.2525390625,19.893,
0,1,,,12.267112731933594,64.432373046875,1287.1777343750002,0.092003125,5.2525390625,19.927,
0,1,,,12.267112731933594,64.432373046875,1289.4140625000002,0.09208218750000001,5.2533203125000005,19.961,
0,1,,,12.277793884277344,64.4989013671875,1291.6796875000002,0.09208218750000001,5.2533203125000005,19.995,
0,1,,,12.310981750488281,64.66064453125,1293.7109375000002,0.0923315625,5.2523437500000005,20.029,
0,1,,,12.309646606445312,64.6600341796875,1295.9472656250002,0.09232156250000001,5.2529296875,20.063,
0,1,,,12.309646606445312,64.6600341796875,1298.1835937500002,0.09232156250000001,5.2529296875,20.097,
0,1,,,12.309646606445312,64.654541015625,1300.439453125,0.09232156250000001,5.2523437500000005,20.131,
0,1,,,12.333679199218752,64.78027343750001,1302.685546875,0.09250125000000001,5.2523437500000005,20.165,
0,1,,,12.333679199218752,64.78027343750001,1304.7070312500002,0.09250125000000001,5.2523437500000005,20.199,
0,1,,,12.31365203857422,64.6759033203125,1306.9531250000002,0.09235156250000001,5.2523437500000005,20.233,
0,1,,,12.275314331054688,64.47204589843751,1309.208984375,0.0920646875,5.252148437500001,20.267,
0,1,,,12.275314331054688,64.47204589843751,1311.4550781250002,0.0920646875,5.252148437500001,20.301,
0,1,,,12.281036376953125,64.51416015625,1313.4863281250002,0.0921065625,5.2533203125000005,20.335,
0,1,,,12.307929992675783,64.6368408203125,1315.7226562500002,0.09230906250000001,5.2517578125,20.369,
0,1,,,12.307929992675783,64.6368408203125,1317.9882812500002,0.09230906250000001,5.2517578125,20.403,
0,1,,,12.314224243164064,64.68444824218751,1320.224609375,0.09235593750000001,5.2529296875,20.437,
0,1,,,12.313461303710938,64.6746826171875,1322.4511718750002,0.09235093750000001,5.2523437500000005,20.471,
0,1,,,12.313461303710938,64.6746826171875,1324.4921875000002,0.09235093750000001,5.2523437500000005,20.505,
0,1,,,12.33654022216797,64.79553222656251,1326.7480468750002,0.09252343750000001,5.2523437500000005,20.539,
0,1,,,12.317657470703125,64.697265625,1328.9941406250002,0.0923825,5.2523437500000005,20.573,
0,1,,,12.317657470703125,64.697265625,1331.2304687500002,0.0923825,5.2523437500000005,20.607,
0,1,,,12.268447875976564,64.44152832031251,1333.2617187500002,0.092013125,5.252734375,20.641,
0,1,,,12.278556823730469,64.4964599609375,1335.5175781250002,0.092088125,5.2529296875,20.675,
0,1,,,12.278556823730469,64.4964599609375,1337.7636718750002,0.092088125,5.2529296875,20.709,
0,1,,,12.310791015625002,64.66064453125,1340.0,0.09233062500000001,5.2523437500000005,20.743,
0,1,,,12.309646606445312,64.65759277343751,1342.0312500000002,0.09232156250000001,5.252734375,20.777,
0,1,,,12.309646606445312,64.65759277343751,1344.2871093750002,0.09232156250000001,5.252734375,20.811,
0,1,,,12.303924560546875,64.62646484375001,1346.5332031250002,0.09227875,5.2525390625,20.845,
0,1,,,12.33806610107422,64.801025390625,1348.7695312500002,0.092535,5.252148437500001,20.879,
0,1,,,12.33806610107422,64.801025390625,1350.99609375,0.092535,5.252148437500001,20.913,
0,1,,,12.320518493652344,64.710693359375,1353.0566406250002,0.09240281250000001,5.2523437500000005,20.947,
0,1,,,12.268638610839844,64.44396972656251,1355.3027343750002,0.09201375,5.252734375,20.981,
0,1,,,12.268638610839844,64.44396972656251,1357.5390625000002,0.09201375,5.252734375,21.015,
0,1,,,12.283706665039064,64.522705078125,1359.775390625,0.0921275,5.252734375,21.049,
0,1,,,12.308311462402344,64.644775390625,1361.8261718750002,0.09231125000000001,5.252148437500001,21.083,
0,1,,,12.308311462402344,64.644775390625,1364.0722656250002,0.09231125000000001,5.251953125,21.117,
0,1,,,12.315940856933594,64.6826171875,1366.3085937500002,0.0923690625,5.251953125,21.151,
0,1,,,12.309455871582033,64.66064453125,1368.5449218750002,0.09232000000000001,5.2529296875,21.185,
0,1,,,12.309455871582033,64.66064453125,1370.5957031250002,0.09232000000000001,5.2525390625,21.219,
0,1,,,12.342643737792969,64.830322265625,1372.8417968750002,0.09256875,5.2525390625,21.253,
0,1,,,12.312507629394531,64.67163085937501,1375.0781250000002,0.09234312500000001,5.2525390625,21.287,
0,1,,,12.312507629394531,64.67163085937501,1377.3144531250002,0.0920328125,5.2525390625,21.32,
0,1,,,12.2711181640625,64.45434570312501,1379.3652343750002,0.0920328125,5.2525390625,21.354,
0,1,,,12.281608581542969,64.5147705078125,1381.6113281250002,0.0921109375,5.2529296875,21.388,
0,1,,,12.281608581542969,64.5147705078125,1383.8476562500002,0.0923359375,5.2525390625,21.422,
0,1,,,12.311553955078125,64.666748046875,1386.0937500000002,0.0923359375,5.2525390625,21.456,
0,1,,,12.318229675292969,64.7003173828125,1388.14453125,0.0923865625,5.2523437500000005,21.491,
0,1,,,12.318229675292969,64.7003173828125,1390.380859375,0.092318125,5.252148437500001,21.525,
0,1,,,12.30926513671875,64.65026855468751,1392.6269531250002,0.092318125,5.252148437500001,21.559,
0,1,,,12.33654022216797,64.79309082031251,1394.8632812500002,0.0925240625,5.252148437500001,21.593,
0,1,,,12.33654022216797,64.79309082031251,1397.119140625,0.092405,5.2525390625,21.627,
0,1,,,12.320709228515625,64.71496582031251,1399.1503906250002,0.092405,5.2525390625,21.661,
0,1,,,12.272071838378906,64.45800781250001,1401.3964843750002,0.09204031250000001,5.2525390625,21.695,
0,1,,,12.272071838378906,64.50073242187501,1403.6328125000002,0.0920978125,5.252734375,21.729,
0,1,,,12.279701232910156,64.50073242187501,1405.8984375000002,0.0920978125,5.252734375,21.763,
0,1,,,12.314033508300781,64.6826171875,1408.1347656250002,0.0923546875,5.2529296875,21.797,
0,1,,,12.317276000976562,64.69482421875,1410.1660156250002,0.09237937500000001,5.2523437500000005,21.831,
0,1,,,12.317276000976562,64.69482421875,1412.4023437500002,0.09237937500000001,5.2523437500000005,21.865,
0,1,,,12.31365203857422,64.678955078125,1414.6679687500002,0.0923521875,5.2525390625,21.899,
0,1,,,12.333488464355469,64.7833251953125,1416.904296875,0.0925009375,5.252734375,21.933,
0,1,,,12.333488464355469,64.7833251953125,1418.9355468750002,0.0925009375,5.252734375,21.967,
0,1,,,12.317276000976562,64.69482421875,1421.1718750000002,0.09237875000000001,5.2523437500000005,22.001,
0,1,,,12.266159057617188,64.43420410156251,1423.4375000000002,0.09199593750000001,5.2529296875,22.035,
0,1,,,12.266159057617188,64.43420410156251,1425.6738281250002,0.09199593750000001,5.2529296875,22.069,
0,1,,,12.27226257324219,64.4622802734375,1427.7050781250002,0.0920409375,5.252734375,22.102,
0,1,,,12.313461303710938,64.6759033203125,1429.9414062500002,0.092350625,5.2525390625,22.136,
0,1,,,12.313461303710938,64.6759033203125,1432.2070312500002,0.092350625,5.2525390625,22.17,
0,1,,,12.32147216796875,64.71374511718751,1434.4433593750002,0.09241093750000001,5.252148437500001,22.204,
0,1,,,12.30926513671875,64.65637207031251,1436.474609375,0.09231937500000001,5.252734375,22.238,
0,1,,,12.30926513671875,64.65637207031251,1438.7109375000002,0.09231937500000001,5.252734375,22.272,
0,1,,,12.342643737792969,64.83337402343751,1440.9765625000002,0.09256968750000001,5.252734375,22.306,
0,1,,,12.318611145019531,64.7003173828125,1443.2128906250002,0.09238906250000001,5.2523437500000005,22.34,
0,1,,,12.318611145019531,64.7003173828125,1445.4492187500002,0.09238906250000001,5.2523437500000005,22.374,
0,1,,,12.264442443847656,64.4183349609375,1447.4804687500002,0.09198281250000001,5.2525390625,22.408,
0,1,,,12.277793884277344,64.48974609375001,1449.7460937500002,0.0920834375,5.2525390625,22.442,
0,1,,,12.277793884277344,64.48974609375001,1451.9824218750002,0.0920834375,5.2525390625,22.476,
0,1,,,12.312507629394531,64.6746826171875,1454.2187500000002,0.0923440625,5.252734375,22.51,
0,1,,,12.313461303710938,64.6697998046875,1456.25,0.092350625,5.251953125,22.545,
0,1,,,12.313461303710938,64.6697998046875,1458.5058593750002,0.092350625,5.251953125,22.579,
0,1,,,12.311744689941408,64.67285156250001,1460.7519531250002,0.09233687500000001,5.2529296875,22.613,
0,1,,,12.334442138671875,64.79125976562501,1462.9882812500002,0.0925075,5.2529296875,22.647,
0,1,,,12.334442138671875,64.79125976562501,1465.2246093750002,0.0925075,5.2529296875,22.681,
0,1,,,12.326240539550781,64.74365234375,1467.2753906250002,0.09244656250000001,5.2525390625,22.715,
0,1,,,12.264823913574219,64.4171142578125,1469.5214843750002,0.091985625,5.252148437500001,22.749,
0,1,,,12.264823913574219,64.4171142578125,1471.7675781250002,0.091985625,5.252148437500001,22.783,
0,1,,,12.273788452148438,64.466552734375,1473.9941406250002,0.09205281250000001,5.2523437500000005,22.817,
0,1,,,12.311935424804688,64.66613769531251,1476.0449218750002,0.09233875000000001,5.2523437500000005,22.851,
0,1,,,12.311935424804688,64.66613769531251,1478.2910156250002,0.09233875000000001,5.2523437500000005,22.885,
0,1,,,12.318801879882812,64.70275878906251,1480.5371093750002,0.092390625,5.2523437500000005,22.919,
0,1,,,12.305831909179688,64.62890625,1482.7636718750002,0.092293125,5.251953125,22.953,
0,1,,,12.305831909179688,64.62890625,1485.029296875,0.09253312500000001,5.2523437500000005,22.987,
0,1,,,12.337875366210938,64.80285644531251,1487.060546875,0.09253312500000001,5.2523437500000005,23.021,
0,1,,,12.325859069824219,64.7430419921875,1489.3066406250002,0.0924434375,5.252734375,23.055,
0,1,,,12.325859069824219,64.7430419921875,1491.5332031250002,0.09198250000000001,5.2523437500000005,23.089,
0,1,,,12.264442443847656,64.4158935546875,1493.798828125,0.09198250000000001,5.2523437500000005,23.123,
0,1,,,12.278175354003906,64.49035644531251,1495.8300781250002,0.09208625000000001,5.2525390625,23.157,
0,1,,,12.278175354003906,64.49035644531251,1498.0761718750002,0.092365625,5.2523437500000005,23.191,
0,1,,,12.315559387207033,64.68566894531251,1500.3027343750002,0.092365625,5.2523437500000005,23.225,
0,1,,,12.31689453125,64.6978759765625,1502.5781250000002,0.09237625000000001,5.252734375,23.259,
0,1,,,12.31689453125,64.6978759765625,1504.8046875,0.0923140625,5.252148437500001,23.293,
0,1,,,12.308692932128906,64.644775390625,1506.8457031250002,0.0923140625,5.252148437500001,23.327,
0,1,,,12.332344055175783,64.77966308593751,1509.0820312500002,0.09249156250000001,5.2529296875,23.361,
0,1,,,12.332344055175783,64.77966308593751,1511.3476562500002,0.09247375000000001,5.2525390625,23.395,
0,1,,,12.329864501953127,64.76257324218751,1513.57421875,0.09247375000000001,5.2525390625,23.429,
0,1,,,12.260055541992188,64.39941406250001,1515.6152343750002,0.09195062500000001,5.252734375,23.463,
0,1,,,12.2711181640625,64.45556640625001,1517.8515625000002,0.0920328125,5.252734375,23.497,
0,1,,,12.2711181640625,64.45556640625001,1520.1171875000002,0.0920328125,5.252734375,23.531,
0,1,,,12.32147216796875,64.71374511718751,1522.34375,0.09241062500000001,5.252148437500001,23.565,
0,1,,,12.314033508300781,64.676513671875,1524.5898437500002,0.092355,5.2523437500000005,23.6,
0,1,,,12.314033508300781,64.676513671875,1526.8261718750002,0.092355,5.2523437500000005,23.634,
0,1,,,12.30926513671875,64.65026855468751,1528.8867187500002,0.09231875,5.252148437500001,23.668,
0,1,,,12.33177185058594,64.76989746093751,1531.1230468750002,0.09248718750000001,5.2523437500000005,23.702,
0,1,,,12.33177185058594,64.76989746093751,1533.359375,0.09248718750000001,5.2523437500000005,23.736,
0,1,,,12.328338623046875,64.7589111328125,1535.595703125,0.09246187500000001,5.2529296875,23.77,
0,1,,,12.265586853027346,64.42443847656251,1537.6562500000002,0.09199093750000001,5.2525390625,23.804,
0,1,,,12.265586853027346,64.42443847656251,1539.8925781250002,0.09199093750000001,5.2525390625,23.838,
0,1,,,12.270545959472656,64.45190429687501,1542.1289062500002,0.092028125,5.2525390625,23.872,
0,1,,,12.318611145019531,64.70458984375001,1544.3652343750002,0.09238875,5.252734375,23.906,
0,1,,,12.318611145019531,64.70458984375001,1546.4257812500002,0.09238875,5.252734375,23.94,
0,1,,,12.313079833984375,64.67346191406251,1548.6621093750002,0.092348125,5.2523437500000005,23.974,
0,1,,,12.311935424804688,64.66796875000001,1550.8984375000002,0.09233875000000001,5.2525390625,24.007,
0,1,,,12.311935424804688,64.66796875000001,1553.134765625,0.09233875000000001,5.2525390625,24.042,
0,1,,,12.331008911132812,64.77478027343751,1555.4003906250002,0.09248125,5.253125000000001,24.076,
0,1,,,12.33806610107422,64.8040771484375,1557.4414062500002,0.09253531250000001,5.2523437500000005,24.11,
0,1,,,12.33806610107422,64.8040771484375,1559.6679687500002,0.09253531250000001,5.2523437500000005,24.143,
0,1,,,12.264823913574219,64.41650390625,1561.9042968750002,0.09198625,5.252148437500001,24.177,
0,1,,,12.270355224609377,64.4561767578125,1564.169921875,0.09202718750000001,5.2529296875,24.211,
0,1,,,12.270355224609377,64.4561767578125,1566.2011718750002,0.09202718750000001,5.2529296875,24.245,
0,1,,,12.31689453125,64.6923828125,1568.4375000000002,0.092375625,5.2523437500000005,24.279,
0,1,,,12.31365203857422,64.68017578125,1570.6738281250002,0.09235125000000001,5.252734375,24.313,
0,1,,,12.31365203857422,64.68017578125,1572.9394531250002,0.09235125000000001,5.252734375,24.347,
0,1,,,12.305450439453125,64.63256835937501,1574.9707031250002,0.09228968750000001,5.2523437500000005,24.381,
0,1,,,12.331962585449219,64.776611328125,1577.2070312500002,0.09248875000000001,5.252734375,24.415,
0,1,,,12.331962585449219,64.776611328125,1579.4531250000002,0.09248875000000001,5.252734375,24.449,
0,1,,,12.334251403808596,64.7845458984375,1581.708984375,0.092506875,5.2523437500000005,24.483,
0,1,,,12.261390686035156,64.40612792968751,1583.7500000000002,0.09196000000000001,5.252734375,24.517,
0,1,,,12.261390686035156,64.40612792968751,1585.9863281250002,0.09196000000000001,5.2529296875,24.551,
0,1,,,12.269973754882812,64.453125,1588.2226562500002,0.09202468750000001,5.2529296875,24.585,
0,1,,,12.32414245605469,64.7369384765625,1590.478515625,0.0924309375,5.2529296875,24.619,
0,1,,,12.32414245605469,64.7369384765625,1592.7148437500002,0.0924309375,5.252734375,24.654,
0,1,,,12.312316894531252,64.67407226562501,1594.7558593750002,0.0923421875,5.252734375,24.688,
0,1,,,12.305068969726564,64.6319580078125,1596.9824218750002,0.09228812500000001,5.2525390625,24.722,
0,1,,,12.305068969726564,64.6319580078125,1599.248046875,0.09246531250000001,5.2529296875,24.756,
0,1,,,12.328720092773438,64.76196289062501,1601.484375,0.09246531250000001,5.2529296875,24.79,
0,1,,,12.339019775390627,64.80957031250001,1603.7304687500002,0.09254250000000001,5.2523437500000005,24.824,
0,1,,,12.339019775390627,64.80957031250001,1605.7617187500002,0.09196843750000001,5.252734375,24.858,
0,1,,,12.262535095214844,64.41223144531251,1608.0273437500002,0.09196843750000001,5.252734375,24.892,
0,1,,,12.272071838378906,64.466552734375,1610.2636718750002,0.09204031250000001,5.253125000000001,24.926,
0,1,,,12.272071838378906,64.466552734375,1612.5,0.09242781250000001,5.252734375,24.96,
0,1,,,12.323760986328127,64.73205566406251,1614.53125,0.09242781250000001,5.252734375,24.994,
0,1,,,12.311172485351562,64.6697998046875,1616.7968750000002,0.0923334375,5.2529296875,25.028,
0,1,,,12.311172485351562,64.6697998046875,1619.0234375,0.092305625,5.2523437500000005,25.062,
0,1,,,12.30754852294922,64.64294433593751,1621.26953125,0.092305625,5.2523437500000005,25.096,
0,1,,,12.325859069824219,64.739990234375,1623.3007812500002,0.09244375,5.2523437500000005,25.13,
0,1,,,12.341117858886719,64.82299804687501,1625.56640625,0.0925575,5.252734375,25.164,
0,1,,,12.341117858886719,64.82299804687501,1627.8027343750002,0.0925575,5.252734375,25.198,
0,1,,,12.261581420898438,64.40612792968751,1630.0390625000002,0.0919609375,5.252734375,25.231,
0,1,,,12.266159057617188,64.42810058593751,1632.2851562500002,0.09199500000000001,5.2525390625,25.266,
0,1,,,12.266159057617188,64.42810058593751,1634.3359375000005,0.09199500000000001,5.2525390625,25.299,
0,1,,,12.32891082763672,64.76257324218751,1636.5722656250002,0.092466875,5.2529296875,25.333,
0,1,,,12.30926513671875,64.65820312500001,1638.8085937500002,0.09231906250000001,5.2529296875,25.367,
0,1,,,12.30926513671875,64.65820312500001,1641.0546875000002,0.09231906250000001,5.2529296875,25.401,
0,1,,,12.31365203857422,64.678955078125,1643.1054687500002,0.09235125000000001,5.252734375,25.435,
0,1,,,12.31689453125,64.6917724609375,1645.341796875,0.0923753125,5.2523437500000005,25.469,
0,1,,,12.31689453125,64.6917724609375,1647.5781250000002,0.0923753125,5.2523437500000005,25.503,
0,1,,,12.341880798339846,64.8297119140625,1649.82421875,0.09256343750000001,5.2529296875,25.537,
0,1,,,12.266921997070314,64.4305419921875,1651.884765625,0.0920009375,5.2523437500000005,25.571,
0,1,,,12.266921997070314,64.4305419921875,1654.1210937500002,0.0920009375,5.2523437500000005,25.605,
0,1,,,12.26463317871094,64.42504882812501,1656.3476562500002,0.09198437500000001,5.2529296875,25.639,
0,1,,,12.324905395507812,64.73937988281251,1658.59375,0.09243593750000001,5.252734375,25.673,
0,1,,,12.324905395507812,64.73937988281251,1660.8496093750002,0.09243593750000001,5.252734375,25.708,
0,1,,,12.314414978027344,64.68688964843751,1663.0957031250002,0.09235781250000001,5.2529296875,25.742,
0,1,,,12.311744689941408,64.666748046875,1665.1171875,0.0923371875,5.2525390625,25.776,
0,1,,,12.311744689941408,64.666748046875,1667.36328125,0.0923371875,5.2525390625,25.81,
0,1,,,12.320137023925781,64.7100830078125,1669.6191406250002,0.09240062500000001,5.2523437500000005,25.844,
0,1,,,12.339210510253906,64.81079101562501,1671.8652343750002,0.0925428125,5.2525390625,25.878,
0,1,,,12.339210510253906,64.81079101562501,1673.8964843750002,0.0925428125,5.2525390625,25.912,
0,1,,,12.266540527343752,64.42687988281251,1676.1328125000005,0.09199875,5.2523437500000005,25.946,
0,1,,,12.26310729980469,64.41284179687501,1678.388671875,0.09197250000000001,5.252734375,25.98,
0,1,,,12.26310729980469,64.41284179687501,1680.6347656250002,0.09197250000000001,5.252734375,26.014,
0,1,,,12.330055236816406,64.76501464843751,1682.6562500000002,0.09247468750000001,5.252734375,26.048,
0,1,,,12.3077392578125,64.64294433593751,1684.9023437500002,0.09230687500000001,5.2523437500000005,26.082,
0,1,,,12.3077392578125,64.64294433593751,1687.158203125,0.09230687500000001,5.2523437500000005,26.116,
0,1,,,12.310981750488281,64.66064453125,1689.3945312500002,0.09233125,5.2523437500000005,26.15,
0,1,,,12.316322326660156,64.6917724609375,1691.435546875,0.092371875,5.2525390625,26.184,
0,1,,,12.316322326660156,64.6917724609375,1693.6718750000002,0.092371875,5.2529296875,26.217,
0,1,,,12.341308593750002,64.8284912109375,1695.927734375,0.09255937500000001,5.2529296875,26.251,
0,1,,,12.266540527343752,64.43115234375,1698.173828125,0.09199812500000001,5.252734375,26.285,
0,1,,,12.266540527343752,64.43115234375,1700.2050781250002,0.09199812500000001,5.2529296875,26.319,
0,1,,,12.262344360351562,64.41223144531251,1702.4414062500002,0.0919671875,5.2529296875,26.353,
0,1,,,12.332916259765625,64.7894287109375,1704.7070312500002,0.09249562500000001,5.253515625,26.387,
0,1,,,12.332916259765625,64.7894287109375,1706.9433593750002,0.092345625,5.2525390625,26.421,
0,1,,,12.312889099121094,64.67285156250001,1709.1796875,0.092345625,5.2525390625,26.455,
0,1,,,12.31689453125,64.6978759765625,1711.2109375,0.09237687500000001,5.252734375,26.489,
0,1,,,12.31689453125,64.6978759765625,1713.4765625000002,0.09239750000000001,5.2523437500000005,26.523,
0,1,,,12.319755554199219,64.7076416015625,1715.7128906250002,0.09239750000000001,5.2523437500000005,26.557,
0,1,,,12.337684631347656,64.7998046875,1717.94921875,0.09253156250000001,5.2523437500000005,26.591,
0,1,,,12.337684631347656,64.7998046875,1719.9804687500002,0.09201718750000001,5.2523437500000005,26.625,
0,1,,,12.269020080566406,64.44091796875,1722.24609375,0.09201718750000001,5.2523437500000005,26.659,
0,1,,,12.262916564941406,64.41467285156251,1724.4824218750002,0.09197187500000001,5.252734375,26.693,
0,1,,,12.262916564941406,64.41467285156251,1726.728515625,0.09252750000000001,5.2523437500000005,26.727,
0,1,,,12.337112426757814,64.7991943359375,1728.759765625,0.09252750000000001,5.2523437500000005,26.762,
0,1,,,12.314224243164064,64.67834472656251,1731.0253906250002,0.09235562500000001,5.2523437500000005,26.796,
0,1,,,12.310218811035156,64.659423828125,1733.2519531250002,0.09232625000000001,5.2525390625,26.83,
0,1,,,12.310218811035156,64.659423828125,1735.498046875,0.09232625000000001,5.2525390625,26.864,
0,1,,,12.3138427734375,64.68139648437501,1737.744140625,0.09235312500000001,5.252734375,26.898,
0,1,,,12.340164184570312,64.81811523437501,1739.7949218750002,0.09255062500000001,5.252734375,26.932,
0,1,,,12.340164184570312,64.81811523437501,1742.0312500000002,0.09255062500000001,5.252734375,26.966,
0,1,,,12.27569580078125,64.4775390625,1744.267578125,0.0920665625,5.2525390625,27.0,
0,1,,,12.260055541992188,64.39575195312501,1746.513671875,0.0919496875,5.2525390625,27.034,
0,1,,,12.260055541992188,64.39575195312501,1748.564453125,0.0919496875,5.2525390625,27.067,
0,1,,,12.340164184570312,64.8199462890625,1750.8007812500002,0.09255125,5.252734375,27.101,
0,1,,,12.314414978027344,64.68383789062501,1753.0371093750005,0.09235781250000001,5.252734375,27.135,
0,1,,,12.314414978027344,64.68383789062501,1755.29296875,0.09235781250000001,5.252734375,27.169,
0,2,,,10.18829345703125,53.548583984375,1.2109375000000002,0.07641250000000001,5.2564453125,0.029,
0,2,,,10.31646728515625,54.2266845703125,3.10546875,0.07737250000000001,5.2564453125,0.063,
0,2,,,10.47515869140625,55.05493164062501,5.009765625000001,0.07856375,5.255859375,0.097,
0,2,,,10.47515869140625,55.05493164062501,6.9140625,0.0779475,5.2556640625,0.131,
0,2,,,10.393142700195312,54.62158203125001,8.642578125,0.0779475,5.2556640625,0.165,
0,2,,,10.443496704101564,54.887695312500014,10.537109375000002,0.07832593750000001,5.2556640625,0.199,
0,2,,,10.443496704101564,54.887695312500014,12.441406250000002,0.07785312500000001,5.255859375,0.233,
0,2,,,10.380554199218752,54.55688476562501,14.345703125000002,0.07785312500000001,5.255859375,0.267,
0,2,,,10.477066040039062,55.06164550781251,16.074218750000004,0.078576875,5.25546875,0.301,
0,2,,,10.477066040039062,55.06164550781251,17.978515625000004,0.07799375,5.255859375,0.335,
0,2,,,10.399246215820314,54.65576171875001,19.882812500000004,0.07799375,5.255859375,0.369,
0,2,,,10.470962524414062,55.03173828125,21.787109375000004,0.07853125000000001,5.255859375,0.403,
0,2,,,10.470962524414062,55.03173828125,23.691406250000004,0.07800343750000001,5.25546875,0.437,
0,2,,,10.400581359863283,54.65820312500001,25.419921875,0.07800343750000001,5.25546875,0.471,
0,2,,,10.4705810546875,55.025024414062514,27.324218750000004,0.0785284375,5.2552734375000005,0.505,
0,2,,,10.4705810546875,55.025024414062514,29.21875,0.0778521875,5.255859375,0.539,
0,2,,,10.380363464355469,54.55688476562501,31.123046875000004,0.0778521875,5.255859375,0.573,
0,2,,,10.48583984375,55.10620117187501,32.861328125,0.07864375000000001,5.2552734375000005,0.607,
0,2,,,10.369300842285156,54.49829101562501,34.755859375,0.07776875000000001,5.255859375,0.642,
0,2,,,10.369300842285156,54.49829101562501,36.650390625,0.07776875000000001,5.255859375,0.676,
0,2,,,10.448074340820312,54.90844726562501,38.55468750000001,0.07836000000000001,5.25546875,0.71,
0,2,,,10.425186157226562,54.790039062500014,40.46875000000001,0.07818843750000001,5.2556640625,0.744,
0,2,,,10.425186157226562,54.790039062500014,42.19726562500001,0.07818843750000001,5.2556640625,0.778,
0,2,,,10.420608520507814,54.77111816406251,44.09179687500001,0.07815437500000001,5.256054687500001,0.812,
0,2,,,10.429000854492188,54.81018066406251,45.99609375,0.07821718750000001,5.2556640625,0.846,
0,2,,,10.429000854492188,54.81018066406251,47.90039062500001,0.07821718750000001,5.2556640625,0.88,
0,2,,,10.411453247070312,54.71679687500001,49.79492187500001,0.07808593750000001,5.25546875,0.914,
0,2,,,10.408592224121094,54.70153808593751,51.52343750000001,0.078064375,5.25546875,0.948,
0,2,,,10.408592224121094,54.70153808593751,53.42773437500001,0.078064375,5.25546875,0.982,
0,2,,,10.440444946289062,54.87182617187501,55.33203125000001,0.07830281250000001,5.2556640625,1.016,
0,2,,,10.441017150878906,54.87548828125001,57.23632812500001,0.07830687500000001,5.255859375,1.05,
0,2,,,10.441017150878906,54.87548828125001,58.96484375000001,0.07830687500000001,5.255859375,1.084,
0,2,,,10.378074645996094,54.54528808593751,60.85937500000001,0.07783593750000001,5.255859375,1.118,
0,2,,,10.476875305175783,55.06103515625001,62.76367187500001,0.07857562500000001,5.25546875,1.152,
0,2,,,10.476875305175783,55.06103515625001,64.66796875000001,0.07857562500000001,5.25546875,1.186,
0,2,,,10.410499572753906,54.7174072265625,66.40625,0.0780784375,5.256054687500001,1.22,
0,2,,,10.478401184082033,55.0689697265625,68.310546875,0.0785875,5.25546875,1.254,
0,2,,,10.478401184082033,55.0689697265625,70.21484375,0.0785875,5.25546875,1.287,
0,2,,,10.402107238769533,54.6722412109375,72.11914062500001,0.0780153125,5.255859375,1.321,
0,2,,,10.471153259277346,55.03356933593751,74.0234375,0.07853343750000001,5.2556640625,1.355,
0,2,,,10.471153259277346,55.03356933593751,75.7421875,0.07853343750000001,5.2556640625,1.389,
0,2,,,10.376548767089844,54.537353515625,77.65625000000001,0.077824375,5.255859375,1.423,
0,2,,,10.497474670410158,55.17089843750001,79.56054687500001,0.07873062500000001,5.2556640625,1.457,
0,2,,,10.497474670410158,55.17089843750001,81.45507812500001,0.07873062500000001,5.2556640625,1.491,
0,2,,,10.378265380859377,54.547119140625,83.18359375,0.077836875,5.255859375,1.525,
0,2,,,10.463905334472656,54.9951171875,85.08789062500001,0.078479375,5.2556640625,1.559,
0,2,,,10.463905334472656,54.9951171875,87.00195312500001,0.078479375,5.2556640625,1.593,
0,2,,,10.431098937988283,54.8211669921875,88.90625000000001,0.07823218750000001,5.2556640625,1.627,
0,2,,,10.46123504638672,54.98046875000001,90.634765625,0.07845906250000001,5.2556640625,1.661,
0,2,,,10.46123504638672,54.98046875000001,92.529296875,0.07845906250000001,5.2564453125,1.696,
0,2,,,10.357666015625002,54.44396972656251,94.43359375,0.0776825,5.2564453125,1.73,
0,2,,,10.474586486816408,55.05737304687501,96.337890625,0.0785596875,5.2562500000000005,1.764,
0,2,,,10.474586486816408,55.05737304687501,98.23242187500001,0.077824375,5.255859375,1.798,
0,2,,,10.376548767089844,54.536743164062514,100.126953125,0.077824375,5.255859375,1.832,
0,2,,,10.444831848144531,54.89013671875001,101.85546875000001,0.0783353125,5.2552734375000005,1.866,
0,2,,,10.444831848144531,54.89013671875001,103.76953125000001,0.0780603125,5.256054687500001,1.9,
0,2,,,10.40802001953125,54.7052001953125,105.67382812500003,0.0780603125,5.256054687500001,1.934,
0,2,,,10.457420349121096,54.96643066406251,107.568359375,0.0784303125,5.2562500000000005,1.968,
0,2,,,10.457420349121096,54.96643066406251,109.29687500000001,0.07782343750000001,5.256054687500001,2.002,
0,2,,,10.376548767089844,54.53979492187501,111.201171875,0.07782343750000001,5.256054687500001,2.036,
0,2,,,10.47821044921875,55.0750732421875,113.09570312500001,0.07858593750000001,5.2562500000000005,2.07,
0,2,,,10.47821044921875,55.0750732421875,115.00000000000001,0.07785968750000001,5.25546875,2.104,
0,2,,,10.381317138671875,54.55810546875001,116.728515625,0.07785968750000001,5.25546875,2.138,
0,2,,,10.47172546386719,55.03723144531251,118.6328125,0.07853781250000001,5.255859375,2.172,
0,2,,,10.47172546386719,54.628295898437514,120.53710937500001,0.077951875,5.256054687500001,2.206,
0,2,,,10.393524169921877,54.628295898437514,122.431640625,0.077951875,5.256054687500001,2.24,
0,2,,,10.453987121582033,54.93835449218751,124.33593750000001,0.078405,5.2552734375000005,2.274,
0,2,,,10.408782958984377,54.69970703125,126.07421875,0.07806500000000001,5.2552734375000005,2.308,
0,2,,,10.408782958984377,54.69970703125,127.97851562500001,0.07806500000000001,5.2552734375000005,2.342,
0,2,,,10.46123504638672,54.98291015625,129.873046875,0.07845875000000001,5.256054687500001,2.376,
0,2,,,10.363960266113283,54.4708251953125,131.76757812500003,0.0777290625,5.255859375,2.41,
0,2,,,10.363960266113283,54.4708251953125,133.49609375000003,0.0777290625,5.255859375,2.444,
0,2,,,10.46257019042969,54.98474121093751,135.41015625000003,0.0784684375,5.25546875,2.478,
0,2,,,10.419082641601562,54.75830078125001,137.314453125,0.07814343750000001,5.2556640625,2.512,
0,2,,,10.419082641601562,54.75830078125001,139.208984375,0.07814343750000001,5.2556640625,2.546,
0,2,,,10.41393280029297,54.73693847656251,140.93750000000003,0.0781046875,5.256054687500001,2.58,
0,2,,,10.437202453613281,54.857177734375014,142.841796875,0.07827875000000001,5.255859375,2.614,
0,2,,,10.437202453613281,54.857177734375014,144.74609375,0.07827875000000001,5.255859375,2.648,
0,2,,,10.419654846191408,54.7662353515625,146.64062500000003,0.0781471875,5.256054687500001,2.682,
0,2,,,10.388183593750002,54.59960937500001,148.53515625,0.07791093750000001,5.256054687500001,2.716,
0,2,,,10.388183593750002,54.59960937500001,150.263671875,0.07791093750000001,5.256054687500001,2.751,
0,2,,,10.433959960937502,54.837646484375,152.16796875000003,0.07825406250000001,5.2556640625,2.785,
0,2,,,10.429000854492188,54.81689453125001,154.072265625,0.07821750000000001,5.2562500000000005,2.819,
0,2,,,10.429000854492188,54.81689453125001,155.96679687500003,0.07821750000000001,5.2562500000000005,2.853,
0,2,,,10.389328002929688,54.60205078125,157.87109375000003,0.07791937500000001,5.2556640625,2.887,
0,2,,,10.4766845703125,55.06774902343751,159.60937500000003,0.078575,5.2562500000000005,2.921,
0,2,,,10.4766845703125,55.06774902343751,161.51367187500003,0.078575,5.2562500000000005,2.955,
0,2,,,10.391807556152344,54.61608886718751,163.40820312500003,0.07793812500000001,5.2556640625,2.989,
0,2,,,10.439491271972656,54.87121582031251,165.302734375,0.0782965625,5.256054687500001,3.023,
0,2,,,10.439491271972656,54.87121582031251,167.20703125000003,0.0782965625,5.256054687500001,3.057,
0,2,,,10.396575927734375,54.64111328125,168.935546875,0.07797406250000001,5.2556640625,3.091,
0,2,,,10.455513000488283,54.94750976562501,170.83984375000003,0.0784153125,5.25546875,3.125,
0,2,,,10.455513000488283,54.94750976562501,172.74414062500003,0.0784153125,5.25546875,3.159,
0,2,,,10.376358032226564,54.53613281250001,174.64843750000003,0.0778228125,5.255859375,3.193,
0,2,,,10.502052307128906,55.20080566406251,176.376953125,0.0787653125,5.2562500000000005,3.227,
0,2,,,10.502052307128906,55.20080566406251,178.28125000000003,0.0787653125,5.256054687500001,3.261,
0,2,,,10.391807556152344,54.61853027343751,180.18554687500003,0.07793781250000001,5.256054687500001,3.295,
0,2,,,10.45989990234375,54.96948242187501,182.08984375000003,0.078449375,5.2552734375000005,3.329,
0,2,,,10.45989990234375,54.96948242187501,183.81835937500003,0.078449375,5.256054687500001,3.363,
0,2,,,10.405921936035158,54.6929931640625,185.72265625000003,0.07804375000000001,5.256054687500001,3.397,
0,2,,,10.480880737304688,55.08056640625,187.62695312500003,0.0786065625,5.2552734375000005,3.431,
0,2,,,10.480880737304688,55.08056640625,189.53125000000003,0.0778965625,5.255859375,3.465,
0,2,,,10.38627624511719,54.58740234375001,191.43554687500003,0.0778965625,5.255859375,3.499,
0,2,,,10.480499267578125,55.07873535156251,193.1640625,0.07860375,5.25546875,3.533,
0,2,,,10.480499267578125,55.07873535156251,195.05859375,0.077739375,5.255859375,3.567,
0,2,,,10.365295410156252,54.47814941406251,196.95312500000003,0.077739375,5.255859375,3.601,
0,2,,,10.458946228027344,54.97131347656251,198.85742187500003,0.07844218750000001,5.255859375,3.635,
0,2,,,10.458946228027344,54.97131347656251,200.595703125,0.07809375,5.2556640625,3.669,
0,2,,,10.412597656250002,54.72412109375,202.5,0.07809375,5.2556640625,3.703,
0,2,,,10.456657409667969,54.95483398437501,204.39453125,0.078424375,5.25546875,3.737,
0,2,,,10.456657409667969,54.95483398437501,206.298828125,0.07787281250000001,5.2562500000000005,3.771,
0,2,,,10.383033752441408,54.57458496093751,208.20312500000003,0.07787281250000001,5.2562500000000005,3.805,
0,2,,,10.46142578125,54.98474121093751,209.93164062500003,0.078460625,5.256054687500001,3.839,
0,2,,,10.389137268066408,54.6014404296875,211.826171875,0.0779184375,5.2556640625,3.873,
0,2,,,10.389137268066408,54.6014404296875,213.73046875,0.0779184375,5.2556640625,3.907,
0,2,,,10.48545837402344,55.10681152343751,215.634765625,0.0786403125,5.2556640625,3.941,
0,2,,,10.38360595703125,54.57519531250001,217.5390625,0.07787625000000001,5.255859375,3.975,
0,2,,,10.38360595703125,54.57519531250001,219.26757812500003,0.07787625000000001,5.255859375,4.009,
0,2,,,10.4400634765625,54.8675537109375,221.16210937500003,0.0782996875,5.25546875,4.043,
0,2,,,10.380744934082031,54.55688476562501,223.06640625000006,0.0778546875,5.2556640625,4.077,
0,2,,,10.380744934082031,54.55688476562501,224.97070312500003,0.0778546875,5.2556640625,4.111,
0,2,,,10.46123504638672,54.98168945312501,226.69921875000003,0.07845906250000001,5.255859375,4.145,
0,2,,,10.38341522216797,54.5806884765625,228.59375000000003,0.0778759375,5.2564453125,4.179,
0,2,,,10.38341522216797,54.5806884765625,230.49804687500003,0.0778759375,5.2564453125,4.213,
0,2,,,10.474586486816408,55.05493164062501,232.412109375,0.078559375,5.256054687500001,4.247,
0,2,,,10.433959960937502,54.840087890625,234.31640625000003,0.07825375000000001,5.256054687500001,4.281,
0,2,,,10.433959960937502,54.840087890625,236.044921875,0.07825375000000001,5.256054687500001,4.315,
0,2,,,10.442543029785158,54.8834228515625,237.94921875,0.078318125,5.255859375,4.349,
0,2,,,10.437202453613281,54.857177734375014,239.853515625,0.0782784375,5.256054687500001,4.383,
0,2,,,10.437202453613281,54.857177734375014,241.75781250000006,0.0782784375,5.256054687500001,4.417,
0,2,,,10.426521301269531,54.8004150390625,243.48632812500003,0.0781978125,5.256054687500001,4.451,
0,2,,,10.427474975585938,54.80102539062501,245.39062500000003,0.0782059375,5.25546875,4.485,
0,2,,,10.427474975585938,54.80102539062501,247.29492187500003,0.0782059375,5.25546875,4.519,
0,2,,,10.436630249023438,54.8553466796875,249.19921875000003,0.07827500000000001,5.256054687500001,4.553,
0,2,,,10.446929931640627,54.90844726562501,251.10351562500006,0.0783521875,5.255859375,4.587,
0,2,,,10.446929931640627,54.90844726562501,252.83203125000003,0.0783521875,5.255859375,4.621,
0,2,,,10.412406921386719,54.72534179687501,254.73632812500003,0.07809281250000001,5.255859375,4.655,
0,2,,,10.441589355468752,54.8828125,256.640625,0.0783121875,5.2562500000000005,4.689,
0,2,,,10.441589355468752,54.8828125,258.544921875,0.0783121875,5.2562500000000005,4.723,
0,2,,,10.404777526855469,54.683227539062514,260.26367187500006,0.07803500000000001,5.2556640625,4.757,
0,2,,,10.462379455566406,54.98718261718751,262.16796875000006,0.07846781250000001,5.2556640625,4.791,
0,2,,,10.462379455566406,54.98718261718751,264.072265625,0.07846781250000001,5.2556640625,4.825,
0,2,,,10.396194458007812,54.64050292968751,265.97656250000006,0.077970625,5.255859375,4.86,
0,2,,,10.445594787597656,54.89990234375001,267.87109375,0.07834125,5.255859375,4.894,
0,2,,,10.445594787597656,54.89990234375001,269.775390625,0.07834125,5.25546875,4.928,
0,2,,,10.396385192871096,54.638671875,271.51367187500006,0.0779728125,5.25546875,4.962,
0,2,,,10.506248474121094,55.217285156250014,273.41796875,0.07879625000000001,5.2556640625,4.996,
0,2,,,10.506248474121094,55.217285156250014,275.33203125,0.0780959375,5.256054687500001,5.03,
0,2,,,10.412788391113281,54.729003906250014,277.22656250000006,0.0780959375,5.256054687500001,5.065,
0,2,,,10.479545593261719,55.079956054687514,278.96484375,0.07859625,5.256054687500001,5.099,
0,2,,,10.479545593261719,55.079956054687514,280.86914062500006,0.07811343750000001,5.256054687500001,5.133,
0,2,,,10.415267944335938,54.74304199218751,282.77343750000006,0.07811343750000001,5.256054687500001,5.167,
0,2,,,10.465240478515625,55.00000000000001,284.67773437500006,0.07848906250000001,5.25546875,5.201,
0,2,,,10.465240478515625,55.00000000000001,286.572265625,0.07786125,5.2556640625,5.235,
0,2,,,10.381507873535158,54.561767578125,288.310546875,0.07786125,5.2556640625,5.269,
0,2,,,10.509681701660156,55.2392578125,290.224609375,0.0788221875,5.256054687500001,5.303,
0,2,,,10.509681701660156,54.486083984375,292.11914062500006,0.077748125,5.256054687500001,5.337,
0,2,,,10.366439819335938,54.486083984375,294.02343750000006,0.077748125,5.256054687500001,5.371,
0,2,,,10.504150390625002,55.2032470703125,295.92773437500006,0.078780625,5.25546875,5.405,
0,2,,,10.406494140625,54.6990966796875,297.66601562500006,0.07804843750000001,5.2562500000000005,5.439,
0,2,,,10.406494140625,54.6990966796875,299.560546875,0.07804843750000001,5.2562500000000005,5.473,
0,2,,,10.443305969238281,54.88647460937501,301.46484375000006,0.0783246875,5.2556640625,5.507,
0,2,,,10.402488708496096,54.6722412109375,303.36914062500006,0.07801812500000001,5.255859375,5.541,
0,2,,,10.402488708496096,54.6722412109375,305.09765625000006,0.07801812500000001,5.255859375,5.575,
0,2,,,10.453224182128906,54.93408203125,306.99218750000006,0.07839875,5.2552734375000005,5.609,
0,2,,,10.366821289062502,54.48425292968751,308.88671875,0.07775125000000001,5.2556640625,5.643,
0,2,,,10.366821289062502,54.48425292968751,310.791015625,0.07775125000000001,5.2556640625,5.677,
0,2,,,10.479927062988281,55.07690429687501,312.69531250000006,0.07859937500000001,5.25546875,5.711,
0,2,,,10.378074645996094,54.54345703125,314.423828125,0.07783468750000001,5.2556640625,5.745,
0,2,,,10.378074645996094,54.54345703125,316.31835937500006,0.07783468750000001,5.2556640625,5.779,
0,2,,,10.427665710449219,54.8004150390625,318.22265625000006,0.07820656250000001,5.25546875,5.813,
0,2,,,10.403251647949219,54.67712402343751,320.1171875,0.078024375,5.255859375,5.847,
0,2,,,10.403251647949219,54.67712402343751,321.84570312500006,0.078024375,5.255859375,5.881,
0,2,,,10.431289672851562,54.82177734375,323.75000000000006,0.07823437500000001,5.25546875,5.916,
0,2,,,10.38017272949219,54.5587158203125,325.64453125000006,0.07785093750000001,5.256054687500001,5.95,
0,2,,,10.38017272949219,54.5587158203125,327.54882812500006,0.07785093750000001,5.256054687500001,5.984,
0,2,,,10.451126098632814,54.92370605468751,329.45312500000006,0.07838281250000001,5.2552734375000005,6.018,
0,2,,,10.387992858886719,54.598388671875,331.34765625,0.0779096875,5.255859375,6.052,
0,2,,,10.387992858886719,54.598388671875,333.07617187500006,0.0779096875,5.255859375,6.086,
0,2,,,10.423851013183594,54.78210449218751,334.98046875000006,0.078178125,5.25546875,6.12,
0,2,,,10.438156127929688,54.86022949218751,336.884765625,0.07828625,5.255859375,6.154,
0,2,,,10.438156127929688,54.86022949218751,338.77929687500006,0.07828625,5.255859375,6.188,
0,2,,,10.418701171875002,54.75585937500001,340.50781250000006,0.07813937500000001,5.2556640625,6.222,
0,2,,,10.428047180175781,54.805297851562514,342.41210937500006,0.0782103125,5.2556640625,6.256,
0,2,,,10.428047180175781,54.805297851562514,344.31640625000006,0.0782103125,5.2556640625,6.29,
0,2,,,10.428047180175781,54.811401367187514,346.21093750000006,0.07821,5.2562500000000005,6.324,
0,2,,,10.413551330566408,54.73815917968751,347.939453125,0.078101875,5.2564453125,6.358,
0,2,,,10.413551330566408,54.73815917968751,349.84375,0.078101875,5.2562500000000005,6.392,
0,2,,,10.407447814941406,54.7027587890625,351.74804687500006,0.07805500000000001,5.2562500000000005,6.426,
0,2,,,10.46409606933594,55.00244140625001,353.65234375000006,0.07848031250000001,5.2562500000000005,6.46,
0,2,,,10.46409606933594,55.00244140625001,355.55664062500006,0.07848031250000001,5.2556640625,6.494,
0,2,,,10.376548767089844,54.53613281250001,357.28515625000006,0.077824375,5.2556640625,6.528,
0,2,,,10.45207977294922,54.93408203125,359.1796875,0.07839093750000001,5.255859375,6.562,
0,2,,,10.45207977294922,54.93408203125,361.083984375,0.077921875,5.255859375,6.596,
0,2,,,10.389518737792969,54.60571289062501,362.98828125000006,0.077921875,5.255859375,6.63,
0,2,,,10.456085205078125,54.95483398437501,364.716796875,0.07842,5.255859375,6.664,
0,2,,,10.456085205078125,54.95483398437501,366.62109375000006,0.0780678125,5.2562500000000005,6.698,
0,2,,,10.40916442871094,54.71252441406251,368.52539062500006,0.0780678125,5.2562500000000005,6.732,
0,2,,,10.47782897949219,55.06713867187501,370.42968750000006,0.0785828125,5.2556640625,6.766,
0,2,,,10.47782897949219,55.06713867187501,372.15820312500006,0.07781093750000001,5.2556640625,6.8,
0,2,,,10.374832153320314,54.52697753906251,374.05273437500006,0.07781093750000001,5.2556640625,6.834,
0,2,,,10.46257019042969,54.989013671875,375.95703125,0.0784690625,5.255859375,6.868,
0,2,,,10.46257019042969,54.989013671875,377.87109375000006,0.07816875000000001,5.256054687500001,6.902,
0,2,,,10.422515869140627,54.78027343750001,379.76562500000006,0.07816875000000001,5.256054687500001,6.936,
0,2,,,10.440826416015625,54.86938476562501,381.49414062500006,0.078305625,5.2552734375000005,6.97,
0,2,,,10.411643981933596,54.72106933593751,383.3984375,0.07808656250000001,5.255859375,7.004,
0,2,,,10.411643981933596,54.72106933593751,385.302734375,0.07808656250000001,5.255859375,7.038,
0,2,,,10.468101501464844,55.01525878906251,387.20703125,0.0785109375,5.25546875,7.072,
0,2,,,10.37864685058594,54.54528808593751,389.10156250000006,0.07784,5.25546875,7.106,
0,2,,,10.37864685058594,54.54528808593751,390.83007812500006,0.07784,5.25546875,7.14,
0,2,,,10.472869873046875,55.040283203125014,392.73437500000006,0.07854562500000001,5.2556640625,7.174,
0,2,,,10.375213623046875,54.5281982421875,394.62890625,0.0778140625,5.2556640625,7.208,
0,2,,,10.375213623046875,54.5281982421875,396.533203125,0.0778140625,5.2556640625,7.242,
0,2,,,10.453224182128906,54.940185546875,398.26171875000006,0.0783990625,5.255859375,7.276,
0,2,,,10.415840148925783,54.7454833984375,400.17578125000006,0.07811875,5.256054687500001,7.31,
0,2,,,10.415840148925783,54.7454833984375,402.0703125,0.07811875,5.256054687500001,7.344,
0,2,,,10.458183288574219,54.96582031250001,403.974609375,0.0784353125,5.255859375,7.378,
0,2,,,10.416412353515627,54.750366210937514,405.71289062500006,0.0781234375,5.2562500000000005,7.412,
0,2,,,10.416412353515627,54.750366210937514,407.61718750000006,0.0781234375,5.2562500000000005,7.446,
0,2,,,10.485649108886719,55.110473632812514,409.521484375,0.07864156250000001,5.255859375,7.48,
0,2,,,10.387992858886719,54.59899902343751,411.42578125,0.077909375,5.256054687500001,7.514,
0,2,,,10.387992858886719,54.59899902343751,413.32031250000006,0.077909375,5.256054687500001,7.548,
0,2,,,10.471534729003906,55.03112792968751,415.04882812500006,0.07853531250000001,5.25546875,7.582,
0,2,,,10.41412353515625,54.73632812500001,416.962890625,0.0781059375,5.256054687500001,7.616,
0,2,,,10.41412353515625,54.73632812500001,418.8671875,0.0781059375,5.256054687500001,7.65,
0,2,,,10.473060607910158,55.04150390625001,420.771484375,0.0785475,5.2556640625,7.684,
0,2,,,10.381889343261719,54.56665039062501,422.5000000000001,0.077864375,5.256054687500001,7.718,
0,2,,,10.381889343261719,54.56665039062501,424.4140625,0.077864375,5.256054687500001,7.752,
0,2,,,10.51750183105469,55.278320312500014,426.318359375,0.07888093750000001,5.255859375,7.786,
0,2,,,10.394859313964846,54.63134765625001,428.21289062500006,0.07796156250000001,5.2556640625,7.82,
0,2,,,10.394859313964846,54.63134765625001,429.951171875,0.07796156250000001,5.2556640625,7.854,
0,2,,,10.450172424316408,54.92065429687501,431.85546875,0.0783759375,5.25546875,7.888,
0,2,,,10.452651977539064,54.93591308593751,433.759765625,0.07839375000000001,5.255859375,7.922,
0,2,,,10.452651977539064,54.93591308593751,435.6640625,0.07839375000000001,5.255859375,7.956,
0,2,,,10.435867309570314,54.852294921875,437.568359375,0.07826812500000001,5.2562500000000005,7.99,
0,2,,,10.404586791992188,54.68627929687501,439.2968750000001,0.07803375000000001,5.256054687500001,8.025,
0,2,,,10.404586791992188,54.68627929687501,441.2109375,0.07803375000000001,5.255859375,8.059,
0,2,,,10.470390319824219,55.03173828125,443.115234375,0.078528125,5.255859375,8.093,
0,2,,,10.435867309570314,54.85046386718751,445.01953125000006,0.07826843750000001,5.256054687500001,8.127,
0,2,,,10.435867309570314,54.85046386718751,446.92382812500006,0.0784196875,5.2552734375000005,8.161,
0,2,,,10.456085205078125,54.948730468750014,448.65234375,0.0784196875,5.2552734375000005,8.195,
0,2,,,10.451507568359375,54.9285888671875,450.556640625,0.07838625,5.25546875,8.228,
0,2,,,10.451507568359375,54.9285888671875,452.4609375,0.07801250000000001,5.256054687500001,8.262,
0,2,,,10.401725769042969,54.671630859375,454.365234375,0.07801250000000001,5.256054687500001,8.296,
0,2,,,10.478973388671875,55.07629394531251,456.103515625,0.078591875,5.255859375,8.33,
0,2,,,10.478973388671875,55.07629394531251,458.0078125,0.0780134375,5.255859375,8.364,
0,2,,,10.40191650390625,54.67041015625001,459.91210937500006,0.0780134375,5.255859375,8.398,
0,2,,,10.474586486816408,55.05187988281251,461.81640625000006,0.07855875000000001,5.255859375,8.432,
0,2,,,10.474586486816408,55.05187988281251,463.720703125,0.07800875,5.2564453125,8.466,
0,2,,,10.401153564453127,54.6722412109375,465.45898437500006,0.07800875,5.2564453125,8.5,
0,2,,,10.489463806152344,55.131835937500014,467.353515625,0.07867125000000001,5.255859375,8.534,
0,2,,,10.489463806152344,55.131835937500014,469.2578125,0.0778609375,5.25546875,8.568,
0,2,,,10.381507873535158,54.5587158203125,471.162109375,0.0778609375,5.25546875,8.602,
0,2,,,10.505104064941408,55.21118164062501,472.900390625,0.078788125,5.2556640625,8.636,
0,2,,,10.382843017578125,54.5709228515625,474.79492187500006,0.07787031250000001,5.255859375,8.67,
0,2,,,10.382843017578125,54.5709228515625,476.6992187500001,0.07787031250000001,5.255859375,8.704,
0,2,,,10.447120666503906,54.90417480468751,478.59375000000006,0.07835281250000001,5.25546875,8.738,
0,2,,,10.400390625,54.66552734375,480.33203125000006,0.0780028125,5.2562500000000005,8.772,
0,2,,,10.400390625,54.66552734375,482.23632812500006,0.0780028125,5.2562500000000005,8.806,
0,2,,,10.489463806152344,55.126953125,484.14062500000006,0.07867,5.25546875,8.84,
0,2,,,10.387039184570312,54.5928955078125,486.04492187500006,0.0779025,5.255859375,8.874,
0,2,,,10.387039184570312,54.5928955078125,487.7734375,0.0779025,5.255859375,8.908,
0,2,,,10.513687133789064,55.25939941406251,489.68750000000006,0.0788521875,5.256054687500001,8.942,
0,2,,,10.373878479003908,54.5166015625,491.58203125000006,0.0778034375,5.2552734375000005,8.976,
0,2,,,10.373878479003908,54.5166015625,493.48632812500006,0.0778034375,5.2552734375000005,9.01,
0,2,,,10.469818115234377,55.02624511718751,495.39062500000006,0.0785234375,5.2556640625,9.044,
0,2,,,10.433769226074219,54.83642578125,497.12890625000006,0.07825343750000001,5.2556640625,9.079,
0,2,,,10.433769226074219,54.83642578125,499.03320312500006,0.07825343750000001,5.2556640625,9.113,
0,2,,,10.465240478515625,55.0042724609375,500.93750000000006,0.07848875000000001,5.256054687500001,9.147,
0,2,,,10.39390563964844,54.63134765625001,502.83203125,0.07795375,5.2562500000000005,9.181,
0,2,,,10.39390563964844,54.63134765625001,504.736328125,0.07795375,5.2562500000000005,9.215,
0,2,,,10.4827880859375,55.09216308593751,506.474609375,0.0786209375,5.25546875,9.249,
0,2,,,10.402488708496096,54.67712402343751,508.37890625000006,0.07801812500000001,5.2562500000000005,9.283,
0,2,,,10.402488708496096,54.67712402343751,510.2734375000001,0.07801812500000001,5.2562500000000005,9.317,
0,2,,,10.46257019042969,54.988403320312514,512.1777343750001,0.07846937500000001,5.2556640625,9.351,
0,2,,,10.38494110107422,54.57519531250001,513.9062500000001,0.07788687500000001,5.2552734375000005,9.385,
0,2,,,10.38494110107422,54.57519531250001,515.810546875,0.07788687500000001,5.2552734375000005,9.419,
0,2,,,10.446929931640627,54.90966796875,517.705078125,0.0783525,5.256054687500001,9.453,
0,2,,,10.389328002929688,54.60205078125,519.609375,0.07791937500000001,5.2556640625,9.487,
0,2,,,10.389328002929688,54.60205078125,521.5136718750001,0.07791937500000001,5.2556640625,9.521,
0,2,,,10.482025146484375,55.09460449218751,523.2421875000001,0.0786153125,5.256054687500001,9.555,
0,2,,,10.3759765625,54.53552246093751,525.146484375,0.07781906250000001,5.256054687500001,9.589,
0,2,,,10.3759765625,54.53552246093751,527.041015625,0.07781906250000001,5.256054687500001,9.622,
0,2,,,10.443687438964844,54.8858642578125,528.955078125,0.07832750000000001,5.25546875,9.656,
0,2,,,10.422706604003906,54.77966308593751,530.6835937500001,0.07817062500000001,5.255859375,9.69,
0,2,,,10.422706604003906,54.77966308593751,532.578125,0.07817062500000001,5.2556640625,9.724,
0,2,,,10.420417785644531,54.7662353515625,534.4824218750001,0.0781534375,5.2556640625,9.758,
0,2,,,10.420799255371094,54.765625000000014,536.3867187500001,0.0781553125,5.25546875,9.792,
0,2,,,10.420799255371094,54.765625000000014,538.1152343750001,0.0781553125,5.2556640625,9.826,
0,2,,,10.457420349121096,54.96093750000001,540.01953125,0.0784309375,5.2556640625,9.86,
0,2,,,10.449028015136719,54.92065429687501,541.9238281250001,0.07836781250000001,5.256054687500001,9.894,
0,2,,,10.449028015136719,54.92065429687501,543.828125,0.0782190625,5.25546875,9.928,
0,2,,,10.42919158935547,54.81018066406251,545.5761718750001,0.0782190625,5.25546875,9.962,
0,2,,,10.466575622558594,55.0079345703125,547.4804687500001,0.0784984375,5.2556640625,9.996,
0,2,,,10.466575622558594,55.0079345703125,549.3750000000001,0.07789593750000001,5.2556640625,10.03,
0,2,,,10.38627624511719,54.586181640625,551.2792968750001,0.07789593750000001,5.2556640625,10.064,
0,2,,,10.490036010742188,55.13732910156251,553.18359375,0.07867500000000001,5.2562500000000005,10.098,
0,2,,,10.490036010742188,55.13732910156251,554.9218750000001,0.07802468750000001,5.255859375,10.133,
0,2,,,10.403251647949219,54.6783447265625,556.8164062500001,0.07802468750000001,5.255859375,10.167,
0,2,,,10.439872741699219,54.873046875,558.720703125,0.07829843750000001,5.2562500000000005,10.201,
0,2,,,10.439872741699219,54.873046875,560.634765625,0.07827718750000001,5.25546875,10.235,
0,2,,,10.43701171875,54.85046386718751,562.5390625000001,0.07827718750000001,5.25546875,10.269,
0,2,,,10.485649108886719,55.10681152343751,564.2675781250001,0.07864156250000001,5.25546875,10.303,
0,2,,,10.384750366210938,54.58129882812501,566.1718750000001,0.07788531250000001,5.256054687500001,10.337,
0,2,,,10.384750366210938,54.58129882812501,568.076171875,0.07788531250000001,5.256054687500001,10.372,
0,2,,,10.48583984375,55.110473632812514,569.9804687500001,0.07864375000000001,5.2556640625,10.406,
0,2,,,10.406684875488281,54.69726562500001,571.884765625,0.07805000000000001,5.256054687500001,10.44,
0,2,,,10.406684875488281,54.69726562500001,573.61328125,0.07805000000000001,5.256054687500001,10.474,
0,2,,,10.449790954589846,54.9163818359375,575.5078125,0.07837375,5.2552734375000005,10.508,
0,2,,,10.406112670898438,54.69238281250001,577.4218750000001,0.07804593750000001,5.255859375,10.542,
0,2,,,10.406112670898438,54.69238281250001,579.326171875,0.07804593750000001,5.255859375,10.576,
0,2,,,10.479545593261719,55.07873535156251,581.2304687500001,0.0785959375,5.255859375,10.61,
0,2,,,10.395240783691406,54.63439941406251,582.958984375,0.0779640625,5.255859375,10.644,
0,2,,,10.395240783691406,54.63439941406251,584.8730468750001,0.0779640625,5.255859375,10.678,
0,2,,,10.5072021484375,55.22033691406251,586.77734375,0.07880375,5.25546875,10.712,
0,2,,,10.395240783691406,54.6380615234375,588.6718750000001,0.077964375,5.256054687500001,10.746,
0,2,,,10.395240783691406,54.6380615234375,590.400390625,0.077964375,5.256054687500001,10.78,
0,2,,,10.460662841796877,54.9798583984375,592.3144531250001,0.07845531250000001,5.255859375,10.814,
0,2,,,10.429000854492188,54.81201171875,594.21875,0.078216875,5.255859375,10.848,
0,2,,,10.429000854492188,54.81201171875,596.1230468750001,0.078216875,5.255859375,10.882,
0,2,,,10.473442077636719,55.04333496093751,598.02734375,0.07855031250000001,5.25546875,10.916,
0,2,,,10.389137268066408,54.60266113281251,599.755859375,0.0779175,5.255859375,10.95,
0,2,,,10.389137268066408,54.60266113281251,601.66015625,0.0779175,5.255859375,10.984,
0,2,,,10.481071472167969,55.08483886718751,603.5644531250001,0.078608125,5.2556640625,11.018,
0,2,,,10.409927368164062,54.7113037109375,605.46875,0.07807343750000001,5.255859375,11.052,
0,2,,,10.409927368164062,54.7113037109375,607.2070312500001,0.07807343750000001,5.255859375,11.086,
0,2,,,10.493278503417969,55.15014648437501,609.111328125,0.0786996875,5.255859375,11.12,
0,2,,,10.409355163574219,54.7088623046875,611.0156250000001,0.07807,5.255859375,11.154,
0,2,,,10.409355163574219,54.7088623046875,612.9199218750001,0.07807,5.255859375,11.188,
0,2,,,10.475540161132814,55.05615234375,614.82421875,0.0785665625,5.2556640625,11.222,
0,2,,,10.419082641601562,54.75830078125001,616.5625000000001,0.0781421875,5.2556640625,11.256,
0,2,,,10.419082641601562,54.75830078125001,618.4667968750001,0.0781421875,5.255859375,11.29,
0,2,,,10.489463806152344,55.1300048828125,620.3710937500001,0.07867093750000001,5.255859375,11.324,
0,2,,,10.395622253417969,54.64111328125,622.275390625,0.0779665625,5.2562500000000005,11.358,
0,2,,,10.395622253417969,54.64111328125,624.1894531250001,0.0779665625,5.255859375,11.392,
0,2,,,10.482025146484375,55.09155273437501,625.91796875,0.0786146875,5.255859375,11.426,
0,2,,,10.423851013183594,54.78942871093751,627.8222656250001,0.0781784375,5.2562500000000005,11.46,
0,2,,,10.423851013183594,54.78942871093751,629.716796875,0.07814125000000001,5.2556640625,11.494,
0,2,,,10.418891906738281,54.757080078125,631.6308593750001,0.07814125000000001,5.2556640625,11.528,
0,2,,,10.43968200683594,54.86938476562501,633.3593750000001,0.0782975,5.255859375,11.562,
0,2,,,10.43968200683594,54.86938476562501,635.2636718750001,0.0784603125,5.255859375,11.596,
0,2,,,10.46142578125,54.9835205078125,637.16796875,0.0784603125,5.255859375,11.63,
0,2,,,10.428619384765625,54.8089599609375,639.0722656250001,0.078215,5.2556640625,11.664,
0,2,,,10.428619384765625,54.8089599609375,640.8007812500001,0.07818812500000001,5.256054687500001,11.698,
0,2,,,10.425186157226562,54.79492187500001,642.7050781250001,0.07818812500000001,5.256054687500001,11.732,
0,2,,,10.451126098632814,54.92919921875,644.609375,0.07838250000000001,5.255859375,11.766,
0,2,,,10.451126098632814,54.92919921875,646.5136718750001,0.07806718750000001,5.256054687500001,11.8,
0,2,,,10.408973693847656,54.71069335937501,648.4277343750001,0.07806718750000001,5.256054687500001,11.834,
0,2,,,10.476112365722656,55.06286621093751,650.146484375,0.07857093750000001,5.256054687500001,11.868,
0,2,,,10.476112365722656,54.60937500000001,652.05078125,0.07792500000000001,5.256054687500001,11.902,
0,2,,,10.390090942382814,54.60937500000001,653.9550781250001,0.07792500000000001,5.256054687500001,11.936,
0,2,,,10.460853576660156,54.979248046875014,655.8691406250001,0.07845625,5.2556640625,11.97,
0,2,,,10.437393188476564,54.8553466796875,657.5976562500001,0.07828,5.2556640625,12.004,
0,2,,,10.437393188476564,54.8553466796875,659.5117187500001,0.07828,5.2556640625,12.038,
0,2,,,10.489654541015625,55.1324462890625,661.4062500000001,0.078671875,5.255859375,12.072,
0,2,,,10.38627624511719,54.586181640625,663.310546875,0.077896875,5.2556640625,12.106,
0,2,,,10.38627624511719,54.586181640625,665.0390625,0.077896875,5.2556640625,12.14,
0,2,,,10.493850708007812,55.15258789062501,666.943359375,0.0787040625,5.2556640625,12.174,
0,2,,,10.391616821289064,54.6173095703125,668.8574218750001,0.0779365625,5.255859375,12.208,
0,2,,,10.391616821289064,54.6173095703125,670.7617187500001,0.0779365625,5.255859375,12.243,
0,2,,,10.492324829101562,55.14343261718751,672.6757812500001,0.07869125,5.2556640625,12.277,
0,2,,,10.434532165527346,54.8394775390625,674.5800781250001,0.07825875,5.2556640625,12.311,
0,2,,,10.434532165527346,54.8394775390625,676.3085937500001,0.07825875,5.2556640625,12.345,
0,2,,,10.469436645507812,55.02746582031251,678.2128906250001,0.07852093750000001,5.256054687500001,12.379,
0,2,,,10.411643981933596,54.72106933593751,680.126953125,0.07808656250000001,5.255859375,12.413,
0,2,,,10.411643981933596,54.72106933593751,682.0410156250001,0.07808656250000001,5.255859375,12.447,
0,2,,,10.507392883300783,55.22216796875001,683.7597656250001,0.078805,5.2556640625,12.481,
0,2,,,10.384368896484377,54.58190917968751,685.6640625000001,0.07788250000000001,5.2562500000000005,12.515,
0,2,,,10.384368896484377,54.58190917968751,687.578125,0.07788250000000001,5.2562500000000005,12.549,
0,2,,,10.521507263183594,55.299682617187514,689.4921875000001,0.07891062500000001,5.255859375,12.583,
0,2,,,10.41679382324219,54.7509765625,691.2109375000001,0.078125,5.256054687500001,12.616,
0,2,,,10.41679382324219,54.7509765625,693.1250000000001,0.078125,5.256054687500001,12.65,
0,2,,,10.486602783203125,55.11535644531251,695.029296875,0.0786490625,5.255859375,12.684,
0,2,,,10.41717529296875,54.74731445312501,696.9433593750001,0.07812906250000001,5.25546875,12.718,
0,2,,,10.41717529296875,54.74731445312501,698.671875,0.07812906250000001,5.25546875,12.752,
0,2,,,10.50071716308594,55.1910400390625,700.5761718750001,0.07875531250000001,5.255859375,12.786,
0,2,,,10.374259948730469,54.525146484375,702.4804687500001,0.07780687500000001,5.255859375,12.82,
0,2,,,10.374259948730469,54.525146484375,704.3847656250001,0.07780687500000001,5.255859375,12.854,
0,2,,,10.515785217285156,55.264892578125,706.298828125,0.07886781250000001,5.25546875,12.888,
0,2,,,10.40782928466797,54.7027587890625,708.0273437500001,0.07805906250000001,5.255859375,12.922,
0,2,,,10.40782928466797,54.7027587890625,709.921875,0.07805906250000001,5.25546875,12.956,
0,2,,,10.457420349121096,54.9591064453125,711.8261718750001,0.07843,5.25546875,12.99,
0,2,,,10.403633117675781,54.67956542968751,713.7402343750001,0.07802718750000001,5.255859375,13.024,
0,2,,,10.403633117675781,54.67956542968751,715.4785156250001,0.07802718750000001,5.255859375,13.058,
0,2,,,10.511207580566408,55.24475097656251,717.3828125,0.07883375000000001,5.255859375,13.092,
0,2,,,10.394859313964846,54.6319580078125,719.2871093750001,0.07796093750000001,5.2556640625,13.126,
0,2,,,10.394859313964846,54.6319580078125,721.2011718750001,0.078793125,5.255859375,13.16,
0,2,,,10.505867004394531,55.21545410156251,722.9296875000001,0.078793125,5.255859375,13.194,
0,2,,,10.443305969238281,54.89257812500001,724.8437500000001,0.0783240625,5.2562500000000005,13.228,
0,2,,,10.443305969238281,54.89257812500001,726.748046875,0.0785296875,5.25546875,13.262,
0,2,,,10.470771789550783,55.02685546875001,728.6718750000001,0.0785296875,5.25546875,13.297,
0,2,,,10.477066040039062,55.064697265625014,730.5761718750001,0.0785771875,5.255859375,13.331,
0,2,,,10.477066040039062,55.064697265625014,732.3046875000001,0.07831,5.25546875,13.365,
0,2,,,10.441398620605469,54.87426757812501,734.208984375,0.07831,5.25546875,13.399,
0,2,,,10.426330566406252,54.80346679687501,736.1230468750001,0.0781978125,5.2562500000000005,13.433,
0,2,,,10.426330566406252,54.80346679687501,738.037109375,0.07869250000000001,5.255859375,13.467,
0,2,,,10.492324829101562,55.14587402343751,739.94140625,0.07869250000000001,5.255859375,13.501,
0,2,,,10.463333129882812,54.99145507812501,741.6699218750001,0.07847437500000001,5.2556640625,13.535,
0,2,,,10.439491271972656,54.86938476562501,743.5839843750001,0.0782953125,5.256054687500001,13.569,
0,2,,,10.439491271972656,54.86938476562501,745.4882812500001,0.0782953125,5.256054687500001,13.603,
0,2,,,10.476875305175783,55.06591796875,747.4023437500001,0.07857625,5.256054687500001,13.637,
0,2,,,10.426521301269531,54.80224609375001,749.1308593750001,0.07819812500000001,5.256054687500001,13.671,
0,2,,,10.426521301269531,54.80224609375001,751.0351562500001,0.07819812500000001,5.256054687500001,13.705,
0,2,,,10.46905517578125,55.02197265625001,752.9492187500001,0.0785178125,5.2556640625,13.739,
0,2,,,10.42594909667969,54.79736328125001,754.8535156250001,0.07819375,5.255859375,13.773,
0,2,,,10.42594909667969,54.79736328125001,756.7675781250001,0.07819375,5.255859375,13.807,
0,2,,,10.494995117187502,55.166015625,758.486328125,0.0787128125,5.2564453125,13.841,
0,2,,,10.412406921386719,54.72290039062501,760.4003906250001,0.07809250000000001,5.2556640625,13.875,
0,2,,,10.412406921386719,54.72290039062501,762.3144531250001,0.07809250000000001,5.2556640625,13.909,
0,2,,,10.500526428222656,55.1910400390625,764.2187500000001,0.07875343750000001,5.256054687500001,13.943,
0,2,,,10.40153503417969,54.67102050781251,765.9375000000001,0.0780115625,5.256054687500001,13.977,
0,2,,,10.40153503417969,54.67102050781251,767.8417968750001,0.0780115625,5.256054687500001,14.011,
0,2,,,10.467720031738281,55.01770019531251,769.755859375,0.0785071875,5.256054687500001,14.045,
0,2,,,10.417366027832033,54.74731445312501,771.6601562500001,0.0781296875,5.25546875,14.079,
0,2,,,10.417366027832033,54.74731445312501,773.388671875,0.0781296875,5.25546875,14.113,
0,2,,,10.474014282226564,55.04516601562501,775.2929687500001,0.07855406250000001,5.25546875,14.147,
0,2,,,10.416030883789062,54.74060058593751,777.2070312500001,0.07812031250000001,5.25546875,14.18,
0,2,,,10.416030883789062,54.74060058593751,779.1113281250001,0.07812031250000001,5.25546875,14.214,
0,2,,,10.512924194335938,55.25329589843751,780.83984375,0.07884625,5.255859375,14.248,
0,2,,,10.406494140625,54.69482421875001,782.7441406250001,0.07804812500000001,5.255859375,14.282,
0,2,,,10.406494140625,54.69482421875001,784.6582031250001,0.07804812500000001,5.255859375,14.316,
0,2,,,10.487747192382812,55.1263427734375,786.572265625,0.0786571875,5.2564453125,14.351,
0,2,,,10.403633117675781,54.6783447265625,788.4765625000001,0.07802687500000001,5.255859375,14.385,
0,2,,,10.403633117675781,54.6783447265625,790.380859375,0.07802687500000001,5.255859375,14.419,
0,2,,,10.48412322998047,55.10009765625001,792.1093750000001,0.07863093750000001,5.2556640625,14.453,
0,2,,,10.41069030761719,54.718017578125,794.0136718750001,0.078080625,5.255859375,14.487,
0,2,,,10.41069030761719,54.718017578125,795.9179687500001,0.078080625,5.255859375,14.521,
0,2,,,10.488510131835938,55.12817382812501,797.8222656250001,0.07866375,5.256054687500001,14.555,
0,2,,,10.38780212402344,54.597778320312514,799.5507812500001,0.07790843750000001,5.256054687500001,14.589,
0,2,,,10.38780212402344,54.597778320312514,801.46484375,0.07790843750000001,5.2552734375000005,14.623,
0,2,,,10.505867004394531,55.21118164062501,803.3691406250001,0.078793125,5.2552734375000005,14.657,
0,2,,,10.399436950683594,54.654541015625,805.2734375,0.07799531250000001,5.2556640625,14.691,
0,2,,,10.399436950683594,54.654541015625,806.9921875000001,0.07799531250000001,5.25546875,14.725,
0,2,,,10.461807250976562,54.98168945312501,808.9062500000001,0.07846312500000001,5.25546875,14.759,
0,2,,,10.409355163574219,54.70947265625001,810.8105468750001,0.07806937500000001,5.255859375,14.793,
0,2,,,10.409355163574219,54.70947265625001,812.7148437500001,0.0784771875,5.25546875,14.827,
0,2,,,10.463714599609375,54.9920654296875,814.6191406250001,0.0784771875,5.25546875,14.861,
0,2,,,10.401344299316406,54.66613769531251,816.34765625,0.078009375,5.2556640625,14.895,
0,2,,,10.401344299316406,54.66613769531251,818.2617187500001,0.07872406250000001,5.256054687500001,14.929,
0,2,,,10.496520996093752,55.16967773437501,820.166015625,0.07872406250000001,5.256054687500001,14.963,
0,2,,,10.415267944335938,54.744873046875,822.0703125000001,0.07811406250000001,5.2562500000000005,14.997,
0,2,,,10.415267944335938,54.744873046875,823.7890625000001,0.07825375000000001,5.255859375,15.031,
0,2,,,10.433959960937502,54.837646484375,825.7031250000001,0.07825375000000001,5.255859375,15.065,
0,2,,,10.454559326171877,54.9462890625,827.6074218750001,0.078409375,5.2556640625,15.099,
0,2,,,10.454559326171877,54.9462890625,829.5117187500001,0.0780978125,5.256054687500001,15.133,
0,2,,,10.413169860839844,54.730224609375,831.4160156250001,0.0780978125,5.256054687500001,15.167,
0,2,,,10.451316833496094,54.927978515625,833.14453125,0.07838468750000001,5.2556640625,15.201,
0,2,,,10.451316833496094,54.99572753906251,835.05859375,0.07849093750000001,5.2548828125,15.235,
0,2,,,10.465431213378908,54.99572753906251,836.9628906250001,0.07849093750000001,5.2548828125,15.269,
0,2,,,10.42442321777344,54.78942871093751,838.857421875,0.0781828125,5.255859375,15.303,
0,2,,,10.418701171875002,54.75891113281251,840.5859375000001,0.07813968750000001,5.255859375,15.337,
0,2,,,10.418701171875002,54.75891113281251,842.5000000000001,0.07813968750000001,5.255859375,15.371,
0,2,,,10.48698425292969,55.110473632812514,844.4140625000002,0.07865156250000001,5.2552734375000005,15.406,
0,2,,,10.406112670898438,54.68872070312501,846.3085937500001,0.078045,5.25546875,15.44,
0,2,,,10.406112670898438,54.68872070312501,848.2226562500001,0.078045,5.25546875,15.474,
0,2,,,10.483169555664064,55.101318359375014,849.951171875,0.07862375,5.2562500000000005,15.508,
0,2,,,10.418701171875002,54.757080078125,851.8554687500001,0.07813937500000001,5.2556640625,15.542,
0,2,,,10.418701171875002,54.757080078125,853.759765625,0.07813937500000001,5.2556640625,15.576,
0,2,,,10.464477539062502,54.9920654296875,855.6640625,0.078483125,5.255078125000001,15.61,
0,2,,,10.417366027832033,54.74914550781251,857.5781250000001,0.07813062500000001,5.25546875,15.644,
0,2,,,10.417366027832033,54.74914550781251,859.31640625,0.07813062500000001,5.25546875,15.678,
0,2,,,10.518264770507812,55.2801513671875,861.2304687500001,0.07888687500000001,5.2556640625,15.712,
0,2,,,10.44120788574219,54.876708984375,863.134765625,0.078308125,5.255859375,15.746,
0,2,,,10.44120788574219,54.876708984375,865.0488281250001,0.078308125,5.255859375,15.78,
0,2,,,10.523796081542969,55.30517578125001,866.787109375,0.0789278125,5.2552734375000005,15.814,
0,2,,,10.428047180175781,54.80773925781251,868.69140625,0.0782096875,5.255859375,15.848,
0,2,,,10.428047180175781,54.80773925781251,870.595703125,0.0782096875,5.255859375,15.882,
0,2,,,10.447120666503906,54.90905761718751,872.5,0.07835312500000001,5.255859375,15.916,
0,2,,,10.408210754394533,54.70397949218751,874.228515625,0.078061875,5.255859375,15.95,
0,2,,,10.408210754394533,54.70397949218751,876.1425781250001,0.078061875,5.255859375,15.984,
0,2,,,10.502815246582031,55.196533203125,878.0468750000001,0.07877,5.25546875,16.018,
0,2,,,10.395812988281252,54.64294433593751,879.9414062500001,0.07796781250000001,5.2562500000000005,16.052,
0,2,,,10.395812988281252,54.64294433593751,881.8554687500001,0.07796781250000001,5.2562500000000005,16.086,
0,2,,,10.5072021484375,55.21972656250001,883.583984375,0.07880375,5.25546875,16.12,
0,2,,,10.405731201171875,54.689331054687514,885.48828125,0.078043125,5.2556640625,16.154,
0,2,,,10.405731201171875,54.689331054687514,887.392578125,0.078043125,5.2556640625,16.188,
0,2,,,10.460853576660156,54.976806640625,889.3066406250001,0.07845656250000001,5.25546875,16.222,
0,2,,,10.420417785644531,54.7662353515625,891.0351562500001,0.0781525,5.2556640625,16.256,
0,2,,,10.420417785644531,54.7662353515625,892.9394531250001,0.0781525,5.256054687500001,16.29,
0,2,,,10.488891601562502,55.13061523437501,894.8437500000001,0.07866625000000001,5.256054687500001,16.324,
0,2,,,10.370445251464844,54.50561523437501,896.7480468750001,0.0777778125,5.255859375,16.358,
0,2,,,10.370445251464844,54.50561523437501,898.6523437500001,0.0777778125,5.255859375,16.392,
0,2,,,10.488891601562502,55.126953125,900.380859375,0.07866656250000001,5.255859375,16.426,
0,2,,,10.404586791992188,54.68261718750001,902.28515625,0.07803343750000001,5.2556640625,16.46,
0,2,,,10.404586791992188,54.68261718750001,904.1992187500001,0.07875781250000001,5.255859375,16.494,
0,2,,,10.5010986328125,55.19165039062501,906.103515625,0.07875781250000001,5.255859375,16.528,
0,2,,,10.426712036132812,54.79858398437501,908.0175781250001,0.0781996875,5.2556640625,16.562,
0,2,,,10.426712036132812,54.79858398437501,909.7460937500001,0.078555,5.2562500000000005,16.596,
0,2,,,10.474014282226564,55.0531005859375,911.6503906250002,0.078555,5.2562500000000005,16.63,
0,2,,,10.393524169921877,54.62646484375,913.5546875000001,0.0779515625,5.255859375,16.664,
0,2,,,10.393524169921877,54.62646484375,915.46875,0.07872437500000001,5.255859375,16.698,
0,2,,,10.496520996093752,55.1690673828125,917.197265625,0.07872437500000001,5.255859375,16.732,
0,2,,,10.42919158935547,54.81628417968751,919.1015625000001,0.07821875,5.256054687500001,16.766,
0,2,,,10.42919158935547,54.81628417968751,921.0156250000001,0.07854406250000001,5.2556640625,16.8,
0,2,,,10.472679138183596,55.03967285156251,922.9199218750001,0.07854406250000001,5.2556640625,16.834,
0,2,,,10.435867309570314,54.84619140625,924.6484375,0.07826843750000001,5.2556640625,16.868,
0,2,,,10.444831848144531,54.896850585937514,926.552734375,0.07833593750000001,5.255859375,16.902,
0,2,,,10.444831848144531,54.896850585937514,928.45703125,0.07833593750000001,5.255859375,16.936,
0,2,,,10.458374023437502,54.96582031250001,930.37109375,0.07843750000000001,5.2556640625,16.97,
0,2,,,10.4705810546875,55.029296875,932.1093750000001,0.07852875000000001,5.2556640625,17.004,
0,2,,,10.4705810546875,55.029296875,934.0039062500001,0.07852875000000001,5.2556640625,17.038,
0,2,,,10.418128967285156,54.75280761718751,935.9082031250001,0.0781359375,5.25546875,17.072,
0,2,,,10.442161560058596,54.88525390625,937.8222656250001,0.078315625,5.2562500000000005,17.106,
0,2,,,10.442161560058596,54.88525390625,939.736328125,0.078315625,5.2562500000000005,17.14,
0,2,,,10.500526428222656,55.18798828125,941.4648437500001,0.07875406250000001,5.2556640625,17.174,
0,2,,,10.420799255371094,54.769287109375,943.3691406250001,0.07815593750000001,5.255859375,17.208,
0,2,,,10.420799255371094,54.769287109375,945.2832031250001,0.07815593750000001,5.255859375,17.242,
0,2,,,10.48431396484375,55.09765625000001,947.1875000000001,0.0786315625,5.2552734375000005,17.276,
0,2,,,10.402297973632812,54.6746826171875,948.916015625,0.0780171875,5.256054687500001,17.31,
0,2,,,10.402297973632812,54.6746826171875,950.8203125,0.0780171875,5.256054687500001,17.344,
0,2,,,10.482025146484375,55.09399414062501,952.724609375,0.0786146875,5.256054687500001,17.378,
0,2,,,10.410499572753906,54.71191406250001,954.6386718750001,0.0780784375,5.25546875,17.412,
0,2,,,10.410499572753906,54.71191406250001,956.3671875000001,0.0780784375,5.25546875,17.446,
0,2,,,10.473442077636719,55.04577636718751,958.2714843750001,0.07855031250000001,5.255859375,17.48,
0,2,,,10.402870178222656,54.6783447265625,960.1757812500001,0.07802125,5.256054687500001,17.514,
0,2,,,10.402870178222656,54.6783447265625,962.0800781250001,0.07802125,5.256054687500001,17.548,
0,2,,,10.480690002441408,55.086059570312514,963.9843750000001,0.078604375,5.256054687500001,17.582,
0,2,,,10.410308837890625,54.71252441406251,965.7128906250002,0.0780771875,5.2556640625,17.616,
0,2,,,10.410308837890625,54.71252441406251,967.6171875000001,0.0780771875,5.2556640625,17.65,
0,2,,,10.470771789550783,55.03051757812501,969.5312500000001,0.07853093750000001,5.2556640625,17.684,
0,2,,,10.447883605957033,54.90783691406251,971.4453125000001,0.0783584375,5.25546875,17.718,
0,2,,,10.447883605957033,54.90783691406251,973.349609375,0.0783584375,5.25546875,17.752,
0,2,,,10.488891601562502,55.12207031250001,975.0683593750001,0.0786659375,5.2552734375000005,17.786,
0,2,,,10.40191650390625,54.66735839843751,976.9824218750002,0.078013125,5.2556640625,17.82,
0,2,,,10.40191650390625,54.66735839843751,978.8964843750002,0.078013125,5.2556640625,17.854,
0,2,,,10.49957275390625,55.181884765625,980.810546875,0.07874718750000001,5.2556640625,17.888,
0,2,,,10.413742065429688,54.73632812500001,982.5292968750001,0.07810281250000001,5.2562500000000005,17.922,
0,2,,,10.413742065429688,54.73632812500001,984.4335937500001,0.07810281250000001,5.2556640625,17.956,
0,2,,,10.480308532714846,55.079956054687514,986.3476562500001,0.0786015625,5.2556640625,17.99,
0,2,,,10.451698303222658,54.93041992187501,988.2617187500001,0.07838718750000001,5.2556640625,18.024,
0,2,,,10.451698303222658,54.93041992187501,989.990234375,0.07838718750000001,5.25546875,18.058,
0,2,,,10.486412048339846,55.110473632812514,991.89453125,0.07864750000000001,5.25546875,18.092,
0,2,,,10.396194458007812,54.64233398437501,993.7988281250001,0.07797156250000001,5.256054687500001,18.126,
0,2,,,10.396194458007812,54.64233398437501,995.7226562500001,0.0789746875,5.25546875,18.16,
0,2,,,10.53009033203125,55.340576171875,997.4511718750002,0.0789746875,5.25546875,18.194,
0,2,,,10.390853881835938,54.61425781250001,999.3457031250001,0.07793156250000001,5.256054687500001,18.228,
0,2,,,10.390853881835938,54.61425781250001,1001.2597656250002,0.07876437500000001,5.25546875,18.262,
0,2,,,10.502052307128906,55.192871093750014,1003.173828125,0.07876437500000001,5.25546875,18.296,
0,2,,,10.426330566406252,54.8004150390625,1004.9023437500002,0.07819656250000001,5.256054687500001,18.33,
0,2,,,10.426330566406252,54.8004150390625,1006.806640625,0.078644375,5.255859375,18.364,
0,2,,,10.486030578613283,55.11291503906251,1008.7207031250001,0.078644375,5.255859375,18.398,
0,2,,,10.427856445312502,54.80346679687501,1010.6347656250001,0.0782084375,5.25546875,18.432,
0,2,,,10.427856445312502,54.80346679687501,1012.5390625000001,0.0787228125,5.25546875,18.466,
0,2,,,10.496520996093752,55.162353515625014,1014.2675781250001,0.0787228125,5.25546875,18.499,
0,2,,,10.414314270019531,54.732666015625,1016.162109375,0.07810718750000001,5.25546875,18.533,
0,2,,,10.414314270019531,54.732666015625,1018.076171875,0.0782778125,5.2556640625,18.568,
0,2,,,10.43701171875,54.8529052734375,1019.98046875,0.0782778125,5.2556640625,18.602,
0,2,,,10.440254211425783,54.8699951171875,1021.8847656250001,0.07830125,5.2556640625,18.636,
0,2,,,10.440635681152346,54.872436523437514,1023.6132812500001,0.07830437500000001,5.2556640625,18.67,
0,2,,,10.440635681152346,54.872436523437514,1025.517578125,0.07830437500000001,5.2556640625,18.704,
0,2,,,10.448265075683596,54.912109375000014,1027.4316406250002,0.07836125000000001,5.2556640625,18.738,
0,2,,,10.465049743652346,55.00244140625001,1029.3359375000002,0.0784875,5.255859375,18.772,
0,2,,,10.465049743652346,55.00244140625001,1031.0644531250002,0.0784875,5.255859375,18.806,
0,2,,,10.409355163574219,54.71069335937501,1032.96875,0.0780703125,5.255859375,18.84,
0,2,,,10.457038879394531,54.9591064453125,1034.873046875,0.07842687500000001,5.2556640625,18.874,
0,2,,,10.457038879394531,54.9591064453125,1036.787109375,0.07842687500000001,5.2556640625,18.908,
0,2,,,10.461807250976562,54.9798583984375,1038.5156250000002,0.0784628125,5.25546875,18.942,
0,2,,,10.4095458984375,54.71008300781251,1040.419921875,0.07807125000000001,5.255859375,18.976,
0,2,,,10.4095458984375,54.71008300781251,1042.3242187500002,0.07807125000000001,5.255859375,19.01,
0,2,,,10.473251342773438,55.04577636718751,1044.23828125,0.07854843750000001,5.255859375,19.044,
0,2,,,10.425567626953125,54.793701171875,1046.142578125,0.0781909375,5.255859375,19.078,
0,2,,,10.425567626953125,54.793701171875,1047.861328125,0.0781909375,5.255859375,19.112,
0,2,,,10.442733764648438,54.87976074218751,1049.765625,0.07831968750000001,5.25546875,19.146,
0,2,,,10.407638549804688,54.7027587890625,1051.6796875,0.0780571875,5.256054687500001,19.18,
0,2,,,10.407638549804688,54.7027587890625,1053.5839843750002,0.0780571875,5.256054687500001,19.214,
0,2,,,10.492324829101562,55.14648437500001,1055.302734375,0.0786915625,5.255859375,19.248,
0,2,,,10.3912353515625,54.6112060546875,1057.2167968750002,0.07793343750000001,5.2556640625,19.282,
0,2,,,10.3912353515625,54.6112060546875,1059.1210937500002,0.07793343750000001,5.2556640625,19.315,
0,2,,,10.50071716308594,55.18615722656251,1061.0253906250002,0.0787546875,5.25546875,19.349,
0,2,,,10.386848449707033,54.5928955078125,1062.75390625,0.0779009375,5.256054687500001,19.383,
0,2,,,10.386848449707033,54.5928955078125,1064.658203125,0.0779009375,5.256054687500001,19.417,
0,2,,,10.474205017089844,55.050048828125,1066.572265625,0.0785559375,5.255859375,19.451,
0,2,,,10.448646545410156,54.915771484375,1068.486328125,0.078365,5.255859375,19.485,
0,2,,,10.448646545410156,54.915771484375,1070.21484375,0.078365,5.255859375,19.519,
0,2,,,10.490989685058594,55.13977050781251,1072.1093750000002,0.0786821875,5.255859375,19.553,
0,2,,,10.377693176269533,54.54467773437501,1074.0136718750002,0.07783250000000001,5.256054687500001,19.587,
0,2,,,10.377693176269533,54.54467773437501,1075.927734375,0.07783250000000001,5.256054687500001,19.622,
0,2,,,10.48583984375,55.1123046875,1077.83203125,0.07864375000000001,5.255859375,19.656,
0,2,,,10.39104461669922,54.61425781250001,1079.55078125,0.0779325,5.255859375,19.69,
0,2,,,10.39104461669922,54.61425781250001,1081.455078125,0.0779325,5.2556640625,19.724,
0,2,,,10.478973388671875,55.07385253906251,1083.3691406250002,0.07859250000000001,5.2556640625,19.758,
0,2,,,10.4156494140625,54.73876953125,1085.2734375000002,0.07811625000000001,5.25546875,19.792,
0,2,,,10.4156494140625,54.73876953125,1087.1777343750002,0.07811625000000001,5.2556640625,19.826,
0,2,,,10.47515869140625,55.0537109375,1088.9062500000002,0.07856250000000001,5.2556640625,19.86,
0,2,,,10.399627685546877,54.65576171875001,1090.8203125,0.07799718750000001,5.25546875,19.894,
0,2,,,10.399627685546877,54.65576171875001,1092.734375,0.07898000000000001,5.256054687500001,19.928,
0,2,,,10.530662536621094,55.34912109375,1094.638671875,0.07898000000000001,5.256054687500001,19.962,
0,2,,,10.406494140625,54.69421386718751,1096.3671875,0.07804875,5.255859375,19.996,
0,2,,,10.406494140625,54.69421386718751,1098.271484375,0.0787953125,5.2556640625,20.03,
0,2,,,10.506057739257814,55.21606445312501,1100.1855468750002,0.0787953125,5.2556640625,20.064,
0,2,,,10.398292541503908,54.64904785156251,1102.0898437500002,0.07798656250000001,5.2556640625,20.098,
0,2,,,10.398292541503908,54.64904785156251,1103.80859375,0.07833031250000001,5.25546875,20.132,
0,2,,,10.444068908691408,54.88891601562501,1105.712890625,0.07833031250000001,5.25546875,20.166,
0,2,,,10.396194458007812,54.6417236328125,1107.6171875,0.07797125,5.256054687500001,20.2,
0,2,,,10.396194458007812,54.6417236328125,1109.53125,0.0788265625,5.2556640625,20.234,
0,2,,,10.510253906250002,55.238647460937514,1111.4355468750002,0.0788265625,5.2556640625,20.268,
0,2,,,10.40802001953125,54.69970703125,1113.1640625,0.07806,5.25546875,20.302,
0,2,,,10.40802001953125,55.1019287109375,1115.0781250000002,0.07863687500000001,5.25546875,20.336,
0,2,,,10.484886169433594,55.1019287109375,1116.9824218750002,0.07863687500000001,5.25546875,20.37,
0,2,,,10.418701171875002,54.7601318359375,1118.8867187500002,0.07813937500000001,5.256054687500001,20.404,
0,2,,,10.425376892089846,54.7967529296875,1120.60546875,0.07819000000000001,5.256054687500001,20.437,
0,2,,,10.425376892089846,54.7967529296875,1122.51953125,0.07819000000000001,5.256054687500001,20.471,
0,2,,,10.448265075683596,54.9072265625,1124.423828125,0.0783609375,5.2552734375000005,20.505,
0,2,,,10.449600219726562,54.9249267578125,1126.3281250000002,0.0783715625,5.2562500000000005,20.539,
0,2,,,10.449600219726562,54.9249267578125,1128.056640625,0.0783715625,5.2562500000000005,20.573,
0,2,,,10.411453247070312,54.7235107421875,1129.9609375000002,0.07808625000000001,5.256054687500001,20.607,
0,2,,,10.480499267578125,55.07873535156251,1131.8750000000002,0.07860343750000001,5.25546875,20.641,
0,2,,,10.480499267578125,55.07873535156251,1133.7792968750002,0.07860343750000001,5.25546875,20.676,
0,2,,,10.442161560058596,54.88098144531251,1135.6835937500002,0.07831625,5.2556640625,20.71,
0,2,,,10.433959960937502,54.840087890625,1137.412109375,0.0782546875,5.255859375,20.744,
0,2,,,10.433959960937502,54.840087890625,1139.326171875,0.0782546875,5.255859375,20.778,
0,2,,,10.488128662109375,55.12145996093751,1141.240234375,0.07866000000000001,5.2556640625,20.812,
0,2,,,10.420608520507814,54.76257324218751,1143.1445312500002,0.07815375000000001,5.2552734375000005,20.846,
0,2,,,10.420608520507814,54.76257324218751,1144.8730468750002,0.07815375000000001,5.2552734375000005,20.88,
0,2,,,10.47496795654297,55.05249023437501,1146.7871093750002,0.0785615625,5.2556640625,20.914,
0,2,,,10.430526733398438,54.82177734375,1148.69140625,0.07822843750000001,5.255859375,20.948,
0,2,,,10.430526733398438,54.82177734375,1150.595703125,0.07822843750000001,5.255859375,20.982,
0,2,,,10.46886444091797,55.01953125,1152.490234375,0.078515625,5.2556640625,21.016,
0,2,,,10.369873046875,54.4976806640625,1154.21875,0.07777375,5.25546875,21.05,
0,2,,,10.369873046875,54.4976806640625,1156.1230468750002,0.07777375,5.25546875,21.084,
0,2,,,10.483741760253906,55.10009765625001,1158.0273437500002,0.0786271875,5.255859375,21.118,
0,2,,,10.393333435058594,54.622802734375,1159.9316406250002,0.07794906250000001,5.2556640625,21.152,
0,2,,,10.393333435058594,54.622802734375,1161.6601562500002,0.07794906250000001,5.2556640625,21.186,
0,2,,,10.481452941894531,55.08789062500001,1163.57421875,0.07861000000000001,5.255859375,21.22,
0,2,,,10.433197021484375,54.83215332031251,1165.478515625,0.07824937500000001,5.2556640625,21.254,
0,2,,,10.433197021484375,54.83215332031251,1167.3828125,0.07824937500000001,5.2556640625,21.288,
0,2,,,10.43834686279297,54.8638916015625,1169.1015625,0.078288125,5.256054687500001,21.322,
0,2,,,10.388755798339846,54.60571289062501,1171.0058593750002,0.0779153125,5.2562500000000005,21.356,
0,2,,,10.388755798339846,54.60571289062501,1172.9199218750002,0.0779153125,5.2562500000000005,21.39,
0,2,,,10.494995117187502,55.157470703125,1174.814453125,0.07871156250000001,5.2556640625,21.424,
0,2,,,10.388755798339846,54.6044921875,1176.71875,0.07791500000000001,5.2562500000000005,21.458,
0,2,,,10.388755798339846,54.6044921875,1178.4570312500002,0.07791500000000001,5.2556640625,21.492,
0,2,,,10.503959655761719,55.20507812500001,1180.37109375,0.07877906250000001,5.2556640625,21.526,
0,2,,,10.431671142578127,54.82910156250001,1182.275390625,0.07823718750000001,5.256054687500001,21.559,
0,2,,,10.431671142578127,54.82910156250001,1184.1894531250002,0.07823718750000001,5.2552734375000005,21.593,
0,2,,,10.492706298828127,55.140991210937514,1185.91796875,0.07869437500000001,5.2552734375000005,21.627,
0,2,,,10.41393280029297,54.73632812500001,1187.8222656250002,0.07810375,5.2562500000000005,21.661,
0,2,,,10.41393280029297,54.73632812500001,1189.7265625000002,0.0785475,5.2556640625,21.695,
0,2,,,10.473060607910158,55.04333496093751,1191.6308593750002,0.0785475,5.2556640625,21.73,
0,2,,,10.389518737792969,54.606933593750014,1193.525390625,0.0779203125,5.256054687500001,21.764,
0,2,,,10.389518737792969,54.606933593750014,1195.263671875,0.07860125000000001,5.256054687500001,21.798,
0,2,,,10.480117797851562,55.084228515625,1197.16796875,0.07860125000000001,5.256054687500001,21.832,
0,2,,,10.380935668945312,54.561767578125,1199.0722656250002,0.077856875,5.256054687500001,21.866,
0,2,,,10.380935668945312,54.561767578125,1200.9765625000002,0.07855656250000001,5.25546875,21.9,
0,2,,,10.474205017089844,55.04638671875001,1202.6953125000002,0.07855656250000001,5.25546875,21.934,
0,2,,,10.411834716796875,54.7235107421875,1204.6093750000002,0.07808843750000001,5.255859375,21.968,
0,2,,,10.411834716796875,54.7235107421875,1206.5136718750002,0.078564375,5.255859375,22.002,
0,2,,,10.475349426269531,55.05615234375,1208.41796875,0.078564375,5.255859375,22.036,
0,2,,,10.406875610351564,54.696044921875,1210.1464843750002,0.0780515625,5.255859375,22.07,
0,2,,,10.498237609863281,55.177612304687514,1212.060546875,0.0787359375,5.256054687500001,22.104,
0,2,,,10.498237609863281,55.177612304687514,1213.9746093750002,0.0787359375,5.256054687500001,22.138,
0,2,,,10.431671142578127,54.8223876953125,1215.8789062500002,0.07823656250000001,5.25546875,22.172,
0,2,,,10.440635681152346,54.87060546875,1217.7832031250002,0.07830406250000001,5.25546875,22.206,
0,2,,,10.440635681152346,54.87060546875,1219.5117187500002,0.07830406250000001,5.25546875,22.24,
0,2,,,10.461807250976562,54.98657226562501,1221.4257812500002,0.07846312500000001,5.256054687500001,22.274,
0,2,,,10.476875305175783,55.064697265625014,1223.33984375,0.0785765625,5.255859375,22.308,
0,2,,,10.476875305175783,55.064697265625014,1225.244140625,0.0785765625,5.255859375,22.343,
0,2,,,10.434150695800781,54.837646484375,1227.1484375000002,0.07825531250000001,5.2556640625,22.377,
0,2,,,10.492897033691406,55.145263671875,1228.88671875,0.07869593750000001,5.2556640625,22.411,
0,2,,,10.492897033691406,55.145263671875,1230.7910156250002,0.07869593750000001,5.2556640625,22.444,
0,2,,,10.448646545410156,54.9163818359375,1232.7050781250002,0.07836375000000001,5.255859375,22.478,
0,2,,,10.434532165527346,54.842529296875,1234.6093750000002,0.07825875,5.255859375,22.512,
0,2,,,10.434532165527346,54.842529296875,1236.5136718750002,0.07825875,5.255859375,22.546,
0,2,,,10.472297668457031,55.0408935546875,1238.2519531250002,0.0785425,5.255859375,22.58,
0,2,,,10.423660278320312,54.78515625,1240.15625,0.078176875,5.255859375,22.614,
0,2,,,10.423660278320312,54.78515625,1242.0703125,0.078176875,5.255859375,22.648,
0,2,,,10.500907897949219,55.18920898437501,1243.9843750000002,0.0787565625,5.2556640625,22.682,
0,2,,,10.431098937988283,54.82299804687501,1245.7128906250002,0.07823218750000001,5.255859375,22.716,
0,2,,,10.431098937988283,54.82299804687501,1247.6269531250002,0.07823218750000001,5.255859375,22.75,
0,2,,,10.500144958496094,55.1885986328125,1249.5214843750002,0.07875156250000001,5.256054687500001,22.785,
0,2,,,10.391426086425781,54.61853027343751,1251.4355468750002,0.077935,5.2562500000000005,22.819,
0,2,,,10.391426086425781,54.61853027343751,1253.3496093750002,0.077935,5.2562500000000005,22.853,
0,2,,,10.534095764160158,55.36560058593751,1255.078125,0.07900531250000001,5.255859375,22.887,
0,2,,,10.385894775390627,54.58496093750001,1256.982421875,0.077894375,5.2556640625,22.921,
0,2,,,10.385894775390627,54.58496093750001,1258.8867187500002,0.077894375,5.2556640625,22.955,
0,2,,,10.480499267578125,55.0811767578125,1260.7910156250002,0.07860312500000001,5.2556640625,22.989,
0,2,,,10.426902770996096,54.80224609375001,1262.5292968750002,0.07820125,5.255859375,23.023,
0,2,,,10.426902770996096,54.80224609375001,1264.4335937500002,0.07820125,5.255859375,23.057,
0,2,,,10.495758056640625,55.16357421875001,1266.3378906250002,0.07871750000000001,5.255859375,23.091,
0,2,,,10.42327880859375,54.78210449218751,1268.2519531250002,0.07817375,5.255859375,23.125,
0,2,,,10.42327880859375,54.78210449218751,1269.9902343750002,0.07817375,5.255859375,23.159,
0,2,,,10.489082336425781,55.12817382812501,1271.89453125,0.0786675,5.255859375,23.193,
0,2,,,10.403823852539062,54.677734375,1273.7890625000002,0.078028125,5.2556640625,23.227,
0,2,,,10.403823852539062,54.677734375,1275.7031250000002,0.07878875,5.2552734375000005,23.261,
0,2,,,10.505294799804688,55.20690917968751,1277.6074218750002,0.07878875,5.2552734375000005,23.295,
0,2,,,10.416221618652344,54.74853515625,1279.3457031250002,0.07812218750000001,5.256054687500001,23.329,
0,2,,,10.416221618652344,54.74853515625,1281.2402343750002,0.07844031250000001,5.255859375,23.363,
0,2,,,10.458755493164064,54.96826171875,1283.154296875,0.07844031250000001,5.255859375,23.396,
0,2,,,10.420227050781252,54.7698974609375,1285.05859375,0.07815187500000001,5.256054687500001,23.43,
0,2,,,10.420227050781252,54.7698974609375,1286.787109375,0.0786440625,5.256054687500001,23.464,
0,2,,,10.48583984375,55.1141357421875,1288.6914062500002,0.0786440625,5.256054687500001,23.498,
0,2,,,10.410308837890625,54.7113037109375,1290.6054687500002,0.07807625,5.25546875,23.532,
0,2,,,10.410308837890625,54.7113037109375,1292.5097656250002,0.0788178125,5.25546875,23.566,
0,2,,,10.509109497070312,55.23071289062501,1294.2480468750002,0.0788178125,5.25546875,23.6,
0,2,,,10.412979125976564,54.7296142578125,1296.1523437500002,0.07809656250000001,5.256054687500001,23.634,
0,2,,,10.412979125976564,54.7296142578125,1298.056640625,0.07863875000000001,5.2556640625,23.668,
0,2,,,10.485267639160156,55.10681152343751,1299.970703125,0.07863875000000001,5.2556640625,23.702,
0,2,,,10.422706604003906,54.77783203125001,1301.6992187500002,0.07816937500000001,5.2556640625,23.736,
0,2,,,10.504722595214844,55.2056884765625,1303.61328125,0.07878531250000001,5.2552734375000005,23.77,
0,2,,,10.504722595214844,55.2056884765625,1305.5175781250002,0.07878531250000001,5.2552734375000005,23.804,
0,2,,,10.421943664550781,54.7723388671875,1307.4316406250002,0.0781640625,5.25546875,23.839,
0,2,,,10.47821044921875,55.07019042968751,1309.3359375000002,0.07858656250000001,5.2556640625,23.873,
0,2,,,10.47821044921875,55.07019042968751,1311.240234375,0.07858656250000001,5.2556640625,23.907,
0,2,,,10.4461669921875,54.90234375000001,1312.9785156250002,0.0783459375,5.255859375,23.941,
0,2,,,10.463523864746096,54.99633789062501,1314.8828125000002,0.07847593750000001,5.256054687500001,23.975,
0,2,,,10.463523864746096,54.99633789062501,1316.796875,0.07847593750000001,5.256054687500001,24.009,
0,2,,,10.463523864746096,54.99389648437501,1318.7011718750002,0.07847656250000001,5.255859375,24.043,
0,2,,,10.427093505859375,54.79858398437501,1320.4296875000002,0.0782034375,5.25546875,24.077,
0,2,,,10.427093505859375,54.79858398437501,1322.3339843750002,0.0782034375,5.25546875,24.111,
0,2,,,10.45989990234375,54.974365234375,1324.2480468750002,0.078449375,5.2556640625,24.145,
0,2,,,10.452651977539064,54.933471679687514,1326.1523437500002,0.0783946875,5.25546875,24.179,
0,2,,,10.452651977539064,54.933471679687514,1327.880859375,0.0783946875,5.25546875,24.213,
0,2,,,10.4461669921875,54.90234375000001,1329.78515625,0.078345625,5.255859375,24.247,
0,2,,,10.42308807373047,54.7784423828125,1331.69921875,0.07817281250000001,5.25546875,24.281,
0,2,,,10.42308807373047,54.7784423828125,1333.6035156250002,0.07817281250000001,5.25546875,24.315,
0,2,,,10.473442077636719,55.04516601562501,1335.33203125,0.07855031250000001,5.2556640625,24.349,
0,2,,,10.407257080078127,54.696044921875,1337.2363281250002,0.07805437500000001,5.25546875,24.382,
0,2,,,10.407257080078127,54.696044921875,1339.1406250000002,0.07805437500000001,5.25546875,24.416,
0,2,,,10.471916198730469,55.0360107421875,1341.0546875000002,0.0785384375,5.2556640625,24.45,
0,2,,,10.415267944335938,54.7418212890625,1342.9492187500002,0.078114375,5.255859375,24.484,
0,2,,,10.415267944335938,54.7418212890625,1344.677734375,0.078114375,5.255859375,24.518,
0,2,,,10.452651977539064,54.93530273437501,1346.58203125,0.0783946875,5.2556640625,24.552,
0,2,,,10.408782958984377,54.70703125000001,1348.4960937500002,0.078065625,5.255859375,24.586,
0,2,,,10.408782958984377,54.70703125000001,1350.4003906250002,0.078065625,5.255859375,24.62,
0,2,,,10.511016845703125,55.25146484375,1352.1289062500002,0.0788328125,5.256640625,24.654,
0,2,,,10.408401489257812,54.7052001953125,1354.0429687500002,0.0780625,5.255859375,24.688,
0,2,,,10.408401489257812,54.7052001953125,1355.9472656250002,0.0780625,5.255859375,24.722,
0,2,,,10.49785614013672,55.1751708984375,1357.8515625000002,0.07873375,5.255859375,24.756,
0,2,,,10.415840148925783,54.7418212890625,1359.5898437500002,0.07811843750000001,5.2556640625,24.79,
0,2,,,10.415840148925783,54.7418212890625,1361.484375,0.07811843750000001,5.255859375,24.824,
0,2,,,10.434913635253908,54.84497070312501,1363.3886718750002,0.07826187500000001,5.255859375,24.858,
0,2,,,10.426902770996096,54.80407714843751,1365.3027343750002,0.07820093750000001,5.256054687500001,24.893,
0,2,,,10.426902770996096,54.80407714843751,1367.2070312500002,0.07881031250000001,5.25546875,24.927,
0,2,,,10.508155822753906,55.2239990234375,1368.9453125000002,0.07881031250000001,5.25546875,24.961,
0,2,,,10.405731201171875,54.689331054687514,1370.849609375,0.07804218750000001,5.2556640625,24.995,
0,2,,,10.405731201171875,54.689331054687514,1372.75390625,0.0787425,5.2556640625,25.029,
0,2,,,10.499000549316406,55.17883300781251,1374.66796875,0.0787425,5.2556640625,25.063,
0,2,,,10.408401489257812,54.708251953125,1376.3964843750002,0.0780625,5.2562500000000005,25.097,
0,2,,,10.408401489257812,54.708251953125,1378.2910156250002,0.0784428125,5.2552734375000005,25.131,
0,2,,,10.459136962890625,54.96520996093751,1380.2050781250002,0.0784428125,5.2552734375000005,25.165,
0,2,,,10.426330566406252,54.8028564453125,1382.1093750000002,0.0781971875,5.2562500000000005,25.199,
0,2,,,10.426330566406252,54.8028564453125,1384.0039062500002,0.0784496875,5.256054687500001,25.233,
0,2,,,10.460090637207031,54.97802734375001,1385.7324218750002,0.0784496875,5.256054687500001,25.267,
0,2,,,10.385513305664062,54.580078125,1387.6367187500002,0.077890625,5.25546875,25.301,
0,2,,,10.385513305664062,54.580078125,1389.5410156250002,0.07866500000000001,5.255859375,25.334,
0,2,,,10.488700866699219,55.126953125,1391.4550781250002,0.07866500000000001,5.255859375,25.368,
0,2,,,10.412788391113281,54.72839355468751,1393.1835937500002,0.07809625,5.255859375,25.402,
0,2,,,10.499191284179688,55.17700195312501,1395.0976562500002,0.07874375,5.25546875,25.436,
0,2,,,10.499191284179688,55.17700195312501,1397.0117187500002,0.07874375,5.25546875,25.47,
0,2,,,10.443496704101564,54.887695312500014,1398.9160156250002,0.07832531250000001,5.2556640625,25.504,
0,2,,,10.482215881347658,55.09033203125,1400.6445312500002,0.0786165625,5.2556640625,25.538,
0,2,,,10.482215881347658,55.09033203125,1402.548828125,0.0786165625,5.2556640625,25.572,
0,2,,,10.41831970214844,54.75524902343751,1404.462890625,0.0781365625,5.2556640625,25.606,
0,2,,,10.492897033691406,55.14892578125001,1406.3671875000002,0.07869625000000001,5.255859375,25.64,
0,2,,,10.492897033691406,55.14892578125001,1408.2812500000002,0.07869625000000001,5.255859375,25.674,
0,2,,,10.445594787597656,54.90173339843751,1410.0195312500002,0.0783415625,5.256054687500001,25.708,
0,2,,,10.466957092285158,55.01098632812501,1411.9238281250002,0.0785025,5.2556640625,25.742,
0,2,,,10.466957092285158,55.01098632812501,1413.8378906250002,0.0785025,5.2556640625,25.776,
0,2,,,10.459327697753908,54.974365234375,1415.7421875000002,0.0784453125,5.256054687500001,25.81,
0,2,,,10.447120666503906,54.9072265625,1417.4707031250002,0.07835281250000001,5.255859375,25.844,
0,2,,,10.447120666503906,54.9072265625,1419.384765625,0.07835281250000001,5.255859375,25.878,
0,2,,,10.448455810546875,54.91027832031251,1421.2890625,0.0783625,5.25546875,25.912,
0,2,,,10.45989990234375,54.97192382812501,1423.1933593750002,0.07844875000000001,5.25546875,25.947,
0,2,,,10.45989990234375,54.97192382812501,1425.0976562500002,0.07844875000000001,5.25546875,25.981,
0,2,,,10.441398620605469,54.87548828125001,1426.8359375000002,0.07831,5.2556640625,26.015,
0,2,,,10.460472106933594,54.9774169921875,1428.7402343750002,0.07845375,5.2556640625,26.049,
0,2,,,10.460472106933594,54.9774169921875,1430.6542968750002,0.07845375,5.2556640625,26.083,
0,2,,,10.468673706054688,55.0201416015625,1432.5585937500002,0.078515,5.2556640625,26.117,
0,2,,,10.414505004882814,54.73876953125,1434.287109375,0.07810781250000001,5.256054687500001,26.151,
0,2,,,10.414505004882814,54.73876953125,1436.201171875,0.07810781250000001,5.256054687500001,26.185,
0,2,,,10.495948791503908,55.1629638671875,1438.1054687500002,0.07871937500000001,5.2556640625,26.219,
0,2,,,10.434722900390625,54.84313964843751,1440.0195312500002,0.078260625,5.255859375,26.253,
0,2,,,10.434722900390625,54.84313964843751,1441.7480468750002,0.078260625,5.255859375,26.287,
0,2,,,10.496330261230469,55.16479492187501,1443.6718750000002,0.0787225,5.2556640625,26.321,
0,2,,,10.465812683105469,55.00915527343751,1445.5859375000002,0.0784940625,5.256054687500001,26.354,
0,2,,,10.465812683105469,55.00915527343751,1447.4804687500002,0.0784940625,5.256054687500001,26.388,
0,2,,,10.487174987792969,55.11535644531251,1449.384765625,0.0786534375,5.2556640625,26.422,
0,2,,,10.409927368164062,54.71435546875,1451.123046875,0.07807343750000001,5.256054687500001,26.456,
0,2,,,10.409927368164062,54.71435546875,1453.037109375,0.07807343750000001,5.256054687500001,26.49,
0,2,,,10.510444641113281,55.24047851562501,1454.9414062500002,0.0788284375,5.255859375,26.524,
0,2,,,10.412788391113281,54.72778320312501,1456.8457031250002,0.07809625,5.255859375,26.558,
0,2,,,10.412788391113281,54.72778320312501,1458.5839843750002,0.07809625,5.25546875,26.592,
0,2,,,10.49308776855469,55.1446533203125,1460.4980468750002,0.0786978125,5.25546875,26.626,
0,2,,,10.450744628906252,54.9224853515625,1462.4121093750002,0.07838031250000001,5.25546875,26.66,
0,2,,,10.450744628906252,54.9224853515625,1464.31640625,0.07891687500000001,5.2562500000000005,26.694,
0,2,,,10.52227020263672,55.306396484375,1466.0546875000002,0.07891687500000001,5.2562500000000005,26.728,
0,2,,,10.414886474609377,54.7393798828125,1467.96875,0.07811125000000001,5.255859375,26.762,
0,2,,,10.414886474609377,54.7393798828125,1469.8828125,0.078983125,5.2556640625,26.796,
0,2,,,10.531044006347656,55.34667968750001,1471.7871093750002,0.078983125,5.2556640625,26.83,
0,2,,,10.434150695800781,54.83825683593751,1473.5253906250002,0.078255,5.2556640625,26.864,
0,2,,,10.434150695800781,54.83825683593751,1475.4296875000002,0.07855281250000001,5.255859375,26.898,
0,2,,,10.473823547363281,55.04882812500001,1477.3437500000002,0.07855281250000001,5.255859375,26.932,
0,2,,,10.45646667480469,54.96093750000001,1479.248046875,0.07842312500000001,5.2562500000000005,26.966,
0,2,,,10.45646667480469,54.96093750000001,1480.9863281250002,0.0787253125,5.2556640625,27.001,
0,2,,,10.496711730957031,55.16723632812501,1483.06640625,0.0787253125,5.2556640625,27.035,
0,2,,,10.425376892089846,54.79736328125001,1484.8046875000002,0.07819000000000001,5.2562500000000005,27.069,
0,2,,,10.425376892089846,55.404052734375,1486.71875,0.07905843750000001,5.256054687500001,27.103,
0,2,,,10.541152954101562,55.404052734375,1488.6230468750002,0.07905843750000001,5.256054687500001,27.137,
0,2,,,10.402297973632812,54.67102050781251,1490.5273437500002,0.0780171875,5.2556640625,27.171,
0,2,,,10.494422912597656,55.15869140625001,1492.2656250000002,0.0787084375,5.256054687500001,27.205,
0,2,,,10.494422912597656,55.15869140625001,1494.1796875000002,0.0787084375,5.256054687500001,27.239,
0,2,,,10.441398620605469,54.87854003906251,1496.0839843750002,0.078309375,5.255859375,27.273,
0,2,,,10.475349426269531,55.05187988281251,1497.9882812500002,0.078564375,5.25546875,27.307,
0,2,,,10.475349426269531,55.05187988281251,1499.7265625000002,0.078564375,5.25546875,27.341,
0,2,,,10.428619384765625,54.81201171875,1501.630859375,0.078214375,5.256054687500001,27.374,
0,2,,,10.490989685058594,55.1422119140625,1503.544921875,0.07868156250000001,5.2562500000000005,27.408,
0,2,,,10.490989685058594,55.1422119140625,1505.4492187500002,0.07868156250000001,5.2562500000000005,27.442,
0,2,,,10.40916442871094,54.71069335937501,1507.1777343750002,0.07806906250000001,5.256054687500001,27.476,
0,2,,,10.494232177734375,55.15258789062501,1509.0917968750002,0.07870625,5.2556640625,27.51,
0,2,,,10.494232177734375,55.15258789062501,1511.0058593750002,0.07870625,5.2556640625,27.544,
0,2,,,10.467529296875,55.0201416015625,1512.9101562500002,0.0785065625,5.2562500000000005,27.578,
0,2,,,10.412406921386719,54.72167968750001,1514.8046875,0.07809250000000001,5.25546875,27.612,
0,2,,,10.412406921386719,54.72167968750001,1516.5429687500002,0.07809250000000001,5.25546875,27.646,
0,2,,,10.458946228027344,54.96582031250001,1518.45703125,0.07844218750000001,5.25546875,27.68,
0,2,,,10.47782897949219,55.06713867187501,1520.3613281250002,0.0785828125,5.2556640625,27.714,
0,2,,,10.47782897949219,55.06713867187501,1522.2656250000002,0.0785828125,5.2556640625,27.748,
0,2,,,10.450553894042969,54.9249267578125,1524.0039062500002,0.07837906250000001,5.2556640625,27.782,
0,2,,,10.45989990234375,54.96948242187501,1525.9179687500002,0.07844843750000001,5.2552734375000005,27.816,
0,2,,,10.45989990234375,54.96948242187501,1527.8222656250002,0.07844843750000001,5.2552734375000005,27.85,
0,2,,,10.486793518066406,55.11962890625001,1529.7265625000002,0.0786509375,5.256054687500001,27.884,
0,2,,,10.396194458007812,54.63989257812501,1531.455078125,0.07797156250000001,5.255859375,27.918,
0,2,,,10.396194458007812,54.63989257812501,1533.369140625,0.07797156250000001,5.255859375,27.952,
0,2,,,10.480690002441408,55.0836181640625,1535.2636718750002,0.07860531250000001,5.2556640625,27.986,
0,2,,,10.401725769042969,54.66735839843751,1537.1777343750002,0.07801218750000001,5.2556640625,28.02,
0,2,,,10.401725769042969,54.66735839843751,1538.9062500000002,0.07801218750000001,5.2556640625,28.055,
0,2,,,10.463142395019533,54.99145507812501,1540.8105468750002,0.07847375000000001,5.2556640625,28.088,
0,2,,,10.41717529296875,54.74975585937501,1542.724609375,0.078128125,5.255859375,28.122,
0,2,,,10.41717529296875,54.74975585937501,1544.62890625,0.078128125,5.255859375,28.157,
0,2,,,10.519790649414064,55.2880859375,1546.54296875,0.07889812500000001,5.2556640625,28.191,
0,2,,,10.4156494140625,54.74304199218751,1548.4472656250002,0.0781175,5.255859375,28.225,
0,2,,,10.4156494140625,54.74304199218751,1550.1855468750002,0.0781175,5.255859375,28.259,
0,2,,,10.525894165039062,55.32226562500001,1552.0898437500002,0.07894406250000001,5.255859375,28.293,
0,2,,,10.413551330566408,54.72839355468751,1553.9941406250002,0.078101875,5.25546875,28.327,
0,2,,,10.413551330566408,54.72839355468751,1555.908203125,0.07866843750000001,5.256054687500001,28.361,
0,2,,,10.489273071289064,55.13061523437501,1557.8125,0.07866843750000001,5.256054687500001,28.395,
0,2,,,10.443115234375002,54.8828125,1559.5507812500002,0.07832312500000001,5.25546875,28.429,
0,2,,,10.443115234375002,54.8828125,1561.4550781250002,0.0784984375,5.2556640625,28.463,
0,2,,,10.466575622558594,55.00732421875,1563.359375,0.0784984375,5.2556640625,28.497,
0,2,,,10.427284240722658,54.7998046875,1565.2734375000002,0.07820500000000001,5.25546875,28.531,
0,2,,,10.427284240722658,54.7998046875,1567.0019531250002,0.07879593750000001,5.25546875,28.565,
0,2,,,10.506248474121094,55.21423339843751,1568.9062500000002,0.07879593750000001,5.25546875,28.599,
0,2,,,10.381126403808596,54.55993652343751,1570.8105468750002,0.07785875,5.2556640625,28.633,
0,2,,,10.381126403808596,54.55993652343751,1572.71484375,0.07847781250000001,5.2552734375000005,28.667,
0,2,,,10.463714599609375,54.990234375,1574.4531250000002,0.07847781250000001,5.2552734375000005,28.701,
0,2,,,10.454750061035156,54.94812011718751,1576.3574218750002,0.0784096875,5.255859375,28.735,
0,2,,,10.454750061035156,54.94812011718751,1578.2617187500002,0.07849125000000001,5.2552734375000005,28.769,
0,2,,,10.465621948242188,54.998779296875,1580.1660156250002,0.07849125000000001,5.2552734375000005,28.803,
0,2,,,10.387229919433596,54.59411621093751,1581.9042968750002,0.077903125,5.256054687500001,28.837,
0,2,,,10.525512695312502,55.3192138671875,1583.8085937500002,0.0789409375,5.255859375,28.871,
0,2,,,10.525512695312502,55.3192138671875,1585.7128906250002,0.0789409375,5.255859375,28.905,
0,2,,,10.423660278320312,54.78759765625,1587.6269531250002,0.0781765625,5.2562500000000005,28.939,
0,2,,,10.497093200683594,55.1727294921875,1589.3652343750002,0.07872843750000001,5.256054687500001,28.973,
0,2,,,10.497093200683594,55.1727294921875,1591.26953125,0.07872843750000001,5.256054687500001,29.007,
0,2,,,10.428810119628908,54.81323242187501,1593.18359375,0.078215,5.256054687500001,29.041,
0,2,,,10.483932495117188,55.101318359375014,1595.0781250000002,0.07862906250000001,5.255859375,29.075,
0,2,,,10.483932495117188,55.101318359375014,1596.9824218750002,0.07862906250000001,5.255859375,29.109,
0,2,,,10.396766662597658,54.64111328125,1598.8964843750002,0.077975625,5.2556640625,29.143,
0,2,,,10.504531860351564,55.20690917968751,1600.6250000000002,0.07878375,5.25546875,29.177,
0,2,,,10.504531860351564,55.20690917968751,1602.5390625,0.07878375,5.25546875,29.211,
0,2,,,10.404396057128908,54.68811035156251,1604.4335937500002,0.0780328125,5.2562500000000005,29.245,
0,2,,,10.479736328125002,55.0750732421875,1606.34765625,0.07859718750000001,5.25546875,29.279,
0,2,,,10.479736328125002,55.0750732421875,1608.0859375,0.07859718750000001,5.25546875,29.313,
0,2,,,10.444068908691408,54.8944091796875,1609.990234375,0.078330625,5.256054687500001,29.347,
0,2,,,10.428619384765625,54.80773925781251,1611.8847656250002,0.0782140625,5.2556640625,29.381,
0,2,,,10.428619384765625,54.80773925781251,1613.798828125,0.0782140625,5.2556640625,29.415,
0,2,,,10.467910766601564,55.01770019531251,1615.5371093750005,0.078509375,5.255859375,29.449,
0,2,,,10.468482971191406,55.01586914062501,1617.4414062500002,0.0785128125,5.25546875,29.483,
0,2,,,10.468482971191406,55.01586914062501,1619.3457031250002,0.0785128125,5.25546875,29.517,
0,2,,,10.42919158935547,54.8150634765625,1621.259765625,0.07821812500000001,5.256054687500001,29.551,
0,2,,,10.472297668457031,55.03723144531251,1623.1640625000002,0.07854156250000001,5.25546875,29.585,
0,2,,,10.472297668457031,55.03723144531251,1624.90234375,0.07854156250000001,5.25546875,29.619,
0,2,,,10.46905517578125,55.02441406250001,1626.8066406250002,0.0785178125,5.255859375,29.653,
0,2,,,10.431861877441406,54.82849121093751,1628.7207031250005,0.078239375,5.255859375,29.687,
0,2,,,10.431861877441406,54.82849121093751,1630.6250000000002,0.078239375,5.255859375,29.721,
0,2,,,10.507774353027344,55.2239990234375,1632.3632812500002,0.0788071875,5.2556640625,29.755,
0,2,,,10.42156219482422,54.7784423828125,1634.27734375,0.07816125,5.2562500000000005,29.789,
0,2,,,10.42156219482422,54.7784423828125,1636.181640625,0.07816125,5.2562500000000005,29.823,
0,2,,,10.498237609863281,55.17578125,1638.0957031250002,0.07873625000000001,5.2556640625,29.857,
0,2,,,10.424995422363283,54.79553222656251,1639.8339843750002,0.07818781250000001,5.2562500000000005,29.891,
0,2,,,10.424995422363283,54.79553222656251,1641.7382812500002,0.07818781250000001,5.2562500000000005,29.925,
0,2,,,10.496139526367188,55.16967773437501,1643.6328125,0.0787209375,5.2562500000000005,29.959,
0,2,,,10.39276123046875,54.62158203125001,1645.5468750000002,0.0779453125,5.255859375,29.993,
0,2,,,10.39276123046875,54.62158203125001,1647.4511718750002,0.0779453125,5.2556640625,30.027,
0,2,,,10.518646240234375,55.28137207031251,1649.1894531250002,0.0788896875,5.2556640625,30.061,
0,2,,,10.399055480957031,54.6539306640625,1651.0839843750002,0.07799281250000001,5.2556640625,30.095,
0,2,,,10.399055480957031,54.6539306640625,1652.998046875,0.0785953125,5.255859375,30.129,
0,2,,,10.47935485839844,55.0775146484375,1654.9023437500002,0.0785953125,5.255859375,30.163,
0,2,,,10.440444946289062,54.872436523437514,1656.81640625,0.078303125,5.255859375,30.197,
0,2,,,10.440444946289062,54.872436523437514,1658.5449218750002,0.07860625,5.2556640625,30.231,
0,2,,,10.480880737304688,55.084228515625,1660.4492187500002,0.07860625,5.2556640625,30.265,
0,2,,,10.410881042480469,54.71923828125001,1662.3632812500002,0.07808187500000001,5.255859375,30.299,
0,2,,,10.410881042480469,54.71923828125001,1664.2773437500002,0.07900625,5.2556640625,30.333,
0,2,,,10.534286499023438,55.36315917968751,1666.015625,0.07900625,5.2556640625,30.367,
0,2,,,10.421180725097658,54.77294921875001,1667.919921875,0.07815875000000001,5.255859375,30.401,
0,2,,,10.421180725097658,54.77294921875001,1669.8339843750002,0.07885375,5.255859375,30.435,
0,2,,,10.513877868652344,55.26000976562501,1671.7382812500005,0.07885375,5.255859375,30.469,
0,2,,,10.434150695800781,54.835815429687514,1673.4765625000002,0.07825562500000001,5.25546875,30.503,
0,2,,,10.502815246582031,55.203857421875,1675.3906250000002,0.07877031250000001,5.2562500000000005,30.537,
0,2,,,10.502815246582031,55.203857421875,1677.2949218750002,0.07877031250000001,5.2562500000000005,30.571,
0,2,,,10.42919158935547,54.815673828125,1679.2089843750002,0.0782184375,5.256054687500001,30.605,
0,2,,,10.510063171386719,55.23559570312501,1681.1132812500002,0.07882593750000001,5.25546875,30.639,
0,2,,,10.510063171386719,55.23559570312501,1682.8515625000002,0.07882593750000001,5.25546875,30.673,
0,2,,,10.403823852539062,54.67956542968751,1684.7558593750002,0.07802906250000001,5.2556640625,30.707,
0,2,,,10.517311096191406,55.28137207031251,1686.669921875,0.07888031250000001,5.2562500000000005,30.741,
0,2,,,10.517311096191406,55.28137207031251,1688.5742187500002,0.07888031250000001,5.2562500000000005,30.775,
0,2,,,10.422897338867188,54.78576660156251,1690.3125,0.07817125000000001,5.2564453125,30.809,
0,2,,,10.473442077636719,55.04272460937501,1692.2070312500002,0.07855000000000001,5.25546875,30.843,
0,2,,,10.473442077636719,55.04272460937501,1694.1113281250002,0.07855000000000001,5.25546875,30.877,
0,2,,,10.408401489257812,54.704589843750014,1696.025390625,0.0780621875,5.255859375,30.911,
0,2,,,10.500335693359377,55.18615722656251,1697.7636718750002,0.0787525,5.2556640625,30.945,
0,2,,,10.500335693359377,55.18615722656251,1699.6679687500002,0.0787525,5.2556640625,30.979,
0,2,,,10.406875610351564,54.69665527343751,1701.5722656250002,0.0780515625,5.255859375,31.013,
0,2,,,10.490989685058594,55.131835937500014,1703.4765625000005,0.07868156250000001,5.2552734375000005,31.047,
0,2,,,10.490989685058594,55.131835937500014,1705.3808593750005,0.07868156250000001,5.2552734375000005,31.081,
0,2,,,10.40916442871094,54.71252441406251,1707.1191406250002,0.07806875,5.2562500000000005,31.115,
0,2,,,10.476112365722656,55.062255859375,1709.0234375000002,0.07857093750000001,5.256054687500001,31.149,
0,2,,,10.476112365722656,55.062255859375,1710.9375,0.07857093750000001,5.256054687500001,31.183,
0,2,,,10.472679138183596,55.03967285156251,1712.841796875,0.0785453125,5.2556640625,31.218,
0,2,,,10.43968200683594,54.8681640625,1714.74609375,0.07829781250000001,5.2556640625,31.252,
0,2,,,10.43968200683594,54.8681640625,1716.474609375,0.07829781250000001,5.2556640625,31.286,
0,2,,,10.40782928466797,54.696044921875,1718.388671875,0.078058125,5.25546875,31.32,
0,2,,,10.481262207031252,55.08850097656251,1720.29296875,0.07860937500000001,5.255859375,31.354,
0,2,,,10.481262207031252,55.08850097656251,1722.197265625,0.07860937500000001,5.255859375,31.388,
0,2,,,10.437965393066406,54.86938476562501,1723.9257812500002,0.07828500000000001,5.256640625,31.422,
0,2,,,10.421943664550781,54.769287109375,1725.830078125,0.0781640625,5.2552734375000005,31.456,
0,2,,,10.421943664550781,54.769287109375,1727.7441406250002,0.0781640625,5.2552734375000005,31.49,
0,2,,,10.489463806152344,55.12817382812501,1729.6484375000002,0.0786703125,5.2556640625,31.524,
0,2,,,10.4156494140625,54.74060058593751,1731.5527343750005,0.0781175,5.2556640625,31.558,
0,2,,,10.4156494140625,54.74060058593751,1733.2910156250002,0.0781175,5.2556640625,31.592,
0,2,,,10.498619079589844,55.17578125,1735.2050781250002,0.07873875000000001,5.2556640625,31.626,
0,2,,,10.428810119628908,54.81384277343751,1737.1093750000002,0.07821562500000001,5.256054687500001,31.66,
0,2,,,10.428810119628908,54.81384277343751,1739.013671875,0.07821562500000001,5.2556640625,31.694,
0,2,,,10.486602783203125,55.1141357421875,1740.7421875000002,0.07864937500000001,5.2556640625,31.727,
0,2,,,10.384368896484377,54.576416015625014,1742.65625,0.07788250000000001,5.2556640625,31.761,
0,2,,,10.384368896484377,54.576416015625014,1744.560546875,0.07884375,5.255859375,31.795,
0,2,,,10.512542724609375,55.2520751953125,1746.46484375,0.07884375,5.255859375,31.829,
0,2,,,10.387039184570312,54.59106445312501,1748.1835937500002,0.0779025,5.2556640625,31.863,
0,2,,,10.387039184570312,54.59106445312501,1750.0976562500002,0.07863125,5.255859375,31.897,
0,2,,,10.48412322998047,55.1019287109375,1752.0019531250002,0.07863125,5.255859375,31.931,
0,2,,,10.420799255371094,54.76806640625001,1753.90625,0.07815593750000001,5.2556640625,31.965,
0,2,,,10.420799255371094,54.76806640625001,1755.64453125,0.07852500000000001,5.2556640625,31.999,
0,2,,,10.470008850097656,55.025634765625,1757.548828125,0.07852500000000001,5.2556640625,32.033,
0,2,,,10.428619384765625,54.81445312500001,1759.4628906250002,0.078214375,5.2562500000000005,32.067,
0,2,,,10.428619384765625,54.81445312500001,1761.3671875000002,0.07871750000000001,5.256054687500001,32.101,
0,2,,,10.495758056640625,55.16540527343751,1763.0957031250002,0.07871750000000001,5.256054687500001,32.135,
0,2,,,10.392379760742188,54.6234130859375,1765.0000000000005,0.0779428125,5.256054687500001,32.169,
0,2,,,10.392379760742188,55.25085449218751,1766.9140625000002,0.07884281250000001,5.255859375,32.203,
0,2,,,10.512351989746094,55.25085449218751,1768.8183593750002,0.07884281250000001,5.255859375,32.237,
0,2,,,10.424995422363283,54.793701171875,1770.7226562500002,0.07818781250000001,5.256054687500001,32.272,
0,2,,,10.461044311523438,54.98168945312501,1772.626953125,0.07845750000000001,5.255859375,32.306,
0,2,,,10.461044311523438,54.98168945312501,1774.365234375,0.07845750000000001,5.255859375,32.34,
0,2,,,10.437774658203127,54.8614501953125,1776.2792968750002,0.07828343750000001,5.256054687500001,32.374,
0,2,,,10.514450073242188,55.26550292968751,1778.1835937500005,0.078858125,5.2562500000000005,32.408,
0,2,,,10.514450073242188,55.26550292968751,1780.0976562500002,0.078858125,5.2562500000000005,32.442,
0,2,,,10.416030883789062,54.74914550781251,1781.8261718750002,0.07812031250000001,5.2562500000000005,32.476,
0,2,,,10.50071716308594,55.19226074218751,1783.7402343750002,0.07875562500000001,5.256054687500001,32.51,
0,2,,,10.50071716308594,55.19226074218751,1785.64453125,0.07875562500000001,5.256054687500001,32.544,
0,2,,,10.42327880859375,54.78515625,1787.548828125,0.0781740625,5.256054687500001,32.578,
0,2,,,10.436058044433594,54.84741210937501,1789.2675781250002,0.078269375,5.2556640625,32.612,
0,2,,,10.436058044433594,54.84741210937501,1791.19140625,0.078269375,5.2556640625,32.646,
0,2,,,10.456657409667969,54.952392578125,1793.095703125,0.07842500000000001,5.2552734375000005,32.68,
0,2,,,10.499000549316406,55.17883300781251,1795.0,0.0787421875,5.2556640625,32.714,
0,2,,,10.499000549316406,55.17883300781251,1796.904296875,0.0787421875,5.2556640625,32.748,
0,2,,,10.399436950683594,54.65515136718751,1798.6425781250005,0.07799500000000001,5.2556640625,32.782,
0,2,,,10.507774353027344,55.22583007812501,1800.5566406250002,0.07880843750000001,5.2556640625,32.816,
0,2,,,10.507774353027344,55.22583007812501,1802.4609375000002,0.07880843750000001,5.2556640625,32.85,
0,2,,,10.413742065429688,54.72778320312501,1804.365234375,0.0781025,5.2552734375000005,32.883,
0,2,,,10.455131530761719,54.948730468750014,1806.0937500000002,0.07841281250000001,5.2556640625,32.917,
0,2,,,10.455131530761719,54.948730468750014,1808.0078125,0.07841281250000001,5.2556640625,32.951,
0,2,,,10.46142578125,54.9859619140625,1809.9218750000005,0.07846093750000001,5.256054687500001,32.985,
0,2,,,10.466957092285158,55.00915527343751,1811.8164062500002,0.0785021875,5.25546875,33.019,
0,2,,,10.466957092285158,55.00915527343751,1813.5546875,0.0785021875,5.25546875,33.053,
0,2,,,10.42919158935547,54.81689453125001,1815.458984375,0.07821812500000001,5.2562500000000005,33.087,
0,2,,,10.466957092285158,55.01220703125001,1817.3730468750002,0.0785021875,5.255859375,33.121,
0,2,,,10.466957092285158,55.01220703125001,1819.2773437500002,0.0785021875,5.255859375,33.155,
0,2,,,10.473060607910158,55.0439453125,1821.0058593750002,0.0785471875,5.255859375,33.189,
0,2,,,10.42308807373047,54.780883789062514,1822.919921875,0.07817343750000001,5.2556640625,33.223,
0,2,,,10.42308807373047,54.780883789062514,1824.833984375,0.07817343750000001,5.2556640625,33.257,
0,2,,,10.497665405273438,55.172119140625,1826.73828125,0.07873125,5.2556640625,33.291,
0,2,,,10.425186157226562,54.79248046875001,1828.642578125,0.07818875,5.255859375,33.326,
0,2,,,10.425186157226562,54.79248046875001,1830.5566406250002,0.07818875,5.255859375,33.36,
0,2,,,10.498237609863281,55.17639160156251,1832.2949218750002,0.07873625000000001,5.255859375,33.394,
0,2,,,10.43682098388672,54.85351562500001,1834.1992187500002,0.0782759375,5.255859375,33.428,
0,2,,,10.43682098388672,54.85351562500001,1836.103515625,0.07867875,5.2556640625,33.462,
0,2,,,10.490608215332031,55.13427734375001,1838.017578125,0.07867875,5.2556640625,33.496,
0,2,,,10.420989990234375,54.77050781250001,1839.7558593750002,0.0781575,5.255859375,33.53,
0,2,,,10.420989990234375,54.77050781250001,1841.6601562500005,0.07881687500000001,5.2556640625,33.564,
0,2,,,10.508918762207033,55.23071289062501,1843.5644531250005,0.07881687500000001,5.2556640625,33.598,
0,2,,,10.415840148925783,54.74304199218751,1845.4785156250002,0.0781190625,5.2556640625,33.632,
0,2,,,10.415840148925783,54.74304199218751,1847.2070312500002,0.07876406250000001,5.256054687500001,33.666,
0,2,,,10.501861572265625,55.19775390625001,1849.1308593750002,0.07876406250000001,5.256054687500001,33.7,
0,2,,,10.452842712402344,54.93835449218751,1851.0351562500002,0.07839625,5.255859375,33.733,
0,2,,,10.452842712402344,54.93835449218751,1852.9296875,0.07844125,5.25546875,33.767,
0,2,,,10.458946228027344,54.96704101562501,1854.66796875,0.07844125,5.25546875,33.801,
0,2,,,10.434341430664062,54.84497070312501,1856.5820312500002,0.078256875,5.2562500000000005,33.835,
0,2,,,10.434341430664062,54.84497070312501,1858.4863281250002,0.0786021875,5.2556640625,33.869,
0,2,,,10.480308532714846,55.079956054687514,1860.380859375,0.0786021875,5.2556640625,33.903,
0,2,,,10.38494110107422,54.57946777343751,1862.1191406250005,0.07788718750000001,5.2556640625,33.937,
0,2,,,10.497665405273438,55.17089843750001,1864.0234375000002,0.078731875,5.2556640625,33.971,
0,3,,,8.329582214355469,43.80615234375001,1.1035156250000002,0.062471250000000006,5.2591796875000005,0.033,
0,3,,,8.329582214355469,43.80615234375001,2.6562500000000004,0.062471250000000006,5.2591796875000005,0.068,
0,3,,,8.410835266113281,44.232177734375,4.033203125000001,0.06308125,5.258984375000001,0.102,
0,3,,,8.379554748535156,44.07165527343751,5.56640625,0.0628459375,5.2595703125,0.136,
0,3,,,8.379554748535156,44.07165527343751,7.099609375000001,0.0628459375,5.2595703125,0.17,
0,3,,,8.386611938476562,44.1094970703125,8.642578125,0.06289875,5.2595703125,0.204,
0,3,,,8.387947082519531,44.1180419921875,10.175781250000002,0.0629090625,5.259765625,0.238,
0,3,,,8.387947082519531,44.1180419921875,11.552734375000002,0.0629090625,5.2595703125,0.272,
0,3,,,8.378982543945312,44.06982421875001,13.095703125,0.06284218750000001,5.2595703125,0.306,
0,3,,,8.433914184570312,44.3560791015625,14.638671875000002,0.0632540625,5.259375,0.34,
0,3,,,8.433914184570312,44.3560791015625,16.162109375,0.06314531250000001,5.259375,0.374,
0,3,,,8.419418334960938,44.28039550781251,17.548828125000004,0.06314531250000001,5.259375,0.409,
0,3,,,8.382034301757812,44.08386230468751,19.218750000000004,0.062865,5.259375,0.443,
0,3,,,8.382034301757812,44.08386230468751,20.625000000000004,0.06288250000000001,5.259375,0.477,
0,3,,,8.384323120117188,44.095458984375,22.148437500000004,0.06288250000000001,5.259375,0.511,
0,3,,,8.378410339355469,44.06311035156251,23.671875000000004,0.0628378125,5.2591796875000005,0.545,
0,3,,,8.378410339355469,44.06311035156251,25.21484375,0.062995625,5.258984375000001,0.579,
0,3,,,8.399391174316406,44.1717529296875,26.611328125,0.062995625,5.258984375000001,0.613,
0,3,,,8.367538452148438,44.00634765625,28.14453125,0.06275593750000001,5.2591796875000005,0.647,
0,3,,,8.367538452148438,44.0582275390625,29.658203125,0.062826875,5.2595703125,0.682,
0,3,,,8.37688446044922,44.0582275390625,31.191406250000004,0.062826875,5.2595703125,0.716,
0,3,,,8.372306823730469,44.034423828125,32.734375,0.06279187500000001,5.2595703125,0.75,
0,3,,,8.445358276367188,44.4183349609375,34.12109375000001,0.06334000000000001,5.2595703125,0.784,
0,3,,,8.445358276367188,44.4183349609375,35.64453125,0.06334000000000001,5.2595703125,0.818,
0,3,,,8.398246765136719,44.16870117187501,37.17773437500001,0.0629871875,5.2591796875000005,0.852,
0,3,,,8.371734619140625,44.03137207031251,38.71093750000001,0.062788125,5.2595703125,0.886,
0,3,,,8.371734619140625,44.03137207031251,40.25390625000001,0.062788125,5.2595703125,0.92,
0,3,,,8.388137817382812,44.11682128906251,41.630859375,0.06291125,5.259375,0.954,
0,3,,,8.38623046875,44.10766601562501,43.17382812500001,0.0628965625,5.2595703125,0.988,
0,3,,,8.38623046875,44.10766601562501,44.70703125,0.0628965625,5.2595703125,1.022,
0,3,,,8.374977111816408,44.04602050781251,46.240234375,0.06281281250000001,5.2591796875000005,1.056,
0,3,,,8.367156982421875,44.00451660156251,47.75390625000001,0.06275343750000001,5.259375,1.09,
0,3,,,8.367156982421875,44.00451660156251,49.15039062500001,0.06275343750000001,5.259375,1.124,
0,3,,,8.360481262207031,43.97094726562501,50.68359375000001,0.0627034375,5.259375,1.157,
0,3,,,8.394241333007812,44.14611816406251,52.07031250000001,0.0629559375,5.2591796875000005,1.19,
0,3,,,8.394241333007812,44.14611816406251,53.59375000000001,0.0629559375,5.2591796875000005,1.224,
0,3,,,8.428192138671875,44.32800292968751,55.13671875000001,0.06321125000000001,5.2595703125,1.258,
0,3,,,8.394813537597656,44.15161132812501,56.533203125,0.062960625,5.259375,1.292,
0,3,,,8.394813537597656,44.15161132812501,58.056640625,0.062960625,5.259375,1.326,
0,3,,,8.396911621093752,44.16442871093751,59.58984375000001,0.06297625000000001,5.259765625,1.36,
0,3,,,8.373832702636719,44.03991699218751,61.12304687500001,0.06280406250000001,5.2591796875000005,1.394,
0,3,,,8.373832702636719,44.03991699218751,62.65625000000001,0.06280406250000001,5.2591796875000005,1.428,
0,3,,,8.378982543945312,44.06677246093751,64.04296875000001,0.0628415625,5.259375,1.463,
0,3,,,8.39214324951172,44.13330078125,65.576171875,0.06294031250000001,5.258984375000001,1.497,
0,3,,,8.39214324951172,44.13330078125,67.10937500000001,0.06294031250000001,5.258984375000001,1.531,
0,3,,,8.375740051269531,44.05273437500001,68.642578125,0.0628178125,5.2595703125,1.565,
0,3,,,8.366584777832031,44.002685546875,70.17578125,0.06274937500000001,5.259375,1.599,
0,3,,,8.366584777832031,44.002685546875,71.68945312500001,0.06274937500000001,5.259375,1.633,
0,3,,,8.398628234863281,44.171142578125,73.08593750000001,0.06298906250000001,5.259375,1.667,
0,3,,,8.435630798339844,44.36462402343751,74.62890625,0.0632671875,5.2591796875000005,1.701,
0,3,,,8.435630798339844,44.36462402343751,76.15234375000001,0.0632671875,5.2591796875000005,1.735,
0,3,,,8.362579345703127,43.98010253906251,77.67578125000001,0.0627190625,5.2591796875000005,1.769,
0,3,,,8.378028869628906,44.06005859375001,79.07226562500001,0.0628346875,5.258984375000001,1.803,
0,3,,,8.378028869628906,44.06005859375001,80.60546875000001,0.0628346875,5.259375,1.837,
0,3,,,8.385086059570312,44.09912109375001,82.13867187500001,0.0628875,5.259375,1.871,
0,3,,,8.375167846679688,44.04785156250001,83.66210937500001,0.0628134375,5.259375,1.905,
0,3,,,8.375167846679688,44.04785156250001,85.19531250000001,0.0628134375,5.2591796875000005,1.939,
0,3,,,8.381080627441406,44.07714843750001,86.59179687500001,0.0628578125,5.2591796875000005,1.973,
0,3,,,8.380126953125,44.07409667968751,88.12500000000001,0.06285125000000001,5.259375,2.007,
0,3,,,8.380126953125,44.07409667968751,89.63867187500001,0.06270468750000001,5.259375,2.041,
0,3,,,8.360671997070314,43.97216796875,91.17187500000001,0.06270468750000001,5.259375,2.076,
0,3,,,8.42132568359375,44.29077148437501,92.57812500000001,0.06316000000000001,5.259375,2.11,
0,3,,,8.42132568359375,44.29077148437501,94.111328125,0.0631609375,5.2591796875000005,2.144,
0,3,,,8.421516418457031,44.29016113281251,95.62500000000001,0.0631609375,5.2591796875000005,2.178,
0,3,,,8.3648681640625,43.99536132812501,97.15820312500001,0.062735625,5.2595703125,2.212,
0,3,,,8.3648681640625,43.99536132812501,98.70117187500001,0.06281250000000001,5.259375,2.246,
0,3,,,8.374977111816408,44.04663085937501,100.08789062500001,0.06281250000000001,5.259375,2.28,
0,3,,,8.37554931640625,44.05029296875001,101.61132812500001,0.0628165625,5.259375,2.314,
0,3,,,8.37554931640625,44.0887451171875,103.14453125,0.06287187500000001,5.259375,2.348,
0,3,,,8.382987976074219,44.0887451171875,104.6875,0.06287187500000001,5.259375,2.382,
0,3,,,8.373451232910156,44.03808593750001,106.22070312500001,0.06280031250000001,5.259375,2.416,
0,3,,,8.384132385253906,44.0887451171875,107.59765625,0.06288031250000001,5.2587890625,2.45,
0,3,,,8.384132385253906,44.0887451171875,109.130859375,0.06288031250000001,5.2587890625,2.484,
0,3,,,8.389472961425781,44.12231445312501,110.673828125,0.0629215625,5.259375,2.519,
0,3,,,8.435630798339844,44.36706542968751,112.20703125,0.0632675,5.2595703125,2.553,
0,3,,,8.435630798339844,44.36706542968751,113.720703125,0.0632675,5.2595703125,2.587,
0,3,,,8.407020568847656,44.2169189453125,115.25390625000001,0.063053125,5.2595703125,2.622,
0,3,,,8.37974548339844,44.073486328125,116.66015625000003,0.062848125,5.2595703125,2.656,
0,3,,,8.37974548339844,44.073486328125,118.193359375,0.062848125,5.2595703125,2.69,
0,3,,,8.360099792480469,43.96789550781251,119.70703125,0.06270093750000001,5.259375,2.724,
0,3,,,8.388328552246096,44.11743164062501,121.240234375,0.06291250000000001,5.259375,2.758,
0,3,,,8.388328552246096,44.11743164062501,122.78320312500001,0.06291250000000001,5.259375,2.792,
0,3,,,8.386421203613283,44.10583496093751,124.17968750000003,0.06289750000000001,5.259375,2.826,
0,3,,,8.371925354003906,44.02893066406251,125.69335937500001,0.0627890625,5.2591796875000005,2.86,
0,3,,,8.371925354003906,44.02893066406251,127.22656250000003,0.0627890625,5.2591796875000005,2.894,
0,3,,,8.365440368652346,43.9910888671875,128.759765625,0.06274125,5.25859375,2.928,
0,3,,,8.402824401855469,44.19738769531251,130.29296875000003,0.06302125,5.259960937500001,2.962,
0,3,,,8.402824401855469,44.19738769531251,131.6796875,0.06302125,5.259960937500001,2.996,
0,3,,,8.426475524902346,44.31579589843751,133.21289062500003,0.06319843750000001,5.2591796875000005,3.03,
0,3,,,8.400344848632812,44.1802978515625,134.74609375000003,0.06300156250000001,5.259375,3.064,
0,3,,,8.400344848632812,44.1802978515625,136.28906250000003,0.06300156250000001,5.259375,3.098,
0,3,,,8.381462097167969,44.08508300781251,137.802734375,0.06286125000000001,5.259765625,3.132,
0,3,,,8.38470458984375,44.10156250000001,139.19921875000003,0.062885625,5.259765625,3.166,
0,3,,,8.38470458984375,44.10156250000001,140.732421875,0.062885625,5.2595703125,3.201,
0,3,,,8.376121520996094,44.05517578125001,142.27539062500003,0.06282125000000001,5.2595703125,3.235,
0,3,,,8.390426635742188,44.13208007812501,143.7890625,0.0629284375,5.259765625,3.269,
0,3,,,8.390426635742188,44.13208007812501,145.32226562500003,0.0629284375,5.2591796875000005,3.303,
0,3,,,8.36925506591797,44.01489257812501,146.71875,0.0627690625,5.2591796875000005,3.337,
0,3,,,8.371353149414062,44.02343750000001,148.26171875000003,0.06278500000000001,5.258984375000001,3.371,
0,3,,,8.371353149414062,44.02343750000001,149.775390625,0.06316625000000001,5.259375,3.405,
0,3,,,8.422279357910156,44.2950439453125,151.31835937500003,0.06316625000000001,5.259375,3.439,
0,3,,,8.440589904785156,44.39331054687501,152.71484375000003,0.06330375,5.2595703125,3.473,
0,3,,,8.440589904785156,44.39331054687501,154.24804687500003,0.06286343750000001,5.259765625,3.507,
0,3,,,8.381843566894531,44.08508300781251,155.77148437500003,0.06286343750000001,5.259765625,3.541,
0,3,,,8.3770751953125,44.06005859375001,157.30468750000003,0.06282750000000001,5.259765625,3.576,
0,3,,,8.3770751953125,44.06005859375001,158.837890625,0.06286781250000001,5.2591796875000005,3.61,
0,3,,,8.382415771484375,44.08325195312501,160.37109375000003,0.06286781250000001,5.2591796875000005,3.644,
0,3,,,8.382415771484375,44.0875244140625,161.74804687500003,0.0628671875,5.2595703125,3.678,
0,3,,,8.374404907226562,44.04296875,163.29101562500003,0.06280843750000001,5.2591796875000005,3.712,
0,3,,,8.374404907226562,44.04296875,164.82421875000003,0.06280843750000001,5.2591796875000005,3.746,
0,3,,,8.3648681640625,43.99291992187501,166.35742187500003,0.06273687500000001,5.2591796875000005,3.78,
0,3,,,8.37974548339844,44.072265625,167.88085937500003,0.0628484375,5.259375,3.814,
0,3,,,8.37974548339844,44.072265625,169.26757812500003,0.0628484375,5.259375,3.848,
0,3,,,8.410835266113281,44.23645019531251,170.80078125,0.0630809375,5.2595703125,3.882,
0,3,,,8.409309387207033,44.22180175781251,172.34375000000003,0.06306906250000001,5.2587890625,3.916,
0,3,,,8.409309387207033,44.22180175781251,173.85742187500003,0.06306906250000001,5.2587890625,3.95,
0,3,,,8.367729187011719,44.01062011718751,175.39062500000003,0.0627571875,5.2595703125,3.985,
0,3,,,8.398056030273438,44.16564941406251,176.78710937500003,0.062985,5.2591796875000005,4.019,
0,3,,,8.398056030273438,44.16564941406251,178.330078125,0.062985,5.2591796875000005,4.053,
0,3,,,8.373832702636719,44.041748046875,179.85351562500003,0.0628028125,5.2595703125,4.087,
0,3,,,8.374023437500002,44.03808593750001,181.37695312500003,0.062805625,5.258984375000001,4.121,
0,3,,,8.374023437500002,44.03808593750001,182.77343750000003,0.062805625,5.258984375000001,4.155,
0,3,,,8.367729187011719,44.01000976562501,184.30664062500003,0.0627584375,5.2595703125,4.189,
0,3,,,8.384895324707031,44.10400390625,185.83007812500003,0.0628865625,5.259960937500001,4.223,
0,3,,,8.384895324707031,44.10400390625,187.36328125,0.0628865625,5.259960937500001,4.257,
0,3,,,8.396339416503906,44.16015625000001,188.89648437500003,0.0629721875,5.2595703125,4.291,
0,3,,,8.421897888183594,44.29077148437501,190.29296875,0.06316437500000001,5.258984375000001,4.325,
0,3,,,8.421897888183594,44.29077148437501,191.80664062500003,0.06316437500000001,5.258984375000001,4.359,
0,3,,,8.385848999023438,44.10400390625,193.33984375000003,0.06289375,5.259375,4.393,
0,3,,,8.374786376953125,44.0509033203125,194.873046875,0.06281,5.259960937500001,4.427,
0,3,,,8.374786376953125,44.0509033203125,196.41601562500003,0.06281,5.259960937500001,4.461,
0,3,,,8.371925354003906,44.03076171875001,197.79296875000003,0.06278937500000001,5.259375,4.495,
0,3,,,8.382034301757812,44.08569335937501,199.326171875,0.0628653125,5.2595703125,4.53,
0,3,,,8.382034301757812,44.08569335937501,200.85937500000003,0.0628653125,5.2595703125,4.564,
0,3,,,8.351707458496094,43.92456054687501,202.392578125,0.06263687500000001,5.259375,4.598,
0,3,,,8.377647399902344,44.06005859375001,203.916015625,0.0628325,5.2591796875000005,4.633,
0,3,,,8.377647399902344,44.06005859375001,205.43945312500003,0.06284250000000001,5.259960937500001,4.667,
0,3,,,8.378982543945312,44.072265625,206.845703125,0.06284250000000001,5.259960937500001,4.701,
0,3,,,8.405876159667969,44.21020507812501,208.37890625000003,0.0630446875,5.259375,4.735,
0,3,,,8.405876159667969,44.21020507812501,209.90234375000003,0.06309875000000001,5.259375,4.769,
0,3,,,8.413124084472658,44.248046875,211.42578125,0.06309875000000001,5.259375,4.803,
0,3,,,8.408164978027344,44.22424316406251,212.96875000000003,0.06306125,5.259765625,4.837,
0,3,,,8.408164978027344,44.22424316406251,214.365234375,0.062839375,5.259375,4.871,
0,3,,,8.37860107421875,44.066162109375,215.88867187500006,0.062839375,5.259375,4.905,
0,3,,,8.368110656738281,44.01000976562501,217.41210937500003,0.0627603125,5.259375,4.939,
0,3,,,8.368110656738281,44.01000976562501,218.94531250000003,0.0627803125,5.258984375000001,4.973,
0,3,,,8.370780944824219,44.02099609375001,220.47851562500003,0.0627803125,5.258984375000001,5.007,
0,3,,,8.37974548339844,44.07287597656251,221.86523437500003,0.0628475,5.2595703125,5.041,
0,3,,,8.37974548339844,44.07531738281251,223.3984375,0.0628478125,5.259765625,5.075,
0,3,,,8.37974548339844,44.07531738281251,224.93164062500003,0.0628478125,5.259765625,5.109,
0,3,,,8.374786376953125,44.04541015625001,226.474609375,0.06281125,5.259375,5.143,
0,3,,,8.428192138671875,44.3255615234375,227.86132812500003,0.06321093750000001,5.259375,5.177,
0,3,,,8.428192138671875,44.3255615234375,229.38476562500003,0.06321093750000001,5.259375,5.211,
0,3,,,8.42132568359375,44.285888671875,230.91796875,0.06316000000000001,5.2587890625,5.245,
0,3,,,8.388328552246096,44.1192626953125,232.46093750000003,0.062911875,5.259765625,5.279,
0,3,,,8.388328552246096,44.1192626953125,233.98437500000003,0.062911875,5.259765625,5.313,
0,3,,,8.365249633789062,43.99536132812501,235.37109375000003,0.06273906250000001,5.259375,5.347,
0,3,,,8.388710021972656,44.11865234375001,236.90429687500003,0.062915,5.259375,5.381,
0,3,,,8.388710021972656,44.11865234375001,238.44726562500006,0.062915,5.259375,5.415,
0,3,,,8.382797241210938,44.08935546875001,239.98046875,0.0628709375,5.2595703125,5.449,
0,3,,,8.380317687988281,44.07775878906251,241.357421875,0.0628525,5.259765625,5.483,
0,3,,,8.380317687988281,44.07775878906251,242.90039062500003,0.0628525,5.259765625,5.517,
0,3,,,8.383560180664064,44.09240722656251,244.43359375,0.062876875,5.259375,5.551,
0,3,,,8.367919921875,44.00939941406251,245.95703125000003,0.06275875,5.259375,5.585,
0,3,,,8.367919921875,44.00939941406251,247.34375000000003,0.06275875,5.259375,5.619,
0,3,,,8.411979675292969,44.23889160156251,248.87695312500003,0.063089375,5.2591796875000005,5.653,
0,3,,,8.409309387207033,44.22790527343751,250.41015625000003,0.0630696875,5.2595703125,5.688,
0,3,,,8.409309387207033,44.22790527343751,251.943359375,0.0630696875,5.2595703125,5.722,
0,3,,,8.382606506347658,44.08813476562501,253.466796875,0.06287000000000001,5.2595703125,5.756,
0,3,,,8.378410339355469,44.06860351562501,255.00000000000006,0.06283812500000001,5.259765625,5.79,
0,3,,,8.378410339355469,44.06860351562501,256.396484375,0.06283812500000001,5.259765625,5.824,
0,3,,,8.368492126464844,44.01062011718751,257.91992187500006,0.06276406250000001,5.2591796875000005,5.858,
0,3,,,8.37554931640625,44.049072265625,259.443359375,0.06281625,5.259375,5.892,
0,3,,,8.37554931640625,44.049072265625,260.986328125,0.06281625,5.259375,5.926,
0,3,,,8.382987976074219,44.08691406250001,262.3828125,0.0628728125,5.2591796875000005,5.96,
0,3,,,8.38451385498047,44.10034179687501,263.916015625,0.06288375,5.259765625,5.994,
0,3,,,8.38451385498047,44.10034179687501,265.4296875,0.06288375,5.259765625,6.028,
0,3,,,8.377838134765627,44.05944824218751,266.97265625000006,0.06283375000000001,5.2591796875000005,6.062,
0,3,,,8.448028564453125,44.42871093750001,268.36914062500006,0.06336,5.2591796875000005,6.096,
0,3,,,8.448028564453125,44.42871093750001,269.90234375000006,0.06336,5.259375,6.13,
0,3,,,8.415794372558594,44.2620849609375,271.42578125,0.0631190625,5.259375,6.164,
0,3,,,8.3831787109375,44.09118652343751,272.95898437500006,0.06287437500000001,5.2595703125,6.198,
0,3,,,8.3831787109375,44.09118652343751,274.35546875,0.06287437500000001,5.2595703125,6.231,
0,3,,,8.379173278808594,44.07104492187501,275.88867187500006,0.0628434375,5.2595703125,6.265,
0,3,,,8.380508422851562,44.07470703125001,277.41210937500006,0.06285343750000001,5.2591796875000005,6.299,
0,3,,,8.380508422851562,44.07470703125001,278.94531250000006,0.06278125000000001,5.259765625,6.333,
0,3,,,8.370780944824219,44.0277099609375,280.48828125,0.06278125000000001,5.259765625,6.367,
0,3,,,8.386993408203125,44.1119384765625,281.87500000000006,0.06290187500000001,5.2595703125,6.401,
0,3,,,8.386993408203125,44.1119384765625,283.3984375,0.0628840625,5.259765625,6.435,
0,3,,,8.38451385498047,44.10034179687501,284.93164062500006,0.0628840625,5.259765625,6.469,
0,3,,,8.414268493652344,44.25354003906251,286.474609375,0.063106875,5.259375,6.503,
0,3,,,8.414268493652344,44.25354003906251,287.86132812500006,0.0630971875,5.2595703125,6.537,
0,3,,,8.412933349609375,44.24865722656251,289.38476562500006,0.0630971875,5.2595703125,6.571,
0,3,,,8.401298522949219,44.18701171875,290.927734375,0.06300968750000001,5.2595703125,6.605,
0,3,,,8.401298522949219,44.18701171875,292.4609375,0.06288062500000001,5.2595703125,6.639,
0,3,,,8.384132385253906,44.09606933593751,293.84765625000006,0.06288062500000001,5.2595703125,6.673,
0,3,,,8.368301391601564,44.00817871093751,295.37109375000006,0.06276187500000001,5.258984375000001,6.707,
0,3,,,8.368301391601564,44.00817871093751,296.9140625,0.062881875,5.258984375000001,6.742,
0,3,,,8.384323120117188,44.09179687500001,298.44726562500006,0.062881875,5.258984375000001,6.776,
0,3,,,8.387565612792969,44.110107421875,299.98046875,0.0629075,5.258984375000001,6.81,
0,3,,,8.396530151367188,44.16137695312501,301.3671875,0.06297406250000001,5.2595703125,6.844,
0,3,,,8.396530151367188,44.16137695312501,302.90039062500006,0.06297406250000001,5.2595703125,6.878,
0,3,,,8.357429504394531,43.95324707031251,304.43359375,0.062680625,5.2591796875000005,6.912,
0,3,,,8.43029022216797,44.339599609375,305.96679687500006,0.0632271875,5.2595703125,6.946,
0,3,,,8.43029022216797,44.339599609375,307.353515625,0.0632271875,5.2595703125,6.98,
0,3,,,8.416175842285156,44.2657470703125,308.88671875,0.0631209375,5.2595703125,7.014,
0,3,,,8.375930786132814,44.05395507812501,310.41992187500006,0.0628196875,5.2595703125,7.048,
0,3,,,8.375930786132814,44.05395507812501,311.95312500000006,0.0628196875,5.2595703125,7.082,
0,3,,,8.364295959472656,43.99169921875001,313.466796875,0.06273218750000001,5.2595703125,7.116,
0,3,,,8.37249755859375,44.036865234375,314.86328125000006,0.062794375,5.259765625,7.15,
0,3,,,8.37249755859375,44.036865234375,316.40625,0.062794375,5.259765625,7.184,
0,3,,,8.378219604492188,44.06250000000001,317.92968750000006,0.06283593750000001,5.259375,7.218,
0,3,,,8.368682861328125,44.01428222656251,319.45312500000006,0.062765,5.2595703125,7.252,
0,3,,,8.368682861328125,44.01428222656251,320.849609375,0.062765,5.2595703125,7.286,
0,3,,,8.385467529296877,44.10095214843751,322.38281250000006,0.0628903125,5.259375,7.32,
0,3,,,8.360862731933594,43.975830078125,323.91601562500006,0.06270625,5.259765625,7.354,
0,3,,,8.360862731933594,43.975830078125,325.4296875,0.06270625,5.259765625,7.387,
0,3,,,8.41789245605469,44.26940917968751,326.82617187500006,0.0631340625,5.258984375000001,7.421,
0,3,,,8.409309387207033,44.22973632812501,328.369140625,0.06306937500000001,5.259765625,7.455,
0,3,,,8.409309387207033,44.22973632812501,329.89257812500006,0.06306937500000001,5.259765625,7.489,
0,3,,,8.383750915527344,44.09301757812501,331.41601562500006,0.062878125,5.259375,7.523,
0,3,,,8.376121520996094,44.05029296875001,332.94921875000006,0.0628203125,5.2591796875000005,7.557,
0,3,,,8.376121520996094,44.05029296875001,334.34570312500006,0.0628203125,5.2591796875000005,7.591,
0,3,,,8.36925506591797,44.01611328125001,335.87890625000006,0.062769375,5.259375,7.625,
0,3,,,8.377265930175781,44.05761718750001,337.40234375,0.06282968750000001,5.2591796875000005,7.659,
0,3,,,8.377265930175781,44.05761718750001,338.93554687500006,0.06282968750000001,5.2591796875000005,7.693,
0,3,,,8.389091491699219,44.12292480468751,340.33203125,0.06291843750000001,5.2595703125,7.727,
0,3,,,8.367538452148438,44.00817871093751,341.86523437500006,0.0627565625,5.259375,7.761,
0,3,,,8.367538452148438,44.00817871093751,343.37890625000006,0.0627565625,5.259375,7.796,
0,3,,,8.368301391601564,44.01123046875,344.91210937500006,0.0627625,5.259375,7.83,
0,3,,,8.421134948730469,44.29138183593751,346.44531250000006,0.06315875,5.2595703125,7.864,
0,3,,,8.421134948730469,44.29138183593751,347.84179687500006,0.06315875,5.2595703125,7.898,
0,3,,,8.394813537597656,44.15222167968751,349.365234375,0.06296093750000001,5.2595703125,7.932,
0,3,,,8.386039733886719,44.10705566406251,350.89843750000006,0.06289562500000001,5.2595703125,7.966,
0,3,,,8.386039733886719,44.10705566406251,352.43164062500006,0.06281281250000001,5.259375,8.0,
0,3,,,8.374977111816408,44.04785156250001,353.82812500000006,0.06281281250000001,5.259375,8.034,
0,3,,,8.390045166015625,44.12414550781251,355.35156250000006,0.062925625,5.2591796875000005,8.068,
0,3,,,8.390045166015625,44.12414550781251,356.88476562500006,0.062843125,5.2595703125,8.102,
0,3,,,8.379173278808594,44.07043457031251,358.42773437500006,0.062843125,5.2595703125,8.136,
0,3,,,8.368873596191406,44.012451171875,359.81445312500006,0.062766875,5.2591796875000005,8.17,
0,3,,,8.368873596191406,44.012451171875,361.33789062500006,0.062915,5.259765625,8.204,
0,3,,,8.388710021972656,44.12231445312501,362.87109375000006,0.062915,5.259765625,8.238,
0,3,,,8.412170410156252,44.24255371093751,364.41406250000006,0.06309031250000001,5.259375,8.271,
0,3,,,8.412170410156252,44.24255371093751,365.947265625,0.0631121875,5.259375,8.305,
0,3,,,8.41503143310547,44.25720214843751,367.32421875000006,0.0631121875,5.259375,8.339,
0,3,,,8.389282226562502,44.1192626953125,368.85742187500006,0.062919375,5.2591796875000005,8.373,
0,3,,,8.389282226562502,44.1192626953125,370.39062500000006,0.06284281250000001,5.259375,8.407,
0,3,,,8.378982543945312,44.06860351562501,371.923828125,0.06284281250000001,5.259375,8.441,
0,3,,,8.38470458984375,44.09362792968751,373.31054687500006,0.0628853125,5.2587890625,8.475,
0,3,,,8.383941650390625,44.09240722656251,374.84375000000006,0.0628790625,5.2591796875000005,8.509,
0,3,,,8.383941650390625,44.09240722656251,376.38671875000006,0.0628790625,5.2591796875000005,8.543,
0,3,,,8.373260498046875,44.036865234375,377.91015625,0.062799375,5.2591796875000005,8.577,
0,3,,,8.379554748535156,44.073486328125,379.29687500000006,0.06284687500000001,5.2595703125,8.611,
0,3,,,8.379554748535156,44.073486328125,380.830078125,0.06284687500000001,5.2595703125,8.645,
0,3,,,8.37688446044922,44.05578613281251,382.36328125,0.0628265625,5.2591796875000005,8.679,
0,3,,,8.412551879882812,44.2474365234375,383.89648437500006,0.0630934375,5.259765625,8.713,
0,3,,,8.412551879882812,44.2474365234375,385.41992187500006,0.0630934375,5.259765625,8.747,
0,3,,,8.41827392578125,44.27368164062501,386.81640625,0.06313687500000001,5.2591796875000005,8.781,
0,3,,,8.381271362304688,44.0814208984375,388.34960937500006,0.06285906250000001,5.2595703125,8.815,
0,3,,,8.381271362304688,44.0814208984375,389.8828125,0.06285906250000001,5.2595703125,8.85,
0,3,,,8.36029052734375,43.96850585937501,391.396484375,0.06270250000000001,5.2591796875000005,8.884,
0,3,,,8.395957946777346,44.156494140625,392.93945312500006,0.06296968750000001,5.259375,8.918,
0,3,,,8.395957946777346,44.156494140625,394.3359375,0.06296968750000001,5.259375,8.952,
0,3,,,8.376502990722656,44.05395507812501,395.86914062500006,0.062824375,5.2591796875000005,8.986,
0,3,,,8.3648681640625,43.99536132812501,397.38281250000006,0.06273687500000001,5.2595703125,9.02,
0,3,,,8.3648681640625,43.99536132812501,398.916015625,0.06273687500000001,5.2595703125,9.054,
0,3,,,8.374404907226562,44.041748046875,400.32226562500006,0.062808125,5.2591796875000005,9.088,
0,3,,,8.391189575195314,44.13330078125,401.84570312500006,0.06293343750000001,5.2595703125,9.122,
0,3,,,8.391189575195314,44.13330078125,403.369140625,0.06293343750000001,5.2595703125,9.156,
0,3,,,8.419609069824219,44.281005859375,404.90234375,0.06314625,5.259375,9.19,
0,3,,,8.412361145019531,44.24194335937501,406.30859375000006,0.063093125,5.2591796875000005,9.224,
0,3,,,8.412361145019531,44.24194335937501,407.84179687500006,0.063093125,5.2591796875000005,9.258,
0,3,,,8.383750915527344,44.08996582031251,409.35546875000006,0.06287843750000001,5.258984375000001,9.292,
0,3,,,8.389091491699219,44.11865234375001,410.89843750000006,0.0629175,5.2591796875000005,9.326,
0,3,,,8.389091491699219,44.11865234375001,412.29492187500006,0.0629175,5.2591796875000005,9.359,
0,3,,,8.380889892578125,44.07531738281251,413.82812500000006,0.0628559375,5.2591796875000005,9.393,
0,3,,,8.37688446044922,44.05334472656251,415.34179687500006,0.062826875,5.258984375000001,9.427,
0,3,,,8.37688446044922,44.05334472656251,416.8847656250001,0.062826875,5.258984375000001,9.461,
0,3,,,8.398056030273438,44.16687011718751,418.41796875000006,0.06298468750000001,5.259375,9.495,
0,3,,,8.375167846679688,44.04724121093751,419.8144531250001,0.06281375,5.2591796875000005,9.529,
0,3,,,8.375167846679688,44.04724121093751,421.33789062500006,0.06281375,5.2595703125,9.563,
0,3,,,8.389472961425781,44.12414550781251,422.87109375,0.06292062500000001,5.2595703125,9.597,
0,3,,,8.4320068359375,44.34753417968751,424.4140625,0.06324062500000001,5.259375,9.631,
0,3,,,8.4320068359375,44.34753417968751,425.80078125,0.06324062500000001,5.258984375000001,9.665,
0,3,,,8.403968811035156,44.19616699218751,427.32421875000006,0.06302906250000001,5.258984375000001,9.699,
0,3,,,8.3953857421875,44.15954589843751,428.86718750000006,0.06296562500000001,5.259960937500001,9.733,
0,3,,,8.3953857421875,44.15954589843751,430.400390625,0.0628203125,5.258984375000001,9.767,
0,3,,,8.376121520996094,44.0496826171875,431.93359375,0.0628203125,5.258984375000001,9.801,
0,3,,,8.382415771484375,44.08508300781251,433.31054687500006,0.06286875,5.2591796875000005,9.835,
0,3,,,8.382415771484375,44.08508300781251,434.85351562500006,0.06288625,5.259375,9.869,
0,3,,,8.384895324707031,44.09851074218751,436.38671875000006,0.06288625,5.259375,9.904,
0,3,,,8.369827270507812,44.01733398437501,437.91992187500006,0.06277375,5.258984375000001,9.938,
0,3,,,8.369827270507812,44.01733398437501,439.43359375,0.06284687500000001,5.259375,9.972,
0,3,,,8.379554748535156,44.07104492187501,440.83007812500006,0.06284687500000001,5.259375,10.006,
0,3,,,8.397674560546875,44.16687011718751,442.36328125,0.0629828125,5.259375,10.04,
0,3,,,8.397674560546875,44.16687011718751,443.896484375,0.06313875000000001,5.2591796875000005,10.074,
0,3,,,8.418464660644531,44.27490234375001,445.41992187500006,0.06313875000000001,5.2591796875000005,10.108,
0,3,,,8.389663696289062,44.12231445312501,446.81640625000006,0.0629221875,5.2591796875000005,10.142,
0,3,,,8.38737487792969,44.1094970703125,448.359375,0.062905625,5.258984375000001,10.176,
0,3,,,8.38737487792969,44.1094970703125,449.89257812500006,0.062905625,5.258984375000001,10.21,
0,3,,,8.399581909179688,44.17602539062501,451.416015625,0.06299718750000001,5.259375,10.244,
0,3,,,8.380699157714846,44.07775878906251,452.94921875,0.062854375,5.2595703125,10.278,
0,3,,,8.380699157714846,44.07775878906251,454.345703125,0.062854375,5.2595703125,10.312,
0,3,,,8.380699157714846,44.07836914062501,455.87890625,0.06285531250000001,5.2595703125,10.346,
0,3,,,8.390045166015625,44.12353515625001,457.40234375000006,0.0629246875,5.2591796875000005,10.38,
0,3,,,8.390045166015625,44.12353515625001,458.93554687500006,0.0629246875,5.2591796875000005,10.414,
0,3,,,8.392715454101562,44.13879394531251,460.3417968750001,0.06294593750000001,5.2591796875000005,10.448,
0,3,,,8.419418334960938,44.278564453125,461.87500000000006,0.06314531250000001,5.2591796875000005,10.482,
0,3,,,8.419418334960938,44.278564453125,463.3984375,0.06314531250000001,5.2591796875000005,10.516,
0,3,,,8.431243896484377,44.342041015625,464.9316406250001,0.06323375,5.259375,10.55,
0,3,,,8.39214324951172,44.13757324218751,466.328125,0.062940625,5.2595703125,10.584,
0,3,,,8.39214324951172,44.13757324218751,467.8613281250001,0.062940625,5.2595703125,10.618,
0,3,,,8.36448669433594,43.98620605468751,469.38476562500006,0.06273375,5.2587890625,10.652,
0,3,,,8.384132385253906,44.09729003906251,470.91796875,0.06288093750000001,5.2595703125,10.686,
0,3,,,8.384132385253906,44.09729003906251,472.32421875000006,0.06288093750000001,5.2595703125,10.72,
0,3,,,8.405494689941408,44.20776367187501,473.84765625,0.063040625,5.259375,10.754,
0,3,,,8.368873596191406,44.01184082031251,475.37109375000006,0.0627671875,5.258984375000001,10.788,
0,3,,,8.368873596191406,44.01184082031251,476.91406250000006,0.0627671875,5.258984375000001,10.822,
0,3,,,8.387947082519531,44.11621093750001,478.44726562500006,0.06290875,5.2595703125,10.856,
0,3,,,8.391761779785156,44.13391113281251,479.84375000000006,0.06293812500000001,5.2591796875000005,10.89,
0,3,,,8.391761779785156,44.13391113281251,481.35742187500006,0.06293812500000001,5.2591796875000005,10.924,
0,3,,,8.419036865234375,44.27490234375001,482.890625,0.0631421875,5.258984375000001,10.958,
0,3,,,8.400726318359377,44.1864013671875,484.43359375000006,0.06300562500000001,5.259960937500001,10.992,
0,3,,,8.400726318359377,44.1864013671875,485.96679687500006,0.06300562500000001,5.259960937500001,11.026,
0,3,,,8.378028869628906,44.06066894531251,487.34375000000006,0.062835625,5.2591796875000005,11.06,
0,3,,,8.391761779785156,44.13757324218751,488.87695312500006,0.0629384375,5.259765625,11.094,
0,3,,,8.391761779785156,44.13757324218751,490.41992187500006,0.0629384375,5.259765625,11.128,
0,3,,,8.36334228515625,43.98620605468751,491.95312500000006,0.062724375,5.2595703125,11.162,
0,3,,,8.374977111816408,44.04724121093751,493.33007812500006,0.0628115625,5.259375,11.196,
0,3,,,8.374977111816408,44.04724121093751,494.86328125000006,0.0628115625,5.2595703125,11.23,
0,3,,,8.374595642089844,44.04724121093751,496.4062500000001,0.0628096875,5.2595703125,11.264,
0,3,,,8.391189575195314,44.13146972656251,497.9394531250001,0.062934375,5.2591796875000005,11.298,
0,3,,,8.391189575195314,44.13146972656251,499.31640625,0.062934375,5.259375,11.332,
0,3,,,8.38775634765625,44.11376953125001,500.859375,0.06290781250000001,5.259375,11.366,
0,3,,,8.436965942382814,44.37194824218751,502.39257812500006,0.0632775,5.2591796875000005,11.4,
0,3,,,8.436965942382814,44.37194824218751,503.9257812500001,0.0630453125,5.2587890625,11.434,
0,3,,,8.40606689453125,44.2047119140625,505.30273437500006,0.0630453125,5.2587890625,11.468,
0,3,,,8.37249755859375,44.036865234375,506.8359375,0.06279406250000001,5.259765625,11.502,
0,3,,,8.37249755859375,44.036865234375,508.37890625000006,0.0628821875,5.259375,11.536,
0,3,,,8.384323120117188,44.09606933593751,509.92187500000006,0.0628821875,5.259375,11.57,
0,3,,,8.397674560546875,44.16564941406251,511.42578125000006,0.0629815625,5.259375,11.604,
0,3,,,8.397674560546875,44.16564941406251,512.8320312500001,0.06280218750000001,5.259375,11.638,
0,3,,,8.373641967773438,44.04052734375001,514.365234375,0.06280218750000001,5.259375,11.672,
0,3,,,8.385086059570312,44.10034179687501,515.9082031250001,0.0628875,5.2595703125,11.706,
0,3,,,8.385086059570312,44.10034179687501,517.421875,0.062939375,5.259960937500001,11.74,
0,3,,,8.391952514648438,44.1400146484375,518.8183593750001,0.062939375,5.259960937500001,11.774,
0,3,,,8.403968811035156,44.19616699218751,520.3515625,0.063029375,5.258984375000001,11.808,
0,3,,,8.403968811035156,44.19616699218751,521.8945312500001,0.063165625,5.2591796875000005,11.842,
0,3,,,8.422088623046875,44.2938232421875,523.4082031250001,0.063165625,5.2591796875000005,11.876,
0,3,,,8.38623046875,44.10339355468751,524.8046875,0.0628971875,5.258984375000001,11.91,
0,3,,,8.371353149414062,44.03015136718751,526.3378906250001,0.0627846875,5.259765625,11.944,
0,3,,,8.371353149414062,44.03015136718751,527.8710937500001,0.0627846875,5.259765625,11.978,
0,3,,,8.386802673339844,44.10888671875001,529.39453125,0.0629009375,5.259375,12.012,
0,3,,,8.379554748535156,44.07287597656251,530.9277343750001,0.0628459375,5.2595703125,12.046,
0,3,,,8.379554748535156,44.07287597656251,532.333984375,0.0628459375,5.2595703125,12.08,
0,3,,,8.396148681640625,44.156494140625,533.8671875000001,0.06297125,5.2591796875000005,12.114,
0,3,,,8.389854431152344,44.12963867187501,535.3906250000001,0.062924375,5.259960937500001,12.148,
0,3,,,8.389854431152344,44.12963867187501,536.9238281250001,0.062924375,5.259960937500001,12.182,
0,3,,,8.393096923828127,44.1424560546875,538.4667968750001,0.06294812500000001,5.259375,12.216,
0,3,,,8.429718017578125,44.33532714843751,539.86328125,0.06322343750000001,5.259375,12.25,
0,3,,,8.429718017578125,44.33532714843751,541.3769531250001,0.06322343750000001,5.259375,12.284,
0,3,,,8.418655395507812,44.28222656250001,542.919921875,0.0631403125,5.259960937500001,12.318,
0,3,,,8.379364013671875,44.07165527343751,544.4531250000001,0.0628453125,5.2595703125,12.352,
0,3,,,8.379364013671875,44.07165527343751,545.849609375,0.0628453125,5.2595703125,12.386,
0,3,,,8.378028869628906,44.06066894531251,547.36328125,0.0628346875,5.2591796875000005,12.42,
0,3,,,8.381843566894531,44.08325195312501,548.90625,0.06286406250000001,5.259375,12.454,
0,3,,,8.381843566894531,44.08325195312501,550.439453125,0.06286406250000001,5.259375,12.488,
0,3,,,8.391380310058594,44.13085937500001,551.8359375,0.0629346875,5.2591796875000005,12.522,
0,3,,,8.381843566894531,44.08447265625001,553.3593750000001,0.06286375000000001,5.2595703125,12.556,
0,3,,,8.381843566894531,44.08447265625001,554.892578125,0.06286375000000001,5.2595703125,12.59,
0,3,,,8.388137817382812,44.1192626953125,556.4355468750001,0.06291125,5.259765625,12.624,
0,3,,,8.378791809082033,44.063720703125,557.822265625,0.0628409375,5.258984375000001,12.658,
0,3,,,8.378791809082033,44.063720703125,559.3457031250001,0.0628409375,5.258984375000001,12.692,
0,3,,,8.444595336914064,44.41345214843751,560.87890625,0.06333375000000001,5.259375,12.726,
0,3,,,8.414649963378906,44.25537109375,562.4218750000001,0.0631103125,5.259375,12.76,
0,3,,,8.414649963378906,44.25537109375,563.818359375,0.0631103125,5.259375,12.794,
0,3,,,8.382797241210938,44.08813476562501,565.33203125,0.0628709375,5.259375,12.827,
0,3,,,8.390045166015625,44.1253662109375,566.875,0.062925625,5.259375,12.862,
0,3,,,8.390045166015625,44.1253662109375,568.4179687500001,0.062925625,5.259375,12.895,
0,3,,,8.378791809082033,44.06494140625,569.951171875,0.06284031250000001,5.2591796875000005,12.929,
0,3,,,8.378028869628906,44.06188964843751,571.3281250000001,0.0628353125,5.259375,12.963,
0,3,,,8.378028869628906,44.06188964843751,572.861328125,0.0628353125,5.258984375000001,12.997,
0,3,,,8.388900756835938,44.11682128906251,574.404296875,0.0629159375,5.258984375000001,13.032,
0,3,,,8.37688446044922,44.0570068359375,575.9375000000001,0.06282562500000001,5.259375,13.067,
0,3,,,8.37688446044922,44.0570068359375,577.4511718750001,0.06303375,5.2591796875000005,13.101,
0,3,,,8.404541015625002,44.20166015625,578.984375,0.06303375,5.2591796875000005,13.134,
0,3,,,8.415794372558594,44.26635742187501,580.390625,0.0631190625,5.259960937500001,13.168,
0,3,,,8.415794372558594,44.26635742187501,581.9238281250001,0.0628875,5.259765625,13.202,
0,3,,,8.385086059570312,44.10217285156251,583.4375,0.0628875,5.259765625,13.236,
0,3,,,8.394241333007812,44.14611816406251,584.9707031250001,0.06295625,5.2591796875000005,13.27,
0,3,,,8.394241333007812,44.14611816406251,586.376953125,0.06291468750000001,5.259375,13.304,
0,3,,,8.388710021972656,44.11865234375001,587.9101562500001,0.06291468750000001,5.259375,13.338,
0,3,,,8.378982543945312,44.06494140625,589.423828125,0.06284218750000001,5.258984375000001,13.372,
0,3,,,8.378982543945312,44.06494140625,590.966796875,0.062985625,5.258984375000001,13.406,
0,3,,,8.398056030273438,44.16564941406251,592.36328125,0.062985625,5.258984375000001,13.44,
0,3,,,8.372879028320312,44.036865234375,593.896484375,0.06279625000000001,5.2595703125,13.474,
0,3,,,8.372879028320312,44.036865234375,595.41015625,0.06277718750000001,5.2591796875000005,13.508,
0,3,,,8.370208740234377,44.01977539062501,596.9531250000001,0.06277718750000001,5.2591796875000005,13.542,
0,3,,,8.427238464355469,44.32250976562501,598.349609375,0.06320437500000001,5.259375,13.576,
0,3,,,8.428382873535158,44.32861328125001,599.8828125000001,0.0632121875,5.2595703125,13.61,
0,3,,,8.428382873535158,44.32861328125001,601.4062500000001,0.0632121875,5.2595703125,13.644,
0,3,,,8.374595642089844,44.04235839843751,602.9394531250001,0.06280875000000001,5.2591796875000005,13.678,
0,3,,,8.367919921875,44.00878906250001,604.3359375000001,0.0627590625,5.2591796875000005,13.712,
0,3,,,8.367919921875,44.00878906250001,605.8691406250001,0.0627590625,5.2591796875000005,13.746,
0,3,,,8.378219604492188,44.06677246093751,607.3828125,0.06283625000000001,5.259765625,13.78,
0,3,,,8.363914489746094,43.98925781250001,608.9160156250001,0.06272875,5.2595703125,13.814,
0,3,,,8.363914489746094,43.98925781250001,610.44921875,0.06272875,5.2595703125,13.848,
0,3,,,8.367347717285158,44.00695800781251,611.8457031250001,0.0627546875,5.2595703125,13.882,
0,3,,,8.394241333007812,44.14489746093751,613.3691406250001,0.06295687500000001,5.258984375000001,13.916,
0,3,,,8.394241333007812,44.14489746093751,614.9023437500001,0.06295687500000001,5.258984375000001,13.95,
0,3,,,8.36944580078125,44.01672363281251,616.435546875,0.06277062500000001,5.259375,13.984,
0,3,,,8.419799804687502,44.28222656250001,617.8320312500001,0.06314875,5.259375,14.018,
0,3,,,8.419799804687502,44.28222656250001,619.345703125,0.06314875,5.259375,14.052,
0,3,,,8.414459228515625,44.25354003906251,620.8789062500001,0.0631084375,5.2591796875000005,14.086,
0,3,,,8.366775512695312,44.00573730468751,622.412109375,0.06274968750000001,5.2595703125,14.12,
0,3,,,8.366775512695312,44.00573730468751,623.9550781250001,0.06274968750000001,5.2595703125,14.154,
0,3,,,8.389472961425781,44.11621093750001,625.3320312500001,0.06292093750000001,5.25859375,14.188,
0,3,,,8.363723754882812,43.9874267578125,626.8652343750001,0.0627275,5.259375,14.222,
0,3,,,8.363723754882812,43.9874267578125,628.3984375,0.0627275,5.259375,14.256,
0,3,,,8.381652832031252,44.08386230468751,629.9414062500001,0.0628625,5.2595703125,14.29,
0,3,,,8.3831787109375,44.08569335937501,631.3183593750001,0.0628734375,5.2587890625,14.324,
0,3,,,8.3831787109375,44.08569335937501,632.8515625000001,0.0628734375,5.2587890625,14.358,
0,3,,,8.380699157714846,44.07531738281251,634.3945312500001,0.06285531250000001,5.2591796875000005,14.392,
0,3,,,8.383369445800781,44.08935546875001,635.927734375,0.0628746875,5.2591796875000005,14.426,
0,3,,,8.383369445800781,44.08935546875001,637.3046875,0.0628746875,5.2591796875000005,14.46,
0,3,,,8.435058593750002,44.3621826171875,638.8378906250001,0.063263125,5.2591796875000005,14.494,
0,3,,,8.39977264404297,44.17480468750001,640.380859375,0.0629978125,5.2591796875000005,14.528,
0,3,,,8.39977264404297,44.17480468750001,641.9140625000001,0.0629978125,5.2591796875000005,14.562,
0,3,,,8.382606506347658,44.09057617187501,643.4277343750001,0.062869375,5.259765625,14.596,
0,3,,,8.36944580078125,44.0191650390625,644.8242187500001,0.06277062500000001,5.2595703125,14.63,
0,3,,,8.36944580078125,44.0191650390625,646.3574218750001,0.06277062500000001,5.2595703125,14.664,
0,3,,,8.385848999023438,44.10217285156251,647.900390625,0.06289375,5.2591796875000005,14.698,
0,3,,,8.3709716796875,44.0277099609375,649.4140625,0.0627815625,5.2595703125,14.732,
0,3,,,8.3709716796875,44.0277099609375,650.8105468750001,0.0627815625,5.2591796875000005,14.766,
0,3,,,8.385848999023438,44.102783203125,652.34375,0.0628940625,5.2591796875000005,14.8,
0,3,,,8.380317687988281,44.07287597656251,653.88671875,0.0628515625,5.2591796875000005,14.834,
0,3,,,8.380317687988281,44.07287597656251,655.4003906250001,0.06300375000000001,5.259375,14.868,
0,3,,,8.400535583496094,44.18151855468751,656.7968750000001,0.06300375000000001,5.259375,14.902,
0,3,,,8.41522216796875,44.25598144531251,658.3300781250001,0.06311343750000001,5.2591796875000005,14.936,
0,3,,,8.41522216796875,44.25598144531251,659.873046875,0.0630971875,5.259375,14.97,
0,3,,,8.412933349609375,44.2474365234375,661.3867187500001,0.0630971875,5.259375,15.004,
0,3,,,8.395767211914062,44.15771484375,662.79296875,0.06296750000000001,5.2595703125,15.038,
0,3,,,8.395767211914062,44.15771484375,664.3261718750001,0.06286968750000001,5.259375,15.072,
0,3,,,8.382606506347658,44.08691406250001,665.869140625,0.06286968750000001,5.259375,15.106,
0,3,,,8.39214324951172,44.13696289062501,667.3828125000001,0.06294125,5.259375,15.14,
0,3,,,8.39214324951172,44.13696289062501,668.92578125,0.0629746875,5.2591796875000005,15.174,
0,3,,,8.396720886230469,44.158935546875,670.4589843750001,0.0629746875,5.2591796875000005,15.208,
0,3,,,8.372879028320312,44.0338134765625,671.85546875,0.0627965625,5.2591796875000005,15.242,
0,3,,,8.372879028320312,44.03991699218751,673.3691406250001,0.06280406250000001,5.2591796875000005,15.276,
0,3,,,8.373832702636719,44.03991699218751,674.90234375,0.06280406250000001,5.2591796875000005,15.31,
0,3,,,8.413314819335938,44.25170898437501,676.4453125000001,0.0630996875,5.259765625,15.344,
0,3,,,8.417701721191406,44.2718505859375,677.8417968750001,0.0631321875,5.2595703125,15.378,
0,3,,,8.417701721191406,44.2718505859375,679.3554687500001,0.0631321875,5.2595703125,15.412,
0,3,,,8.394241333007812,44.1485595703125,680.8984375000001,0.0629559375,5.259375,15.446,
0,3,,,8.386421203613283,44.10827636718751,682.4316406250001,0.06289875,5.2595703125,15.48,
0,3,,,8.386421203613283,44.10827636718751,683.8281250000001,0.06289875,5.2595703125,15.514,
0,3,,,8.39214324951172,44.13818359375001,685.3515625000001,0.062940625,5.2595703125,15.548,
0,3,,,8.36448669433594,43.99047851562501,686.8847656250001,0.062733125,5.259375,15.582,
0,3,,,8.36448669433594,43.99047851562501,688.41796875,0.062733125,5.259375,15.616,
0,3,,,8.37249755859375,44.03198242187501,689.8144531250001,0.06279375000000001,5.2591796875000005,15.65,
0,3,,,8.391761779785156,44.13696289062501,691.3281250000001,0.06293750000000001,5.2595703125,15.684,
0,3,,,8.391761779785156,44.13696289062501,692.87109375,0.06293750000000001,5.2595703125,15.718,
0,3,,,8.376312255859375,44.04724121093751,694.4042968750001,0.0628221875,5.25859375,15.752,
0,3,,,8.421516418457031,44.28955078125001,695.80078125,0.0631609375,5.2591796875000005,15.786,
0,3,,,8.421516418457031,44.28955078125001,697.3144531250001,0.0631609375,5.2591796875000005,15.82,
0,3,,,8.404350280761719,44.19799804687501,698.8476562500001,0.0630325,5.258984375000001,15.854,
0,3,,,8.384132385253906,44.09606933593751,700.390625,0.06288062500000001,5.2595703125,15.888,
0,3,,,8.384132385253906,44.09606933593751,701.9238281250001,0.06288062500000001,5.2595703125,15.922,
0,3,,,8.39385986328125,44.14672851562501,703.3007812500001,0.062953125,5.2595703125,15.955,
0,3,,,8.371353149414062,44.02893066406251,704.8437500000001,0.062784375,5.2595703125,15.99,
0,3,,,8.371353149414062,44.02893066406251,706.376953125,0.062784375,5.2595703125,16.023,
0,3,,,8.379936218261719,44.073486328125,707.9101562500001,0.06284906250000001,5.2595703125,16.057,
0,3,,,8.381462097167969,44.08081054687501,709.2871093750001,0.062860625,5.259375,16.091,
0,3,,,8.381462097167969,44.08081054687501,710.8203125000001,0.062860625,5.259375,16.125,
0,3,,,8.372306823730469,44.0338134765625,712.36328125,0.06279156250000001,5.2595703125,16.159,
0,3,,,8.396339416503906,44.15832519531251,713.8964843750001,0.0629721875,5.259375,16.193,
0,3,,,8.396339416503906,44.15832519531251,715.283203125,0.0629721875,5.259375,16.228,
0,3,,,8.442306518554688,44.40124511718751,716.8164062500001,0.06331687500000001,5.259375,16.262,
0,3,,,8.407783508300781,44.2169189453125,718.359375,0.0630578125,5.2591796875000005,16.296,
0,3,,,8.407783508300781,44.2169189453125,719.8925781250001,0.0630578125,5.2591796875000005,16.33,
0,3,,,8.389091491699219,44.1253662109375,721.4062500000001,0.062918125,5.259960937500001,16.364,
0,3,,,8.381080627441406,44.07592773437501,722.8027343750001,0.062858125,5.258984375000001,16.398,
0,3,,,8.381080627441406,44.07592773437501,724.345703125,0.062858125,5.2595703125,16.432,
0,3,,,8.39214324951172,44.13818359375001,725.8789062500001,0.062940625,5.2595703125,16.466,
0,3,,,8.373451232910156,44.04235839843751,727.4023437500001,0.0628009375,5.259765625,16.5,
0,3,,,8.373451232910156,44.04235839843751,728.7988281250001,0.0628009375,5.2591796875000005,16.534,
0,3,,,8.381080627441406,44.07836914062501,730.3320312500001,0.0628584375,5.2591796875000005,16.568,
0,3,,,8.392715454101562,44.13757324218751,731.875,0.0629446875,5.2591796875000005,16.602,
0,3,,,8.392715454101562,44.13757324218751,733.3886718750001,0.0630896875,5.259765625,16.636,
0,3,,,8.411979675292969,44.24438476562501,734.9218750000001,0.0630896875,5.259765625,16.67,
0,3,,,8.418655395507812,44.27124023437501,736.328125,0.0631403125,5.2587890625,16.703,
0,3,,,8.418655395507812,44.27124023437501,737.8613281250001,0.0630115625,5.2591796875000005,16.737,
0,3,,,8.401679992675783,44.18518066406251,739.3750000000001,0.0630115625,5.2591796875000005,16.771,
0,3,,,8.375930786132814,44.05395507812501,740.908203125,0.06282,5.2595703125,16.805,
0,3,,,8.375930786132814,44.05395507812501,742.3144531250001,0.0628878125,5.2595703125,16.839,
0,3,,,8.385086059570312,44.10095214843751,743.84765625,0.0628878125,5.2595703125,16.873,
0,3,,,8.384323120117188,44.0948486328125,745.361328125,0.06288281250000001,5.2591796875000005,16.907,
0,3,,,8.384323120117188,44.0948486328125,746.904296875,0.0629646875,5.2591796875000005,16.941,
0,3,,,8.3953857421875,44.15222167968751,748.3007812500001,0.0629646875,5.2591796875000005,16.975,
0,3,,,8.375358581542969,44.04785156250001,749.833984375,0.06281500000000001,5.2591796875000005,17.009,
0,3,,,8.375358581542969,44.08447265625001,751.3574218750001,0.0628671875,5.259375,17.043,
0,3,,,8.382225036621094,44.08447265625001,752.9003906250001,0.0628671875,5.259375,17.077,
0,3,,,8.440971374511719,44.39086914062501,754.2968750000001,0.06330656250000001,5.258984375000001,17.111,
0,3,,,8.431243896484377,44.3408203125,755.8300781250001,0.06323406250000001,5.2591796875000005,17.145,
0,3,,,8.431243896484377,44.3408203125,757.3535156250001,0.06323406250000001,5.2591796875000005,17.179,
0,3,,,8.39080810546875,44.13269042968751,758.88671875,0.06293125000000001,5.259765625,17.213,
0,3,,,8.392906188964844,44.13757324218751,760.4296875000001,0.06294625000000001,5.258984375000001,17.247,
0,3,,,8.392906188964844,44.13757324218751,761.8261718750001,0.06294625000000001,5.258984375000001,17.282,
0,3,,,8.376312255859375,44.05456542968751,763.3398437500001,0.062821875,5.2595703125,17.316,
0,3,,,8.375740051269531,44.05151367187501,764.873046875,0.0628175,5.259375,17.35,
0,3,,,8.375740051269531,44.05151367187501,766.4062500000001,0.0628175,5.259375,17.384,
0,3,,,8.37554931640625,44.0521240234375,767.9492187500001,0.0628165625,5.259765625,17.418,
0,3,,,8.404541015625002,44.20288085937501,769.3359375000001,0.06303343750000001,5.2595703125,17.452,
0,3,,,8.404541015625002,44.20288085937501,770.8691406250001,0.06303343750000001,5.2595703125,17.486,
0,3,,,8.380126953125,44.07470703125001,772.40234375,0.06285125000000001,5.259375,17.52,
0,3,,,8.427810668945312,44.31945800781251,773.9453125000001,0.06320875000000001,5.2587890625,17.554,
0,3,,,8.427810668945312,44.31945800781251,775.3222656250001,0.06320875000000001,5.2587890625,17.588,
0,3,,,8.429718017578125,44.33349609375001,776.85546875,0.0632228125,5.2591796875000005,17.622,
0,3,,,8.380508422851562,44.07531738281251,778.3984375,0.06285375,5.259375,17.656,
0,3,,,8.380508422851562,44.07531738281251,779.9316406250001,0.06285375,5.259375,17.69,
0,3,,,8.388519287109375,44.11865234375001,781.3085937500001,0.0629140625,5.259375,17.723,
0,3,,,8.374404907226562,44.04296875,782.8417968750001,0.06280843750000001,5.2591796875000005,17.758,
0,3,,,8.374404907226562,44.04296875,784.384765625,0.06280843750000001,5.2591796875000005,17.791,
0,3,,,8.386421203613283,44.10522460937501,785.9277343750001,0.06289750000000001,5.2591796875000005,17.825,
0,3,,,8.403205871582031,44.19189453125001,787.4414062500001,0.0630234375,5.258984375000001,17.859,
0,3,,,8.403205871582031,44.19189453125001,788.8378906250001,0.0630234375,5.258984375000001,17.893,
0,3,,,8.379173278808594,44.063720703125,790.380859375,0.0628434375,5.2587890625,17.927,
0,3,,,8.393287658691406,44.140625,791.9140625000001,0.06295,5.258984375000001,17.961,
0,3,,,8.393287658691406,44.140625,793.4277343750001,0.06295,5.258984375000001,17.995,
0,3,,,8.421707153320314,44.29077148437501,794.8242187500001,0.06316250000000001,5.2591796875000005,18.029,
0,3,,,8.426666259765625,44.31579589843751,796.3671875,0.0631990625,5.258984375000001,18.063,
0,3,,,8.426666259765625,44.31579589843751,797.9101562500001,0.0631990625,5.258984375000001,18.097,
0,3,,,8.389282226562502,44.11865234375001,799.4238281250001,0.0629196875,5.258984375000001,18.131,
0,3,,,8.396530151367188,44.16015625000001,800.8300781250001,0.062973125,5.259375,18.165,
0,3,,,8.396530151367188,44.16015625000001,802.3730468750001,0.062973125,5.259960937500001,18.199,
0,3,,,8.412361145019531,44.248046875,803.90625,0.06309250000000001,5.259960937500001,18.233,
0,3,,,8.376312255859375,44.05395507812501,805.419921875,0.0628221875,5.259375,18.267,
0,3,,,8.376312255859375,44.05395507812501,806.8164062500002,0.0628221875,5.258984375000001,18.301,
0,3,,,8.38623046875,44.102783203125,808.3593750000001,0.062896875,5.258984375000001,18.336,
0,3,,,8.38775634765625,44.11376953125001,809.8925781250001,0.06290843750000001,5.259375,18.37,
0,3,,,8.38775634765625,44.11376953125001,811.416015625,0.06309375,5.2591796875000005,18.404,
0,3,,,8.412551879882812,44.24316406250001,812.94921875,0.06309375,5.2591796875000005,18.438,
0,3,,,8.414268493652344,44.25231933593751,814.345703125,0.06310750000000001,5.2591796875000005,18.472,
0,3,,,8.414268493652344,44.25231933593751,815.8886718750001,0.06310125000000001,5.259375,18.506,
0,3,,,8.413505554199219,44.24865722656251,817.4023437500001,0.06310125000000001,5.259375,18.54,
0,3,,,8.386039733886719,44.110107421875,818.9453125,0.0628959375,5.259960937500001,18.574,
0,3,,,8.386039733886719,44.110107421875,820.4785156250001,0.0628453125,5.259375,18.608,
0,3,,,8.379364013671875,44.07104492187501,821.875,0.0628453125,5.259375,18.642,
0,3,,,8.369827270507812,44.01733398437501,823.3886718750001,0.0627734375,5.2591796875000005,18.676,
0,3,,,8.369827270507812,44.01733398437501,824.9316406250001,0.06295625,5.259375,18.71,
0,3,,,8.394241333007812,44.14794921875001,826.4648437500001,0.06295625,5.259375,18.743,
0,3,,,8.372306823730469,44.03076171875001,827.8613281250001,0.0627928125,5.2591796875000005,18.777,
0,3,,,8.391189575195314,44.13024902343751,829.384765625,0.06293375000000001,5.2591796875000005,18.811,
0,3,,,8.391189575195314,44.13024902343751,830.9179687500001,0.06293375000000001,5.2591796875000005,18.845,
0,3,,,8.43048095703125,44.33654785156251,832.4609375,0.06322843750000001,5.2591796875000005,18.879,
0,3,,,8.418464660644531,44.27307128906251,833.8574218750001,0.063138125,5.2591796875000005,18.913,
0,3,,,8.418464660644531,44.27307128906251,835.3710937500001,0.063138125,5.2591796875000005,18.947,
0,3,,,8.400726318359377,44.18334960937501,836.9140625,0.06300562500000001,5.259375,18.981,
0,3,,,8.3953857421875,44.15405273437501,838.4472656250001,0.06296531250000001,5.259375,19.015,
0,3,,,8.3953857421875,44.15405273437501,839.9902343750001,0.06296531250000001,5.259375,19.049,
0,3,,,8.386993408203125,44.1107177734375,841.3671875000001,0.06290218750000001,5.2595703125,19.083,
0,3,,,8.391380310058594,44.13269042968751,842.91015625,0.06293562500000001,5.259375,19.117,
0,3,,,8.391380310058594,44.13269042968751,844.443359375,0.06293562500000001,5.259375,19.151,
0,3,,,8.386802673339844,44.11132812500001,845.986328125,0.06290125,5.2595703125,19.185,
0,3,,,8.401298522949219,44.18701171875,847.36328125,0.063009375,5.2595703125,19.219,
0,3,,,8.401298522949219,44.18701171875,848.9062500000002,0.063009375,5.2595703125,19.253,
0,3,,,8.393669128417969,44.14428710937501,850.439453125,0.0629521875,5.259375,19.287,
0,3,,,8.42266082763672,44.2962646484375,851.9726562500001,0.063169375,5.2591796875000005,19.321,
0,3,,,8.42266082763672,44.2962646484375,853.3496093750001,0.063169375,5.2591796875000005,19.355,
0,3,,,8.410453796386719,44.22912597656251,854.8925781250001,0.063078125,5.258984375000001,19.408,
0,3,,,8.392524719238281,44.14184570312501,857.2558593750001,0.06294375,5.259765625,19.442,
0,3,,,8.389854431152344,44.12353515625001,858.6523437500001,0.06292375,5.2591796875000005,19.474,
0,3,,,8.389854431152344,44.12353515625001,860.1953125,0.06292375,5.2591796875000005,19.507,
0,3,,,8.389663696289062,44.12658691406251,861.5820312500001,0.0629225,5.259765625,19.539,
0,3,,,8.37860107421875,44.066162109375,862.9687500000002,0.0628390625,5.259375,19.573,
0,3,,,8.37860107421875,44.066162109375,864.5117187500001,0.0628390625,5.259375,19.607,
0,3,,,8.393287658691406,44.13818359375001,866.0449218750001,0.062949375,5.2587890625,19.641,
0,3,,,8.385467529296877,44.10461425781251,867.568359375,0.06289093750000001,5.259765625,19.675,
0,3,,,8.385467529296877,44.10461425781251,869.1015625,0.06289093750000001,5.259765625,19.709,
0,3,,,8.379554748535156,44.07287597656251,870.498046875,0.06284625,5.259765625,19.743,
0,3,,,8.442497253417969,44.40185546875,872.0410156250001,0.063318125,5.259375,19.777,
0,3,,,8.442497253417969,44.40185546875,873.5644531250002,0.063318125,5.259375,19.811,
0,3,,,8.41827392578125,44.27490234375001,875.087890625,0.0631365625,5.259375,19.845,
0,3,,,8.385276794433594,44.10156250000001,876.4941406250002,0.0628896875,5.259375,19.879,
0,3,,,8.385276794433594,44.10156250000001,878.02734375,0.0628896875,5.259375,19.913,
0,3,,,8.380889892578125,44.0802001953125,879.5507812500001,0.062856875,5.2595703125,19.947,
0,3,,,8.377456665039062,44.06188964843751,881.0742187500001,0.0628309375,5.2595703125,19.981,
0,3,,,8.377456665039062,44.06188964843751,882.4804687500001,0.0628309375,5.2595703125,20.015,
0,3,,,8.392715454101562,44.140625,884.0234375,0.062945,5.2595703125,20.049,
0,3,,,8.407783508300781,44.22180175781251,885.5468750000001,0.063058125,5.259765625,20.083,
0,3,,,8.407783508300781,44.22180175781251,887.0800781250001,0.063058125,5.259765625,20.117,
0,3,,,8.391189575195314,44.13085937500001,888.4765625000001,0.062933125,5.2591796875000005,20.151,
0,3,,,8.412170410156252,44.23583984375001,890.0097656250001,0.0630909375,5.25859375,20.185,
0,3,,,8.412170410156252,44.23583984375001,891.5332031250002,0.0630909375,5.25859375,20.219,
0,3,,,8.415985107421877,44.26147460937501,893.06640625,0.06312000000000001,5.259375,20.253,
0,3,,,8.394813537597656,44.15161132812501,894.5996093750001,0.06296093750000001,5.259375,20.287,
0,3,,,8.394813537597656,44.15161132812501,896.0058593750001,0.0628715625,5.258984375000001,20.322,
0,3,,,8.382987976074219,44.08508300781251,897.5195312500001,0.0628715625,5.258984375000001,20.356,
0,3,,,8.394432067871094,44.14733886718751,899.0527343750001,0.0629578125,5.2591796875000005,20.39,
0,3,,,8.394432067871094,44.14733886718751,900.595703125,0.06282781250000001,5.259375,20.424,
0,3,,,8.3770751953125,44.0570068359375,902.1289062500002,0.06282781250000001,5.259375,20.458,
0,3,,,8.400535583496094,44.1864013671875,903.662109375,0.0630040625,5.259960937500001,20.492,
0,3,,,8.400535583496094,44.1864013671875,905.0488281250001,0.0629053125,5.2595703125,20.526,
0,3,,,8.38737487792969,44.1131591796875,906.58203125,0.0629053125,5.2595703125,20.56,
0,3,,,8.370399475097656,44.0216064453125,908.1250000000001,0.0627784375,5.2591796875000005,20.594,
0,3,,,8.370399475097656,44.0216064453125,909.6484375000001,0.06325125000000001,5.2595703125,20.628,
0,3,,,8.43353271484375,44.3560791015625,911.0351562500001,0.06325125000000001,5.2595703125,20.662,
0,3,,,8.428573608398438,44.32495117187501,912.5781250000001,0.063214375,5.258984375000001,20.696,
0,3,,,8.428573608398438,44.32495117187501,914.1210937500001,0.0629496875,5.2595703125,20.73,
0,3,,,8.393287658691406,44.14550781250001,915.6445312500001,0.0629496875,5.2595703125,20.764,
0,3,,,8.380699157714846,44.07714843750001,917.03125,0.062855625,5.259375,20.798,
0,3,,,8.398818969726564,44.17541503906251,918.5742187500001,0.0629915625,5.259765625,20.832,
0,3,,,8.398818969726564,44.17541503906251,920.107421875,0.0629915625,5.259765625,20.866,
0,3,,,8.396911621093752,44.158935546875,921.6406250000001,0.0629765625,5.258984375000001,20.9,
0,3,,,8.365440368652346,43.9971923828125,923.0273437500002,0.06274125,5.259375,20.934,
0,3,,,8.365440368652346,43.9971923828125,924.560546875,0.06274125,5.259375,20.968,
0,3,,,8.391571044921875,44.134521484375,926.1035156250001,0.06293625,5.259375,21.002,
0,3,,,8.386039733886719,44.10461425781251,927.626953125,0.06289531250000001,5.259375,21.035,
0,3,,,8.386039733886719,44.10461425781251,929.150390625,0.06289531250000001,5.259375,21.069,
0,3,,,8.441734313964846,44.39636230468751,930.556640625,0.06331281250000001,5.2591796875000005,21.103,
0,3,,,8.408355712890627,44.22241210937501,932.08984375,0.06306281250000001,5.259375,21.137,
0,3,,,8.408355712890627,44.22241210937501,933.6132812500001,0.06306281250000001,5.259375,21.171,
0,3,,,8.381843566894531,44.08081054687501,935.146484375,0.06286375000000001,5.2591796875000005,21.205,
0,3,,,8.394050598144533,44.14794921875001,936.5429687500001,0.062955625,5.2595703125,21.239,
0,3,,,8.394050598144533,44.14794921875001,938.076171875,0.062955625,5.2595703125,21.273,
0,3,,,8.37211608886719,44.036865234375,939.6093750000001,0.0627909375,5.259960937500001,21.307,
0,3,,,8.386421203613283,44.10827636718751,941.1328125000001,0.06289875,5.2595703125,21.342,
0,3,,,8.386421203613283,44.10827636718751,942.6757812500001,0.06289875,5.2595703125,21.376,
0,3,,,8.389091491699219,44.1192626953125,944.2089843750001,0.0629171875,5.2591796875000005,21.41,
0,3,,,8.382225036621094,44.08325195312501,945.595703125,0.062866875,5.2591796875000005,21.444,
0,3,,,8.382225036621094,44.08325195312501,947.119140625,0.062866875,5.2591796875000005,21.478,
0,3,,,8.39500427246094,44.15222167968751,948.6621093750002,0.062961875,5.259375,21.512,
0,3,,,8.433723449707031,44.35241699218751,950.1953125,0.0632525,5.258984375000001,21.546,
0,3,,,8.433723449707031,44.35241699218751,951.5820312500001,0.0632525,5.258984375000001,21.58,
0,3,,,8.397865295410158,44.16442871093751,953.1054687500001,0.06298437500000001,5.258984375000001,21.614,
0,3,,,8.368110656738281,44.00817871093751,954.6484375000001,0.06276125,5.258984375000001,21.648,
0,3,,,8.368110656738281,44.00817871093751,956.1816406250001,0.06276125,5.258984375000001,21.682,
0,3,,,8.391571044921875,44.13146972656251,957.5683593750001,0.06293625,5.258984375000001,21.716,
0,3,,,8.39385986328125,44.14672851562501,959.1015625000001,0.062954375,5.259375,21.75,
0,3,,,8.39385986328125,44.14672851562501,960.6347656250001,0.062954375,5.259375,21.784,
0,3,,,8.37554931640625,44.05395507812501,962.1679687500001,0.06281687500000001,5.259765625,21.818,
0,3,,,8.37974548339844,44.07470703125001,963.5546875000002,0.0628475,5.259765625,21.852,
0,3,,,8.37974548339844,44.07470703125001,965.087890625,0.0628475,5.259765625,21.886,
0,3,,,8.39996337890625,44.18212890625001,966.6210937500001,0.0629996875,5.259765625,21.92,
0,3,,,8.416748046875,44.26940917968751,968.1640625000001,0.0631253125,5.259765625,21.954,
0,3,,,8.416748046875,44.26940917968751,969.6875,0.0631253125,5.259375,21.988,
0,3,,,8.409500122070312,44.22851562500001,971.0839843750002,0.06307125000000001,5.259375,22.022,
0,3,,,8.399200439453125,44.1729736328125,972.6171875,0.06299312500000001,5.259375,22.056,
0,3,,,8.399200439453125,44.1729736328125,974.1503906250002,0.062945625,5.259960937500001,22.09,
0,3,,,8.392715454101562,44.14489746093751,975.68359375,0.062945625,5.259960937500001,22.124,
0,3,,,8.387947082519531,44.11132812500001,977.0703125000001,0.0629096875,5.258984375000001,22.158,
0,3,,,8.387947082519531,44.11132812500001,978.6035156250001,0.06280625000000001,5.259375,22.192,
0,3,,,8.374214172363281,44.04235839843751,980.1464843750001,0.06280625000000001,5.259375,22.226,
0,3,,,8.374023437500002,44.04479980468751,981.6699218750001,0.062805,5.259765625,22.26,
0,3,,,8.374023437500002,44.04479980468751,983.0566406250001,0.0629234375,5.258984375000001,22.294,
0,3,,,8.389854431152344,44.12109375000001,984.5898437500001,0.0629234375,5.258984375000001,22.328,
0,3,,,8.381080627441406,44.07531738281251,986.1328125000001,0.0628584375,5.258984375000001,22.362,
0,3,,,8.381080627441406,44.07531738281251,987.6562500000001,0.063233125,5.259375,22.397,
0,3,,,8.431053161621094,44.342041015625,989.1796875000001,0.063233125,5.259375,22.431,
0,3,,,8.421897888183594,44.2926025390625,990.72265625,0.06316437500000001,5.2591796875000005,22.465,
0,3,,,8.39500427246094,44.14794921875001,992.1191406250002,0.062961875,5.258984375000001,22.499,
0,3,,,8.39500427246094,44.14794921875001,993.65234375,0.062961875,5.258984375000001,22.533,
0,3,,,8.3984375,44.16992187500001,995.1855468750001,0.06298843750000001,5.259375,22.567,
0,3,,,8.39996337890625,44.1802978515625,996.7187500000002,0.063,5.2595703125,22.6,
0,3,,,8.39996337890625,44.1802978515625,998.1250000000001,0.063,5.2595703125,22.634,
0,3,,,8.402442932128906,44.19250488281251,999.6484375000002,0.06301812500000001,5.2595703125,22.668,
0,3,,,8.379173278808594,44.0643310546875,1001.181640625,0.0628440625,5.2587890625,22.702,
0,3,,,8.379173278808594,44.0643310546875,1002.7148437500002,0.0628440625,5.2587890625,22.736,
0,3,,,8.364295959472656,43.99353027343751,1004.111328125,0.06273250000000001,5.259765625,22.77,
0,3,,,8.375358581542969,44.0509033203125,1005.6347656250002,0.06281500000000001,5.2595703125,22.804,
0,3,,,8.375358581542969,44.0509033203125,1007.1582031250001,0.06281500000000001,5.2595703125,22.838,
0,3,,,8.446311950683594,44.41955566406251,1008.7011718750001,0.06334687500000001,5.2591796875000005,22.872,
0,3,,,8.406257629394531,44.21020507812501,1010.2343750000002,0.0630471875,5.2591796875000005,22.906,
0,3,,,8.406257629394531,44.21020507812501,1011.6210937500001,0.0630471875,5.2591796875000005,22.94,
0,3,,,8.37211608886719,44.03137207031251,1013.14453125,0.06279,5.259375,22.974,
0,3,,,8.38470458984375,44.09606933593751,1014.6875000000002,0.0628853125,5.2591796875000005,23.01,
0,3,,,8.38470458984375,44.09606933593751,1016.2207031250001,0.0628853125,5.2591796875000005,23.045,
0,3,,,8.385467529296877,44.10339355468751,1017.7539062500001,0.06289093750000001,5.2595703125,23.079,
0,3,,,8.375740051269531,44.0484619140625,1019.2675781250002,0.0628178125,5.2591796875000005,23.113,
0,3,,,8.375740051269531,44.0484619140625,1020.8105468750001,0.0628178125,5.2591796875000005,23.147,
0,3,,,8.400154113769531,44.17968750000001,1022.3535156250001,0.063001875,5.259375,23.181,
0,3,,,8.396720886230469,44.16198730468751,1023.7500000000001,0.062975,5.2595703125,23.215,
0,3,,,8.396720886230469,44.16198730468751,1025.2636718750002,0.062975,5.259375,23.249,
0,3,,,8.401107788085938,44.18395996093751,1026.806640625,0.06300781250000001,5.259375,23.283,
0,3,,,8.440399169921875,44.39514160156251,1028.3496093750002,0.06330250000000001,5.259960937500001,23.317,
0,3,,,8.440399169921875,44.39514160156251,1029.736328125,0.06330250000000001,5.2591796875000005,23.351,
0,3,,,8.397865295410158,44.16442871093751,1031.259765625,0.0629834375,5.2591796875000005,23.385,
0,3,,,8.381462097167969,44.08081054687501,1032.7929687500002,0.0628603125,5.259375,23.42,
0,3,,,8.381462097167969,44.08081054687501,1034.3359375,0.06281312500000001,5.259375,23.454,
0,3,,,8.374977111816408,44.04663085937501,1035.8691406250002,0.06281312500000001,5.259375,23.488,
0,3,,,8.37688446044922,44.05944824218751,1037.3828125000002,0.0628271875,5.2595703125,23.522,
0,3,,,8.37688446044922,44.05944824218751,1038.7890625,0.0629640625,5.2595703125,23.556,
0,3,,,8.395195007324219,44.1552734375,1040.3222656250002,0.0629640625,5.2595703125,23.59,
0,3,,,8.385467529296877,44.09973144531251,1041.8554687500002,0.0628903125,5.2591796875000005,23.624,
0,3,,,8.385467529296877,44.09973144531251,1043.37890625,0.062866875,5.259375,23.658,
0,3,,,8.382225036621094,44.08447265625001,1044.7753906250002,0.062866875,5.259375,23.692,
0,3,,,8.421897888183594,44.293212890625,1046.30859375,0.06316437500000001,5.259375,23.726,
0,3,,,8.421897888183594,44.293212890625,1047.8515625,0.0631809375,5.2601562500000005,23.76,
0,3,,,8.424186706542969,44.3115234375,1049.365234375,0.0631809375,5.2601562500000005,23.794,
0,3,,,8.390617370605469,44.12780761718751,1050.7617187500002,0.06292937500000001,5.2591796875000005,23.828,
0,3,,,8.393096923828127,44.14489746093751,1052.3046875000002,0.06294875000000001,5.2595703125,23.862,
0,3,,,8.393096923828127,44.14489746093751,1053.837890625,0.06294875000000001,5.2595703125,23.896,
0,3,,,8.386802673339844,44.1094970703125,1055.3613281250002,0.06290156250000001,5.259375,23.93,
0,3,,,8.381080627441406,44.07714843750001,1056.7578125000002,0.0628578125,5.2591796875000005,23.963,
0,3,,,8.381080627441406,44.07714843750001,1058.2910156250002,0.0628578125,5.2591796875000005,23.998,
0,3,,,8.391380310058594,44.13146972656251,1059.8339843750002,0.0629353125,5.2591796875000005,24.032,
0,3,,,8.397865295410158,44.16564941406251,1061.3476562500002,0.06298406250000001,5.2591796875000005,24.065,
0,3,,,8.397865295410158,44.16564941406251,1062.890625,0.06298406250000001,5.2591796875000005,24.099,
0,3,,,8.400726318359377,44.18518066406251,1064.2968750000002,0.06300593750000001,5.259765625,24.133,
0,3,,,8.426666259765625,44.32006835937501,1065.830078125,0.06320062500000001,5.2595703125,24.167,
0,3,,,8.426666259765625,44.32006835937501,1067.34375,0.06320062500000001,5.2595703125,24.201,
0,3,,,8.41827392578125,44.2718505859375,1068.8867187500002,0.06313718750000001,5.258984375000001,24.235,
0,3,,,8.39385986328125,44.14733886718751,1070.283203125,0.06295375,5.2595703125,24.269,
0,3,,,8.39385986328125,44.14733886718751,1071.8164062500002,0.06295375,5.2595703125,24.303,
0,3,,,8.37860107421875,44.06555175781251,1073.3398437500002,0.0628396875,5.259375,24.337,
0,3,,,8.381080627441406,44.07653808593751,1074.873046875,0.062858125,5.258984375000001,24.371,
0,3,,,8.381080627441406,44.07653808593751,1076.2792968750002,0.062858125,5.258984375000001,24.405,
0,3,,,8.398818969726564,44.1729736328125,1077.802734375,0.06299062500000001,5.2595703125,24.44,
0,3,,,8.369827270507812,44.01550292968751,1079.3261718750002,0.0627740625,5.2587890625,24.474,
0,3,,,8.369827270507812,44.01550292968751,1080.859375,0.0627740625,5.2587890625,24.508,
0,3,,,8.382987976074219,44.08630371093751,1082.40234375,0.0628715625,5.2591796875000005,24.542,
0,3,,,8.396339416503906,44.1558837890625,1083.935546875,0.0629721875,5.258984375000001,24.576,
0,3,,,8.396339416503906,44.1558837890625,1085.3125000000002,0.0629721875,5.258984375000001,24.61,
0,3,,,8.440017700195312,44.38903808593751,1086.845703125,0.06329968750000001,5.259375,24.644,
0,3,,,8.400344848632812,44.17785644531251,1088.388671875,0.06300156250000001,5.2591796875000005,24.678,
0,3,,,8.400344848632812,44.17785644531251,1089.9316406250002,0.06300156250000001,5.2591796875000005,24.712,
0,3,,,8.38623046875,44.102783203125,1091.2988281250002,0.0628965625,5.258984375000001,24.746,
0,3,,,8.377647399902344,44.06066894531251,1092.8417968750002,0.06283156250000001,5.259375,24.78,
0,3,,,8.377647399902344,44.06066894531251,1094.375,0.06283156250000001,5.259375,24.814,
0,3,,,8.386039733886719,44.1094970703125,1095.91796875,0.0628946875,5.259960937500001,24.848,
0,3,,,8.381080627441406,44.08325195312501,1097.4316406250002,0.0628584375,5.259960937500001,24.882,
0,3,,,8.381080627441406,44.08325195312501,1098.828125,0.0628584375,5.2591796875000005,24.916,
0,3,,,8.400344848632812,44.17785644531251,1100.3710937500002,0.063001875,5.2591796875000005,24.95,
0,3,,,8.389091491699219,44.12109375000001,1101.9140625000002,0.0629178125,5.259375,24.984,
0,3,,,8.389091491699219,44.12109375000001,1103.427734375,0.0629178125,5.259375,25.018,
0,3,,,8.405303955078125,44.20654296875001,1104.8242187500002,0.06303937500000001,5.259375,25.052,
0,3,,,8.412551879882812,44.24438476562501,1106.357421875,0.063093125,5.259375,25.086,
0,3,,,8.412551879882812,44.24438476562501,1107.8906250000002,0.06299937500000001,5.259375,25.12,
0,3,,,8.39996337890625,44.17846679687501,1109.4140625000002,0.06299937500000001,5.259375,25.154,
0,3,,,8.397483825683594,44.16198730468751,1110.810546875,0.062980625,5.258984375000001,25.188,
0,3,,,8.397483825683594,44.16198730468751,1112.3437500000002,0.06277031250000001,5.2595703125,25.222,
0,3,,,8.36944580078125,44.0185546875,1113.8769531250002,0.06277031250000001,5.2595703125,25.256,
0,3,,,8.373260498046875,44.03747558593751,1115.400390625,0.0627996875,5.2591796875000005,25.29,
0,3,,,8.373260498046875,44.03747558593751,1116.9335937500002,0.06288718750000001,5.2595703125,25.324,
0,3,,,8.384895324707031,44.10095214843751,1118.330078125,0.06288718750000001,5.2595703125,25.358,
0,3,,,8.388710021972656,44.12109375000001,1119.873046875,0.06291437500000001,5.2595703125,25.392,
0,3,,,8.388710021972656,44.12109375000001,1121.38671875,0.06285312500000001,5.259375,25.426,
0,3,,,8.380508422851562,44.07531738281251,1122.9199218750002,0.06285312500000001,5.259375,25.46,
0,3,,,8.425140380859375,44.31396484375001,1124.462890625,0.06318875,5.259765625,25.495,
0,3,,,8.423423767089844,44.30358886718751,1125.9960937500002,0.06317500000000001,5.259765625,25.529,
0,3,,,8.423423767089844,44.30358886718751,1127.3828125000002,0.06317500000000001,5.259765625,25.563,
0,3,,,8.388137817382812,44.1131591796875,1128.916015625,0.06291031250000001,5.2591796875000005,25.597,
0,3,,,8.3953857421875,44.15222167968751,1130.4589843750002,0.06296531250000001,5.2591796875000005,25.631,
0,3,,,8.3953857421875,44.15222167968751,1131.9921875,0.06296531250000001,5.2591796875000005,25.665,
0,3,,,8.39385986328125,44.1497802734375,1133.3789062500002,0.062954375,5.259765625,25.699,
0,3,,,8.391571044921875,44.13269042968751,1134.912109375,0.062936875,5.2591796875000005,25.733,
0,3,,,8.391571044921875,44.13269042968751,1136.4453125,0.062936875,5.2591796875000005,25.767,
0,3,,,8.385658264160156,44.10217285156251,1137.98828125,0.0628928125,5.2591796875000005,25.801,
0,3,,,8.392524719238281,44.13940429687501,1139.365234375,0.06294375,5.259375,25.835,
0,3,,,8.392524719238281,44.13940429687501,1140.8984375000002,0.06294375,5.259375,25.869,
0,3,,,8.380317687988281,44.07165527343751,1142.4414062500002,0.0628525,5.258984375000001,25.903,
0,3,,,8.420562744140625,44.28283691406251,1143.974609375,0.06315406250000001,5.258984375000001,25.937,
0,3,,,8.420562744140625,44.28283691406251,1145.3515625000002,0.06315406250000001,5.258984375000001,25.971,
0,3,,,8.431816101074219,44.342041015625,1146.89453125,0.0632378125,5.258984375000001,26.005,
0,3,,,8.388710021972656,44.12353515625001,1148.4277343750002,0.0629153125,5.259960937500001,26.039,
0,3,,,8.388710021972656,44.12353515625001,1149.9707031250002,0.0629153125,5.259960937500001,26.073,
0,3,,,8.403778076171875,44.19921875000001,1151.4843750000002,0.0630284375,5.2595703125,26.107,
0,3,,,8.359146118164062,43.96423339843751,1152.880859375,0.0626928125,5.2595703125,26.141,
0,3,,,8.359146118164062,43.96423339843751,1154.423828125,0.0626928125,5.2595703125,26.175,
0,3,,,8.392715454101562,44.14184570312501,1155.95703125,0.0629446875,5.259765625,26.209,
0,3,,,8.390235900878908,44.12658691406251,1157.48046875,0.06292625,5.259375,26.243,
0,3,,,8.390235900878908,44.12658691406251,1158.8769531250002,0.06292625,5.259375,26.277,
0,3,,,8.381271362304688,44.08081054687501,1160.41015625,0.06285968750000001,5.2595703125,26.311,
0,3,,,8.398056030273438,44.16809082031251,1161.9531250000002,0.062985625,5.259375,26.345,
0,3,,,8.398056030273438,44.16809082031251,1163.4765625,0.062985625,5.259375,26.379,
0,3,,,8.455467224121094,44.46533203125001,1164.8730468750002,0.06341656250000001,5.2587890625,26.413,
0,3,,,8.41503143310547,44.256591796875,1166.416015625,0.0631121875,5.259375,26.447,
0,3,,,8.41503143310547,44.256591796875,1167.9492187500002,0.0631121875,5.259375,26.481,
0,3,,,8.379173278808594,44.06982421875001,1169.4628906250002,0.06284375,5.2595703125,26.516,
0,3,,,8.372879028320312,44.03564453125,1170.9960937500002,0.0627965625,5.259375,26.55,
0,3,,,8.372879028320312,44.03564453125,1172.529296875,0.06289781250000001,5.2591796875000005,26.584,
0,3,,,8.386421203613283,44.10461425781251,1173.9355468750002,0.06289781250000001,5.2591796875000005,26.618,
0,3,,,8.3953857421875,44.15405273437501,1175.44921875,0.062964375,5.259375,26.652,
0,3,,,8.3953857421875,44.15405273437501,1176.9921875000002,0.06280031250000001,5.259375,26.686,
0,3,,,8.373451232910156,44.03808593750001,1178.5253906250002,0.06280031250000001,5.259375,26.72,
0,3,,,8.387184143066406,44.1119384765625,1179.9218750000002,0.0629034375,5.2595703125,26.754,
0,3,,,8.387184143066406,44.1119384765625,1181.4355468750002,0.06309281250000001,5.259375,26.788,
0,3,,,8.412361145019531,44.24316406250001,1182.9785156250002,0.06309281250000001,5.259375,26.822,
0,3,,,8.429718017578125,44.3328857421875,1184.521484375,0.0632221875,5.2591796875000005,26.856,
0,3,,,8.429718017578125,44.3328857421875,1186.0546875000002,0.0631015625,5.259375,26.89,
0,3,,,8.413505554199219,44.24987792968751,1187.4414062500002,0.0631015625,5.259375,26.924,
0,3,,,8.398246765136719,44.17358398437501,1188.974609375,0.0629871875,5.259765625,26.958,
0,3,,,8.398246765136719,44.17358398437501,1190.5175781250002,0.06296718750000001,5.259375,26.991,
0,3,,,8.395576477050781,44.1552734375,1192.05078125,0.06296718750000001,5.259375,27.025,
0,3,,,8.383750915527344,44.0966796875,1193.4375000000002,0.062878125,5.259765625,27.059,
0,3,,,8.397674560546875,44.16564941406251,1194.970703125,0.0629828125,5.259375,27.093,
0,3,,,8.397674560546875,44.16564941406251,1196.5136718750002,0.0629828125,5.259375,27.127,
0,3,,,8.385276794433594,44.10217285156251,1198.046875,0.06288906250000001,5.2595703125,27.161,
0,3,,,8.371162414550783,44.02709960937501,1199.423828125,0.06278375,5.259375,27.195,
0,3,,,8.371162414550783,44.02709960937501,1200.9667968750002,0.06278375,5.259375,27.229,
0,3,,,8.43315124511719,44.3572998046875,1202.5000000000002,0.063248125,5.259960937500001,27.263,
0,3,,,8.447456359863283,44.42810058593751,1204.0429687500002,0.0633559375,5.259375,27.297,
0,3,,,8.447456359863283,44.42810058593751,1205.56640625,0.0633559375,5.259375,27.331,
0,3,,,8.405113220214844,44.20288085937501,1206.9628906250002,0.0630384375,5.258984375000001,27.365,
0,3,,,8.386039733886719,44.102783203125,1208.5058593750002,0.0628959375,5.2591796875000005,27.399,
0,3,,,8.386039733886719,44.102783203125,1210.0390625000002,0.0628959375,5.2591796875000005,27.433,
0,3,,,8.374404907226562,44.04296875,1211.552734375,0.06280843750000001,5.2591796875000005,27.467,
0,3,,,8.3831787109375,44.08935546875001,1212.9492187500002,0.06287406250000001,5.259375,27.501,
0,3,,,8.3831787109375,44.08935546875001,1214.482421875,0.06287406250000001,5.259375,27.536,
0,3,,,8.376121520996094,44.05273437500001,1216.025390625,0.0628203125,5.259375,27.57,
0,3,,,8.397293090820312,44.16442871093751,1217.5390625000002,0.0629790625,5.259375,27.604,
0,3,,,8.397293090820312,44.16442871093751,1219.0820312500002,0.0629790625,5.259375,27.638,
0,3,,,8.392333984375,44.13757324218751,1220.615234375,0.0629428125,5.2591796875000005,27.672,
0,3,,,8.435440063476562,44.368896484375,1222.0214843750002,0.063265,5.259960937500001,27.706,
0,3,,,8.435440063476562,44.368896484375,1223.53515625,0.063265,5.259960937500001,27.74,
0,3,,,8.433341979980469,44.3536376953125,1225.0781250000002,0.06324906250000001,5.259375,27.774,
0,3,,,8.384895324707031,44.09240722656251,1226.6113281250002,0.0628859375,5.25859375,27.808,
0,3,,,8.384895324707031,44.09240722656251,1228.0175781250002,0.0628859375,5.25859375,27.842,
0,3,,,8.383369445800781,44.08813476562501,1229.5312500000002,0.062875,5.258984375000001,27.876,
0,3,,,8.380699157714846,44.07836914062501,1231.0644531250002,0.06285500000000001,5.2595703125,27.91,
0,3,,,8.380699157714846,44.07836914062501,1232.5976562500002,0.06285500000000001,5.2595703125,27.944,
0,3,,,8.386039733886719,44.1094970703125,1234.0039062500002,0.06289531250000001,5.259960937500001,27.978,
0,3,,,8.382034301757812,44.08630371093751,1235.517578125,0.062865,5.2595703125,28.012,
0,3,,,8.382034301757812,44.08630371093751,1237.060546875,0.062865,5.2595703125,28.046,
0,3,,,8.4014892578125,44.1864013671875,1238.5937500000002,0.063010625,5.259375,28.08,
0,3,,,8.3953857421875,44.15283203125001,1240.0000000000002,0.06296562500000001,5.2591796875000005,28.114,
0,3,,,8.3953857421875,44.15283203125001,1241.5136718750002,0.06296562500000001,5.258984375000001,28.148,
0,3,,,8.442497253417969,44.39880371093751,1243.0566406250002,0.06331906250000001,5.258984375000001,28.182,
0,3,,,8.433723449707031,44.35791015625001,1244.58984375,0.06325312500000001,5.2595703125,28.216,
0,3,,,8.433723449707031,44.35791015625001,1246.1328125000002,0.06325312500000001,5.2595703125,28.25,
0,3,,,8.37211608886719,44.03259277343751,1247.509765625,0.062790625,5.2595703125,28.284,
0,3,,,8.381271362304688,44.07836914062501,1249.0429687500002,0.06285906250000001,5.2591796875000005,28.318,
0,3,,,8.381271362304688,44.07836914062501,1250.5859375000002,0.0629553125,5.2591796875000005,28.352,
0,3,,,8.394050598144533,44.14489746093751,1252.119140625,0.0629553125,5.2591796875000005,28.386,
0,3,,,8.3770751953125,44.06005859375001,1253.4960937500002,0.06282750000000001,5.259765625,28.42,
0,3,,,8.3770751953125,44.06005859375001,1255.029296875,0.06281,5.259765625,28.454,
0,3,,,8.374786376953125,44.04785156250001,1256.5722656250002,0.06281,5.259765625,28.488,
0,3,,,8.39500427246094,44.15344238281251,1258.1054687500002,0.06296312500000001,5.259375,28.522,
0,3,,,8.39500427246094,44.15344238281251,1259.482421875,0.06312875000000001,5.259375,28.556,
0,3,,,8.417129516601562,44.26818847656251,1261.0253906250002,0.06312875000000001,5.259375,28.591,
0,3,,,8.42132568359375,44.28894042968751,1262.5683593750002,0.06316000000000001,5.2591796875000005,28.625,
0,3,,,8.42132568359375,44.20654296875001,1264.1015625000002,0.06303875,5.2595703125,28.659,
0,3,,,8.405113220214844,44.20654296875001,1265.625,0.06303875,5.2595703125,28.693,
0,3,,,8.386611938476562,44.10522460937501,1267.1582031250002,0.06289937500000001,5.2591796875000005,28.727,
0,3,,,8.385848999023438,44.10461425781251,1268.5546875,0.06289343750000001,5.2595703125,28.761,
0,3,,,8.385848999023438,44.10461425781251,1270.0878906250002,0.06289343750000001,5.2595703125,28.795,
0,3,,,8.383369445800781,44.08996582031251,1271.611328125,0.06287437500000001,5.259375,28.829,
0,3,,,8.39214324951172,44.13757324218751,1273.14453125,0.062940625,5.259375,28.863,
0,3,,,8.39214324951172,44.13757324218751,1274.5507812500002,0.062940625,5.259375,28.897,
0,3,,,8.393669128417969,44.1436767578125,1276.083984375,0.06295250000000001,5.2591796875000005,28.931,
0,3,,,8.381462097167969,44.08386230468751,1277.6074218750002,0.0628603125,5.259765625,28.965,
0,3,,,8.381462097167969,44.08386230468751,1279.1406250000002,0.0628603125,5.259765625,28.999,
0,3,,,8.439826965332033,44.3878173828125,1280.68359375,0.0632990625,5.259375,29.033,
0,3,,,8.431625366210938,44.34387207031251,1282.0800781250002,0.0632371875,5.2591796875000005,29.067,
0,3,,,8.431625366210938,44.34387207031251,1283.603515625,0.0632371875,5.2591796875000005,29.101,
0,3,,,8.392906188964844,44.1400146484375,1285.1367187500002,0.06294625000000001,5.259375,29.135,
0,3,,,8.375167846679688,44.04663085937501,1286.6699218750002,0.0628140625,5.2591796875000005,29.169,
0,3,,,8.375167846679688,44.04663085937501,1288.0761718750002,0.0628140625,5.2591796875000005,29.203,
0,3,,,8.3953857421875,44.1497802734375,1289.5898437500002,0.06296500000000001,5.2587890625,29.237,
0,3,,,8.387184143066406,44.11254882812501,1291.1230468750002,0.062903125,5.2595703125,29.271,
0,3,,,8.387184143066406,44.11254882812501,1292.6660156250002,0.062903125,5.2595703125,29.305,
0,3,,,8.388519287109375,44.1119384765625,1294.0625000000002,0.062913125,5.2587890625,29.339,
0,3,,,8.403968811035156,44.19982910156251,1295.5859375000002,0.06303,5.259375,29.373,
0,3,,,8.403968811035156,44.19982910156251,1297.119140625,0.06303,5.259375,29.407,
0,3,,,8.374786376953125,44.04663085937501,1298.6621093750002,0.06281062500000001,5.2595703125,29.441,
0,3,,,8.452796936035156,44.45312500000001,1300.205078125,0.06339531250000001,5.2591796875000005,29.475,
0,3,,,8.452796936035156,44.45312500000001,1301.5820312500002,0.06339531250000001,5.2591796875000005,29.509,
0,3,,,8.4259033203125,44.31091308593751,1303.1152343750002,0.0631934375,5.258984375000001,29.543,
0,3,,,8.386993408203125,44.1119384765625,1304.6582031250002,0.062903125,5.2595703125,29.577,
0,3,,,8.386993408203125,44.1119384765625,1306.2011718750002,0.062903125,5.2595703125,29.612,
0,3,,,8.413505554199219,44.25048828125,1307.7246093750002,0.06310125000000001,5.2595703125,29.646,
0,3,,,8.392715454101562,44.13879394531251,1309.2578125000002,0.062945,5.259375,29.68,
0,3,,,8.392715454101562,44.13879394531251,1310.6542968750002,0.062945,5.2591796875000005,29.714,
0,3,,,8.388900756835938,44.1192626953125,1312.1972656250002,0.06291687500000001,5.2591796875000005,29.748,
0,3,,,8.398246765136719,44.17480468750001,1313.720703125,0.0629871875,5.259960937500001,29.782,
0,3,,,8.398246765136719,44.17480468750001,1315.2441406250002,0.062851875,5.259375,29.816,
0,3,,,8.380317687988281,44.07531738281251,1316.650390625,0.062851875,5.259375,29.85,
0,3,,,8.378791809082033,44.06494140625,1318.1835937500002,0.0628409375,5.2591796875000005,29.884,
0,3,,,8.378791809082033,44.06494140625,1319.70703125,0.06329375000000001,5.259375,29.918,
0,3,,,8.439254760742188,44.38354492187501,1321.240234375,0.06329375000000001,5.259375,29.952,
0,3,,,8.414459228515625,44.25231933593751,1322.63671875,0.063108125,5.2591796875000005,29.986,
0,3,,,8.414459228515625,44.25231933593751,1324.1796875,0.06288250000000001,5.259375,30.02,
0,3,,,8.384323120117188,44.0966796875,1325.7031250000002,0.06288250000000001,5.259375,30.054,
0,3,,,8.398056030273438,44.1705322265625,1327.2265625000002,0.062985,5.259765625,30.088,
0,3,,,8.398056030273438,44.1705322265625,1328.76953125,0.06293781250000001,5.25859375,30.122,
0,3,,,8.391761779785156,44.12902832031251,1330.1660156250002,0.06293781250000001,5.25859375,30.156,
0,3,,,8.37974548339844,44.072265625,1331.69921875,0.0628484375,5.259375,30.19,
0,3,,,8.37974548339844,44.072265625,1333.2226562500002,0.0628415625,5.259375,30.223,
0,3,,,8.378982543945312,44.06677246093751,1334.7656250000002,0.0628415625,5.259375,30.257,
0,3,,,8.3984375,44.171142578125,1336.1621093750002,0.06298875000000001,5.259375,30.291,
0,3,,,8.431625366210938,44.34387207031251,1337.6855468750002,0.0632375,5.2591796875000005,30.325,
0,3,,,8.431625366210938,44.34387207031251,1339.2187500000002,0.0632375,5.2591796875000005,30.359,
0,3,,,8.421516418457031,44.28771972656251,1340.7617187500002,0.0631609375,5.258984375000001,30.393,
0,3,,,8.403778076171875,44.19494628906251,1342.1582031250002,0.0630275,5.258984375000001,30.427,
0,3,,,8.403778076171875,44.19494628906251,1343.6816406250002,0.0630275,5.258984375000001,30.461,
0,3,,,8.38737487792969,44.10705566406251,1345.2050781250002,0.062904375,5.2587890625,30.495,
0,3,,,8.392906188964844,44.13940429687501,1346.7480468750002,0.062946875,5.2591796875000005,30.529,
0,3,,,8.392906188964844,44.13940429687501,1348.1542968750002,0.062946875,5.2591796875000005,30.563,
0,3,,,8.396339416503906,44.15771484375,1349.6777343750002,0.0629728125,5.2591796875000005,30.597,
0,3,,,8.402824401855469,44.19250488281251,1351.2109375000002,0.0630209375,5.259375,30.632,
0,3,,,8.402824401855469,44.19250488281251,1352.7539062500002,0.0630209375,5.259375,30.666,
0,3,,,8.390045166015625,44.127197265625,1354.2871093750002,0.06292531250000001,5.2595703125,30.7,
0,3,,,8.370208740234377,44.02404785156251,1355.8105468750002,0.06277656250000001,5.2595703125,30.734,
0,3,,,8.370208740234377,44.02404785156251,1357.1972656250002,0.06277656250000001,5.2595703125,30.768,
0,3,,,8.43048095703125,44.339599609375,1358.7402343750002,0.0632290625,5.259375,30.802,
0,3,,,8.430862426757812,44.3389892578125,1360.2734375,0.0632315625,5.2591796875000005,30.836,
0,3,,,8.430862426757812,44.3389892578125,1361.8066406250002,0.0632315625,5.2591796875000005,30.87,
0,3,,,8.397674560546875,44.16564941406251,1363.193359375,0.06298250000000001,5.259375,30.904,
0,3,,,8.389282226562502,44.124755859375,1364.7363281250002,0.06292,5.2595703125,30.938,
0,3,,,8.389282226562502,44.124755859375,1366.2695312500002,0.06292,5.2595703125,30.972,
0,3,,,8.383750915527344,44.09301757812501,1367.7929687500002,0.06287875000000001,5.259375,31.006,
0,3,,,8.38775634765625,44.11499023437501,1369.3261718750002,0.0629075,5.2595703125,31.04,
0,3,,,8.38775634765625,44.11499023437501,1370.7226562500002,0.0629075,5.2595703125,31.074,
0,3,,,8.385086059570312,44.097900390625,1372.265625,0.0628878125,5.2591796875000005,31.108,
0,3,,,8.391952514648438,44.13574218750001,1373.7890625000002,0.0629390625,5.259375,31.142,
0,3,,,8.391952514648438,44.13574218750001,1375.3125000000002,0.0629390625,5.259375,31.176,
0,3,,,8.382606506347658,44.08691406250001,1376.7187500000002,0.06286968750000001,5.259375,31.21,
0,3,,,8.449172973632812,44.4384765625,1378.2519531250002,0.06336781250000001,5.2595703125,31.244,
0,3,,,8.449172973632812,44.4384765625,1379.78515625,0.06336781250000001,5.2595703125,31.278,
0,3,,,8.416748046875,44.26757812500001,1381.30859375,0.063125625,5.2595703125,31.312,
0,3,,,8.385276794433594,44.09912109375001,1382.8417968750002,0.06288937500000001,5.2591796875000005,31.346,
0,3,,,8.385276794433594,44.09912109375001,1384.2480468750002,0.06288937500000001,5.259375,31.38,
0,3,,,8.398628234863281,44.1717529296875,1385.7714843750002,0.0629903125,5.259375,31.414,
0,3,,,8.381652832031252,44.08325195312501,1387.3046875000002,0.0628628125,5.2595703125,31.448,
0,3,,,8.381652832031252,44.08325195312501,1388.837890625,0.0627846875,5.259375,31.482,
0,3,,,8.371353149414062,44.02709960937501,1390.2441406250002,0.0627846875,5.259375,31.516,
0,3,,,8.407211303710938,44.21936035156251,1391.767578125,0.0630534375,5.259765625,31.55,
0,3,,,8.407211303710938,44.21936035156251,1393.2910156250002,0.06288125,5.259375,31.584,
0,3,,,8.384132385253906,44.0948486328125,1394.8339843750002,0.06288125,5.259375,31.618,
0,3,,,8.389472961425781,44.12170410156251,1396.2304687500002,0.0629203125,5.259375,31.652,
0,3,,,8.389472961425781,44.12170410156251,1397.900390625,0.06328531250000001,5.259375,31.687,
0,3,,,8.4381103515625,44.37805175781251,1399.2773437500002,0.06328531250000001,5.259375,31.721,
0,3,,,8.407974243164062,44.21936035156251,1400.8203125000002,0.06305875000000001,5.259375,31.755,
0,3,,,8.407974243164062,44.21936035156251,1402.3535156250002,0.062860625,5.2591796875000005,31.789,
0,3,,,8.381462097167969,44.0789794921875,1403.8867187500002,0.062860625,5.2591796875000005,31.823,
0,3,,,8.371162414550783,44.02404785156251,1405.2734375,0.06278312500000001,5.2591796875000005,31.857,
0,3,,,8.39996337890625,44.17785644531251,1406.8066406250002,0.06299875,5.259375,31.891,
0,3,,,8.39996337890625,44.17785644531251,1408.349609375,0.06299875,5.259375,31.925,
0,3,,,8.391571044921875,44.13024902343751,1409.8828125000002,0.06293625,5.258984375000001,31.959,
0,3,,,8.38737487792969,44.1119384765625,1411.2695312500002,0.0629046875,5.259375,31.993,
0,3,,,8.38737487792969,44.1119384765625,1412.802734375,0.0629046875,5.259375,32.027,
0,3,,,8.386993408203125,44.1107177734375,1414.3457031250002,0.0629025,5.259375,32.061,
0,3,,,8.415412902832031,44.25598144531251,1415.8691406250002,0.0631146875,5.258984375000001,32.095,
0,3,,,8.415412902832031,44.25598144531251,1417.2558593750002,0.0631146875,5.258984375000001,32.129,
0,3,,,8.4228515625,44.29748535156251,1418.7988281250002,0.06317093750000001,5.2591796875000005,32.163,
0,3,,,8.406829833984375,44.21447753906251,1420.33203125,0.063050625,5.259375,32.197,
0,3,,,8.406829833984375,44.21447753906251,1421.8652343750002,0.063050625,5.259375,32.231,
0,3,,,8.38470458984375,44.0948486328125,1423.3886718750002,0.06288468750000001,5.258984375000001,32.265,
0,3,,,8.378982543945312,44.072265625,1424.7851562500002,0.06284218750000001,5.259960937500001,32.299,
0,3,,,8.378982543945312,44.072265625,1426.3183593750002,0.06284218750000001,5.259960937500001,32.333,
0,3,,,8.38623046875,44.10156250000001,1427.8515625000002,0.0628971875,5.2587890625,32.367,
0,3,,,8.406448364257814,44.2095947265625,1429.3847656250002,0.06304781250000001,5.2591796875000005,32.401,
0,3,,,8.406448364257814,44.2095947265625,1430.7812500000002,0.06304781250000001,5.2591796875000005,32.435,
0,3,,,8.384132385253906,44.0948486328125,1432.3144531250002,0.06288062500000001,5.259375,32.469,
0,3,,,8.372879028320312,44.03564453125,1433.8476562500002,0.062796875,5.259375,32.503,
0,3,,,8.372879028320312,44.03564453125,1435.3710937500002,0.062796875,5.259375,32.537,
0,3,,,8.439064025878906,44.38110351562501,1436.9140625,0.0632921875,5.2591796875000005,32.571,
0,3,,,8.435821533203125,44.3634033203125,1438.3105468750002,0.06326843750000001,5.258984375000001,32.605,
0,3,,,8.435821533203125,44.3634033203125,1439.84375,0.06326843750000001,5.258984375000001,32.639,
0,3,,,8.385848999023438,44.10034179687501,1441.3671875,0.06289375,5.258984375000001,32.673,
0,3,,,8.377647399902344,44.0643310546875,1442.9003906250002,0.0628325,5.259765625,32.708,
0,3,,,8.377647399902344,44.0643310546875,1444.4335937500002,0.0628325,5.259765625,32.742,
0,3,,,8.38451385498047,44.09973144531251,1445.8300781250002,0.06288312500000001,5.259765625,32.776,
0,3,,,8.397483825683594,44.16748046875001,1447.3535156250002,0.062980625,5.259765625,32.81,
0,3,,,8.397483825683594,44.16748046875001,1448.896484375,0.062980625,5.259765625,32.844,
0,3,,,8.392524719238281,44.13940429687501,1450.4296875000002,0.06294375,5.259375,32.878,
0,3,,,8.375740051269531,44.049072265625,1451.81640625,0.0628178125,5.2591796875000005,32.912,
0,3,,,8.375740051269531,44.049072265625,1453.3496093750002,0.0628178125,5.258984375000001,32.946,
0,3,,,8.382415771484375,44.0826416015625,1454.8828125000002,0.0628675,5.258984375000001,32.98,
0,3,,,8.435058593750002,44.3634033203125,1456.4160156250002,0.0632634375,5.259375,33.014,
0,3,,,8.435058593750002,44.3634033203125,1457.9492187500002,0.0632634375,5.2587890625,33.048,
0,3,,,8.42552185058594,44.307861328125,1459.3359375000002,0.06319125,5.2587890625,33.082,
0,3,,,8.389282226562502,44.12292480468751,1460.8789062500002,0.0629203125,5.259375,33.115,
0,3,,,8.389282226562502,44.12292480468751,1462.4121093750002,0.0628140625,5.2591796875000005,33.149,
0,3,,,8.375167846679688,44.04663085937501,1463.9453125000002,0.0628140625,5.2591796875000005,33.183,
0,3,,,8.382225036621094,44.08203125000001,1465.3222656250002,0.0628665625,5.258984375000001,33.217,
0,3,,,8.382225036621094,44.08203125000001,1466.8652343750002,0.062955625,5.2587890625,33.251,
0,3,,,8.394050598144533,44.14184570312501,1468.3984375000002,0.062955625,5.2587890625,33.285,
0,3,,,8.374214172363281,44.04296875,1469.931640625,0.06280687500000001,5.259375,33.319,
0,3,,,8.374214172363281,44.04296875,1471.318359375,0.0628728125,5.258984375000001,33.353,
0,3,,,8.382987976074219,44.08691406250001,1472.8515625,0.0628728125,5.258984375000001,33.387,
0,3,,,8.389282226562502,44.12292480468751,1474.3847656250002,0.06291906250000001,5.2595703125,33.421,
0,3,,,8.389282226562502,44.12292480468751,1475.9179687500002,0.0633625,5.259375,33.455,
0,3,,,8.44841003417969,44.432373046875,1477.44140625,0.0633625,5.259375,33.489,
0,3,,,8.406639099121094,44.21813964843751,1478.8476562500002,0.063049375,5.259960937500001,33.523,
0,3,,,8.406639099121094,44.15100097656251,1480.380859375,0.06295875000000001,5.2595703125,33.557,
0,3,,,8.394432067871094,44.15100097656251,1481.9140625000002,0.06295875000000001,5.2595703125,33.591,
0,3,,,8.389091491699219,44.12048339843751,1483.4375000000002,0.062918125,5.259375,33.625,
0,3,,,8.388328552246096,44.11621093750001,1484.8339843750002,0.062913125,5.2591796875000005,33.659,
0,3,,,8.388328552246096,44.11621093750001,1486.3769531250002,0.062913125,5.2591796875000005,33.693,
0,3,,,8.373641967773438,44.03991699218751,1487.9003906250002,0.06280187500000001,5.259375,33.728,
0,3,,,8.386993408203125,44.10705566406251,1489.423828125,0.0629025,5.258984375000001,33.762,
0,3,,,8.386993408203125,44.10705566406251,1490.966796875,0.0629025,5.258984375000001,33.796,
0,3,,,8.395767211914062,44.1558837890625,1492.5000000000002,0.06296875,5.259375,33.83,
0,3,,,8.414077758789064,44.249267578125,1493.896484375,0.06310500000000001,5.2591796875000005,33.864,
0,3,,,8.414077758789064,44.249267578125,1495.4101562500002,0.06310500000000001,5.2591796875000005,33.898,
0,3,,,8.415603637695312,44.26025390625001,1496.953125,0.0631171875,5.259375,33.932,
0,3,,,8.400535583496094,44.18395996093751,1498.49609375,0.0630046875,5.2595703125,33.966,
0,3,,,8.400535583496094,44.18395996093751,1499.8828125,0.0630046875,5.2595703125,34.0,
0,3,,,8.379364013671875,44.07165527343751,1501.4062500000002,0.06284500000000001,5.2595703125,34.034,
0,3,,,8.402061462402344,44.189453125,1502.9492187500002,0.0630146875,5.259375,34.068,
0,3,,,8.402061462402344,44.189453125,1504.4824218750002,0.0630146875,5.259375,34.102,
0,3,,,8.39214324951172,44.134521484375,1505.8789062500002,0.062940625,5.2591796875000005,34.136,
0,3,,,8.391952514648438,44.13635253906251,1507.4023437500002,0.06294000000000001,5.259375,34.17,
0,3,,,8.391952514648438,44.13635253906251,1508.9453125,0.06294000000000001,5.259375,34.204,
0,3,,,8.397483825683594,44.1650390625,1510.4785156250002,0.062980625,5.259375,34.238,
0,3,,,8.371734619140625,44.02832031250001,1512.0214843750002,0.06278750000000001,5.2591796875000005,34.272,
0,3,,,8.371734619140625,44.02832031250001,1513.3984375000002,0.06278750000000001,5.2591796875000005,34.306,
0,3,,,8.441162109375,44.39147949218751,1514.9316406250002,0.063309375,5.258984375000001,34.34,
0,3,,,8.417320251464844,44.2645263671875,1516.4746093750002,0.06313031250000001,5.2587890625,34.374,
0,3,,,8.417320251464844,44.2645263671875,1518.0078125000002,0.06313031250000001,5.2587890625,34.408,
0,3,,,8.391952514648438,44.13513183593751,1519.3847656250002,0.06293875,5.259375,34.442,
0,3,,,8.38470458984375,44.097900390625,1520.9277343750002,0.062885625,5.259375,34.476,
0,3,,,8.38470458984375,44.097900390625,1522.4609375,0.062885625,5.259375,34.51,
0,3,,,8.3831787109375,44.08813476562501,1523.9941406250002,0.06287375,5.2591796875000005,34.544,
0,3,,,8.399009704589844,44.17236328125001,1525.3808593750002,0.06299312500000001,5.2591796875000005,34.578,
0,3,,,8.399009704589844,44.17236328125001,1526.9140625000002,0.06299312500000001,5.2591796875000005,34.612,
0,3,,,8.374023437500002,44.04052734375001,1528.447265625,0.06280468750000001,5.2591796875000005,34.646,
0,3,,,8.386421203613283,44.10766601562501,1529.990234375,0.062898125,5.259375,34.68,
0,3,,,8.386421203613283,44.10766601562501,1531.376953125,0.062898125,5.2595703125,34.714,
0,3,,,8.402252197265625,44.19189453125001,1532.91015625,0.06301656250000001,5.2595703125,34.748,
0,3,,,8.449363708496096,44.439697265625,1534.4531250000002,0.06337031250000001,5.2595703125,34.783,
0,3,,,8.449363708496096,44.439697265625,1535.9863281250002,0.06312437500000001,5.2591796875000005,34.817,
0,3,,,8.416557312011719,44.2645263671875,1537.509765625,0.06312437500000001,5.2591796875000005,34.851,
0,3,,,8.389663696289062,44.12231445312501,1539.0429687500002,0.062921875,5.2591796875000005,34.885,
0,3,,,8.389663696289062,44.12231445312501,1540.439453125,0.062891875,5.259375,34.919,
0,3,,,8.385658264160156,44.10217285156251,1541.9726562500002,0.062891875,5.259375,34.953,
0,3,,,8.393287658691406,44.1436767578125,1543.4960937500002,0.06294875000000001,5.2595703125,34.987,
0,3,,,8.393287658691406,44.1436767578125,1545.0390625000002,0.06291687500000001,5.2591796875000005,35.021,
0,3,,,8.388900756835938,44.11865234375001,1546.58203125,0.06291687500000001,5.2591796875000005,35.055,
0,3,,,8.395195007324219,44.156494140625,1547.9687500000002,0.06296343750000001,5.259765625,35.089,
0,3,,,8.395195007324219,44.0826416015625,1549.4921875000002,0.0628603125,5.2595703125,35.123,
0,3,,,8.381462097167969,44.0826416015625,1551.025390625,0.0628603125,5.2595703125,35.157,
0,3,,,8.404350280761719,44.2010498046875,1552.5683593750002,0.06303312500000001,5.259375,35.191,
0,3,,,8.420944213867188,44.28771972656251,1553.955078125,0.06315593750000001,5.259375,35.225,
0,3,,,8.420944213867188,44.28771972656251,1555.4785156250002,0.06315593750000001,5.259375,35.259,
0,3,,,8.416366577148438,44.2633056640625,1557.0214843750002,0.06312187500000001,5.259375,35.293,
0,3,,,8.382797241210938,44.08996582031251,1558.5546875,0.06287125,5.2595703125,35.327,
0,3,,,8.382797241210938,44.08996582031251,1559.9511718750002,0.06287125,5.2595703125,35.361,
0,3,,,8.390998840332031,44.12841796875,1561.474609375,0.0629325,5.258984375000001,35.395,
0,3,,,8.38775634765625,44.11254882812501,1563.0175781250002,0.06290843750000001,5.2591796875000005,35.429,
0,3,,,8.38775634765625,44.11254882812501,1564.5507812500002,0.06290843750000001,5.2591796875000005,35.463,
0,3,,,8.396530151367188,44.158935546875,1566.083984375,0.06297375000000001,5.2591796875000005,35.497,
0,3,,,8.379364013671875,44.06799316406251,1567.4707031250002,0.06284500000000001,5.2591796875000005,35.531,
0,3,,,8.379364013671875,44.06799316406251,1569.00390625,0.06284500000000001,5.2591796875000005,35.565,
0,3,,,8.392906188964844,44.140625,1570.5468750000002,0.062946875,5.259375,35.599,
0,3,,,8.416366577148438,44.26025390625001,1572.0800781250002,0.06312218750000001,5.258984375000001,35.633,
0,3,,,8.416366577148438,44.26025390625001,1573.4570312500002,0.06312218750000001,5.258984375000001,35.667,
0,3,,,8.424758911132812,44.307861328125,1575.0000000000002,0.06318562500000001,5.259375,35.701,
0,3,,,8.402061462402344,44.1864013671875,1576.5332031250002,0.063015625,5.258984375000001,35.734,
0,3,,,8.402061462402344,44.1864013671875,1578.0664062500002,0.063015625,5.258984375000001,35.768,
0,3,,,8.379936218261719,44.072265625,1579.4531250000002,0.06284875000000001,5.259375,35.803,
0,3,,,8.397674560546875,44.16992187500001,1580.9863281250002,0.06298250000000001,5.259765625,35.837,
0,3,,,8.397674560546875,44.16992187500001,1582.5292968750002,0.06298250000000001,5.259765625,35.871,
0,3,,,8.390426635742188,44.12780761718751,1584.0625000000002,0.062928125,5.259375,35.905,
0,3,,,8.390045166015625,44.12048339843751,1585.5859375000002,0.0629246875,5.2587890625,35.939,
0,3,,,8.390045166015625,44.12048339843751,1587.119140625,0.0629246875,5.2587890625,35.973,
0,3,,,8.380508422851562,44.07531738281251,1588.5156250000002,0.06285375,5.259375,36.007,
0,3,,,8.398818969726564,44.17541503906251,1590.0585937500002,0.06299062500000001,5.259765625,36.041,
0,3,,,8.398818969726564,44.17541503906251,1591.5722656250002,0.06299062500000001,5.259765625,36.075,
0,3,,,8.42266082763672,44.2950439453125,1593.1152343750002,0.06317,5.2591796875000005,36.109,
0,3,,,8.449172973632812,44.43603515625001,1594.5214843750002,0.0633684375,5.2591796875000005,36.143,
0,3,,,8.449172973632812,44.43603515625001,1596.0546875000002,0.0633684375,5.2591796875000005,36.177,
0,3,,,8.404922485351562,44.2034912109375,1597.578125,0.063036875,5.2591796875000005,36.211,
0,3,,,8.396148681640625,44.16076660156251,1599.12109375,0.0629703125,5.259765625,36.245,
0,3,,,8.396148681640625,44.16076660156251,1600.517578125,0.0629703125,5.259375,36.279,
0,3,,,8.377647399902344,44.06005859375001,1602.05078125,0.06283218750000001,5.259375,36.313,
0,3,,,8.389854431152344,44.12231445312501,1603.5742187500005,0.06292312500000001,5.2591796875000005,36.347,
0,3,,,8.389854431152344,44.12231445312501,1605.107421875,0.062896875,5.258984375000001,36.381,
0,3,,,8.38623046875,44.102783203125,1606.640625,0.062896875,5.258984375000001,36.415,
0,3,,,8.379936218261719,44.072265625,1608.037109375,0.06284875000000001,5.259375,36.449,
0,3,,,8.379936218261719,44.072265625,1609.5605468750002,0.06299906250000001,5.259375,36.483,
0,3,,,8.39996337890625,44.17724609375001,1611.0937500000002,0.06299906250000001,5.259375,36.517,
0,3,,,8.4228515625,44.29687500000001,1612.626953125,0.063171875,5.2591796875000005,36.551,
0,3,,,8.4228515625,44.29687500000001,1614.0234375000002,0.063038125,5.259765625,36.585,
0,3,,,8.405113220214844,44.20837402343751,1615.5468750000002,0.063038125,5.259765625,36.619,
0,3,,,8.38451385498047,44.0966796875,1617.0800781250002,0.0628840625,5.259375,36.653,
0,3,,,8.38451385498047,44.0966796875,1618.6230468750002,0.06284875000000001,5.2595703125,36.687,
0,3,,,8.37974548339844,44.07409667968751,1620.0097656250002,0.06284875000000001,5.2595703125,36.721,
0,3,,,8.382415771484375,44.08447265625001,1621.533203125,0.06286875,5.2591796875000005,36.755,
0,3,,,8.382415771484375,44.13085937500001,1623.076171875,0.06293156250000001,5.259375,36.789,
0,3,,,8.390998840332031,44.13085937500001,1624.6093750000002,0.06293156250000001,5.259375,36.824,
0,3,,,8.394813537597656,44.15283203125001,1626.15234375,0.0629615625,5.2595703125,36.858,
0,3,,,8.388328552246096,44.11560058593751,1627.666015625,0.06291218750000001,5.2591796875000005,36.892,
0,3,,,8.388328552246096,44.11560058593751,1629.072265625,0.06291218750000001,5.2591796875000005,36.926,
0,3,,,8.418464660644531,44.27612304687501,1630.6054687500002,0.06313875000000001,5.259375,36.96,
0,3,,,8.419990539550781,44.27978515625,1632.1386718750005,0.0631503125,5.2587890625,36.994,
0,3,,,8.419990539550781,44.27978515625,1633.6621093750002,0.0631503125,5.2587890625,37.028,
0,3,,,8.402252197265625,44.19006347656251,1635.0585937500002,0.06301625000000001,5.259375,37.062,
0,3,,,8.393669128417969,44.14428710937501,1636.6015625,0.0629521875,5.259375,37.096,
0,3,,,8.393669128417969,44.14428710937501,1638.134765625,0.0629521875,5.259375,37.13,
0,3,,,8.376312255859375,44.0521240234375,1639.6484375,0.062821875,5.2591796875000005,37.164,
0,3,,,8.383941650390625,44.0948486328125,1641.1816406250002,0.062879375,5.2595703125,37.198,
0,3,,,8.383941650390625,44.0948486328125,1642.5878906250002,0.062879375,5.2595703125,37.232,
0,3,,,8.38451385498047,44.10034179687501,1644.12109375,0.0628834375,5.259765625,37.266,
0,3,,,8.383750915527344,44.09118652343751,1645.634765625,0.0628775,5.2591796875000005,37.3,
0,3,,,8.383750915527344,44.09118652343751,1647.1777343750002,0.0628775,5.2591796875000005,37.334,
0,3,,,8.387184143066406,44.110107421875,1648.5742187500002,0.062904375,5.2591796875000005,37.368,
0,3,,,8.411788940429688,44.23889160156251,1650.1074218750002,0.0630878125,5.2591796875000005,37.402,
0,3,,,8.411788940429688,44.23889160156251,1651.6308593750002,0.0630878125,5.2591796875000005,37.436,
0,3,,,8.43658447265625,44.371337890625,1653.1640625000002,0.06327468750000001,5.259375,37.47,
0,3,,,8.383369445800781,44.09240722656251,1654.5605468750002,0.0628753125,5.2595703125,37.504,
0,3,,,8.383369445800781,44.09240722656251,1656.1035156250002,0.0628753125,5.2595703125,37.538,
0,3,,,8.38470458984375,44.09606933593751,1657.6171875,0.062884375,5.2591796875000005,37.572,
0,3,,,8.410453796386719,44.23339843750001,1659.16015625,0.06307875,5.259375,37.606,
0,3,,,8.410453796386719,44.23339843750001,1660.56640625,0.06307875,5.259375,37.64,
0,3,,,8.386611938476562,44.10888671875001,1662.0996093750002,0.06289937500000001,5.2595703125,37.674,
0,3,,,8.379936218261719,44.07287597656251,1663.6132812500002,0.06285,5.259375,37.708,
0,3,,,8.379936218261719,44.07287597656251,1665.1464843750005,0.06285,5.259375,37.742,
0,3,,,8.384895324707031,44.095458984375,1666.6894531250002,0.0628859375,5.258984375000001,37.776,
0,3,,,8.371734619140625,44.02832031250001,1668.0859375000002,0.062788125,5.2591796875000005,37.81,
0,3,,,8.371734619140625,44.02832031250001,1669.599609375,0.062788125,5.2591796875000005,37.843,
0,3,,,8.420372009277344,44.28466796875001,1671.1328125000002,0.0631528125,5.2591796875000005,37.879,
0,3,,,8.409309387207033,44.22607421875,1672.6660156250005,0.06307,5.2591796875000005,37.913,
0,3,,,8.409309387207033,44.22607421875,1674.2089843750002,0.06298875000000001,5.2595703125,37.946,
0,3,,,8.3984375,44.17236328125001,1675.5859375000002,0.06298875000000001,5.2595703125,37.98,
0,3,,,8.383369445800781,44.09057617187501,1677.12890625,0.062875625,5.259375,38.014,
0,3,,,8.383369445800781,44.09057617187501,1678.662109375,0.06284250000000001,5.259765625,38.048,
0,3,,,8.378982543945312,44.07043457031251,1680.205078125,0.06284250000000001,5.259765625,38.082,
0,3,,,8.392333984375,44.1412353515625,1681.71875,0.0629425,5.259765625,38.116,
0,3,,,8.392333984375,44.1412353515625,1683.1152343750002,0.062915625,5.259375,38.15,
0,3,,,8.388710021972656,44.11865234375001,1684.6582031250002,0.062915625,5.259375,38.184,
0,3,,,8.390045166015625,44.1259765625,1686.1914062500002,0.062925625,5.259375,38.218,
0,3,,,8.390045166015625,44.1259765625,1687.7148437500002,0.0629521875,5.2591796875000005,38.252,
0,3,,,8.393669128417969,44.14306640625001,1689.111328125,0.0629521875,5.2591796875000005,38.286,
0,3,,,8.420944213867188,44.28894042968751,1690.6445312500002,0.0631565625,5.259375,38.32,
0,3,,,8.420944213867188,44.28894042968751,1692.1875000000002,0.063181875,5.258984375000001,38.354,
0,3,,,8.42437744140625,44.3023681640625,1693.7011718750002,0.063181875,5.258984375000001,38.388,
0,3,,,8.385276794433594,44.10095214843751,1695.09765625,0.0628896875,5.259375,38.422,
0,3,,,8.37688446044922,44.05883789062501,1696.6308593750002,0.062826875,5.2595703125,38.456,
0,3,,,8.37688446044922,44.05883789062501,1698.173828125,0.062826875,5.2595703125,38.49,
0,3,,,8.38623046875,44.10522460937501,1699.6875,0.0628965625,5.259375,38.524,
0,3,,,8.376312255859375,44.05273437500001,1701.0839843750002,0.0628228125,5.2591796875000005,38.558,
0,3,,,8.376312255859375,44.05273437500001,1702.6269531250002,0.0628228125,5.2591796875000005,38.592,
0,3,,,8.377838134765627,44.0643310546875,1704.1601562500005,0.06283437500000001,5.2595703125,38.626,
0,3,,,8.381271362304688,44.07592773437501,1705.6738281250005,0.06285968750000001,5.258984375000001,38.66,
0,3,,,8.381271362304688,44.07592773437501,1707.20703125,0.06285968750000001,5.258984375000001,38.694,
0,3,,,8.420562744140625,44.28405761718751,1708.6132812500002,0.063154375,5.258984375000001,38.728,
0,3,,,8.419799804687502,44.28405761718751,1710.1464843750002,0.06314875,5.2595703125,38.762,
0,3,,,8.419799804687502,44.28405761718751,1711.6601562500002,0.06314875,5.2595703125,38.796,
0,3,,,8.402824401855469,44.19372558593751,1713.2031250000002,0.06302031250000001,5.259375,38.83,
0,3,,,8.400535583496094,44.18151855468751,1714.6093750000002,0.06300375000000001,5.259375,38.864,
0,3,,,8.400535583496094,44.18151855468751,1716.142578125,0.06300375000000001,5.259375,38.899,
0,3,,,8.380508422851562,44.07531738281251,1717.65625,0.06285343750000001,5.259375,38.933,
0,3,,,8.38737487792969,44.1131591796875,1719.1992187500002,0.0629053125,5.2595703125,38.967,
0,3,,,8.38737487792969,44.1131591796875,1720.732421875,0.0629053125,5.2595703125,39.001,
0,3,,,8.386611938476562,44.1094970703125,1722.2753906250005,0.06289968750000001,5.2595703125,39.035,
0,3,,,8.382606506347658,44.08630371093751,1723.6523437500002,0.062869375,5.259375,39.069,
0,3,,,8.382606506347658,44.08630371093751,1725.1855468750002,0.062869375,5.259375,39.103,
0,3,,,8.378791809082033,44.06677246093751,1726.7187500000002,0.06284062500000001,5.259375,39.137,
0,3,,,8.438682556152344,44.38354492187501,1728.2617187500002,0.06328937500000001,5.2595703125,39.171,
0,3,,,8.438682556152344,44.38354492187501,1729.638671875,0.06328937500000001,5.2595703125,39.205,
0,3,,,8.406829833984375,44.21630859375,1731.1718750000002,0.06305187500000001,5.2595703125,39.239,
0,3,,,8.392906188964844,44.14428710937501,1732.7148437500002,0.062946875,5.259765625,39.273,
0,3,,,8.392906188964844,44.14428710937501,1734.2480468750002,0.062946875,5.259765625,39.307,
0,3,,,8.372306823730469,44.034423828125,1735.625,0.0627925,5.2595703125,39.341,
0,3,,,8.394241333007812,44.15039062500001,1737.1679687500005,0.06295718750000001,5.2595703125,39.375,
0,3,,,8.394241333007812,44.15039062500001,1738.701171875,0.06295718750000001,5.2595703125,39.409,
0,3,,,8.37554931640625,44.04663085937501,1740.234375,0.06281687500000001,5.258984375000001,39.443,
0,3,,,8.390426635742188,44.12841796875,1741.7578125000005,0.0629278125,5.2595703125,39.477,
0,3,,,8.390426635742188,44.12841796875,1743.1542968750002,0.0629278125,5.258984375000001,39.511,
0,3,,,8.399391174316406,44.171142578125,1744.6972656250002,0.06299500000000001,5.258984375000001,39.545,
0,3,,,8.389854431152344,44.1259765625,1746.2304687500002,0.0629240625,5.2595703125,39.579,
0,3,,,8.389854431152344,44.1259765625,1747.7441406250002,0.06313062500000001,5.2587890625,39.613,
0,3,,,8.417510986328125,44.26513671875001,1749.1406250000002,0.06313062500000001,5.2587890625,39.647,
0,3,,,8.423042297363281,44.30053710937501,1750.68359375,0.06317312500000001,5.2595703125,39.681,
0,3,,,8.423042297363281,44.30053710937501,1752.2167968750002,0.06284218750000001,5.258984375000001,39.715,
0,3,,,8.378982543945312,44.06494140625,1753.740234375,0.06284218750000001,5.258984375000001,39.749,
0,3,,,8.390426635742188,44.13269042968751,1755.1367187500002,0.06292750000000001,5.259960937500001,39.783,
0,3,,,8.390426635742188,44.13269042968751,1756.669921875,0.06285,5.259375,39.817,
0,3,,,8.379936218261719,44.073486328125,1758.2128906250002,0.06285,5.259375,39.851,
0,3,,,8.386802673339844,44.10827636718751,1759.7265625000002,0.06290125,5.2591796875000005,39.885,
0,3,,,8.386802673339844,44.10827636718751,1761.259765625,0.0628940625,5.2591796875000005,39.92,
0,3,,,8.385848999023438,44.102783203125,1762.8027343750005,0.0628940625,5.2591796875000005,39.954,
0,3,,,8.38623046875,44.10034179687501,1764.1992187500002,0.0628965625,5.2587890625,39.988,
0,3,,,8.382606506347658,44.0887451171875,1765.7128906250002,0.06286968750000001,5.2595703125,40.022,
0,3,,,8.382606506347658,44.0887451171875,1767.255859375,0.06286968750000001,5.2595703125,40.056,
0,3,,,8.43791961669922,44.37927246093751,1768.7890625000002,0.06328375,5.2595703125,40.09,
0,3,,,8.408164978027344,44.22241210937501,1770.185546875,0.0630615625,5.2595703125,40.124,
0,3,,,8.408164978027344,44.22241210937501,1771.708984375,0.0630615625,5.2595703125,40.158,
0,3,,,8.386039733886719,44.10461425781251,1773.2421875000002,0.06289562500000001,5.259375,40.192,
0,3,,,8.379364013671875,44.07043457031251,1774.7753906250002,0.062845625,5.259375,40.226,
0,3,,,8.379364013671875,44.07043457031251,1776.318359375,0.062845625,5.259375,40.26,
0,3,,,8.397293090820312,44.15832519531251,1777.6953125000005,0.062979375,5.2587890625,40.294,
0,3,,,8.382034301757812,44.08386230468751,1779.228515625,0.06286562500000001,5.259375,40.328,
0,3,,,8.382034301757812,44.08386230468751,1780.7714843750002,0.06286562500000001,5.259375,40.362,
0,3,,,8.397674560546875,44.1650390625,1782.3144531250002,0.0629828125,5.2591796875000005,40.396,
0,3,,,8.401870727539062,44.18884277343751,1783.69140625,0.06301375000000001,5.259375,40.429,
0,3,,,8.401870727539062,44.18884277343751,1785.234375,0.06301375000000001,5.259375,40.463,
0,3,,,8.423995971679688,44.30419921875001,1786.767578125,0.06317937500000001,5.259375,40.497,
0,3,,,8.419036865234375,44.27734375,1788.310546875,0.0631428125,5.2591796875000005,40.531,
0,3,,,8.419036865234375,44.27734375,1789.6875000000002,0.0631428125,5.2591796875000005,40.565,
0,3,,,8.400344848632812,44.17663574218751,1791.2207031250002,0.063001875,5.258984375000001,40.599,
0,3,,,8.391380310058594,44.13085937500001,1792.7636718750002,0.0629346875,5.2591796875000005,40.634,
0,3,,,8.391380310058594,44.13085937500001,1794.2968750000005,0.0629346875,5.2591796875000005,40.667,
0,3,,,8.38451385498047,44.09729003906251,1795.8203125,0.062884375,5.259375,40.701,
0,3,,,8.385086059570312,44.09973144531251,1797.2167968750002,0.0628878125,5.259375,40.735,
0,3,,,8.385086059570312,44.09973144531251,1798.75,0.0628878125,5.259375,40.769,
0,3,,,8.375930786132814,44.05273437500001,1800.29296875,0.06281937500000001,5.259375,40.803,
0,3,,,8.391571044921875,44.13513183593751,1801.8164062500005,0.06293593750000001,5.2595703125,40.837,
0,3,,,8.391571044921875,44.13513183593751,1803.203125,0.06293593750000001,5.2595703125,40.871,
0,3,,,8.383750915527344,44.09118652343751,1804.7460937500005,0.0628775,5.2591796875000005,40.905,
0,3,,,8.416557312011719,44.2645263671875,1806.279296875,0.06312437500000001,5.2591796875000005,40.939,
0,3,,,8.416557312011719,44.2645263671875,1807.8027343750002,0.06312437500000001,5.2591796875000005,40.974,
0,3,,,8.438491821289062,44.37805175781251,1809.3359375000002,0.063288125,5.258984375000001,41.008,
0,3,,,8.395767211914062,44.156494140625,1810.869140625,0.06296875,5.259375,41.042,
0,3,,,8.395767211914062,44.156494140625,1812.2753906250002,0.06296875,5.2591796875000005,41.076,
0,3,,,8.387184143066406,44.110107421875,1813.798828125,0.06290406250000001,5.2591796875000005,41.11,
0,3,,,8.37860107421875,44.066162109375,1815.3222656250002,0.062839375,5.259375,41.144,
0,3,,,8.37860107421875,44.066162109375,1816.8554687500002,0.062836875,5.259375,41.178,
0,3,,,8.378219604492188,44.0643310546875,1818.26171875,0.062836875,5.259375,41.212,
0,3,,,8.376121520996094,44.05334472656251,1819.7851562500002,0.0628203125,5.259375,41.246,
0,3,,,8.376121520996094,44.05334472656251,1821.318359375,0.063031875,5.2591796875000005,41.28,
0,3,,,8.404350280761719,44.19921875000001,1822.8515625000002,0.063031875,5.2591796875000005,41.314,
0,3,,,8.377456665039062,44.06250000000001,1824.248046875,0.06283000000000001,5.259765625,41.348,
0,3,,,8.377456665039062,44.06250000000001,1825.7714843750002,0.0632546875,5.259375,41.382,
0,3,,,8.433914184570312,44.35668945312501,1827.3046875000002,0.0632546875,5.259375,41.416,
0,3,,,8.435630798339844,44.36767578125001,1828.8476562500002,0.0632675,5.2595703125,41.45,
0,3,,,8.435630798339844,44.36767578125001,1830.244140625,0.06288718750000001,5.259375,41.484,
0,3,,,8.384895324707031,44.09912109375001,1831.767578125,0.06288718750000001,5.259375,41.518,
0,3,,,8.387565612792969,44.11376953125001,1833.3007812500002,0.06290625000000001,5.2595703125,41.552,
0,3,,,8.387565612792969,44.11376953125001,1834.84375,0.062976875,5.259765625,41.586,
0,3,,,8.396911621093752,44.16564941406251,1836.376953125,0.062976875,5.259765625,41.62,
0,3,,,8.391380310058594,44.127197265625,1837.7636718750002,0.062935,5.2587890625,41.654,
0,3,,,8.391380310058594,44.16992187500001,1839.2968750000002,0.0629875,5.259375,41.688,
0,3,,,8.3984375,44.16992187500001,1840.8300781250002,0.0629875,5.259375,41.722,
0,3,,,8.382225036621094,44.08569335937501,1842.3730468750002,0.06286625,5.2595703125,41.756,
0,3,,,8.3984375,44.171142578125,1843.75,0.0629875,5.2595703125,41.79,
0,3,,,8.3984375,44.171142578125,1845.29296875,0.0629875,5.2595703125,41.824,
0,3,,,8.434486389160156,44.35913085937501,1846.826171875,0.06325781250000001,5.259375,41.858,
0,3,,,8.423805236816406,44.3023681640625,1848.369140625,0.06317906250000001,5.2591796875000005,41.892,
0,3,,,8.423805236816406,44.3023681640625,1849.7460937500002,0.06317906250000001,5.2591796875000005,41.926,
0,3,,,8.366584777832031,43.99902343750001,1851.2792968750002,0.06274937500000001,5.258984375000001,41.96,
0,3,,,8.370018005371094,44.0216064453125,1852.8125,0.06277468750000001,5.2595703125,41.995,
0,3,,,8.370018005371094,44.0216064453125,1854.3457031250002,0.06277468750000001,5.2595703125,42.029,
0,3,,,8.377265930175781,44.05639648437501,1855.8691406250002,0.0628290625,5.2591796875000005,42.063,
0,3,,,8.382797241210938,44.08813476562501,1857.40234375,0.0628709375,5.259375,42.097,
0,3,,,8.382797241210938,44.08813476562501,1858.7988281250002,0.0628709375,5.259375,42.131,
0,3,,,8.360671997070314,43.97216796875,1860.33203125,0.062704375,5.2595703125,42.165,
0,3,,,8.403778076171875,44.2010498046875,1861.8652343750002,0.063028125,5.259765625,42.199,
0,3,,,8.403778076171875,44.2010498046875,1863.3886718750005,0.063028125,5.259765625,42.233,
0,3,,,8.419799804687502,44.28466796875001,1864.7851562500002,0.06314875,5.2595703125,42.267,
0,3,,,8.422470092773438,44.28894042968751,1866.3281250000002,0.0631678125,5.25859375,42.301,
0,3,,,8.422470092773438,44.28894042968751,1867.8515625,0.0631678125,5.25859375,42.335,
0,3,,,8.386039733886719,44.10583496093751,1869.3750000000002,0.06289562500000001,5.259375,42.369,
0,3,,,8.383941650390625,44.09240722656251,1870.9179687500002,0.062879375,5.2591796875000005,42.403,
0,3,,,8.383941650390625,44.09240722656251,1872.314453125,0.062879375,5.2591796875000005,42.437,
0,3,,,8.387947082519531,44.11499023437501,1873.8378906250005,0.0629090625,5.259375,42.471,
0,3,,,8.381080627441406,44.0814208984375,1875.37109375,0.0628578125,5.259765625,42.505,
0,3,,,8.381080627441406,44.0814208984375,1876.904296875,0.0628578125,5.259765625,42.539,
0,3,,,8.39385986328125,44.14733886718751,1878.30078125,0.062953125,5.2595703125,42.573,
0,3,,,8.367919921875,44.01184082031251,1879.8242187500002,0.06275968750000001,5.2595703125,42.607,
0,3,,,8.367919921875,44.01184082031251,1881.3574218750002,0.06275968750000001,5.2595703125,42.641,
0,3,,,8.380508422851562,44.07592773437501,1882.890625,0.06285312500000001,5.259375,42.675,
0,3,,,8.432579040527344,44.34753417968751,1884.2968750000002,0.0632440625,5.2591796875000005,42.709,
0,3,,,8.432579040527344,44.34753417968751,1885.8203125,0.0632440625,5.2591796875000005,42.743,
0,3,,,8.424568176269533,44.30541992187501,1887.3437500000002,0.06318343750000001,5.2591796875000005,42.777,
0,3,,,8.380126953125,44.07653808593751,1888.8769531250002,0.06285125000000001,5.259765625,42.811,
0,3,,,8.380126953125,44.07653808593751,1890.4199218750002,0.06285125000000001,5.259765625,42.845,
0,3,,,8.383560180664064,44.09606933593751,1891.8066406250002,0.0628771875,5.259765625,42.879,
0,3,,,8.388519287109375,44.11865234375001,1893.3300781250002,0.06291375,5.2595703125,42.912,
0,3,,,8.388519287109375,44.11865234375001,1894.8730468750002,0.06298656250000001,5.259765625,42.946,
0,3,,,8.398246765136719,44.1729736328125,1896.416015625,0.06298656250000001,5.259765625,42.98,
0,3,,,8.400726318359377,44.17846679687501,1897.8027343750002,0.06300531250000001,5.258984375000001,43.015,
0,3,,,8.400726318359377,44.17846679687501,1899.3261718750002,0.06281625,5.2591796875000005,43.05,
0,3,,,8.37554931640625,44.04785156250001,1900.8691406250002,0.06281625,5.2591796875000005,43.084,
0,3,,,8.388900756835938,44.1180419921875,1902.4023437500005,0.06291656250000001,5.2591796875000005,43.118,
0,3,,,8.388900756835938,44.1180419921875,1903.9453125000002,0.06346562500000001,5.259765625,43.152,
0,3,,,8.462142944335938,44.50805664062501,1905.46875,0.06346562500000001,5.259765625,43.186,
0,3,,,8.435058593750002,44.3634033203125,1906.8750000000002,0.0632625,5.259375,43.22,
0,3,,,8.386421203613283,44.10644531250001,1908.4082031250002,0.06289750000000001,5.259375,43.254,
0,3,,,8.386421203613283,44.10644531250001,1909.94140625,0.06289750000000001,5.259375,43.288,
0,3,,,8.391380310058594,44.13269042968751,1911.4648437500002,0.0629353125,5.259375,43.322,
0,3,,,8.37974548339844,44.07165527343751,1912.8613281250002,0.0628475,5.259375,43.355,
0,3,,,8.37974548339844,44.07165527343751,1914.4042968750002,0.0628475,5.259375,43.389,
0,3,,,8.3831787109375,44.09057617187501,1915.9277343750002,0.06287375,5.259375,43.423,
0,3,,,8.385848999023438,44.10461425781251,1917.4511718750002,0.06289343750000001,5.2595703125,43.457,
0,3,,,8.385848999023438,44.10461425781251,1918.84765625,0.06289343750000001,5.2595703125,43.491,
0,3,,,8.388519287109375,44.11865234375001,1920.3906250000005,0.06291375,5.259375,43.525,
0,3,,,8.381271362304688,44.07836914062501,1921.9140625000002,0.06286,5.2591796875000005,43.559,
0,3,,,8.381271362304688,44.07836914062501,1923.4375000000002,0.06286,5.2591796875000005,43.593,
0,3,,,8.436775207519531,44.37194824218751,1924.970703125,0.06327625,5.259375,43.627,
0,3,,,8.404731750488281,44.2010498046875,1926.3769531250005,0.06303531250000001,5.2591796875000005,43.661,
0,3,,,8.404731750488281,44.2010498046875,1927.900390625,0.06303531250000001,5.2591796875000005,43.695,
0,3,,,8.387184143066406,44.1119384765625,1929.4335937500002,0.06290406250000001,5.259375,43.729,
0,3,,,8.387565612792969,44.11254882812501,1930.9667968750005,0.06290593750000001,5.259375,43.763,
0,3,,,8.387565612792969,44.11254882812501,1932.373046875,0.06290593750000001,5.259375,43.797,
0,3,,,8.400154113769531,44.17968750000001,1933.8964843750005,0.06300156250000001,5.259375,43.831,
0,3,,,8.387184143066406,44.11132812500001,1935.4296875000002,0.06290375000000001,5.259375,43.865,
0,3,,,8.387184143066406,44.11132812500001,1936.962890625,0.06290375000000001,5.259375,43.899,
0,3,,,8.384323120117188,44.09301757812501,1938.3691406250002,0.06288250000000001,5.258984375000001,43.933,
0,3,,,8.38451385498047,44.09729003906251,1939.8828125000002,0.06288375,5.259375,43.967,
0,3,,,8.38451385498047,44.09729003906251,1941.4160156250002,0.06288375,5.259375,44.001,
0,3,,,8.434867858886719,44.36035156250001,1942.9589843750002,0.0632609375,5.2591796875000005,44.035,
0,3,,,8.43315124511719,44.34997558593751,1944.501953125,0.0632484375,5.258984375000001,44.07,
0,3,,,8.43315124511719,44.34997558593751,1946.0351562500002,0.0632484375,5.258984375000001,44.104,
0,3,,,8.399200439453125,44.17480468750001,1947.412109375,0.062994375,5.259375,44.138,
0,3,,,8.37860107421875,44.06555175781251,1948.9453125000002,0.062839375,5.259375,44.172,
0,3,,,8.37860107421875,44.06555175781251,1950.4882812500002,0.062839375,5.259375,44.206,
0,3,,,8.399391174316406,44.17480468750001,1952.0214843750002,0.06299531250000001,5.259375,44.24,
0,3,,,8.383560180664064,44.09423828125,1953.4082031250002,0.0628771875,5.2595703125,44.274,
0,3,,,8.383560180664064,44.09423828125,1954.9511718750002,0.0628771875,5.259375,44.308,
0,3,,,8.40263366699219,44.19250488281251,1956.4843750000002,0.06302,5.259375,44.342,
0,3,,,8.381843566894531,44.08569335937501,1958.0175781250002,0.06286343750000001,5.259765625,44.376,
0,3,,,8.381843566894531,44.08569335937501,1959.5410156250002,0.06286343750000001,5.2591796875000005,44.41,
0,3,,,8.396720886230469,44.15954589843751,1960.9375,0.06297593750000001,5.2591796875000005,44.444,
0,3,,,8.412933349609375,44.24438476562501,1962.4804687500005,0.06309625,5.2591796875000005,44.478,
0,3,,,8.412933349609375,44.24438476562501,1964.0039062500002,0.06315812500000001,5.2591796875000005,44.512,
0,3,,,8.421134948730469,44.28771972656251,1965.52734375,0.06315812500000001,5.2591796875000005,44.546,
0,3,,,8.385467529296877,44.102783203125,1966.9238281250002,0.06289125000000001,5.259375,44.58,
0,3,,,8.385467529296877,44.102783203125,1968.4667968750002,0.0628840625,5.2587890625,44.614,
0,3,,,8.38451385498047,44.09240722656251,1969.9902343750002,0.0628840625,5.2587890625,44.648,
0,3,,,8.381843566894531,44.08386230468751,1971.5136718750005,0.06286406250000001,5.259375,44.682,
0,3,,,8.381843566894531,44.08386230468751,1972.9199218750002,0.06293625,5.2587890625,44.716,
0,3,,,8.391571044921875,44.12902832031251,1974.4531250000002,0.06293625,5.2587890625,44.75,
0,3,,,8.386802673339844,44.10827636718751,1975.9863281250002,0.06290125,5.259375,44.784,
0,3,,,8.386802673339844,44.10827636718751,1977.5097656250002,0.0628759375,5.259375,44.818,
0,3,,,8.383369445800781,44.09118652343751,1978.90625,0.0628759375,5.259375,44.852,
0,3,,,8.394241333007812,44.1485595703125,1980.4492187500005,0.06295656250000001,5.259375,44.886,
0,3,,,8.394241333007812,44.42871093750001,1981.9824218750002,0.063364375,5.2587890625,44.92,
0,3,,,8.448600769042969,44.42871093750001,1983.4960937500002,0.063364375,5.2587890625,44.954,
0,3,,,8.405113220214844,44.20532226562501,1985.0390625000002,0.0630378125,5.259375,44.988,
0,3,,,8.378219604492188,44.06250000000001,1986.4355468750005,0.06283593750000001,5.259375,45.022,
0,3,,,8.378219604492188,44.06250000000001,1987.9687500000002,0.06283593750000001,5.259375,45.056,
0,3,,,8.390426635742188,44.13024902343751,1989.4921875000002,0.06292875,5.2595703125,45.091,
0,3,,,8.382225036621094,44.08508300781251,1991.0253906250005,0.062866875,5.259375,45.125,
0,3,,,8.382225036621094,44.08508300781251,1992.5683593750002,0.062866875,5.259375,45.159,
0,3,,,8.390045166015625,44.1259765625,1994.1015625000002,0.0629246875,5.259375,45.193,
0,3,,,8.393669128417969,44.14428710937501,1995.4785156250002,0.06295281250000001,5.2591796875000005,45.227,
0,3,,,8.393669128417969,44.14428710937501,1997.021484375,0.06295281250000001,5.2591796875000005,45.261,
0,3,,,8.389091491699219,44.12048339843751,1998.5546875000002,0.062918125,5.259375,45.295,
0,4,,,6.473922729492188,34.06982421875,0.6640625000000001,0.048554687500000006,5.2626953125,0.027,
0,4,,,6.642723083496095,34.95605468750001,1.8652343750000002,0.049820312500000005,5.2623046875,0.061,
0,4,,,6.642723083496095,34.95605468750001,3.0859375,0.050086250000000006,5.2621093750000005,0.095,
0,4,,,6.678199768066406,35.1409912109375,4.1796875,0.050086250000000006,5.2621093750000005,0.129,
0,4,,,6.594657897949219,34.703369140625,5.400390625000001,0.049460625,5.2623046875,0.163,
0,4,,,6.594657897949219,34.703369140625,6.591796875,0.049272812500000006,5.2625,0.197,
0,4,,,6.569671630859375,34.57275390625,7.8125,0.049272812500000006,5.2625,0.231,
0,4,,,6.653976440429688,35.0189208984375,9.00390625,0.04990531250000001,5.262890625000001,0.265,
0,4,,,6.653976440429688,35.0189208984375,10.117187500000002,0.049816250000000006,5.261914062500001,0.299,
0,4,,,6.64215087890625,34.9505615234375,11.318359375000002,0.049816250000000006,5.261914062500001,0.333,
0,4,,,6.636238098144531,34.92187500000001,12.548828125000002,0.049771562500000005,5.2623046875,0.367,
0,4,,,6.636238098144531,34.92187500000001,13.750000000000002,0.0497265625,5.2625,0.401,
0,4,,,6.630134582519532,34.89135742187501,14.863281250000002,0.0497265625,5.2625,0.435,
0,4,,,6.665992736816406,35.07568359375001,16.074218750000004,0.04999531250000001,5.261914062500001,0.469,
0,4,,,6.665992736816406,35.03479003906251,17.294921875000004,0.049931562500000005,5.2625,0.503,
0,4,,,6.657600402832031,35.03479003906251,18.49609375,0.049931562500000005,5.2625,0.537,
0,4,,,6.588935852050781,34.67102050781251,19.707031250000004,0.049416562500000004,5.2621093750000005,0.571,
0,4,,,6.6051483154296875,34.76074218750001,20.80078125,0.0495390625,5.2626953125,0.605,
0,4,,,6.6051483154296875,34.76074218750001,22.011718750000004,0.0495390625,5.2626953125,0.639,
0,4,,,6.628990173339844,34.88281250000001,23.212890625000004,0.0497171875,5.2623046875,0.673,
0,4,,,6.65435791015625,35.0177001953125,24.433593750000004,0.049907187500000005,5.2625,0.707,
0,4,,,6.65435791015625,35.0177001953125,25.527343750000004,0.049907187500000005,5.2625,0.741,
0,4,,,6.5677642822265625,34.5599365234375,26.748046875000004,0.0492575,5.2621093750000005,0.775,
0,4,,,6.632995605468751,34.9029541015625,27.939453125000004,0.049747187500000005,5.2621093750000005,0.81,
0,4,,,6.632995605468751,34.9029541015625,29.160156250000004,0.049747187500000005,5.2621093750000005,0.844,
0,4,,,6.65283203125,35.00732421875001,30.361328125000004,0.04989625,5.2621093750000005,0.878,
0,4,,,6.657218933105469,35.032958984375,31.591796875,0.0499290625,5.2625,0.912,
0,4,,,6.657218933105469,35.032958984375,32.67578125,0.0499290625,5.2625,0.946,
0,4,,,6.565475463867188,34.552001953125,33.90625000000001,0.0492403125,5.2626953125,0.98,
0,4,,,6.667327880859376,35.08544921875,35.107421875,0.050004375000000004,5.2625,1.014,
0,4,,,6.667327880859376,35.08544921875,36.31835937500001,0.050004375000000004,5.2625,1.048,
0,4,,,6.622314453125,34.85046386718751,37.40234375000001,0.049666875000000006,5.2626953125,1.082,
0,4,,,6.655883789062501,35.0238037109375,38.6328125,0.049919687500000004,5.2621093750000005,1.116,
0,4,,,6.655883789062501,35.0238037109375,39.83398437500001,0.049919687500000004,5.2621093750000005,1.15,
0,4,,,6.5677642822265625,34.56237792968751,41.044921875,0.04925812500000001,5.2625,1.184,
0,4,,,6.623077392578125,34.85412597656251,42.13867187500001,0.04967343750000001,5.2625,1.218,
0,4,,,6.623077392578125,34.85412597656251,43.35937500000001,0.04967343750000001,5.2625,1.252,
0,4,,,6.681823730468751,35.15808105468751,44.560546875,0.0501134375,5.26171875,1.286,
0,4,,,6.657028198242188,35.03356933593751,45.79101562500001,0.0499278125,5.2626953125,1.32,
0,4,,,6.657028198242188,35.03356933593751,46.99218750000001,0.0499278125,5.2626953125,1.354,
0,4,,,6.579399108886719,34.62524414062501,48.10546875000001,0.049345937500000006,5.2626953125,1.388,
0,4,,,6.669807434082031,35.09765625000001,49.30664062500001,0.050023750000000006,5.2621093750000005,1.422,
0,4,,,6.669807434082031,35.09765625000001,50.52734375,0.050023750000000006,5.2621093750000005,1.456,
0,4,,,6.646347045898438,34.97558593750001,51.72851562500001,0.0498471875,5.2625,1.49,
0,4,,,6.634521484375,34.91333007812501,52.94921875000001,0.049758750000000004,5.2625,1.524,
0,4,,,6.634521484375,34.91333007812501,54.04296875,0.049758750000000004,5.2625,1.558,
0,4,,,6.588935852050781,34.6746826171875,55.263671875,0.0494175,5.2625,1.592,
0,4,,,6.645011901855469,34.96643066406251,56.455078125,0.049838125000000004,5.2621093750000005,1.626,
0,4,,,6.645011901855469,34.96643066406251,57.68554687500001,0.049898750000000006,5.262890625000001,1.661,
0,4,,,6.653213500976563,35.01464843750001,58.876953125,0.049898750000000006,5.262890625000001,1.695,
0,4,,,6.600189208984375,34.73205566406251,59.99023437500001,0.049501562500000006,5.2623046875,1.729,
0,4,,,6.600189208984375,34.73205566406251,61.19140625000001,0.049488750000000005,5.2626953125,1.763,
0,4,,,6.598472595214844,34.725341796875,62.41210937500001,0.049488750000000005,5.2626953125,1.797,
0,4,,,6.63890838623047,34.932861328125,63.60351562500001,0.04979125,5.261914062500001,1.831,
0,4,,,6.63890838623047,34.932861328125,64.83398437500001,0.05000062500000001,5.2623046875,1.866,
0,4,,,6.666755676269531,35.08239746093751,65.91796875,0.05000062500000001,5.2623046875,1.9,
0,4,,,6.591224670410157,34.68688964843751,67.138671875,0.049434687500000005,5.2625,1.934,
0,4,,,6.591224670410157,34.93713378906251,68.34960937500001,0.049794375,5.2623046875,1.968,
0,4,,,6.639289855957031,34.93713378906251,69.57031250000001,0.049794375,5.2623046875,2.002,
0,4,,,6.659698486328126,35.04760742187501,70.77148437500001,0.049947500000000006,5.2626953125,2.036,
0,4,,,6.6516876220703125,35.003662109375,71.884765625,0.0498875,5.2625,2.07,
0,4,,,6.6516876220703125,35.003662109375,73.08593750000001,0.0498875,5.2625,2.104,
0,4,,,6.621742248535157,34.84375,74.30664062500001,0.049662500000000005,5.2621093750000005,2.138,
0,4,,,6.609916687011719,34.78332519531251,75.50781250000001,0.049574375000000004,5.2623046875,2.172,
0,4,,,6.609916687011719,34.78332519531251,76.611328125,0.049574375000000004,5.2623046875,2.206,
0,4,,,6.648826599121094,34.98779296875001,77.82226562500001,0.04986625,5.2623046875,2.24,
0,4,,,6.668853759765625,35.093994140625,79.04296875000001,0.050016250000000005,5.2623046875,2.274,
0,4,,,6.668853759765625,35.093994140625,80.24414062500001,0.050016250000000005,5.2623046875,2.308,
0,4,,,6.561470031738282,34.53308105468751,81.34765625000001,0.049211250000000005,5.2630859375000005,2.342,
0,4,,,6.621360778808594,34.84924316406251,82.54882812500001,0.04966,5.26328125,2.375,
0,4,,,6.621360778808594,34.84924316406251,83.76953125000001,0.04966,5.26328125,2.409,
0,4,,,6.665229797363281,35.0738525390625,84.970703125,0.049989375,5.2623046875,2.443,
0,4,,,6.6333770751953125,34.90722656250001,86.19140625,0.0497509375,5.2623046875,2.477,
0,4,,,6.6333770751953125,34.90722656250001,87.28515625000001,0.0497509375,5.2623046875,2.511,
0,4,,,6.62689208984375,34.8712158203125,88.51562500000001,0.049701562500000004,5.2621093750000005,2.545,
0,4,,,6.628417968750001,34.8779296875,89.70703125000001,0.0497128125,5.261914062500001,2.579,
0,4,,,6.628417968750001,34.8779296875,90.9375,0.0497128125,5.261914062500001,2.613,
0,4,,,6.639862060546876,34.94140625,92.02148437500001,0.04979937500000001,5.2623046875,2.647,
0,4,,,6.653976440429688,35.0189208984375,93.24218750000001,0.049904375,5.262890625000001,2.681,
0,4,,,6.653976440429688,35.0189208984375,94.43359375,0.049904375,5.262890625000001,2.715,
0,4,,,6.555747985839845,34.4970703125,95.654296875,0.049168750000000004,5.2621093750000005,2.749,
0,4,,,6.6497802734375,34.98962402343751,96.74804687500001,0.0498728125,5.261914062500001,2.783,
0,4,,,6.6497802734375,34.98962402343751,97.96875000000001,0.0498728125,5.261914062500001,2.817,
0,4,,,6.645774841308594,34.970703125,99.16992187500001,0.049843750000000006,5.2621093750000005,2.851,
0,4,,,6.6783905029296875,35.14282226562501,100.40039062500001,0.050088437500000006,5.2621093750000005,2.885,
0,4,,,6.6783905029296875,35.14282226562501,101.60156250000001,0.050088437500000006,5.2621093750000005,2.92,
0,4,,,6.5631866455078125,34.54040527343751,102.70507812500001,0.049223125000000006,5.262890625000001,2.954,
0,4,,,6.62384033203125,34.8590087890625,103.90625,0.049678437500000006,5.2626953125,2.988,
0,4,,,6.62384033203125,34.8590087890625,105.126953125,0.049678437500000006,5.2626953125,3.022,
0,4,,,6.652641296386719,35.00732421875001,106.328125,0.049895,5.2621093750000005,3.056,
0,4,,,6.648445129394532,34.98901367187501,107.548828125,0.049863750000000005,5.2626953125,3.09,
0,4,,,6.648445129394532,34.98901367187501,108.642578125,0.049863750000000005,5.2626953125,3.124,
0,4,,,6.57806396484375,34.61791992187501,109.86328125,0.0493346875,5.2626953125,3.158,
0,4,,,6.6375732421875,34.92858886718751,111.05468750000001,0.049782187500000005,5.2623046875,3.192,
0,4,,,6.6375732421875,34.92858886718751,112.27539062500001,0.049751562500000006,5.2621093750000005,3.226,
0,4,,,6.633567810058594,34.90661621093751,113.359375,0.049751562500000006,5.2621093750000005,3.26,
0,4,,,6.6471099853515625,34.97558593750001,114.58984375000001,0.0498528125,5.261914062500001,3.294,
0,4,,,6.6471099853515625,34.97558593750001,115.78125000000001,0.049130625000000004,5.2625,3.328,
0,4,,,6.550788879394531,34.47265625000001,117.00195312500001,0.049130625000000004,5.2625,3.362,
0,4,,,6.658172607421875,35.03723144531251,118.095703125,0.049936875000000006,5.2623046875,3.396,
0,4,,,6.658172607421875,35.03723144531251,119.31640625,0.049868125000000006,5.2630859375000005,3.43,
0,4,,,6.649017333984375,34.9945068359375,120.5078125,0.049868125000000006,5.2630859375000005,3.464,
0,4,,,6.592941284179688,34.69421386718751,121.728515625,0.049446562500000006,5.2625,3.498,
0,4,,,6.592941284179688,34.69421386718751,122.92968750000003,0.04959125,5.2621093750000005,3.532,
0,4,,,6.612205505371095,34.79309082031251,124.05273437500003,0.04959125,5.2621093750000005,3.566,
0,4,,,6.676864624023438,35.1336669921875,125.244140625,0.050076562500000005,5.2621093750000005,3.6,
0,4,,,6.676864624023438,35.1336669921875,126.47460937500001,0.0500540625,5.2621093750000005,3.634,
0,4,,,6.6738128662109375,35.118408203125,127.67578125000001,0.0500540625,5.2621093750000005,3.668,
0,4,,,6.607818603515625,34.7723388671875,128.78906250000003,0.049558750000000006,5.2623046875,3.702,
0,4,,,6.60400390625,34.749755859375,129.990234375,0.04953031250000001,5.261914062500001,3.736,
0,4,,,6.60400390625,34.749755859375,131.2109375,0.04953031250000001,5.261914062500001,3.77,
0,4,,,6.671714782714844,35.1068115234375,132.412109375,0.0500378125,5.2621093750000005,3.803,
0,4,,,6.616401672363281,34.818115234375,133.515625,0.04962250000000001,5.2625,3.837,
0,4,,,6.616401672363281,34.818115234375,134.71679687500003,0.04962250000000001,5.2625,3.871,
0,4,,,6.6204071044921875,34.8419189453125,135.947265625,0.04965375,5.262890625000001,3.905,
0,4,,,6.623458862304688,34.85473632812501,137.14843750000003,0.0496759375,5.2623046875,3.939,
0,4,,,6.623458862304688,34.85473632812501,138.35937500000003,0.0496759375,5.2623046875,3.974,
0,4,,,6.641578674316407,34.9505615234375,139.56054687500003,0.0498125,5.2623046875,4.008,
0,4,,,6.6562652587890625,35.032958984375,140.673828125,0.0499215625,5.26328125,4.042,
0,4,,,6.6562652587890625,35.032958984375,141.88476562500003,0.0499215625,5.26328125,4.076,
0,4,,,6.6020965576171875,34.7430419921875,143.09570312500003,0.0495159375,5.2625,4.11,
0,4,,,6.609153747558595,34.7796630859375,144.29687500000003,0.0495678125,5.2625,4.144,
0,4,,,6.609153747558595,34.7796630859375,145.41015625,0.0495678125,5.2625,4.178,
0,4,,,6.661415100097656,35.0543212890625,146.61132812500003,0.049960937500000004,5.2623046875,4.212,
0,4,,,6.620979309082031,34.83825683593751,147.822265625,0.049656875,5.261914062500001,4.246,
0,4,,,6.620979309082031,34.83825683593751,149.0234375,0.049656875,5.261914062500001,4.28,
0,4,,,6.59332275390625,34.69787597656251,150.146484375,0.049449687500000006,5.2626953125,4.314,
0,4,,,6.657028198242188,35.028076171875,151.34765625000003,0.049926875,5.261914062500001,4.348,
0,4,,,6.657028198242188,35.028076171875,152.56835937500003,0.049926875,5.261914062500001,4.382,
0,4,,,6.658172607421875,35.03662109375001,153.76953125000003,0.04993625,5.2623046875,4.416,
0,4,,,6.662178039550781,35.06042480468751,154.99023437500003,0.049966250000000004,5.2626953125,4.45,
0,4,,,6.662178039550781,35.06042480468751,156.08398437500003,0.049966250000000004,5.2626953125,4.484,
0,4,,,6.5631866455078125,34.5367431640625,157.30468750000003,0.0492234375,5.2623046875,4.518,
0,4,,,6.638145446777344,34.9334716796875,158.49609375,0.049786250000000004,5.2625,4.552,
0,4,,,6.638145446777344,34.9334716796875,159.716796875,0.049786250000000004,5.2625,4.586,
0,4,,,6.637763977050782,34.92980957031251,160.81054687500003,0.049783125000000004,5.2623046875,4.62,
0,4,,,6.678199768066406,35.14160156250001,162.04101562500003,0.050086875,5.2621093750000005,4.654,
0,4,,,6.678199768066406,35.14160156250001,163.232421875,0.050086875,5.2621093750000005,4.688,
0,4,,,6.546401977539063,34.45373535156251,164.453125,0.049097812500000004,5.2630859375000005,4.722,
0,4,,,6.633949279785157,34.910888671875,165.53710937500003,0.049754687500000006,5.2625,4.756,
0,4,,,6.633949279785157,34.910888671875,166.75781250000003,0.049754687500000006,5.261914062500001,4.79,
0,4,,,6.654930114746095,35.01831054687501,167.958984375,0.049912500000000005,5.261914062500001,4.824,
0,4,,,6.637763977050782,34.92980957031251,169.1796875,0.049784062500000004,5.2623046875,4.858,
0,4,,,6.637763977050782,34.92980957031251,170.2734375,0.049784062500000004,5.2625,4.892,
0,4,,,6.584739685058594,34.6514892578125,171.494140625,0.049385937500000004,5.2625,4.926,
0,4,,,6.664657592773438,35.0701904296875,172.69531250000003,0.049985,5.2623046875,4.96,
0,4,,,6.664657592773438,35.0701904296875,173.91601562500003,0.049878437500000004,5.262890625000001,4.994,
0,4,,,6.650543212890625,35.0,175.11718750000003,0.049878437500000004,5.262890625000001,5.028,
0,4,,,6.670188903808595,35.10253906250001,176.34765625000003,0.0500265625,5.2626953125,5.062,
0,4,,,6.670188903808595,35.10253906250001,177.44140625000003,0.049533125000000004,5.2623046875,5.096,
0,4,,,6.604385375976563,34.75463867187501,178.66210937500003,0.049533125000000004,5.2623046875,5.13,
0,4,,,6.642532348632813,34.9542236328125,179.86328125000003,0.04981843750000001,5.2623046875,5.164,
0,4,,,6.642532348632813,34.9542236328125,181.09375000000003,0.050021562500000005,5.262890625000001,5.198,
0,4,,,6.66961669921875,35.101318359375,182.177734375,0.050021562500000005,5.262890625000001,5.232,
0,4,,,6.602478027343751,34.74731445312501,183.3984375,0.04951875000000001,5.262890625000001,5.266,
0,4,,,6.602478027343751,34.74731445312501,184.59960937500003,0.049485625000000005,5.2626953125,5.3,
0,4,,,6.598091125488281,34.72351074218751,185.82031250000003,0.049485625000000005,5.2626953125,5.334,
0,4,,,6.6619873046875,35.054931640625,186.9140625,0.049965312500000005,5.261914062500001,5.368,
0,4,,,6.659698486328126,35.0457763671875,188.134765625,0.0499478125,5.2625,5.402,
0,4,,,6.659698486328126,35.0457763671875,189.33593750000003,0.0499478125,5.2625,5.436,
0,4,,,6.632423400878906,34.901123046875,190.56640625000003,0.049743125000000006,5.2623046875,5.47,
0,4,,,6.589126586914063,34.67651367187501,191.650390625,0.049419062500000006,5.2626953125,5.504,
0,4,,,6.589126586914063,34.67651367187501,192.88085937500003,0.049419062500000006,5.2626953125,5.538,
0,4,,,6.670188903808595,35.10375976562501,194.08203125,0.050026875000000005,5.262890625000001,5.572,
0,4,,,6.6555023193359375,35.0244140625,195.302734375,0.049916875000000006,5.2625,5.606,
0,4,,,6.6555023193359375,35.0244140625,196.49414062500003,0.049916875000000006,5.2625,5.64,
0,4,,,6.6059112548828125,34.76257324218751,197.60742187500003,0.049543750000000004,5.2625,5.674,
0,4,,,6.610679626464844,34.786376953125,198.80859375000003,0.049580625,5.2621093750000005,5.708,
0,4,,,6.610679626464844,34.786376953125,200.02929687500003,0.049580625,5.2621093750000005,5.742,
0,4,,,6.656646728515625,35.02746582031251,201.23046875,0.04992437500000001,5.2621093750000005,5.776,
0,4,,,6.664466857910157,35.0738525390625,202.353515625,0.0499828125,5.262890625000001,5.81,
0,4,,,6.664466857910157,35.0738525390625,203.55468750000003,0.0499828125,5.262890625000001,5.844,
0,4,,,6.593513488769531,34.697265625,204.77539062500003,0.049450625000000005,5.2625,5.878,
0,4,,,6.61163330078125,34.794921875,205.966796875,0.04958750000000001,5.2626953125,5.912,
0,4,,,6.61163330078125,34.794921875,207.080078125,0.04958750000000001,5.2626953125,5.946,
0,4,,,6.667137145996094,35.08361816406251,208.28125000000003,0.050003125,5.2623046875,5.98,
0,4,,,6.648254394531251,34.9871826171875,209.50195312500003,0.049861562500000005,5.2626953125,6.014,
0,4,,,6.648254394531251,34.9871826171875,210.703125,0.049861562500000005,5.2626953125,6.048,
0,4,,,6.582832336425781,34.63928222656251,211.923828125,0.049371250000000005,5.2621093750000005,6.082,
0,4,,,6.626510620117188,34.8724365234375,213.125,0.049698437500000005,5.2626953125,6.116,
0,4,,,6.626510620117188,34.8724365234375,214.22851562500003,0.049698437500000005,5.2626953125,6.15,
0,4,,,6.627273559570313,34.8712158203125,215.41992187500003,0.049703750000000005,5.261914062500001,6.184,
0,4,,,6.631088256835938,34.89501953125001,216.64062500000003,0.049733125,5.2623046875,6.218,
0,4,,,6.631088256835938,34.89501953125001,217.84179687500006,0.049733125,5.2623046875,6.252,
0,4,,,6.5563201904296875,34.4989013671875,218.955078125,0.049173125000000005,5.261914062500001,6.286,
0,4,,,6.6661834716796875,35.08361816406251,220.15625000000003,0.049995937500000004,5.2630859375000005,6.32,
0,4,,,6.6661834716796875,35.08361816406251,221.37695312500003,0.049995937500000004,5.2630859375000005,6.354,
0,4,,,6.655693054199219,35.0238037109375,222.57812500000006,0.0499171875,5.2623046875,6.388,
0,4,,,6.664848327636719,35.0714111328125,223.70117187500006,0.0499859375,5.2623046875,6.422,
0,4,,,6.664848327636719,35.0714111328125,224.89257812500003,0.0499859375,5.2621093750000005,6.456,
0,4,,,6.571960449218751,34.58251953125,226.11328125000003,0.049289687500000005,5.2621093750000005,6.49,
0,4,,,6.6440582275390625,34.96337890625,227.31445312500003,0.049830937500000005,5.2623046875,6.524,
0,4,,,6.6440582275390625,34.96337890625,228.427734375,0.049830937500000005,5.2625,6.558,
0,4,,,6.65283203125,35.009765625,229.62890625000003,0.0498959375,5.2625,6.592,
0,4,,,6.65283203125,35.0091552734375,230.84960937500003,0.0498959375,5.2623046875,6.626,
0,4,,,6.65283203125,35.0091552734375,232.05078125000003,0.04935343750000001,5.2625,6.66,
0,4,,,6.580543518066407,34.62951660156251,233.17382812500003,0.04935343750000001,5.2625,6.694,
0,4,,,6.684112548828125,35.17456054687501,234.375,0.05013093750000001,5.2625,6.728,
0,4,,,6.684112548828125,35.17456054687501,235.595703125,0.049661875,5.2621093750000005,6.762,
0,4,,,6.621551513671876,34.84313964843751,236.78710937500003,0.049661875,5.2621093750000005,6.796,
0,4,,,6.6375732421875,34.9322509765625,238.01757812500003,0.0497815625,5.262890625000001,6.83,
0,4,,,6.6375732421875,34.9322509765625,239.10156250000003,0.04924875,5.2626953125,6.864,
0,4,,,6.566429138183595,34.55688476562501,240.32226562500003,0.04924875,5.2626953125,6.898,
0,4,,,6.64653778076172,34.97558593750001,241.51367187500006,0.049848750000000004,5.2623046875,6.932,
0,4,,,6.64653778076172,34.97558593750001,242.74414062500006,0.050112500000000004,5.2621093750000005,6.966,
0,4,,,6.68163299560547,35.15930175781251,243.82812500000003,0.050112500000000004,5.2621093750000005,7.0,
0,4,,,6.615257263183594,34.813232421875,245.04882812500003,0.04961406250000001,5.2625,7.034,
0,4,,,6.615257263183594,34.813232421875,246.25000000000006,0.04943625,5.2621093750000005,7.068,
0,4,,,6.591606140136719,34.68505859375001,247.48046875000006,0.04943625,5.2621093750000005,7.102,
0,4,,,6.669044494628906,35.09521484375,248.681640625,0.050018125000000004,5.2625,7.136,
0,4,,,6.637001037597657,34.931640625,249.78515625000003,0.049777812500000004,5.26328125,7.17,
0,4,,,6.637001037597657,34.931640625,250.98632812500006,0.049777812500000004,5.26328125,7.204,
0,4,,,6.629371643066407,34.88220214843751,252.21679687500003,0.04972000000000001,5.261914062500001,7.238,
0,4,,,6.601905822753906,34.74548339843751,253.41796875,0.049514062500000004,5.2630859375000005,7.272,
0,4,,,6.601905822753906,34.74548339843751,254.52148437500006,0.049514062500000004,5.2630859375000005,7.306,
0,4,,,6.650161743164063,34.996337890625,255.72265625000006,0.049876562500000006,5.2625,7.34,
0,4,,,6.66179656982422,35.0537109375,256.95312500000006,0.049963125000000004,5.2621093750000005,7.374,
0,4,,,6.66179656982422,35.0537109375,258.154296875,0.049963125000000004,5.2621093750000005,7.408,
0,4,,,6.609344482421876,34.78271484375,259.375,0.049570312500000005,5.2626953125,7.442,
0,4,,,6.649017333984375,34.99023437500001,260.46875,0.04986718750000001,5.2625,7.476,
0,4,,,6.649017333984375,34.99023437500001,261.69921875,0.04986718750000001,5.2625,7.51,
0,4,,,6.6707611083984375,35.1043701171875,262.90039062500006,0.050030625,5.2625,7.544,
0,4,,,6.69097900390625,35.213623046875,264.130859375,0.050182500000000005,5.262890625000001,7.578,
0,4,,,6.69097900390625,35.213623046875,265.22460937500006,0.050182500000000005,5.262890625000001,7.612,
0,4,,,6.613922119140626,34.80895996093751,266.455078125,0.0496046875,5.2630859375000005,7.646,
0,4,,,6.640625000000001,34.94506835937501,267.65625000000006,0.0498040625,5.2625,7.68,
0,4,,,6.640625000000001,34.94506835937501,268.87695312500006,0.0498040625,5.2625,7.714,
0,4,,,6.647491455078126,34.98291015625001,269.9609375,0.0498559375,5.2626953125,7.748,
0,4,,,6.6204071044921875,34.83520507812501,271.181640625,0.049652812500000004,5.261914062500001,7.782,
0,4,,,6.6204071044921875,34.83520507812501,272.373046875,0.049652812500000004,5.261914062500001,7.816,
0,4,,,6.578254699707031,34.61547851562501,273.603515625,0.049337500000000006,5.2621093750000005,7.85,
0,4,,,6.655311584472656,35.0244140625,274.68750000000006,0.049915,5.2626953125,7.884,
0,4,,,6.655311584472656,35.0244140625,275.90820312500006,0.049915,5.2626953125,7.918,
0,4,,,6.626510620117188,34.86999511718751,277.10937500000006,0.0496990625,5.2623046875,7.952,
0,4,,,6.65111541748047,35.001220703125,278.33007812500006,0.049883750000000004,5.2625,7.986,
0,4,,,6.65111541748047,35.001220703125,279.521484375,0.049883750000000004,5.2625,8.02,
0,4,,,6.5460205078125,34.447021484375,280.63476562500006,0.04909500000000001,5.2623046875,8.054,
0,4,,,6.656837463378907,35.03173828125,281.8359375,0.04992656250000001,5.2625,8.088,
0,4,,,6.656837463378907,35.03173828125,283.06640625000006,0.04992656250000001,5.2625,8.122,
0,4,,,6.676292419433594,35.12939453125001,284.26757812500006,0.050072187500000004,5.261914062500001,8.156,
0,4,,,6.673431396484375,35.115966796875,285.48828125000006,0.05005156250000001,5.2621093750000005,8.19,
0,4,,,6.673431396484375,35.115966796875,286.58203125000006,0.05005156250000001,5.2621093750000005,8.224,
0,4,,,6.572914123535157,34.58618164062501,287.80273437500006,0.04929625000000001,5.2621093750000005,8.258,
0,4,,,6.655693054199219,35.0238037109375,289.00390625,0.049917812500000006,5.2623046875,8.292,
0,4,,,6.655693054199219,35.0238037109375,290.234375,0.050058437500000004,5.2625,8.326,
0,4,,,6.674385070800781,35.12390136718751,291.32812500000006,0.050058437500000004,5.2625,8.36,
0,4,,,6.6471099853515625,34.979248046875,292.54882812500006,0.0498528125,5.2625,8.394,
0,4,,,6.6471099853515625,34.979248046875,293.75,0.04947125,5.2630859375000005,8.428,
0,4,,,6.596183776855469,34.71557617187501,294.98046875000006,0.04947125,5.2630859375000005,8.462,
0,4,,,6.6753387451171875,35.12939453125001,296.181640625,0.050064375,5.2626953125,8.496,
0,4,,,6.6753387451171875,35.12939453125001,297.294921875,0.049827812500000006,5.2625,8.53,
0,4,,,6.643676757812501,34.96154785156251,298.49609375,0.049827812500000006,5.2625,8.564,
0,4,,,6.650352478027345,34.99572753906251,299.716796875,0.0498771875,5.2623046875,8.598,
0,4,,,6.650352478027345,34.99572753906251,300.90820312500006,0.049281875,5.2625,8.632,
0,4,,,6.571006774902345,34.57946777343751,302.02148437500006,0.049281875,5.2625,8.666,
0,4,,,6.645774841308594,34.97131347656251,303.22265625,0.049843437500000004,5.2623046875,8.7,
0,4,,,6.645774841308594,34.97131347656251,304.45312500000006,0.050007812500000005,5.26328125,8.734,
0,4,,,6.6677093505859375,35.09338378906251,305.654296875,0.050007812500000005,5.26328125,8.768,
0,4,,,6.624794006347656,34.86145019531251,306.75781250000006,0.0496853125,5.2623046875,8.802,
0,4,,,6.586456298828126,34.66003417968751,307.958984375,0.049397500000000004,5.2625,8.836,
0,4,,,6.586456298828126,34.66003417968751,309.18945312500006,0.049397500000000004,5.2625,8.87,
0,4,,,6.664657592773438,35.0714111328125,310.38085937500006,0.04998468750000001,5.2623046875,8.904,
0,4,,,6.675910949707032,35.1318359375,311.50390625,0.050069062500000004,5.2625,8.938,
0,4,,,6.675910949707032,35.1318359375,312.70507812500006,0.050069062500000004,5.2625,8.972,
0,4,,,6.640434265136719,34.942626953125,313.935546875,0.0498040625,5.2621093750000005,9.006,
0,4,,,6.5944671630859375,34.70458984375,315.12695312500006,0.0494584375,5.2626953125,9.04,
0,4,,,6.5944671630859375,34.70458984375,316.34765625000006,0.0494584375,5.2626953125,9.074,
0,4,,,6.644630432128907,34.96826171875001,317.44140625000006,0.049834062500000005,5.2626953125,9.108,
0,4,,,6.6619873046875,35.05798339843751,318.66210937500006,0.04996468750000001,5.2625,9.142,
0,4,,,6.6619873046875,35.05798339843751,319.86328125,0.04996468750000001,5.2625,9.176,
0,4,,,6.603050231933594,34.74670410156251,321.07421875000006,0.049522500000000004,5.2623046875,9.21,
0,4,,,6.58245086669922,34.63928222656251,322.27539062500006,0.04936875,5.2623046875,9.245,
0,4,,,6.58245086669922,34.63928222656251,323.38867187500006,0.04936875,5.2623046875,9.279,
0,4,,,6.648826599121094,34.9859619140625,324.58984375000006,0.049865937500000006,5.2621093750000005,9.313,
0,4,,,6.665420532226563,35.0775146484375,325.81054687500006,0.0499903125,5.2626953125,9.347,
0,4,,,6.665420532226563,35.0775146484375,327.01171875000006,0.0499903125,5.2626953125,9.381,
0,4,,,6.595802307128907,34.710693359375,328.23242187500006,0.049468750000000006,5.2625,9.415,
0,4,,,6.617164611816406,34.82238769531251,329.326171875,0.049629687500000005,5.2625,9.449,
0,4,,,6.617164611816406,34.82238769531251,330.546875,0.049629687500000005,5.2625,9.483,
0,4,,,6.645393371582032,34.9700927734375,331.73828125000006,0.049840312500000004,5.2625,9.517,
0,4,,,6.62822723388672,34.87670898437501,332.95898437500006,0.04971156250000001,5.261914062500001,9.551,
0,4,,,6.62822723388672,34.87670898437501,334.05273437500006,0.04971156250000001,5.261914062500001,9.585,
0,4,,,6.606483459472657,34.765625,335.27343750000006,0.04954875,5.2623046875,9.619,
0,4,,,6.65111541748047,34.996337890625,336.48437500000006,0.049883750000000004,5.26171875,9.653,
0,4,,,6.65111541748047,34.996337890625,337.6953125,0.049883750000000004,5.26171875,9.687,
0,4,,,6.623268127441406,34.85290527343751,338.88671875000006,0.04967437500000001,5.2623046875,9.721,
0,4,,,6.65740966796875,35.0341796875,340.00976562500006,0.04993125,5.2623046875,9.755,
0,4,,,6.65740966796875,35.0341796875,341.20117187500006,0.04993125,5.2630859375000005,9.79,
0,4,,,6.554222106933594,34.49523925781251,342.41210937500006,0.049157187500000005,5.2630859375000005,9.824,
0,4,,,6.613349914550781,34.80041503906251,343.61328125000006,0.04960031250000001,5.2621093750000005,9.858,
0,4,,,6.613349914550781,34.80041503906251,344.84375000000006,0.049975000000000006,5.2621093750000005,9.892,
0,4,,,6.663322448730469,35.062255859375,345.927734375,0.049975000000000006,5.2621093750000005,9.926,
0,4,,,6.666755676269531,35.08300781250001,347.158203125,0.050000312500000005,5.2625,9.96,
0,4,,,6.666755676269531,35.08300781250001,348.359375,0.049299062500000004,5.2625,9.994,
0,4,,,6.573104858398438,34.5916748046875,349.58984375,0.049299062500000004,5.2625,10.028,
0,4,,,6.679916381835938,35.15136718750001,350.78125000000006,0.050100000000000006,5.2623046875,10.062,
0,4,,,6.679916381835938,35.15136718750001,351.89453125000006,0.049765312500000006,5.2623046875,10.096,
0,4,,,6.635475158691406,34.9176025390625,353.09570312500006,0.049765312500000006,5.2623046875,10.13,
0,4,,,6.660270690917969,35.04516601562501,354.31640625000006,0.049952500000000004,5.261914062500001,10.164,
0,4,,,6.660270690917969,35.04516601562501,355.517578125,0.049155312500000006,5.2623046875,10.198,
0,4,,,6.554031372070313,34.4891357421875,356.74804687500006,0.049155312500000006,5.2623046875,10.232,
0,4,,,6.699562072753906,35.2520751953125,357.84179687500006,0.05024750000000001,5.261914062500001,10.267,
0,4,,,6.65740966796875,35.0311279296875,359.06250000000006,0.04992968750000001,5.2621093750000005,10.301,
0,4,,,6.65740966796875,35.0311279296875,360.26367187500006,0.04992968750000001,5.2621093750000005,10.335,
0,4,,,6.637382507324219,34.93041992187501,361.48437500000006,0.049780000000000005,5.2626953125,10.369,
0,4,,,6.599807739257813,34.73266601562501,362.68554687500006,0.0494990625,5.2626953125,10.404,
0,4,,,6.599807739257813,34.73266601562501,363.91601562500006,0.0494990625,5.2626953125,10.438,
0,4,,,6.660652160644532,35.05249023437501,365.00000000000006,0.0499553125,5.2626953125,10.472,
0,4,,,6.6524505615234375,35.009765625,366.22070312500006,0.04989375000000001,5.2626953125,10.506,
0,4,,,6.6524505615234375,35.009765625,367.431640625,0.04989375000000001,5.2626953125,10.54,
0,4,,,6.648254394531251,34.98291015625001,368.65234375,0.049861562500000005,5.2621093750000005,10.574,
0,4,,,6.587219238281251,34.66613769531251,369.853515625,0.04940437500000001,5.2626953125,10.608,
0,4,,,6.587219238281251,34.66613769531251,370.96679687500006,0.04940437500000001,5.2626953125,10.642,
0,4,,,6.664276123046875,35.06835937500001,372.16796875,0.0499828125,5.2621093750000005,10.676,
0,4,,,6.6600799560546875,35.0469970703125,373.388671875,0.04995,5.2623046875,10.71,
0,4,,,6.6600799560546875,35.0469970703125,374.58984375000006,0.04995,5.2623046875,10.744,
0,4,,,6.6211700439453125,34.84436035156251,375.703125,0.049659375000000006,5.2625,10.778,
0,4,,,6.594276428222656,34.7052001953125,376.90429687500006,0.0494565625,5.2630859375000005,10.812,
0,4,,,6.594276428222656,34.7052001953125,378.12500000000006,0.0494565625,5.2630859375000005,10.846,
0,4,,,6.637954711914063,34.92858886718751,379.32617187500006,0.0497846875,5.261914062500001,10.88,
0,4,,,6.664848327636719,35.07202148437501,380.42968750000006,0.04998625,5.2623046875,10.914,
0,4,,,6.664848327636719,35.07202148437501,381.630859375,0.04998625,5.2623046875,10.948,
0,4,,,6.599998474121094,34.73266601562501,382.8515625,0.049499375000000005,5.2626953125,10.982,
0,4,,,6.607627868652344,34.771728515625,384.05273437500006,0.049557500000000004,5.2625,11.016,
0,4,,,6.607627868652344,34.771728515625,385.16601562500006,0.049557500000000004,5.2625,11.05,
0,4,,,6.647491455078126,34.979248046875,386.36718750000006,0.04985656250000001,5.2621093750000005,11.084,
0,4,,,6.674957275390626,35.125732421875,387.58789062500006,0.050062812500000005,5.2623046875,11.118,
0,4,,,6.674957275390626,35.125732421875,388.79882812500006,0.050062812500000005,5.2623046875,11.152,
0,4,,,6.620216369628906,34.83825683593751,390.01953125000006,0.04965125,5.2625,11.186,
0,4,,,6.635284423828125,34.9188232421875,391.11328125,0.049765312500000006,5.2625,11.22,
0,4,,,6.635284423828125,34.9188232421875,392.333984375,0.049765312500000006,5.2623046875,11.254,
0,4,,,6.637382507324219,34.92675781250001,393.525390625,0.04978031250000001,5.2623046875,11.288,
0,4,,,6.617736816406251,34.82421875000001,394.74609375,0.0496334375,5.2623046875,11.322,
0,4,,,6.617736816406251,34.82421875000001,395.94726562500006,0.04952718750000001,5.2626953125,11.357,
0,4,,,6.603622436523438,34.75280761718751,397.16796875000006,0.04952718750000001,5.2626953125,11.391,
0,4,,,6.65111541748047,35.0,398.26171875000006,0.0498834375,5.2623046875,11.425,
0,4,,,6.65111541748047,35.0,399.48242187500006,0.049897812500000006,5.2621093750000005,11.459,
0,4,,,6.653022766113282,35.0079345703125,400.68359375,0.049897812500000006,5.2621093750000005,11.493,
0,4,,,6.673049926757813,35.12084960937501,401.91406250000006,0.050047812500000004,5.2630859375000005,11.527,
0,4,,,6.673049926757813,35.12084960937501,402.998046875,0.049196562500000006,5.2626953125,11.561,
0,4,,,6.55956268310547,34.5208740234375,404.22851562500006,0.049196562500000006,5.2626953125,11.595,
0,4,,,6.6600799560546875,35.0482177734375,405.42968750000006,0.0499503125,5.2625,11.629,
0,4,,,6.6600799560546875,35.0482177734375,406.65039062500006,0.050001562500000006,5.2623046875,11.662,
0,4,,,6.666755676269531,35.08239746093751,407.734375,0.050001562500000006,5.2623046875,11.696,
0,4,,,6.62059783935547,34.83703613281251,408.955078125,0.049654062500000005,5.2621093750000005,11.73,
0,4,,,6.62059783935547,34.57458496093751,410.15625,0.049275625,5.2625,11.764,
0,4,,,6.570053100585938,34.57458496093751,411.376953125,0.049275625,5.2625,11.798,
0,4,,,6.6699981689453125,35.0994873046875,412.578125,0.05002500000000001,5.2623046875,11.832,
0,4,,,6.6280364990234375,34.881591796875,413.69140625,0.0497096875,5.262890625000001,11.866,
0,4,,,6.6280364990234375,34.881591796875,414.8828125000001,0.0497096875,5.262890625000001,11.9,
0,4,,,6.6524505615234375,35.00732421875001,416.1035156250001,0.04989375000000001,5.2623046875,11.934,
0,4,,,6.533622741699219,34.38171386718751,417.3046875,0.049001562500000005,5.2623046875,11.968,
0,4,,,6.533622741699219,34.38171386718751,418.40820312500006,0.049001562500000005,5.2623046875,12.002,
0,4,,,6.653976440429688,35.0128173828125,419.61914062500006,0.0499046875,5.2621093750000005,12.036,
0,4,,,6.667137145996094,35.0860595703125,420.83984375000006,0.050003125,5.2626953125,12.07,
0,4,,,6.667137145996094,35.0860595703125,422.041015625,0.050003125,5.2626953125,12.104,
0,4,,,6.636810302734376,34.92797851562501,423.15429687500006,0.049775937500000006,5.2626953125,12.138,
0,4,,,6.573867797851563,34.59289550781251,424.34570312500006,0.049304375000000004,5.2621093750000005,12.172,
0,4,,,6.573867797851563,34.59289550781251,425.56640625000006,0.049304375000000004,5.2621093750000005,12.206,
0,4,,,6.6371917724609375,34.92797851562501,426.76757812500006,0.049779062500000006,5.2625,12.24,
0,4,,,6.651496887207031,34.99938964843751,427.88085937500006,0.0498865625,5.261914062500001,12.274,
0,4,,,6.651496887207031,34.99938964843751,429.08203125000006,0.0498865625,5.261914062500001,12.308,
0,4,,,6.610679626464844,34.786376953125,430.29296875,0.049579687500000004,5.2623046875,12.342,
0,4,,,6.604576110839845,34.75830078125,431.494140625,0.0495346875,5.262890625000001,12.376,
0,4,,,6.604576110839845,34.75830078125,432.72460937500006,0.0495346875,5.262890625000001,12.411,
0,4,,,6.664276123046875,35.07446289062501,433.91601562500006,0.049982187500000004,5.2630859375000005,12.445,
0,4,,,6.622695922851563,34.85107421875,435.029296875,0.049669687500000004,5.2625,12.479,
0,4,,,6.622695922851563,34.85107421875,436.23046875000006,0.049669687500000004,5.2625,12.513,
0,4,,,6.6471099853515625,34.9774169921875,437.46093750000006,0.0498525,5.2621093750000005,12.547,
0,4,,,6.607818603515625,34.7711181640625,438.66210937500006,0.049559375,5.2621093750000005,12.581,
0,4,,,6.607818603515625,34.7711181640625,439.765625,0.049559375,5.2621093750000005,12.615,
0,4,,,6.6219329833984375,34.84558105468751,440.966796875,0.049664375000000004,5.2623046875,12.649,
0,4,,,6.663322448730469,35.06530761718751,442.1875,0.049974375,5.2625,12.683,
0,4,,,6.663322448730469,35.06530761718751,443.38867187500006,0.049974375,5.2625,12.717,
0,4,,,6.5914154052734375,34.68627929687501,444.60937500000006,0.0494353125,5.2625,12.751,
0,4,,,6.620216369628906,34.83825683593751,445.6933593750001,0.049651875000000005,5.2625,12.785,
0,4,,,6.620216369628906,34.83825683593751,446.92382812500006,0.049651875000000005,5.261914062500001,12.819,
0,4,,,6.670188903808595,35.09765625000001,448.12500000000006,0.05002625,5.261914062500001,12.853,
0,4,,,6.662178039550781,35.05859375,449.34570312500006,0.049966250000000004,5.2623046875,12.887,
0,4,,,6.662178039550781,35.05859375,450.439453125,0.049966250000000004,5.262890625000001,12.921,
0,4,,,6.607818603515625,34.77539062500001,451.66992187500006,0.049558750000000006,5.262890625000001,12.955,
0,4,,,6.62689208984375,34.87365722656251,452.861328125,0.04970093750000001,5.2625,12.989,
0,4,,,6.62689208984375,34.87365722656251,454.09179687500006,0.049955000000000006,5.262890625000001,13.023,
0,4,,,6.660652160644532,35.0537109375,455.17578125,0.049955000000000006,5.262890625000001,13.057,
0,4,,,6.6524505615234375,35.00732421875001,456.396484375,0.049893437500000005,5.2623046875,13.091,
0,4,,,6.6524505615234375,35.00732421875001,457.59765625000006,0.049357500000000006,5.2621093750000005,13.125,
0,4,,,6.580924987792969,34.630126953125,458.8281250000001,0.049357500000000006,5.2621093750000005,13.159,
0,4,,,6.653594970703125,35.01342773437501,460.029296875,0.049901875000000005,5.2625,13.193,
0,4,,,6.653594970703125,35.01342773437501,461.15234375,0.05023375000000001,5.2623046875,13.227,
0,4,,,6.697845458984376,35.2447509765625,462.35351562500006,0.05023375000000001,5.2623046875,13.261,
0,4,,,6.681823730468751,35.1611328125,463.58398437500006,0.0501134375,5.2623046875,13.295,
0,4,,,6.681823730468751,35.1611328125,464.78515625000006,0.0492828125,5.2625,13.329,
0,4,,,6.571006774902345,34.57946777343751,465.89843750000006,0.0492828125,5.2625,13.363,
0,4,,,6.6593170166015625,35.04272460937501,467.09960937500006,0.0499446875,5.2623046875,13.397,
0,4,,,6.6593170166015625,35.057373046875,468.32031250000006,0.049959062500000005,5.2630859375000005,13.432,
0,4,,,6.661224365234375,35.057373046875,469.52148437500006,0.049959062500000005,5.2630859375000005,13.466,
0,4,,,6.6478729248046875,34.98352050781251,470.74218750000006,0.04985875000000001,5.2625,13.5,
0,4,,,6.575965881347657,34.60632324218751,471.943359375,0.049319375000000006,5.2626953125,13.534,
0,4,,,6.575965881347657,34.60632324218751,473.05664062500006,0.049319375000000006,5.2626953125,13.568,
0,4,,,6.650543212890625,34.99694824218751,474.2578125000001,0.049879687500000006,5.2623046875,13.602,
0,4,,,6.651496887207031,35.001220703125,475.4785156250001,0.04988625000000001,5.2621093750000005,13.636,
0,4,,,6.651496887207031,35.001220703125,476.6796875,0.04988625000000001,5.2621093750000005,13.67,
0,4,,,6.670570373535156,35.1068115234375,477.79296875000006,0.050030000000000005,5.262890625000001,13.704,
0,4,,,6.568145751953126,34.5654296875,478.99414062500006,0.049261250000000006,5.2626953125,13.738,
0,4,,,6.568145751953126,34.5654296875,480.21484375000006,0.049261250000000006,5.2626953125,13.772,
0,4,,,6.649017333984375,34.99206542968751,481.41601562500006,0.049868125000000006,5.2626953125,13.806,
0,4,,,6.63585662841797,34.9169921875,482.51953125,0.049769375000000005,5.261914062500001,13.84,
0,4,,,6.63585662841797,34.9169921875,483.72070312500006,0.049769375000000005,5.261914062500001,13.874,
0,4,,,6.618499755859375,34.82910156250001,484.94140625000006,0.049639062500000004,5.2625,13.907,
0,4,,,6.582832336425781,34.642333984375,486.14257812500006,0.04937156250000001,5.2625,13.941,
0,4,,,6.582832336425781,34.642333984375,487.25585937500006,0.04937156250000001,5.2625,13.975,
0,4,,,6.659889221191407,35.040283203125,488.45703125000006,0.0499490625,5.2615234375,14.009,
0,4,,,6.6753387451171875,35.12817382812501,489.67773437500006,0.050064375,5.2625,14.043,
0,4,,,6.6753387451171875,35.12817382812501,490.87890625000006,0.050064375,5.2625,14.077,
0,4,,,6.633186340332032,34.90661621093751,492.10937500000006,0.04974875,5.2625,14.111,
0,4,,,6.599235534667969,34.72961425781251,493.19335937500006,0.049495000000000004,5.2626953125,14.145,
0,4,,,6.599235534667969,34.72961425781251,494.41406250000006,0.049495000000000004,5.2626953125,14.179,
0,4,,,6.616783142089845,34.82116699218751,495.60546875,0.049626562500000006,5.2625,14.213,
0,4,,,6.641769409179688,34.94873046875,496.826171875,0.04981312500000001,5.2621093750000005,14.247,
0,4,,,6.641769409179688,34.94873046875,497.92968750000006,0.04981312500000001,5.2621093750000005,14.281,
0,4,,,6.65874481201172,35.0390625,499.1406250000001,0.049940937500000004,5.2621093750000005,14.315,
0,4,,,6.5876007080078125,34.66552734375,500.341796875,0.0494078125,5.2623046875,14.349,
0,4,,,6.5876007080078125,34.66552734375,501.5625,0.0494078125,5.2623046875,14.383,
0,4,,,6.633758544921875,34.908447265625,502.64648437500006,0.049753125,5.2623046875,14.417,
0,4,,,6.648445129394532,34.9847412109375,503.8769531250001,0.0498634375,5.2621093750000005,14.451,
0,4,,,6.648445129394532,34.9847412109375,505.06835937500006,0.0498634375,5.2625,14.486,
0,4,,,6.586265563964845,34.66064453125,506.28906250000006,0.0493971875,5.2625,14.52,
0,4,,,6.6089630126953125,34.77844238281251,507.50000000000006,0.049566875,5.2625,14.554,
0,4,,,6.6089630126953125,34.77844238281251,508.61328125000006,0.049566875,5.2621093750000005,14.588,
0,4,,,6.684112548828125,35.17272949218751,509.81445312500006,0.050130625000000005,5.2621093750000005,14.622,
0,4,,,6.655693054199219,35.0238037109375,511.02539062500006,0.049917500000000004,5.2623046875,14.656,
0,4,,,6.655693054199219,35.0238037109375,512.2363281250001,0.0496809375,5.2626953125,14.69,
0,4,,,6.624031066894531,34.8602294921875,513.4667968750001,0.0496809375,5.2626953125,14.724,
0,4,,,6.6402435302734375,34.94506835937501,514.5605468750001,0.04980156250000001,5.2626953125,14.758,
0,4,,,6.6402435302734375,34.94506835937501,515.7812500000001,0.05007906250000001,5.2625,14.792,
0,4,,,6.67724609375,35.13916015625001,516.9921875,0.05007906250000001,5.2625,14.826,
0,4,,,6.681060791015625,35.15808105468751,518.212890625,0.050108437500000005,5.2623046875,14.86,
0,4,,,6.681060791015625,35.15808105468751,519.3066406250001,0.04943406250000001,5.261914062500001,14.894,
0,4,,,6.591224670410157,34.6820068359375,520.5273437500001,0.04943406250000001,5.261914062500001,14.927,
0,4,,,6.60839080810547,34.77416992187501,521.7187500000001,0.0495634375,5.2621093750000005,14.961,
0,4,,,6.60839080810547,34.77416992187501,522.9296875,0.049620312500000006,5.2621093750000005,14.995,
0,4,,,6.61602020263672,34.81384277343751,524.0234375,0.049620312500000006,5.2621093750000005,15.029,
0,4,,,6.6802978515625,35.15075683593751,525.25390625,0.050102187500000006,5.261914062500001,15.063,
0,4,,,6.6802978515625,35.15075683593751,526.455078125,0.049353125000000005,5.262890625000001,15.097,
0,4,,,6.580352783203125,34.63134765625,527.67578125,0.049353125000000005,5.262890625000001,15.131,
0,4,,,6.6562652587890625,35.02929687500001,528.76953125,0.0499215625,5.2626953125,15.165,
0,4,,,6.657600402832031,35.03234863281251,529.990234375,0.049932500000000005,5.261914062500001,15.199,
0,4,,,6.657600402832031,35.03234863281251,531.19140625,0.049932500000000005,5.261914062500001,15.233,
0,4,,,6.626319885253907,34.86816406250001,532.4023437500001,0.049697187500000004,5.2621093750000005,15.267,
0,4,,,6.558799743652345,34.51477050781251,533.6132812500001,0.0491915625,5.2623046875,15.301,
0,4,,,6.558799743652345,34.51477050781251,534.7167968750001,0.0491915625,5.2623046875,15.335,
0,4,,,6.676101684570313,35.12939453125001,535.9277343750001,0.05007062500000001,5.2621093750000005,15.369,
0,4,,,6.647300720214845,34.9822998046875,537.1484375000001,0.049855000000000003,5.2626953125,15.403,
0,4,,,6.647300720214845,34.9822998046875,538.3496093750001,0.049855000000000003,5.2626953125,15.437,
0,4,,,6.6677093505859375,35.08361816406251,539.453125,0.0500071875,5.261914062500001,15.471,
0,4,,,6.536102294921875,34.39514160156251,540.654296875,0.04902,5.2625,15.505,
0,4,,,6.536102294921875,34.39514160156251,541.8652343750001,0.04902,5.2625,15.54,
0,4,,,6.641578674316407,34.9481201171875,543.076171875,0.04981218750000001,5.2621093750000005,15.574,
0,4,,,6.662178039550781,35.05920410156251,544.296875,0.049966562500000006,5.2625,15.608,
0,4,,,6.662178039550781,35.05920410156251,545.390625,0.049966562500000006,5.2625,15.642,
0,4,,,6.653594970703125,35.0152587890625,546.611328125,0.049901875000000005,5.2626953125,15.676,
0,4,,,6.5830230712890625,34.6435546875,547.8125,0.0493728125,5.2625,15.71,
0,4,,,6.5830230712890625,34.6435546875,549.033203125,0.0493728125,5.2625,15.744,
0,4,,,6.64520263671875,34.9700927734375,550.1171875,0.049838437500000006,5.2626953125,15.778,
0,4,,,6.646919250488281,34.98046875000001,551.34765625,0.0498515625,5.2626953125,15.812,
0,4,,,6.646919250488281,34.98046875000001,552.5488281250001,0.0498515625,5.2626953125,15.846,
0,4,,,6.634521484375,34.91455078125001,553.7695312500001,0.049759375,5.2625,15.88,
0,4,,,6.598091125488281,34.72229003906251,554.9707031250001,0.049485,5.2626953125,15.914,
0,4,,,6.598091125488281,34.72229003906251,556.0742187500001,0.049485,5.2626953125,15.948,
0,4,,,6.6619873046875,35.057373046875,557.2851562500001,0.049965312500000005,5.2623046875,15.982,
0,4,,,6.636619567871094,34.92248535156251,558.49609375,0.049774375,5.2621093750000005,16.015,
0,4,,,6.636619567871094,34.92248535156251,559.7070312500001,0.049774375,5.2621093750000005,16.049,
0,4,,,6.631660461425781,34.90051269531251,560.8105468750001,0.049737812500000006,5.2626953125,16.083,
0,4,,,6.59008026123047,34.6771240234375,562.01171875,0.049425000000000004,5.2621093750000005,16.117,
0,4,,,6.59008026123047,34.6771240234375,563.2421875000001,0.049425000000000004,5.2621093750000005,16.151,
0,4,,,6.665802001953125,35.076904296875,564.43359375,0.0499934375,5.2623046875,16.185,
0,4,,,6.655120849609376,35.0244140625,565.5468750000001,0.049913125,5.262890625000001,16.219,
0,4,,,6.655120849609376,35.0244140625,566.748046875,0.049913125,5.2626953125,16.253,
0,4,,,6.603431701660157,34.7509765625,567.96875,0.049525625000000004,5.2626953125,16.287,
0,4,,,6.592559814453125,34.69299316406251,569.169921875,0.049444375000000006,5.2625,16.321,
0,4,,,6.592559814453125,34.69299316406251,570.2734375,0.049444375000000006,5.2623046875,16.355,
0,4,,,6.6448211669921875,34.96643066406251,571.484375,0.049835937500000003,5.2623046875,16.389,
0,4,,,6.656455993652344,35.02685546875,572.6953125,0.049924062500000005,5.2621093750000005,16.423,
0,4,,,6.656455993652344,35.02685546875,573.9062500000001,0.049645312500000004,5.2625,16.457,
0,4,,,6.6192626953125,34.8333740234375,575.1269531250001,0.049645312500000004,5.2625,16.491,
0,4,,,6.62059783935547,34.84313964843751,576.2207031250001,0.04965531250000001,5.2626953125,16.525,
0,4,,,6.62059783935547,34.84313964843751,577.4316406250001,0.049843437500000004,5.2623046875,16.559,
0,4,,,6.645774841308594,34.971923828125,578.6425781250001,0.049843437500000004,5.2623046875,16.594,
0,4,,,6.647300720214845,34.9810791015625,579.8632812500001,0.0498546875,5.2625,16.628,
0,4,,,6.647300720214845,34.9810791015625,581.0742187500001,0.0496746875,5.262890625000001,16.662,
0,4,,,6.623268127441406,34.8565673828125,582.177734375,0.0496746875,5.262890625000001,16.696,
0,4,,,6.611442565917969,34.79187011718751,583.37890625,0.0495859375,5.2625,16.73,
0,4,,,6.611442565917969,34.79187011718751,584.599609375,0.050092500000000005,5.2626953125,16.764,
0,4,,,6.678962707519532,35.14892578125,585.8105468750001,0.050092500000000005,5.2626953125,16.798,
0,4,,,6.653785705566406,35.0152587890625,586.9140625,0.049902812500000004,5.2625,16.832,
0,4,,,6.572532653808594,34.5892333984375,588.115234375,0.049294062500000006,5.2626953125,16.866,
0,4,,,6.572532653808594,34.5892333984375,589.3359375,0.049294062500000006,5.2626953125,16.9,
0,4,,,6.625366210937501,34.86328125,590.537109375,0.04969031250000001,5.2621093750000005,16.934,
0,4,,,6.686210632324219,35.18249511718751,591.650390625,0.050146562500000005,5.261914062500001,16.968,
0,4,,,6.686210632324219,35.18249511718751,592.8515625,0.050146562500000005,5.261914062500001,17.002,
0,4,,,6.6394805908203125,34.94323730468751,594.072265625,0.04979625000000001,5.262890625000001,17.036,
0,4,,,6.585693359375,34.659423828125,595.283203125,0.049393125,5.262890625000001,17.07,
0,4,,,6.585693359375,34.659423828125,596.50390625,0.049393125,5.262890625000001,17.104,
0,4,,,6.65874481201172,35.0390625,597.5878906250001,0.049940000000000005,5.2623046875,17.138,
0,4,,,6.6051483154296875,34.75830078125,598.7988281250001,0.0495390625,5.2623046875,17.172,
0,4,,,6.6051483154296875,34.75830078125,600.0097656250001,0.0495390625,5.2623046875,17.206,
0,4,,,6.664848327636719,35.0714111328125,601.2304687500001,0.049985625000000006,5.2623046875,17.24,
0,4,,,6.609535217285156,34.78271484375,602.3242187500001,0.049571562500000006,5.2625,17.274,
0,4,,,6.609535217285156,34.78271484375,603.5449218750001,0.049571562500000006,5.2625,17.308,
0,4,,,6.6364288330078125,34.9212646484375,604.7460937500001,0.0497734375,5.2621093750000005,17.342,
0,4,,,6.649971008300781,34.9932861328125,605.95703125,0.049875312500000005,5.2621093750000005,17.376,
0,4,,,6.649971008300781,34.9932861328125,607.1679687500001,0.049875312500000005,5.2621093750000005,17.41,
0,4,,,6.656646728515625,35.0311279296875,608.2812500000001,0.049925312500000006,5.2625,17.444,
0,4,,,6.580734252929688,34.6343994140625,609.4921875000001,0.04935562500000001,5.2630859375000005,17.478,
0,4,,,6.580734252929688,34.6343994140625,610.7031250000001,0.04935562500000001,5.2630859375000005,17.512,
0,4,,,6.648826599121094,34.98962402343751,611.9042968750001,0.049866875000000005,5.2625,17.546,
0,4,,,6.609344482421876,34.78454589843751,612.998046875,0.04957062500000001,5.262890625000001,17.58,
0,4,,,6.609344482421876,34.78454589843751,614.208984375,0.04957062500000001,5.262890625000001,17.614,
0,4,,,6.660842895507813,35.0537109375,615.4296875,0.0499565625,5.2626953125,17.648,
0,4,,,6.588554382324219,34.67163085937501,616.640625,0.0494140625,5.2625,17.682,
0,4,,,6.588554382324219,34.67163085937501,617.861328125,0.0494140625,5.2625,17.716,
0,4,,,6.670570373535156,35.10375976562501,618.9453125000001,0.0500296875,5.2625,17.75,
0,4,,,6.633758544921875,34.90722656250001,620.1660156250001,0.049753750000000006,5.2621093750000005,17.784,
0,4,,,6.633758544921875,34.90722656250001,621.3671875000001,0.049753750000000006,5.2621093750000005,17.818,
0,4,,,6.591796875,34.68994140625,622.5781250000001,0.0494384375,5.2626953125,17.852,
0,4,,,6.614875793457032,34.80773925781251,623.6718750000001,0.04961187500000001,5.2621093750000005,17.886,
0,4,,,6.614875793457032,34.80773925781251,624.9023437500001,0.04961187500000001,5.2621093750000005,17.92,
0,4,,,6.647682189941406,34.98046875000001,626.1035156250001,0.049856875,5.2621093750000005,17.954,
0,4,,,6.678581237792969,35.14343261718751,627.3242187500001,0.05009,5.2621093750000005,17.988,
0,4,,,6.678581237792969,35.14343261718751,628.5351562500001,0.049756562500000004,5.2626953125,18.022,
0,4,,,6.634330749511719,34.91394042968751,629.6484375000001,0.049756562500000004,5.2626953125,18.056,
0,4,,,6.629180908203126,34.88281250000001,630.8496093750001,0.049718437500000004,5.2621093750000005,18.09,
0,4,,,6.629180908203126,34.88281250000001,632.0703125000001,0.05003343750000001,5.2623046875,18.124,
0,4,,,6.671142578125001,35.10498046875001,633.28125,0.05003343750000001,5.2623046875,18.158,
0,4,,,6.644248962402344,34.96765136718751,634.3847656250001,0.0498325,5.262890625000001,18.192,
0,4,,,6.644248962402344,34.96765136718751,635.5859375000001,0.049435937500000006,5.2626953125,18.226,
0,4,,,6.5914154052734375,34.6881103515625,636.8066406250001,0.049435937500000006,5.2626953125,18.26,
0,4,,,6.6143035888671875,34.80773925781251,638.0078125000001,0.049606875,5.2625,18.294,
0,4,,,6.6143035888671875,34.80773925781251,639.2187500000001,0.049689375,5.262890625000001,18.328,
0,4,,,6.625175476074219,34.86694335937501,640.3125000000001,0.049689375,5.262890625000001,18.362,
0,4,,,6.662940979003906,35.062255859375,641.5332031250001,0.049972812500000005,5.2623046875,18.396,
0,4,,,6.662940979003906,35.062255859375,642.7343750000001,0.0493825,5.2625,18.43,
0,4,,,6.584358215332032,34.6502685546875,643.9453125000001,0.0493825,5.2625,18.464,
0,4,,,6.60400390625,34.752197265625,645.0488281250001,0.04953031250000001,5.2623046875,18.498,
0,4,,,6.65740966796875,35.03479003906251,646.2597656250001,0.04993125,5.2625,18.532,
0,4,,,6.65740966796875,35.03479003906251,647.4707031250001,0.04993125,5.2625,18.566,
0,4,,,6.674766540527344,35.123291015625,648.6914062500001,0.050060625000000004,5.2621093750000005,18.6,
0,4,,,6.592559814453125,34.69482421875,649.7851562500001,0.04944375,5.262890625000001,18.634,
0,4,,,6.592559814453125,34.69482421875,651.0058593750001,0.04944375,5.262890625000001,18.668,
0,4,,,6.667327880859376,35.0860595703125,652.2070312500001,0.050005,5.2625,18.703,
0,4,,,6.6318511962890625,34.901123046875,653.4277343750001,0.049738750000000005,5.2626953125,18.737,
0,4,,,6.6318511962890625,34.901123046875,654.6289062500001,0.049738750000000005,5.2626953125,18.771,
0,4,,,6.64520263671875,34.971923828125,655.8496093750001,0.049838437500000006,5.262890625000001,18.805,
0,4,,,6.565093994140625,34.54956054687501,656.943359375,0.049237500000000003,5.2626953125,18.839,
0,4,,,6.565093994140625,34.54956054687501,658.1640625,0.049237500000000003,5.2626953125,18.873,
0,4,,,6.658935546875001,35.040283203125,659.365234375,0.049941875000000004,5.2623046875,18.907,
0,4,,,6.6287994384765625,34.879150390625,660.5761718750001,0.049716250000000003,5.261914062500001,18.941,
0,4,,,6.6287994384765625,34.879150390625,661.6699218750001,0.049716250000000003,5.261914062500001,18.974,
0,4,,,6.6791534423828125,35.1470947265625,662.9003906250001,0.050093125,5.2623046875,19.008,
0,4,,,6.568717956542969,34.5654296875,664.1015625000001,0.049265312500000005,5.2623046875,19.042,
0,4,,,6.568717956542969,34.5654296875,665.3125000000001,0.049265312500000005,5.2623046875,19.076,
0,4,,,6.611824035644531,34.7979736328125,666.4062500000001,0.049588125000000004,5.2630859375000005,19.11,
0,4,,,6.687355041503907,35.191650390625,667.6269531250001,0.050155000000000005,5.2625,19.144,
0,4,,,6.687355041503907,35.191650390625,668.8378906250001,0.050155000000000005,5.2625,19.178,
0,4,,,6.673431396484375,35.11901855468751,670.0585937500001,0.050051250000000005,5.2625,19.212,
0,4,,,6.593513488769531,34.69909667968751,671.1621093750001,0.049450625000000005,5.2626953125,19.246,
0,4,,,6.593513488769531,34.69909667968751,672.3828125000001,0.049450625000000005,5.2626953125,19.28,
0,4,,,6.670379638671876,35.10375976562501,673.5742187500001,0.050027812500000005,5.2626953125,19.314,
0,4,,,6.630516052246094,34.89257812500001,674.7949218750001,0.049728125000000005,5.2625,19.348,
0,4,,,6.630516052246094,34.89257812500001,675.9960937500001,0.049728125000000005,5.2625,19.382,
0,4,,,6.614494323730469,34.80773925781251,677.099609375,0.049608125,5.2625,19.416,
0,4,,,6.583976745605469,34.64782714843751,678.3105468750001,0.049379687500000005,5.2625,19.45,
0,4,,,6.583976745605469,34.64782714843751,679.521484375,0.049379687500000005,5.2625,19.484,
0,4,,,6.65416717529297,35.015869140625,680.7324218750001,0.049906250000000006,5.2623046875,19.518,
0,4,,,6.653213500976563,35.01220703125001,681.8359375,0.049899687500000005,5.2625,19.552,
0,4,,,6.653213500976563,35.01220703125001,683.0273437500001,0.049899687500000005,5.2621093750000005,19.586,
0,4,,,6.5876007080078125,34.66552734375,684.2480468750001,0.0494078125,5.2621093750000005,19.62,
0,4,,,6.584739685058594,34.65087890625001,685.4492187500001,0.049385937500000004,5.2623046875,19.654,
0,4,,,6.584739685058594,34.65087890625001,686.5527343750001,0.049385937500000004,5.2625,19.688,
0,4,,,6.628608703613281,34.88281250000001,687.7539062500001,0.04971468750000001,5.2625,19.722,
0,4,,,6.6593170166015625,35.0421142578125,688.9746093750001,0.04994562500000001,5.2621093750000005,19.757,
0,4,,,6.6593170166015625,35.0421142578125,690.1757812500001,0.049474062500000006,5.2623046875,19.791,
0,4,,,6.596565246582031,34.71313476562501,691.38671875,0.049474062500000006,5.2623046875,19.825,
0,4,,,6.571197509765626,34.57702636718751,692.48046875,0.0492840625,5.261914062500001,19.859,
0,4,,,6.571197509765626,34.57702636718751,693.6914062500001,0.04984625,5.261914062500001,19.893,
0,4,,,6.646156311035156,34.97131347656251,694.8925781250001,0.04984625,5.261914062500001,19.927,
0,4,,,6.642723083496095,34.96032714843751,696.1132812500001,0.0498209375,5.262890625000001,19.961,
0,4,,,6.642723083496095,34.96032714843751,697.3144531250001,0.049225625,5.2625,19.995,
0,4,,,6.563377380371095,34.539794921875,698.4179687500001,0.049225625,5.2625,20.029,
0,4,,,6.601524353027345,34.7406005859375,699.6191406250001,0.049510937500000005,5.2625,20.063,
0,4,,,6.601524353027345,34.7406005859375,700.8300781250001,0.0499659375,5.2625,20.097,
0,4,,,6.662178039550781,35.05859375,702.0410156250001,0.0499659375,5.2625,20.13,
0,4,,,6.665992736816406,35.07934570312501,703.1445312500001,0.049995000000000005,5.2625,20.164,
0,4,,,6.598091125488281,34.722900390625,704.3554687500001,0.049485625000000005,5.2626953125,20.198,
0,4,,,6.598091125488281,34.722900390625,705.5761718750001,0.049485625000000005,5.2626953125,20.232,
0,4,,,6.630706787109375,34.893798828125,706.787109375,0.0497309375,5.2625,20.266,
0,4,,,6.638526916503906,34.93103027343751,707.8808593750001,0.04978875000000001,5.261914062500001,20.3,
0,4,,,6.638526916503906,34.93103027343751,709.08203125,0.04978875000000001,5.261914062500001,20.334,
0,4,,,6.633186340332032,34.90966796875,710.302734375,0.049748125000000004,5.262890625000001,20.368,
0,4,,,6.582832336425781,34.63928222656251,711.5136718750001,0.04937156250000001,5.2621093750000005,20.402,
0,4,,,6.582832336425781,34.63928222656251,712.6171875000001,0.04937156250000001,5.2621093750000005,20.436,
0,4,,,6.66179656982422,35.05615234375,713.818359375,0.049963125000000004,5.2625,20.47,
0,4,,,6.648445129394532,34.9871826171875,715.0390625,0.049863125,5.2625,20.504,
0,4,,,6.648445129394532,34.9871826171875,716.25,0.049863125,5.2625,20.538,
0,4,,,6.674194335937501,35.1226806640625,717.4609375000001,0.050056562500000006,5.2625,20.572,
0,4,,,6.551551818847656,34.4775390625,718.5546875000001,0.049137187500000006,5.2625,20.606,
0,4,,,6.551551818847656,34.4775390625,719.7753906250001,0.049137187500000006,5.2625,20.64,
0,4,,,6.6650390625,35.0714111328125,720.9863281250001,0.049988125,5.261914062500001,20.674,
0,4,,,6.66637420654297,35.08056640625001,722.2070312500001,0.04999750000000001,5.2623046875,20.708,
0,4,,,6.66637420654297,35.08056640625001,723.3007812500001,0.04999750000000001,5.2623046875,20.742,
0,4,,,6.659126281738281,35.0457763671875,724.5214843750001,0.0499428125,5.2630859375000005,20.776,
0,4,,,6.5799713134765625,34.63073730468751,725.7324218750001,0.04935031250000001,5.2630859375000005,20.811,
0,4,,,6.5799713134765625,34.63073730468751,726.9433593750001,0.04935031250000001,5.2630859375000005,20.845,
0,4,,,6.641387939453125,34.9542236328125,728.1542968750001,0.04981000000000001,5.26328125,20.879,
0,4,,,6.645393371582032,34.967041015625,729.248046875,0.04983968750000001,5.261914062500001,20.913,
0,4,,,6.645393371582032,34.967041015625,730.44921875,0.04983968750000001,5.261914062500001,20.947,
0,4,,,6.5975189208984375,34.718017578125,731.650390625,0.049481562500000006,5.2623046875,20.981,
0,4,,,6.546974182128906,34.451904296875,732.861328125,0.049102187500000005,5.2623046875,21.015,
0,4,,,6.546974182128906,34.451904296875,733.96484375,0.049102187500000005,5.2623046875,21.049,
0,4,,,6.671142578125001,35.10620117187501,735.1757812500001,0.050033125000000005,5.2625,21.083,
0,4,,,6.642913818359375,34.96032714843751,736.3867187500001,0.049821875,5.262890625000001,21.117,
0,4,,,6.642913818359375,34.96032714843751,737.5878906250001,0.049821875,5.262890625000001,21.151,
0,4,,,6.610870361328125,34.788818359375,738.8085937500001,0.049580937500000005,5.2625,21.184,
0,4,,,6.605720520019531,34.76074218750001,739.9121093750001,0.04954312500000001,5.2623046875,21.218,
0,4,,,6.605720520019531,34.76074218750001,741.1230468750001,0.04954312500000001,5.2623046875,21.252,
0,4,,,6.6555023193359375,35.0244140625,742.3242187500001,0.049915625000000005,5.2625,21.286,
0,4,,,6.634902954101563,34.91271972656251,743.5351562500001,0.0497615625,5.2621093750000005,21.32,
0,4,,,6.634902954101563,34.91271972656251,744.6386718750001,0.0497615625,5.2621093750000005,21.354,
0,4,,,6.637954711914063,34.92980957031251,745.849609375,0.049785,5.2621093750000005,21.388,
0,4,,,6.572914123535157,34.5880126953125,747.0605468750001,0.049297187500000006,5.2621093750000005,21.422,
0,4,,,6.572914123535157,34.5880126953125,748.271484375,0.0499490625,5.2625,21.456,
0,4,,,6.659889221191407,35.04760742187501,749.3750000000001,0.0499490625,5.2625,21.49,
0,4,,,6.67266845703125,35.1165771484375,750.5859375,0.0500453125,5.2626953125,21.524,
0,4,,,6.67266845703125,35.1165771484375,751.806640625,0.049725937500000005,5.2625,21.558,
0,4,,,6.630134582519532,34.89013671875001,753.0175781250001,0.049725937500000005,5.2625,21.592,
0,4,,,6.59313201904297,34.698486328125,754.111328125,0.04944875000000001,5.2626953125,21.626,
0,4,,,6.59313201904297,34.698486328125,755.33203125,0.050072187500000004,5.2623046875,21.66,
0,4,,,6.676292419433594,35.1324462890625,756.533203125,0.050072187500000004,5.2623046875,21.694,
0,4,,,6.625175476074219,34.8663330078125,757.7441406250001,0.049689375,5.2626953125,21.728,
0,4,,,6.625175476074219,34.8663330078125,758.9550781250001,0.0494521875,5.2623046875,21.762,
0,4,,,6.5937042236328125,34.69787597656251,760.0585937500001,0.0494521875,5.2623046875,21.796,
0,4,,,6.624603271484376,34.85961914062501,761.2597656250001,0.0496840625,5.2623046875,21.83,
0,4,,,6.624603271484376,34.85961914062501,762.4804687500001,0.049800312500000006,5.2623046875,21.865,
0,4,,,6.640052795410156,34.94140625,763.6914062500001,0.049800312500000006,5.2623046875,21.899,
0,4,,,6.666755676269531,35.07934570312501,764.9023437500001,0.05000062500000001,5.261914062500001,21.933,
0,4,,,6.575965881347657,34.60693359375,765.9960937500001,0.04932,5.2626953125,21.967,
0,4,,,6.575965881347657,34.60693359375,767.1972656250001,0.04932,5.2626953125,22.001,
0,4,,,6.603431701660157,34.74853515625,768.4179687500001,0.04952625,5.2623046875,22.035,
0,4,,,6.64215087890625,34.9554443359375,769.6191406250001,0.049815937500000004,5.2626953125,22.069,
0,4,,,6.64215087890625,34.9554443359375,770.7226562500001,0.049815937500000004,5.2626953125,22.103,
0,4,,,6.645393371582032,34.970703125,771.93359375,0.049840312500000004,5.2625,22.137,
0,4,,,6.583213806152344,34.6466064453125,773.14453125,0.049373437500000006,5.2630859375000005,22.171,
0,4,,,6.583213806152344,34.6466064453125,774.35546875,0.049373437500000006,5.2630859375000005,22.204,
0,4,,,6.6356658935546875,34.9200439453125,775.4492187500001,0.049767187500000004,5.2625,22.238,
0,4,,,6.638336181640625,34.935302734375,776.6601562500001,0.049787500000000005,5.2626953125,22.272,
0,4,,,6.638336181640625,34.935302734375,777.8710937500001,0.049787500000000005,5.2626953125,22.306,
0,4,,,6.648063659667969,34.98291015625001,779.0820312500001,0.049860312500000004,5.2623046875,22.34,
0,4,,,6.55517578125,34.4964599609375,780.2929687500001,0.0491640625,5.2625,22.374,
0,4,,,6.55517578125,34.4964599609375,781.3964843750001,0.0491640625,5.2625,22.409,
0,4,,,6.657028198242188,35.02868652343751,782.5976562500001,0.04992750000000001,5.261914062500001,22.443,
0,4,,,6.636619567871094,34.92309570312501,783.8085937500001,0.049774687500000005,5.2623046875,22.476,
0,4,,,6.636619567871094,34.92309570312501,785.0292968750001,0.049774687500000005,5.2623046875,22.51,
0,4,,,6.6829681396484375,35.1654052734375,786.1328125,0.0501215625,5.2621093750000005,22.544,
0,4,,,6.572723388671875,34.5904541015625,787.333984375,0.049295937500000005,5.2626953125,22.578,
0,4,,,6.572723388671875,34.5904541015625,788.5449218750001,0.049295937500000005,5.2626953125,22.612,
0,4,,,6.6356658935546875,34.918212890625,789.7656250000001,0.049768437500000005,5.2621093750000005,22.646,
0,4,,,6.650733947753906,35.0,790.8593750000001,0.04988125,5.2625,22.68,
0,4,,,6.650733947753906,35.0,792.0605468750001,0.04988125,5.2625,22.714,
0,4,,,6.62822723388672,34.8779296875,793.2812500000001,0.0497109375,5.2621093750000005,22.748,
0,4,,,6.57024383544922,34.57702636718751,794.4824218750001,0.04927718750000001,5.2626953125,22.782,
0,4,,,6.57024383544922,34.57702636718751,795.6933593750001,0.04927718750000001,5.2626953125,22.816,
0,4,,,6.634902954101563,34.91271972656251,796.7968750000001,0.049761875000000004,5.2621093750000005,22.85,
0,4,,,6.634140014648438,34.912109375,797.9980468750001,0.04975625,5.2625,22.884,
0,4,,,6.634140014648438,34.912109375,799.2089843750001,0.04975625,5.2623046875,22.919,
0,4,,,6.638526916503906,34.93408203125,800.4199218750001,0.049789375000000004,5.2623046875,22.953,
0,4,,,6.56890869140625,34.5660400390625,801.6308593750001,0.049266875,5.2621093750000005,22.987,
0,4,,,6.56890869140625,34.5660400390625,802.734375,0.049266875,5.2626953125,23.021,
0,4,,,6.64215087890625,34.954833984375,803.9453125,0.049815937500000004,5.2626953125,23.055,
0,4,,,6.683731079101563,35.1715087890625,805.166015625,0.050128125,5.2623046875,23.089,
0,4,,,6.683731079101563,35.1715087890625,806.3671875000001,0.04958656250000001,5.2623046875,23.123,
0,4,,,6.611442565917969,34.79064941406251,807.470703125,0.04958656250000001,5.2623046875,23.157,
0,4,,,6.6127777099609375,34.80041503906251,808.681640625,0.0495953125,5.2626953125,23.191,
0,4,,,6.6127777099609375,34.80041503906251,809.8925781250001,0.0498253125,5.262890625000001,23.225,
0,4,,,6.6432952880859375,34.9627685546875,811.1035156250001,0.0498253125,5.262890625000001,23.259,
0,4,,,6.66637420654297,35.0848388671875,812.3144531250001,0.049998437500000006,5.2630859375000005,23.293,
0,4,,,6.66637420654297,35.0848388671875,813.41796875,0.04947218750000001,5.2625,23.327,
0,4,,,6.596183776855469,34.7125244140625,814.6191406250001,0.04947218750000001,5.2625,23.361,
0,4,,,6.592369079589844,34.69177246093751,815.8398437500001,0.0494428125,5.2625,23.395,
0,4,,,6.592369079589844,34.69177246093751,817.0507812500001,0.050019375000000005,5.2625,23.429,
0,4,,,6.669235229492188,35.09643554687501,818.1445312500002,0.050019375000000005,5.2625,23.463,
0,4,,,6.615638732910156,34.813232421875,819.3554687500001,0.04961718750000001,5.2623046875,23.497,
0,4,,,6.615638732910156,34.90234375,820.5664062500001,0.049740625000000004,5.2626953125,23.531,
0,4,,,6.632041931152345,34.90234375,821.77734375,0.049740625000000004,5.2626953125,23.565,
0,4,,,6.61468505859375,34.80895996093751,822.98828125,0.049610625000000005,5.2623046875,23.599,
0,4,,,6.6623687744140625,35.05920410156251,824.0917968750001,0.0499671875,5.2625,23.633,
0,4,,,6.6623687744140625,35.05920410156251,825.3027343750001,0.0499671875,5.2625,23.667,
0,4,,,6.646156311035156,34.97436523437501,826.513671875,0.049845625000000005,5.2625,23.701,
0,4,,,6.5761566162109375,34.60510253906251,827.724609375,0.049321562500000006,5.2623046875,23.735,
0,4,,,6.5761566162109375,34.60510253906251,828.818359375,0.049321562500000006,5.2623046875,23.769,
0,4,,,6.605720520019531,34.76318359375001,830.029296875,0.04954312500000001,5.2626953125,23.803,
0,4,,,6.653785705566406,35.0152587890625,831.240234375,0.0499034375,5.2625,23.837,
0,4,,,6.653785705566406,35.0152587890625,832.4511718750002,0.0499034375,5.2625,23.871,
0,4,,,6.6410064697265625,34.94445800781251,833.5449218750001,0.0498071875,5.2621093750000005,23.905,
0,4,,,6.591796875,34.6881103515625,834.755859375,0.049439062500000006,5.2623046875,23.939,
0,4,,,6.591796875,34.6881103515625,835.9667968750002,0.049439062500000006,5.2623046875,23.974,
0,4,,,6.628990173339844,34.88037109375,837.1777343750001,0.049717500000000005,5.261914062500001,24.008,
0,4,,,6.652641296386719,35.00610351562501,838.3886718750001,0.04989468750000001,5.2621093750000005,24.042,
0,4,,,6.652641296386719,35.00610351562501,839.6093750000001,0.04989468750000001,5.2621093750000005,24.076,
0,4,,,6.656074523925782,35.025634765625,840.7031250000001,0.0499203125,5.2623046875,24.11,
0,4,,,6.572151184082032,34.58740234375001,841.9238281250001,0.04929125,5.2626953125,24.144,
0,4,,,6.572151184082032,34.58740234375001,843.1347656250001,0.04929125,5.2626953125,24.178,
0,4,,,6.6715240478515625,35.10864257812501,844.3457031250001,0.0500359375,5.2625,24.212,
0,4,,,6.6967010498046875,35.24108886718751,845.458984375,0.050225937500000005,5.2625,24.246,
0,4,,,6.6967010498046875,35.24108886718751,846.669921875,0.050225937500000005,5.2625,24.28,
0,4,,,6.676864624023438,35.13610839843751,847.890625,0.050076562500000005,5.2625,24.314,
0,4,,,6.572914123535157,34.59228515625001,849.1015625000001,0.0492965625,5.262890625000001,24.348,
0,4,,,6.572914123535157,34.59228515625001,850.1953125,0.0492965625,5.262890625000001,24.382,
0,4,,,6.648826599121094,34.9884033203125,851.40625,0.049866875000000005,5.2623046875,24.416,
0,4,,,6.6364288330078125,34.9249267578125,852.6171875000001,0.0497734375,5.2626953125,24.45,
0,4,,,6.6364288330078125,34.9249267578125,853.8281250000001,0.0497734375,5.2626953125,24.484,
0,4,,,6.629371643066407,34.88342285156251,855.0292968750001,0.049719687500000005,5.2621093750000005,24.518,
0,4,,,6.565475463867188,34.552001953125,856.1328125000002,0.04924125000000001,5.2626953125,24.552,
0,4,,,6.565475463867188,34.552001953125,857.3437500000001,0.04924125000000001,5.2626953125,24.586,
0,4,,,6.62994384765625,34.89135742187501,858.5449218750001,0.04972531250000001,5.2626953125,24.62,
0,4,,,6.614494323730469,34.80834960937501,859.7460937500001,0.0496090625,5.2625,24.654,
0,4,,,6.614494323730469,34.80834960937501,860.8593750000001,0.0496090625,5.2623046875,24.687,
0,4,,,6.657028198242188,35.030517578125,862.0703125000001,0.04992750000000001,5.2623046875,24.721,
0,4,,,6.589508056640625,34.68017578125,863.28125,0.04942125000000001,5.262890625000001,24.755,
0,4,,,6.589508056640625,34.68017578125,864.4921875,0.049846875000000006,5.2626953125,24.789,
0,4,,,6.646347045898438,34.9774169921875,865.5859375000001,0.049846875000000006,5.2626953125,24.823,
0,4,,,6.66961669921875,35.10009765625,866.8066406250001,0.0500221875,5.2626953125,24.857,
0,4,,,6.66961669921875,35.10009765625,868.017578125,0.049609687500000006,5.2623046875,24.891,
0,4,,,6.61468505859375,34.80712890625001,869.228515625,0.049609687500000006,5.2623046875,24.925,
0,4,,,6.6089630126953125,34.779052734375,870.3320312500001,0.049566875,5.2625,24.959,
0,4,,,6.6089630126953125,34.779052734375,871.54296875,0.049877500000000005,5.262890625000001,24.993,
0,4,,,6.650352478027345,35.0,872.744140625,0.049877500000000005,5.262890625000001,25.028,
0,4,,,6.638717651367188,34.9334716796875,873.9550781250002,0.04979093750000001,5.2621093750000005,25.062,
0,4,,,6.638717651367188,34.9334716796875,875.1660156250001,0.049559375,5.2623046875,25.096,
0,4,,,6.608009338378906,34.77294921875001,876.3769531250001,0.049559375,5.2623046875,25.13,
0,4,,,6.577110290527344,34.60937500000001,877.48046875,0.04932906250000001,5.2621093750000005,25.164,
0,4,,,6.577110290527344,35.2081298828125,878.6914062500002,0.050181875,5.2621093750000005,25.198,
0,4,,,6.69097900390625,35.2081298828125,879.9023437500001,0.050181875,5.2621093750000005,25.232,
0,4,,,6.65874481201172,35.04150390625001,881.1230468750001,0.049940625,5.2625,25.266,
0,4,,,6.6356658935546875,34.92248535156251,882.2265625000001,0.049767500000000006,5.262890625000001,25.3,
0,4,,,6.6356658935546875,34.92248535156251,883.4375,0.049767500000000006,5.262890625000001,25.334,
0,4,,,6.634330749511719,34.91333007812501,884.658203125,0.049756875000000006,5.2626953125,25.368,
0,4,,,6.6783905029296875,35.1470947265625,885.8691406250001,0.050088437500000006,5.262890625000001,25.402,
0,4,,,6.6783905029296875,35.1470947265625,886.9726562500001,0.050088437500000006,5.262890625000001,25.436,
0,4,,,6.659698486328126,35.04760742187501,888.1933593750001,0.049947500000000006,5.2626953125,25.47,
0,4,,,6.603813171386719,34.75158691406251,889.404296875,0.049529062500000005,5.2623046875,25.504,
0,4,,,6.603813171386719,34.75158691406251,890.6054687500001,0.049529062500000005,5.2623046875,25.538,
0,4,,,6.620788574218751,34.84436035156251,891.7089843750001,0.04965531250000001,5.262890625000001,25.572,
0,4,,,6.6555023193359375,35.01953125000001,892.919921875,0.04991593750000001,5.261914062500001,25.606,
0,4,,,6.6555023193359375,35.01953125000001,894.130859375,0.04991593750000001,5.261914062500001,25.64,
0,4,,,6.6192626953125,34.83154296875001,895.3320312500001,0.049645,5.2621093750000005,25.674,
0,4,,,6.5937042236328125,34.69909667968751,896.5527343750001,0.049452812500000005,5.2625,25.708,
0,4,,,6.5937042236328125,34.69909667968751,897.65625,0.049452812500000005,5.2625,25.742,
0,4,,,6.65435791015625,35.01953125000001,898.8671875,0.049906875,5.262890625000001,25.776,
0,4,,,6.6547393798828125,35.0164794921875,900.0781250000002,0.049911250000000004,5.261914062500001,25.81,
0,4,,,6.6547393798828125,35.0164794921875,901.2890625000001,0.049911250000000004,5.261914062500001,25.844,
0,4,,,6.655311584472656,35.01953125000001,902.3925781250001,0.0499153125,5.261914062500001,25.878,
0,4,,,6.569099426269532,34.57092285156251,903.603515625,0.04926875000000001,5.2626953125,25.912,
0,4,,,6.569099426269532,34.57092285156251,904.8144531250002,0.04926875000000001,5.2626953125,25.946,
0,4,,,6.670379638671876,35.1007080078125,906.0351562500002,0.050027812500000005,5.2623046875,25.98,
0,4,,,6.655883789062501,35.02990722656251,907.2363281250001,0.049919375,5.2630859375000005,26.014,
0,4,,,6.655883789062501,35.02990722656251,908.3496093750001,0.049919375,5.2630859375000005,26.047,
0,4,,,6.669807434082031,35.0994873046875,909.5507812500001,0.050024375,5.2625,26.082,
0,4,,,6.544494628906251,34.43969726562501,910.7617187500001,0.04908343750000001,5.2625,26.116,
0,4,,,6.544494628906251,34.43969726562501,911.9726562500001,0.04908343750000001,5.2625,26.15,
0,4,,,6.656455993652344,35.0250244140625,913.18359375,0.0499234375,5.261914062500001,26.184,
0,4,,,6.66942596435547,35.09582519531251,914.2871093750001,0.050020625000000006,5.2623046875,26.218,
0,4,,,6.66942596435547,35.09582519531251,915.5078125000001,0.050020625000000006,5.2626953125,26.252,
0,4,,,6.6669464111328125,35.08544921875,916.708984375,0.050001562500000006,5.2626953125,26.286,
0,4,,,6.559944152832031,34.520263671875,917.9296875,0.0491990625,5.2623046875,26.32,
0,4,,,6.559944152832031,34.520263671875,919.033203125,0.0491990625,5.2623046875,26.354,
0,4,,,6.6802978515625,35.1531982421875,920.2441406250001,0.050102187500000006,5.2623046875,26.388,
0,4,,,6.6650390625,35.0738525390625,921.4550781250001,0.049987500000000004,5.2625,26.422,
0,4,,,6.6650390625,35.0738525390625,922.6757812500001,0.049805312500000004,5.2626953125,26.456,
0,4,,,6.640625000000001,34.9468994140625,923.76953125,0.049805312500000004,5.2626953125,26.49,
0,4,,,6.5704345703125,34.58007812500001,924.9804687500002,0.0492784375,5.2630859375000005,26.524,
0,4,,,6.5704345703125,34.58007812500001,926.1816406250001,0.049772812500000006,5.261914062500001,26.558,
0,4,,,6.6364288330078125,34.9188232421875,927.4023437500001,0.049772812500000006,5.261914062500001,26.592,
0,4,,,6.675529479980469,35.12756347656251,928.505859375,0.050065937500000005,5.2623046875,26.626,
0,4,,,6.675529479980469,35.12756347656251,929.7167968750002,0.04980625,5.2626953125,26.66,
0,4,,,6.640815734863282,34.947509765625,930.9277343750001,0.04980625,5.2626953125,26.694,
0,4,,,6.595611572265625,34.710693359375,932.1484375000001,0.04946687500000001,5.2626953125,26.728,
0,4,,,6.595611572265625,34.710693359375,933.3593750000001,0.0500890625,5.2626953125,26.762,
0,4,,,6.678581237792969,35.146484375,934.4531250000001,0.0500890625,5.2626953125,26.796,
0,4,,,6.616973876953126,34.81872558593751,935.6640625000001,0.049626562500000006,5.2621093750000005,26.83,
0,4,,,6.616973876953126,34.81872558593751,936.865234375,0.049485,5.26171875,26.864,
0,4,,,6.597900390625001,34.71557617187501,938.076171875,0.049485,5.26171875,26.898,
0,4,,,6.589698791503906,34.6759033203125,939.1796875000001,0.049423125000000005,5.2621093750000005,26.931,
0,4,,,6.671905517578125,35.107421875,940.390625,0.0500390625,5.2621093750000005,26.965,
0,4,,,6.671905517578125,35.107421875,941.611328125,0.0500390625,5.2621093750000005,26.999,
0,4,,,6.676101684570313,35.1324462890625,942.8125,0.050071250000000005,5.2625,27.033,
0,4,,,6.609535217285156,34.779052734375,943.9257812500001,0.0495709375,5.2621093750000005,27.067,
0,4,,,6.609535217285156,34.779052734375,945.1367187500001,0.0495709375,5.2621093750000005,27.101,
0,4,,,6.62364959716797,34.8590087890625,946.3476562500001,0.049677187500000004,5.262890625000001,27.136,
0,4,,,6.662178039550781,35.0616455078125,947.5585937500001,0.049966562500000006,5.262890625000001,27.17,
0,4,,,6.662178039550781,35.0616455078125,948.7792968750001,0.049966562500000006,5.262890625000001,27.204,
0,4,,,6.669044494628906,35.09521484375,949.8828125000002,0.050017500000000006,5.2625,27.238,
0,4,,,6.6028594970703125,34.74792480468751,951.0937500000001,0.0495209375,5.2626953125,27.272,
0,4,,,6.6028594970703125,34.74792480468751,952.2949218750001,0.0495209375,5.2626953125,27.306,
0,4,,,6.622505187988282,34.849853515625,953.5156250000001,0.049668750000000005,5.2625,27.34,
0,4,,,6.655693054199219,35.025634765625,954.6093750000001,0.0499184375,5.2625,27.374,
0,4,,,6.655693054199219,35.025634765625,955.8300781250001,0.0499184375,5.2625,27.408,
0,4,,,6.6371917724609375,34.92187500000001,957.021484375,0.049779062500000006,5.2615234375,27.442,
0,4,,,6.586456298828126,34.66125488281251,958.2421875,0.049397812500000006,5.2625,27.476,
0,4,,,6.586456298828126,34.66125488281251,959.4531250000001,0.049397812500000006,5.2625,27.51,
0,4,,,6.653022766113282,35.00671386718751,960.5566406250001,0.049898437500000004,5.26171875,27.544,
0,4,,,6.633758544921875,34.91027832031251,961.767578125,0.049752500000000005,5.2626953125,27.578,
0,4,,,6.633758544921875,34.91027832031251,962.9785156250001,0.049752500000000005,5.2626953125,27.612,
0,4,,,6.671714782714844,35.10620117187501,964.1992187500001,0.050037500000000006,5.2621093750000005,27.646,
0,4,,,6.590843200683594,34.68627929687501,965.3027343750001,0.04943125,5.262890625000001,27.68,
0,4,,,6.590843200683594,34.68627929687501,966.513671875,0.04943125,5.262890625000001,27.714,
0,4,,,6.653213500976563,35.01342773437501,967.724609375,0.049899687500000005,5.2626953125,27.748,
0,4,,,6.681060791015625,35.1611328125,968.9355468750001,0.050108125,5.262890625000001,27.782,
0,4,,,6.681060791015625,35.1611328125,970.0488281250001,0.050108125,5.262890625000001,27.816,
0,4,,,6.683349609375,35.1690673828125,971.2597656250001,0.050125,5.2623046875,27.85,
0,4,,,6.586647033691406,34.6588134765625,972.4804687500001,0.049400625000000004,5.261914062500001,27.883,
0,4,,,6.586647033691406,34.6588134765625,973.6914062500001,0.049400625000000004,5.261914062500001,27.917,
0,4,,,6.6509246826171875,35.0,974.7851562500002,0.049881875000000006,5.2625,27.951,
0,4,,,6.632423400878906,34.903564453125,975.9960937500001,0.049743125000000006,5.2626953125,27.985,
0,4,,,6.632423400878906,34.903564453125,977.2070312500001,0.049743125000000006,5.2626953125,28.019,
0,4,,,6.668853759765625,35.0927734375,978.4277343750001,0.0500159375,5.2623046875,28.053,
0,4,,,6.580543518066407,34.63317871093751,979.6386718750001,0.04935375,5.2630859375000005,28.087,
0,4,,,6.580543518066407,34.63317871093751,980.7421875000002,0.04935375,5.2626953125,28.121,
0,4,,,6.6791534423828125,35.14953613281251,981.9531250000001,0.050093125,5.2626953125,28.155,
0,4,,,6.672477722167969,35.10986328125001,983.1738281250001,0.05004406250000001,5.261914062500001,28.19,
0,4,,,6.672477722167969,35.10986328125001,984.3847656250001,0.04975625,5.2623046875,28.224,
0,4,,,6.634140014648438,34.910888671875,985.5859375000002,0.04975625,5.2623046875,28.258,
0,4,,,6.552886962890626,34.48486328125,986.6796875000001,0.049146875000000007,5.2625,28.292,
0,4,,,6.552886962890626,34.48486328125,987.890625,0.049860625000000006,5.2623046875,28.326,
0,4,,,6.648063659667969,34.98413085937501,989.1015625000001,0.049860625000000006,5.2623046875,28.36,
0,4,,,6.637954711914063,34.93041992187501,990.3125000000001,0.049784375000000006,5.2623046875,28.394,
0,4,,,6.637954711914063,34.93041992187501,991.5332031250001,0.049801875,5.26171875,28.428,
0,4,,,6.6402435302734375,34.93896484375,992.626953125,0.049801875,5.26171875,28.462,
0,4,,,6.595802307128907,34.70825195312501,993.84765625,0.049468125,5.2623046875,28.496,
0,4,,,6.595802307128907,34.70825195312501,995.0585937500001,0.050176250000000006,5.2625,28.53,
0,4,,,6.690216064453126,35.2069091796875,996.2792968750001,0.050176250000000006,5.2625,28.564,
0,4,,,6.654930114746095,35.0177001953125,997.3730468750001,0.049911875,5.261914062500001,28.598,
0,4,,,6.630516052246094,34.8944091796875,998.5937500000001,0.04972875,5.2626953125,28.632,
0,4,,,6.630516052246094,34.8944091796875,999.7949218750002,0.04972875,5.2626953125,28.666,
0,4,,,6.596565246582031,34.71313476562501,1001.0156250000002,0.0494734375,5.2625,28.7,
0,4,,,6.647682189941406,34.979248046875,1002.1093750000001,0.049857187500000004,5.261914062500001,28.734,
0,4,,,6.647682189941406,34.979248046875,1003.3203125000001,0.049857187500000004,5.261914062500001,28.768,
0,4,,,6.658172607421875,35.03662109375001,1004.5312500000001,0.049936562500000004,5.2621093750000005,28.802,
0,4,,,6.617736816406251,34.8248291015625,1005.7519531250001,0.04963312500000001,5.2623046875,28.836,
0,4,,,6.617736816406251,34.8248291015625,1006.845703125,0.04963312500000001,5.2623046875,28.87,
0,4,,,6.615447998046875,34.81262207031251,1008.06640625,0.049615937500000006,5.2623046875,28.904,
0,4,,,6.66942596435547,35.09765625000001,1009.27734375,0.0500209375,5.2625,28.938,
0,4,,,6.66942596435547,35.09765625000001,1010.4882812500002,0.0500209375,5.2625,28.972,
0,4,,,6.667327880859376,35.08850097656251,1011.6992187500002,0.050004687500000006,5.262890625000001,29.006,
0,4,,,6.593513488769531,34.69970703125001,1012.8027343750001,0.049451875000000006,5.2626953125,29.04,
0,4,,,6.593513488769531,34.69970703125001,1014.0039062500001,0.049451875000000006,5.2626953125,29.074,
0,4,,,6.596565246582031,34.71435546875001,1015.2246093750001,0.0494746875,5.2625,29.108,
0,4,,,6.664657592773438,35.07507324218751,1016.4257812500001,0.049985312500000004,5.262890625000001,29.142,
0,4,,,6.664657592773438,35.07507324218751,1017.529296875,0.049985312500000004,5.262890625000001,29.176,
0,4,,,6.645011901855469,34.967041015625,1018.7402343750002,0.0498378125,5.2623046875,29.21,
0,4,,,6.600379943847656,34.73266601562501,1019.9609375000002,0.049503125,5.2621093750000005,29.244,
0,4,,,6.600379943847656,34.73266601562501,1021.1621093750001,0.049503125,5.2621093750000005,29.278,
0,4,,,6.631088256835938,34.8931884765625,1022.3828125000001,0.049733125,5.2621093750000005,29.312,
0,4,,,6.658363342285156,35.03662109375001,1023.4765625000002,0.0499371875,5.2621093750000005,29.346,
0,4,,,6.658363342285156,35.03662109375001,1024.6875000000002,0.0499371875,5.2621093750000005,29.38,
0,4,,,6.655311584472656,35.02258300781251,1025.8984375000002,0.0499140625,5.2625,29.414,
0,4,,,6.5670013427734375,34.55566406250001,1027.109375,0.0492521875,5.2621093750000005,29.448,
0,4,,,6.5670013427734375,34.55566406250001,1028.212890625,0.0492521875,5.2621093750000005,29.482,
0,4,,,6.654548645019531,35.02014160156251,1029.43359375,0.049909375000000006,5.2626953125,29.516,
0,4,,,6.6509246826171875,34.99755859375,1030.6347656250002,0.049881875000000006,5.2621093750000005,29.55,
0,4,,,6.6509246826171875,34.99755859375,1031.8457031250002,0.049881875000000006,5.2621093750000005,29.584,
0,4,,,6.6471099853515625,34.97802734375,1033.0566406250002,0.049853125000000005,5.2623046875,29.618,
0,4,,,6.591033935546876,34.6807861328125,1034.1601562500002,0.049433125,5.261914062500001,29.652,
0,4,,,6.591033935546876,34.6807861328125,1035.37109375,0.049433125,5.261914062500001,29.686,
0,4,,,6.676483154296875,35.1348876953125,1036.591796875,0.05007375000000001,5.2625,29.72,
0,4,,,6.653022766113282,35.0079345703125,1037.79296875,0.0498971875,5.2621093750000005,29.754,
0,4,,,6.653022766113282,35.0079345703125,1038.9062500000002,0.0498971875,5.2623046875,29.788,
0,4,,,6.65874481201172,35.040283203125,1040.1171875000002,0.049940937500000004,5.2623046875,29.822,
0,4,,,6.619071960449219,34.83398437500001,1041.3378906250002,0.049642500000000006,5.2626953125,29.856,
0,4,,,6.619071960449219,34.83398437500001,1042.5488281250002,0.0499184375,5.2626953125,29.89,
0,4,,,6.655693054199219,35.02624511718751,1043.65234375,0.0499184375,5.2626953125,29.924,
0,4,,,6.683921813964844,35.17333984375001,1044.873046875,0.05013,5.2623046875,29.958,
0,4,,,6.683921813964844,35.17333984375001,1046.0839843750002,0.049870937500000004,5.2625,29.992,
0,4,,,6.649398803710938,34.99145507812501,1047.3046875000002,0.049870937500000004,5.2625,30.026,
0,4,,,6.603813171386719,34.75341796875,1048.3984375000002,0.0495284375,5.2626953125,30.06,
0,4,,,6.603813171386719,34.75341796875,1049.609375,0.049815625,5.262890625000001,30.094,
0,4,,,6.64215087890625,34.9554443359375,1050.830078125,0.049815625,5.262890625000001,30.128,
0,4,,,6.6776275634765625,35.1397705078125,1052.0410156250002,0.05008218750000001,5.2623046875,30.162,
0,4,,,6.6776275634765625,35.1397705078125,1053.2617187500002,0.049857187500000004,5.2623046875,30.196,
0,4,,,6.647682189941406,34.9810791015625,1054.35546875,0.049857187500000004,5.2623046875,30.23,
0,4,,,6.568145751953126,34.56481933593751,1055.56640625,0.049261250000000006,5.2625,30.264,
0,4,,,6.568145751953126,34.56481933593751,1056.77734375,0.050043125,5.2623046875,30.298,
0,4,,,6.672477722167969,35.11230468750001,1057.998046875,0.050043125,5.2623046875,30.332,
0,4,,,6.656646728515625,35.02990722656251,1059.1992187500002,0.04992437500000001,5.2625,30.366,
0,4,,,6.621742248535157,34.84313964843751,1060.302734375,0.049663125,5.261914062500001,30.4,
0,4,,,6.621742248535157,34.84313964843751,1061.5136718750002,0.049663125,5.261914062500001,30.434,
0,4,,,6.612205505371095,34.794921875,1062.7343750000002,0.049591562500000005,5.2623046875,30.468,
0,4,,,6.648063659667969,34.98291015625001,1063.935546875,0.0498609375,5.2621093750000005,30.502,
0,4,,,6.648063659667969,34.98291015625001,1065.0488281250002,0.0498609375,5.2621093750000005,30.536,
0,4,,,6.674194335937501,35.1226806640625,1066.2597656250002,0.050056250000000004,5.2625,30.57,
0,4,,,6.62689208984375,34.87365722656251,1067.4707031250002,0.0497021875,5.2625,30.604,
0,4,,,6.62689208984375,34.87365722656251,1068.6816406250002,0.0497021875,5.2625,30.638,
0,4,,,6.626129150390625,34.873046875,1069.78515625,0.04969562500000001,5.2630859375000005,30.672,
0,4,,,6.680870056152345,35.15563964843751,1071.005859375,0.05010656250000001,5.2623046875,30.706,
0,4,,,6.680870056152345,35.15563964843751,1072.216796875,0.05010656250000001,5.2623046875,30.74,
0,4,,,6.6562652587890625,35.02990722656251,1073.4277343750002,0.04992125000000001,5.262890625000001,30.774,
0,4,,,6.615447998046875,34.814453125,1074.6484375000002,0.04961625,5.2626953125,30.808,
0,4,,,6.615447998046875,34.814453125,1075.7421875000002,0.04961625,5.2626953125,30.842,
0,4,,,6.620216369628906,34.83642578125001,1076.9628906250002,0.04965125,5.2623046875,30.876,
0,4,,,6.657028198242188,35.03234863281251,1078.1640625000002,0.0499278125,5.2625,30.91,
0,4,,,6.657028198242188,35.03234863281251,1079.3750000000002,0.0499278125,5.2625,30.944,
0,4,,,6.61468505859375,34.80651855468751,1080.46875,0.04961,5.2621093750000005,30.978,
0,4,,,6.598663330078126,34.72412109375001,1081.689453125,0.049490000000000006,5.2623046875,31.012,
0,4,,,6.598663330078126,34.72412109375001,1082.900390625,0.049490000000000006,5.2623046875,31.046,
0,4,,,6.649398803710938,34.993896484375,1084.12109375,0.04987031250000001,5.2626953125,31.08,
0,4,,,6.670379638671876,35.0994873046875,1085.21484375,0.0500275,5.2621093750000005,31.114,
0,4,,,6.670379638671876,35.0994873046875,1086.42578125,0.0500275,5.2621093750000005,31.148,
0,4,,,6.655693054199219,35.02258300781251,1087.6367187500002,0.049918125,5.2621093750000005,31.182,
0,4,,,6.569290161132813,34.57092285156251,1088.8574218750002,0.04927,5.2625,31.216,
0,4,,,6.569290161132813,34.57092285156251,1089.9511718750002,0.04927,5.2625,31.25,
0,4,,,6.668853759765625,35.09338378906251,1091.1718750000002,0.050016875,5.2623046875,31.284,
0,4,,,6.67572021484375,35.1318359375,1092.3828125000002,0.050068125000000005,5.2626953125,31.318,
0,4,,,6.67572021484375,35.1318359375,1093.5937500000002,0.050068125000000005,5.2626953125,31.352,
0,4,,,6.6497802734375,34.99206542968751,1094.8046875000002,0.0498728125,5.2623046875,31.386,
0,4,,,6.557273864746094,34.5068359375,1096.0253906250002,0.04918,5.2625,31.42,
0,4,,,6.557273864746094,34.5068359375,1097.12890625,0.04918,5.2625,31.454,
0,4,,,6.692695617675781,35.22033691406251,1098.33984375,0.050195312500000006,5.2625,31.488,
0,4,,,6.64215087890625,34.9542236328125,1099.541015625,0.049815937500000004,5.2625,31.522,
0,4,,,6.64215087890625,34.9542236328125,1100.76171875,0.049910312500000005,5.2623046875,31.556,
0,4,,,6.6547393798828125,35.01831054687501,1101.85546875,0.049910312500000005,5.2623046875,31.59,
0,4,,,6.567573547363281,34.56054687500001,1103.0664062500002,0.0492571875,5.2623046875,31.624,
0,4,,,6.567573547363281,34.56054687500001,1104.2773437500002,0.049901875000000005,5.2626953125,31.658,
0,4,,,6.653594970703125,35.0152587890625,1105.4980468750002,0.049901875000000005,5.2626953125,31.692,
0,4,,,6.672859191894531,35.115966796875,1106.6015625,0.05004625000000001,5.2625,31.726,
0,4,,,6.672859191894531,35.115966796875,1107.8125,0.0498240625,5.2621093750000005,31.76,
0,4,,,6.643104553222656,34.95727539062501,1109.0234375,0.0498240625,5.2621093750000005,31.794,
0,4,,,6.585884094238281,34.6575927734375,1110.244140625,0.049394375000000004,5.2625,31.828,
0,4,,,6.585884094238281,34.6575927734375,1111.337890625,0.050048125000000006,5.2625,31.862,
0,4,,,6.673049926757813,35.1165771484375,1112.55859375,0.050048125000000006,5.2625,31.896,
0,4,,,6.690406799316407,35.2081298828125,1113.76953125,0.05017750000000001,5.2625,31.93,
0,4,,,6.690406799316407,35.2081298828125,1114.990234375,0.049821562500000006,5.2621093750000005,31.964,
0,4,,,6.642913818359375,34.954833984375,1116.0839843750002,0.049821562500000006,5.2621093750000005,31.998,
0,4,,,6.5601348876953125,34.52392578125001,1117.2949218750002,0.04920125,5.2626953125,32.032,
0,4,,,6.5601348876953125,35.0238037109375,1118.4960937500002,0.049919375,5.2621093750000005,32.066,
0,4,,,6.655883789062501,35.0238037109375,1119.7265625000002,0.049919375,5.2621093750000005,32.1,
0,4,,,6.670570373535156,35.10375976562501,1120.9277343750002,0.050030000000000005,5.2625,32.134,
0,4,,,6.614112854003907,34.80468750000001,1122.03125,0.049606250000000005,5.2621093750000005,32.168,
0,4,,,6.614112854003907,34.80468750000001,1123.2421875,0.049606250000000005,5.2621093750000005,32.202,
0,4,,,6.607627868652344,34.76928710937501,1124.4531250000002,0.049557500000000004,5.2621093750000005,32.236,
0,4,,,6.639862060546876,34.9365234375,1125.654296875,0.04979937500000001,5.26171875,32.27,
0,4,,,6.639862060546876,34.9365234375,1126.7578125,0.04979937500000001,5.26171875,32.304,
0,4,,,6.648826599121094,34.98657226562501,1127.9687500000002,0.04986625,5.2621093750000005,32.338,
0,4,,,6.632804870605469,34.903564453125,1129.1894531250002,0.049745937500000004,5.2623046875,32.372,
0,4,,,6.632804870605469,34.903564453125,1130.3906250000002,0.049745937500000004,5.2623046875,32.406,
0,4,,,6.598472595214844,34.72351074218751,1131.6113281250002,0.04948906250000001,5.2623046875,32.44,
0,4,,,6.680870056152345,35.15563964843751,1132.71484375,0.050107187500000004,5.2621093750000005,32.474,
0,4,,,6.680870056152345,35.15563964843751,1133.935546875,0.050107187500000004,5.2621093750000005,32.508,
0,4,,,6.682014465332031,35.1617431640625,1135.146484375,0.05011500000000001,5.2621093750000005,32.542,
0,4,,,6.612205505371095,34.796142578125,1136.357421875,0.04959125,5.2625,32.576,
0,4,,,6.612205505371095,34.796142578125,1137.451171875,0.04959125,5.2625,32.61,
0,4,,,6.602668762207032,34.74365234375001,1138.671875,0.049519375000000004,5.2621093750000005,32.644,
0,4,,,6.6600799560546875,35.05004882812501,1139.8828125000002,0.04995093750000001,5.2626953125,32.678,
0,4,,,6.6600799560546875,35.05004882812501,1141.1035156250002,0.04995093750000001,5.2626953125,32.712,
0,4,,,6.6791534423828125,35.14831542968751,1142.3046875,0.050093125,5.2625,32.746,
0,4,,,6.595420837402344,34.70947265625001,1143.4179687500002,0.04946625,5.2626953125,32.78,
0,4,,,6.595420837402344,34.70947265625001,1144.6289062500002,0.04946625,5.2626953125,32.814,
0,4,,,6.659698486328126,35.0482177734375,1145.8496093750002,0.049946875,5.262890625000001,32.848,
0,4,,,6.683921813964844,35.17089843750001,1147.0507812500002,0.050129687500000006,5.2621093750000005,32.882,
0,4,,,6.683921813964844,35.17089843750001,1148.1640625,0.050129687500000006,5.2621093750000005,32.916,
0,4,,,6.646156311035156,34.97619628906251,1149.375,0.04984625,5.2626953125,32.95,
0,4,,,6.5990447998046875,34.72839355468751,1150.595703125,0.049492812500000004,5.2626953125,32.984,
0,4,,,6.5990447998046875,34.72839355468751,1151.7968750000002,0.049492812500000004,5.2626953125,33.018,
0,4,,,6.646156311035156,34.97375488281251,1152.9003906250002,0.049845625000000005,5.2623046875,33.052,
0,4,,,6.642913818359375,34.9578857421875,1154.1015625,0.0498209375,5.2625,33.086,
0,4,,,6.642913818359375,34.9578857421875,1155.322265625,0.0498209375,5.2625,33.12,
0,4,,,6.634902954101563,34.91455078125001,1156.5234375000002,0.0497615625,5.2623046875,33.154,
0,4,,,6.576919555664063,34.60937500000001,1157.63671875,0.04932625,5.2623046875,33.188,
0,4,,,6.576919555664063,34.60937500000001,1158.84765625,0.04932625,5.2626953125,33.222,
0,4,,,6.6986083984375,35.252685546875,1160.068359375,0.050239687500000005,5.2626953125,33.256,
0,4,,,6.659126281738281,35.0457763671875,1161.26953125,0.049944062500000004,5.2626953125,33.29,
0,4,,,6.659126281738281,35.0457763671875,1162.490234375,0.04992125000000001,5.2630859375000005,33.324,
0,4,,,6.656074523925782,35.0311279296875,1163.583984375,0.04992125000000001,5.2630859375000005,33.358,
0,4,,,6.545448303222657,34.4439697265625,1164.8046875,0.04909125,5.2623046875,33.392,
0,4,,,6.545448303222657,34.4439697265625,1166.0058593750002,0.049954687500000004,5.2623046875,33.426,
0,4,,,6.660652160644532,35.05004882812501,1167.2265625000002,0.049954687500000004,5.2623046875,33.46,
0,4,,,6.669807434082031,35.09521484375,1168.4375000000002,0.050023437500000004,5.261914062500001,33.494,
0,4,,,6.669807434082031,35.09521484375,1169.5312500000002,0.049669687500000004,5.262890625000001,33.528,
0,4,,,6.622695922851563,34.85351562500001,1170.7421875000002,0.049669687500000004,5.262890625000001,33.562,
0,4,,,6.590270996093751,34.67773437500001,1171.9531250000002,0.049427500000000006,5.261914062500001,33.596,
0,4,,,6.590270996093751,34.67773437500001,1173.1640625000002,0.0498175,5.2623046875,33.63,
0,4,,,6.642341613769531,34.9542236328125,1174.3750000000002,0.0498175,5.2623046875,33.664,
0,4,,,6.640434265136719,34.942626953125,1175.46875,0.049802500000000006,5.2623046875,33.698,
0,4,,,6.640434265136719,34.8193359375,1176.6796875,0.049628437500000004,5.2621093750000005,33.732,
0,4,,,6.617164611816406,34.8193359375,1177.880859375,0.049628437500000004,5.2621093750000005,33.766,
0,4,,,6.567573547363281,34.5599365234375,1179.1015625,0.0492571875,5.2621093750000005,33.8,
0,4,,,6.653785705566406,35.01403808593751,1180.1953125000002,0.049903750000000004,5.2623046875,33.834,
0,4,,,6.653785705566406,35.01403808593751,1181.4160156250002,0.049903750000000004,5.2623046875,33.868,
0,4,,,6.66046142578125,35.0482177734375,1182.6171875,0.0499534375,5.2621093750000005,33.902,
0,4,,,6.632423400878906,34.89990234375001,1183.837890625,0.0497425,5.2621093750000005,33.936,
0,4,,,6.632423400878906,34.89990234375001,1184.9316406250002,0.0497425,5.2621093750000005,33.97,
0,4,,,6.592941284179688,34.69360351562501,1186.1425781250002,0.049447500000000005,5.2623046875,34.004,
0,4,,,6.635284423828125,34.91455078125001,1187.3535156250002,0.049765000000000004,5.2621093750000005,34.038,
0,4,,,6.635284423828125,34.91455078125001,1188.5742187500002,0.049765000000000004,5.2621093750000005,34.072,
0,4,,,6.697845458984376,35.244140625,1189.6777343750002,0.05023375000000001,5.2621093750000005,34.106,
0,4,,,6.624031066894531,34.8577880859375,1190.888671875,0.04967968750000001,5.2625,34.14,
0,4,,,6.624031066894531,34.8577880859375,1192.099609375,0.04967968750000001,5.2625,34.174,
0,4,,,6.619453430175781,34.83642578125001,1193.330078125,0.04964625,5.2626953125,34.208,
0,4,,,6.683921813964844,35.16967773437501,1194.4238281250002,0.0501290625,5.261914062500001,34.242,
0,4,,,6.683921813964844,35.16967773437501,1195.6445312500002,0.0501290625,5.261914062500001,34.276,
0,4,,,6.665229797363281,35.07507324218751,1196.8554687500002,0.049989687500000005,5.2623046875,34.31,
0,4,,,6.610679626464844,34.788818359375,1198.0664062500002,0.049580625,5.2625,34.344,
0,4,,,6.610679626464844,34.788818359375,1199.267578125,0.049580625,5.2625,34.378,
0,4,,,6.601524353027345,34.73937988281251,1200.361328125,0.0495115625,5.2623046875,34.412,
0,4,,,6.621360778808594,34.84313964843751,1201.572265625,0.049660312500000005,5.2623046875,34.446,
0,4,,,6.621360778808594,34.84313964843751,1202.783203125,0.049660312500000005,5.2623046875,34.48,
0,4,,,6.645011901855469,34.96826171875001,1203.984375,0.049838125000000004,5.2623046875,34.515,
0,4,,,6.570625305175781,34.576416015625,1205.205078125,0.049280312500000006,5.2623046875,34.549,
0,4,,,6.570625305175781,34.576416015625,1206.298828125,0.049280312500000006,5.2623046875,34.583,
0,4,,,6.6371917724609375,34.9261474609375,1207.51953125,0.049778750000000004,5.2623046875,34.617,
0,4,,,6.644248962402344,34.967041015625,1208.7207031250002,0.04983125000000001,5.262890625000001,34.651,
0,4,,,6.644248962402344,34.967041015625,1209.9316406250002,0.04983125000000001,5.262890625000001,34.685,
0,4,,,6.646156311035156,34.97436523437501,1211.0351562500002,0.04984593750000001,5.2625,34.719,
0,4,,,6.591796875,34.68688964843751,1212.2558593750002,0.0494384375,5.2621093750000005,34.752,
0,4,,,6.591796875,34.68688964843751,1213.4570312500002,0.0494384375,5.2621093750000005,34.786,
0,4,,,6.633758544921875,34.91027832031251,1214.6777343750002,0.0497540625,5.2625,34.82,
0,4,,,6.6638946533203125,35.06713867187501,1215.8789062500002,0.04997875,5.2623046875,34.854,
0,4,,,6.6638946533203125,35.06713867187501,1216.9824218750002,0.04997875,5.2626953125,34.888,
0,4,,,6.6371917724609375,34.92980957031251,1218.18359375,0.049778750000000004,5.2626953125,34.922,
0,4,,,6.575775146484376,34.60510253906251,1219.404296875,0.049318125000000004,5.2626953125,34.956,
0,4,,,6.575775146484376,34.60510253906251,1220.60546875,0.049838437500000006,5.2623046875,34.99,
0,4,,,6.64520263671875,34.96887207031251,1221.7187500000002,0.049838437500000006,5.2623046875,35.024,
0,4,,,6.659126281738281,35.0433349609375,1222.9199218750002,0.049943125000000005,5.2625,35.058,
0,4,,,6.659126281738281,35.0433349609375,1224.1406250000002,0.049836250000000006,5.2621093750000005,35.092,
0,4,,,6.6448211669921875,34.9658203125,1225.341796875,0.049836250000000006,5.2621093750000005,35.126,
0,4,,,6.578254699707031,34.61791992187501,1226.4550781250002,0.0493378125,5.2625,35.16,
0,4,,,6.578254699707031,34.61791992187501,1227.6562500000002,0.0498315625,5.261914062500001,35.194,
0,4,,,6.644248962402344,34.96093750000001,1228.8769531250002,0.0498315625,5.261914062500001,35.228,
0,4,,,6.679916381835938,35.15075683593751,1230.0878906250002,0.050100000000000006,5.2621093750000005,35.262,
0,4,,,6.679916381835938,35.15075683593751,1231.1914062500002,0.04982687500000001,5.2623046875,35.296,
0,4,,,6.64348602294922,34.95971679687501,1232.4023437500002,0.04982687500000001,5.2623046875,35.33,
0,4,,,6.586456298828126,34.661865234375,1233.6132812500002,0.049398125,5.2626953125,35.364,
0,4,,,6.586456298828126,34.661865234375,1234.82421875,0.0500040625,5.2626953125,35.398,
0,4,,,6.667137145996094,35.086669921875,1236.044921875,0.0500040625,5.2626953125,35.432,
0,4,,,6.641960144042969,34.95605468750001,1237.1386718750002,0.049815000000000005,5.262890625000001,35.466,
0,4,,,6.641960144042969,35.03356933593751,1238.3593750000002,0.04992875,5.2626953125,35.5,
0,4,,,6.657218933105469,35.03356933593751,1239.5703125000002,0.04992875,5.2626953125,35.534,
0,4,,,6.610298156738282,34.7869873046875,1240.7910156250002,0.049576875000000006,5.2626953125,35.569,
0,4,,,6.667900085449219,35.08972167968751,1241.9921875000002,0.050009687500000004,5.2625,35.603,
0,4,,,6.667900085449219,35.08972167968751,1243.1054687500002,0.050009687500000004,5.2625,35.637,
0,4,,,6.6555023193359375,35.02258300781251,1244.306640625,0.04991625,5.2623046875,35.67,
0,4,,,6.613159179687501,34.7991943359375,1245.52734375,0.049599062500000006,5.2621093750000005,35.704,
0,4,,,6.613159179687501,34.7991943359375,1246.728515625,0.049599062500000006,5.2621093750000005,35.738,
0,4,,,6.5990447998046875,34.7265625,1247.8417968750002,0.0494925,5.2625,35.772,
0,4,,,6.637382507324219,34.92553710937501,1249.0332031250002,0.049780937500000004,5.261914062500001,35.806,
0,4,,,6.637382507324219,34.92553710937501,1250.2636718750002,0.049780937500000004,5.261914062500001,35.84,
0,4,,,6.671333312988282,35.10498046875001,1251.46484375,0.0500346875,5.2621093750000005,35.874,
0,4,,,6.638717651367188,34.935302734375,1252.5781250000002,0.0497903125,5.2623046875,35.908,
0,4,,,6.638717651367188,34.935302734375,1253.7792968750002,0.0497903125,5.2623046875,35.942,
0,4,,,6.5975189208984375,34.71618652343751,1255.009765625,0.04948062500000001,5.2621093750000005,35.976,
0,4,,,6.68792724609375,35.19287109375,1256.2109375000002,0.050159062500000004,5.2623046875,36.01,
0,4,,,6.68792724609375,35.19287109375,1257.4316406250002,0.050159062500000004,5.2623046875,36.044,
0,4,,,6.629371643066407,34.88525390625001,1258.5156250000002,0.049720625000000004,5.2623046875,36.078,
0,4,,,6.643867492675781,34.96032714843751,1259.7460937500002,0.049829687500000004,5.2621093750000005,36.112,
0,4,,,6.643867492675781,34.96032714843751,1260.947265625,0.049829687500000004,5.2621093750000005,36.146,
0,4,,,6.603431701660157,34.74792480468751,1262.16796875,0.049525937500000006,5.2621093750000005,36.18,
0,4,,,6.63585662841797,34.918212890625,1263.2519531250002,0.049768437500000005,5.2621093750000005,36.214,
0,4,,,6.63585662841797,34.918212890625,1264.4726562500002,0.049768437500000005,5.2621093750000005,36.248,
0,4,,,6.675910949707032,35.12939453125001,1265.6835937500002,0.0500696875,5.2621093750000005,36.282,
0,4,,,6.616783142089845,34.82177734375001,1266.9042968750002,0.049626562500000006,5.2626953125,36.316,
0,4,,,6.616783142089845,34.82177734375001,1268.0078125000002,0.049626562500000006,5.2626953125,36.35,
0,4,,,6.635475158691406,34.918212890625,1269.2285156250002,0.049765312500000006,5.2625,36.384,
0,4,,,6.681823730468751,35.15930175781251,1270.4296875,0.050113750000000006,5.261914062500001,36.418,
0,4,,,6.681823730468751,35.15930175781251,1271.6601562500002,0.050113750000000006,5.261914062500001,36.452,
0,4,,,6.675148010253907,35.12695312500001,1272.7539062500002,0.0500634375,5.2625,36.486,
0,4,,,6.6089630126953125,34.77661132812501,1273.9746093750002,0.049566875,5.2621093750000005,36.52,
0,4,,,6.6089630126953125,34.77661132812501,1275.1855468750002,0.049566875,5.2621093750000005,36.554,
0,4,,,6.658172607421875,35.0390625,1276.4062500000002,0.04993625,5.2626953125,36.588,
0,4,,,6.6699981689453125,35.1007080078125,1277.6074218750002,0.05002500000000001,5.2625,36.623,
0,4,,,6.6699981689453125,35.1007080078125,1278.8378906250002,0.05002500000000001,5.2623046875,36.657,
0,4,,,6.659126281738281,35.0421142578125,1279.9218750000002,0.04994375,5.2623046875,36.691,
0,4,,,6.554222106933594,34.490966796875,1281.1425781250002,0.0491565625,5.2625,36.725,
0,4,,,6.554222106933594,34.490966796875,1282.3437500000002,0.050056875,5.2621093750000005,36.759,
0,4,,,6.674194335937501,35.12023925781251,1283.57421875,0.050056875,5.2621093750000005,36.793,
0,4,,,6.647491455078126,34.98352050781251,1284.6582031250002,0.0498559375,5.2626953125,36.827,
0,4,,,6.647491455078126,34.98352050781251,1285.8789062500002,0.049968750000000006,5.2625,36.861,
0,4,,,6.662559509277345,35.06103515625,1287.0898437500002,0.049968750000000006,5.2625,36.895,
0,4,,,6.566810607910156,34.5599365234375,1288.3007812500002,0.04925125,5.262890625000001,36.928,
0,4,,,6.566810607910156,34.5599365234375,1289.3945312500002,0.04982,5.261914062500001,36.962,
0,4,,,6.642532348632813,34.9517822265625,1290.6152343750002,0.04982,5.261914062500001,36.996,
0,4,,,6.682586669921876,35.16601562500001,1291.8261718750002,0.0501196875,5.2623046875,37.03,
0,4,,,6.682586669921876,35.16601562500001,1293.0371093750002,0.049682500000000004,5.2626953125,37.064,
0,4,,,6.624412536621095,34.86145019531251,1294.2382812500002,0.049682500000000004,5.2626953125,37.098,
0,4,,,6.583595275878907,34.64782714843751,1295.3515625000002,0.0493771875,5.262890625000001,37.132,
0,4,,,6.583595275878907,35.03356933593751,1296.552734375,0.049932500000000005,5.2621093750000005,37.166,
0,4,,,6.657791137695313,35.03356933593751,1297.7734375,0.049932500000000005,5.2621093750000005,37.2,
0,4,,,6.624031066894531,34.85839843750001,1298.9648437500002,0.049680625000000006,5.2623046875,37.234,
0,4,,,6.642532348632813,34.9517822265625,1300.0781250000002,0.049819375000000006,5.261914062500001,37.268,
0,4,,,6.642532348632813,34.9517822265625,1301.2792968750002,0.049819375000000006,5.261914062500001,37.302,
0,4,,,6.581306457519531,34.63562011718751,1302.5000000000002,0.049359375000000004,5.2626953125,37.336,
0,4,,,6.65874481201172,35.03540039062501,1303.7011718750002,0.04994031250000001,5.26171875,37.37,
0,4,,,6.65874481201172,35.03540039062501,1304.814453125,0.04994031250000001,5.26171875,37.404,
0,4,,,6.6562652587890625,35.030517578125,1306.0156250000002,0.049921875000000004,5.262890625000001,37.438,
0,4,,,6.595039367675782,34.703369140625,1307.2265625000002,0.0494628125,5.2621093750000005,37.472,
0,4,,,6.595039367675782,34.703369140625,1308.4277343750002,0.0494628125,5.2621093750000005,37.506,
0,4,,,6.586647033691406,34.66369628906251,1309.5410156250002,0.0494003125,5.2626953125,37.54,
0,4,,,6.666755676269531,35.07934570312501,1310.751953125,0.050000312500000005,5.261914062500001,37.574,
0,4,,,6.666755676269531,35.07934570312501,1311.97265625,0.050000312500000005,5.261914062500001,37.608,
0,4,,,6.685066223144531,35.179443359375,1313.1738281250002,0.050137812500000004,5.2625,37.642,
0,4,,,6.605529785156251,34.75891113281251,1314.2871093750002,0.04954093750000001,5.2623046875,37.677,
0,4,,,6.605529785156251,34.75891113281251,1315.4980468750002,0.04954093750000001,5.2623046875,37.711,
0,4,,,6.6204071044921875,34.8406982421875,1316.7089843750002,0.049652812500000004,5.2626953125,37.745,
0,4,,,6.636810302734376,34.9261474609375,1317.9101562500002,0.049775937500000006,5.2625,37.779,
0,4,,,6.636810302734376,34.9261474609375,1319.1308593750002,0.049775937500000006,5.2625,37.812,
0,4,,,6.650733947753906,34.9951171875,1320.3320312500002,0.04988093750000001,5.261914062500001,37.846,
0,4,,,6.62822723388672,34.881591796875,1321.4453125,0.04971156250000001,5.2626953125,37.88,
0,4,,,6.62822723388672,34.881591796875,1322.65625,0.04971156250000001,5.2626953125,37.914,
0,4,,,6.630134582519532,34.8876953125,1323.876953125,0.049725937500000005,5.2621093750000005,37.948,
0,4,,,6.661605834960938,35.0537109375,1325.078125,0.0499628125,5.261914062500001,37.982,
0,4,,,6.661605834960938,35.0537109375,1326.1914062500002,0.0499628125,5.261914062500001,38.016,
0,4,,,6.661033630371094,35.0482177734375,1327.392578125,0.04995718750000001,5.261914062500001,38.05,
0,4,,,6.62364959716797,34.8565673828125,1328.6230468750002,0.049677500000000006,5.2625,38.084,
0,4,,,6.62364959716797,34.8565673828125,1329.8242187500002,0.049677500000000006,5.2625,38.118,
0,4,,,6.640815734863282,34.9493408203125,1330.9375,0.04980625,5.262890625000001,38.152,
0,4,,,6.649017333984375,34.98962402343751,1332.1386718750002,0.0498675,5.2625,38.186,
0,4,,,6.649017333984375,34.98962402343751,1333.3593750000002,0.0498675,5.2625,38.22,
0,4,,,6.668853759765625,35.093994140625,1334.5605468750002,0.050016250000000005,5.2625,38.254,
0,4,,,6.599235534667969,34.725341796875,1335.6835937500002,0.04949375,5.2621093750000005,38.288,
0,4,,,6.599235534667969,34.725341796875,1336.8847656250002,0.04949375,5.2626953125,38.322,
0,4,,,6.649971008300781,34.99694824218751,1338.1054687500002,0.04987562500000001,5.2626953125,38.356,
0,4,,,6.6516876220703125,35.001220703125,1339.306640625,0.04988843750000001,5.261914062500001,38.39,
0,4,,,6.6516876220703125,35.001220703125,1340.52734375,0.04988843750000001,5.2621093750000005,38.424,
0,4,,,6.6585540771484375,35.03784179687501,1341.6113281250002,0.049938750000000004,5.2621093750000005,38.458,
0,4,,,6.571769714355469,34.58496093750001,1342.8417968750002,0.049288437500000004,5.2626953125,38.492,
0,4,,,6.571769714355469,34.58496093750001,1344.0429687500002,0.049991875000000005,5.2625,38.526,
0,4,,,6.665611267089845,35.0775146484375,1345.2636718750002,0.049991875000000005,5.2625,38.56,
0,4,,,6.64653778076172,34.97619628906251,1346.34765625,0.049848750000000004,5.2625,38.594,
0,4,,,6.64653778076172,34.97619628906251,1347.578125,0.050061562500000004,5.2625,38.628,
0,4,,,6.674957275390626,35.125732421875,1348.779296875,0.050061562500000004,5.2625,38.662,
0,4,,,6.572723388671875,34.58740234375001,1350.009765625,0.049295937500000005,5.2623046875,38.696,
0,4,,,6.572723388671875,34.58740234375001,1351.0937500000002,0.049854062500000004,5.2621093750000005,38.731,
0,4,,,6.6471099853515625,34.9774169921875,1352.3144531250002,0.049854062500000004,5.2621093750000005,38.765,
0,4,,,6.668663024902344,35.093994140625,1353.5253906250002,0.050015625,5.2625,38.799,
0,4,,,6.668663024902344,35.09521484375,1354.7460937500002,0.05001875,5.2623046875,38.833,
0,4,,,6.669235229492188,35.09521484375,1355.9472656250002,0.05001875,5.2623046875,38.867,
0,4,,,6.543540954589845,34.43359375000001,1357.0507812500002,0.049076562500000004,5.2623046875,38.901,
0,4,,,6.6944122314453125,35.2294921875,1358.2617187500002,0.0502084375,5.2625,38.935,
0,4,,,6.6944122314453125,35.2294921875,1359.4921875000002,0.0502084375,5.2625,38.969,
0,4,,,6.662750244140626,35.062255859375,1360.6933593750002,0.04997125,5.2623046875,39.002,
0,4,,,6.677818298339845,35.14038085937501,1361.9238281250002,0.0500834375,5.2623046875,39.036,
0,4,,,6.677818298339845,35.14038085937501,1363.0175781250002,0.0500834375,5.2623046875,39.07,
0,4,,,6.584358215332032,34.649658203125,1364.2285156250002,0.049382812500000005,5.2625,39.104,
0,4,,,6.659889221191407,35.04455566406251,1365.439453125,0.049948437500000005,5.2621093750000005,39.138,
0,4,,,6.659889221191407,35.04455566406251,1366.66015625,0.049948437500000005,5.2621093750000005,39.172,
0,4,,,6.66637420654297,35.08239746093751,1367.7539062500002,0.049998125000000004,5.2626953125,39.206,
0,4,,,6.6432952880859375,34.95849609375001,1368.9746093750002,0.0498253125,5.2621093750000005,39.24,
0,4,,,6.6432952880859375,34.95849609375001,1370.1757812500002,0.0498253125,5.2621093750000005,39.274,
0,4,,,6.593513488769531,34.69787597656251,1371.4062500000002,0.049451562500000004,5.2625,39.308,
0,4,,,6.663513183593751,35.06652832031251,1372.4902343750002,0.049976875000000004,5.2625,39.342,
0,4,,,6.663513183593751,35.06652832031251,1373.7207031250002,0.049976875000000004,5.2625,39.376,
0,4,,,6.660842895507813,35.0494384765625,1374.912109375,0.04995625,5.2621093750000005,39.41,
0,4,,,6.583976745605469,34.649658203125,1376.1328125,0.04938000000000001,5.2626953125,39.444,
0,4,,,6.583976745605469,34.649658203125,1377.32421875,0.04938000000000001,5.2626953125,39.478,
0,4,,,6.6059112548828125,34.7650146484375,1378.4472656250002,0.049544375,5.2626953125,39.512,
0,4,,,6.661033630371094,35.05187988281251,1379.6484375000002,0.04995718750000001,5.2623046875,39.546,
0,4,,,6.661033630371094,35.05187988281251,1380.8691406250002,0.04995718750000001,5.2623046875,39.58,
0,4,,,6.673622131347656,35.11413574218751,1382.0703125000002,0.050051875,5.26171875,39.614,
0,4,,,6.61602020263672,34.81567382812501,1383.18359375,0.0496196875,5.2625,39.648,
0,4,,,6.61602020263672,34.81567382812501,1384.3945312500002,0.0496196875,5.2625,39.682,
0,4,,,6.630516052246094,34.89257812500001,1385.6152343750002,0.04972875,5.2625,39.716,
0,4,,,6.646347045898438,34.97253417968751,1386.8066406250002,0.04984812500000001,5.261914062500001,39.75,
0,4,,,6.646347045898438,34.97253417968751,1387.9199218750002,0.04984812500000001,5.261914062500001,39.785,
0,4,,,6.66942596435547,35.09582519531251,1389.12109375,0.0500209375,5.2623046875,39.819,
0,4,,,6.591796875,34.6875,1390.3515625000002,0.049439375,5.2623046875,39.853,
0,4,,,6.591796875,34.6875,1391.552734375,0.049439375,5.2623046875,39.887,
0,4,,,6.6562652587890625,35.02746582031251,1392.783203125,0.049922187500000006,5.2623046875,39.921,
0,4,,,6.694221496582032,35.2239990234375,1393.8769531250002,0.05020718750000001,5.261914062500001,39.955,
0,4,,,6.694221496582032,35.2239990234375,1395.0976562500002,0.05020718750000001,5.2621093750000005,39.989,
0,4,,,6.6497802734375,34.99206542968751,1396.2988281250002,0.049873437500000006,5.2621093750000005,40.023,
0,4,,,6.588935852050781,34.6722412109375,1397.5195312500002,0.049416562500000004,5.2623046875,40.057,
0,4,,,6.588935852050781,34.6722412109375,1398.6230468750002,0.049416562500000004,5.2621093750000005,40.09,
0,4,,,6.659889221191407,35.04455566406251,1399.8437500000002,0.049949375000000004,5.2621093750000005,40.124,
0,4,,,6.686401367187501,35.18188476562501,1401.0546875000002,0.050148437500000004,5.26171875,40.158,
0,4,,,6.686401367187501,35.18188476562501,1402.2753906250002,0.0497934375,5.2621093750000005,40.192,
0,4,,,6.63909912109375,34.935302734375,1403.4570312500002,0.0497934375,5.2621093750000005,40.226,
0,4,,,6.522369384765626,34.324951171875,1404.5703125000002,0.04891812500000001,5.2626953125,40.26,
0,4,,,6.522369384765626,34.324951171875,1405.7714843750002,0.050063750000000004,5.2621093750000005,40.294,
0,4,,,6.675148010253907,35.12512207031251,1406.9921875000002,0.050063750000000004,5.2621093750000005,40.328,
0,4,,,6.655693054199219,35.02075195312501,1408.203125,0.049918125,5.26171875,40.362,
0,4,,,6.655693054199219,35.02075195312501,1409.3164062500002,0.050062812500000005,5.2621093750000005,40.396,
0,4,,,6.674957275390626,35.12512207031251,1410.5175781250002,0.050062812500000005,5.2621093750000005,40.43,
0,4,,,6.580352783203125,34.6282958984375,1411.748046875,0.0493528125,5.2625,40.464,
0,4,,,6.580352783203125,34.6282958984375,1412.9394531250002,0.04986500000000001,5.26171875,40.498,
0,4,,,6.6486358642578125,34.98352050781251,1414.1699218750002,0.04986500000000001,5.26171875,40.532,
0,4,,,6.666755676269531,35.08178710937501,1415.2636718750002,0.05,5.2623046875,40.566,
0,4,,,6.666755676269531,34.8968505859375,1416.4746093750002,0.04974218750000001,5.26171875,40.6,
0,4,,,6.632232666015626,34.8968505859375,1417.67578125,0.04974218750000001,5.26171875,40.634,
0,4,,,6.582069396972656,34.63928222656251,1418.896484375,0.0493653125,5.2626953125,40.668,
0,4,,,6.6707611083984375,35.10620117187501,1419.9902343750002,0.050030937500000004,5.2626953125,40.702,
0,4,,,6.6707611083984375,35.10620117187501,1421.2109375000002,0.050030937500000004,5.2626953125,40.736,
0,4,,,6.65416717529297,35.015869140625,1422.4218750000002,0.049906250000000006,5.2623046875,40.77,
0,4,,,6.68163299560547,35.1629638671875,1423.6523437500002,0.05011187500000001,5.2626953125,40.804,
0,4,,,6.68163299560547,35.1629638671875,1424.7460937500002,0.05011187500000001,5.2626953125,40.839,
0,4,,,6.585884094238281,34.65576171875001,1425.9667968750002,0.049393437500000005,5.2623046875,40.873,
0,4,,,6.674194335937501,35.1171875,1427.16796875,0.050056562500000006,5.26171875,40.907,
0,4,,,6.674194335937501,35.1171875,1428.3984375000002,0.050056562500000006,5.26171875,40.941,
0,4,,,6.6967010498046875,35.23498535156251,1429.609375,0.050224687500000004,5.26171875,40.975,
0,4,,,6.6547393798828125,35.02014160156251,1430.830078125,0.04991062500000001,5.2625,41.009,
0,4,,,6.6547393798828125,35.02014160156251,1431.9238281250002,0.04991062500000001,5.2625,41.043,
0,4,,,6.6013336181640625,34.7381591796875,1433.1445312500002,0.0495096875,5.2623046875,41.077,
0,4,,,6.668853759765625,35.09033203125001,1434.3457031250002,0.050016875,5.26171875,41.111,
0,4,,,6.668853759765625,35.09033203125001,1435.5761718750002,0.050016875,5.26171875,41.145,
0,4,,,6.671714782714844,35.1068115234375,1436.669921875,0.050037187500000004,5.2621093750000005,41.179,
0,4,,,6.62689208984375,34.8724365234375,1437.890625,0.049701875000000006,5.2623046875,41.213,
0,4,,,6.62689208984375,34.8724365234375,1439.0820312500002,0.049701875000000006,5.2623046875,41.247,
0,4,,,6.5830230712890625,34.6435546875,1440.3125,0.049373125000000004,5.2626953125,41.281,
0,4,,,6.6585540771484375,35.0396728515625,1441.40625,0.0499396875,5.2623046875,41.315,
0,4,,,6.6585540771484375,35.0396728515625,1442.626953125,0.0499396875,5.2623046875,41.349,
0,4,,,6.663322448730469,35.06408691406251,1443.8183593750002,0.049974687500000003,5.2623046875,41.383,
0,4,,,6.6135406494140625,34.7991943359375,1445.0488281250002,0.0496015625,5.261914062500001,41.417,
0,4,,,6.6135406494140625,34.7991943359375,1446.25,0.0496015625,5.261914062500001,41.451,
0,4,,,6.615638732910156,34.81201171875,1447.3632812500002,0.049616875000000005,5.2621093750000005,41.485,
0,4,,,6.635284423828125,34.9169921875,1448.5546875000002,0.0497646875,5.2623046875,41.519,
0,4,,,6.635284423828125,34.9169921875,1449.7851562500002,0.0497646875,5.2623046875,41.553,
0,4,,,6.6661834716796875,35.08117675781251,1450.9765625000002,0.049995937500000004,5.2626953125,41.587,
0,4,,,6.593513488769531,34.69665527343751,1452.0898437500002,0.049451562500000004,5.2623046875,41.621,
0,4,,,6.593513488769531,34.69665527343751,1453.291015625,0.049451562500000004,5.2621093750000005,41.655,
0,4,,,6.620979309082031,34.840087890625,1454.5214843750002,0.049657187500000005,5.2621093750000005,41.689,
0,4,,,6.655693054199219,35.02075195312501,1455.712890625,0.049917812500000006,5.26171875,41.723,
0,4,,,6.655693054199219,35.02075195312501,1456.8261718750002,0.049917812500000006,5.2623046875,41.757,
0,4,,,6.632232666015626,34.90051269531251,1458.0175781250002,0.049741875000000005,5.2623046875,41.791,
0,4,,,6.590461730957031,34.68505859375001,1459.2480468750002,0.049428437500000005,5.2630859375000005,41.825,
0,4,,,6.590461730957031,34.68505859375001,1460.44921875,0.0498284375,5.2621093750000005,41.859,
0,4,,,6.643867492675781,34.95971679687501,1461.669921875,0.0498284375,5.2621093750000005,41.894,
0,4,,,6.653594970703125,35.01403808593751,1462.8710937500002,0.04990218750000001,5.2625,41.928,
0,4,,,6.653594970703125,35.01403808593751,1463.994140625,0.050119062500000006,5.2621093750000005,41.962,
0,4,,,6.682586669921876,35.1641845703125,1465.1855468750002,0.050119062500000006,5.2621093750000005,41.996,
0,4,,,6.535148620605469,34.38781738281251,1466.4062500000002,0.04901375,5.2621093750000005,42.03,
0,4,,,6.535148620605469,34.38781738281251,1467.5976562500002,0.049883750000000004,5.2621093750000005,42.064,
0,4,,,6.65111541748047,34.99877929687501,1468.7207031250002,0.049883750000000004,5.2621093750000005,42.098,
0,4,,,6.658935546875001,35.0408935546875,1469.9121093750002,0.049942187500000006,5.2623046875,42.132,
0,4,,,6.658935546875001,35.0408935546875,1471.142578125,0.05007156250000001,5.2623046875,42.166,
0,4,,,6.676292419433594,35.1324462890625,1472.3437500000002,0.05007156250000001,5.2623046875,42.2,
0,4,,,6.577301025390625,34.6112060546875,1473.4570312500002,0.04932906250000001,5.2623046875,42.234,
0,4,,,6.645774841308594,34.969482421875,1474.6582031250002,0.049843750000000006,5.261914062500001,42.268,
0,4,,,6.645774841308594,34.969482421875,1475.8789062500002,0.049843750000000006,5.261914062500001,42.302,
0,4,,,6.648826599121094,34.9871826171875,1477.0800781250002,0.0498665625,5.2621093750000005,42.336,
0,4,,,6.6562652587890625,35.02685546875,1478.3007812500002,0.04992125000000001,5.2623046875,42.37,
0,4,,,6.6562652587890625,35.02685546875,1479.3847656250002,0.04992125000000001,5.2623046875,42.404,
0,4,,,6.554412841796875,34.49462890625001,1480.615234375,0.04915750000000001,5.262890625000001,42.438,
0,4,,,6.6753387451171875,35.12939453125001,1481.81640625,0.05006531250000001,5.2625,42.471,
0,4,,,6.6753387451171875,35.12939453125001,1483.037109375,0.05006531250000001,5.2625,42.505,
0,4,,,6.675529479980469,35.12939453125001,1484.130859375,0.0500665625,5.2625,42.539,
0,4,,,6.641769409179688,34.9505615234375,1485.3613281250002,0.049813750000000004,5.2623046875,42.573,
0,4,,,6.641769409179688,34.9505615234375,1486.5625000000002,0.049813750000000004,5.2623046875,42.607,
0,4,,,6.600570678710938,34.7357177734375,1487.7832031250002,0.049504687500000005,5.2625,42.641,
0,4,,,6.634330749511719,34.91149902343751,1488.8671875000002,0.0497575,5.2623046875,42.675,
0,4,,,6.634330749511719,34.91149902343751,1490.0976562500002,0.0497575,5.2623046875,42.709,
0,4,,,6.657600402832031,35.03540039062501,1491.2890625000002,0.049931562500000005,5.2625,42.743,
0,4,,,6.62689208984375,34.86938476562501,1492.5195312500002,0.049702500000000004,5.26171875,42.777,
0,4,,,6.62689208984375,34.86938476562501,1493.603515625,0.049702500000000004,5.26171875,42.811,
0,4,,,6.592369079589844,34.69055175781251,1494.833984375,0.049443125000000004,5.2623046875,42.845,
0,4,,,6.699562072753906,35.25512695312501,1496.0351562500002,0.0502465625,5.2625,42.879,
0,4,,,6.699562072753906,35.25512695312501,1497.265625,0.0502465625,5.2625,42.913,
0,4,,,6.661224365234375,35.05004882812501,1498.45703125,0.04995875,5.261914062500001,42.948,
0,4,,,6.614494323730469,34.80773925781251,1499.677734375,0.049609375000000004,5.2623046875,42.982,
0,4,,,6.614494323730469,34.80773925781251,1500.7714843750002,0.049609375000000004,5.2623046875,43.016,
0,4,,,6.602287292480469,34.74487304687501,1502.0019531250002,0.049517500000000006,5.2625,43.05,
0,4,,,6.691360473632813,35.21301269531251,1503.2031250000002,0.050184375,5.2625,43.084,
0,4,,,6.691360473632813,35.21301269531251,1504.4335937500002,0.050184375,5.2625,43.118,
0,4,,,6.6619873046875,35.05676269531251,1505.517578125,0.04996468750000001,5.2623046875,43.152,
0,4,,,6.626701354980469,34.87060546875,1506.748046875,0.049700625000000005,5.2621093750000005,43.186,
0,4,,,6.626701354980469,34.87060546875,1507.9492187500002,0.049700625000000005,5.2621093750000005,43.22,
0,4,,,6.6333770751953125,34.906005859375,1509.1699218750002,0.04974968750000001,5.2623046875,43.254,
0,4,,,6.657600402832031,35.03540039062501,1510.2636718750002,0.04993125,5.2626953125,43.288,
0,4,,,6.657600402832031,35.03540039062501,1511.4941406250002,0.04993125,5.2625,43.322,
0,4,,,6.676673889160156,35.13549804687501,1512.6953125,0.050074687500000006,5.2625,43.356,
0,4,,,6.599235534667969,34.727783203125,1513.916015625,0.04949437500000001,5.2625,43.39,
0,4,,,6.599235534667969,34.727783203125,1515.1171875000002,0.04949437500000001,5.2626953125,43.424,
0,4,,,6.641578674316407,34.95239257812501,1516.240234375,0.049811875000000005,5.2626953125,43.458,
0,4,,,6.664848327636719,35.07324218750001,1517.4414062500002,0.04998625,5.2625,43.492,
0,4,,,6.664848327636719,35.07324218750001,1518.6523437500002,0.049691875,5.2621093750000005,43.526,
0,4,,,6.625556945800782,34.86328125,1519.8535156250002,0.049691875,5.2621093750000005,43.56,
0,4,,,6.632804870605469,34.90722656250001,1520.9765625000002,0.049745625,5.262890625000001,43.594,
0,4,,,6.632804870605469,34.90722656250001,1522.1875000000002,0.049969375,5.2623046875,43.627,
0,4,,,6.662559509277345,35.06103515625,1523.4082031250002,0.049969375,5.2623046875,43.661,
0,4,,,6.6497802734375,34.99084472656251,1524.609375,0.04987375,5.261914062500001,43.695,
0,4,,,6.6497802734375,34.99084472656251,1525.7226562500002,0.0499259375,5.2623046875,43.729,
0,4,,,6.656837463378907,35.02990722656251,1526.9238281250002,0.0499259375,5.2623046875,43.763,
0,4,,,6.573295593261719,34.59289550781251,1528.1445312500002,0.049300312500000006,5.2626953125,43.797,
0,4,,,6.573295593261719,34.59289550781251,1529.3457031250002,0.049912500000000005,5.2626953125,43.831,
0,4,,,6.654930114746095,35.02258300781251,1530.4589843750002,0.049912500000000005,5.2626953125,43.865,
0,4,,,6.653022766113282,35.0103759765625,1531.650390625,0.0498971875,5.2625,43.899,
0,4,,,6.653022766113282,34.94323730468751,1532.87109375,0.049803437500000006,5.2623046875,43.933,
0,4,,,6.640434265136719,34.94323730468751,1534.0722656250002,0.049803437500000006,5.2623046875,43.967,
0,4,,,6.569099426269532,34.56848144531251,1535.302734375,0.04926875000000001,5.2623046875,44.002,
0,4,,,6.640625000000001,34.94445800781251,1536.3867187500002,0.04980468750000001,5.2623046875,44.036,
0,4,,,6.640625000000001,34.94445800781251,1537.6074218750002,0.04980468750000001,5.2623046875,44.07,
0,4,,,6.6547393798828125,35.0189208984375,1538.8085937500002,0.049910312500000005,5.2623046875,44.104,
0,4,,,6.656837463378907,35.02929687500001,1540.0292968750002,0.0499259375,5.2623046875,44.138,
0,4,,,6.656837463378907,35.02929687500001,1541.2304687500002,0.0499259375,5.2623046875,44.172,
0,4,,,6.5608978271484375,34.52270507812501,1542.3437500000002,0.04920625000000001,5.2621093750000005,44.206,
0,4,,,6.65740966796875,35.03234863281251,1543.5351562500002,0.049930625000000006,5.2623046875,44.24,
0,4,,,6.65740966796875,35.03234863281251,1544.7656250000002,0.049930625000000006,5.2623046875,44.274,
0,4,,,6.651878356933594,35.00488281250001,1545.9570312500002,0.049889062500000005,5.2625,44.308,
0,4,,,6.636619567871094,34.9261474609375,1547.080078125,0.049774375,5.2626953125,44.342,
0,4,,,6.636619567871094,34.9261474609375,1548.2714843750002,0.049774375,5.2626953125,44.376,
0,4,,,6.571197509765626,34.57946777343751,1549.4921875000002,0.049284375000000005,5.2623046875,44.41,
0,4,,,6.645965576171875,34.97131347656251,1550.693359375,0.0498453125,5.2621093750000005,44.444,
0,4,,,6.645965576171875,34.97131347656251,1551.8066406250002,0.0498453125,5.2621093750000005,44.478,
0,4,,,6.684303283691406,35.17395019531251,1553.0078125000002,0.0501325,5.2623046875,44.512,
0,4,,,6.633186340332032,34.903564453125,1554.2382812500002,0.049748437500000006,5.2621093750000005,44.546,
0,4,,,6.633186340332032,34.903564453125,1555.4296875000002,0.049748437500000006,5.2621093750000005,44.579,
0,4,,,6.5715789794921875,34.581298828125,1556.6601562500002,0.049286562500000006,5.2623046875,44.613,
0,4,,,6.6715240478515625,35.1080322265625,1557.744140625,0.050036250000000004,5.2625,44.647,
0,4,,,6.6715240478515625,35.1080322265625,1558.9746093750002,0.050036250000000004,5.2625,44.681,
0,4,,,6.642532348632813,34.9542236328125,1560.1660156250002,0.049819062500000004,5.2623046875,44.715,
0,4,,,6.648063659667969,34.98413085937501,1561.3964843750002,0.049859687500000006,5.2625,44.749,
0,4,,,6.648063659667969,34.98413085937501,1562.4804687500002,0.049859687500000006,5.2625,44.783,
0,4,,,6.585311889648438,34.65454101562501,1563.7109375000002,0.04939062500000001,5.2625,44.817,
0,4,,,6.683731079101563,35.1678466796875,1564.9121093750002,0.050127500000000005,5.261914062500001,44.851,
0,4,,,6.683731079101563,35.1678466796875,1566.1328125000002,0.050127500000000005,5.261914062500001,44.885,
0,4,,,6.650352478027345,34.996337890625,1567.2167968750002,0.049877500000000005,5.2623046875,44.919,
0,4,,,6.6009521484375,34.7369384765625,1568.4472656250002,0.0495075,5.2623046875,44.953,
0,4,,,6.6009521484375,34.7369384765625,1569.6386718750002,0.0495075,5.2623046875,44.987,
0,4,,,6.596755981445313,34.710693359375,1570.8593750000002,0.049475625,5.261914062500001,45.021,
0,4,,,6.650543212890625,34.99877929687501,1571.9531250000002,0.049879375000000004,5.2625,45.056,
0,4,,,6.650543212890625,34.99877929687501,1573.1835937500002,0.049879375000000004,5.2625,45.09,
0,4,,,6.678009033203126,35.14221191406251,1574.384765625,0.05008531250000001,5.2625,45.124,
0,4,,,6.6295623779296875,34.8895263671875,1575.6152343750002,0.049721875000000006,5.262890625000001,45.158,
0,4,,,6.6295623779296875,34.8895263671875,1576.826171875,0.050067187500000006,5.2625,45.192,
0,4,,,6.675529479980469,35.12939453125001,1577.9394531250002,0.050067187500000006,5.2625,45.226,
0,4,,,6.641578674316407,34.9517822265625,1579.1308593750002,0.04981218750000001,5.2626953125,45.26,
0,4,,,6.641578674316407,34.9517822265625,1580.3515625000002,0.04993812500000001,5.2625,45.294,
0,4,,,6.658363342285156,35.0396728515625,1581.5625000000002,0.04993812500000001,5.2625,45.328,
0,4,,,6.637382507324219,34.93103027343751,1582.7929687500002,0.049780000000000005,5.262890625000001,45.362,
0,4,,,6.637382507324219,34.93103027343751,1583.88671875,0.049916875000000006,5.2625,45.396,
0,4,,,6.6555023193359375,35.0250244140625,1585.107421875,0.049916875000000006,5.2625,45.43,
0,4,,,6.65283203125,35.00671386718751,1586.30859375,0.04989687500000001,5.261914062500001,45.464,
0,4,,,6.65283203125,35.00671386718751,1587.5390625000002,0.0500759375,5.2626953125,45.498,
0,4,,,6.676864624023438,35.1373291015625,1588.6328125000002,0.0500759375,5.2626953125,45.532,
0,4,,,6.582069396972656,34.63562011718751,1589.8535156250002,0.049365000000000006,5.2623046875,45.566,
0,4,,,6.582069396972656,34.63562011718751,1591.0546875000002,0.0499171875,5.2630859375000005,45.6,
0,4,,,6.655693054199219,35.02868652343751,1592.28515625,0.0499171875,5.2630859375000005,45.634,
0,4,,,6.683540344238282,35.17456054687501,1593.3789062500002,0.050126250000000004,5.262890625000001,45.668,
0,4,,,6.667518615722657,35.087890625,1594.5996093750002,0.0500071875,5.2625,45.702,
0,4,,,6.667518615722657,35.087890625,1595.8007812500002,0.0500071875,5.2625,45.735,
0,4,,,6.562232971191406,34.53430175781251,1597.0312500000002,0.0492171875,5.2625,45.769,
0,4,,,6.68487548828125,35.17822265625,1598.2324218750002,0.050135937500000005,5.2625,45.803,
0,4,,,6.68487548828125,35.17822265625,1599.3457031250002,0.050135937500000005,5.2625,45.837,
0,4,,,6.665611267089845,35.0799560546875,1600.5468750000002,0.0499915625,5.262890625000001,45.871,
0,4,,,6.651878356933594,35.00610351562501,1601.7675781250002,0.04988843750000001,5.2626953125,45.905,
0,4,,,6.651878356933594,35.00610351562501,1602.978515625,0.04988843750000001,5.2626953125,45.939,
0,4,,,6.5914154052734375,34.69055175781251,1604.0917968750002,0.049435937500000006,5.262890625000001,45.973,
0,4,,,6.669235229492188,35.09765625000001,1605.2929687500002,0.05001968750000001,5.2626953125,46.007,
0,4,,,6.669235229492188,35.09765625000001,1606.5234375,0.05001968750000001,5.2626953125,46.041,
0,4,,,6.695938110351563,35.23315429687501,1607.7246093750005,0.050219687500000006,5.261914062500001,46.075,
0,4,,,6.661224365234375,35.054931640625,1608.8476562500002,0.0499596875,5.2625,46.11,
0,4,,,6.661224365234375,35.054931640625,1610.0488281250002,0.0499596875,5.2625,46.144,
0,4,,,6.602287292480469,34.7430419921875,1611.2695312500002,0.0495178125,5.2623046875,46.178,
0,4,,,6.65416717529297,35.0177001953125,1612.470703125,0.049906875,5.2625,46.212,
0,4,,,6.65416717529297,35.0177001953125,1613.701171875,0.049906875,5.2625,46.246,
0,4,,,6.665992736816406,35.07934570312501,1614.7851562500002,0.0499946875,5.2625,46.28,
0,4,,,6.638526916503906,34.93408203125,1616.0058593750002,0.049788437500000005,5.2625,46.314,
0,4,,,6.638526916503906,34.93408203125,1617.2070312500002,0.049788437500000005,5.2625,46.348,
0,4,,,6.600379943847656,34.73388671875,1618.4472656250002,0.049503437500000004,5.2625,46.382,
0,4,,,6.698799133300782,35.24902343750001,1619.5410156250002,0.0502415625,5.2621093750000005,46.416,
0,4,,,6.698799133300782,35.24902343750001,1620.751953125,0.0502415625,5.2621093750000005,46.45,
0,4,,,6.630325317382813,34.8883056640625,1621.9628906250002,0.049728125000000005,5.261914062500001,46.484,
0,4,,,6.657791137695313,35.03601074218751,1623.1835937500002,0.049933125,5.2625,46.518,
0,4,,,6.657791137695313,35.03601074218751,1624.3847656250002,0.049933125,5.2625,46.552,
0,4,,,6.592559814453125,34.6923828125,1625.4980468750002,0.049444375000000006,5.2623046875,46.586,
0,4,,,6.656646728515625,35.028076171875,1626.6992187500002,0.0499246875,5.2623046875,46.62,
0,4,,,6.656646728515625,35.028076171875,1627.9199218750002,0.0499246875,5.2623046875,46.654,
0,4,,,6.651878356933594,35.001220703125,1629.1210937500002,0.04988843750000001,5.261914062500001,46.688,
0,4,,,6.620979309082031,34.8419189453125,1630.2343750000005,0.049657187500000005,5.2623046875,46.722,
0,4,,,6.620979309082031,34.8419189453125,1631.4355468750002,0.049657187500000005,5.2621093750000005,46.756,
0,4,,,6.634521484375,34.91149902343751,1632.6660156250002,0.049759687500000004,5.2621093750000005,46.79,
0,4,,,6.662750244140626,35.06042480468751,1633.8671875,0.04997000000000001,5.2623046875,46.824,
0,4,,,6.662750244140626,35.06042480468751,1634.9804687500002,0.04997000000000001,5.2623046875,46.858,
0,4,,,6.650352478027345,34.996337890625,1636.1718750000002,0.049877500000000005,5.2623046875,46.892,
0,4,,,6.600379943847656,34.7332763671875,1637.3925781250002,0.049503437500000004,5.2623046875,46.926,
0,4,,,6.600379943847656,34.7332763671875,1638.59375,0.04942343750000001,5.2621093750000005,46.959,
0,4,,,6.589698791503906,34.67651367187501,1639.814453125,0.04942343750000001,5.2621093750000005,46.993,
0,4,,,6.665611267089845,35.0726318359375,1640.9082031250002,0.04999218750000001,5.26171875,47.027,
0,4,,,6.665611267089845,35.0726318359375,1642.1289062500002,0.049843437500000004,5.2621093750000005,47.061,
0,4,,,6.645774841308594,34.970703125,1643.3300781250002,0.049843437500000004,5.2621093750000005,47.095,
0,4,,,6.606101989746094,34.76013183593751,1644.5507812500002,0.049545937500000005,5.261914062500001,47.13,
0,4,,,6.606101989746094,34.76013183593751,1645.634765625,0.0497075,5.261914062500001,47.165,
0,4,,,6.627655029296875,34.87365722656251,1646.9628906250002,0.0497075,5.261914062500001,47.199,
0,4,,,6.623458862304688,34.85290527343751,1648.0468750000002,0.049676250000000005,5.2621093750000005,47.233,
0,4,,,6.672859191894531,35.11230468750001,1649.2773437500005,0.050045937500000005,5.2621093750000005,47.267,
0,4,,,6.672859191894531,35.11230468750001,1650.4882812500002,0.050045937500000005,5.2621093750000005,47.301,
0,4,,,6.574058532714845,34.59472656250001,1651.6992187500002,0.049305,5.2625,47.335,
0,4,,,6.641769409179688,34.947509765625,1652.9003906250002,0.04981312500000001,5.261914062500001,47.369,
0,4,,,6.641769409179688,34.947509765625,1654.0234375000002,0.04981312500000001,5.261914062500001,47.403,
0,4,,,6.686401367187501,35.184326171875,1655.224609375,0.050148437500000004,5.2621093750000005,47.437,
0,4,,,6.668663024902344,35.09460449218751,1656.4453125,0.050015312500000006,5.2626953125,47.471,
0,4,,,6.668663024902344,35.09460449218751,1657.646484375,0.050015312500000006,5.2626953125,47.506,
0,4,,,6.5601348876953125,34.5233154296875,1658.8769531250002,0.049200625000000005,5.2626953125,47.54,
0,4,,,6.674957275390626,35.12390136718751,1659.9609375000002,0.0500621875,5.2621093750000005,47.574,
0,4,,,6.674957275390626,35.12390136718751,1661.1914062500005,0.0500621875,5.2621093750000005,47.608,
0,4,,,6.6707611083984375,35.1043701171875,1662.3925781250002,0.050031250000000006,5.2623046875,47.642,
0,4,,,6.688880920410156,35.1995849609375,1663.6230468750002,0.0501671875,5.2623046875,47.676,
0,4,,,6.688880920410156,35.1995849609375,1664.716796875,0.0501671875,5.2623046875,47.71,
0,4,,,6.5887451171875,34.67163085937501,1665.947265625,0.0494153125,5.2623046875,47.744,
0,4,,,6.656455993652344,35.02014160156251,1667.138671875,0.049922812500000004,5.2611328125000005,47.778,
0,4,,,6.656455993652344,35.02014160156251,1668.3691406250002,0.049922812500000004,5.2611328125000005,47.812,
0,4,,,6.65740966796875,35.0311279296875,1669.560546875,0.04993125,5.261914062500001,47.846,
0,4,,,6.662750244140626,35.06042480468751,1670.68359375,0.0499703125,5.2623046875,47.88,
0,4,,,6.662750244140626,35.06042480468751,1671.875,0.0499703125,5.2623046875,47.914,
0,4,,,6.549644470214844,34.4659423828125,1673.095703125,0.049122500000000006,5.2623046875,47.948,
0,4,,,6.6509246826171875,34.9951171875,1674.296875,0.049881562500000004,5.26171875,47.982,
0,4,,,6.6509246826171875,34.9951171875,1675.4101562500002,0.049881562500000004,5.26171875,48.016,
0,4,,,6.661605834960938,35.054931640625,1676.6113281250002,0.0499615625,5.2623046875,48.05,
0,4,,,6.60858154296875,34.77539062500001,1677.8222656250002,0.049564375,5.2623046875,48.084,
0,4,,,6.60858154296875,34.77539062500001,1679.0234375000002,0.049564375,5.2623046875,48.118,
0,4,,,6.6066741943359375,34.76257324218751,1680.25390625,0.049550000000000004,5.26171875,48.152,
0,4,,,6.652069091796876,35.00427246093751,1681.34765625,0.049890625,5.2621093750000005,48.186,
0,4,,,6.652069091796876,35.00427246093751,1682.568359375,0.049890625,5.2623046875,48.22,
0,4,,,6.645011901855469,34.967041015625,1683.759765625,0.049837187500000005,5.2623046875,48.254,
0,4,,,6.638526916503906,34.93713378906251,1684.990234375,0.0497890625,5.262890625000001,48.288,
0,4,,,6.638526916503906,34.93713378906251,1686.181640625,0.04941,5.2625,48.322,
0,4,,,6.587982177734375,34.66857910156251,1687.2949218750002,0.04941,5.2625,48.356,
0,4,,,6.669044494628906,35.09521484375,1688.505859375,0.050017500000000006,5.2625,48.39,
0,4,,,6.669044494628906,35.09521484375,1689.7265625,0.050060625000000004,5.2621093750000005,48.424,
0,4,,,6.674766540527344,35.123291015625,1690.9375000000002,0.050060625000000004,5.2621093750000005,48.458,
0,4,,,6.637001037597657,34.92980957031251,1692.0507812500002,0.049777812500000004,5.262890625000001,48.492,
0,4,,,6.637001037597657,34.92980957031251,1693.2519531250002,0.0495040625,5.2623046875,48.526,
0,4,,,6.600570678710938,34.7332763671875,1694.4726562500002,0.0495040625,5.2623046875,48.56,
0,4,,,6.672859191894531,35.11291503906251,1695.6738281250002,0.05004625000000001,5.2621093750000005,48.594,
0,4,,,6.672859191894531,35.11291503906251,1696.7968750000002,0.0500346875,5.2623046875,48.628,
0,4,,,6.671333312988282,35.10620117187501,1697.9882812500002,0.0500346875,5.2623046875,48.662,
0,4,,,6.598663330078126,34.7198486328125,1699.21875,0.0494903125,5.26171875,48.696,
0,4,,,6.598663330078126,34.7198486328125,1700.419921875,0.049704687500000004,5.2623046875,48.73,
0,4,,,6.627273559570313,34.87365722656251,1701.640625,0.049704687500000004,5.2623046875,48.764,
0,4,,,6.672096252441407,35.10559082031251,1702.7343750000002,0.05004,5.26171875,48.798,
0,4,,,6.672096252441407,34.96643066406251,1703.9550781250002,0.049842500000000005,5.2615234375,48.832,
0,4,,,6.645584106445313,34.96643066406251,1705.15625,0.049842500000000005,5.2615234375,48.866,
0,4,,,6.6143035888671875,34.8101806640625,1706.3867187500002,0.049606875,5.262890625000001,48.9,
0,4,,,6.6440582275390625,34.96093750000001,1707.470703125,0.049830937500000005,5.261914062500001,48.934,
0,4,,,6.6440582275390625,34.96093750000001,1708.7011718750002,0.049830937500000005,5.261914062500001,48.968,
0,4,,,6.6776275634765625,35.14343261718751,1709.9023437500002,0.0500815625,5.2630859375000005,49.002,
0,4,,,6.679344177246094,35.15136718750001,1711.1328125,0.050095625000000005,5.2626953125,49.036,
0,4,,,6.679344177246094,35.15136718750001,1712.2265625000002,0.050095625000000005,5.2626953125,49.07,
0,4,,,6.571960449218751,34.58007812500001,1713.4472656250002,0.049289375,5.261914062500001,49.104,
0,4,,,6.6432952880859375,34.96032714843751,1714.6386718750002,0.049824375000000004,5.2625,49.138,
0,4,,,6.6432952880859375,34.96032714843751,1715.8691406250002,0.049824375000000004,5.2625,49.172,
0,4,,,6.684303283691406,35.1763916015625,1716.97265625,0.050131875000000006,5.2626953125,49.206,
0,4,,,6.671905517578125,35.1092529296875,1718.193359375,0.05003875000000001,5.2623046875,49.24,
0,4,,,6.671905517578125,35.1092529296875,1719.3945312500002,0.05003875000000001,5.2623046875,49.274,
0,4,,,6.577491760253906,34.61547851562501,1720.625,0.0493315625,5.2626953125,49.308,
0,4,,,6.67724609375,35.13549804687501,1721.826171875,0.05007906250000001,5.2621093750000005,49.342,
0,4,,,6.67724609375,35.13549804687501,1723.046875,0.05007906250000001,5.2621093750000005,49.376,
0,4,,,6.665420532226563,35.069580078125,1724.1308593750002,0.049990625000000004,5.2615234375,49.41,
0,4,,,6.683540344238282,35.17211914062501,1725.37109375,0.050126250000000004,5.2626953125,49.444,
0,4,,,6.683540344238282,35.17211914062501,1726.5722656250002,0.050126250000000004,5.2626953125,49.478,
0,4,,,6.579017639160156,34.62463378906251,1727.8027343750002,0.049343125,5.262890625000001,49.512,
0,4,,,6.678962707519532,35.14343261718751,1728.88671875,0.0500921875,5.261914062500001,49.546,
0,4,,,6.678962707519532,35.14343261718751,1730.1171875000002,0.0500921875,5.261914062500001,49.58,
0,4,,,6.678009033203126,35.13610839843751,1731.3183593750002,0.050085625,5.2615234375,49.614,
0,4,,,6.637954711914063,34.93103027343751,1732.5390625000002,0.0497846875,5.2625,49.648,
0,4,,,6.637954711914063,34.93103027343751,1733.623046875,0.0497846875,5.2625,49.682,
0,4,,,6.565666198730469,34.5501708984375,1734.84375,0.049243125000000006,5.2623046875,49.716,
0,4,,,6.645965576171875,34.971923828125,1736.0449218750002,0.0498453125,5.2621093750000005,49.75,
0,4,,,6.645965576171875,34.971923828125,1737.2753906250002,0.0498453125,5.2621093750000005,49.784,
0,4,,,6.661605834960938,35.05310058593751,1738.359375,0.0499615625,5.2621093750000005,49.818,
0,4,,,6.64348602294922,34.95910644531251,1739.580078125,0.04982625,5.2623046875,49.852,
0,4,,,6.64348602294922,34.95910644531251,1740.7714843750002,0.04982625,5.2623046875,49.886,
0,4,,,6.5563201904296875,34.50195312500001,1742.0019531250005,0.049172187500000006,5.2625,49.92,
0,4,,,6.665992736816406,35.0799560546875,1743.2031250000002,0.049995625,5.2625,49.954,
0,4,,,6.665992736816406,35.0799560546875,1744.31640625,0.049995625,5.2626953125,49.988,
0,4,,,6.64215087890625,34.9554443359375,1745.5078125,0.049815937500000004,5.2626953125,50.022,
0,4,,,6.632232666015626,34.906005859375,1746.7382812500002,0.04974125,5.26328125,50.056,
0,4,,,6.632232666015626,34.906005859375,1747.9394531250002,0.04974125,5.26328125,50.09,
0,4,,,6.612205505371095,34.8016357421875,1749.052734375,0.0495921875,5.26328125,50.124,
0,4,,,6.662559509277345,35.05981445312501,1750.2539062500002,0.049969375,5.2623046875,50.158,
0,4,,,6.662559509277345,35.05981445312501,1751.4843750000002,0.050203750000000005,5.2621093750000005,50.192,
0,4,,,6.693840026855469,35.2227783203125,1752.685546875,0.050203750000000005,5.2621093750000005,50.226,
0,4,,,6.617546081542969,34.82299804687501,1753.7988281250002,0.049631562500000004,5.2623046875,50.26,
0,4,,,6.617546081542969,34.82299804687501,1755.0000000000002,0.049570312500000005,5.2625,50.294,
0,4,,,6.609344482421876,34.781494140625,1756.23046875,0.049570312500000005,5.2625,50.328,
0,4,,,6.695747375488281,35.23681640625,1757.4316406250005,0.050217500000000005,5.2626953125,50.362,
0,4,,,6.695747375488281,35.23681640625,1758.6621093750002,0.049887187500000006,5.2625,50.396,
0,4,,,6.651496887207031,35.00427246093751,1759.74609375,0.049887187500000006,5.2625,50.43,
0,4,,,6.608009338378906,34.771728515625,1760.9765625000002,0.049559687500000005,5.2621093750000005,50.464,
0,4,,,6.608009338378906,34.8419189453125,1762.1679687500002,0.049661875,5.261914062500001,50.498,
0,4,,,6.621551513671876,34.8419189453125,1763.3984375000002,0.049661875,5.261914062500001,50.532,
0,4,,,6.641769409179688,34.9481201171875,1764.5898437500002,0.04981312500000001,5.261914062500001,50.566,
0,4,,,6.648445129394532,34.98413085937501,1765.703125,0.049863125,5.2621093750000005,50.6,
0,4,,,6.648445129394532,34.98413085937501,1766.9042968750005,0.049863125,5.2621093750000005,50.634,
0,4,,,6.588935852050781,34.6746826171875,1768.1250000000005,0.0494175,5.2625,50.668,
0,4,,,6.628990173339844,34.88342285156251,1769.31640625,0.049716875,5.2623046875,50.702,
0,4,,,6.628990173339844,34.88342285156251,1770.439453125,0.049716875,5.2623046875,50.736,
0,4,,,6.655120849609376,35.0189208984375,1771.630859375,0.049913437500000005,5.2621093750000005,50.77,
0,4,,,6.630706787109375,34.89257812500001,1772.8515625,0.04973,5.2625,50.804,
0,4,,,6.630706787109375,34.89257812500001,1774.052734375,0.04973,5.2625,50.838,
0,4,,,6.5746307373046875,34.598388671875,1775.1660156250002,0.049309375,5.2625,50.872,
0,4,,,6.618309020996094,34.82788085937501,1776.3574218750002,0.0496378125,5.2623046875,50.906,
0,4,,,6.618309020996094,34.82788085937501,1777.5781250000002,0.0496378125,5.2623046875,50.94,
0,4,,,6.669235229492188,35.0921630859375,1778.7792968750002,0.050019375000000005,5.261914062500001,50.974,
0,4,,,6.634521484375,34.91394042968751,1779.8925781250005,0.049759062500000006,5.2625,51.008,
0,4,,,6.634521484375,34.91394042968751,1781.0937500000002,0.049759062500000006,5.2625,51.042,
0,4,,,6.577110290527344,34.61181640625,1782.3144531250002,0.04932812500000001,5.2625,51.076,
0,4,,,6.65740966796875,35.03540039062501,1783.5156250000002,0.049930312500000004,5.2626953125,51.11,
0,4,,,6.65740966796875,35.03540039062501,1784.6289062500002,0.049930312500000004,5.2626953125,51.144,
0,4,,,6.653213500976563,35.01464843750001,1785.8300781250002,0.049899375,5.262890625000001,51.178,
0,4,,,6.659126281738281,35.0433349609375,1787.0507812500002,0.0499428125,5.2625,51.212,
0,4,,,6.659126281738281,35.0433349609375,1788.251953125,0.0499428125,5.2625,51.246,
0,4,,,6.534385681152344,34.3841552734375,1789.47265625,0.0490075,5.2621093750000005,51.28,
0,4,,,6.670379638671876,35.1031494140625,1790.556640625,0.050027812500000005,5.2626953125,51.314,
0,4,,,6.670379638671876,35.1031494140625,1791.7871093750002,0.050027812500000005,5.2626953125,51.348,
0,4,,,6.662940979003906,35.06286621093751,1792.9882812500002,0.0499725,5.2623046875,51.382,
0,4,,,6.648254394531251,34.98413085937501,1794.2089843750002,0.04986187500000001,5.2623046875,51.416,
0,4,,,6.648254394531251,34.98413085937501,1795.41015625,0.04986187500000001,5.2623046875,51.45,
0,4,,,6.589698791503906,34.6807861328125,1796.5234375000002,0.0494228125,5.262890625000001,51.484,
0,4,,,6.66046142578125,35.04882812500001,1797.7246093750002,0.049953125,5.2623046875,51.518,
0,4,,,6.66046142578125,35.04882812500001,1798.955078125,0.049953125,5.2623046875,51.552,
0,4,,,6.670951843261719,35.10375976562501,1800.1562500000005,0.050032187500000005,5.2623046875,51.586,
0,4,,,6.6486358642578125,34.98901367187501,1801.26953125,0.04986500000000001,5.2626953125,51.62,
0,4,,,6.6486358642578125,34.98901367187501,1802.4804687500002,0.04986500000000001,5.2625,51.654,
0,4,,,6.636047363281251,34.9212646484375,1803.7109375,0.04977,5.2625,51.688,
0,4,,,6.683158874511719,35.16723632812501,1804.912109375,0.050123125000000004,5.2621093750000005,51.722,
0,4,,,6.683158874511719,35.16723632812501,1806.1328125,0.050123125000000004,5.2621093750000005,51.756,
0,4,,,6.65740966796875,35.03173828125,1807.2265625000002,0.04993125,5.2621093750000005,51.79,
0,4,,,6.638717651367188,34.93774414062501,1808.4570312500005,0.0497903125,5.2626953125,51.824,
0,4,,,6.638717651367188,34.93774414062501,1809.6484375,0.0493546875,5.2621093750000005,51.858,
0,4,,,6.580543518066407,34.627685546875,1810.869140625,0.0493546875,5.2621093750000005,51.892,
0,4,,,6.6410064697265625,34.94323730468751,1811.962890625,0.0498071875,5.261914062500001,51.926,
0,4,,,6.6410064697265625,34.94323730468751,1813.18359375,0.050038437500000005,5.2625,51.96,
0,4,,,6.671714782714844,35.1104736328125,1814.384765625,0.050038437500000005,5.2625,51.994,
0,4,,,6.607818603515625,34.7723388671875,1815.60546875,0.049558750000000006,5.2623046875,52.028,
0,4,,,6.607818603515625,34.7723388671875,1816.6992187500002,0.049647812500000006,5.2626953125,52.062,
0,4,,,6.619644165039063,34.83703613281251,1817.9296875000005,0.049647812500000006,5.2626953125,52.096,
0,4,,,6.707000732421875,35.28930664062501,1819.1308593750002,0.050301875,5.26171875,52.13,
0,4,,,6.707000732421875,35.28930664062501,1820.3613281250002,0.0499321875,5.2621093750000005,52.164,
0,4,,,6.657600402832031,35.03234863281251,1821.455078125,0.0499321875,5.2621093750000005,52.198,
0,4,,,6.6375732421875,34.92797851562501,1822.67578125,0.0497815625,5.2623046875,52.232,
0,4,,,6.6375732421875,34.92919921875001,1823.8867187500002,0.0497871875,5.261914062500001,52.266,
0,4,,,6.638336181640625,34.92919921875001,1825.1074218750002,0.0497871875,5.261914062500001,52.3,
0,4,,,6.6478729248046875,34.9847412109375,1826.3085937500002,0.04985875000000001,5.2626953125,52.334,
0,4,,,6.7012786865234375,35.26672363281251,1827.4316406250002,0.050259375,5.262890625000001,52.368,
0,4,,,6.7012786865234375,35.26672363281251,1828.6328125000002,0.050259375,5.262890625000001,52.402,
0,4,,,6.59313201904297,34.69665527343751,1829.8535156250002,0.049448437500000005,5.2625,52.437,
0,4,,,6.630134582519532,34.8876953125,1831.0546875,0.04972531250000001,5.2621093750000005,52.471,
0,4,,,6.630134582519532,34.8876953125,1832.2851562500002,0.04972531250000001,5.2621093750000005,52.505,
0,4,,,6.7005157470703125,35.26367187500001,1833.37890625,0.050254375000000004,5.262890625000001,52.539,
0,4,,,6.670570373535156,35.10009765625,1834.6093750000002,0.0500284375,5.2621093750000005,52.573,
0,4,,,6.670570373535156,35.10009765625,1835.8105468750002,0.0500284375,5.2621093750000005,52.607,
0,4,,,6.597328186035156,34.71740722656251,1837.0312500000002,0.049480312500000005,5.2623046875,52.641,
0,4,,,6.64653778076172,34.97131347656251,1838.1250000000002,0.049849062500000006,5.26171875,52.674,
0,4,,,6.64653778076172,34.97131347656251,1839.3457031250002,0.049849062500000006,5.26171875,52.708,
0,4,,,6.6623687744140625,35.06103515625,1840.5468750000002,0.049967500000000005,5.2626953125,52.742,
0,4,,,6.653785705566406,35.01403808593751,1841.7675781250002,0.049903125000000007,5.2625,52.776,
0,4,,,6.653785705566406,35.01403808593751,1842.96875,0.049903125000000007,5.2625,52.81,
0,4,,,6.587219238281251,34.664306640625,1844.0917968750002,0.04940375,5.2625,52.844,
0,4,,,6.657028198242188,35.02685546875,1845.2832031250002,0.04992750000000001,5.26171875,52.878,
0,4,,,6.657028198242188,35.02685546875,1846.5039062500002,0.04992750000000001,5.26171875,52.912,
0,4,,,6.637382507324219,34.92431640625,1847.7050781250002,0.04978031250000001,5.26171875,52.946,
0,4,,,6.681060791015625,35.15686035156251,1848.828125,0.050108437500000005,5.2621093750000005,52.98,
0,4,,,6.681060791015625,35.15686035156251,1850.029296875,0.050108437500000005,5.2621093750000005,53.014,
0,4,,,6.5746307373046875,34.5977783203125,1851.25,0.049309375,5.2625,53.048,
0,4,,,6.650543212890625,34.99694824218751,1852.4511718750002,0.049878750000000006,5.2623046875,53.082,
0,4,,,6.650543212890625,34.99694824218751,1853.5644531250002,0.049878750000000006,5.2623046875,53.116,
0,4,,,6.675148010253907,35.12695312500001,1854.765625,0.05006312500000001,5.2625,53.15,
0,4,,,6.654930114746095,35.01953125000001,1855.986328125,0.0499121875,5.2623046875,53.184,
0,4,,,6.654930114746095,35.01953125000001,1857.1972656250002,0.0499121875,5.2623046875,53.218,
0,4,,,6.600570678710938,34.7357177734375,1858.427734375,0.049504375,5.2625,53.252,
0,4,,,6.701469421386719,35.26672363281251,1859.521484375,0.0502615625,5.2625,53.286,
0,4,,,6.701469421386719,35.26672363281251,1860.7519531250002,0.0502615625,5.2621093750000005,53.32,
0,4,,,6.679534912109375,35.14831542968751,1861.9531250000002,0.050096562500000004,5.2621093750000005,53.354,
0,4,,,6.662178039550781,35.05676269531251,1863.18359375,0.049966875,5.2621093750000005,53.388,
0,4,,,6.662178039550781,35.05676269531251,1864.2773437500002,0.049966875,5.2623046875,53.422,
0,4,,,6.600570678710938,34.73388671875,1865.4882812500002,0.049504375,5.2623046875,53.456,
0,4,,,6.641960144042969,34.9542236328125,1866.6894531250002,0.049815000000000005,5.2626953125,53.491,
0,4,,,6.641960144042969,34.9542236328125,1867.919921875,0.0501578125,5.2621093750000005,53.525,
0,4,,,6.687736511230469,35.191650390625,1869.12109375,0.0501578125,5.2621093750000005,53.559,
0,4,,,6.627845764160156,34.88098144531251,1870.244140625,0.049709062500000005,5.2626953125,53.593,
0,4,,,6.627845764160156,34.88098144531251,1871.4550781250002,0.0498559375,5.2626953125,53.627,
0,4,,,6.647491455078126,34.98352050781251,1872.6757812500002,0.0498559375,5.2626953125,53.661,
0,4,,,6.646347045898438,34.97314453125,1873.8769531250002,0.04984812500000001,5.2621093750000005,53.695,
0,4,,,6.646347045898438,34.97314453125,1875.1074218750005,0.050166562500000005,5.2623046875,53.729,
0,4,,,6.688880920410156,35.1983642578125,1876.201171875,0.050166562500000005,5.2623046875,53.763,
0,4,,,6.632423400878906,34.89868164062501,1877.421875,0.049743125000000006,5.261914062500001,53.797,
0,4,,,6.632423400878906,34.89868164062501,1878.6230468750002,0.0495340625,5.2625,53.831,
0,4,,,6.604576110839845,34.75524902343751,1879.8535156250002,0.0495340625,5.2625,53.865,
0,4,,,6.7012786865234375,35.26550292968751,1880.9472656250002,0.050259375,5.2626953125,53.899,
0,4,,,6.6783905029296875,35.14465332031251,1882.1777343750002,0.050088437500000006,5.2625,53.933,
0,4,,,6.6783905029296875,35.14465332031251,1883.37890625,0.050088437500000006,5.2625,53.967,
0,4,,,6.633567810058594,34.912109375,1884.6093750000002,0.049751250000000004,5.2630859375000005,54.001,
0,4,,,6.6600799560546875,35.04760742187501,1885.8105468750002,0.0499503125,5.2625,54.035,
0,4,,,6.6600799560546875,35.04760742187501,1886.9335937500002,0.0499503125,5.2625,54.069,
0,4,,,6.674957275390626,35.12451171875,1888.134765625,0.050061562500000004,5.2623046875,54.103,
0,4,,,6.6814422607421875,35.15930175781251,1889.3652343750002,0.05011125,5.2623046875,54.137,
0,4,,,6.6814422607421875,35.15930175781251,1890.5664062500002,0.05011125,5.2623046875,54.171,
0,4,,,6.595611572265625,34.70947265625001,1891.6796875,0.04946687500000001,5.2625,54.205,
0,4,,,6.643867492675781,34.95971679687501,1892.8808593750005,0.049828750000000005,5.2621093750000005,54.239,
0,4,,,6.643867492675781,34.95971679687501,1894.1015625000005,0.049828750000000005,5.2621093750000005,54.273,
0,4,,,6.666755676269531,35.08361816406251,1895.3027343750002,0.05000062500000001,5.2625,54.307,
0,4,,,6.648063659667969,34.9847412109375,1896.416015625,0.04986,5.2625,54.341,
0,4,,,6.648063659667969,34.9847412109375,1897.6171875000002,0.04986,5.2625,54.375,
0,4,,,6.576728820800782,34.60815429687501,1898.8378906250002,0.0493253125,5.2623046875,54.409,
0,4,,,6.648445129394532,34.98779296875001,1900.0390625000002,0.0498634375,5.2625,54.443,
0,4,,,6.648445129394532,34.98779296875001,1901.2597656250002,0.0498634375,5.2625,54.477,
0,4,,,6.663322448730469,35.064697265625,1902.3535156250002,0.049974687500000003,5.2625,54.511,
0,4,,,6.669235229492188,35.09521484375,1903.5839843750002,0.050019375000000005,5.2623046875,54.546,
0,4,,,6.669235229492188,35.09521484375,1904.78515625,0.050019375000000005,5.2623046875,54.58,
0,4,,,6.5860748291015625,34.6588134765625,1906.005859375,0.0493959375,5.2625,54.614,
0,4,,,6.669235229492188,35.093994140625,1907.2167968750002,0.0500190625,5.2621093750000005,54.648,
0,4,,,6.669235229492188,35.093994140625,1908.3203125000002,0.0500190625,5.2621093750000005,54.682,
0,4,,,6.657028198242188,35.032958984375,1909.5312500000005,0.049928437500000006,5.2625,54.716,
0,4,,,6.66637420654297,35.08361816406251,1910.7519531250005,0.049998437500000006,5.2626953125,54.75,
0,4,,,6.66637420654297,35.08361816406251,1911.9531250000002,0.049998437500000006,5.2626953125,54.784,
0,4,,,6.589508056640625,34.6759033203125,1913.06640625,0.04942125000000001,5.2623046875,54.818,
0,4,,,6.637763977050782,34.93103027343751,1914.2675781250002,0.049783437500000007,5.2625,54.852,
0,4,,,6.637763977050782,34.93103027343751,1915.4980468750002,0.049783437500000007,5.2625,54.886,
0,4,,,6.679534912109375,35.147705078125,1916.69921875,0.050096875000000006,5.2621093750000005,54.92,
0,4,,,6.682014465332031,35.1605224609375,1917.919921875,0.0501153125,5.261914062500001,54.954,
0,4,,,6.682014465332031,35.1605224609375,1919.0136718750002,0.0501153125,5.2623046875,54.987,
0,4,,,6.571006774902345,34.57885742187501,1920.2441406250005,0.0492828125,5.2623046875,55.021,
0,4,,,6.698036193847657,35.24230957031251,1921.4453125000005,0.05023468750000001,5.26171875,55.055,
0,4,,,6.698036193847657,35.24230957031251,1922.6757812500002,0.05023468750000001,5.261914062500001,55.089,
0,4,,,6.673431396484375,35.11474609375,1923.7597656250002,0.050050312500000006,5.261914062500001,55.123,
0,4,,,6.6619873046875,35.054931640625,1924.9902343750002,0.049965,5.2621093750000005,55.157,
0,4,,,6.6619873046875,35.054931640625,1926.19140625,0.0493696875,5.2623046875,55.191,
0,4,,,6.582641601562501,34.63867187500001,1927.412109375,0.0493696875,5.2623046875,55.225,
0,4,,,6.638336181640625,34.93041992187501,1928.5058593750002,0.04978781250000001,5.261914062500001,55.259,
0,4,,,6.638336181640625,34.93041992187501,1929.7265625000002,0.04994031250000001,5.2625,55.293,
0,4,,,6.65874481201172,35.04150390625001,1930.9277343750002,0.04994031250000001,5.2625,55.327,
0,4,,,6.634902954101563,34.91271972656251,1932.1484375000002,0.0497615625,5.2621093750000005,55.361,
0,4,,,6.634902954101563,34.91271972656251,1933.2421875000002,0.049506875000000006,5.262890625000001,55.395,
0,4,,,6.6009521484375,34.73999023437501,1934.47265625,0.049506875000000006,5.262890625000001,55.429,
0,4,,,6.7050933837890625,35.28808593750001,1935.6835937500002,0.050288437500000005,5.262890625000001,55.463,
0,4,,,6.7050933837890625,35.28808593750001,1936.9042968750002,0.050090312500000005,5.2625,55.497,
0,4,,,6.678771972656251,35.1458740234375,1938.1152343750002,0.050090312500000005,5.2625,55.531,
0,4,,,6.6440582275390625,34.964599609375,1939.2285156250002,0.049829687500000004,5.2626953125,55.565,
0,4,,,6.61296844482422,34.7991943359375,1940.4296875,0.0495971875,5.2623046875,55.6,
0,4,,,6.61296844482422,34.7991943359375,1941.6601562500002,0.0495971875,5.2623046875,55.634,
0,4,,,6.707000732421875,35.2911376953125,1942.8613281250002,0.0503028125,5.261914062500001,55.668,
0,4,,,6.677818298339845,35.137939453125,1944.091796875,0.050083125000000006,5.2621093750000005,55.702,
0,4,,,6.677818298339845,35.137939453125,1945.1757812500005,0.050083125000000006,5.2621093750000005,55.736,
0,4,,,6.608200073242188,34.77600097656251,1946.4062500000002,0.049561875000000005,5.2625,55.77,
0,4,,,6.641387939453125,34.9481201171875,1947.6171875000005,0.0498103125,5.2623046875,55.804,
0,4,,,6.641387939453125,34.9481201171875,1948.8281250000002,0.0498103125,5.2623046875,55.838,
0,4,,,6.6509246826171875,35.00305175781251,1949.9316406250005,0.0498821875,5.262890625000001,55.872,
0,4,,,6.695365905761719,35.238037109375,1951.1621093750002,0.0502146875,5.2630859375000005,55.906,
0,4,,,6.695365905761719,35.238037109375,1952.3632812500002,0.0502146875,5.2630859375000005,55.94,
0,4,,,6.592178344726563,34.69299316406251,1953.5839843750002,0.049441250000000006,5.262890625000001,55.974,
0,4,,,6.657791137695313,35.03601074218751,1954.6777343750002,0.049933125,5.2625,56.008,
0,4,,,6.657791137695313,35.03601074218751,1955.9179687500005,0.049933125,5.2625,56.042,
0,4,,,6.694793701171875,35.23193359375001,1957.1093750000005,0.050210625,5.2626953125,56.076,
0,4,,,6.656074523925782,35.028076171875,1958.3398437500002,0.04992125000000001,5.2625,56.11,
0,4,,,6.656074523925782,35.028076171875,1959.5410156250002,0.04992125000000001,5.2625,56.144,
0,4,,,6.589698791503906,34.68139648437501,1960.6542968750002,0.04942343750000001,5.262890625000001,56.178,
0,4,,,6.6829681396484375,35.16967773437501,1961.865234375,0.050122187500000005,5.2626953125,56.212,
0,4,,,6.6829681396484375,35.16967773437501,1963.0859375,0.050122187500000005,5.2626953125,56.246,
0,4,,,6.671714782714844,35.1080322265625,1964.2871093750002,0.050038125,5.2623046875,56.28,
0,4,,,6.656455993652344,35.028076171875,1965.4003906250002,0.04992375,5.2623046875,56.314,
0,4,,,6.656455993652344,35.028076171875,1966.6015625000002,0.04992375,5.2623046875,56.348,
0,4,,,6.581497192382813,34.6337890625,1967.8320312500005,0.049361875000000006,5.2623046875,56.382,
0,4,,,6.667137145996094,35.08178710937501,1969.0234375000005,0.050003750000000007,5.261914062500001,56.415,
0,4,,,6.667137145996094,35.08178710937501,1970.1464843750002,0.050003750000000007,5.261914062500001,56.449,
0,4,,,6.656646728515625,35.02929687500001,1971.337890625,0.049925000000000004,5.2623046875,56.483,
0,4,,,6.6623687744140625,35.057373046875,1972.5683593750002,0.049968125,5.2621093750000005,56.517,
0,4,,,6.6623687744140625,35.057373046875,1973.7695312500002,0.049968125,5.2621093750000005,56.551,
0,4,,,6.554222106933594,34.49218750000001,1974.9902343750002,0.049156250000000005,5.2626953125,56.585,
0,4,,,6.6631317138671875,35.06652832031251,1976.0839843750002,0.0499734375,5.262890625000001,56.619,
0,4,,,6.6631317138671875,35.06652832031251,1977.3144531250002,0.0499734375,5.261914062500001,56.654,
0,4,,,6.686592102050782,35.18493652343751,1978.515625,0.05015000000000001,5.261914062500001,56.688,
0,4,,,6.650161743164063,35.0006103515625,1979.736328125,0.049876562500000006,5.2630859375000005,56.722,
0,4,,,6.650161743164063,35.0006103515625,1980.9375000000005,0.049876562500000006,5.262890625000001,56.756,
0,4,,,6.592369079589844,34.69421386718751,1982.0605468750002,0.0494428125,5.262890625000001,56.79,
0,4,,,6.698989868164063,35.25024414062501,1983.2617187500005,0.050241875000000005,5.2621093750000005,56.824,
0,4,,,6.698989868164063,35.25024414062501,1984.4726562500002,0.049694375000000006,5.261914062500001,56.858,
0,4,,,6.625938415527344,34.8638916015625,1985.6835937500002,0.049694375000000006,5.261914062500001,56.892,
0,4,,,6.670570373535156,35.1019287109375,1986.8066406250002,0.050028750000000004,5.2623046875,56.926,
0,4,,,6.670570373535156,35.1019287109375,1988.0078125000002,0.049578750000000005,5.2630859375000005,56.96,
0,4,,,6.6104888916015625,34.79064941406251,1989.2285156250002,0.049578750000000005,5.2630859375000005,56.994,
0,4,,,6.6619873046875,35.05859375,1990.4296875,0.04996562500000001,5.2625,57.028,
0,4,,,6.6619873046875,35.05859375,1991.5429687500002,0.050027812500000005,5.262890625000001,57.062,
0,4,,,6.670379638671876,35.10559082031251,1992.7539062500005,0.050027812500000005,5.262890625000001,57.096,
0,4,,,6.654548645019531,35.015869140625,1993.9843750000002,0.049909062500000004,5.261914062500001,57.13,
0,4,,,6.654548645019531,35.015869140625,1995.1855468750002,0.049647812500000006,5.2623046875,57.164,
0,4,,,6.619644165039063,34.8345947265625,1996.4062500000002,0.049647812500000006,5.2623046875,57.198,
0,4,,,6.669807434082031,35.09826660156251,1997.5000000000002,0.050024375,5.2623046875,57.232,
0,4,,,6.669807434082031,35.23193359375001,1998.73046875,0.050210937500000004,5.2626953125,57.266,
0,4,,,6.694793701171875,35.23193359375001,1999.9316406250002,0.050210937500000004,5.2626953125,57.3,
0,4,,,6.623458862304688,34.8590087890625,2001.162109375,0.04967656250000001,5.262890625000001,57.334,
0,4,,,6.600189208984375,34.7344970703125,2002.2460937500002,0.049501562500000006,5.2626953125,57.368,
0,4,,,6.600189208984375,34.7344970703125,2003.4765625000005,0.049501562500000006,5.2626953125,57.402,
0,4,,,6.6822052001953125,35.1629638671875,2004.6679687500002,0.050115937500000006,5.2623046875,57.436,
0,4,,,6.64348602294922,34.95971679687501,2005.8984375000005,0.0498253125,5.2623046875,57.47,
0,4,,,6.64348602294922,34.95971679687501,2006.9921875000002,0.0498253125,5.2623046875,57.504,
0,4,,,6.619834899902345,34.83947753906251,2008.22265625,0.0496484375,5.262890625000001,57.538,
0,4,,,6.642723083496095,34.95849609375001,2009.423828125,0.049820312500000005,5.262890625000001,57.572,
0,4,,,6.642723083496095,34.95849609375001,2010.64453125,0.049820312500000005,5.262890625000001,57.606,
0,4,,,6.664848327636719,35.07080078125,2011.8457031250005,0.049985625000000006,5.2621093750000005,57.639,
0,4,,,6.685066223144531,35.1837158203125,2012.9687500000002,0.050138125000000006,5.2630859375000005,57.673,
0,4,,,6.685066223144531,35.1837158203125,2014.1699218750002,0.050138125000000006,5.2630859375000005,57.708,
0,4,,,6.597900390625001,34.72351074218751,2015.3906250000002,0.04948375000000001,5.262890625000001,57.742,
0,4,,,6.632232666015626,34.90051269531251,2016.5917968750002,0.0497415625,5.2623046875,57.776,
0,4,,,6.632232666015626,34.90051269531251,2017.822265625,0.0497415625,5.2623046875,57.81,
0,4,,,6.681823730468751,35.1641845703125,2018.9160156250002,0.050114375,5.2626953125,57.844,
0,4,,,6.676864624023438,35.13427734375001,2020.1367187500002,0.05007625,5.2621093750000005,57.878,
0,4,,,6.676864624023438,35.13427734375001,2021.3476562500002,0.05007625,5.2621093750000005,57.912,
0,4,,,6.602668762207032,34.7412109375,2022.5683593750002,0.049520625000000006,5.26171875,57.946,
0,4,,,6.62994384765625,34.8907470703125,2023.6523437500002,0.049724062500000006,5.2626953125,57.98,
0,4,,,6.62994384765625,34.8907470703125,2024.8730468750002,0.049724062500000006,5.2626953125,58.014,
0,4,,,6.6478729248046875,34.9822998046875,2026.0742187500002,0.049859687500000006,5.2623046875,58.048,
0,4,,,6.6776275634765625,35.137939453125,2027.3046875000005,0.050081875000000005,5.2621093750000005,58.082,
0,4,,,6.6776275634765625,35.137939453125,2028.3984375000005,0.050081875000000005,5.2621093750000005,58.116,
0,4,,,6.566238403320313,34.55322265625001,2029.6191406250005,0.049246875,5.2623046875,58.15,
0,4,,,6.6852569580078125,35.18127441406251,2030.8300781250002,0.0501396875,5.2625,58.184,
0,4,,,6.6852569580078125,35.18127441406251,2032.0507812500002,0.0501396875,5.2625,58.218,
0,4,,,6.6753387451171875,35.130615234375,2033.14453125,0.050065000000000005,5.262890625000001,58.252,
0,4,,,6.6661834716796875,35.07934570312501,2034.365234375,0.049996875,5.2623046875,58.286,
0,4,,,6.6661834716796875,35.07934570312501,2035.56640625,0.049996875,5.2623046875,58.32,
0,4,,,6.575584411621094,34.60205078125001,2036.7968750000002,0.0493165625,5.2623046875,58.354,
0,4,,,6.665420532226563,35.07446289062501,2037.9980468750002,0.0499903125,5.2623046875,58.388,
0,4,,,6.665420532226563,35.07446289062501,2039.1210937500005,0.0499903125,5.2625,58.422,
0,4,,,6.686973571777344,35.18920898437501,2040.3222656250005,0.050151875000000005,5.2625,58.456,
0,4,,,6.658363342285156,35.03723144531251,2041.5429687500005,0.0499375,5.2623046875,58.49,
0,4,,,6.658363342285156,35.03723144531251,2042.744140625,0.049281875,5.2626953125,58.524,
0,4,,,6.571006774902345,34.5806884765625,2043.8574218750002,0.049281875,5.2626953125,58.558,
0,4,,,6.656074523925782,35.02624511718751,2045.0488281250005,0.049920000000000006,5.2625,58.592,
0,4,,,6.656074523925782,35.02624511718751,2046.2695312500005,0.0497221875,5.2625,58.626,
0,4,,,6.6295623779296875,34.8876953125,2047.4707031250002,0.0497221875,5.2625,58.66,
0,4,,,6.6585540771484375,35.0421142578125,2048.7011718750005,0.049939375,5.2626953125,58.694,
0,4,,,6.6585540771484375,35.0421142578125,2049.7949218750005,0.049465625000000006,5.2623046875,58.728,
0,4,,,6.595420837402344,34.7064208984375,2051.025390625,0.049465625000000006,5.2623046875,58.762,
0,4,,,6.676864624023438,35.13671875000001,2052.2167968750005,0.050076562500000005,5.2625,58.796,
0,4,,,6.676864624023438,35.13671875000001,2053.4472656250005,0.050059687500000005,5.2626953125,58.83,
0,4,,,6.6745758056640625,35.125732421875,2054.6484375000005,0.050059687500000005,5.2626953125,58.864,
0,4,,,6.619834899902345,34.83520507812501,2055.76171875,0.04964906250000001,5.2623046875,58.898,
0,4,,,6.620788574218751,34.840087890625,2056.9628906250005,0.0496565625,5.2623046875,58.932,
0,4,,,6.620788574218751,34.840087890625,2058.193359375,0.0496565625,5.2623046875,58.966,
0,4,,,6.6814422607421875,35.1611328125,2059.39453125,0.05011125,5.2625,59.0,
0,4,,,6.693458557128906,35.2215576171875,2060.5175781250005,0.05020125,5.2621093750000005,59.034,
0,4,,,6.693458557128906,35.2215576171875,2061.7187500000005,0.05020125,5.2621093750000005,59.068,
0,4,,,6.636238098144531,34.9200439453125,2062.9394531250005,0.04977125,5.2621093750000005,59.102,
0,4,,,6.584358215332032,34.64721679687501,2064.1406250000005,0.04938312500000001,5.2621093750000005,59.136,
0,4,,,6.584358215332032,34.64721679687501,2065.3613281250005,0.04938312500000001,5.2621093750000005,59.17,
0,4,,,6.6707611083984375,35.1031494140625,2066.455078125,0.050031250000000006,5.2623046875,59.204,
0,4,,,6.669044494628906,35.091552734375,2067.6855468750005,0.0500178125,5.261914062500001,59.238,
0,4,,,6.669044494628906,35.091552734375,2068.876953125,0.0500178125,5.261914062500001,59.272,
0,4,,,6.611251831054688,34.7900390625,2070.1074218750005,0.04958437500000001,5.2623046875,59.306,
0,4,,,6.623458862304688,34.85595703125,2071.2011718750005,0.0496759375,5.2625,59.34,
0,4,,,6.623458862304688,34.85595703125,2072.4218750000005,0.0496759375,5.2625,59.374,
0,4,,,6.687545776367188,35.19287109375,2073.6230468750005,0.050156875000000004,5.2625,59.408,
0,4,,,6.672286987304688,35.11169433593751,2074.8632812500005,0.050041562500000004,5.2625,59.442,
0,4,,,6.672286987304688,35.11169433593751,2075.947265625,0.050041562500000004,5.2625,59.476,
0,4,,,6.6181182861328125,34.8284912109375,2077.16796875,0.049635625,5.2626953125,59.51,
0,4,,,6.607246398925782,34.7674560546875,2078.369140625,0.049555,5.2621093750000005,59.544,
0,4,,,6.607246398925782,34.7674560546875,2079.599609375,0.049555,5.2621093750000005,59.578,
0,4,,,6.690025329589844,35.20446777343751,2080.6933593750005,0.0501746875,5.2623046875,59.612,
0,4,,,6.656074523925782,35.02624511718751,2081.9140625000005,0.049920937500000005,5.2623046875,59.646,
0,4,,,6.656074523925782,35.02624511718751,2083.115234375,0.049920937500000005,5.2623046875,59.68,
0,4,,,6.575965881347657,34.60510253906251,2084.3359375,0.0493196875,5.2625,59.714,
0,4,,,6.654930114746095,35.01831054687501,2085.537109375,0.049911875,5.2621093750000005,59.748,
0,4,,,6.654930114746095,35.01831054687501,2086.6503906250005,0.049911875,5.2621093750000005,59.782,
0,4,,,6.658363342285156,35.0384521484375,2087.8613281250005,0.04993812500000001,5.2625,59.816,
0,4,,,6.677436828613281,35.1397705078125,2089.0820312500005,0.050080937500000006,5.2625,59.85,
0,4,,,6.677436828613281,35.1397705078125,2090.2832031250005,0.050080937500000006,5.2625,59.884,
0,4,,,6.581306457519531,34.63623046875,2091.5039062500005,0.049359375000000004,5.262890625000001,59.918,
0,4,,,6.660842895507813,35.0537109375,2092.6074218750005,0.04995625,5.2626953125,59.952,
0,4,,,6.660842895507813,35.0537109375,2093.8281250000005,0.04995625,5.2625,59.986,
0,4,,,6.671905517578125,35.10986328125001,2095.0292968750005,0.0500390625,5.2625,60.02,
0,4,,,6.698417663574219,35.25024414062501,2096.259765625,0.050238125,5.2625,60.054,
0,4,,,6.698417663574219,35.25024414062501,2097.3437500000005,0.050238125,5.2625,60.088,
0,4,,,6.54296875,34.43237304687501,2098.5644531250005,0.049072500000000005,5.2625,60.122,
0,4,,,6.639671325683595,34.93713378906251,2099.7656250000005,0.049797812500000004,5.261914062500001,60.156,
0,4,,,6.639671325683595,34.93713378906251,2100.99609375,0.0501875,5.2621093750000005,60.19,
0,4,,,6.691551208496094,35.21179199218751,2102.0898437500005,0.0501875,5.2621093750000005,60.224,
0,4,,,6.654930114746095,35.01953125000001,2103.3105468750005,0.049911875,5.2623046875,60.258,
0,4,,,6.654930114746095,35.01953125000001,2104.51171875,0.049191250000000006,5.2621093750000005,60.292,
0,4,,,6.558799743652345,34.51354980468751,2105.732421875,0.049191250000000006,5.2621093750000005,60.326,
0,4,,,6.652259826660157,35.00671386718751,2106.93359375,0.049891875,5.2625,60.36,
0,4,,,6.652259826660157,35.00671386718751,2108.0371093750005,0.04992875,5.261914062500001,60.394,
0,4,,,6.657218933105469,35.02929687500001,2109.2480468750005,0.04992875,5.261914062500001,60.428,
0,4,,,6.655693054199219,35.02075195312501,2110.4687500000005,0.049917500000000004,5.261914062500001,60.462,
0,4,,,6.655693054199219,35.02075195312501,2111.66015625,0.049245625,5.2625,60.496,
0,4,,,6.566047668457031,34.55322265625001,2112.7734375000005,0.049245625,5.2625,60.53,
0,4,,,6.640434265136719,34.94445800781251,2113.9746093750005,0.04980375,5.2625,60.564,
0,4,,,6.640434265136719,34.94445800781251,2115.2050781250005,0.050100000000000006,5.2623046875,60.598,
0,4,,,6.679916381835938,35.152587890625,2116.4062500000005,0.050100000000000006,5.2623046875,60.632,
0,4,,,6.64520263671875,34.969482421875,2117.51953125,0.04983875,5.2625,60.666,
0,4,,,6.613349914550781,34.8028564453125,2118.720703125,0.049600625,5.2625,60.7,
0,4,,,6.613349914550781,34.8028564453125,2119.9511718750005,0.049600625,5.2625,60.734,
0,4,,,6.6852569580078125,35.18310546875,2121.1523437500005,0.05013875,5.262890625000001,60.768,
0,4,,,6.627845764160156,34.88098144531251,2122.2656250000005,0.04970875,5.262890625000001,60.802,
0,4,,,6.627845764160156,34.88098144531251,2123.45703125,0.04970875,5.262890625000001,60.836,
0,4,,,6.625556945800782,34.86816406250001,2124.6875000000005,0.049690937500000004,5.262890625000001,60.871,
0,4,,,6.617164611816406,34.82421875000001,2125.8886718750005,0.0496290625,5.2626953125,60.905,
0,4,,,6.617164611816406,34.82421875000001,2127.119140625,0.0496290625,5.2626953125,60.939,
0,4,,,6.682586669921876,35.16662597656251,2128.3203125,0.050119062500000006,5.2625,60.973,
0,4,,,6.677436828613281,35.13916015625001,2129.4335937500005,0.050080625000000004,5.2625,61.007,
0,4,,,6.677436828613281,35.13916015625001,2130.634765625,0.050080625000000004,5.2625,61.041,
0,4,,,6.589317321777345,34.6746826171875,2131.85546875,0.049420000000000006,5.2623046875,61.074,
0,4,,,6.632423400878906,34.89990234375001,2133.056640625,0.0497425,5.2621093750000005,61.108,
0,4,,,6.632423400878906,34.89990234375001,2134.1699218750005,0.0497425,5.2621093750000005,61.142,
0,4,,,6.650161743164063,34.996337890625,2135.3710937500005,0.049876562500000006,5.2625,61.176,
0,4,,,6.681823730468751,35.1611328125,2136.6015625000005,0.0501134375,5.2623046875,61.21,
0,4,,,6.681823730468751,35.1611328125,2137.802734375,0.0501134375,5.2623046875,61.244,
0,4,,,6.598663330078126,34.72412109375001,2138.916015625,0.049490625,5.2623046875,61.278,
0,4,,,6.6059112548828125,34.759521484375,2140.1074218750005,0.0495434375,5.261914062500001,61.312,
0,4,,,6.6059112548828125,34.759521484375,2141.3281250000005,0.0495434375,5.261914062500001,61.346,
0,4,,,6.675148010253907,35.12695312500001,2142.5292968750005,0.050064375,5.2623046875,61.38,
0,4,,,6.611824035644531,34.79370117187501,2143.6328125000005,0.04958875,5.2625,61.414,
0,4,,,6.611824035644531,34.79370117187501,2144.8339843750005,0.04958875,5.2625,61.448,
0,4,,,6.575965881347657,34.6038818359375,2146.0546875000005,0.049319375000000006,5.2623046875,61.482,
0,4,,,6.630706787109375,34.89013671875001,2147.2558593750005,0.04973062500000001,5.261914062500001,61.516,
0,4,,,6.630706787109375,34.89013671875001,2148.4765625000005,0.04973062500000001,5.261914062500001,61.55,
0,4,,,6.650352478027345,34.9945068359375,2149.560546875,0.049877500000000005,5.2621093750000005,61.584,
0,4,,,6.68468475341797,35.17578125,2150.80078125,0.050135937500000005,5.2621093750000005,61.618,
0,4,,,6.68468475341797,35.17578125,2152.001953125,0.050135937500000005,5.2621093750000005,61.652,
0,4,,,6.570053100585938,34.5751953125,2153.2128906250005,0.049275000000000006,5.2626953125,61.686,
0,4,,,6.6478729248046875,34.9810791015625,2154.306640625,0.04985875000000001,5.2621093750000005,61.72,
0,4,,,6.6478729248046875,34.9810791015625,2155.537109375,0.04985875000000001,5.2625,61.754,
0,4,,,6.68487548828125,35.179443359375,2156.73828125,0.050137187500000006,5.2625,61.788,
0,4,,,6.6497802734375,34.99206542968751,2157.958984375,0.049873125000000004,5.2623046875,61.822,
0,4,,,6.6497802734375,34.99206542968751,2159.04296875,0.049873125000000004,5.2626953125,61.856,
0,4,,,6.533050537109376,34.38049316406251,2160.263671875,0.0489978125,5.2626953125,61.89,
0,4,,,6.650352478027345,34.99572753906251,2161.4550781250005,0.04987781250000001,5.2623046875,61.925,
0,4,,,6.650352478027345,34.99572753906251,2162.685546875,0.0499078125,5.2625,61.959,
0,4,,,6.65435791015625,35.01831054687501,2163.88671875,0.0499078125,5.2625,61.993,
0,4,,,6.66046142578125,35.05004882812501,2165.0000000000005,0.0499534375,5.2625,62.027,
0,4,,,6.66046142578125,35.05004882812501,2166.201171875,0.04935250000000001,5.2626953125,62.061,
0,4,,,6.580352783203125,34.62951660156251,2167.4316406250005,0.04935250000000001,5.2626953125,62.095,
0,4,,,6.688117980957031,35.19653320312501,2168.6328125000005,0.050161562500000006,5.2625,62.129,
0,4,,,6.688117980957031,35.19653320312501,2169.8535156250005,0.04992375,5.2626953125,62.162,
0,4,,,6.656455993652344,35.0311279296875,2170.947265625,0.04992375,5.2626953125,62.196,
0,4,,,6.648826599121094,34.9871826171875,2172.1777343750005,0.049865625000000004,5.2623046875,62.23,
0,4,,,6.648826599121094,34.9871826171875,2173.3789062500005,0.049542812500000005,5.262890625000001,62.264,
0,4,,,6.605720520019531,34.764404296875,2174.609375,0.049542812500000005,5.262890625000001,62.298,
0,4,,,6.668281555175782,35.0927734375,2175.6933593750005,0.050012187500000006,5.2626953125,62.332,
0,4,,,6.683921813964844,35.17089843750001,2176.923828125,0.0501290625,5.2621093750000005,62.366,
0,4,,,6.683921813964844,35.17089843750001,2178.125,0.0501290625,5.2621093750000005,62.4,
0,4,,,6.6432952880859375,34.95971679687501,2179.3554687500005,0.0498240625,5.2625,62.434,
0,4,,,6.5784454345703125,34.61730957031251,2180.439453125,0.049338125000000004,5.2623046875,62.468,
0,4,,,6.5784454345703125,34.61730957031251,2181.669921875,0.049338125000000004,5.2623046875,62.502,
0,4,,,6.670379638671876,35.1007080078125,2182.87109375,0.050028750000000004,5.2623046875,62.536,
0,4,,,6.6600799560546875,35.04882812500001,2184.091796875,0.0499503125,5.2626953125,62.57,
0,4,,,6.6600799560546875,35.04882812500001,2185.1757812500005,0.0499503125,5.2626953125,62.604,
0,4,,,6.64348602294922,34.96032714843751,2186.4062500000005,0.04982625,5.2623046875,62.638,
0,4,,,6.627464294433595,34.87731933593751,2187.6171875000005,0.04970625000000001,5.2626953125,62.672,
0,4,,,6.627464294433595,34.87731933593751,2188.8378906250005,0.04970625000000001,5.2626953125,62.706,
0,4,,,6.6753387451171875,35.12817382812501,2190.0390625,0.05006531250000001,5.2625,62.74,
0,4,,,6.664085388183594,35.07080078125,2191.162109375,0.0499809375,5.2626953125,62.774,
0,4,,,6.664085388183594,35.07080078125,2192.3535156250005,0.0499809375,5.2626953125,62.808,
0,4,,,6.618690490722657,34.83093261718751,2193.5839843750005,0.049640312500000006,5.2625,62.842,
0,4,,,6.629371643066407,34.8870849609375,2194.7851562500005,0.0497203125,5.2625,62.876,
0,4,,,6.629371643066407,34.8870849609375,2195.908203125,0.0497203125,5.2625,62.91,
0,4,,,6.6814422607421875,35.1611328125,2197.109375,0.050111562500000005,5.2625,62.944,
0,4,,,6.690406799316407,35.208740234375,2198.33984375,0.050178125000000004,5.2626953125,62.979,
0,4,,,6.690406799316407,35.208740234375,2199.5410156250005,0.050178125000000004,5.2626953125,63.013,
0,4,,,6.621742248535157,34.844970703125,2200.771484375,0.04966281250000001,5.2623046875,63.046,
0,4,,,6.6486358642578125,34.98901367187501,2201.8652343750005,0.04986500000000001,5.2626953125,63.08,
0,4,,,6.6486358642578125,34.98901367187501,2203.0859375000005,0.04986500000000001,5.2626953125,63.114,
0,4,,,6.6524505615234375,35.009765625,2204.287109375,0.0498940625,5.2626953125,63.148,
0,4,,,6.691932678222656,35.21728515625,2205.5175781250005,0.050190000000000005,5.2626953125,63.182,
0,4,,,6.691932678222656,35.21728515625,2206.611328125,0.050190000000000005,5.2626953125,63.216,
0,4,,,6.607437133789063,34.76806640625001,2207.8417968750005,0.0495559375,5.261914062500001,63.25,
0,4,,,6.640625000000001,34.94506835937501,2209.0429687500005,0.049804375000000005,5.2625,63.284,
0,4,,,6.640625000000001,34.94506835937501,2210.2636718750005,0.049804375000000005,5.2625,63.318,
0,4,,,6.655693054199219,35.02685546875,2211.4648437500005,0.0499184375,5.2626953125,63.352,
0,4,,,6.674957275390626,35.12451171875,2212.5781250000005,0.0500625,5.2621093750000005,63.386,
0,4,,,6.674957275390626,35.12451171875,2213.7792968750005,0.0500625,5.2623046875,63.42,
0,4,,,6.557464599609375,34.5068359375,2214.990234375,0.049180312500000004,5.2623046875,63.454,
0,4,,,6.641578674316407,34.95239257812501,2216.1914062500005,0.04981125,5.2626953125,63.488,
0,4,,,6.641578674316407,34.95239257812501,2217.314453125,0.04981125,5.2625,63.522,
0,4,,,6.660842895507813,35.05249023437501,2218.505859375,0.04995625,5.2625,63.556,
0,4,,,6.649017333984375,34.9884033203125,2219.736328125,0.049867812500000004,5.2623046875,63.59,
0,4,,,6.649017333984375,34.9884033203125,2220.9375000000005,0.049329375,5.2630859375000005,63.624,
0,4,,,6.577301025390625,34.6160888671875,2222.0507812500005,0.049329375,5.2630859375000005,63.658,
0,4,,,6.678962707519532,35.14953613281251,2223.251953125,0.050091875,5.262890625000001,63.692,
0,4,,,6.678962707519532,35.14953613281251,2224.47265625,0.049885625,5.2621093750000005,63.726,
0,4,,,6.651496887207031,35.0006103515625,2225.673828125,0.049885625,5.2621093750000005,63.76,
0,4,,,6.662940979003906,35.06286621093751,2226.7968750000005,0.049971875000000006,5.2625,63.794,
0,4,,,6.662940979003906,35.06286621093751,2227.9980468750005,0.0494046875,5.2625,63.828,
0,4,,,6.587219238281251,34.6649169921875,2229.2187500000005,0.0494046875,5.2625,63.862,
0,4,,,6.665992736816406,35.08117675781251,2230.4199218750005,0.0499946875,5.2626953125,63.896,
0,4,,,6.665992736816406,35.08117675781251,2231.6503906250005,0.0500678125,5.2623046875,63.93,
0,4,,,6.67572021484375,35.12939453125001,2232.7441406250005,0.0500678125,5.2623046875,63.964,
0,4,,,6.68792724609375,35.1959228515625,2233.974609375,0.050159375000000006,5.2626953125,63.998,
0,4,,,6.68792724609375,35.1959228515625,2235.17578125,0.049465,5.2621093750000005,64.033,
0,4,,,6.5952301025390625,34.7052001953125,2236.396484375,0.049465,5.2621093750000005,64.067,
0,4,,,6.661033630371094,35.0543212890625,2237.59765625,0.049958125000000006,5.2625,64.101,
0,4,,,6.687545776367188,35.18981933593751,2238.7207031250005,0.050156250000000006,5.2621093750000005,64.135,
0,4,,,6.687545776367188,35.18981933593751,2239.9218750000005,0.050156250000000006,5.2621093750000005,64.169,
0,4,,,6.609153747558595,34.77722167968751,2241.1425781250005,0.049569062500000004,5.2621093750000005,64.203,
0,4,,,6.6089630126953125,34.77844238281251,2242.3437500000005,0.049567187500000005,5.2623046875,64.237,
0,4,,,6.6089630126953125,34.77844238281251,2243.4667968750005,0.049567187500000005,5.2623046875,64.27,
0,4,,,6.688690185546875,35.1995849609375,2244.6679687500005,0.050164687500000006,5.2626953125,64.304,
0,4,,,6.641387939453125,34.94873046875,2245.8886718750005,0.04981000000000001,5.2623046875,64.338,
0,4,,,6.641387939453125,34.94873046875,2247.08984375,0.04981000000000001,5.2623046875,64.372,
0,4,,,6.6715240478515625,35.1068115234375,2248.3203125,0.050037187500000004,5.2621093750000005,64.407,
0,4,,,6.613159179687501,34.80102539062501,2249.4140625,0.0495984375,5.2625,64.441,
0,4,,,6.613159179687501,34.80102539062501,2250.634765625,0.0495984375,5.2625,64.475,
0,4,,,6.657218933105469,35.02990722656251,2251.8359375000005,0.049929375000000005,5.261914062500001,64.509,
0,4,,,6.683731079101563,35.1690673828125,2253.0664062500005,0.050128437500000005,5.261914062500001,64.543,
0,4,,,6.683731079101563,35.1690673828125,2254.150390625,0.050128437500000005,5.261914062500001,64.576,
0,4,,,6.585311889648438,34.65332031250001,2255.380859375,0.04939,5.2623046875,64.61,
0,4,,,6.61296844482422,34.8028564453125,2256.5722656250005,0.049596875000000006,5.262890625000001,64.644,
0,4,,,6.61296844482422,34.8028564453125,2257.8027343750005,0.049596875000000006,5.262890625000001,64.678,
0,4,,,6.659126281738281,35.04394531250001,2258.88671875,0.049944062500000004,5.2625,64.712,
0,4,,,6.653976440429688,35.01342773437501,2260.107421875,0.049904375,5.2621093750000005,64.746,
0,4,,,6.653976440429688,35.01342773437501,2261.3085937500005,0.049904375,5.2621093750000005,64.78,
0,4,,,6.617164611816406,34.82116699218751,2262.5390625,0.049629375,5.2621093750000005,64.814,
0,4,,,6.657028198242188,35.0341796875,2263.7500000000005,0.049928125000000004,5.2626953125,64.848,
0,4,,,6.657028198242188,35.0341796875,2264.8730468750005,0.049928125000000004,5.2626953125,64.882,
0,4,,,6.698989868164063,35.2532958984375,2266.0644531250005,0.050242812500000004,5.2625,64.916,
0,4,,,6.648254394531251,34.98352050781251,2267.2949218750005,0.04986187500000001,5.2621093750000005,64.95,
0,4,,,6.648254394531251,34.98352050781251,2268.4863281250005,0.04986187500000001,5.2621093750000005,64.984,
0,4,,,6.584358215332032,34.65087890625001,2269.6093750000005,0.0493825,5.2626953125,65.018,
0,4,,,6.655883789062501,35.02868652343751,2270.8105468750005,0.0499184375,5.262890625000001,65.052,
0,4,,,6.655883789062501,35.02868652343751,2272.0312500000005,0.0499184375,5.26171875,65.087,
0,4,,,6.653785705566406,35.009765625,2273.2324218750005,0.0499034375,5.26171875,65.121,
0,4,,,6.6745758056640625,35.1220703125,2274.462890625,0.050058750000000006,5.2621093750000005,65.155,
0,4,,,6.6745758056640625,35.1220703125,2275.5468750000005,0.050058750000000006,5.2626953125,65.189,
0,4,,,6.571769714355469,34.58496093750001,2276.7675781250005,0.0492890625,5.2626953125,65.223,
0,4,,,6.638336181640625,34.93041992187501,2277.9687500000005,0.049787500000000005,5.2621093750000005,65.257,
0,4,,,6.638336181640625,34.93041992187501,2279.19921875,0.0500040625,5.2625,65.291,
0,4,,,6.667137145996094,35.08544921875,2280.3906250000005,0.0500040625,5.2625,65.325,
0,4,,,6.638526916503906,34.932861328125,2281.50390625,0.049789687500000006,5.2621093750000005,65.359,
0,4,,,6.638526916503906,34.932861328125,2282.7050781250005,0.049205000000000006,5.2625,65.393,
0,4,,,6.560707092285157,34.5245361328125,2283.9257812500005,0.049205000000000006,5.2625,65.427,
0,4,,,6.649589538574219,34.98962402343751,2285.1269531250005,0.04987250000000001,5.261914062500001,65.461,
0,4,,,6.649589538574219,34.98962402343751,2286.240234375,0.05001343750000001,5.2623046875,65.495,
0,4,,,6.668472290039063,35.09033203125001,2287.4316406250005,0.05001343750000001,5.2623046875,65.529,
0,4,,,6.656837463378907,35.02990722656251,2288.662109375,0.04992656250000001,5.2623046875,65.563,
0,4,,,6.656837463378907,35.02990722656251,2289.86328125,0.0492425,5.2623046875,65.597,
0,4,,,6.565666198730469,34.55078125,2290.9765625000005,0.0492425,5.2623046875,65.631,
0,4,,,6.655120849609376,35.02258300781251,2292.177734375,0.04991281250000001,5.2625,65.665,
0,4,,,6.655120849609376,35.137939453125,2293.3984375,0.0500803125,5.2623046875,65.699,
0,4,,,6.677436828613281,35.137939453125,2294.6093750000005,0.0500803125,5.2623046875,65.733,
0,4,,,6.673431396484375,35.12023925781251,2295.8300781250005,0.050050625,5.262890625000001,65.767,
0,4,,,6.55517578125,34.4964599609375,2296.9140625000005,0.049164375,5.2625,65.801,
0,4,,,6.55517578125,34.4964599609375,2298.1347656250005,0.049164375,5.2625,65.835,
0,4,,,6.646347045898438,34.97497558593751,2299.3359375,0.0498471875,5.2623046875,65.869,
0,4,,,6.675910949707032,35.1312255859375,2300.56640625,0.05006875,5.2625,65.903,
0,4,,,6.675910949707032,35.1312255859375,2301.66015625,0.05006875,5.2625,65.937,
0,4,,,6.618309020996094,34.82666015625,2302.8710937500005,0.0496365625,5.2623046875,65.971,
0,4,,,6.564140319824219,34.54040527343751,2304.0722656250005,0.049230312500000005,5.2621093750000005,66.005,
0,4,,,6.564140319824219,34.54040527343751,2305.2929687500005,0.049230312500000005,5.2621093750000005,66.039,
0,4,,,6.6650390625,35.07080078125,2306.3769531250005,0.0499884375,5.261914062500001,66.073,
0,4,,,6.641769409179688,34.95117187500001,2307.6074218750005,0.0498134375,5.2623046875,66.107,
0,4,,,6.641769409179688,34.95117187500001,2308.7988281250005,0.0498134375,5.2623046875,66.142,
0,4,,,6.6143035888671875,34.80346679687501,2310.0195312500005,0.049607500000000006,5.261914062500001,66.176,
0,4,,,6.6020965576171875,34.74548339843751,2311.220703125,0.049516250000000005,5.2626953125,66.21,
0,4,,,6.6020965576171875,34.74548339843751,2312.44140625,0.049516250000000005,5.2626953125,66.244,
0,4,,,6.6402435302734375,34.94201660156251,2313.5351562500005,0.049801875,5.2621093750000005,66.278,
0,4,,,6.684494018554688,35.1763916015625,2314.7558593750005,0.0501334375,5.2625,66.312,
0,4,,,6.684494018554688,35.1763916015625,2315.947265625,0.0501334375,5.2625,66.346,
0,4,,,6.565093994140625,34.54528808593751,2317.1777343750005,0.049238125,5.261914062500001,66.38,
0,4,,,6.6333770751953125,34.91394042968751,2318.2714843750005,0.0497509375,5.26328125,66.414,
0,4,,,6.6333770751953125,34.91394042968751,2319.4921875000005,0.0497509375,5.26328125,66.448,
0,4,,,6.681823730468751,35.16357421875001,2320.6933593750005,0.050113750000000006,5.2625,66.482,
0,4,,,6.644630432128907,34.9658203125,2321.923828125,0.049835000000000004,5.2623046875,66.516,
0,4,,,6.644630432128907,34.9658203125,2323.0078125,0.049835000000000004,5.2623046875,66.55,
0,4,,,6.6162109375,34.81628417968751,2324.23828125,0.049621875,5.2623046875,66.584,
0,4,,,6.624603271484376,34.86328125,2325.439453125,0.049684687500000005,5.2626953125,66.618,
0,4,,,6.624603271484376,34.86328125,2326.66015625,0.049684687500000005,5.2626953125,66.652,
0,4,,,6.679534912109375,35.14953613281251,2327.8613281250005,0.050096875000000006,5.2623046875,66.685,
0,4,,,6.650543212890625,34.99938964843751,2328.9843750000005,0.049878750000000006,5.2626953125,66.719,
0,4,,,6.650543212890625,34.99938964843751,2330.17578125,0.049878750000000006,5.2630859375000005,66.753,
0,4,,,6.573295593261719,34.59472656250001,2331.396484375,0.049299375000000006,5.2630859375000005,66.787,
0,4,,,6.65416717529297,35.0189208984375,2332.5976562500005,0.049905937500000004,5.262890625000001,66.821,
0,4,,,6.65416717529297,35.0189208984375,2333.7109375000005,0.049905937500000004,5.2626953125,66.855,
0,4,,,6.653213500976563,35.01342773437501,2334.9121093750005,0.049898750000000006,5.2626953125,66.889,
0,4,,,6.655311584472656,35.02197265625001,2336.1328125000005,0.049914375000000004,5.2623046875,66.923,
0,4,,,6.655311584472656,35.02197265625001,2337.3339843750005,0.049350000000000005,5.2625,66.957,
0,4,,,6.5799713134765625,34.62646484375,2338.447265625,0.049350000000000005,5.2625,66.991,
0,4,,,6.6478729248046875,34.9822998046875,2339.6484375,0.0498590625,5.2621093750000005,67.025,
0,4,,,6.6478729248046875,34.9822998046875,2340.8789062500005,0.0501121875,5.2625,67.059,
0,4,,,6.68163299560547,35.1617431640625,2342.0703125,0.0501121875,5.2625,67.093,
0,4,,,6.625175476074219,34.86206054687501,2343.18359375,0.049688750000000004,5.2621093750000005,67.127,
0,4,,,6.625175476074219,34.86206054687501,2344.384765625,0.049288125,5.2625,67.161,
0,4,,,6.571769714355469,34.5831298828125,2345.6152343750005,0.049288125,5.2625,67.196,
0,4,,,6.680870056152345,35.15930175781251,2346.8164062500005,0.050106250000000005,5.2626953125,67.23,
0,4,,,6.680870056152345,35.15930175781251,2348.0371093750005,0.050044375,5.2625,67.264,
0,4,,,6.67266845703125,35.11413574218751,2349.228515625,0.050044375,5.2625,67.298,
0,4,,,6.630134582519532,34.8895263671875,2350.3515625,0.049725937500000005,5.2623046875,67.332,
0,4,,,6.630134582519532,34.65576171875001,2351.5527343750005,0.049392500000000006,5.2623046875,67.366,
0,4,,,6.585693359375,34.65576171875001,2352.783203125,0.049392500000000006,5.2623046875,67.4,
0,4,,,6.693267822265626,35.22460937500001,2353.9843750000005,0.050199687500000006,5.2626953125,67.434,
0,4,,,6.661605834960938,35.0543212890625,2355.0976562500005,0.049961250000000006,5.2623046875,67.468,
0,4,,,6.661605834960938,35.0543212890625,2356.298828125,0.049961250000000006,5.2623046875,67.502,
0,4,,,6.660652160644532,35.05126953125001,2357.529296875,0.049954687500000004,5.2625,67.536,
0,4,,,6.6013336181640625,34.73632812500001,2358.73046875,0.04951031250000001,5.2621093750000005,67.57,
0,4,,,6.6013336181640625,34.73632812500001,2359.8535156250005,0.04951031250000001,5.2621093750000005,67.604,
0,4,,,6.683921813964844,35.1715087890625,2361.0546875000005,0.050129687500000006,5.2621093750000005,67.638,
0,4,,,6.6680908203125,35.09033203125001,2362.2851562500005,0.050010937500000005,5.2625,67.672,
0,4,,,6.6680908203125,35.09033203125001,2363.4765625000005,0.050010937500000005,5.2625,67.706,
0,4,,,6.64653778076172,34.9774169921875,2364.7070312500005,0.049849062500000006,5.2625,67.74,
0,4,,,6.61296844482422,34.80041503906251,2365.8007812500005,0.049596875000000006,5.2625,67.774,
0,4,,,6.61296844482422,34.80041503906251,2367.03125,0.049596875000000006,5.2625,67.807,
0,4,,,6.662559509277345,35.064697265625,2368.2226562500005,0.049969375,5.2630859375000005,67.841,
0,4,,,6.659126281738281,35.04455566406251,2369.453125,0.0499425,5.2626953125,67.875,
0,4,,,6.659126281738281,35.04455566406251,2370.546875,0.0499425,5.2626953125,67.909,
0,4,,,6.655311584472656,35.0189208984375,2371.767578125,0.049915625000000005,5.26171875,67.943,
0,4,,,6.623268127441406,34.85412597656251,2372.9785156250005,0.0496746875,5.2623046875,67.978,
0,0,,,,,,,,,22658340
0,1,,,,,,,,,27190020
0,2,,,,,,,,,33987524
0,3,,,,,,,,,45316693
0,4,,,,,,,,,67975043
