iteration_num,expe_num,validation_result,clock_freq,current_sample,power_sample,energy_sample,shunt_voltage_sample,bus_voltage_sample,current_timestamp,timing_sample
0,0,,,14.499664306640625,76.07910156250001,1.2402343750000002,0.10874625,5.2470703125,0.024,
0,0,,,14.499664306640625,76.07910156250001,3.955078125,0.10874625,5.2470703125,0.058,
0,0,,,14.95494842529297,78.46191406250001,6.699218750000001,0.11216062500000001,5.2466796875,0.092,
0,0,,,15.028381347656252,78.85498046875,9.169921875,0.11271125000000001,5.2470703125,0.126,
0,0,,,15.028381347656252,78.85498046875,11.914062500000002,0.11271125000000001,5.2464843750000005,0.16,
0,0,,,15.021896362304688,78.81042480468751,14.628906250000002,0.11266375000000001,5.2464843750000005,0.194,
0,0,,,14.992904663085938,78.66271972656251,17.373046875000004,0.11244562500000001,5.2466796875,0.228,
0,0,,,14.992904663085938,78.66271972656251,19.843750000000004,0.11244562500000001,5.2464843750000005,0.262,
0,0,,,14.934539794921875,78.35327148437501,22.587890625000004,0.11200875,5.2464843750000005,0.296,
0,0,,,15.010452270507812,78.75732421875001,25.302734375000004,0.11257781250000001,5.246875,0.33,
0,0,,,15.010452270507812,78.75732421875001,28.046875,0.11268781250000001,5.246289062500001,0.364,
0,0,,,15.025138854980469,78.82568359375001,30.76171875,0.11268781250000001,5.246289062500001,0.398,
0,0,,,15.013122558593752,78.76831054687501,33.26171875,0.1125978125,5.2466796875,0.432,
0,0,,,15.013122558593752,78.76831054687501,35.986328125,0.11203562500000001,5.246289062500001,0.466,
0,0,,,14.93816375732422,78.36975097656251,38.72070312500001,0.11203562500000001,5.246289062500001,0.5,
0,0,,,15.007400512695314,78.73779296875001,41.44531250000001,0.11255468750000001,5.2466796875,0.534,
0,0,,,15.007400512695314,78.73779296875001,43.93554687500001,0.1126484375,5.2470703125,0.568,
0,0,,,15.019989013671875,78.8092041015625,46.66015625,0.1126484375,5.2470703125,0.602,
0,0,,,14.98565673828125,78.6260986328125,49.39453125000001,0.1123921875,5.2466796875,0.636,
0,0,,,14.98565673828125,78.6260986328125,52.11914062500001,0.1123775,5.2466796875,0.67,
0,0,,,14.983749389648438,78.61389160156251,54.60937500000001,0.1123775,5.2466796875,0.704,
0,0,,,14.965820312500002,78.52539062500001,57.32421875,0.11224281250000001,5.2470703125,0.738,
0,0,,,14.965820312500002,78.87390136718751,60.06835937500001,0.11274531250000001,5.246875,0.772,
0,0,,,15.032768249511719,78.87390136718751,62.802734375,0.11274531250000001,5.246875,0.806,
0,0,,,15.010261535644533,78.75427246093751,65.52734375000001,0.1125765625,5.2466796875,0.84,
0,0,,,14.941978454589846,78.39294433593751,68.00781250000001,0.11206375,5.2464843750000005,0.874,
0,0,,,14.941978454589846,78.39294433593751,70.74218750000001,0.11206375,5.2464843750000005,0.908,
0,0,,,15.002822875976562,78.7176513671875,73.466796875,0.11252031250000001,5.246875,0.942,
0,0,,,15.003204345703125,78.72619628906251,76.20117187500001,0.11252406250000001,5.247265625000001,0.982,
0,0,,,15.003204345703125,78.72619628906251,79.43359375000001,0.11252406250000001,5.247265625000001,1.017,
0,0,,,15.036010742187502,78.8848876953125,81.91406250000001,0.11276843750000001,5.2464843750000005,1.051,
0,0,,,14.97154235839844,78.5467529296875,84.65820312500001,0.11228625,5.2464843750000005,1.085,
0,0,,,14.97154235839844,78.5467529296875,87.37304687500001,0.11228625,5.2464843750000005,1.119,
0,0,,,14.963340759277344,78.50769042968751,90.11718750000001,0.112225,5.2466796875,1.152,
0,0,,,15.031814575195312,78.87145996093751,92.587890625,0.11273812500000001,5.2470703125,1.186,
0,0,,,15.031814575195312,78.87145996093751,95.33203125,0.11273812500000001,5.246875,1.22,
0,0,,,15.012931823730469,78.77075195312501,98.046875,0.112595625,5.246875,1.254,
0,0,,,15.001106262207033,78.70605468750001,100.79101562500003,0.112506875,5.2466796875,1.288,
0,0,,,15.001106262207033,78.70605468750001,103.26171875000001,0.112506875,5.2470703125,1.322,
0,0,,,14.934730529785156,78.3636474609375,106.00585937500001,0.1120090625,5.2470703125,1.356,
0,0,,,15.020942687988281,78.81774902343751,108.720703125,0.112656875,5.247265625000001,1.39,
0,0,,,15.020942687988281,78.81774902343751,111.474609375,0.11271687500000001,5.2466796875,1.424,
0,0,,,15.028953552246094,78.85314941406251,114.189453125,0.11271687500000001,5.2466796875,1.458,
0,0,,,15.018272399902346,78.79821777343751,116.68945312500001,0.11263656250000001,5.246875,1.492,
0,0,,,15.018272399902346,78.79821777343751,119.40429687500001,0.11204125000000001,5.2464843750000005,1.526,
0,0,,,14.938926696777344,78.37585449218751,122.14843750000003,0.11204125000000001,5.2464843750000005,1.56,
0,0,,,15.001106262207033,78.71032714843751,124.86328125000001,0.11250718750000001,5.2470703125,1.594,
0,0,,,15.001106262207033,78.71032714843751,127.36328125000001,0.112781875,5.247265625000001,1.628,
0,0,,,15.037727355957031,78.90502929687501,130.087890625,0.112781875,5.247265625000001,1.662,
0,0,,,14.981460571289062,78.5980224609375,132.82226562500003,0.1123603125,5.246289062500001,1.696,
0,0,,,14.981460571289062,78.5980224609375,135.546875,0.11241500000000001,5.2464843750000005,1.73,
0,0,,,14.988708496093752,78.638916015625,138.037109375,0.11241500000000001,5.2464843750000005,1.764,
0,0,,,14.964866638183596,78.51257324218751,140.75195312500003,0.11223500000000002,5.2464843750000005,1.798,
0,0,,,14.964866638183596,78.82080078125,143.49609375000003,0.11266687500000001,5.246875,1.832,
0,0,,,15.02227783203125,78.82080078125,146.22070312500003,0.11266687500000001,5.246875,1.866,
0,0,,,15.004348754882812,78.7176513671875,148.95507812500003,0.1125321875,5.246289062500001,1.9,
0,0,,,14.929962158203125,78.3331298828125,151.42578125000003,0.11197343750000001,5.2466796875,1.934,
0,0,,,14.929962158203125,78.3331298828125,154.169921875,0.11197343750000001,5.2466796875,1.968,
0,0,,,15.01617431640625,78.77929687500001,156.89453125000003,0.11262062500000002,5.246289062500001,2.002,
0,0,,,14.999580383300781,78.699951171875,159.61914062500003,0.1124959375,5.246875,2.037,
0,0,,,14.999580383300781,78.699951171875,162.36328125000003,0.1124959375,5.246875,2.071,
0,0,,,15.02208709716797,78.81408691406251,164.83398437500003,0.11266500000000002,5.2466796875,2.105,
0,0,,,14.966011047363281,78.51745605468751,167.56835937500003,0.1122440625,5.2464843750000005,2.139,
0,0,,,14.966011047363281,78.51745605468751,170.29296875000003,0.1122440625,5.2464843750000005,2.173,
0,0,,,14.959526062011719,78.486328125,173.02734375000003,0.11219593750000001,5.2466796875,2.207,
0,0,,,15.016746520996094,78.78967285156251,175.75195312500003,0.11262468750000001,5.246875,2.241,
0,0,,,15.016746520996094,78.78967285156251,178.25195312500003,0.11262468750000001,5.246875,2.275,
0,0,,,15.015411376953127,78.78295898437501,180.96679687500003,0.112615,5.246875,2.309,
0,0,,,14.985084533691406,78.61633300781251,183.701171875,0.11238750000000002,5.246289062500001,2.343,
0,0,,,14.985084533691406,78.61633300781251,186.42578125,0.11238750000000002,5.246289062500001,2.377,
0,0,,,14.946746826171877,78.42102050781251,188.91601562500003,0.1121,5.2466796875,2.411,
0,0,,,15.003013610839846,78.7139892578125,191.63085937500003,0.11252187500000001,5.2464843750000005,2.445,
0,0,,,15.003013610839846,78.7139892578125,194.37500000000003,0.11252187500000001,5.2464843750000005,2.479,
0,0,,,15.018081665039062,78.78540039062501,197.09960937500003,0.11263437500000001,5.24609375,2.513,
0,0,,,15.019989013671875,78.79699707031251,199.83398437500003,0.11264875,5.24609375,2.547,
0,0,,,15.019989013671875,78.79699707031251,202.3046875,0.11264875,5.24609375,2.581,
0,0,,,14.937591552734375,78.369140625,205.05859375000003,0.11203125000000001,5.2464843750000005,2.615,
0,0,,,15.010452270507812,78.75305175781251,207.7734375,0.11257812500000001,5.2464843750000005,2.649,
0,0,,,15.010452270507812,78.75305175781251,210.51757812500006,0.11257812500000001,5.2464843750000005,2.683,
0,0,,,15.024375915527344,78.82873535156251,212.98828125000003,0.11268187500000001,5.2466796875,2.717,
0,0,,,14.991378784179688,78.6517333984375,215.732421875,0.11243500000000001,5.2464843750000005,2.751,
0,0,,,14.991378784179688,78.6517333984375,218.44726562500003,0.11243500000000001,5.2464843750000005,2.785,
0,0,,,14.989662170410158,78.64440917968751,221.19140625,0.1124221875,5.2466796875,2.819,
0,0,,,14.961433410644531,78.50280761718751,223.66210937500003,0.11221062500000001,5.2470703125,2.853,
0,0,,,14.961433410644531,78.50280761718751,226.40625000000003,0.11221062500000001,5.2466796875,2.887,
0,0,,,15.03257751464844,78.87084960937501,229.12109375000003,0.11274343750000002,5.2466796875,2.921,
0,0,,,15.007972717285156,78.74084472656251,231.86523437500003,0.11255906250000002,5.2466796875,2.955,
0,0,,,15.007972717285156,78.74084472656251,234.3359375,0.11255906250000002,5.247265625000001,2.989,
0,0,,,14.93968963623047,78.392333984375,237.08007812500003,0.11204750000000001,5.247265625000001,3.023,
0,0,,,15.002250671386719,78.7152099609375,239.8046875,0.1125153125,5.246875,3.058,
0,0,,,15.002250671386719,78.7152099609375,242.53906250000003,0.1126146875,5.2466796875,3.092,
0,0,,,15.015411376953127,78.7811279296875,245.263671875,0.1126146875,5.2466796875,3.126,
0,0,,,15.040016174316406,78.91052246093751,248.00781250000003,0.11279968750000001,5.2466796875,3.16,
0,0,,,15.040016174316406,78.91052246093751,250.48828125,0.11219406250000001,5.246289062500001,3.194,
0,0,,,14.959335327148438,78.48144531250001,253.21289062500003,0.11219406250000001,5.246289062500001,3.228,
0,0,,,14.957046508789062,78.47473144531251,255.94726562500003,0.11217687500000001,5.2466796875,3.262,
0,0,,,14.957046508789062,78.47473144531251,258.67187500000006,0.1126675,5.2466796875,3.296,
0,0,,,15.022468566894531,78.81774902343751,261.15234375,0.1126675,5.2466796875,3.33,
0,0,,,15.02361297607422,78.82629394531251,263.88671875,0.1126759375,5.246875,3.364,
0,0,,,15.02361297607422,78.67736816406251,266.62109375000006,0.11246093750000001,5.246875,3.398,
0,0,,,14.995002746582033,78.67736816406251,269.34570312500006,0.11246093750000001,5.246875,3.432,
0,0,,,14.93816375732422,78.37585449218751,272.08984375000006,0.11203531250000001,5.2466796875,3.466,
0,0,,,15.000534057617188,78.70910644531251,274.56054687500006,0.11250312500000001,5.2470703125,3.5,
0,0,,,15.000534057617188,78.70910644531251,277.294921875,0.11250312500000001,5.2470703125,3.534,
0,0,,,15.00701904296875,78.73779296875001,280.009765625,0.11255125,5.2466796875,3.568,
0,0,,,14.998626708984375,78.69445800781251,282.75390625,0.11248906250000001,5.246875,3.602,
0,0,,,14.998626708984375,78.69445800781251,285.22460937500006,0.11248906250000001,5.246875,3.636,
0,0,,,14.952468872070314,78.4552001953125,287.96875000000006,0.1121421875,5.2470703125,3.67,
0,0,,,15.002822875976562,78.70971679687501,290.68359375,0.11252000000000001,5.246289062500001,3.704,
0,0,,,15.002822875976562,78.70971679687501,293.427734375,0.11252000000000001,5.246289062500001,3.738,
0,0,,,15.011405944824219,78.763427734375,295.8984375,0.1125853125,5.246875,3.772,
0,0,,,14.993667602539062,78.66271972656251,298.64257812500006,0.1124515625,5.2464843750000005,3.806,
0,0,,,14.993667602539062,78.66271972656251,301.35742187500006,0.1124515625,5.2464843750000005,3.84,
0,0,,,14.988708496093752,78.641357421875,304.10156250000006,0.11241468750000001,5.2466796875,3.873,
0,0,,,14.96105194091797,78.49548339843751,306.81640625000006,0.11220656250000001,5.2466796875,3.907,
0,0,,,14.96105194091797,78.49548339843751,309.31640625,0.11220656250000001,5.2466796875,3.941,
0,0,,,15.022659301757814,78.81713867187501,312.03125000000006,0.11266843750000001,5.2466796875,3.975,
0,0,,,15.016746520996094,78.78601074218751,314.77539062500006,0.11262437500000001,5.2466796875,4.009,
0,0,,,15.016746520996094,78.78601074218751,317.49023437500006,0.11262437500000001,5.2466796875,4.043,
0,0,,,14.917945861816406,78.26843261718751,319.99023437500006,0.11188437500000001,5.2466796875,4.077,
0,0,,,15.002250671386719,78.70727539062501,322.70507812500006,0.11251562500000001,5.2464843750000005,4.112,
0,0,,,15.002250671386719,78.70727539062501,325.439453125,0.11251562500000001,5.2464843750000005,4.146,
0,0,,,15.005111694335938,78.72680664062501,328.1640625,0.11253718750000001,5.2466796875,4.18,
0,0,,,15.0177001953125,78.78356933593751,330.89843750000006,0.11263250000000001,5.24609375,4.214,
0,0,,,15.0177001953125,78.78356933593751,333.36914062500006,0.11263250000000001,5.24609375,4.248,
0,0,,,14.955711364746094,78.4710693359375,336.11328125000006,0.11216718750000002,5.246875,4.282,
0,0,,,14.95361328125,78.46252441406251,338.82812500000006,0.11215156250000001,5.2470703125,4.316,
0,0,,,14.95361328125,78.46252441406251,341.57226562500006,0.11215156250000001,5.2470703125,4.35,
0,0,,,15.02227783203125,78.81713867187501,344.05273437500006,0.11266593750000001,5.2466796875,4.384,
0,0,,,15.020942687988281,78.81347656250001,346.78710937500006,0.112656875,5.246875,4.418,
0,0,,,15.020942687988281,78.81347656250001,349.50195312500006,0.112656875,5.246875,4.452,
0,0,,,14.994049072265627,78.668212890625,352.24609375000006,0.11245437500000001,5.2466796875,4.486,
0,0,,,14.947128295898438,78.41979980468751,354.7265625,0.1121021875,5.2464843750000005,4.52,
0,0,,,14.947128295898438,78.41979980468751,357.4609375,0.1121021875,5.2466796875,4.554,
0,0,,,15.012359619140625,78.76464843750001,360.19531250000006,0.11259187500000001,5.2466796875,4.588,
0,0,,,15.024375915527344,78.83239746093751,362.91992187500006,0.11268125000000001,5.2470703125,4.622,
0,0,,,15.024375915527344,78.83239746093751,365.64453125000006,0.11268125000000001,5.2466796875,4.656,
0,0,,,15.014076232910158,78.77258300781251,368.134765625,0.11260531250000001,5.2466796875,4.69,
0,0,,,14.942932128906252,78.3966064453125,370.86914062500006,0.11207187500000002,5.2464843750000005,4.724,
0,0,,,14.942932128906252,78.3966064453125,373.59375000000006,0.112428125,5.2474609375000005,4.758,
0,0,,,14.990615844726564,78.66271972656251,376.32812500000006,0.112428125,5.2474609375000005,4.792,
0,0,,,15.00968933105469,78.75549316406251,378.79882812500006,0.11257156250000001,5.2470703125,4.825,
0,0,,,15.00968933105469,78.75549316406251,381.54296875000006,0.1124534375,5.2470703125,4.859,
0,0,,,14.993858337402344,78.67431640625,384.267578125,0.1124534375,5.2470703125,4.893,
0,0,,,14.993858337402344,78.66760253906251,387.01171875,0.11245281250000001,5.2466796875,4.927,
0,0,,,14.993858337402344,78.66760253906251,389.47265625000006,0.1122421875,5.246875,4.961,
0,0,,,14.965820312500002,78.521728515625,392.21679687500006,0.1122421875,5.246875,4.995,
0,0,,,15.02647399902344,78.83361816406251,394.94140625000006,0.11269843750000001,5.246289062500001,5.029,
0,0,,,15.02647399902344,78.83361816406251,397.685546875,0.11264968750000001,5.2470703125,5.063,
0,0,,,15.019989013671875,78.81042480468751,400.15625000000006,0.11264968750000001,5.2470703125,5.097,
0,0,,,14.93053436279297,78.34106445312501,402.900390625,0.11197812500000001,5.2470703125,5.131,
0,0,,,14.93053436279297,78.69689941406251,405.615234375,0.11249750000000001,5.2464843750000005,5.166,
0,0,,,14.999771118164064,78.69689941406251,408.34960937500006,0.11249750000000001,5.2464843750000005,5.2,
0,0,,,15.01445770263672,78.77746582031251,411.07421875000006,0.112608125,5.2466796875,5.234,
0,0,,,15.020370483398438,78.8092041015625,413.57421875,0.11265156250000001,5.246875,5.268,
0,0,,,15.020370483398438,78.8092041015625,416.28906250000006,0.11265156250000001,5.246875,5.302,
0,0,,,14.954185485839844,78.453369140625,419.02343750000006,0.11215625000000001,5.246289062500001,5.336,
0,0,,,14.961624145507814,78.49426269531251,421.748046875,0.11221125000000001,5.2464843750000005,5.37,
0,0,,,14.961624145507814,78.49426269531251,424.49218750000006,0.11221125000000001,5.2464843750000005,5.404,
0,0,,,15.027427673339846,78.84582519531251,426.96289062500006,0.112705625,5.246875,5.438,
0,0,,,15.026855468750002,78.83544921875001,429.70703125,0.11270125,5.246289062500001,5.472,
0,0,,,15.026855468750002,78.83544921875001,432.421875,0.11270125,5.246289062500001,5.506,
0,0,,,14.9871826171875,78.63952636718751,435.16601562500006,0.1124025,5.247265625000001,5.54,
0,0,,,14.946365356445314,78.42102050781251,437.62695312500006,0.11209656250000001,5.246875,5.574,
0,0,,,14.946365356445314,78.42102050781251,440.38085937500006,0.11209656250000001,5.246875,5.608,
0,0,,,15.021133422851564,78.80981445312501,443.095703125,0.11265750000000001,5.2466796875,5.642,
0,0,,,15.018081665039062,78.7890625,445.83984375000006,0.1126340625,5.246289062500001,5.676,
0,0,,,15.018081665039062,78.7890625,448.32031250000006,0.1126340625,5.246289062500001,5.71,
0,0,,,15.009880065917969,78.75244140625001,451.044921875,0.11257312500000001,5.2466796875,5.744,
0,0,,,14.929771423339844,78.33190917968751,453.76953125000006,0.1119728125,5.2466796875,5.778,
0,0,,,14.929771423339844,78.33190917968751,456.513671875,0.1119728125,5.2466796875,5.812,
0,0,,,15.002822875976562,78.72436523437501,459.23828125000006,0.11252062500000001,5.247265625000001,5.846,
0,0,,,15.020370483398438,78.80249023437501,461.71875,0.11265218750000001,5.2464843750000005,5.88,
0,0,,,15.020370483398438,78.80249023437501,464.46289062500006,0.11265218750000001,5.2464843750000005,5.914,
0,0,,,14.994049072265627,78.66943359375,467.18750000000006,0.11245406250000001,5.246875,5.948,
0,0,,,14.993476867675783,78.656005859375,469.91210937500006,0.1124496875,5.24609375,5.982,
0,0,,,14.993476867675783,78.656005859375,472.392578125,0.1124496875,5.24609375,6.016,
0,0,,,14.960289001464844,78.49060058593751,475.13671875000006,0.11220093750000001,5.2466796875,6.05,
0,0,,,15.018653869628906,78.80126953125001,477.8515625,0.11263968750000002,5.246875,6.084,
0,0,,,15.018653869628906,78.80126953125001,480.59570312500006,0.11263968750000002,5.246875,6.118,
0,0,,,14.99176025390625,78.6541748046875,483.30078125000006,0.11243718750000001,5.2464843750000005,6.152,
0,0,,,14.924812316894533,78.30383300781251,485.80078125000006,0.1119346875,5.2466796875,6.186,
0,0,,,14.924812316894533,78.30383300781251,488.51562500000006,0.1119346875,5.2464843750000005,6.22,
0,0,,,15.00701904296875,78.73413085937501,491.259765625,0.11255125,5.2464843750000005,6.254,
0,0,,,15.02971649169922,78.85681152343751,493.9843750000001,0.11272187500000001,5.2466796875,6.288,
0,0,,,15.02971649169922,78.85681152343751,496.72851562500006,0.11270406250000001,5.24609375,6.322,
0,0,,,15.027236938476562,78.8360595703125,499.19921875000006,0.11270406250000001,5.24609375,6.356,
0,0,,,14.960289001464844,78.49487304687501,501.9433593750001,0.11220218750000001,5.246875,6.39,
0,0,,,14.960289001464844,78.49487304687501,504.6582031250001,0.11229218750000002,5.2470703125,6.424,
0,0,,,14.972496032714846,78.5614013671875,507.40234375000006,0.11229218750000002,5.2470703125,6.458,
0,0,,,15.038108825683594,78.90441894531251,509.8828125000001,0.11278468750000001,5.2470703125,6.492,
0,0,,,15.038108825683594,78.90441894531251,512.6171875000001,0.11275312500000001,5.2466796875,6.526,
0,0,,,15.033912658691406,78.87695312500001,515.341796875,0.11275312500000001,5.2466796875,6.56,
0,0,,,14.99481201171875,78.67248535156251,518.0859375000001,0.11246062500000001,5.2466796875,6.594,
0,0,,,14.99481201171875,78.67248535156251,520.5566406250001,0.11205000000000001,5.2470703125,6.628,
0,0,,,14.940071105957033,78.39050292968751,523.30078125,0.11205000000000001,5.2470703125,6.662,
0,0,,,15.017127990722656,78.79638671875,526.025390625,0.1126271875,5.247265625000001,6.696,
0,0,,,15.017127990722656,78.79638671875,528.759765625,0.11262250000000001,5.2464843750000005,6.73,
0,0,,,15.016365051269533,78.78356933593751,531.23046875,0.11262250000000001,5.2464843750000005,6.764,
0,0,,,15.011596679687502,78.760986328125,533.9746093750001,0.11258625000000001,5.2466796875,6.798,
0,0,,,15.011596679687502,78.40332031250001,536.689453125,0.112076875,5.2466796875,6.832,
0,0,,,14.943695068359375,78.40332031250001,539.43359375,0.112076875,5.2466796875,6.866,
0,0,,,14.99595642089844,78.67431640625,542.1582031250001,0.11246968750000001,5.2464843750000005,6.9,
0,0,,,15.014839172363281,78.78234863281251,544.6484375000001,0.1126103125,5.2470703125,6.934,
0,0,,,15.014839172363281,78.78234863281251,547.36328125,0.1126103125,5.2470703125,6.968,
0,0,,,14.977455139160156,78.57299804687501,550.0976562500001,0.11233000000000001,5.24609375,7.002,
0,0,,,14.992332458496094,78.65539550781251,552.83203125,0.11244218750000001,5.2464843750000005,7.036,
0,0,,,14.992332458496094,78.65539550781251,555.3125000000001,0.11244218750000001,5.2464843750000005,7.07,
0,0,,,14.951324462890625,78.44604492187501,558.0273437500001,0.11213375,5.246875,7.104,
0,0,,,15.010643005371096,78.759765625,560.771484375,0.11257937500000001,5.246875,7.138,
0,0,,,15.010643005371096,78.759765625,563.4960937500001,0.11257937500000001,5.246875,7.172,
0,0,,,15.010261535644533,78.74694824218751,565.9765625000001,0.11257593750000001,5.246289062500001,7.206,
0,0,,,14.923858642578127,78.30017089843751,568.7109375,0.11192781250000002,5.2466796875,7.24,
0,0,,,14.923858642578127,78.30017089843751,571.435546875,0.11192781250000002,5.2466796875,7.274,
0,0,,,15.006637573242188,78.73352050781251,574.16015625,0.11254843750000001,5.2466796875,7.308,
0,0,,,15.009307861328127,78.74877929687501,576.8945312500001,0.11256843750000001,5.2466796875,7.342,
0,0,,,15.009307861328127,78.74877929687501,579.6386718750001,0.11256843750000001,5.2466796875,7.376,
0,0,,,15.032005310058594,78.8653564453125,582.109375,0.11273875000000001,5.2464843750000005,7.41,
0,0,,,14.971733093261719,78.55651855468751,584.8535156250001,0.11228750000000001,5.2470703125,7.444,
0,0,,,14.971733093261719,78.55651855468751,587.5683593750001,0.11228750000000001,5.2470703125,7.478,
0,0,,,14.951133728027346,78.44665527343751,590.3027343750001,0.11213218750000001,5.246875,7.512,
0,0,,,15.016365051269533,78.7908935546875,592.7832031250001,0.11262218750000001,5.2470703125,7.546,
0,0,,,15.016365051269533,78.7908935546875,595.52734375,0.11262218750000001,5.2470703125,7.58,
0,0,,,15.024566650390627,78.82995605468751,598.2421875,0.11268343750000001,5.2466796875,7.614,
0,0,,,14.98546600341797,78.62548828125,600.9863281250001,0.1123903125,5.246875,7.648,
0,0,,,14.98546600341797,78.62548828125,603.45703125,0.1123903125,5.246875,7.682,
0,0,,,14.936256408691408,78.3660888671875,606.1914062500001,0.112021875,5.2466796875,7.716,
0,0,,,15.000534057617188,78.70727539062501,608.9062500000001,0.11250281250000001,5.2470703125,7.75,
0,0,,,15.000534057617188,78.70727539062501,611.650390625,0.11250281250000001,5.2470703125,7.784,
0,0,,,15.019798278808596,78.79516601562501,614.1308593750001,0.11264687500000001,5.24609375,7.818,
0,0,,,15.015602111816406,78.78295898437501,616.8652343750001,0.11261593750000001,5.2466796875,7.852,
0,0,,,15.015602111816406,78.78295898437501,619.58984375,0.11261593750000001,5.2466796875,7.886,
0,0,,,14.950370788574219,78.43688964843751,622.3339843750001,0.11212687500000001,5.2464843750000005,7.92,
0,0,,,15.001487731933594,78.71337890625001,625.0488281250001,0.11251031250000001,5.2470703125,7.954,
0,0,,,15.001487731933594,78.71337890625001,627.5488281250001,0.11251031250000001,5.2466796875,7.988,
0,0,,,15.019035339355469,78.79821777343751,630.2636718750001,0.112641875,5.2466796875,8.022,
0,0,,,14.995765686035156,78.67858886718751,633.0078125,0.11246812500000002,5.2466796875,8.056,
0,0,,,14.995765686035156,78.67858886718751,635.72265625,0.11246812500000002,5.2470703125,8.09,
0,0,,,14.988899230957031,78.64624023437501,638.2226562500001,0.11241593750000001,5.2470703125,8.124,
0,0,,,14.967918395996094,78.52539062500001,640.9375000000001,0.11225812500000001,5.246289062500001,8.158,
0,0,,,14.967918395996094,78.52539062500001,643.6816406250001,0.11268750000000001,5.246875,8.192,
0,0,,,15.025138854980469,78.83544921875001,646.4062500000001,0.11268750000000001,5.246875,8.226,
0,0,,,15.0146484375,78.7786865234375,648.8964843750001,0.11260906250000001,5.246875,8.26,
0,0,,,15.0146484375,78.7786865234375,651.6210937500001,0.11211625000000001,5.246289062500001,8.294,
0,0,,,14.948844909667969,78.42590332031251,654.3554687500001,0.11211625000000001,5.246289062500001,8.329,
0,0,,,15.00072479248047,78.70422363281251,657.0898437500001,0.11250500000000001,5.2466796875,8.363,
0,0,,,15.00072479248047,78.70422363281251,659.8144531250001,0.1126675,5.246875,8.396,
0,0,,,15.022468566894531,78.8214111328125,662.55859375,0.1126675,5.246875,8.43,
0,0,,,15.02532958984375,78.836669921875,665.0292968750001,0.1126890625,5.246875,8.464,
0,0,,,15.02532958984375,78.4576416015625,667.7636718750001,0.11216250000000001,5.246289062500001,8.498,
0,0,,,14.95513916015625,78.4576416015625,670.48828125,0.11216250000000001,5.246289062500001,8.532,
0,0,,,14.954185485839844,78.4576416015625,673.2324218750001,0.11215593750000001,5.2464843750000005,8.566,
0,0,,,15.038490295410156,78.90563964843751,675.7031250000001,0.11278750000000001,5.246875,8.6,
0,0,,,15.038490295410156,78.90563964843751,678.4375000000001,0.11278750000000001,5.246875,8.634,
0,0,,,15.038490295410156,78.90441894531251,681.1718750000001,0.11278750000000001,5.246875,8.668,
0,0,,,14.995574951171875,78.67553710937501,683.9062500000001,0.1124665625,5.2466796875,8.702,
0,0,,,14.995574951171875,78.67553710937501,686.3867187500001,0.1124665625,5.2466796875,8.736,
0,0,,,14.945220947265625,78.42102050781251,689.1308593750001,0.1120875,5.247265625000001,8.77,
0,0,,,15.008163452148438,78.7432861328125,691.845703125,0.11256031250000001,5.2466796875,8.804,
0,0,,,15.008163452148438,78.7432861328125,694.580078125,0.11256031250000001,5.2466796875,8.838,
0,0,,,15.021705627441408,78.8116455078125,697.0605468750001,0.11266187500000001,5.2464843750000005,8.872,
0,0,,,15.019226074218752,78.80859375,699.8046875,0.11264343750000001,5.247265625000001,8.906,
0,0,,,15.019226074218752,78.80859375,702.5195312500001,0.11264343750000001,5.247265625000001,8.94,
0,0,,,14.93053436279297,78.33740234375001,705.263671875,0.11197781250000001,5.246875,8.974,
0,0,,,14.989471435546875,78.64624023437501,707.9785156250001,0.11242,5.246875,9.008,
0,0,,,14.989471435546875,78.64624023437501,710.4687500000001,0.11242,5.246875,9.042,
0,0,,,15.025520324707033,78.83422851562501,713.1933593750001,0.11269031250000001,5.2466796875,9.076,
0,0,,,14.988136291503906,78.6383056640625,715.9375000000001,0.11241000000000001,5.2466796875,9.11,
0,0,,,14.988136291503906,78.6383056640625,718.6523437500001,0.11241000000000001,5.2466796875,9.144,
0,0,,,14.987754821777346,78.64501953125001,721.142578125,0.112406875,5.247265625000001,9.178,
0,0,,,14.984512329101564,78.61694335937501,723.8671875000001,0.1123834375,5.2464843750000005,9.212,
0,0,,,14.984512329101564,78.61694335937501,726.6113281250001,0.1123834375,5.2464843750000005,9.246,
0,0,,,15.021324157714844,78.80615234375,729.326171875,0.1126590625,5.246289062500001,9.28,
0,0,,,15.007591247558594,78.74755859375,731.8261718750001,0.1125553125,5.247265625000001,9.314,
0,0,,,15.007591247558594,78.74755859375,734.5410156250001,0.1125553125,5.247265625000001,9.348,
0,0,,,14.936637878417969,78.3642578125,737.28515625,0.11202406250000001,5.2464843750000005,9.382,
0,0,,,14.996719360351562,78.67797851562501,740.0000000000001,0.11247375000000001,5.2464843750000005,9.416,
0,0,,,14.996719360351562,78.67797851562501,742.7441406250001,0.11247375000000001,5.2464843750000005,9.45,
0,0,,,15.01884460449219,78.79760742187501,745.21484375,0.11264,5.2466796875,9.484,
0,0,,,15.014266967773438,78.77441406250001,747.9492187500001,0.11260625,5.2466796875,9.518,
0,0,,,15.014266967773438,78.77441406250001,750.68359375,0.11260625,5.2466796875,9.552,
0,0,,,14.957427978515625,78.48083496093751,753.4082031250001,0.11217937500000001,5.2470703125,9.586,
0,0,,,14.96868133544922,78.54003906250001,755.8886718750001,0.11226343750000001,5.2470703125,9.62,
0,0,,,14.96868133544922,78.54003906250001,758.6328125000001,0.11226343750000001,5.24609375,9.654,
0,0,,,15.024757385253906,78.8214111328125,761.3574218750001,0.112684375,5.24609375,9.688,
0,0,,,15.02647399902344,78.8372802734375,764.0917968750001,0.1126971875,5.2466796875,9.722,
0,0,,,15.02647399902344,78.8372802734375,766.826171875,0.1126971875,5.2470703125,9.756,
0,0,,,14.995193481445312,78.68041992187501,769.3066406250001,0.11246343750000001,5.2470703125,9.79,
0,0,,,14.943122863769531,78.40148925781251,772.0312500000001,0.11207312500000001,5.2466796875,9.824,
0,0,,,14.943122863769531,78.40148925781251,774.7656250000001,0.11264,5.2470703125,9.858,
0,0,,,15.01884460449219,78.8043212890625,777.5000000000001,0.11264,5.2470703125,9.892,
0,0,,,15.013885498046875,78.778076171875,779.98046875,0.11260343750000001,5.2470703125,9.926,
0,0,,,15.013885498046875,78.778076171875,782.7050781250001,0.1126165625,5.2458984375,9.96,
0,0,,,15.015602111816406,78.77136230468751,785.4394531250001,0.1126165625,5.2458984375,9.994,
0,0,,,14.943504333496096,78.40148925781251,788.1738281250001,0.11207625,5.2464843750000005,10.028,
0,0,,,14.943504333496096,78.40148925781251,790.6542968750001,0.112513125,5.246875,10.062,
0,0,,,15.001869201660156,78.7139892578125,793.3984375,0.112513125,5.246875,10.096,
0,0,,,15.023231506347656,78.826904296875,796.1132812500001,0.1126740625,5.2470703125,10.13,
0,0,,,15.023231506347656,78.826904296875,798.8476562500001,0.112403125,5.246875,10.164,
0,0,,,14.9871826171875,78.63525390625001,801.3281250000001,0.112403125,5.246875,10.198,
0,0,,,14.993858337402344,78.6669921875,804.0722656250001,0.11245375,5.2466796875,10.232,
0,0,,,14.993858337402344,78.49609375000001,806.7871093750001,0.1122059375,5.246875,10.266,
0,0,,,14.960861206054688,78.49609375000001,809.53125,0.1122059375,5.246875,10.3,
0,0,,,15.035057067871096,78.885498046875,812.24609375,0.11276187500000001,5.246875,10.334,
0,0,,,15.001487731933594,78.70605468750001,814.7460937500001,0.11250968750000001,5.2466796875,10.368,
0,0,,,15.001487731933594,78.70605468750001,817.4609375000001,0.11250968750000001,5.2466796875,10.402,
0,0,,,14.9261474609375,78.30871582031251,820.205078125,0.11194468750000001,5.2464843750000005,10.436,
0,0,,,15.00072479248047,78.7017822265625,822.9199218750001,0.11250500000000001,5.2464843750000005,10.47,
0,0,,,15.00072479248047,78.7017822265625,825.6640625000001,0.11250500000000001,5.2464843750000005,10.504,
0,0,,,15.02361297607422,78.82934570312501,828.1347656250001,0.11267625,5.2470703125,10.538,
0,0,,,15.031051635742188,78.87145996093751,830.8789062500001,0.11273281250000002,5.247265625000001,10.572,
0,0,,,15.031051635742188,78.87145996093751,833.59375,0.11273281250000002,5.247265625000001,10.606,
0,0,,,14.974784851074219,78.5675048828125,836.3476562500001,0.11231062500000001,5.2466796875,10.64,
0,0,,,14.960670471191408,78.49060058593751,838.818359375,0.1122034375,5.2464843750000005,10.674,
0,0,,,14.960670471191408,78.49060058593751,841.552734375,0.1122034375,5.2464843750000005,10.708,
0,0,,,15.01884460449219,78.80004882812501,844.2675781250002,0.11264,5.246875,10.742,
0,0,,,15.012931823730469,78.7628173828125,847.01171875,0.11259656250000001,5.246289062500001,10.776,
0,0,,,15.012931823730469,78.7628173828125,849.4824218750001,0.11259656250000001,5.246289062500001,10.81,
0,0,,,14.988517761230469,78.64013671875001,852.2265625000002,0.11241375,5.2466796875,10.844,
0,0,,,14.938926696777344,78.38073730468751,854.9511718750001,0.11204187500000001,5.2466796875,10.878,
0,0,,,14.938926696777344,78.38073730468751,857.6855468750001,0.11204187500000001,5.2466796875,10.912,
0,0,,,15.011978149414062,78.75793457031251,860.1562500000001,0.1125890625,5.246289062500001,10.946,
0,0,,,15.025520324707033,78.83422851562501,862.9003906250001,0.11269031250000001,5.2466796875,10.98,
0,0,,,15.025520324707033,78.83422851562501,865.6250000000001,0.11269031250000001,5.2466796875,11.014,
0,0,,,15.014266967773438,78.78356933593751,868.359375,0.11260625,5.247265625000001,11.048,
0,0,,,14.942359924316406,78.399658203125,871.09375,0.11206750000000001,5.246875,11.082,
0,0,,,14.942359924316406,78.399658203125,873.57421875,0.11206750000000001,5.246875,11.116,
0,0,,,15.013885498046875,78.7750244140625,876.2988281250001,0.11260281250000001,5.246875,11.15,
0,0,,,15.023231506347656,78.822021484375,879.0332031250001,0.1126740625,5.2466796875,11.184,
0,0,,,15.023231506347656,78.822021484375,881.77734375,0.1126740625,5.2466796875,11.218,
0,0,,,14.992713928222656,78.65966796875001,884.2480468750001,0.11244437500000001,5.2464843750000005,11.252,
0,0,,,14.99309539794922,78.65844726562501,886.9824218750001,0.11244656250000001,5.246289062500001,11.286,
0,0,,,14.99309539794922,78.65844726562501,889.7070312500001,0.11244656250000001,5.246289062500001,11.32,
0,0,,,14.967536926269531,78.52539062500001,892.4511718750001,0.11225562500000001,5.2464843750000005,11.354,
0,0,,,15.019798278808596,78.80493164062501,894.9218750000001,0.11264812500000002,5.2466796875,11.388,
0,0,,,15.019798278808596,78.80493164062501,897.666015625,0.11264812500000002,5.2466796875,11.422,
0,0,,,15.00682830810547,78.7353515625,900.380859375,0.11255000000000001,5.2466796875,11.456,
0,0,,,14.934349060058596,78.3514404296875,903.115234375,0.11200625000000002,5.2464843750000005,11.49,
0,0,,,14.934349060058596,78.3514404296875,905.8398437500001,0.1125615625,5.2466796875,11.524,
0,0,,,15.00835418701172,78.7445068359375,908.583984375,0.1125615625,5.2466796875,11.558,
0,0,,,15.003967285156252,78.72375488281251,911.0546875000001,0.11252937500000001,5.246875,11.592,
0,0,,,15.003967285156252,78.72375488281251,913.7988281250001,0.11272812500000001,5.2466796875,11.626,
0,0,,,15.030479431152344,78.86108398437501,916.5136718750001,0.11272812500000001,5.2466796875,11.66,
0,0,,,14.958190917968752,78.48144531250001,919.2578125000001,0.11218531250000001,5.2466796875,11.694,
0,0,,,14.958190917968752,78.48144531250001,921.728515625,0.11217531250000001,5.2470703125,11.728,
0,0,,,14.956855773925783,78.47839355468751,924.4726562500001,0.11217531250000001,5.2470703125,11.762,
0,0,,,15.021514892578125,78.81286621093751,927.1875,0.1126609375,5.2466796875,11.796,
0,0,,,15.021514892578125,78.81286621093751,929.931640625,0.112726875,5.246875,11.83,
0,0,,,15.030288696289064,78.86047363281251,932.4023437500002,0.112726875,5.246875,11.864,
0,0,,,14.997291564941408,78.68286132812501,935.146484375,0.11247875,5.2464843750000005,11.898,
0,0,,,14.997291564941408,78.38745117187501,937.8613281250001,0.1120471875,5.246875,11.932,
0,0,,,14.93968963623047,78.38745117187501,940.6054687500002,0.1120471875,5.246875,11.966,
0,0,,,15.017127990722656,78.790283203125,943.3300781250001,0.1126271875,5.2466796875,12.0,
0,0,,,15.016365051269533,78.7933349609375,945.8203125000001,0.11262156250000001,5.247265625000001,12.034,
0,1,,,12.6190185546875,66.25793457031251,1.7187500000000002,0.0946428125,5.2505859375,0.033,
0,1,,,12.6190185546875,66.25793457031251,4.1015625,0.0946428125,5.2505859375,0.067,
0,1,,,13.039207458496094,68.45458984375001,6.259765625000001,0.09779406250000001,5.25,0.101,
0,1,,,13.052558898925781,68.53393554687501,8.632812500000002,0.0978940625,5.2505859375,0.135,
0,1,,,13.052558898925781,68.53393554687501,11.025390625000002,0.0978940625,5.2505859375,0.169,
0,1,,,13.07220458984375,68.6309814453125,13.408203125000002,0.0980403125,5.250195312500001,0.203,
0,1,,,13.079833984375,68.67858886718751,15.576171875000002,0.09809875000000001,5.25078125,0.237,
0,1,,,13.079833984375,68.67858886718751,17.958984375,0.09809875000000001,5.25,0.271,
0,1,,,13.068008422851564,68.6065673828125,20.351562500000004,0.09800968750000001,5.25,0.305,
0,1,,,13.128471374511719,68.93066406250001,22.734375,0.09846250000000001,5.2505859375,0.339,
0,1,,,13.128471374511719,68.93066406250001,25.1171875,0.09809125,5.2503906250000005,0.373,
0,1,,,13.078880310058594,68.66943359375001,27.285156250000004,0.09809125,5.2503906250000005,0.407,
0,1,,,13.101577758789062,68.78295898437501,29.667968750000004,0.09826156250000001,5.25,0.441,
0,1,,,13.101577758789062,68.78295898437501,32.05078125000001,0.09780375000000001,5.250195312500001,0.475,
0,1,,,13.040542602539062,68.46557617187501,34.43359375000001,0.09780375000000001,5.250195312500001,0.51,
0,1,,,13.090896606445314,68.7213134765625,36.81640625,0.09818125000000001,5.249609375,0.544,
0,1,,,13.090896606445314,68.7213134765625,38.97460937500001,0.097784375,5.2503906250000005,0.578,
0,1,,,13.038063049316408,68.45336914062501,41.357421875,0.097784375,5.2503906250000005,0.612,
0,1,,,13.113594055175781,68.85131835937501,43.75000000000001,0.098351875,5.2503906250000005,0.646,
0,1,,,13.113594055175781,68.85131835937501,46.12304687500001,0.0977646875,5.250195312500001,0.68,
0,1,,,13.035392761230469,68.43811035156251,48.291015625,0.0977646875,5.250195312500001,0.714,
0,1,,,13.099098205566408,68.7744140625,50.673828125,0.098241875,5.2503906250000005,0.748,
0,1,,,13.099098205566408,68.6627197265625,53.06640625,0.0980909375,5.25,0.782,
0,1,,,13.078880310058594,68.6627197265625,55.44921875000001,0.0980909375,5.25,0.816,
0,1,,,13.106536865234375,68.8116455078125,57.6171875,0.09829812500000001,5.250195312500001,0.85,
0,1,,,13.092994689941406,68.73718261718751,60.009765625,0.09819750000000001,5.25,0.884,
0,1,,,13.092994689941406,68.73718261718751,62.392578125000014,0.09819750000000001,5.25,0.918,
0,1,,,13.092422485351564,68.7408447265625,64.78515625000001,0.09819218750000001,5.2503906250000005,0.952,
0,1,,,13.12255859375,68.89404296875,67.177734375,0.09841875000000001,5.25,0.986,
0,1,,,13.12255859375,68.89404296875,69.3359375,0.09841875000000001,5.25,1.02,
0,1,,,13.052368164062502,68.5205078125,71.71875000000001,0.097891875,5.2498046875,1.054,
0,1,,,13.127708435058596,68.91845703125,74.11132812500001,0.0984578125,5.2498046875,1.087,
0,1,,,13.127708435058596,68.91845703125,76.50390625000001,0.0984578125,5.2498046875,1.121,
0,1,,,13.092613220214844,68.73107910156251,78.671875,0.09819375000000001,5.249609375,1.155,
0,1,,,13.094520568847656,68.7493896484375,81.0546875,0.09820812500000001,5.250195312500001,1.189,
0,1,,,13.094520568847656,68.7493896484375,83.43750000000001,0.09820812500000001,5.250195312500001,1.223,
0,1,,,13.06133270263672,68.5699462890625,85.810546875,0.09795906250000001,5.2498046875,1.257,
0,1,,,13.039398193359377,68.460693359375,87.96875000000001,0.097795,5.2503906250000005,1.291,
0,1,,,13.039398193359377,68.460693359375,90.35156250000001,0.097795,5.2503906250000005,1.325,
0,1,,,13.052940368652344,68.52966308593751,92.73437500000001,0.0978965625,5.250195312500001,1.359,
0,1,,,13.071441650390627,68.63037109375001,95.1171875,0.09803500000000001,5.2503906250000005,1.393,
0,1,,,13.071441650390627,68.63037109375001,97.28515625,0.09803500000000001,5.2503906250000005,1.427,
0,1,,,13.076210021972658,68.64807128906251,99.65820312500001,0.09807125000000001,5.2498046875,1.461,
0,1,,,13.002967834472656,68.2659912109375,102.02148437500001,0.09752125,5.250195312500001,1.495,
0,1,,,13.002967834472656,68.2659912109375,104.423828125,0.09752125,5.250195312500001,1.529,
0,1,,,13.092422485351564,68.739013671875,106.79687500000001,0.09819218750000001,5.2503906250000005,1.564,
0,1,,,13.079833984375,68.6767578125,109.19921875000001,0.09809812500000001,5.2505859375,1.598,
0,1,,,13.079833984375,68.6767578125,111.357421875,0.09809812500000001,5.2505859375,1.632,
0,1,,,13.112068176269531,68.83911132812501,113.73046875000003,0.09833968750000001,5.250195312500001,1.666,
0,1,,,13.03520202636719,68.436279296875,116.12304687500003,0.097763125,5.250195312500001,1.7,
0,1,,,13.03520202636719,68.436279296875,118.49609375000001,0.097763125,5.250195312500001,1.734,
0,1,,,13.069725036621094,68.6187744140625,120.65429687500001,0.09802218750000001,5.250195312500001,1.768,
0,1,,,13.072776794433596,68.63525390625001,123.046875,0.09804562500000001,5.250195312500001,1.802,
0,1,,,13.072776794433596,68.63525390625001,125.41992187500003,0.09804562500000001,5.250195312500001,1.836,
0,1,,,13.036155700683596,68.446044921875,127.802734375,0.09777125,5.2503906250000005,1.87,
0,1,,,13.11912536621094,68.88488769531251,130.19531250000003,0.09839343750000001,5.25078125,1.904,
0,1,,,13.11912536621094,68.88488769531251,132.35351562500003,0.09839343750000001,5.250195312500001,1.938,
0,1,,,13.029098510742188,68.40576171875,134.736328125,0.09771781250000001,5.250195312500001,1.972,
0,1,,,13.11626434326172,68.870849609375,137.109375,0.09837187500000001,5.25078125,2.006,
0,1,,,13.11626434326172,68.870849609375,139.482421875,0.09837187500000001,5.25,2.04,
0,1,,,12.958717346191406,68.0322265625,141.650390625,0.09719000000000001,5.25,2.074,
0,1,,,13.106155395507814,68.814697265625,144.033203125,0.09829500000000001,5.2505859375,2.108,
0,1,,,13.106155395507814,68.814697265625,146.40625000000003,0.09784843750000001,5.250195312500001,2.142,
0,1,,,13.046646118164064,68.49609375000001,148.80859375000003,0.09784843750000001,5.250195312500001,2.176,
0,1,,,13.17100524902344,69.14428710937501,150.97656250000003,0.098781875,5.2498046875,2.21,
0,1,,,13.17100524902344,69.14428710937501,153.35937500000003,0.09796625,5.249609375,2.244,
0,1,,,13.062286376953127,68.57238769531251,155.751953125,0.09796625,5.249609375,2.278,
0,1,,,13.097000122070312,68.7591552734375,158.12500000000003,0.0982265625,5.25,2.312,
0,1,,,13.097000122070312,68.7591552734375,160.302734375,0.0978875,5.2505859375,2.346,
0,1,,,13.051795959472658,68.52844238281251,162.66601562500003,0.0978875,5.2505859375,2.38,
0,1,,,13.097572326660158,68.76342773437501,165.05859375,0.0982309375,5.250195312500001,2.414,
0,1,,,13.097572326660158,68.76342773437501,167.43164062500003,0.09769406250000001,5.250195312500001,2.447,
0,1,,,13.02604675292969,68.38928222656251,169.82421875,0.09769406250000001,5.250195312500001,2.482,
0,1,,,13.110160827636719,68.829345703125,171.9921875,0.09832562500000001,5.250195312500001,2.515,
0,1,,,13.110160827636719,68.59985351562501,174.37500000000003,0.0979890625,5.2505859375,2.55,
0,1,,,13.065338134765625,68.59985351562501,176.76757812500003,0.0979890625,5.2505859375,2.584,
0,1,,,13.103485107421875,68.79394531250001,179.15039062500003,0.098275,5.250195312500001,2.618,
0,1,,,13.104057312011719,68.80432128906251,181.53320312500003,0.09828,5.2505859375,2.652,
0,1,,,13.104057312011719,68.80432128906251,183.7109375,0.09828,5.2505859375,2.686,
0,1,,,13.077926635742188,68.66577148437501,186.083984375,0.098084375,5.2505859375,2.72,
0,1,,,13.055992126464844,68.54736328125001,188.466796875,0.09791875000000001,5.2503906250000005,2.754,
0,1,,,13.055992126464844,68.54736328125001,190.84960937500003,0.09791875000000001,5.2503906250000005,2.788,
0,1,,,13.097763061523438,68.77014160156251,193.02734375000003,0.09823218750000001,5.2505859375,2.822,
0,1,,,13.0767822265625,68.65478515625001,195.40039062500003,0.09807468750000001,5.250195312500001,2.856,
0,1,,,13.0767822265625,68.65478515625001,197.79296875000003,0.09807468750000001,5.250195312500001,2.89,
0,1,,,13.054656982421877,68.5369873046875,200.17578125000003,0.09790968750000001,5.25,2.924,
0,1,,,13.115119934082031,68.8604736328125,202.55859375000006,0.09836343750000001,5.2503906250000005,2.958,
0,1,,,13.115119934082031,68.8604736328125,204.736328125,0.09836343750000001,5.2503906250000005,2.992,
0,1,,,13.077735900878906,68.658447265625,207.10937500000003,0.0980825,5.25,3.026,
0,1,,,13.097381591796875,68.7646484375,209.50195312500003,0.09823031250000001,5.2503906250000005,3.06,
0,1,,,13.097381591796875,68.7646484375,211.89453125000003,0.09823031250000001,5.2503906250000005,3.094,
0,1,,,13.088035583496096,68.72497558593751,214.06250000000003,0.09816031250000001,5.2509765625,3.128,
0,1,,,13.09947967529297,68.77685546875001,216.44531250000003,0.098245625,5.2503906250000005,3.162,
0,1,,,13.09947967529297,68.77685546875001,218.81835937500006,0.098245625,5.2503906250000005,3.196,
0,1,,,13.068008422851564,68.60839843750001,221.201171875,0.09800968750000001,5.250195312500001,3.23,
0,1,,,13.076400756835938,68.64990234375,223.37890625,0.098071875,5.25,3.264,
0,1,,,13.076400756835938,68.64990234375,225.76171875000003,0.098071875,5.25,3.298,
0,1,,,13.106155395507814,68.8153076171875,228.134765625,0.09829531250000001,5.2505859375,3.332,
0,1,,,13.043403625488281,68.48327636718751,230.52734375,0.09782531250000001,5.2503906250000005,3.366,
0,1,,,13.043403625488281,68.48327636718751,232.89062500000003,0.09782531250000001,5.2503906250000005,3.4,
0,1,,,13.042259216308596,68.4783935546875,235.04882812500003,0.0978159375,5.2505859375,3.434,
0,1,,,13.061141967773438,68.5711669921875,237.451171875,0.09795812500000001,5.25,3.468,
0,1,,,13.061141967773438,68.5711669921875,239.82421875000003,0.09795812500000001,5.25,3.502,
0,1,,,13.107490539550781,68.8177490234375,242.21679687500003,0.09830562500000001,5.250195312500001,3.536,
0,1,,,13.041877746582033,68.46862792968751,244.375,0.0978134375,5.25,3.57,
0,1,,,13.041877746582033,68.46862792968751,246.74804687500006,0.0978134375,5.25,3.604,
0,1,,,13.098144531250002,68.7652587890625,249.16015625000003,0.0982353125,5.25,3.639,
0,1,,,13.10710906982422,68.80920410156251,251.53320312500006,0.098303125,5.2498046875,3.673,
0,1,,,13.10710906982422,68.80920410156251,253.90625,0.09809593750000001,5.25078125,3.707,
0,1,,,13.07945251464844,68.6767578125,256.298828125,0.09809593750000001,5.25078125,3.741,
0,1,,,13.081932067871096,68.68469238281251,258.45703125,0.09811343750000001,5.2503906250000005,3.775,
0,1,,,13.081932067871096,68.68469238281251,260.83007812500006,0.09778500000000001,5.250195312500001,3.809,
0,1,,,13.038063049316408,68.45275878906251,263.21289062500006,0.09778500000000001,5.250195312500001,3.843,
0,1,,,13.05046081542969,68.51806640625001,265.595703125,0.0978775,5.2503906250000005,3.877,
0,1,,,13.05046081542969,68.51806640625001,267.75390625,0.09801531250000001,5.25,3.911,
0,1,,,13.068771362304688,68.61083984375001,270.13671875000006,0.09801531250000001,5.25,3.945,
0,1,,,13.036346435546875,68.44482421875,272.509765625,0.0977715625,5.2503906250000005,3.979,
0,1,,,13.036346435546875,68.44482421875,274.90234375,0.09809468750000001,5.250195312500001,4.013,
0,1,,,13.07945251464844,68.66943359375001,277.06054687500006,0.09809468750000001,5.250195312500001,4.047,
0,1,,,13.071441650390627,68.62243652343751,279.44335937500006,0.098035625,5.2498046875,4.081,
0,1,,,13.071441650390627,68.49365234375,281.82617187500006,0.097845625,5.250195312500001,4.115,
0,1,,,13.04607391357422,68.49365234375,284.20898437500006,0.097845625,5.250195312500001,4.149,
0,1,,,13.081169128417969,68.6737060546875,286.58203125000006,0.098108125,5.2498046875,4.183,
0,1,,,13.034629821777346,68.4326171875,288.75,0.09775875,5.250195312500001,4.217,
0,1,,,13.034629821777346,68.4326171875,291.13281250000006,0.09775875,5.250195312500001,4.251,
0,1,,,13.114166259765625,68.857421875,293.51562500000006,0.098355625,5.2505859375,4.285,
0,1,,,13.05656433105469,68.54370117187501,295.8984375,0.09792375,5.2498046875,4.319,
0,1,,,13.05656433105469,68.54370117187501,298.076171875,0.09792375,5.2498046875,4.353,
0,1,,,13.126945495605469,68.9208984375,300.45898437500006,0.09845187500000001,5.2503906250000005,4.387,
0,1,,,13.035011291503906,68.4326171875,302.83203125,0.09776156250000001,5.25,4.421,
0,1,,,13.035011291503906,68.4326171875,305.224609375,0.09776156250000001,5.25,4.455,
0,1,,,13.1072998046875,68.8104248046875,307.39257812500006,0.09830375000000001,5.2498046875,4.489,
0,1,,,13.091468811035158,68.73291015625001,309.78515625,0.0981846875,5.250195312500001,4.523,
0,1,,,13.091468811035158,68.73291015625001,312.16796875000006,0.0981846875,5.250195312500001,4.557,
0,1,,,13.076400756835938,68.65173339843751,314.55078125,0.09807281250000001,5.25,4.591,
0,1,,,13.113594055175781,68.84521484375,316.72851562500006,0.098351875,5.25,4.625,
0,1,,,13.113594055175781,68.84521484375,319.10156250000006,0.098351875,5.25,4.659,
0,1,,,13.043022155761719,68.4814453125,321.48437500000006,0.0978221875,5.2505859375,4.693,
0,1,,,13.102531433105469,68.79333496093751,323.86718750000006,0.09826843750000001,5.2503906250000005,4.727,
0,1,,,13.102531433105469,68.79333496093751,326.25976562500006,0.09826843750000001,5.2503906250000005,4.762,
0,1,,,13.061141967773438,68.56506347656251,328.64257812500006,0.09795843750000001,5.249609375,4.795,
0,1,,,13.095855712890625,68.7518310546875,330.810546875,0.0982184375,5.25,4.829,
0,1,,,13.095855712890625,68.7518310546875,333.18359375000006,0.0982184375,5.25,4.863,
0,1,,,13.035583496093752,68.436279296875,335.56640625000006,0.0977671875,5.25,4.897,
0,1,,,13.09471130371094,68.7518310546875,337.94921875000006,0.09821,5.2503906250000005,4.931,
0,1,,,13.09471130371094,68.7518310546875,340.11718750000006,0.09821,5.2503906250000005,4.965,
0,1,,,13.060760498046875,68.57482910156251,342.5,0.097955625,5.2503906250000005,4.999,
0,1,,,13.073921203613281,68.63830566406251,344.88281250000006,0.0980546875,5.25,5.033,
0,1,,,13.073921203613281,68.63830566406251,347.27539062500006,0.0980546875,5.25,5.067,
0,1,,,13.125991821289062,68.9117431640625,349.658203125,0.09844375000000001,5.25,5.101,
0,1,,,13.058471679687502,68.55651855468751,351.82617187500006,0.0979384375,5.25,5.135,
0,1,,,13.058471679687502,68.55651855468751,354.20898437500006,0.0979384375,5.25,5.169,
0,1,,,13.122177124023438,68.890380859375,356.59179687500006,0.098415625,5.25,5.203,
0,1,,,13.039779663085938,68.4600830078125,358.984375,0.09779750000000001,5.250195312500001,5.237,
0,1,,,13.039779663085938,68.4600830078125,361.14257812500006,0.09779750000000001,5.2503906250000005,5.271,
0,1,,,13.142585754394531,69.00268554687501,363.54492187500006,0.098568125,5.2503906250000005,5.305,
0,1,,,13.06304931640625,68.585205078125,365.92773437500006,0.0979721875,5.2503906250000005,5.339,
0,1,,,13.06304931640625,68.585205078125,368.31054687500006,0.09836312500000001,5.25,5.373,
0,1,,,13.115119934082031,68.85375976562501,370.47851562500006,0.09836312500000001,5.25,5.407,
0,1,,,13.08097839355469,68.67614746093751,372.86132812500006,0.09810718750000001,5.25,5.441,
0,1,,,13.08097839355469,68.67614746093751,375.25390625000006,0.09852906250000001,5.25,5.475,
0,1,,,13.137245178222658,68.96911621093751,377.63671875000006,0.09852906250000001,5.25,5.509,
0,1,,,13.058471679687502,68.5577392578125,379.80468750000006,0.09793875,5.25,5.543,
0,1,,,13.058471679687502,68.5577392578125,382.19726562500006,0.09837875000000001,5.25,5.577,
0,1,,,13.117218017578127,68.86413574218751,384.5703125,0.09837875000000001,5.25,5.611,
0,1,,,12.996864318847656,68.23974609375001,386.93359375,0.09747562500000001,5.2505859375,5.645,
0,1,,,12.996864318847656,68.23974609375001,389.12109375000006,0.09838906250000001,5.249609375,5.679,
0,1,,,13.118553161621096,68.86840820312501,391.49414062500006,0.09838906250000001,5.249609375,5.713,
0,1,,,13.010597229003906,68.3087158203125,393.86718750000006,0.09757937500000001,5.250195312500001,5.748,
0,1,,,13.136291503906252,68.9630126953125,396.26953125000006,0.0985215625,5.2498046875,5.782,
0,1,,,13.136291503906252,68.9630126953125,398.64257812500006,0.0985215625,5.2498046875,5.816,
0,1,,,13.075637817382814,68.6444091796875,401.03515625000006,0.0980659375,5.2498046875,5.85,
0,1,,,13.062667846679688,68.57910156250001,403.193359375,0.09796906250000001,5.25,5.884,
0,1,,,13.062667846679688,68.57910156250001,405.57617187500006,0.09796906250000001,5.25,5.918,
0,1,,,13.085365295410156,68.69934082031251,407.958984375,0.09813937500000001,5.250195312500001,5.952,
0,1,,,13.05046081542969,68.51562500000001,410.34179687500006,0.09787781250000001,5.25,5.986,
0,1,,,13.05046081542969,68.51562500000001,412.50976562500006,0.09787781250000001,5.25,6.02,
0,1,,,13.138771057128906,68.98620605468751,414.912109375,0.09853968750000001,5.2505859375,6.054,
0,1,,,13.081741333007812,68.6749267578125,417.29492187500006,0.0981121875,5.2498046875,6.087,
0,1,,,13.081741333007812,68.6749267578125,419.677734375,0.0981121875,5.2498046875,6.121,
0,1,,,13.134574890136719,68.96057128906251,422.07031250000006,0.098508125,5.2503906250000005,6.155,
0,1,,,13.080215454101562,68.66882324218751,424.23828125,0.09810125000000001,5.2498046875,6.189,
0,1,,,13.080215454101562,68.66882324218751,426.62109375000006,0.09810125000000001,5.2498046875,6.223,
0,1,,,13.059425354003908,68.5675048828125,428.99414062500006,0.097945,5.2503906250000005,6.257,
0,1,,,13.064765930175783,68.59252929687501,431.376953125,0.097985,5.250195312500001,6.291,
0,1,,,13.064765930175783,68.59252929687501,433.55468750000006,0.097985,5.250195312500001,6.325,
0,1,,,13.053131103515625,68.52600097656251,435.9277343750001,0.09789750000000001,5.2498046875,6.359,
0,1,,,13.129615783691408,68.936767578125,438.3203125000001,0.09847125000000001,5.2505859375,6.393,
0,1,,,13.129615783691408,68.936767578125,440.70312500000006,0.09847125000000001,5.2505859375,6.427,
0,1,,,13.058471679687502,68.553466796875,442.87109375,0.0979384375,5.2498046875,6.461,
0,1,,,13.09947967529297,68.77380371093751,445.25390625000006,0.098245625,5.250195312500001,6.495,
0,1,,,13.09947967529297,68.77380371093751,447.61718750000006,0.098245625,5.250195312500001,6.529,
0,1,,,12.977981567382814,68.1439208984375,450.0,0.097335,5.25078125,6.563,
0,1,,,13.100242614746094,68.78295898437501,452.15820312500006,0.09825125000000001,5.2505859375,6.597,
0,1,,,13.100242614746094,68.78295898437501,454.54101562500006,0.09825125000000001,5.2505859375,6.631,
0,1,,,13.036918640136719,68.446044921875,456.93359375000006,0.09777593750000001,5.250195312500001,6.665,
0,1,,,13.0950927734375,68.75,459.296875,0.0982121875,5.250195312500001,6.699,
0,1,,,13.0950927734375,68.75,461.46484375000006,0.0982121875,5.250195312500001,6.733,
0,1,,,13.014602661132814,68.33007812500001,463.84765625,0.09760875000000001,5.2503906250000005,6.768,
0,1,,,13.080024719238283,68.67065429687501,466.23046875,0.09809875000000001,5.250195312500001,6.802,
0,1,,,13.080024719238283,68.67065429687501,468.61328125000006,0.09809875000000001,5.250195312500001,6.836,
0,1,,,13.0706787109375,68.6138916015625,470.99609375,0.09802906250000001,5.2494140625000005,6.87,
0,1,,,13.09967041015625,68.7689208984375,473.37890625000006,0.0982475,5.249609375,6.904,
0,1,,,13.09967041015625,68.7689208984375,475.54687500000006,0.0982475,5.2503906250000005,6.938,
0,1,,,13.061904907226564,68.57910156250001,477.92968750000006,0.097964375,5.2503906250000005,6.972,
0,1,,,13.133049011230469,68.948974609375,480.322265625,0.09849656250000001,5.250195312500001,7.006,
0,1,,,13.133049011230469,68.948974609375,482.71484375,0.09831437500000001,5.2505859375,7.04,
0,1,,,13.10863494873047,68.8275146484375,484.89257812500006,0.09831437500000001,5.2505859375,7.074,
0,1,,,13.122177124023438,68.8916015625,487.27539062500006,0.0984153125,5.25,7.107,
0,1,,,13.122177124023438,68.8916015625,489.65820312500006,0.09786500000000001,5.25,7.141,
0,1,,,13.048744201660156,68.504638671875,492.041015625,0.09786500000000001,5.25,7.175,
0,1,,,13.097381591796875,68.76281738281251,494.2089843750001,0.09823000000000001,5.250195312500001,7.209,
0,1,,,13.097381591796875,68.76281738281251,496.59179687500006,0.09813375,5.2503906250000005,7.243,
0,1,,,13.084602355957031,68.69873046875001,498.98437500000006,0.09813375,5.2503906250000005,7.277,
0,1,,,13.091087341308594,68.7200927734375,501.3671875,0.0981825,5.2494140625000005,7.311,
0,1,,,13.091087341308594,68.7200927734375,503.74023437500006,0.09783625000000001,5.250195312500001,7.345,
0,1,,,13.044929504394531,68.4893798828125,505.90820312500006,0.09783625000000001,5.250195312500001,7.379,
0,1,,,13.049507141113283,68.5089111328125,508.2910156250001,0.0978709375,5.25,7.413,
0,1,,,13.049507141113283,68.5089111328125,510.66406250000006,0.09815,5.250195312500001,7.447,
0,1,,,13.086700439453127,68.707275390625,513.037109375,0.09815,5.250195312500001,7.481,
0,1,,,13.034820556640625,68.42529296875001,515.21484375,0.097760625,5.2494140625000005,7.515,
0,1,,,13.090896606445314,68.7353515625,517.5976562500001,0.09818156250000001,5.2505859375,7.549,
0,1,,,13.090896606445314,68.7353515625,519.9609375,0.09818156250000001,5.2505859375,7.583,
0,1,,,13.035964965820312,68.43994140625001,522.3535156250001,0.09776968750000001,5.25,7.617,
0,1,,,13.06571960449219,68.59497070312501,524.51171875,0.09799281250000001,5.25,7.651,
0,1,,,13.06571960449219,68.59497070312501,526.8945312500001,0.09799281250000001,5.25,7.685,
0,1,,,13.105392456054688,68.804931640625,529.296875,0.0982903125,5.250195312500001,7.719,
0,1,,,13.072013854980469,68.62487792968751,531.6699218750001,0.09803875000000001,5.2498046875,7.753,
0,1,,,13.072013854980469,68.62487792968751,533.8281250000001,0.09803875000000001,5.2498046875,7.787,
0,1,,,13.086509704589844,68.704833984375,536.220703125,0.098148125,5.25,7.822,
0,1,,,13.052940368652344,68.5272216796875,538.5937500000001,0.0978959375,5.25,7.856,
0,1,,,13.052940368652344,68.5272216796875,540.9863281250001,0.0978959375,5.25,7.89,
0,1,,,13.067054748535158,68.6041259765625,543.359375,0.09800156250000001,5.250195312500001,7.924,
0,1,,,13.065338134765625,68.59252929687501,545.732421875,0.097989375,5.25,7.958,
0,1,,,13.065338134765625,68.59252929687501,547.919921875,0.097989375,5.25,7.992,
0,1,,,13.079071044921877,68.67126464843751,550.29296875,0.09809187500000001,5.2505859375,8.026,
0,1,,,13.128662109375002,68.922119140625,552.685546875,0.098464375,5.2498046875,8.06,
0,1,,,13.128662109375002,68.922119140625,555.0878906250001,0.098464375,5.2498046875,8.094,
0,1,,,13.110160827636719,68.82385253906251,557.4609375,0.09832531250000001,5.249609375,8.128,
0,1,,,13.108444213867188,68.82324218750001,559.6289062500001,0.09831218750000001,5.2503906250000005,8.162,
0,1,,,13.108444213867188,68.82324218750001,562.0214843750001,0.09831218750000001,5.2503906250000005,8.196,
0,1,,,13.052940368652344,68.5302734375,564.39453125,0.0978965625,5.250195312500001,8.23,
0,1,,,13.083267211914064,68.69445800781251,566.7871093750001,0.09812406250000001,5.2505859375,8.264,
0,1,,,13.083267211914064,68.69445800781251,568.955078125,0.09812406250000001,5.2505859375,8.298,
0,1,,,13.088989257812502,68.71154785156251,571.3476562500001,0.09816656250000001,5.249609375,8.332,
0,1,,,13.143730163574219,68.99963378906251,573.73046875,0.09857718750000001,5.249609375,8.366,
0,1,,,13.143730163574219,68.99963378906251,576.123046875,0.09857718750000001,5.249609375,8.4,
0,1,,,13.067054748535158,68.60473632812501,578.2910156250001,0.098001875,5.250195312500001,8.434,
0,1,,,13.109779357910156,68.8299560546875,580.673828125,0.0983221875,5.2503906250000005,8.468,
0,1,,,13.109779357910156,68.8299560546875,583.0566406250001,0.0983221875,5.2503906250000005,8.502,
0,1,,,13.058471679687502,68.553466796875,585.4394531250001,0.09793750000000001,5.2498046875,8.536,
0,1,,,13.090133666992188,68.72802734375001,587.8125000000001,0.09817468750000001,5.2503906250000005,8.57,
0,1,,,13.090133666992188,68.72802734375001,589.9804687500001,0.09817468750000001,5.2503906250000005,8.604,
0,1,,,13.011550903320312,68.31542968750001,592.353515625,0.0975865625,5.2503906250000005,8.638,
0,1,,,13.094329833984377,68.743896484375,594.7363281250001,0.09820625000000001,5.25,8.672,
0,1,,,13.094329833984377,68.743896484375,597.109375,0.097695,5.25,8.706,
0,1,,,13.02604675292969,68.3868408203125,599.4921875,0.097695,5.25,8.74,
0,1,,,13.099861145019531,68.7744140625,601.66015625,0.0982478125,5.25,8.775,
0,1,,,13.099861145019531,68.7744140625,604.0429687500001,0.09774093750000001,5.2503906250000005,8.809,
0,1,,,13.032150268554688,68.42285156250001,606.42578125,0.09774093750000001,5.2503906250000005,8.843,
0,1,,,13.105583190917969,68.80676269531251,608.8085937500001,0.098290625,5.250195312500001,8.878,
0,1,,,13.105583190917969,68.80676269531251,611.1914062500001,0.09809000000000001,5.2498046875,8.912,
0,1,,,13.078880310058594,68.6614990234375,613.5742187500001,0.09809000000000001,5.2498046875,8.946,
0,1,,,13.066482543945312,68.59497070312501,615.7421875000001,0.0979978125,5.2498046875,8.98,
0,1,,,13.079833984375,68.67187500000001,618.125,0.09809812500000001,5.250195312500001,9.014,
0,1,,,13.079833984375,68.67187500000001,620.5078125000001,0.09809812500000001,5.250195312500001,9.048,
0,1,,,13.0706787109375,68.62609863281251,622.900390625,0.098029375,5.2503906250000005,9.082,
0,1,,,13.102531433105469,68.78662109375,625.2832031250001,0.0982690625,5.2498046875,9.116,
0,1,,,13.102531433105469,68.78662109375,627.4511718750001,0.0982690625,5.2498046875,9.15,
0,1,,,13.065338134765625,68.6004638671875,629.833984375,0.0979896875,5.2505859375,9.184,
0,1,,,13.1317138671875,68.94531250000001,632.2167968750001,0.09848656250000001,5.2503906250000005,9.218,
0,1,,,13.1317138671875,68.94531250000001,634.599609375,0.09848656250000001,5.2503906250000005,9.252,
0,1,,,13.03367614746094,68.42712402343751,636.9921875000001,0.0977525,5.25,9.286,
0,1,,,13.104820251464846,68.797607421875,639.1503906250001,0.0982859375,5.2498046875,9.321,
0,1,,,13.104820251464846,68.797607421875,641.5332031250001,0.0982859375,5.2498046875,9.355,
0,1,,,13.024330139160156,68.370361328125,643.9160156250001,0.0976821875,5.2494140625000005,9.389,
0,1,,,13.125801086425783,68.91113281250001,646.3085937500001,0.09844343750000001,5.25,9.423,
0,1,,,13.125801086425783,68.91113281250001,648.4765625000001,0.09844343750000001,5.25,9.457,
0,1,,,13.06133270263672,68.57421875000001,650.8496093750001,0.0979596875,5.250195312500001,9.491,
0,1,,,13.067054748535158,68.6041259765625,653.2324218750001,0.098001875,5.250195312500001,9.525,
0,1,,,13.067054748535158,68.6041259765625,655.6250000000001,0.098001875,5.250195312500001,9.559,
0,1,,,13.103485107421875,68.7945556640625,657.9980468750001,0.09827593750000001,5.25,9.593,
0,1,,,13.056755065917969,68.5516357421875,660.1660156250001,0.097925625,5.2503906250000005,9.627,
0,1,,,13.056755065917969,68.5516357421875,662.548828125,0.097925625,5.2503906250000005,9.661,
0,1,,,13.08097839355469,68.66882324218751,664.9316406250001,0.09810687500000001,5.2494140625000005,9.695,
0,1,,,13.081550598144531,68.67614746093751,667.3242187500001,0.09811125000000001,5.2498046875,9.729,
0,1,,,13.081550598144531,68.67614746093751,669.4921875000001,0.09811125000000001,5.2498046875,9.763,
0,1,,,13.089942932128908,68.7213134765625,671.8652343750001,0.09817375,5.25,9.797,
0,1,,,13.049888610839846,68.51806640625001,674.2480468750001,0.097873125,5.2505859375,9.831,
0,1,,,13.049888610839846,68.51806640625001,676.6308593750001,0.097873125,5.2505859375,9.865,
0,1,,,13.09337615966797,68.748779296875,678.7792968750001,0.09820031250000001,5.2505859375,9.899,
0,1,,,13.0401611328125,68.46252441406251,681.396484375,0.097800625,5.250195312500001,9.934,
0,1,,,13.0401611328125,68.46252441406251,683.5546875,0.097800625,5.25,9.968,
0,1,,,13.090133666992188,68.72314453125,685.9375000000001,0.0981759375,5.25,10.002,
0,1,,,13.054084777832031,68.53881835937501,688.310546875,0.09790531250000001,5.2503906250000005,10.036,
0,1,,,13.054084777832031,68.53881835937501,690.6933593750001,0.0983009375,5.250195312500001,10.07,
0,1,,,13.106918334960938,68.8128662109375,692.87109375,0.0983009375,5.250195312500001,10.103,
0,1,,,13.050651550292969,68.51684570312501,695.25390625,0.09787875000000001,5.250195312500001,10.137,
0,1,,,13.050651550292969,68.51684570312501,697.6367187500001,0.098449375,5.250195312500001,10.171,
0,1,,,13.12675476074219,68.91845703125,700.029296875,0.098449375,5.250195312500001,10.205,
0,1,,,13.067817687988281,68.60900878906251,702.1875000000001,0.0980084375,5.250195312500001,10.239,
0,1,,,13.067817687988281,68.60900878906251,704.5605468750001,0.09796750000000001,5.250195312500001,10.273,
0,1,,,13.062477111816406,68.58032226562501,706.9628906250001,0.09796750000000001,5.250195312500001,10.307,
0,1,,,13.109779357910156,68.828125,709.3457031250001,0.09832281250000001,5.250195312500001,10.341,
0,1,,,13.109779357910156,68.828125,711.5136718750001,0.09834593750000001,5.249609375,10.375,
0,1,,,13.112831115722658,68.83789062500001,713.9062500000001,0.09834593750000001,5.249609375,10.409,
0,1,,,13.090896606445314,68.72741699218751,716.2890625,0.09818125000000001,5.25,10.443,
0,1,,,13.090896606445314,68.72741699218751,718.6718750000001,0.09793906250000001,5.250195312500001,10.477,
0,1,,,13.058662414550781,68.55957031250001,721.044921875,0.09793906250000001,5.250195312500001,10.511,
0,1,,,13.04168701171875,68.47106933593751,723.2031250000001,0.09781250000000001,5.250195312500001,10.545,
0,1,,,13.023948669433594,68.377685546875,725.5859375,0.09767906250000001,5.250195312500001,10.579,
0,1,,,13.023948669433594,68.377685546875,727.9589843750001,0.09767906250000001,5.250195312500001,10.613,
0,1,,,13.062667846679688,68.5809326171875,730.3417968750001,0.09797,5.250195312500001,10.647,
0,1,,,13.04931640625,68.51074218750001,732.5097656250001,0.0978690625,5.250195312500001,10.681,
0,1,,,13.04931640625,68.51074218750001,734.8925781250001,0.0978690625,5.250195312500001,10.715,
0,1,,,13.121795654296875,68.88427734375001,737.2753906250001,0.0984134375,5.249609375,10.749,
0,1,,,13.051795959472658,68.521728515625,739.6582031250001,0.09788843750000001,5.25,10.783,
0,1,,,13.051795959472658,68.521728515625,741.8359375000001,0.09788843750000001,5.25,10.817,
0,1,,,13.112258911132812,68.8421630859375,744.21875,0.0983409375,5.2503906250000005,10.851,
0,1,,,13.097381591796875,68.76037597656251,746.6113281250001,0.0982290625,5.25,10.885,
0,1,,,13.097381591796875,68.76037597656251,748.9941406250001,0.0982290625,5.25,10.919,
0,1,,,13.08097839355469,68.67919921875001,751.3769531250001,0.09810656250000001,5.2503906250000005,10.954,
0,1,,,13.110733032226562,68.83789062500001,753.7695312500001,0.0983303125,5.2505859375,10.988,
0,1,,,13.110733032226562,68.83789062500001,755.9375,0.0983303125,5.2505859375,11.022,
0,1,,,13.089370727539062,68.719482421875,758.3203125000001,0.09817000000000001,5.25,11.056,
0,1,,,13.098144531250002,68.7689208984375,760.703125,0.098235,5.2503906250000005,11.09,
0,1,,,13.098144531250002,68.7689208984375,763.0957031250001,0.098235,5.2503906250000005,11.124,
0,1,,,13.08441162109375,68.6907958984375,765.2636718750001,0.098133125,5.2498046875,11.158,
0,1,,,13.109016418457033,68.81958007812501,767.65625,0.09831687500000001,5.2498046875,11.192,
0,1,,,13.109016418457033,68.81958007812501,770.0390625000001,0.09831687500000001,5.2498046875,11.226,
0,1,,,13.092041015625,68.741455078125,772.4316406250001,0.09818968750000001,5.2505859375,11.26,
0,1,,,13.110923767089846,68.83605957031251,774.609375,0.09833125000000001,5.2503906250000005,11.294,
0,1,,,13.110923767089846,68.83605957031251,776.9921875000001,0.09833125000000001,5.2503906250000005,11.327,
0,1,,,13.100242614746094,68.7744140625,779.375,0.09825156250000001,5.2498046875,11.361,
0,1,,,13.074302673339846,68.63891601562501,781.7578125000001,0.09805656250000001,5.25,11.395,
0,1,,,13.074302673339846,68.63891601562501,783.916015625,0.09805656250000001,5.25,11.429,
0,1,,,13.061714172363281,68.57666015625001,786.2988281250001,0.09796312500000001,5.250195312500001,11.463,
0,1,,,13.013076782226562,68.3258056640625,788.671875,0.0975978125,5.2505859375,11.497,
0,1,,,13.013076782226562,68.3258056640625,791.0546875000001,0.0975978125,5.2505859375,11.531,
0,1,,,13.120841979980469,68.88977050781251,793.4472656250001,0.09840625000000001,5.2503906250000005,11.565,
0,1,,,13.07830810546875,68.6627197265625,795.6250000000001,0.098086875,5.250195312500001,11.599,
0,1,,,13.07830810546875,68.6627197265625,798.0078125000001,0.098086875,5.25,11.633,
0,1,,,13.144493103027344,69.00756835937501,800.4003906250001,0.09858312500000001,5.25,11.667,
0,1,,,13.05370330810547,68.53088378906251,802.7832031250001,0.09790156250000001,5.25,11.701,
0,1,,,13.05370330810547,68.53088378906251,804.9414062500001,0.09790156250000001,5.25,11.735,
0,1,,,13.102531433105469,68.78845214843751,807.32421875,0.09826750000000001,5.25,11.769,
0,1,,,13.056755065917969,68.54980468750001,809.70703125,0.097925625,5.250195312500001,11.803,
0,1,,,13.056755065917969,68.54980468750001,812.109375,0.0985675,5.2503906250000005,11.837,
0,1,,,13.142395019531252,69.00207519531251,814.2675781250001,0.0985675,5.2503906250000005,11.871,
0,1,,,13.035011291503906,68.4332275390625,816.640625,0.09776218750000001,5.25,11.905,
0,1,,,13.035011291503906,68.4332275390625,819.033203125,0.09820281250000001,5.2498046875,11.939,
0,1,,,13.093757629394533,68.739013671875,821.4062500000001,0.09820281250000001,5.2498046875,11.974,
0,1,,,13.040542602539062,68.4588623046875,823.7792968750001,0.0978028125,5.2498046875,12.008,
0,1,,,13.040542602539062,68.4588623046875,826.171875,0.09820000000000001,5.2505859375,12.042,
0,1,,,13.09337615966797,68.74816894531251,828.3398437500001,0.09820000000000001,5.2505859375,12.076,
0,1,,,13.0645751953125,68.59375000000001,830.7226562500001,0.097983125,5.2503906250000005,12.11,
0,1,,,13.0645751953125,68.59375000000001,833.1152343750001,0.098236875,5.25,12.144,
0,1,,,13.098335266113281,68.7652587890625,835.48828125,0.098236875,5.25,12.178,
0,1,,,13.084793090820314,68.69934082031251,837.880859375,0.0981359375,5.2503906250000005,12.212,
0,1,,,13.094329833984377,68.748779296875,840.048828125,0.09820718750000001,5.250195312500001,12.246,
0,1,,,13.094329833984377,68.748779296875,842.421875,0.09820718750000001,5.250195312500001,12.28,
0,1,,,13.061714172363281,68.5711669921875,844.82421875,0.0979621875,5.2498046875,12.314,
0,1,,,13.093185424804688,68.7408447265625,847.1972656250002,0.09819781250000001,5.250195312500001,12.349,
0,1,,,13.093185424804688,68.7408447265625,849.365234375,0.09819781250000001,5.250195312500001,12.383,
0,1,,,13.118171691894533,68.87023925781251,851.7578125,0.0983853125,5.25,12.417,
0,1,,,13.062286376953127,68.57788085937501,854.140625,0.09796687500000001,5.25,12.451,
0,1,,,13.062286376953127,68.57788085937501,856.5136718750001,0.09796687500000001,5.25,12.485,
0,1,,,13.084793090820314,68.70361328125,858.9062500000001,0.098135625,5.25078125,12.519,
0,1,,,13.077926635742188,68.6572265625,861.07421875,0.09808406250000001,5.2498046875,12.553,
0,1,,,13.077926635742188,68.6572265625,863.4570312500002,0.09808406250000001,5.2498046875,12.587,
0,1,,,13.095855712890625,68.751220703125,865.8398437500001,0.0982178125,5.25,12.621,
0,1,,,13.066101074218752,68.59252929687501,868.2226562500001,0.097995625,5.249609375,12.655,
0,1,,,13.066101074218752,68.59252929687501,870.400390625,0.097995625,5.249609375,12.689,
0,1,,,13.115310668945314,68.85498046875001,872.79296875,0.098364375,5.25,12.723,
0,1,,,13.1011962890625,68.7872314453125,875.1757812500002,0.09825906250000001,5.2503906250000005,12.757,
0,1,,,13.1011962890625,68.7872314453125,877.5488281250001,0.09825906250000001,5.2503906250000005,12.791,
0,1,,,13.044357299804688,68.48083496093751,879.9316406250001,0.0978325,5.2498046875,12.825,
0,1,,,13.076972961425781,68.65173339843751,882.0996093750001,0.09807718750000001,5.2498046875,12.859,
0,1,,,13.076972961425781,68.65173339843751,884.482421875,0.09807718750000001,5.2498046875,12.893,
0,1,,,13.0645751953125,68.59191894531251,886.8652343750001,0.09798406250000001,5.250195312500001,12.927,
0,1,,,13.088417053222656,68.72314453125,889.248046875,0.09816218750000001,5.25078125,12.961,
0,1,,,13.088417053222656,68.72314453125,891.4160156250001,0.09816218750000001,5.25078125,12.995,
0,1,,,13.089370727539062,68.7237548828125,893.8085937500001,0.09817062500000001,5.2503906250000005,13.029,
0,1,,,13.104248046875002,68.80432128906251,896.19140625,0.09828125000000001,5.2505859375,13.064,
0,1,,,13.104248046875002,68.80432128906251,898.57421875,0.09828125000000001,5.2505859375,13.098,
0,1,,,13.085365295410156,68.6981201171875,900.966796875,0.09813906250000001,5.25,13.132,
0,1,,,13.137054443359375,68.97338867187501,903.3496093750002,0.09852687500000001,5.2503906250000005,13.166,
0,1,,,13.137054443359375,68.97338867187501,905.517578125,0.09852687500000001,5.25,13.2,
0,1,,,13.036727905273438,68.44299316406251,907.900390625,0.0977753125,5.25,13.234,
0,1,,,13.073921203613281,68.6370849609375,910.2734375000001,0.098053125,5.25,13.267,
0,1,,,13.073921203613281,68.6370849609375,912.6562500000001,0.09775093750000001,5.249609375,13.302,
0,1,,,13.033485412597656,68.4210205078125,914.8242187500002,0.09775093750000001,5.249609375,13.335,
0,1,,,13.10997009277344,68.83422851562501,917.2070312500001,0.09832375,5.2505859375,13.369,
0,1,,,13.10997009277344,68.83422851562501,919.5996093750001,0.09813906250000001,5.2498046875,13.403,
0,1,,,13.085365295410156,68.69384765625001,921.9921875000001,0.09813906250000001,5.2498046875,13.437,
0,1,,,13.144493103027344,69.00634765625001,924.16015625,0.09858312500000001,5.2498046875,13.471,
0,1,,,13.144493103027344,69.00634765625001,926.552734375,0.09812031250000001,5.250195312500001,13.505,
0,1,,,13.082885742187502,68.68713378906251,928.9453125,0.09812031250000001,5.250195312500001,13.539,
0,1,,,13.099861145019531,68.77685546875001,931.3281250000002,0.09824875000000001,5.250195312500001,13.573,
0,1,,,13.099861145019531,68.77685546875001,933.5058593750001,0.0985590625,5.2498046875,13.607,
0,1,,,13.141250610351562,68.988037109375,935.888671875,0.0985590625,5.2498046875,13.641,
0,1,,,13.084793090820314,68.695068359375,938.271484375,0.098135625,5.25,13.675,
0,1,,,13.084793090820314,68.695068359375,940.6640625,0.098425625,5.2503906250000005,13.709,
0,1,,,13.123512268066406,68.902587890625,943.0468750000002,0.098425625,5.2503906250000005,13.743,
0,1,,,13.033103942871094,68.42712402343751,945.2148437500001,0.0977478125,5.250195312500001,13.777,
0,1,,,13.12675476074219,68.91479492187501,947.607421875,0.09845031250000001,5.25,13.811,
0,1,,,13.12675476074219,68.91479492187501,949.9804687500002,0.09845031250000001,5.25,13.845,
0,1,,,13.026618957519533,68.39172363281251,952.3632812500001,0.097699375,5.250195312500001,13.879,
0,1,,,13.117218017578127,68.8726806640625,954.53125,0.09837812500000001,5.2505859375,13.913,
0,1,,,13.117218017578127,68.8726806640625,956.9042968750001,0.09837812500000001,5.2505859375,13.947,
0,1,,,13.031959533691406,68.41979980468751,959.2968750000001,0.097739375,5.250195312500001,13.981,
0,1,,,13.074874877929688,68.64501953125,961.669921875,0.09806031250000001,5.250195312500001,14.015,
0,1,,,13.074874877929688,68.64501953125,963.8378906250001,0.09806031250000001,5.250195312500001,14.049,
0,1,,,13.129043579101564,68.92761230468751,966.4453125000002,0.09846750000000001,5.25,14.084,
0,1,,,13.050270080566406,68.51562500000001,968.6132812500001,0.09787625000000001,5.250195312500001,14.118,
0,1,,,13.050270080566406,68.51562500000001,971.0058593750001,0.09787625000000001,5.250195312500001,14.152,
0,1,,,13.091278076171875,68.72497558593751,973.3789062500002,0.098184375,5.2498046875,14.186,
0,1,,,13.074111938476562,68.64013671875001,975.7617187500002,0.098055,5.250195312500001,14.22,
0,1,,,13.074111938476562,68.64013671875001,977.9394531250001,0.098055,5.250195312500001,14.254,
0,1,,,13.078689575195312,68.6627197265625,980.3125000000001,0.09808968750000001,5.25,14.288,
0,1,,,13.08574676513672,68.69873046875001,982.6953125000002,0.09814250000000001,5.25,14.322,
0,1,,,13.08574676513672,68.69873046875001,985.0878906250001,0.09814250000000001,5.25,14.356,
0,1,,,13.077354431152344,68.6627197265625,987.2363281250002,0.09807906250000001,5.2505859375,14.39,
0,1,,,13.072013854980469,68.62426757812501,989.6289062500001,0.09803937500000001,5.2498046875,14.424,
0,1,,,13.072013854980469,68.62426757812501,992.0117187500001,0.09803937500000001,5.2498046875,14.458,
0,2,,,10.081291198730469,52.97363281250001,0.8593750000000001,0.07560875,5.2546875,0.021,
0,2,,,10.472679138183596,55.02685546875001,2.6171875,0.0785446875,5.2542968750000005,0.055,
0,2,,,10.472679138183596,55.02685546875001,4.521484375000001,0.0785446875,5.2542968750000005,0.089,
0,2,,,10.481643676757814,55.0750732421875,6.445312500000001,0.07861187500000001,5.2544921875,0.123,
0,2,,,10.459136962890625,54.96032714843751,8.349609375,0.0784434375,5.2546875,0.157,
0,2,,,10.459136962890625,54.96032714843751,10.097656250000002,0.0784434375,5.2546875,0.191,
0,2,,,10.516929626464846,55.263061523437514,12.001953125000002,0.07887687500000001,5.2546875,0.225,
0,2,,,10.504150390625002,55.19531250000001,13.916015625,0.0787803125,5.2546875,0.259,
0,2,,,10.504150390625002,55.19531250000001,15.830078125000004,0.0787803125,5.2546875,0.293,
0,2,,,10.477066040039062,55.049438476562514,17.744140625,0.07857781250000001,5.2542968750000005,0.327,
0,2,,,10.473632812500002,55.0360107421875,19.482421875000004,0.0785515625,5.2548828125,0.361,
0,2,,,10.473632812500002,55.0360107421875,21.40625,0.0785515625,5.2544921875,0.395,
0,2,,,10.521507263183594,55.284423828125014,23.310546875000004,0.07891031250000001,5.2544921875,0.429,
0,2,,,10.516738891601562,55.263061523437514,25.244140625,0.078875,5.2548828125,0.463,
0,2,,,10.516738891601562,55.263061523437514,26.982421875000004,0.078875,5.2544921875,0.497,
0,2,,,10.493278503417969,55.13671875000001,28.896484375000004,0.0787,5.2544921875,0.531,
0,2,,,10.483932495117188,55.08789062500001,30.800781250000007,0.07862875000000001,5.2546875,0.565,
0,2,,,10.483932495117188,55.08789062500001,32.72460937500001,0.07877937500000001,5.255078125000001,0.599,
0,2,,,10.503959655761719,55.19775390625001,34.453125,0.07877937500000001,5.255078125000001,0.634,
0,2,,,10.501861572265625,55.17822265625,36.54296875000001,0.078763125,5.2542968750000005,0.668,
0,2,,,10.501861572265625,55.17822265625,38.28125,0.07850875,5.2548828125,0.702,
0,2,,,10.467910766601564,55.00610351562501,40.20507812500001,0.07850875,5.2548828125,0.736,
0,2,,,10.502052307128906,55.18615722656251,42.119140625,0.078765625,5.2548828125,0.77,
0,2,,,10.502052307128906,55.18615722656251,44.02343750000001,0.07872781250000001,5.2546875,0.804,
0,2,,,10.497093200683594,55.1580810546875,45.76171875000001,0.07872781250000001,5.2546875,0.838,
0,2,,,10.501289367675783,55.17883300781251,47.68554687500001,0.078759375,5.2544921875,0.872,
0,2,,,10.501289367675783,55.17883300781251,49.58984375,0.07857187500000001,5.2542968750000005,0.906,
0,2,,,10.476303100585938,55.04516601562501,51.50390625,0.07857187500000001,5.2542968750000005,0.94,
0,2,,,10.46886444091797,55.01281738281251,53.25195312500001,0.07851656250000001,5.2548828125,0.974,
0,2,,,10.496330261230469,55.1568603515625,55.156250000000014,0.07872218750000001,5.2548828125,1.008,
0,2,,,10.496330261230469,55.1568603515625,57.080078125,0.07872218750000001,5.2548828125,1.042,
0,2,,,10.530281066894533,55.33142089843751,58.98437500000001,0.0789765625,5.2544921875,1.076,
0,2,,,10.453987121582033,54.93286132812501,60.90820312500001,0.078405,5.2546875,1.11,
0,2,,,10.453987121582033,54.93286132812501,62.636718750000014,0.078405,5.2546875,1.144,
0,2,,,10.480880737304688,55.07385253906251,64.55078125000001,0.0786065625,5.2546875,1.178,
0,2,,,10.527038574218752,55.3155517578125,66.46484375,0.07895250000000001,5.2546875,1.212,
0,2,,,10.527038574218752,55.3155517578125,68.3984375,0.07895250000000001,5.2546875,1.246,
0,2,,,10.530853271484377,55.34240722656251,70.126953125,0.07898062500000001,5.2552734375000005,1.28,
0,2,,,10.512542724609375,55.234375,72.05078125000001,0.07884437500000001,5.254101562500001,1.314,
0,2,,,10.512542724609375,55.234375,73.955078125,0.07884437500000001,5.254101562500001,1.348,
0,2,,,10.43243408203125,54.8223876953125,75.87890625,0.07824343750000001,5.2548828125,1.382,
0,2,,,10.511779785156252,55.24047851562501,77.783203125,0.0788375,5.2552734375000005,1.416,
0,2,,,10.511779785156252,55.24047851562501,79.53125000000001,0.0788375,5.2552734375000005,1.45,
0,2,,,10.5224609375,55.29174804687501,81.43554687500001,0.0789178125,5.2546875,1.484,
0,2,,,10.523796081542969,55.29541015625,83.369140625,0.078928125,5.2542968750000005,1.518,
0,2,,,10.523796081542969,55.29541015625,85.27343750000001,0.078928125,5.2542968750000005,1.552,
0,2,,,10.491371154785156,55.13122558593751,87.02148437500001,0.0786846875,5.2548828125,1.586,
0,2,,,10.471534729003906,55.025634765625,88.93554687500001,0.0785359375,5.2548828125,1.62,
0,2,,,10.471534729003906,55.025634765625,90.84960937500001,0.0785359375,5.2548828125,1.654,
0,2,,,10.536575317382814,55.369873046875014,92.76367187500001,0.07902375,5.255078125000001,1.688,
0,2,,,10.521125793457031,55.284423828125014,94.68750000000001,0.0789075,5.2546875,1.722,
0,2,,,10.521125793457031,55.284423828125014,96.41601562500001,0.0789075,5.2546875,1.756,
0,2,,,10.501480102539062,55.17944335937501,98.33984375,0.078760625,5.2544921875,1.79,
0,2,,,10.478019714355469,55.062255859375,100.25390625000003,0.0785846875,5.255078125000001,1.824,
0,2,,,10.478019714355469,55.062255859375,102.16796875,0.0785846875,5.255078125000001,1.858,
0,2,,,10.497093200683594,55.16174316406251,103.90625,0.07872843750000001,5.2548828125,1.892,
0,2,,,10.504341125488281,55.20141601562501,105.82031250000001,0.0787821875,5.255078125000001,1.926,
0,2,,,10.504341125488281,55.20141601562501,107.744140625,0.0787821875,5.255078125000001,1.96,
0,2,,,10.486602783203125,55.10437011718751,109.6484375,0.07864937500000001,5.2546875,1.994,
0,2,,,10.493278503417969,55.1416015625,111.38671875000001,0.07869875000000001,5.255078125000001,2.028,
0,2,,,10.493278503417969,55.1416015625,113.310546875,0.07869875000000001,5.2552734375000005,2.062,
0,2,,,10.506057739257814,55.21118164062501,115.22460937500001,0.078795,5.2552734375000005,2.096,
0,2,,,10.512733459472658,55.238647460937514,117.138671875,0.0788453125,5.2544921875,2.13,
0,2,,,10.512733459472658,55.238647460937514,119.05273437500003,0.0788453125,5.2544921875,2.164,
0,2,,,10.488128662109375,55.10925292968751,120.79101562500001,0.07866062500000001,5.2544921875,2.198,
0,2,,,10.47649383544922,55.050048828125,122.71484375000003,0.0785728125,5.2546875,2.232,
0,2,,,10.47649383544922,55.050048828125,124.61914062500001,0.0787140625,5.2544921875,2.266,
0,2,,,10.495376586914062,55.147094726562514,126.53320312500001,0.0787140625,5.2544921875,2.3,
0,2,,,10.511970520019531,55.23498535156251,128.271484375,0.078839375,5.2544921875,2.334,
0,2,,,10.511970520019531,55.23498535156251,130.19531250000003,0.07875156250000001,5.254101562500001,2.368,
0,2,,,10.500335693359377,55.16967773437501,132.10937500000003,0.07875156250000001,5.254101562500001,2.402,
0,2,,,10.485267639160156,55.096435546875,134.033203125,0.0786384375,5.2546875,2.436,
0,2,,,10.485267639160156,55.096435546875,135.76171875,0.0788053125,5.2546875,2.47,
0,2,,,10.507392883300783,55.21240234375,137.6953125,0.0788053125,5.2546875,2.504,
0,2,,,10.533714294433596,55.35034179687501,139.59960937500003,0.0790021875,5.2546875,2.538,
0,2,,,10.533714294433596,55.35034179687501,141.51367187500003,0.07874375,5.2548828125,2.572,
0,2,,,10.499191284179688,55.172119140625,143.25195312500003,0.07874375,5.2548828125,2.606,
0,2,,,10.48412322998047,55.08728027343751,145.17578125000003,0.07863062500000001,5.2542968750000005,2.64,
0,2,,,10.48412322998047,55.2362060546875,147.08984375,0.07884062500000001,5.2544921875,2.674,
0,2,,,10.512161254882814,55.2362060546875,149.0234375,0.07884062500000001,5.2544921875,2.708,
0,2,,,10.548591613769531,55.42480468750001,150.927734375,0.0791146875,5.2542968750000005,2.742,
0,2,,,10.522842407226562,55.29663085937501,152.8515625,0.0789215625,5.2548828125,2.776,
0,2,,,10.522842407226562,55.29663085937501,154.58007812500003,0.0789215625,5.2548828125,2.81,
0,2,,,10.442352294921875,54.873046875,156.50390625000003,0.07831750000000001,5.2548828125,2.844,
0,2,,,10.506629943847656,55.21240234375,158.40820312500003,0.0787996875,5.255078125000001,2.878,
0,2,,,10.506629943847656,55.21240234375,160.33203125000003,0.0787996875,5.255078125000001,2.912,
0,2,,,10.527801513671875,55.31799316406251,162.07031250000003,0.0789578125,5.2544921875,2.946,
0,2,,,10.518455505371096,55.27099609375001,163.99414062500003,0.0788884375,5.2546875,2.98,
0,2,,,10.518455505371096,55.27099609375001,165.89843750000003,0.0788884375,5.2546875,3.014,
0,2,,,10.506248474121094,55.208129882812514,167.82226562500003,0.0787971875,5.2546875,3.048,
0,2,,,10.443687438964844,54.8822021484375,169.56054687500003,0.07832781250000001,5.255078125000001,3.082,
0,2,,,10.443687438964844,54.8822021484375,171.47460937500003,0.07832781250000001,5.255078125000001,3.116,
0,2,,,10.543060302734375,55.39794921875,173.388671875,0.0790721875,5.2544921875,3.15,
0,2,,,10.521316528320314,55.28381347656251,175.3125,0.0789096875,5.2544921875,3.184,
0,2,,,10.521316528320314,55.28381347656251,177.21679687500003,0.0789096875,5.2544921875,3.218,
0,2,,,10.497474670410158,55.15930175781251,178.96484375000003,0.0787309375,5.2544921875,3.252,
0,2,,,10.49938201904297,55.171508789062514,180.87890625000003,0.078744375,5.2548828125,3.286,
0,2,,,10.49938201904297,55.171508789062514,182.79296875000003,0.078744375,5.2548828125,3.32,
0,2,,,10.470962524414062,55.0225830078125,184.716796875,0.078531875,5.2548828125,3.354,
0,2,,,10.527992248535158,55.3155517578125,186.44531250000003,0.07896,5.254101562500001,3.388,
0,2,,,10.527992248535158,55.3155517578125,188.35937500000003,0.07896,5.254101562500001,3.422,
0,2,,,10.50834655761719,55.21423339843751,190.27343750000003,0.07881281250000001,5.2542968750000005,3.456,
0,2,,,10.4705810546875,55.0164794921875,192.1875,0.07852937500000001,5.2544921875,3.49,
0,2,,,10.4705810546875,55.0164794921875,193.93554687500003,0.07852937500000001,5.2544921875,3.524,
0,2,,,10.483551025390627,55.0927734375,195.849609375,0.07862625000000001,5.255078125000001,3.558,
0,2,,,10.502815246582031,55.19409179687501,197.75390625,0.07877,5.2552734375000005,3.592,
0,2,,,10.502815246582031,55.19409179687501,199.67773437500003,0.07877,5.2552734375000005,3.626,
0,2,,,10.50872802734375,55.22033691406251,201.416015625,0.078814375,5.2546875,3.66,
0,2,,,10.467147827148438,55.00305175781251,203.32031250000003,0.07850343750000001,5.2548828125,3.694,
0,2,,,10.467147827148438,55.00305175781251,205.234375,0.07850343750000001,5.2548828125,3.728,
0,2,,,10.49022674560547,55.12207031250001,207.15820312500003,0.0786759375,5.2546875,3.762,
0,2,,,10.535812377929688,55.36254882812501,209.07226562500003,0.07901812500000001,5.2546875,3.796,
0,2,,,10.535812377929688,55.36254882812501,210.82031250000003,0.07901812500000001,5.2544921875,3.83,
0,2,,,10.50567626953125,55.202026367187514,212.72460937500003,0.07879187500000001,5.2544921875,3.864,
0,2,,,10.474014282226564,55.0384521484375,214.6484375,0.07855468750000001,5.2548828125,3.898,
0,2,,,10.474014282226564,55.0384521484375,216.5625,0.07868625000000001,5.2546875,3.932,
0,2,,,10.491561889648438,55.12939453125,218.47656250000003,0.07868625000000001,5.2546875,3.966,
0,2,,,10.503196716308596,55.1904296875,220.205078125,0.07877375,5.2546875,4.0,
0,2,,,10.503196716308596,55.1904296875,222.13867187500003,0.0788240625,5.2548828125,4.034,
0,2,,,10.50987243652344,55.2276611328125,224.04296875000006,0.0788240625,5.2548828125,4.068,
0,2,,,10.481262207031252,55.074462890625,225.95703125000003,0.07860875,5.2546875,4.102,
0,2,,,10.481262207031252,55.074462890625,227.6953125,0.07860093750000001,5.2544921875,4.136,
0,2,,,10.480117797851562,55.06713867187501,229.61914062500003,0.07860093750000001,5.2544921875,4.17,
0,2,,,10.51750183105469,55.26794433593751,231.52343750000003,0.07888125,5.2548828125,4.204,
0,2,,,10.51750183105469,55.26794433593751,233.447265625,0.078970625,5.2546875,4.238,
0,2,,,10.529518127441406,55.328369140625,235.18554687500003,0.078970625,5.2546875,4.272,
0,2,,,10.487556457519531,55.10375976562501,237.109375,0.078656875,5.2542968750000005,4.306,
0,2,,,10.487556457519531,55.10375976562501,239.013671875,0.0787078125,5.2546875,4.34,
0,2,,,10.494422912597656,55.1446533203125,240.93750000000003,0.0787078125,5.2546875,4.374,
0,2,,,10.505294799804688,55.192871093750014,242.67578125,0.07878968750000001,5.25390625,4.408,
0,2,,,10.531806945800783,55.340576171875,244.59960937500003,0.0789875,5.2546875,4.442,
0,2,,,10.531806945800783,55.340576171875,246.51367187500003,0.0789875,5.2546875,4.476,
0,2,,,10.526657104492188,55.3131103515625,248.42773437500003,0.078949375,5.2546875,4.51,
0,2,,,10.436439514160158,54.84069824218751,250.15625000000003,0.0782734375,5.2546875,4.544,
0,2,,,10.436439514160158,54.84069824218751,252.08007812500006,0.0782734375,5.2546875,4.578,
0,2,,,10.524368286132812,55.30761718750001,253.99414062500003,0.07893187500000001,5.2552734375000005,4.612,
0,2,,,10.525894165039062,55.31188964843751,255.91796875000006,0.0789434375,5.2548828125,4.646,
0,2,,,10.525894165039062,55.31188964843751,257.65625000000006,0.0789434375,5.2548828125,4.679,
0,2,,,10.507583618164062,55.220947265625,259.5703125,0.0788059375,5.25546875,4.713,
0,2,,,10.47821044921875,55.06347656250001,261.48437500000006,0.07858625000000001,5.255078125000001,4.747,
0,2,,,10.47821044921875,55.06347656250001,263.3984375,0.07858625000000001,5.255078125000001,4.781,
0,2,,,10.463714599609375,54.9835205078125,265.322265625,0.0784775,5.2546875,4.815,
0,2,,,10.532188415527346,55.343017578125,267.05078125000006,0.07899093750000001,5.2546875,4.85,
0,2,,,10.532188415527346,55.343017578125,268.974609375,0.07899093750000001,5.2546875,4.884,
0,2,,,10.528945922851564,55.325927734375,270.88867187500006,0.0789665625,5.2546875,4.918,
0,2,,,10.503005981445312,55.18920898437501,272.81250000000006,0.078771875,5.2546875,4.952,
0,2,,,10.503005981445312,55.18920898437501,274.71679687500006,0.078771875,5.2546875,4.986,
0,2,,,10.494995117187502,55.14587402343751,276.47460937500006,0.07871125000000001,5.2544921875,5.02,
0,2,,,10.523033142089844,55.29846191406251,278.37890625000006,0.07892281250000001,5.255078125000001,5.054,
0,2,,,10.523033142089844,55.29846191406251,280.3125,0.07892281250000001,5.255078125000001,5.088,
0,2,,,10.5316162109375,55.33874511718751,282.216796875,0.0789875,5.2544921875,5.122,
0,2,,,10.489082336425781,55.11962890625001,283.95507812500006,0.07866687500000001,5.255078125000001,5.156,
0,2,,,10.489082336425781,55.11962890625001,285.869140625,0.07866687500000001,5.255078125000001,5.19,
0,2,,,10.491371154785156,55.12939453125,287.80273437500006,0.07868531250000001,5.2546875,5.224,
0,2,,,10.509109497070312,55.22460937500001,289.70703125,0.0788184375,5.2548828125,5.257,
0,2,,,10.509109497070312,55.22460937500001,291.46484375000006,0.0788184375,5.2548828125,5.291,
0,2,,,10.520362854003908,55.2801513671875,293.35937500000006,0.07890187500000001,5.2546875,5.325,
0,2,,,10.506248474121094,55.2032470703125,295.29296875000006,0.07879593750000001,5.2544921875,5.359,
0,2,,,10.506248474121094,55.2032470703125,297.19726562500006,0.07879593750000001,5.2544921875,5.393,
0,2,,,10.470390319824219,55.02441406250001,298.94531250000006,0.078528125,5.2552734375000005,5.427,
0,2,,,10.506439208984377,55.2056884765625,300.84960937500006,0.0787971875,5.2544921875,5.461,
0,2,,,10.506439208984377,55.2056884765625,302.7734375,0.0787971875,5.2544921875,5.495,
0,2,,,10.51311492919922,55.245361328125,304.677734375,0.0788475,5.2548828125,5.529,
0,2,,,10.49957275390625,55.17700195312501,306.435546875,0.0787465625,5.2552734375000005,5.563,
0,2,,,10.49957275390625,55.17700195312501,308.33984375,0.0787465625,5.2542968750000005,5.597,
0,2,,,10.481071472167969,55.07019042968751,310.25390625000006,0.078608125,5.2542968750000005,5.631,
0,2,,,10.484504699707033,55.09826660156251,312.16796875000006,0.078634375,5.2552734375000005,5.665,
0,2,,,10.484504699707033,55.09826660156251,313.91601562500006,0.078634375,5.255078125000001,5.699,
0,2,,,10.528182983398438,55.325927734375,315.82031250000006,0.078960625,5.255078125000001,5.733,
0,2,,,10.490036010742188,55.125732421875014,317.74414062500006,0.07867500000000001,5.255078125000001,5.767,
0,2,,,10.490036010742188,55.125732421875014,319.64843750000006,0.0786340625,5.255078125000001,5.801,
0,2,,,10.484504699707033,55.096435546875,321.572265625,0.0786340625,5.255078125000001,5.835,
0,2,,,10.49022674560547,55.1202392578125,323.31054687500006,0.07867625,5.2544921875,5.869,
0,2,,,10.49022674560547,55.1202392578125,325.22460937500006,0.07886,5.2548828125,5.903,
0,2,,,10.51464080810547,55.253906250000014,327.138671875,0.07886,5.2548828125,5.937,
0,2,,,10.519027709960938,55.27526855468751,329.05273437500006,0.078891875,5.2548828125,5.971,
0,2,,,10.519027709960938,55.27526855468751,330.96679687500006,0.07845125,5.2544921875,6.005,
0,2,,,10.460281372070314,54.96276855468751,332.71484375000006,0.07845125,5.2544921875,6.039,
0,2,,,10.511589050292969,55.2362060546875,334.62890625000006,0.07883656250000001,5.2548828125,6.073,
0,2,,,10.511589050292969,55.2362060546875,336.54296875000006,0.07890218750000001,5.255078125000001,6.107,
0,2,,,10.520362854003908,55.28381347656251,338.45703125000006,0.07890218750000001,5.255078125000001,6.141,
0,2,,,10.526275634765625,55.30822753906251,340.19531250000006,0.078946875,5.2542968750000005,6.175,
0,2,,,10.51311492919922,55.24047851562501,342.12890625000006,0.0788475,5.2544921875,6.209,
0,2,,,10.51311492919922,55.24047851562501,344.033203125,0.0788475,5.2544921875,6.243,
0,2,,,10.44445037841797,54.8822021484375,345.9375,0.07833250000000001,5.2546875,6.277,
0,2,,,10.519409179687502,55.27648925781251,347.68554687500006,0.078895,5.2546875,6.311,
0,2,,,10.519409179687502,55.27648925781251,349.599609375,0.078895,5.2546875,6.345,
0,2,,,10.516548156738283,55.263061523437514,351.51367187500006,0.0788734375,5.2548828125,6.379,
0,2,,,10.500335693359377,55.17639160156251,353.43750000000006,0.0787521875,5.2548828125,6.413,
0,2,,,10.500335693359377,55.17639160156251,355.16601562500006,0.0787521875,5.2548828125,6.447,
0,2,,,10.486793518066406,55.101318359375014,357.08984375000006,0.078650625,5.2544921875,6.481,
0,2,,,10.475349426269531,55.04211425781251,358.99414062500006,0.0785640625,5.2544921875,6.515,
0,2,,,10.475349426269531,55.04211425781251,360.90820312500006,0.0785640625,5.2544921875,6.549,
0,2,,,10.510635375976562,55.23071289062501,362.646484375,0.0788290625,5.2548828125,6.583,
0,2,,,10.505294799804688,55.19897460937501,364.57031250000006,0.0787890625,5.2544921875,6.617,
0,2,,,10.505294799804688,55.19897460937501,366.48437500000006,0.0787890625,5.2544921875,6.651,
0,2,,,10.49957275390625,55.171508789062514,368.408203125,0.07874718750000001,5.2546875,6.685,
0,2,,,10.49041748046875,55.12939453125,370.13671875000006,0.078678125,5.2552734375000005,6.718,
0,2,,,10.49041748046875,55.12939453125,372.0703125,0.078678125,5.2552734375000005,6.752,
0,2,,,10.525703430175781,55.30761718750001,373.97460937500006,0.07894187500000001,5.2546875,6.786,
0,2,,,10.519981384277344,55.28137207031251,375.89843750000006,0.07889968750000001,5.2548828125,6.82,
0,2,,,10.519981384277344,55.28137207031251,377.80273437500006,0.07889968750000001,5.2548828125,6.854,
0,2,,,10.486602783203125,55.1055908203125,379.56054687500006,0.0786490625,5.2548828125,6.888,
0,2,,,10.483551025390627,55.08911132812501,381.45507812500006,0.078625625,5.2548828125,6.922,
0,2,,,10.483551025390627,55.08911132812501,383.38867187500006,0.078625625,5.2548828125,6.957,
0,2,,,10.515785217285156,55.2606201171875,385.29296875,0.07886781250000001,5.255078125000001,6.991,
0,2,,,10.534667968750002,55.35949707031251,387.21679687500006,0.07901031250000001,5.255078125000001,7.025,
0,2,,,10.534667968750002,55.35949707031251,388.955078125,0.07901031250000001,5.255078125000001,7.059,
0,2,,,10.480499267578125,55.07202148437501,390.869140625,0.07860375,5.2546875,7.093,
0,2,,,10.483360290527344,55.086669921875,392.78320312500006,0.07862406250000001,5.2546875,7.127,
0,2,,,10.483360290527344,55.086669921875,394.70703125000006,0.07862406250000001,5.2546875,7.161,
0,2,,,10.514259338378906,55.25024414062501,396.43554687500006,0.07885625,5.2548828125,7.195,
0,2,,,10.503005981445312,55.1910400390625,398.35937500000006,0.078771875,5.2548828125,7.229,
0,2,,,10.503005981445312,55.1910400390625,400.27343750000006,0.078771875,5.2548828125,7.263,
0,2,,,10.488700866699219,55.11352539062501,402.1875000000001,0.07866468750000001,5.2546875,7.297,
0,2,,,10.488891601562502,55.11901855468751,404.11132812500006,0.07866718750000001,5.2548828125,7.331,
0,2,,,10.488891601562502,55.11901855468751,405.8496093750001,0.07866718750000001,5.2548828125,7.365,
0,2,,,10.525703430175781,55.31127929687501,407.75390625000006,0.07894187500000001,5.2548828125,7.399,
0,2,,,10.518646240234375,55.27465820312501,409.67773437500006,0.07888875000000001,5.255078125000001,7.433,
0,2,,,10.518646240234375,55.27465820312501,411.591796875,0.07888875000000001,5.2544921875,7.467,
0,2,,,10.471916198730469,55.025024414062514,413.330078125,0.07853968750000001,5.2544921875,7.501,
0,2,,,10.486793518066406,55.1055908203125,415.25390625,0.07865000000000001,5.2548828125,7.535,
0,2,,,10.486793518066406,55.1055908203125,417.158203125,0.07885281250000001,5.2548828125,7.569,
0,2,,,10.513687133789064,55.247802734375014,419.0820312500001,0.07885281250000001,5.2548828125,7.603,
0,2,,,10.535430908203125,55.35888671875,420.8203125,0.07901593750000001,5.2544921875,7.636,
0,2,,,10.535430908203125,55.35888671875,422.724609375,0.0787678125,5.2542968750000005,7.67,
0,2,,,10.502433776855469,55.18310546875001,424.6484375000001,0.0787678125,5.2542968750000005,7.704,
0,2,,,10.43701171875,54.841918945312514,426.5625,0.07827687500000001,5.2546875,7.738,
0,2,,,10.43701171875,54.841918945312514,428.30078125000006,0.0789075,5.2544921875,7.772,
0,2,,,10.521125793457031,55.28320312500001,430.224609375,0.0789075,5.2544921875,7.806,
0,2,,,10.52093505859375,55.281982421875,432.12890625,0.07890593750000001,5.2544921875,7.84,
0,2,,,10.52093505859375,55.281982421875,434.052734375,0.07882750000000001,5.2544921875,7.874,
0,2,,,10.510444641113281,55.22705078125,435.95703125,0.07882750000000001,5.2544921875,7.908,
0,2,,,10.497665405273438,55.16174316406251,437.70507812500006,0.07873250000000001,5.2546875,7.942,
0,2,,,10.497665405273438,54.91943359375001,439.60937500000006,0.07838093750000001,5.255078125000001,7.976,
0,2,,,10.450744628906252,54.91943359375001,441.53320312500006,0.07838093750000001,5.255078125000001,8.011,
0,2,,,10.528564453125,55.31982421875001,443.43750000000006,0.07896375000000001,5.2542968750000005,8.045,
0,2,,,10.498619079589844,55.166015625,445.361328125,0.0787396875,5.2546875,8.079,
0,2,,,10.498619079589844,55.166015625,447.09960937500006,0.0787396875,5.2546875,8.113,
0,2,,,10.496902465820314,55.156250000000014,449.0234375,0.07872593750000001,5.2546875,8.147,
0,2,,,10.474586486816408,55.04150390625001,450.927734375,0.07855843750000001,5.2548828125,8.181,
0,2,,,10.474586486816408,55.04150390625001,452.8515625,0.07855843750000001,5.2548828125,8.215,
0,2,,,10.505104064941408,55.19836425781251,454.58007812500006,0.078788125,5.2544921875,8.249,
0,2,,,10.512161254882814,55.24047851562501,456.50390625000006,0.078841875,5.2548828125,8.283,
0,2,,,10.512161254882814,55.24047851562501,458.40820312500006,0.078841875,5.2548828125,8.317,
0,2,,,10.49308776855469,55.14038085937501,460.33203125000006,0.0786978125,5.2548828125,8.351,
0,2,,,10.49461364746094,55.14892578125001,462.07031250000006,0.07871,5.2548828125,8.385,
0,2,,,10.49461364746094,55.14892578125001,463.99414062500006,0.07871,5.2548828125,8.419,
0,2,,,10.510444641113281,55.22949218750001,465.9082031250001,0.07882750000000001,5.2548828125,8.453,
0,2,,,10.510063171386719,55.22949218750001,467.822265625,0.07882593750000001,5.2548828125,8.487,
0,2,,,10.510063171386719,55.22949218750001,469.73632812500006,0.07882593750000001,5.2548828125,8.521,
0,2,,,10.483551025390627,55.086669921875,471.47460937500006,0.07862656250000001,5.2546875,8.555,
0,2,,,10.477256774902344,55.0537109375,473.37890625000006,0.07857875,5.2546875,8.589,
0,2,,,10.477256774902344,55.0537109375,475.30273437500006,0.07857875,5.2546875,8.623,
0,2,,,10.50548553466797,55.20996093750001,477.216796875,0.07879125000000001,5.2552734375000005,8.657,
0,2,,,10.521697998046877,55.28930664062501,478.96484375000006,0.07891250000000001,5.2548828125,8.691,
0,2,,,10.521697998046877,55.28930664062501,480.88867187500006,0.07891250000000001,5.2548828125,8.725,
0,2,,,10.513687133789064,55.25146484375,482.79296875000006,0.0788525,5.2552734375000005,8.759,
0,2,,,10.491561889648438,55.13305664062501,484.72656250000006,0.07868562500000001,5.255078125000001,8.793,
0,2,,,10.491561889648438,55.13305664062501,486.45507812500006,0.07868562500000001,5.255078125000001,8.827,
0,2,,,10.50071716308594,55.18005371093751,488.3691406250001,0.078754375,5.2548828125,8.861,
0,2,,,10.513687133789064,55.25146484375,490.283203125,0.0788521875,5.2552734375000005,8.895,
0,2,,,10.513687133789064,55.25146484375,492.2070312500001,0.0788521875,5.2552734375000005,8.929,
0,2,,,10.49041748046875,55.1263427734375,494.12109375,0.078678125,5.2548828125,8.963,
0,2,,,10.504913330078125,55.19775390625001,495.8691406250001,0.0787865625,5.2544921875,8.997,
0,2,,,10.504913330078125,55.19775390625001,497.77343750000006,0.0787865625,5.2544921875,9.031,
0,2,,,10.501289367675783,55.18310546875001,499.69726562500006,0.07876000000000001,5.2548828125,9.065,
0,2,,,10.52074432373047,55.281982421875,501.6015625000001,0.07890562500000001,5.2544921875,9.099,
0,2,,,10.52074432373047,55.281982421875,503.515625,0.07890562500000001,5.2548828125,9.133,
0,2,,,10.51597595214844,55.25939941406251,505.2636718750001,0.0788690625,5.2548828125,9.167,
0,2,,,10.459136962890625,54.95605468750001,507.1875,0.0784428125,5.2544921875,9.201,
0,2,,,10.459136962890625,54.95605468750001,509.09179687500006,0.07892500000000001,5.255078125000001,9.235,
0,2,,,10.523414611816406,55.30029296875,511.01562500000006,0.07892500000000001,5.255078125000001,9.269,
0,2,,,10.510826110839846,55.23498535156251,512.7539062500001,0.0788309375,5.255078125000001,9.303,
0,2,,,10.510826110839846,55.23498535156251,514.6777343750001,0.0788903125,5.2546875,9.337,
0,2,,,10.518836975097658,55.2734375,516.58203125,0.0788903125,5.2546875,9.371,
0,2,,,10.495376586914062,55.1513671875,518.49609375,0.07871531250000001,5.2548828125,9.405,
0,2,,,10.495376586914062,55.1513671875,520.224609375,0.0781590625,5.2548828125,9.439,
0,2,,,10.421371459960938,54.76257324218751,522.1484375000001,0.0781590625,5.2548828125,9.473,
0,2,,,10.511016845703125,55.22949218750001,524.052734375,0.07883187500000001,5.2544921875,9.507,
0,2,,,10.511016845703125,55.22949218750001,525.9765625,0.07889375000000001,5.254101562500001,9.541,
0,2,,,10.519218444824219,55.26794433593751,527.7050781250001,0.07889375000000001,5.254101562500001,9.575,
0,2,,,10.491180419921877,55.12817382812501,529.62890625,0.07868375000000001,5.2546875,9.608,
0,2,,,10.491180419921877,55.12817382812501,531.5429687500001,0.0786890625,5.2546875,9.642,
0,2,,,10.491943359375,55.13122558593751,533.4570312500001,0.0786890625,5.2546875,9.676,
0,2,,,10.48698425292969,55.10986328125001,535.1953125000001,0.0786528125,5.255078125000001,9.71,
0,2,,,10.521316528320314,55.28381347656251,537.1191406250001,0.0789096875,5.2544921875,9.744,
0,2,,,10.521316528320314,55.28381347656251,539.0234375,0.0789096875,5.2544921875,9.778,
0,2,,,10.503959655761719,55.192871093750014,540.9472656250001,0.07877906250000001,5.2544921875,9.812,
0,2,,,10.49461364746094,55.1446533203125,542.685546875,0.0787084375,5.2546875,9.846,
0,2,,,10.49461364746094,55.1446533203125,544.5996093750001,0.0787084375,5.2546875,9.88,
0,2,,,10.496902465820314,55.15502929687501,546.5234375000001,0.07872593750000001,5.2544921875,9.914,
0,2,,,10.526657104492188,55.3131103515625,548.4375,0.0789490625,5.2546875,9.948,
0,2,,,10.526657104492188,55.3131103515625,550.3417968750001,0.0789490625,5.2546875,9.982,
0,2,,,10.506820678710938,55.2117919921875,552.08984375,0.07880125,5.2548828125,10.016,
0,2,,,10.480117797851562,55.0714111328125,554.0039062500001,0.0786003125,5.2548828125,10.05,
0,2,,,10.480117797851562,55.0714111328125,555.9179687500001,0.0786003125,5.2548828125,10.084,
0,2,,,10.488319396972658,55.110473632812514,557.841796875,0.07866125,5.2544921875,10.119,
0,2,,,10.522079467773438,55.29296875000001,559.755859375,0.07891468750000001,5.255078125000001,10.153,
0,2,,,10.522079467773438,55.29296875000001,561.50390625,0.07891468750000001,5.255078125000001,10.187,
0,2,,,10.531425476074219,55.3338623046875,563.41796875,0.07898468750000001,5.2542968750000005,10.22,
0,2,,,10.494041442871096,55.1422119140625,565.33203125,0.07870468750000001,5.2546875,10.255,
0,2,,,10.494041442871096,55.1422119140625,567.24609375,0.07870468750000001,5.2546875,10.288,
0,2,,,10.493659973144533,55.13977050781251,568.994140625,0.078701875,5.2546875,10.322,
0,2,,,10.53123474121094,55.3399658203125,570.908203125,0.0789834375,5.2548828125,10.356,
0,2,,,10.53123474121094,55.3399658203125,572.83203125,0.0789834375,5.2548828125,10.39,
0,2,,,10.50834655761719,55.218505859375,574.7363281250001,0.0788121875,5.2546875,10.424,
0,2,,,10.491561889648438,55.1300048828125,576.494140625,0.07868562500000001,5.2546875,10.458,
0,2,,,10.491561889648438,55.1300048828125,578.3984375000001,0.07868562500000001,5.2546875,10.492,
0,2,,,10.483741760253906,55.08544921875001,580.3125000000001,0.07862812500000001,5.2542968750000005,10.526,
0,2,,,10.501670837402346,55.181884765625,582.216796875,0.0787628125,5.2546875,10.56,
0,2,,,10.501670837402346,55.181884765625,583.96484375,0.0787628125,5.2546875,10.594,
0,2,,,10.510826110839846,55.2276611328125,585.8691406250001,0.0788309375,5.2542968750000005,10.628,
0,2,,,10.469436645507812,55.0103759765625,587.8027343750001,0.07852,5.2544921875,10.662,
0,2,,,10.469436645507812,55.0103759765625,589.70703125,0.07852,5.2544921875,10.696,
0,2,,,10.495948791503908,55.15380859375,591.455078125,0.0787190625,5.2548828125,10.73,
0,2,,,10.515403747558594,55.25268554687501,593.369140625,0.078865,5.2544921875,10.764,
0,2,,,10.515403747558594,55.25268554687501,595.283203125,0.078865,5.2544921875,10.798,
0,2,,,10.543251037597658,55.40832519531251,597.1972656250001,0.0790746875,5.2552734375000005,10.832,
0,2,,,10.522079467773438,55.29296875000001,599.12109375,0.0789159375,5.2548828125,10.866,
0,2,,,10.522079467773438,55.29296875000001,600.8496093750001,0.0789159375,5.2546875,10.9,
0,2,,,10.437965393066406,54.84680175781251,602.7734375000001,0.07828375000000001,5.2546875,10.934,
0,2,,,10.516738891601562,55.264892578125,604.6875,0.0788753125,5.2548828125,10.968,
0,2,,,10.516738891601562,55.264892578125,606.6015625000001,0.0788753125,5.2548828125,11.002,
0,2,,,10.516929626464846,55.2642822265625,608.33984375,0.07887656250000001,5.2548828125,11.036,
0,2,,,10.507392883300783,55.21301269531251,610.2539062500001,0.0788053125,5.2546875,11.07,
0,2,,,10.507392883300783,55.21301269531251,612.158203125,0.078655,5.2546875,11.104,
0,2,,,10.487365722656252,55.10742187500001,614.091796875,0.078655,5.2546875,11.138,
0,2,,,10.464286804199219,54.990234375,615.9960937500001,0.0784815625,5.255078125000001,11.172,
0,2,,,10.464286804199219,54.990234375,617.7441406250001,0.0790284375,5.2548828125,11.206,
0,2,,,10.537147521972656,55.3717041015625,619.6582031250001,0.0790284375,5.2548828125,11.24,
0,2,,,10.515022277832033,55.25878906250001,621.5722656250001,0.0788625,5.2552734375000005,11.274,
0,2,,,10.515022277832033,55.25878906250001,623.49609375,0.07865000000000001,5.2546875,11.308,
0,2,,,10.486793518066406,55.10437011718751,625.224609375,0.07865000000000001,5.2546875,11.342,
0,2,,,10.469818115234377,55.01953125,627.138671875,0.0785234375,5.255078125000001,11.376,
0,2,,,10.469818115234377,55.20507812500001,629.0625000000001,0.07880062500000001,5.2542968750000005,11.41,
0,2,,,10.506820678710938,55.20507812500001,630.9667968750001,0.07880062500000001,5.2542968750000005,11.444,
0,2,,,10.521507263183594,55.2850341796875,632.7148437500001,0.07891000000000001,5.2544921875,11.478,
0,2,,,10.500526428222656,55.16967773437501,634.6386718750001,0.07875375000000001,5.25390625,11.512,
0,2,,,10.500526428222656,55.16967773437501,636.5429687500001,0.07875375000000001,5.25390625,11.546,
0,2,,,10.474014282226564,55.03906250000001,638.4667968750001,0.07855406250000001,5.2548828125,11.58,
0,2,,,10.498619079589844,55.17395019531251,640.3710937500001,0.078739375,5.2552734375000005,11.614,
0,2,,,10.498619079589844,55.17395019531251,642.1093750000001,0.078739375,5.2552734375000005,11.648,
0,2,,,10.519218444824219,55.27526855468751,644.0234375,0.07889343750000001,5.2546875,11.682,
0,2,,,10.490798950195314,55.12390136718751,645.947265625,0.07868125000000001,5.2544921875,11.716,
0,2,,,10.490798950195314,55.12390136718751,647.8613281250001,0.07868125000000001,5.2544921875,11.75,
0,2,,,10.486602783203125,55.10864257812501,649.609375,0.07864937500000001,5.255078125000001,11.784,
0,2,,,10.506629943847656,55.21057128906251,651.5136718750001,0.078799375,5.2548828125,11.818,
0,2,,,10.506629943847656,55.21057128906251,653.4375000000001,0.078799375,5.2548828125,11.852,
0,2,,,10.518455505371096,55.269165039062514,655.3417968750001,0.0788884375,5.2544921875,11.886,
0,2,,,10.485076904296877,55.09338378906251,657.0898437500001,0.07863718750000001,5.2544921875,11.92,
0,2,,,10.485076904296877,55.09338378906251,659.0039062500001,0.07863718750000001,5.2544921875,11.954,
0,2,,,10.491943359375,55.12817382812501,660.9277343750001,0.07868968750000001,5.2542968750000005,11.987,
0,2,,,10.500907897949219,55.18066406250001,662.8320312500001,0.078756875,5.2548828125,12.021,
0,2,,,10.500907897949219,55.18066406250001,664.5800781250001,0.078756875,5.2548828125,12.055,
0,2,,,10.500526428222656,55.18310546875001,666.484375,0.07875375000000001,5.2552734375000005,12.089,
0,2,,,10.473060607910158,55.03234863281251,668.408203125,0.07854812500000001,5.2546875,12.123,
0,2,,,10.473060607910158,55.03234863281251,670.3125000000001,0.07854812500000001,5.2546875,12.157,
0,2,,,10.5010986328125,55.18005371093751,672.060546875,0.0787584375,5.2546875,12.191,
0,2,,,10.5010986328125,55.18310546875001,673.9648437500001,0.0787571875,5.255078125000001,12.226,
0,2,,,10.5010986328125,55.18310546875001,675.8984375000001,0.0787571875,5.255078125000001,12.26,
0,2,,,10.533332824707031,55.3497314453125,677.8027343750001,0.07899906250000001,5.2546875,12.294,
0,2,,,10.517311096191406,55.2642822265625,679.7265625000001,0.07888,5.2546875,12.328,
0,2,,,10.517311096191406,55.2642822265625,681.4648437500001,0.07888,5.2546875,12.362,
0,2,,,10.457420349121096,54.94995117187501,683.3886718750001,0.07843,5.2546875,12.396,
0,2,,,10.498619079589844,55.16967773437501,685.2929687500001,0.07873875000000001,5.255078125000001,12.43,
0,2,,,10.498619079589844,55.16967773437501,687.20703125,0.07873875000000001,5.255078125000001,12.464,
0,2,,,10.516357421875,55.2606201171875,689.1210937500001,0.0788728125,5.2546875,12.498,
0,2,,,10.513687133789064,55.24597167968751,690.859375,0.078851875,5.2546875,12.532,
0,2,,,10.513687133789064,55.24597167968751,692.7734375000001,0.078851875,5.2546875,12.566,
0,2,,,10.504341125488281,55.202026367187514,694.6875000000001,0.07878281250000001,5.2552734375000005,12.6,
0,2,,,10.43357849121094,54.8223876953125,696.6015625000001,0.07825125000000001,5.2544921875,12.633,
0,2,,,10.43357849121094,54.8223876953125,698.33984375,0.07825125000000001,5.255078125000001,12.667,
0,2,,,10.512924194335938,55.24658203125001,700.2636718750001,0.07884687500000001,5.255078125000001,12.701,
0,2,,,10.516929626464846,55.26123046875001,702.1679687500001,0.0788775,5.2544921875,12.735,
0,2,,,10.516929626464846,55.26123046875001,704.08203125,0.0786271875,5.2548828125,12.769,
0,2,,,10.483741760253906,55.0897216796875,705.8203125000001,0.0786271875,5.2548828125,12.803,
0,2,,,10.49308776855469,55.1324462890625,707.7343750000001,0.0786971875,5.2542968750000005,12.837,
0,2,,,10.49308776855469,55.1324462890625,709.6484375000001,0.0784871875,5.2546875,12.871,
0,2,,,10.465049743652346,54.99084472656251,711.5722656250001,0.0784871875,5.2546875,12.905,
0,2,,,10.554885864257812,55.46081542968751,713.3105468750001,0.0791609375,5.2544921875,12.939,
0,2,,,10.554885864257812,55.46081542968751,715.2343750000001,0.07876406250000001,5.2544921875,12.973,
0,2,,,10.501861572265625,55.18066406250001,717.138671875,0.07876406250000001,5.2544921875,13.007,
0,2,,,10.487747192382812,55.11291503906251,719.0625000000001,0.07865812500000001,5.2548828125,13.041,
0,2,,,10.487747192382812,55.11291503906251,720.7910156250001,0.078615,5.2542968750000005,13.075,
0,2,,,10.482025146484375,55.07629394531251,722.7148437500001,0.078615,5.2542968750000005,13.109,
0,2,,,10.510253906250002,55.2301025390625,724.6191406250001,0.0788271875,5.2548828125,13.143,
0,2,,,10.510253906250002,55.2301025390625,726.54296875,0.07876875000000001,5.2546875,13.177,
0,2,,,10.502624511718752,55.1873779296875,728.4472656250001,0.07876875000000001,5.2546875,13.211,
0,2,,,10.482406616210938,55.08300781250001,730.1953125000001,0.07861843750000001,5.2548828125,13.245,
0,2,,,10.480499267578125,55.07629394531251,732.1093750000001,0.0786040625,5.255078125000001,13.28,
0,2,,,10.480499267578125,55.07629394531251,734.0332031250001,0.0786040625,5.255078125000001,13.314,
0,2,,,10.52360534667969,55.29907226562501,735.9375,0.07892687500000001,5.2548828125,13.348,
0,2,,,10.50548553466797,55.20141601562501,737.8613281250001,0.0787903125,5.2546875,13.382,
0,2,,,10.50548553466797,55.20141601562501,739.5898437500001,0.0787903125,5.2546875,13.416,
0,2,,,10.483551025390627,55.09094238281251,741.5136718750001,0.0786271875,5.255078125000001,13.45,
0,2,,,10.488128662109375,55.11596679687501,743.4179687500001,0.07866031250000001,5.255078125000001,13.484,
0,2,,,10.488128662109375,55.11596679687501,745.341796875,0.07866031250000001,5.255078125000001,13.518,
0,2,,,10.503578186035158,55.19409179687501,747.0800781250001,0.07877656250000001,5.2548828125,13.552,
0,2,,,10.526657104492188,55.314941406250014,749.00390625,0.078949375,5.2548828125,13.586,
0,2,,,10.526657104492188,55.314941406250014,750.91796875,0.078949375,5.2548828125,13.62,
0,2,,,10.480499267578125,55.07324218750001,752.8320312500001,0.07860343750000001,5.2548828125,13.654,
0,2,,,10.483551025390627,55.08300781250001,754.736328125,0.0786259375,5.2542968750000005,13.688,
0,2,,,10.483551025390627,55.08300781250001,756.4941406250001,0.0786259375,5.2542968750000005,13.722,
0,2,,,10.519790649414064,55.27587890625,758.3984375,0.07889781250000001,5.2544921875,13.756,
0,2,,,10.532569885253906,55.3436279296875,760.3222656250001,0.078994375,5.2544921875,13.79,
0,2,,,10.532569885253906,55.3436279296875,762.2265625000001,0.078994375,5.2544921875,13.824,
0,2,,,10.449600219726562,54.91149902343751,763.9746093750001,0.07837125,5.2548828125,13.858,
0,2,,,10.510063171386719,55.22705078125,765.8984375000001,0.078825,5.2546875,13.892,
0,2,,,10.510063171386719,55.22705078125,767.8125000000001,0.078825,5.2546875,13.925,
0,2,,,10.5224609375,55.2972412109375,769.716796875,0.0789178125,5.2552734375000005,13.959,
0,2,,,10.524940490722656,55.30700683593751,771.46484375,0.0789371875,5.2548828125,13.993,
0,2,,,10.524940490722656,55.30700683593751,773.37890625,0.0789371875,5.2548828125,14.027,
0,2,,,10.510063171386719,55.22827148437501,775.2929687500001,0.0788246875,5.2548828125,14.061,
0,2,,,10.450553894042969,54.918212890625014,777.2167968750001,0.07837875000000001,5.255078125000001,14.095,
0,2,,,10.450553894042969,54.918212890625014,778.9453125000001,0.07837875000000001,5.255078125000001,14.129,
0,2,,,10.509490966796875,55.223388671875014,780.8691406250001,0.078820625,5.2546875,14.163,
0,2,,,10.512733459472658,55.247802734375014,782.7734375000001,0.078845625,5.2552734375000005,14.197,
0,2,,,10.512733459472658,55.247802734375014,784.6875000000001,0.078845625,5.2552734375000005,14.231,
0,2,,,10.507774353027344,55.21362304687501,786.6015625,0.0788078125,5.2546875,14.265,
0,2,,,10.488700866699219,55.116577148437514,788.3496093750001,0.07866468750000001,5.2548828125,14.299,
0,2,,,10.488700866699219,55.116577148437514,790.263671875,0.07866468750000001,5.2552734375000005,14.334,
0,2,,,10.482025146484375,55.08483886718751,792.1875,0.0786146875,5.2552734375000005,14.368,
0,2,,,10.518646240234375,55.2728271484375,794.0917968750001,0.0788896875,5.2548828125,14.402,
0,2,,,10.518646240234375,55.2728271484375,796.0156250000001,0.0788896875,5.2552734375000005,14.436,
0,2,,,10.497665405273438,55.1666259765625,797.7441406250001,0.078731875,5.2552734375000005,14.47,
0,2,,,10.52513122558594,55.308837890625014,799.6679687500001,0.07893812500000001,5.2548828125,14.504,
0,2,,,10.52513122558594,55.308837890625014,801.5820312500001,0.07864593750000001,5.2552734375000005,14.538,
0,2,,,10.486221313476562,55.10681152343751,803.505859375,0.07864593750000001,5.2552734375000005,14.572,
0,2,,,10.512733459472658,55.2490234375,805.2441406250001,0.0788459375,5.25546875,14.606,
0,2,,,10.512733459472658,55.2490234375,807.16796875,0.07881531250000001,5.2544921875,14.64,
0,2,,,10.50872802734375,55.217285156250014,809.072265625,0.07881531250000001,5.2544921875,14.674,
0,2,,,10.49022674560547,55.12817382812501,810.99609375,0.0786765625,5.2552734375000005,14.707,
0,2,,,10.49022674560547,55.12817382812501,812.7246093750001,0.07862187500000001,5.2548828125,14.741,
0,2,,,10.482978820800781,55.086669921875,814.6484375,0.07862187500000001,5.2548828125,14.775,
0,2,,,10.498428344726564,55.166015625,816.5527343750001,0.0787378125,5.2546875,14.809,
0,2,,,10.498428344726564,55.166015625,818.4765625000001,0.07888312500000001,5.2542968750000005,14.843,
0,2,,,10.517883300781252,55.263671875,820.205078125,0.07888312500000001,5.2542968750000005,14.877,
0,2,,,10.481452941894531,55.07385253906251,822.1289062500001,0.0786103125,5.2544921875,14.911,
0,2,,,10.481452941894531,55.07385253906251,824.0429687500001,0.07879875,5.2542968750000005,14.945,
0,2,,,10.506439208984377,55.20446777343751,825.966796875,0.07879875,5.2542968750000005,14.979,
0,2,,,10.496902465820314,55.1605224609375,827.7050781250001,0.0787271875,5.2548828125,15.013,
0,2,,,10.516929626464846,55.2667236328125,829.6191406250002,0.0788759375,5.255078125000001,15.047,
0,2,,,10.516929626464846,55.2667236328125,831.5234375000001,0.0788759375,5.255078125000001,15.081,
0,2,,,10.487174987792969,55.10742187500001,833.447265625,0.0786534375,5.2546875,15.115,
0,2,,,10.490989685058594,55.12268066406251,835.3613281250001,0.0786821875,5.2542968750000005,15.149,
0,2,,,10.490989685058594,55.12268066406251,837.109375,0.0786821875,5.2542968750000005,15.183,
0,2,,,10.498809814453127,55.16357421875001,839.0136718750001,0.07874125000000001,5.2542968750000005,15.217,
0,2,,,10.515785217285156,55.25695800781251,840.9375000000001,0.0788671875,5.2546875,15.251,
0,2,,,10.515785217285156,55.25695800781251,842.8515625000001,0.0788671875,5.2546875,15.285,
0,2,,,10.483932495117188,55.09155273437501,844.5898437500001,0.07862875000000001,5.2548828125,15.319,
0,2,,,10.476875305175783,55.05432128906251,846.4941406250001,0.078576875,5.2548828125,15.353,
0,2,,,10.476875305175783,55.05432128906251,848.4179687500002,0.078576875,5.2548828125,15.387,
0,2,,,10.504913330078125,55.20507812500001,850.33203125,0.078786875,5.2552734375000005,15.421,
0,2,,,10.525703430175781,55.31127929687501,852.24609375,0.07894250000000001,5.2548828125,15.455,
0,2,,,10.525703430175781,55.31127929687501,853.994140625,0.07894250000000001,5.2548828125,15.489,
0,2,,,10.527038574218752,55.31799316406251,855.908203125,0.07895250000000001,5.2548828125,15.523,
0,2,,,10.453224182128906,54.93408203125,857.8320312500001,0.07839968750000001,5.2552734375000005,15.557,
0,2,,,10.453224182128906,54.93408203125,859.7363281250001,0.07839968750000001,5.2552734375000005,15.591,
0,2,,,10.510444641113281,55.22705078125,861.4746093750001,0.07882781250000001,5.2544921875,15.625,
0,2,,,10.511016845703125,55.23498535156251,863.3886718750001,0.07883187500000001,5.255078125000001,15.659,
0,2,,,10.511016845703125,55.23498535156251,865.3027343750001,0.07883187500000001,5.255078125000001,15.693,
0,2,,,10.521507263183594,55.28564453125001,867.2167968750002,0.0789115625,5.2544921875,15.727,
0,2,,,10.509109497070312,55.2215576171875,868.9746093750001,0.07881718750000001,5.2546875,15.761,
0,2,,,10.509109497070312,55.2215576171875,870.8789062500002,0.07881718750000001,5.2546875,15.795,
0,2,,,10.460472106933594,54.96643066406251,872.802734375,0.07845250000000001,5.2546875,15.829,
0,2,,,10.52227020263672,55.2972412109375,874.70703125,0.07891718750000001,5.2552734375000005,15.863,
0,2,,,10.52227020263672,55.2972412109375,876.455078125,0.07891718750000001,5.2552734375000005,15.897,
0,2,,,10.542488098144531,55.401611328125,878.369140625,0.07906875000000001,5.255078125000001,15.931,
0,2,,,10.522651672363283,55.293579101562514,880.3027343750002,0.0789196875,5.2546875,15.964,
0,2,,,10.522651672363283,55.293579101562514,882.2070312500001,0.0789196875,5.2546875,15.998,
0,2,,,10.484886169433594,55.0958251953125,883.9550781250001,0.07863625,5.2548828125,16.032,
0,2,,,10.478782653808596,55.06713867187501,885.8593750000001,0.07859093750000001,5.255078125000001,16.066,
0,2,,,10.478782653808596,55.06713867187501,887.79296875,0.07859093750000001,5.2548828125,16.101,
0,2,,,10.52989959716797,55.3338623046875,889.6972656250001,0.07897406250000001,5.2548828125,16.135,
0,2,,,10.510635375976562,55.2301025390625,891.6210937500001,0.07882937500000001,5.2546875,16.169,
0,2,,,10.510635375976562,55.2301025390625,893.349609375,0.07882937500000001,5.2542968750000005,16.203,
0,2,,,10.48412322998047,55.086059570312514,895.2734375000001,0.07863125,5.2542968750000005,16.237,
0,2,,,10.486793518066406,55.1055908203125,897.177734375,0.0786503125,5.2548828125,16.27,
0,2,,,10.486793518066406,55.1055908203125,899.1015625000002,0.07889968750000001,5.2544921875,16.304,
0,2,,,10.519981384277344,55.27709960937501,900.83984375,0.07889968750000001,5.2544921875,16.338,
0,2,,,10.523223876953127,55.294189453125,902.7636718750002,0.0789240625,5.2544921875,16.372,
0,2,,,10.523223876953127,55.294189453125,904.677734375,0.078755,5.2548828125,16.406,
0,2,,,10.50071716308594,55.17944335937501,906.6015625000001,0.078755,5.2548828125,16.441,
0,2,,,10.48259735107422,55.08789062500001,908.5156250000001,0.07861843750000001,5.2552734375000005,16.475,
0,2,,,10.48259735107422,55.08789062500001,910.25390625,0.0789303125,5.2548828125,16.509,
0,2,,,10.524177551269533,55.30212402343751,912.1582031250001,0.0789303125,5.2548828125,16.543,
0,2,,,10.496139526367188,55.15197753906251,914.0820312500001,0.0787203125,5.2544921875,16.577,
0,2,,,10.496139526367188,55.15197753906251,915.9960937500001,0.07856,5.2548828125,16.611,
0,2,,,10.474777221679688,55.04211425781251,917.7343750000001,0.07856,5.2548828125,16.645,
0,2,,,10.490036010742188,55.12268066406251,919.6582031250001,0.0786746875,5.2548828125,16.679,
0,2,,,10.490036010742188,55.12268066406251,921.5625000000002,0.07883812500000001,5.2548828125,16.713,
0,2,,,10.511779785156252,55.23803710937501,923.4863281250001,0.07883812500000001,5.2548828125,16.747,
0,2,,,10.492515563964844,55.13671875000001,925.2148437500001,0.078693125,5.2548828125,16.781,
0,2,,,10.496711730957031,55.15441894531251,927.1289062500001,0.078725,5.2544921875,16.814,
0,2,,,10.496711730957031,55.15441894531251,929.052734375,0.078725,5.2544921875,16.848,
0,2,,,10.496902465820314,55.16174316406251,930.9667968750001,0.078726875,5.255078125000001,16.882,
0,2,,,10.504722595214844,55.1995849609375,932.705078125,0.07878562500000001,5.2546875,16.916,
0,2,,,10.504722595214844,55.1995849609375,934.6289062500001,0.07878562500000001,5.2546875,16.95,
0,2,,,10.527801513671875,55.32043457031251,936.5332031250001,0.07895875000000001,5.2546875,16.984,
0,2,,,10.471343994140625,55.0164794921875,938.4570312500001,0.078534375,5.254101562500001,17.018,
0,2,,,10.471343994140625,55.0164794921875,940.3613281250002,0.078534375,5.254101562500001,17.052,
0,2,,,10.488128662109375,55.111083984375,942.1093750000001,0.07866031250000001,5.2546875,17.086,
0,2,,,10.516548156738283,55.25634765625001,944.0234375000002,0.0788734375,5.2542968750000005,17.12,
0,2,,,10.516548156738283,55.25634765625001,945.9472656250001,0.0788734375,5.2542968750000005,17.154,
0,2,,,10.534095764160158,55.354614257812514,947.8515625,0.079005,5.2548828125,17.188,
0,2,,,10.50834655761719,55.21423339843751,949.599609375,0.0788121875,5.2542968750000005,17.222,
0,2,,,10.50834655761719,55.21423339843751,951.50390625,0.0788121875,5.2542968750000005,17.256,
0,2,,,10.437774658203127,54.84619140625,953.4277343750001,0.07828343750000001,5.2544921875,17.29,
0,2,,,10.514450073242188,55.25939941406251,955.3417968750001,0.07885781250000001,5.2556640625,17.324,
0,2,,,10.514450073242188,55.25939941406251,957.0800781250001,0.07885781250000001,5.2556640625,17.358,
0,2,,,10.526657104492188,55.31127929687501,958.9941406250001,0.0789490625,5.2544921875,17.392,
0,2,,,10.515022277832033,55.25268554687501,960.9179687500001,0.0788628125,5.2546875,17.426,
0,2,,,10.515022277832033,55.25268554687501,962.8222656250002,0.0788628125,5.2546875,17.46,
0,2,,,10.497283935546875,55.16113281250001,964.7460937500001,0.07872875,5.2548828125,17.494,
0,2,,,10.47172546386719,55.025634765625,966.4843750000002,0.07853781250000001,5.2546875,17.528,
0,2,,,10.47172546386719,55.025634765625,968.4082031250001,0.07853781250000001,5.2546875,17.562,
0,2,,,10.519027709960938,55.27648925781251,970.3125,0.0788928125,5.2548828125,17.596,
0,2,,,10.51464080810547,55.25085449218751,972.2265625000001,0.07886,5.2546875,17.63,
0,2,,,10.51464080810547,55.25085449218751,973.9648437500001,0.07886,5.2546875,17.664,
0,2,,,10.484886169433594,55.09399414062501,975.8886718750001,0.0786365625,5.2546875,17.698,
0,2,,,10.474586486816408,55.0408935546875,977.7929687500001,0.0785596875,5.2546875,17.732,
0,2,,,10.474586486816408,55.0408935546875,979.7167968750001,0.0785596875,5.2546875,17.766,
0,2,,,10.510063171386719,55.22827148437501,981.6308593750001,0.07882531250000001,5.2548828125,17.8,
0,2,,,10.514259338378906,55.25146484375,983.3691406250001,0.0788565625,5.2548828125,17.834,
0,2,,,10.514259338378906,55.25146484375,985.2832031250002,0.0788565625,5.2542968750000005,17.868,
0,2,,,10.4705810546875,55.01464843750001,987.1972656250002,0.07852875000000001,5.2542968750000005,17.902,
0,2,,,10.48431396484375,55.09155273437501,989.1015625000001,0.078631875,5.2546875,17.936,
0,2,,,10.48431396484375,55.09155273437501,990.8496093750001,0.078631875,5.2546875,17.97,
0,2,,,10.502815246582031,55.18920898437501,992.7636718750001,0.07877125,5.2546875,18.004,
0,2,,,10.53600311279297,55.36560058593751,994.6875000000001,0.07902,5.2548828125,18.038,
0,2,,,10.53600311279297,55.36560058593751,996.6015625000001,0.0786715625,5.2546875,18.072,
0,3,,,8.18614959716797,43.0499267578125,0.5664062500000001,0.06139531250000001,5.258984375000001,0.02,
0,3,,,8.495903015136719,44.67041015625001,2.12890625,0.0637190625,5.258007812500001,0.054,
0,3,,,8.495903015136719,44.67041015625001,3.701171875,0.06423437500000001,5.2582031250000005,0.088,
0,3,,,8.564567565917969,45.0335693359375,5.117187500000001,0.06423437500000001,5.2582031250000005,0.122,
0,3,,,8.572196960449219,45.06958007812501,6.679687500000001,0.064290625,5.2578125,0.156,
0,3,,,8.572196960449219,45.06958007812501,8.251953125000002,0.06433375000000001,5.2582031250000005,0.19,
0,3,,,8.577919006347656,45.10314941406251,9.814453125,0.06433375000000001,5.2582031250000005,0.224,
0,3,,,8.557128906250002,44.9945068359375,11.376953125,0.06417875,5.2582031250000005,0.258,
0,3,,,8.557128906250002,44.9945068359375,12.792968750000002,0.064156875,5.25859375,0.292,
0,3,,,8.554267883300783,44.98229980468751,14.365234375,0.064156875,5.25859375,0.326,
0,3,,,8.596229553222658,45.19836425781251,15.927734375000002,0.06447125000000001,5.258007812500001,0.36,
0,3,,,8.596229553222658,45.19836425781251,17.5,0.06448656250000001,5.2582031250000005,0.394,
0,3,,,8.59832763671875,45.2105712890625,18.916015625000004,0.06448656250000001,5.2582031250000005,0.428,
0,3,,,8.563995361328125,45.02929687500001,20.478515625000004,0.0642290625,5.258007812500001,0.463,
0,3,,,8.548164367675781,44.94812011718751,22.041015625000004,0.06411156250000001,5.2582031250000005,0.497,
0,3,,,8.548164367675781,44.94812011718751,23.603515625,0.06411156250000001,5.2582031250000005,0.531,
0,3,,,8.553886413574219,44.97558593750001,25.166015625,0.06415406250000001,5.258007812500001,0.565,
0,3,,,8.593940734863281,45.18981933593751,26.591796875000004,0.06445468750000001,5.2583984375,0.599,
0,3,,,8.593940734863281,45.18981933593751,28.14453125,0.06445468750000001,5.2583984375,0.633,
0,3,,,8.571815490722656,45.07263183593751,29.726562500000004,0.0642878125,5.2583984375,0.667,
0,3,,,8.562278747558594,45.02380371093751,31.279296875,0.06421750000000001,5.2583984375,0.701,
0,3,,,8.562278747558594,45.02380371093751,32.71484375,0.06421750000000001,5.2583984375,0.735,
0,3,,,8.565139770507812,45.0347900390625,34.267578125,0.06423843750000001,5.258007812500001,0.769,
0,3,,,8.580398559570312,45.1165771484375,35.83007812500001,0.06435312500000001,5.2582031250000005,0.803,
0,3,,,8.580398559570312,45.1165771484375,37.40234375000001,0.06435312500000001,5.2582031250000005,0.837,
0,3,,,8.55560302734375,44.98596191406251,38.96484375000001,0.0641675,5.258007812500001,0.871,
0,3,,,8.592796325683594,45.18371582031251,40.39062500000001,0.06444625000000001,5.2583984375,0.905,
0,3,,,8.592796325683594,45.18371582031251,41.95312500000001,0.06444625000000001,5.2583984375,0.939,
0,3,,,8.560943603515627,45.01708984375001,43.515625,0.06420687500000001,5.2583984375,0.973,
0,3,,,8.5601806640625,45.01281738281251,45.07812500000001,0.0642009375,5.2583984375,1.007,
0,3,,,8.5601806640625,45.01281738281251,46.49414062500001,0.0642009375,5.2583984375,1.041,
0,3,,,8.573532104492188,45.07873535156251,48.05664062500001,0.064300625,5.258007812500001,1.075,
0,3,,,8.557891845703125,45.00000000000001,49.619140625,0.06418343750000001,5.2583984375,1.109,
0,3,,,8.557891845703125,45.00000000000001,51.19140625000001,0.06418343750000001,5.2583984375,1.143,
0,3,,,8.571243286132812,45.06774902343751,52.75390625000001,0.06428500000000001,5.258007812500001,1.177,
0,3,,,8.584022521972656,45.13854980468751,54.16992187500001,0.0643796875,5.2583984375,1.211,
0,3,,,8.584022521972656,45.13854980468751,55.742187500000014,0.0643796875,5.2583984375,1.245,
0,3,,,8.568763732910156,45.05859375000001,57.29492187500001,0.06426593750000001,5.2583984375,1.279,
0,3,,,8.546638488769533,44.93896484375001,58.86718750000001,0.0641003125,5.258007812500001,1.313,
0,3,,,8.546638488769533,44.93896484375001,60.283203125000014,0.0641003125,5.258007812500001,1.347,
0,3,,,8.560943603515627,45.01525878906251,61.85546875000001,0.06420687500000001,5.2582031250000005,1.381,
0,3,,,8.601951599121096,45.23132324218751,63.417968750000014,0.064514375,5.2583984375,1.415,
0,3,,,8.601951599121096,45.23132324218751,64.98046875,0.064514375,5.2583984375,1.449,
0,3,,,8.58573913574219,45.1483154296875,66.40625,0.0643925,5.25859375,1.483,
0,3,,,8.589553833007814,45.16418457031251,67.978515625,0.06442093750000001,5.2582031250000005,1.517,
0,3,,,8.589553833007814,45.16418457031251,69.54101562500001,0.06442093750000001,5.2583984375,1.551,
0,3,,,8.555030822753906,44.98535156250001,71.103515625,0.0641628125,5.2583984375,1.585,
0,3,,,8.582305908203125,45.1251220703125,72.66601562500001,0.06436750000000001,5.258007812500001,1.619,
0,3,,,8.582305908203125,45.1251220703125,74.23828125000001,0.06436750000000001,5.2583984375,1.653,
0,3,,,8.580207824707031,45.11840820312501,75.65429687500001,0.064351875,5.2583984375,1.687,
0,3,,,8.550262451171875,44.95971679687501,77.21679687500001,0.064126875,5.2583984375,1.721,
0,3,,,8.550262451171875,44.95971679687501,78.77929687500001,0.0642696875,5.2576171875,1.756,
0,3,,,8.5693359375,45.05432128906251,80.34179687500001,0.0642696875,5.2576171875,1.789,
0,3,,,8.56761932373047,45.04943847656251,81.76757812500001,0.06425625,5.2582031250000005,1.824,
0,3,,,8.56761932373047,45.04943847656251,83.33984375000001,0.06443562500000001,5.258007812500001,1.857,
0,3,,,8.591461181640627,45.17456054687501,84.90234375000001,0.06443562500000001,5.258007812500001,1.891,
0,3,,,8.55560302734375,44.99206542968751,86.46484375000001,0.06416656250000001,5.2587890625,1.925,
0,3,,,8.55560302734375,44.99206542968751,88.037109375,0.0645484375,5.2583984375,1.959,
0,3,,,8.606529235839844,45.25573730468751,89.45312500000001,0.0645484375,5.2583984375,1.993,
0,3,,,8.552169799804688,44.97131347656251,91.00585937500001,0.0641415625,5.25859375,2.027,
0,3,,,8.552169799804688,44.97131347656251,92.57812500000001,0.06425937500000001,5.258007812500001,2.061,
0,3,,,8.568000793457031,45.050048828125,94.140625,0.06425937500000001,5.258007812500001,2.095,
0,3,,,8.585929870605469,45.14099121093751,95.56640625000001,0.064394375,5.2576171875,2.129,
0,3,,,8.570098876953125,45.06225585937501,97.12890625000001,0.064275,5.2582031250000005,2.163,
0,3,,,8.570098876953125,45.06225585937501,98.70117187500001,0.064275,5.2582031250000005,2.197,
0,3,,,8.553314208984377,44.97314453125001,100.26367187500001,0.0641490625,5.258007812500001,2.231,
0,3,,,8.580017089843752,45.1177978515625,101.6796875,0.0643503125,5.2583984375,2.265,
0,3,,,8.580017089843752,45.1177978515625,103.251953125,0.0643503125,5.2583984375,2.299,
0,3,,,8.599853515625,45.22155761718751,104.814453125,0.0644984375,5.25859375,2.333,
0,3,,,8.556175231933596,44.98840332031251,106.376953125,0.06417093750000001,5.258007812500001,2.367,
0,3,,,8.556175231933596,44.98840332031251,107.80273437500001,0.06417093750000001,5.258007812500001,2.401,
0,3,,,8.556938171386719,44.99267578125001,109.36523437500001,0.06417718750000001,5.258007812500001,2.435,
0,3,,,8.596038818359375,45.19775390625001,110.92773437500001,0.06446968750000001,5.258007812500001,2.469,
0,3,,,8.596038818359375,45.19775390625001,112.5,0.06446968750000001,5.258007812500001,2.503,
0,3,,,8.578681945800781,45.11047363281251,114.06250000000001,0.0643396875,5.2583984375,2.537,
0,3,,,8.571243286132812,45.06896972656251,115.625,0.064284375,5.2582031250000005,2.572,
0,3,,,8.571243286132812,45.06896972656251,117.04101562500001,0.064284375,5.2582031250000005,2.606,
0,3,,,8.556365966796875,44.98718261718751,118.61328125000003,0.0641721875,5.2578125,2.64,
0,3,,,8.576011657714844,45.0958251953125,120.17578125000001,0.06431937500000001,5.2583984375,2.674,
0,3,,,8.576011657714844,45.0958251953125,121.74804687500001,0.06431937500000001,5.2583984375,2.708,
0,3,,,8.589935302734375,45.16357421875,123.1640625,0.0644240625,5.2578125,2.742,
0,3,,,8.571815490722656,45.07263183593751,124.72656250000001,0.064288125,5.2582031250000005,2.776,
0,3,,,8.571815490722656,45.07263183593751,126.28906250000001,0.064288125,5.2582031250000005,2.81,
0,3,,,8.544540405273438,44.927978515625,127.85156250000001,0.0640834375,5.2582031250000005,2.844,
0,3,,,8.572769165039062,45.07568359375001,129.27734375000003,0.06429625,5.258007812500001,2.877,
0,3,,,8.572769165039062,45.07568359375001,130.849609375,0.06429625,5.258007812500001,2.911,
0,3,,,8.605384826660156,45.24536132812501,132.412109375,0.06453968750000001,5.2578125,2.945,
0,3,,,8.571624755859375,45.06774902343751,133.98437500000003,0.06428718750000001,5.2578125,2.979,
0,3,,,8.571624755859375,45.06774902343751,135.400390625,0.06428718750000001,5.2578125,3.013,
0,3,,,8.592796325683594,45.1812744140625,136.97265625000003,0.06444625000000001,5.258007812500001,3.047,
0,3,,,8.558082580566408,45.00122070312501,138.525390625,0.06418562500000001,5.2583984375,3.081,
0,3,,,8.558082580566408,45.00122070312501,140.08789062500003,0.06418562500000001,5.2583984375,3.115,
0,3,,,8.578300476074219,45.1025390625,141.51367187500003,0.0643375,5.2578125,3.149,
0,3,,,8.586502075195312,45.15197753906251,143.0859375,0.0643990625,5.25859375,3.183,
0,3,,,8.586502075195312,45.15197753906251,144.6484375,0.0643990625,5.25859375,3.217,
0,3,,,8.553504943847656,44.98291015625,146.2109375,0.06415187500000001,5.258984375000001,3.251,
0,3,,,8.55236053466797,44.97192382812501,147.77343750000003,0.0641425,5.2583984375,3.285,
0,3,,,8.55236053466797,44.97192382812501,149.19921875000003,0.0641425,5.2583984375,3.319,
0,3,,,8.60137939453125,45.22888183593751,150.76171875000003,0.0645103125,5.2583984375,3.353,
0,3,,,8.57696533203125,45.09887695312501,152.333984375,0.064326875,5.2582031250000005,3.387,
0,3,,,8.57696533203125,45.09887695312501,153.88671875000003,0.06417125,5.258007812500001,3.421,
0,3,,,8.556175231933596,44.98840332031251,155.31250000000003,0.06417125,5.258007812500001,3.455,
0,3,,,8.553504943847656,44.97863769531251,156.87500000000003,0.06415187500000001,5.2583984375,3.489,
0,3,,,8.553504943847656,44.97863769531251,158.4375,0.06439968750000001,5.258007812500001,3.523,
0,3,,,8.586692810058596,45.1483154296875,160.00976562500003,0.06439968750000001,5.258007812500001,3.557,
0,3,,,8.590316772460938,45.17272949218751,161.57226562500003,0.0644278125,5.25859375,3.591,
0,3,,,8.590316772460938,45.17272949218751,162.99804687500003,0.0643609375,5.258007812500001,3.626,
0,3,,,8.58154296875,45.12145996093751,164.56054687500003,0.0643609375,5.258007812500001,3.66,
0,3,,,8.569145202636719,45.05981445312501,166.123046875,0.06426843750000001,5.2583984375,3.694,
0,3,,,8.569145202636719,45.05981445312501,167.68554687500003,0.064250625,5.2583984375,3.728,
0,3,,,8.566856384277344,45.04821777343751,169.25781250000003,0.064250625,5.2583984375,3.762,
0,3,,,8.59375,45.18981933593751,170.673828125,0.064453125,5.2583984375,3.796,
0,3,,,8.59375,45.0286865234375,172.24609375000003,0.06423125,5.2578125,3.83,
0,3,,,8.564186096191406,45.0286865234375,173.80859375000003,0.06423125,5.2578125,3.864,
0,3,,,8.561515808105469,45.01770019531251,175.37109375000003,0.0642115625,5.2582031250000005,3.898,
0,3,,,8.574485778808594,45.08239746093751,176.79687500000003,0.0643078125,5.2578125,3.932,
0,3,,,8.574485778808594,45.08239746093751,178.35937500000003,0.0643078125,5.2578125,3.966,
0,3,,,8.577728271484375,45.09948730468751,179.921875,0.064333125,5.2578125,3.999,
0,3,,,8.542823791503908,44.920654296875,181.48437500000003,0.06407093750000001,5.2583984375,4.033,
0,3,,,8.542823791503908,44.920654296875,182.90039062500003,0.06407093750000001,5.2583984375,4.067,
0,3,,,8.590888977050781,45.17028808593751,184.46289062500003,0.0644321875,5.258007812500001,4.101,
0,3,,,8.544158935546875,44.92553710937501,186.025390625,0.06408125,5.258007812500001,4.135,
0,3,,,8.544158935546875,44.92553710937501,187.58789062500003,0.06408125,5.258007812500001,4.169,
0,3,,,8.563232421875,45.0274658203125,189.013671875,0.06422343750000001,5.2583984375,4.203,
0,3,,,8.593177795410156,45.18554687500001,190.58593750000003,0.06444875,5.2583984375,4.237,
0,3,,,8.593177795410156,45.18554687500001,192.138671875,0.06444875,5.2583984375,4.271,
0,3,,,8.553695678710938,44.9798583984375,193.7109375,0.0641525,5.25859375,4.305,
0,3,,,8.550262451171875,44.96032714843751,195.26367187500003,0.06412656250000001,5.2583984375,4.339,
0,3,,,8.550262451171875,44.96032714843751,196.68945312500003,0.06412656250000001,5.2583984375,4.373,
0,3,,,8.57810974121094,45.10803222656251,198.25195312500003,0.06433593750000001,5.25859375,4.407,
0,3,,,8.582115173339844,45.12207031250001,199.814453125,0.06436593750000001,5.2576171875,4.441,
0,3,,,8.582115173339844,45.12207031250001,201.38671875000003,0.06436593750000001,5.2576171875,4.475,
0,3,,,8.556938171386719,44.9951171875,202.80273437500006,0.0641765625,5.2583984375,4.509,
0,3,,,8.544540405273438,44.927978515625,204.36523437500003,0.0640834375,5.2582031250000005,4.543,
0,3,,,8.544540405273438,44.927978515625,205.93750000000003,0.0640834375,5.2582031250000005,4.577,
0,3,,,8.59813690185547,45.2105712890625,207.50000000000003,0.06448656250000001,5.2582031250000005,4.611,
0,3,,,8.571434020996096,45.06774902343751,208.91601562500003,0.06428531250000001,5.258007812500001,4.645,
0,3,,,8.571434020996096,45.06774902343751,210.47851562500003,0.06428531250000001,5.258007812500001,4.68,
0,3,,,8.565711975097658,45.042724609375,212.04101562500003,0.0642421875,5.25859375,4.714,
0,3,,,8.547401428222656,44.94445800781251,213.60351562500003,0.06410531250000001,5.2583984375,4.748,
0,3,,,8.547401428222656,44.94445800781251,215.16601562500003,0.06410531250000001,5.2583984375,4.782,
0,3,,,8.553886413574219,44.979248046875,216.58203125000003,0.06415343750000001,5.2583984375,4.816,
0,3,,,8.59375,45.18676757812501,218.15429687500003,0.06445281250000001,5.2582031250000005,4.85,
0,3,,,8.59375,45.18676757812501,219.716796875,0.06445281250000001,5.2582031250000005,4.884,
0,3,,,8.553886413574219,44.97741699218751,221.27929687500003,0.06415343750000001,5.2582031250000005,4.918,
0,3,,,8.565330505371094,45.0408935546875,222.85156250000003,0.064239375,5.25859375,4.952,
0,3,,,8.565330505371094,45.0408935546875,224.267578125,0.064239375,5.258007812500001,4.986,
0,3,,,8.562469482421875,45.02136230468751,225.8203125,0.0642178125,5.258007812500001,5.02,
0,3,,,8.572769165039062,45.07568359375001,227.39257812500003,0.06429625,5.258007812500001,5.053,
0,3,,,8.572769165039062,45.07568359375001,228.95507812500003,0.06429625,5.258007812500001,5.087,
0,3,,,8.551979064941406,44.9664306640625,230.37109375,0.0641396875,5.258007812500001,5.121,
0,3,,,8.597373962402344,45.208740234375,231.943359375,0.06448000000000001,5.25859375,5.155,
0,3,,,8.597373962402344,45.208740234375,233.505859375,0.06413625,5.2582031250000005,5.189,
0,3,,,8.551597595214844,44.964599609375,235.068359375,0.06413625,5.2582031250000005,5.223,
0,3,,,8.574295043945314,45.08300781250001,236.484375,0.0643071875,5.258007812500001,5.257,
0,3,,,8.574295043945314,45.08300781250001,238.05664062500003,0.06434250000000001,5.2583984375,5.291,
0,3,,,8.579063415527346,45.11169433593751,239.609375,0.06434250000000001,5.2583984375,5.325,
0,3,,,8.548927307128906,44.9493408203125,241.18164062500003,0.064116875,5.258007812500001,5.359,
0,3,,,8.548927307128906,44.9493408203125,242.59765625000006,0.06424625,5.25859375,5.393,
0,3,,,8.566093444824219,45.04577636718751,244.16015625000003,0.06424625,5.25859375,5.427,
0,3,,,8.577537536621094,45.10498046875,245.73242187500003,0.06433125,5.25859375,5.461,
0,3,,,8.577537536621094,45.10498046875,247.29492187500003,0.0642434375,5.2583984375,5.495,
0,3,,,8.565902709960938,45.042724609375,248.85742187500003,0.0642434375,5.2583984375,5.529,
0,3,,,8.571624755859375,45.06958007812501,250.28320312500003,0.06428687500000001,5.258007812500001,5.563,
0,3,,,8.571624755859375,44.9981689453125,251.83593750000006,0.06418562500000001,5.258007812500001,5.597,
0,3,,,8.558082580566408,44.9981689453125,253.41796875,0.06418562500000001,5.258007812500001,5.631,
0,3,,,8.592414855957033,45.1788330078125,254.97070312500003,0.0644428125,5.258007812500001,5.665,
0,3,,,8.577919006347656,45.103759765625,256.396484375,0.0643346875,5.2582031250000005,5.699,
0,3,,,8.577919006347656,45.103759765625,257.95898437500006,0.0643346875,5.2582031250000005,5.734,
0,3,,,8.572387695312502,45.07629394531251,259.521484375,0.064293125,5.2583984375,5.768,
0,3,,,8.551406860351564,44.96948242187501,261.083984375,0.064135625,5.2587890625,5.802,
0,3,,,8.551406860351564,44.96948242187501,262.65625000000006,0.064135625,5.2587890625,5.836,
0,3,,,8.582305908203125,45.12878417968751,264.08203125,0.06436625,5.2583984375,5.87,
0,3,,,8.592033386230469,45.18188476562501,265.64453125000006,0.06443968750000001,5.25859375,5.904,
0,3,,,8.592033386230469,45.18188476562501,267.21679687500006,0.06443968750000001,5.25859375,5.937,
0,3,,,8.573722839355469,45.08361816406251,268.779296875,0.0643028125,5.2583984375,5.971,
0,3,,,8.556175231933596,44.99023437500001,270.1953125,0.064171875,5.2582031250000005,6.005,
0,3,,,8.556175231933596,44.99023437500001,271.75781250000006,0.064171875,5.2582031250000005,6.039,
0,3,,,8.572959899902344,45.08056640625,273.32031250000006,0.0642971875,5.2583984375,6.073,
0,3,,,8.588218688964844,45.162353515625,274.892578125,0.06441187500000001,5.25859375,6.107,
0,3,,,8.588218688964844,45.162353515625,276.318359375,0.06441187500000001,5.25859375,6.141,
0,3,,,8.555412292480469,44.99023437500001,277.880859375,0.064165625,5.2587890625,6.175,
0,3,,,8.596229553222658,45.19897460937501,279.44335937500006,0.0644709375,5.258007812500001,6.209,
0,3,,,8.596229553222658,45.19897460937501,281.005859375,0.0644709375,5.258007812500001,6.243,
0,3,,,8.55560302734375,44.98474121093751,282.57812500000006,0.0641671875,5.258007812500001,6.277,
0,3,,,8.590316772460938,45.17028808593751,283.99414062500006,0.0644278125,5.2583984375,6.311,
0,3,,,8.590316772460938,45.17028808593751,285.556640625,0.0644278125,5.2583984375,6.345,
0,3,,,8.589744567871094,45.16906738281251,287.11914062500006,0.0644234375,5.2583984375,6.379,
0,3,,,8.553314208984377,44.97497558593751,288.68164062500006,0.06414968750000001,5.2582031250000005,6.413,
0,3,,,8.553314208984377,44.97497558593751,290.10742187500006,0.06414968750000001,5.2582031250000005,6.447,
0,3,,,8.556175231933596,44.98779296875,291.669921875,0.06417093750000001,5.258007812500001,6.481,
0,3,,,8.586502075195312,45.14465332031251,293.24218750000006,0.0643984375,5.2576171875,6.515,
0,3,,,8.586502075195312,45.14465332031251,294.80468750000006,0.0643984375,5.2576171875,6.549,
0,3,,,8.569145202636719,45.0579833984375,296.22070312500006,0.06426875,5.2582031250000005,6.583,
0,3,,,8.549499511718752,44.95483398437501,297.79296875,0.0641209375,5.2582031250000005,6.617,
0,3,,,8.549499511718752,44.95483398437501,299.35546875,0.0641209375,5.2582031250000005,6.651,
0,3,,,8.570098876953125,45.06103515625001,300.91796875000006,0.0642759375,5.258007812500001,6.685,
0,3,,,8.573722839355469,45.08300781250001,302.33398437500006,0.064303125,5.2582031250000005,6.719,
0,3,,,8.573722839355469,45.08300781250001,303.89648437500006,0.064303125,5.2582031250000005,6.753,
0,3,,,8.578300476074219,45.10559082031251,305.458984375,0.064336875,5.2582031250000005,6.788,
0,3,,,8.559417724609375,45.00854492187501,307.02148437500006,0.064195625,5.2583984375,6.822,
0,3,,,8.559417724609375,45.00854492187501,308.59375,0.064220625,5.2582031250000005,6.856,
0,3,,,8.562660217285156,45.0250244140625,310.15625,0.064220625,5.2582031250000005,6.89,
0,3,,,8.570098876953125,45.06652832031251,311.572265625,0.064275,5.2587890625,6.924,
0,3,,,8.570098876953125,45.06652832031251,313.14453125000006,0.0643521875,5.258007812500001,6.957,
0,3,,,8.580398559570312,45.11596679687501,314.697265625,0.0643521875,5.258007812500001,6.991,
0,3,,,8.552742004394531,44.97436523437501,316.26953125000006,0.06414531250000001,5.25859375,7.025,
0,3,,,8.552742004394531,44.97436523437501,317.68554687500006,0.06425937500000001,5.258007812500001,7.059,
0,3,,,8.568000793457031,45.05065917968751,319.24804687500006,0.06425937500000001,5.258007812500001,7.093,
0,3,,,8.559036254882814,45.00488281250001,320.82031250000006,0.0641925,5.2582031250000005,7.127,
0,3,,,8.559036254882814,45.00488281250001,322.38281250000006,0.0644,5.258007812500001,7.161,
0,3,,,8.586692810058596,45.1483154296875,323.80859375000006,0.0644,5.258007812500001,7.195,
0,3,,,8.551216125488281,44.96276855468751,325.37109375000006,0.06413437500000001,5.258007812500001,7.229,
0,3,,,8.551216125488281,44.96276855468751,326.93359375000006,0.0644365625,5.25859375,7.263,
0,3,,,8.591651916503906,45.1788330078125,328.49609375000006,0.0644365625,5.25859375,7.297,
0,3,,,8.562088012695312,45.02258300781251,329.91210937500006,0.0642159375,5.2583984375,7.331,
0,3,,,8.573532104492188,45.0885009765625,331.48437500000006,0.06430187500000001,5.258984375000001,7.365,
0,3,,,8.573532104492188,45.0885009765625,333.046875,0.06430187500000001,5.258984375000001,7.399,
0,3,,,8.58154296875,45.1251220703125,334.60937500000006,0.064361875,5.2583984375,7.433,
0,3,,,8.55522155761719,44.98413085937501,336.171875,0.0641634375,5.2582031250000005,7.467,
0,3,,,8.55522155761719,44.98413085937501,337.59765625000006,0.0641634375,5.2582031250000005,7.501,
0,3,,,8.563423156738281,45.03112792968751,339.16015625,0.0642253125,5.25859375,7.535,
0,3,,,8.594131469726562,45.19042968750001,340.72265625000006,0.06445656250000001,5.2583984375,7.569,
0,3,,,8.594131469726562,45.19042968750001,342.29492187500006,0.06445656250000001,5.2583984375,7.603,
0,3,,,8.567047119140625,45.04760742187501,343.71093750000006,0.064251875,5.2583984375,7.637,
0,3,,,8.548927307128906,44.949951171875,345.27343750000006,0.0641171875,5.258007812500001,7.671,
0,3,,,8.548927307128906,44.949951171875,346.83593750000006,0.0641171875,5.258007812500001,7.705,
0,3,,,8.559608459472656,45.009765625,348.39843750000006,0.06419625000000001,5.2583984375,7.739,
0,3,,,8.594131469726562,45.19104003906251,349.82421875,0.0644553125,5.2583984375,7.773,
0,3,,,8.594131469726562,45.19104003906251,351.39648437500006,0.0644553125,5.2583984375,7.807,
0,3,,,8.592605590820312,45.17944335937501,352.95898437500006,0.06444437500000001,5.258007812500001,7.842,
0,3,,,8.577156066894533,45.101318359375,354.52148437500006,0.06432781250000001,5.2583984375,7.876,
0,3,,,8.577156066894533,45.101318359375,356.08398437500006,0.06432781250000001,5.2583984375,7.91,
0,3,,,8.556938171386719,44.99267578125001,357.50976562500006,0.06417625,5.2582031250000005,7.944,
0,3,,,8.563613891601562,45.02929687500001,359.07226562500006,0.0642271875,5.2582031250000005,7.978,
0,3,,,8.563613891601562,45.02929687500001,360.64453125,0.0642271875,5.2582031250000005,8.012,
0,3,,,8.590316772460938,45.17272949218751,362.19726562500006,0.0644275,5.25859375,8.045,
0,3,,,8.564376831054688,45.03112792968751,363.759765625,0.06423218750000001,5.258007812500001,8.079,
0,3,,,8.564376831054688,45.03112792968751,365.18554687500006,0.06423218750000001,5.258007812500001,8.113,
0,3,,,8.549308776855469,44.95422363281251,366.75781250000006,0.06411968750000001,5.2582031250000005,8.147,
0,3,,,8.580398559570312,45.1177978515625,368.32031250000006,0.06435281250000001,5.2582031250000005,8.181,
0,3,,,8.580398559570312,45.1177978515625,369.88281250000006,0.06435281250000001,5.2582031250000005,8.215,
0,3,,,8.5784912109375,45.11169433593751,371.29882812500006,0.06433812500000001,5.2587890625,8.249,
0,3,,,8.557510375976562,44.9969482421875,372.87109375000006,0.06418125000000001,5.2582031250000005,8.283,
0,3,,,8.557510375976562,44.9969482421875,374.42382812500006,0.06418125000000001,5.2582031250000005,8.317,
0,3,,,8.60443115234375,45.24353027343751,376.00585937500006,0.06453281250000001,5.2582031250000005,8.351,
0,3,,,8.573532104492188,45.079345703125,377.421875,0.0643009375,5.258007812500001,8.385,
0,3,,,8.573532104492188,45.079345703125,378.98437500000006,0.0643009375,5.258007812500001,8.419,
0,3,,,8.589935302734375,45.16540527343751,380.55664062500006,0.0644240625,5.258007812500001,8.453,
0,3,,,8.576202392578127,45.0958251953125,382.119140625,0.06432125000000001,5.2583984375,8.487,
0,3,,,8.576202392578127,45.0958251953125,383.544921875,0.06432125000000001,5.258007812500001,8.521,
0,3,,,8.561897277832033,45.01770019531251,385.107421875,0.06421343750000001,5.258007812500001,8.555,
0,3,,,8.566856384277344,45.048828125,386.66992187500006,0.064251875,5.25859375,8.589,
0,3,,,8.566856384277344,45.048828125,388.24218750000006,0.0643984375,5.25859375,8.623,
0,3,,,8.586502075195312,45.15258789062501,389.79492187500006,0.0643984375,5.25859375,8.657,
0,3,,,8.563613891601562,45.02929687500001,391.22070312500006,0.064226875,5.2582031250000005,8.691,
0,3,,,8.563613891601562,45.02929687500001,392.78320312500006,0.06416000000000001,5.2582031250000005,8.725,
0,3,,,8.554649353027344,44.981689453125,394.34570312500006,0.06416000000000001,5.2582031250000005,8.759,
0,3,,,8.563232421875,45.0274658203125,395.91796875000006,0.064224375,5.2582031250000005,8.793,
0,3,,,8.563232421875,45.0274658203125,397.33398437500006,0.0644025,5.2587890625,8.827,
0,3,,,8.587074279785156,45.15747070312501,398.896484375,0.0644025,5.2587890625,8.861,
0,3,,,8.572769165039062,45.079345703125,400.458984375,0.06429562500000001,5.2583984375,8.896,
0,3,,,8.572769165039062,45.079345703125,402.03125000000006,0.0643559375,5.2583984375,8.93,
0,3,,,8.580780029296875,45.1202392578125,403.59375000000006,0.0643559375,5.2583984375,8.964,
0,3,,,8.550643920898438,44.96093750000001,405.009765625,0.0641290625,5.2582031250000005,8.998,
0,3,,,8.556556701660156,44.99328613281251,406.57226562500006,0.06417375,5.2583984375,9.032,
0,3,,,8.556556701660156,44.99328613281251,408.14453125000006,0.06417375,5.2583984375,9.066,
0,3,,,8.60443115234375,45.24536132812501,409.70703125000006,0.06453312500000001,5.2583984375,9.1,
0,3,,,8.557701110839844,45.00061035156251,411.1328125,0.06418312500000001,5.25859375,9.134,
0,3,,,8.557701110839844,45.00061035156251,412.6953125,0.06418312500000001,5.25859375,9.168,
0,3,,,8.55865478515625,45.00366210937501,414.25781250000006,0.06419000000000001,5.2582031250000005,9.202,
0,3,,,8.567237854003906,45.05310058593751,415.8203125,0.0642546875,5.2587890625,9.235,
0,3,,,8.567237854003906,45.05310058593751,417.39257812500006,0.0642546875,5.2587890625,9.269,
0,3,,,8.580398559570312,45.11596679687501,418.798828125,0.0643534375,5.258007812500001,9.303,
0,3,,,8.57391357421875,45.08300781250001,420.380859375,0.0643046875,5.2582031250000005,9.337,
0,3,,,8.57391357421875,45.08300781250001,421.93359375000006,0.0643046875,5.2582031250000005,9.371,
0,3,,,8.609390258789062,45.26794433593751,423.505859375,0.0645703125,5.258007812500001,9.405,
0,3,,,8.565330505371094,45.03906250000001,424.93164062500006,0.0642396875,5.2583984375,9.439,
0,3,,,8.565330505371094,45.03906250000001,426.494140625,0.0642396875,5.2583984375,9.473,
0,3,,,8.566856384277344,45.04699707031251,428.05664062500006,0.064250625,5.2583984375,9.507,
0,3,,,8.583450317382812,45.13122558593751,429.62890625000006,0.064375625,5.258007812500001,9.541,
0,3,,,8.583450317382812,45.13122558593751,431.03515625000006,0.064375625,5.258007812500001,9.575,
0,3,,,8.550262451171875,44.95910644531251,432.60742187500006,0.06412625000000001,5.2582031250000005,9.609,
0,3,,,8.555793762207031,44.98962402343751,434.16015625000006,0.06416843750000001,5.2583984375,9.643,
0,3,,,8.555793762207031,44.98962402343751,435.73242187500006,0.06416843750000001,5.2583984375,9.677,
0,3,,,8.58287811279297,45.13061523437501,437.1484375000001,0.0643715625,5.2582031250000005,9.711,
0,3,,,8.567237854003906,45.04516601562501,438.720703125,0.0642546875,5.2578125,9.745,
0,3,,,8.567237854003906,45.04516601562501,440.283203125,0.0642546875,5.2578125,9.779,
0,3,,,8.557891845703125,44.99755859375001,441.84570312500006,0.064184375,5.258007812500001,9.813,
0,3,,,8.566856384277344,45.04577636718751,443.41796875000006,0.064250625,5.2582031250000005,9.847,
0,3,,,8.566856384277344,45.04577636718751,444.83398437500006,0.064250625,5.2582031250000005,9.881,
0,3,,,8.581733703613281,45.12268066406251,446.39648437500006,0.0643621875,5.258007812500001,9.915,
0,3,,,8.576774597167969,45.10070800781251,447.95898437500006,0.06432531250000001,5.25859375,9.95,
0,3,,,8.576774597167969,45.10070800781251,449.52148437500006,0.06432531250000001,5.25859375,9.984,
0,3,,,8.596229553222658,45.19897460937501,451.09375,0.06447187500000001,5.258007812500001,10.018,
0,3,,,8.554267883300783,44.979248046875,452.509765625,0.0641575,5.2582031250000005,10.051,
0,3,,,8.554267883300783,44.979248046875,454.08203125,0.0641575,5.258007812500001,10.085,
0,3,,,8.565330505371094,45.03662109375001,455.64453125000006,0.0642396875,5.258007812500001,10.119,
0,3,,,8.579444885253906,45.11291503906251,457.20703125000006,0.0643459375,5.2582031250000005,10.153,
0,3,,,8.579444885253906,45.11291503906251,458.6328125000001,0.0643459375,5.2582031250000005,10.187,
0,3,,,8.574867248535156,45.0885009765625,460.19531250000006,0.0643115625,5.2582031250000005,10.221,
0,3,,,8.560943603515627,45.01281738281251,461.767578125,0.06420687500000001,5.258007812500001,10.255,
0,3,,,8.560943603515627,45.01281738281251,463.32031250000006,0.0643115625,5.2583984375,10.289,
0,3,,,8.574867248535156,45.08911132812501,464.74609375000006,0.0643115625,5.2583984375,10.323,
0,3,,,8.581161499023438,45.12329101562501,466.30859375,0.06435875,5.2583984375,10.357,
0,3,,,8.581161499023438,45.12329101562501,467.87109375,0.0640959375,5.2583984375,10.391,
0,3,,,8.546066284179688,44.93896484375001,469.43359375000006,0.0640959375,5.2583984375,10.425,
0,3,,,8.5968017578125,45.20324707031251,471.00585937500006,0.0644753125,5.2582031250000005,10.459,
0,3,,,8.5968017578125,45.20324707031251,472.431640625,0.06433375000000001,5.2587890625,10.493,
0,3,,,8.577919006347656,45.10803222656251,474.00390625000006,0.06433375000000001,5.2587890625,10.527,
0,3,,,8.615303039550783,45.3021240234375,475.56640625,0.064614375,5.2583984375,10.561,
0,3,,,8.615303039550783,45.3021240234375,477.1386718750001,0.06443156250000001,5.258007812500001,10.595,
0,3,,,8.590888977050781,45.16967773437501,478.55468750000006,0.06443156250000001,5.258007812500001,10.629,
0,3,,,8.565902709960938,45.03967285156251,480.12695312500006,0.0642434375,5.2582031250000005,10.663,
0,3,,,8.565902709960938,45.03967285156251,481.689453125,0.0642309375,5.2583984375,10.697,
0,3,,,8.564186096191406,45.0335693359375,483.251953125,0.0642309375,5.2583984375,10.731,
0,3,,,8.584403991699219,45.13977050781251,484.67773437500006,0.0643834375,5.2583984375,10.765,
0,3,,,8.576583862304688,45.09826660156251,486.24023437500006,0.0643240625,5.2583984375,10.799,
0,3,,,8.576583862304688,45.09826660156251,487.80273437500006,0.0643240625,5.2583984375,10.833,
0,3,,,8.550071716308594,44.95788574218751,489.3750000000001,0.0641246875,5.2583984375,10.867,
0,3,,,8.551597595214844,44.96826171875001,490.78125000000006,0.06413687500000001,5.2583984375,10.901,
0,3,,,8.551597595214844,44.96826171875001,492.35351562500006,0.06413687500000001,5.2583984375,10.935,
0,3,,,8.604049682617188,45.2398681640625,493.9160156250001,0.06453,5.258007812500001,10.969,
0,3,,,8.581733703613281,45.12084960937501,495.48828125000006,0.06436312500000001,5.2578125,11.004,
0,3,,,8.581733703613281,45.12084960937501,497.04101562500006,0.06436312500000001,5.2578125,11.038,
0,3,,,8.568763732910156,45.05859375000001,498.61328125000006,0.06426593750000001,5.25859375,11.072,
0,3,,,8.550262451171875,44.957275390625,500.02929687500006,0.0641271875,5.258007812500001,11.106,
0,3,,,8.550262451171875,44.957275390625,501.591796875,0.0641271875,5.258007812500001,11.139,
0,3,,,8.569526672363283,45.06164550781251,503.1640625000001,0.06427125,5.2583984375,11.173,
0,3,,,8.577728271484375,45.10314941406251,504.72656250000006,0.064333125,5.2582031250000005,11.207,
0,3,,,8.577728271484375,45.10314941406251,506.15234375000006,0.064333125,5.2582031250000005,11.241,
0,3,,,8.559417724609375,45.00732421875001,507.7050781250001,0.064195,5.2583984375,11.275,
0,3,,,8.549308776855469,44.95788574218751,509.2675781250001,0.06411968750000001,5.2587890625,11.309,
0,3,,,8.549308776855469,44.95788574218751,510.83984375,0.06411968750000001,5.2587890625,11.343,
0,3,,,8.569717407226562,45.0640869140625,512.2558593750001,0.0642728125,5.25859375,11.377,
0,3,,,8.575820922851562,45.0958251953125,513.818359375,0.0643184375,5.25859375,11.411,
0,3,,,8.575820922851562,45.0958251953125,515.380859375,0.0643184375,5.25859375,11.445,
0,3,,,8.549118041992188,44.95300292968751,516.943359375,0.06411875,5.2582031250000005,11.479,
0,3,,,8.586311340332031,45.1495361328125,518.3691406250001,0.064396875,5.2583984375,11.513,
0,3,,,8.586311340332031,45.1495361328125,519.921875,0.064396875,5.2583984375,11.547,
0,3,,,8.544158935546875,44.92614746093751,521.4941406250001,0.0640809375,5.2582031250000005,11.581,
0,3,,,8.592796325683594,45.18188476562501,523.056640625,0.06444593750000001,5.2582031250000005,11.615,
0,3,,,8.592796325683594,45.18188476562501,524.6289062500001,0.06444593750000001,5.2582031250000005,11.649,
0,3,,,8.601760864257812,45.22827148437501,526.0449218750001,0.0645134375,5.258007812500001,11.683,
0,3,,,8.554840087890625,44.98229980468751,527.6074218750001,0.06416187500000001,5.258007812500001,11.717,
0,3,,,8.554840087890625,44.98229980468751,529.1796875,0.06416187500000001,5.258007812500001,11.751,
0,3,,,8.563232421875,45.02441406250001,530.7421875,0.06422343750000001,5.258007812500001,11.785,
0,3,,,8.599662780761719,45.21911621093751,532.16796875,0.0644978125,5.2582031250000005,11.819,
0,3,,,8.599662780761719,45.21911621093751,533.7402343750001,0.0644978125,5.258007812500001,11.853,
0,3,,,8.577919006347656,45.1025390625,535.2929687500001,0.06433406250000001,5.258007812500001,11.887,
0,3,,,8.551025390625,44.95971679687501,536.865234375,0.0641321875,5.2578125,11.921,
0,3,,,8.551025390625,44.95971679687501,538.28125,0.0641321875,5.258007812500001,11.955,
0,3,,,8.550834655761719,44.96093750000001,539.8535156250001,0.0641315625,5.258007812500001,11.989,
0,3,,,8.590126037597656,45.16967773437501,541.40625,0.0644259375,5.2583984375,12.023,
0,3,,,8.590126037597656,45.16967773437501,542.96875,0.064383125,5.25859375,12.058,
0,3,,,8.584403991699219,45.14099121093751,544.541015625,0.064383125,5.25859375,12.092,
0,3,,,8.583641052246094,45.13793945312501,545.966796875,0.06437656250000001,5.2587890625,12.126,
0,3,,,8.583641052246094,45.13793945312501,547.5292968750001,0.06427125,5.2582031250000005,12.16,
0,3,,,8.569526672363283,45.06042480468751,549.1015625000001,0.06427125,5.2582031250000005,12.193,
0,3,,,8.562278747558594,45.02380371093751,550.6542968750001,0.064216875,5.2583984375,12.227,
0,3,,,8.562278747558594,45.02380371093751,552.080078125,0.0643140625,5.2583984375,12.261,
0,3,,,8.57524871826172,45.09216308593751,553.6425781250001,0.0643140625,5.2583984375,12.295,
0,3,,,8.577156066894533,45.10009765625001,555.2148437500001,0.06432875,5.2582031250000005,12.329,
0,3,,,8.577156066894533,45.10009765625001,556.7773437500001,0.06424687500000001,5.2576171875,12.363,
0,3,,,8.5662841796875,45.03845214843751,558.3398437500001,0.06424687500000001,5.2576171875,12.397,
0,3,,,8.571052551269531,45.0653076171875,559.765625,0.0642825,5.2578125,12.431,
0,3,,,8.571052551269531,45.12756347656251,561.3281250000001,0.0643625,5.25859375,12.465,
0,3,,,8.581733703613281,45.12756347656251,562.890625,0.0643625,5.25859375,12.499,
0,3,,,8.559036254882814,45.00488281250001,564.453125,0.06419218750000001,5.2582031250000005,12.533,
0,3,,,8.593559265136719,45.1861572265625,565.87890625,0.0644509375,5.2582031250000005,12.567,
0,3,,,8.593559265136719,45.1861572265625,567.4414062500001,0.0644509375,5.2582031250000005,12.601,
0,3,,,8.551979064941406,44.96582031250001,568.994140625,0.0641403125,5.258007812500001,12.635,
0,3,,,8.590316772460938,45.16967773437501,570.5761718750001,0.06442718750000001,5.2582031250000005,12.669,
0,3,,,8.590316772460938,45.16967773437501,571.9921875000001,0.06442718750000001,5.2582031250000005,12.703,
0,3,,,8.59375,45.1861572265625,573.564453125,0.064453125,5.258007812500001,12.737,
0,3,,,8.569908142089844,45.06103515625001,575.1269531250001,0.06427437500000001,5.258007812500001,12.771,
0,3,,,8.569908142089844,45.06103515625001,576.6894531250001,0.06427437500000001,5.258007812500001,12.805,
0,3,,,8.561515808105469,45.01464843750001,578.1152343750001,0.06421062500000001,5.2578125,12.839,
0,3,,,8.580970764160158,45.12084960937501,579.677734375,0.06435750000000001,5.2582031250000005,12.873,
0,3,,,8.580970764160158,45.12084960937501,581.25,0.06435750000000001,5.2582031250000005,12.907,
0,3,,,8.571624755859375,45.06896972656251,582.8125000000001,0.06428750000000001,5.258007812500001,12.941,
0,3,,,8.5693359375,45.06286621093751,584.3847656250001,0.064269375,5.25859375,12.975,
0,3,,,8.5693359375,45.06286621093751,585.80078125,0.064269375,5.25859375,13.009,
0,3,,,8.561897277832033,45.02380371093751,587.36328125,0.06421312500000001,5.2587890625,13.043,
0,3,,,8.580589294433594,45.11840820312501,588.9257812500001,0.06435375,5.2582031250000005,13.077,
0,3,,,8.580589294433594,45.11840820312501,590.4882812500001,0.06435375,5.2582031250000005,13.111,
0,3,,,8.576202392578127,45.09765625000001,592.0507812500001,0.06432125000000001,5.25859375,13.145,
0,3,,,8.574104309082031,45.08544921875001,593.4765625000001,0.06430625000000001,5.2583984375,13.179,
0,3,,,8.574104309082031,45.08544921875001,595.0292968750001,0.06430625000000001,5.2583984375,13.213,
0,3,,,8.558464050292969,45.00122070312501,596.6113281250001,0.0641890625,5.2582031250000005,13.247,
0,3,,,8.575439453125,45.08911132812501,598.1640625000001,0.06431625,5.258007812500001,13.281,
0,3,,,8.575439453125,45.08911132812501,599.5996093750001,0.06431625,5.258007812500001,13.315,
0,3,,,8.600616455078125,45.223388671875,601.15234375,0.064505,5.2582031250000005,13.349,
0,3,,,8.557891845703125,45.00183105468751,602.7148437500001,0.0641846875,5.25859375,13.383,
0,3,,,8.557891845703125,45.00183105468751,604.2871093750001,0.0641846875,5.25859375,13.417,
0,3,,,8.550071716308594,44.96093750000001,605.8496093750001,0.064125625,5.25859375,13.451,
0,3,,,8.572769165039062,45.07568359375001,607.275390625,0.06429531250000001,5.258007812500001,13.485,
0,3,,,8.572769165039062,45.07568359375001,608.837890625,0.06429531250000001,5.258007812500001,13.519,
0,3,,,8.576583862304688,45.0958251953125,610.4003906250001,0.06432375,5.2582031250000005,13.553,
0,3,,,8.5693359375,45.06103515625001,611.9726562500001,0.064269375,5.2583984375,13.587,
0,3,,,8.5693359375,45.06103515625001,613.37890625,0.064269375,5.2587890625,13.621,
0,3,,,8.597183227539064,45.20996093750001,614.9609375000001,0.064479375,5.2587890625,13.655,
0,3,,,8.56781005859375,45.05126953125001,616.5136718750001,0.06425750000000001,5.2582031250000005,13.689,
0,3,,,8.56781005859375,45.05126953125001,618.0859375000001,0.0642965625,5.258007812500001,13.723,
0,3,,,8.572959899902344,45.07629394531251,619.5019531250001,0.0642965625,5.258007812500001,13.757,
0,3,,,8.593940734863281,45.18798828125001,621.07421875,0.06445437500000001,5.2582031250000005,13.791,
0,3,,,8.593940734863281,45.18798828125001,622.63671875,0.064245625,5.2578125,13.825,
0,3,,,8.566093444824219,45.03906250000001,624.1992187500001,0.064245625,5.2578125,13.859,
0,3,,,8.548164367675781,44.94567871093751,625.7617187500001,0.0641109375,5.258007812500001,13.893,
0,3,,,8.548164367675781,44.94567871093751,627.1875000000001,0.0643990625,5.25859375,13.927,
0,3,,,8.586502075195312,45.15258789062501,628.740234375,0.0643990625,5.25859375,13.961,
0,3,,,8.56285095214844,45.02380371093751,630.3125,0.06422156250000001,5.258007812500001,13.995,
0,3,,,8.56285095214844,45.02380371093751,631.8750000000001,0.0641903125,5.258007812500001,14.029,
0,3,,,8.55865478515625,45.00183105468751,633.30078125,0.0641903125,5.258007812500001,14.063,
0,3,,,8.559799194335938,45.00732421875001,634.86328125,0.06419843750000001,5.258007812500001,14.097,
0,3,,,8.559799194335938,45.00732421875001,636.42578125,0.06439968750000001,5.2576171875,14.131,
0,3,,,8.586692810058596,45.14526367187501,637.9882812500001,0.06439968750000001,5.2576171875,14.166,
0,3,,,8.577728271484375,45.10681152343751,639.5507812500001,0.0643325,5.2587890625,14.2,
0,3,,,8.576011657714844,45.09155273437501,640.9765625000001,0.06431937500000001,5.258007812500001,14.234,
0,3,,,8.576011657714844,45.09155273437501,642.5390625,0.06431937500000001,5.258007812500001,14.268,
0,3,,,8.563232421875,45.0274658203125,644.1113281250001,0.06422406250000001,5.2583984375,14.302,
0,3,,,8.559036254882814,45.00671386718751,645.6640625000001,0.0641925,5.2583984375,14.336,
0,3,,,8.559036254882814,45.00671386718751,647.0898437500001,0.0641925,5.2583984375,14.37,
0,3,,,8.596038818359375,45.20202636718751,648.6523437500001,0.06446937500000001,5.25859375,14.404,
0,3,,,8.565711975097658,45.03662109375001,650.224609375,0.06424250000000001,5.2578125,14.438,
0,3,,,8.565711975097658,45.03662109375001,651.7871093750001,0.06424250000000001,5.2578125,14.472,
0,3,,,8.556365966796875,44.99267578125001,653.3496093750001,0.064171875,5.2583984375,14.506,
0,3,,,8.56761932373047,45.05065917968751,654.765625,0.0642559375,5.2583984375,14.54,
0,3,,,8.56761932373047,45.05065917968751,656.34765625,0.0642559375,5.2583984375,14.574,
0,3,,,8.607101440429688,45.25817871093751,657.900390625,0.0645525,5.2583984375,14.608,
0,3,,,8.557891845703125,44.99755859375001,659.4726562500001,0.06418375000000001,5.258007812500001,14.642,
0,3,,,8.557891845703125,44.99755859375001,660.888671875,0.06418375000000001,5.258007812500001,14.676,
0,3,,,8.58917236328125,45.16052246093751,662.451171875,0.06441875000000001,5.2578125,14.71,
0,3,,,8.561325073242188,45.01647949218751,664.0234375,0.0642096875,5.2582031250000005,14.743,
0,3,,,8.561325073242188,45.01647949218751,665.5859375000001,0.0642096875,5.2582031250000005,14.777,
0,3,,,8.574867248535156,45.09155273437501,667.0117187500001,0.06431062500000001,5.25859375,14.811,
0,3,,,8.574676513671875,45.09094238281251,668.5742187500001,0.06431,5.25859375,14.845,
0,3,,,8.574676513671875,45.09094238281251,670.1367187500001,0.06431,5.25859375,14.879,
0,3,,,8.551025390625,44.96215820312501,671.6992187500001,0.06413250000000001,5.258007812500001,14.913,
0,3,,,8.560943603515627,45.013427734375,673.1152343750001,0.06420687500000001,5.258007812500001,14.947,
0,3,,,8.560943603515627,45.013427734375,674.6875000000001,0.06420687500000001,5.258007812500001,14.981,
0,3,,,8.580970764160158,45.12084960937501,676.2402343750001,0.06435718750000001,5.2583984375,15.015,
0,3,,,8.568572998046877,45.05737304687501,677.8125,0.0642634375,5.25859375,15.049,
0,3,,,8.568572998046877,45.05737304687501,679.3750000000001,0.0642634375,5.25859375,15.083,
0,3,,,8.551979064941406,44.9676513671875,680.8007812500001,0.0641396875,5.2582031250000005,15.117,
0,3,,,8.568191528320312,45.05187988281251,682.3632812500001,0.06426156250000001,5.258007812500001,15.151,
0,3,,,8.568191528320312,45.05187988281251,683.9257812500001,0.06426156250000001,5.258007812500001,15.185,
0,3,,,8.593940734863281,45.19042968750001,685.498046875,0.06445375,5.2583984375,15.22,
0,3,,,8.5845947265625,45.140380859375,687.0605468750001,0.06438500000000001,5.2583984375,15.254,
0,3,,,8.5845947265625,45.140380859375,688.4667968750001,0.06438500000000001,5.2582031250000005,15.288,
0,3,,,8.570098876953125,45.06286621093751,690.0390625,0.064275625,5.2582031250000005,15.322,
0,3,,,8.563804626464846,45.02990722656251,691.6015625,0.0642284375,5.2582031250000005,15.356,
0,3,,,8.563804626464846,45.02990722656251,693.1738281250001,0.06419406250000001,5.25859375,15.39,
0,3,,,8.559226989746094,45.00854492187501,694.5898437500001,0.06419406250000001,5.25859375,15.424,
0,3,,,8.585929870605469,45.1483154296875,696.1523437500001,0.064394375,5.2583984375,15.458,
0,3,,,8.585929870605469,45.1483154296875,697.7246093750001,0.0643246875,5.2583984375,15.492,
0,3,,,8.576583862304688,45.09826660156251,699.2871093750001,0.0643246875,5.2583984375,15.526,
0,3,,,8.551216125488281,44.964599609375,700.7128906250001,0.0641340625,5.2582031250000005,15.56,
0,3,,,8.551216125488281,44.964599609375,702.2753906250001,0.06432781250000001,5.258007812500001,15.594,
0,3,,,8.57696533203125,45.09765625000001,703.8476562500001,0.06432781250000001,5.258007812500001,15.628,
0,3,,,8.581352233886719,45.1202392578125,705.400390625,0.0643603125,5.258007812500001,15.662,
0,3,,,8.581352233886719,45.1202392578125,706.9628906250001,0.06407343750000001,5.2582031250000005,15.696,
0,3,,,8.543205261230469,44.920654296875,708.3886718750001,0.06407343750000001,5.2582031250000005,15.729,
0,3,,,8.596611022949219,45.20324707031251,709.9511718750001,0.064475,5.2582031250000005,15.763,
0,3,,,8.596611022949219,45.20324707031251,711.5136718750001,0.0642390625,5.2582031250000005,15.797,
0,3,,,8.565139770507812,45.03723144531251,713.0859375,0.0642390625,5.2582031250000005,15.831,
0,3,,,8.586883544921875,45.15136718750001,714.5019531250001,0.0644009375,5.2582031250000005,15.865,
0,3,,,8.583450317382812,45.13000488281251,716.0742187500001,0.0643753125,5.2578125,15.899,
0,3,,,8.583450317382812,45.13000488281251,717.626953125,0.0643753125,5.2578125,15.933,
0,3,,,8.549308776855469,44.95422363281251,719.19921875,0.06412000000000001,5.2582031250000005,15.967,
0,3,,,8.56285095214844,45.02807617187501,720.6152343750001,0.0642209375,5.25859375,16.001,
0,3,,,8.56285095214844,45.02807617187501,722.1777343750001,0.0642209375,5.25859375,16.035,
0,3,,,8.585357666015625,45.14221191406251,723.7500000000001,0.064390625,5.258007812500001,16.069,
0,3,,,8.5693359375,45.05615234375,725.3125000000001,0.0642696875,5.2578125,16.103,
0,3,,,8.5693359375,45.05615234375,726.7285156250001,0.0642696875,5.2578125,16.137,
0,3,,,8.552169799804688,44.9676513671875,728.3007812500001,0.064140625,5.2582031250000005,16.171,
0,3,,,8.556747436523438,44.99084472656251,729.8632812500001,0.06417531250000001,5.258007812500001,16.205,
0,3,,,8.556747436523438,44.99084472656251,731.42578125,0.06417531250000001,5.258007812500001,16.239,
0,3,,,8.589935302734375,45.16540527343751,732.9785156250001,0.0644240625,5.258007812500001,16.274,
0,3,,,8.584213256835938,45.135498046875,734.4140625000001,0.0643815625,5.258007812500001,16.308,
0,3,,,8.584213256835938,45.135498046875,735.9765625000001,0.0643815625,5.258007812500001,16.342,
0,3,,,8.572387695312502,45.072021484375,737.5390625000001,0.0642928125,5.2578125,16.376,
0,3,,,8.55560302734375,44.98657226562501,739.1015625000001,0.06416625000000001,5.2582031250000005,16.41,
0,3,,,8.55560302734375,44.98657226562501,740.6640625,0.06416625000000001,5.2582031250000005,16.444,
0,3,,,8.559799194335938,45.0103759765625,742.0898437500001,0.0641978125,5.2583984375,16.478,
0,3,,,8.580017089843752,45.11840820312501,743.65234375,0.064349375,5.25859375,16.511,
0,3,,,8.580017089843752,45.11840820312501,745.21484375,0.064349375,5.25859375,16.545,
0,3,,,8.567428588867188,45.05126953125001,746.787109375,0.0642559375,5.2583984375,16.579,
0,3,,,8.561897277832033,45.0250244140625,748.1933593750001,0.06421375,5.2587890625,16.613,
0,3,,,8.561897277832033,45.0250244140625,749.7656250000001,0.06421375,5.2587890625,16.647,
0,3,,,8.576774597167969,45.09887695312501,751.3281250000001,0.06432625,5.2582031250000005,16.681,
0,3,,,8.587074279785156,45.15197753906251,752.9003906250001,0.0644028125,5.2582031250000005,16.715,
0,3,,,8.587074279785156,45.15197753906251,754.3164062500001,0.0644028125,5.2582031250000005,16.749,
0,3,,,8.553123474121094,44.97619628906251,755.8789062500001,0.06414781250000001,5.25859375,16.783,
0,3,,,8.595466613769531,45.19470214843751,757.4511718750001,0.06446531250000001,5.258007812500001,16.817,
0,3,,,8.595466613769531,45.19470214843751,759.013671875,0.06446531250000001,5.258007812500001,16.851,
0,3,,,8.5540771484375,44.98474121093751,760.439453125,0.0641553125,5.258984375000001,16.885,
0,3,,,8.577156066894533,45.101318359375,761.9921875000001,0.0643284375,5.2583984375,16.919,
0,3,,,8.577156066894533,45.101318359375,763.5644531250001,0.0643284375,5.2583984375,16.953,
0,3,,,8.574104309082031,45.08483886718751,765.1171875,0.064305625,5.2582031250000005,16.987,
0,3,,,8.547019958496094,44.94567871093751,766.6796875,0.06410281250000001,5.25859375,17.021,
0,3,,,8.547019958496094,44.94567871093751,768.1054687500001,0.06410281250000001,5.258007812500001,17.055,
0,3,,,8.55560302734375,44.98535156250001,769.6679687500001,0.0641675,5.258007812500001,17.089,
0,3,,,8.579826354980469,45.1171875,771.2304687500001,0.0643478125,5.25859375,17.123,
0,3,,,8.579826354980469,45.1171875,772.802734375,0.0642371875,5.2583984375,17.157,
0,3,,,8.564949035644531,45.03845214843751,774.2187500000001,0.0642371875,5.2583984375,17.191,
0,3,,,8.554267883300783,44.9798583984375,775.7910156250001,0.0641571875,5.2582031250000005,17.225,
0,3,,,8.554267883300783,44.9798583984375,777.34375,0.064211875,5.258007812500001,17.259,
0,3,,,8.56170654296875,45.01647949218751,778.9257812500001,0.064211875,5.258007812500001,17.293,
0,3,,,8.607864379882812,45.263671875,780.478515625,0.06455812500000001,5.2583984375,17.328,
0,3,,,8.607864379882812,45.263671875,781.9042968750001,0.0643965625,5.2583984375,17.362,
0,3,,,8.586311340332031,45.14892578125001,783.4667968750001,0.0643965625,5.2583984375,17.396,
0,3,,,8.570289611816406,45.06774902343751,785.0292968750001,0.0642775,5.25859375,17.43,
0,3,,,8.570289611816406,45.06774902343751,786.5917968750001,0.06412000000000001,5.258007812500001,17.464,
0,3,,,8.549308776855469,44.95178222656251,788.0175781250001,0.06412000000000001,5.258007812500001,17.498,
0,3,,,8.564758300781252,45.03295898437501,789.5800781250001,0.064235625,5.258007812500001,17.532,
0,3,,,8.564758300781252,45.13854980468751,791.1425781250001,0.06438625,5.258007812500001,17.566,
0,3,,,8.584785461425783,45.13854980468751,792.6953125000001,0.06438625,5.258007812500001,17.6,
0,3,,,8.552169799804688,44.9676513671875,794.267578125,0.064140625,5.2582031250000005,17.634,
0,3,,,8.558273315429688,45.00183105468751,795.6835937500001,0.064186875,5.2582031250000005,17.668,
0,3,,,8.558273315429688,45.00183105468751,797.2558593750001,0.064186875,5.2582031250000005,17.702,
0,3,,,8.574104309082031,45.08361816406251,798.8183593750001,0.064305,5.2582031250000005,17.736,
0,3,,,8.565521240234375,45.0408935546875,800.380859375,0.0642415625,5.2583984375,17.769,
0,3,,,8.565521240234375,45.0408935546875,801.8066406250001,0.0642415625,5.2583984375,17.803,
0,3,,,8.551216125488281,44.9652099609375,803.3691406250001,0.0641334375,5.2583984375,17.837,
0,3,,,8.608055114746094,45.26123046875001,804.931640625,0.06456062500000001,5.258007812500001,17.871,
0,3,,,8.608055114746094,45.26123046875001,806.494140625,0.06456062500000001,5.258007812500001,17.905,
0,3,,,8.556747436523438,44.99267578125001,807.9101562500001,0.06417531250000001,5.2582031250000005,17.939,
0,3,,,8.591079711914062,45.17395019531251,809.4824218750001,0.0644328125,5.2582031250000005,17.973,
0,3,,,8.591079711914062,45.17395019531251,811.0449218750001,0.0644328125,5.2582031250000005,18.007,
0,3,,,8.572387695312502,45.07812500000001,812.6074218750001,0.064293125,5.25859375,18.041,
0,3,,,8.563804626464846,45.0286865234375,814.0332031250001,0.0642284375,5.258007812500001,18.075,
0,3,,,8.563804626464846,45.0286865234375,815.5957031250001,0.0642284375,5.258007812500001,18.109,
0,3,,,8.554458618164062,44.981689453125,817.1679687500002,0.06415812500000001,5.2583984375,18.143,
0,3,,,8.610725402832031,45.27709960937501,818.7304687500001,0.06457968750000001,5.2583984375,18.177,
0,3,,,8.610725402832031,45.27709960937501,820.302734375,0.06457968750000001,5.2583984375,18.211,
0,3,,,8.573722839355469,45.08056640625,821.71875,0.06430218750000001,5.258007812500001,18.245,
0,3,,,8.577346801757812,45.101318359375,823.2910156250001,0.06432968750000001,5.2583984375,18.279,
0,3,,,8.577346801757812,45.101318359375,824.8535156250001,0.06432968750000001,5.2583984375,18.313,
0,3,,,8.548545837402346,44.952392578125,826.416015625,0.064114375,5.25859375,18.347,
0,3,,,8.594131469726562,45.19104003906251,827.978515625,0.0644559375,5.2583984375,18.382,
0,3,,,8.594131469726562,45.19104003906251,829.4042968750001,0.0644559375,5.2583984375,18.416,
0,3,,,8.5906982421875,45.16906738281251,830.9667968750001,0.0644296875,5.258007812500001,18.45,
0,3,,,8.57086181640625,45.06225585937501,832.5292968750001,0.06428093750000001,5.2578125,18.484,
0,3,,,8.57086181640625,45.06225585937501,834.1015625000001,0.06428093750000001,5.2578125,18.518,
0,3,,,8.55522155761719,44.98779296875,835.5175781250001,0.06416406250000001,5.25859375,18.552,
0,3,,,8.555984497070312,44.99023437500001,837.0800781250001,0.06417,5.2583984375,18.586,
0,3,,,8.555984497070312,44.99023437500001,838.6523437500002,0.06417,5.2583984375,18.62,
0,3,,,8.588409423828125,45.15319824218751,840.2050781250001,0.06441250000000001,5.2576171875,18.654,
0,3,,,8.57391357421875,45.086669921875,841.7773437500001,0.06430437500000001,5.25859375,18.688,
0,3,,,8.57391357421875,45.086669921875,843.1933593750002,0.06430437500000001,5.2582031250000005,18.722,
0,3,,,8.556556701660156,44.99145507812501,844.765625,0.06417468750000001,5.2582031250000005,18.756,
0,3,,,8.565711975097658,45.04455566406251,846.328125,0.0642421875,5.2587890625,18.79,
0,3,,,8.565711975097658,45.04455566406251,847.890625,0.06431906250000001,5.2583984375,18.824,
0,3,,,8.575820922851562,45.09399414062501,849.31640625,0.06431906250000001,5.2583984375,18.858,
0,3,,,8.557128906250002,44.9957275390625,850.8789062500001,0.0641778125,5.2583984375,18.892,
0,3,,,8.557128906250002,44.9957275390625,852.431640625,0.0645546875,5.258007812500001,18.926,
0,3,,,8.607292175292969,45.257568359375,854.00390625,0.0645546875,5.258007812500001,18.96,
0,3,,,8.555412292480469,44.98291015625,855.419921875,0.064165,5.2578125,18.994,
0,3,,,8.555412292480469,44.98291015625,856.9921875000001,0.064328125,5.2583984375,19.028,
0,3,,,8.577156066894533,45.10070800781251,858.5546875000001,0.064328125,5.2583984375,19.062,
0,3,,,8.582687377929688,45.13122558593751,860.1171875000001,0.064370625,5.2583984375,19.096,
0,3,,,8.582687377929688,45.13122558593751,861.6894531250001,0.064271875,5.2582031250000005,19.13,
0,3,,,8.569717407226562,45.06042480468751,863.1152343750001,0.064271875,5.2582031250000005,19.164,
0,3,,,8.561897277832033,45.018310546875,864.6777343750002,0.06421375,5.258007812500001,19.198,
0,3,,,8.561897277832033,45.018310546875,866.2402343750002,0.06442281250000001,5.2587890625,19.232,
0,3,,,8.589744567871094,45.1708984375,867.8125,0.06442281250000001,5.2587890625,19.266,
0,3,,,8.571243286132812,45.06958007812501,869.228515625,0.064284375,5.2582031250000005,19.3,
0,3,,,8.546829223632812,44.94445800781251,870.791015625,0.06410062500000001,5.25859375,19.334,
0,3,,,8.546829223632812,44.94445800781251,872.353515625,0.06410062500000001,5.25859375,19.368,
0,3,,,8.555793762207031,44.99023437500001,873.916015625,0.06416875000000001,5.2583984375,19.402,
0,3,,,8.600234985351562,45.21972656250001,875.48828125,0.0645021875,5.258007812500001,19.436,
0,3,,,8.600234985351562,45.21972656250001,876.904296875,0.0645021875,5.258007812500001,19.47,
0,3,,,8.591651916503906,45.17700195312501,878.4667968750001,0.06443781250000001,5.2582031250000005,19.504,
0,3,,,8.57524871826172,45.08789062500001,880.0390625000001,0.0643140625,5.258007812500001,19.538,
0,3,,,8.57524871826172,45.08789062500001,881.6015625000001,0.0643140625,5.258007812500001,19.572,
0,3,,,8.555030822753906,44.98413085937501,883.1640625000001,0.06416218750000001,5.2583984375,19.606,
0,3,,,8.562469482421875,45.025634765625,884.5800781250001,0.06421906250000001,5.2583984375,19.64,
0,3,,,8.562469482421875,45.025634765625,886.1523437500001,0.06421906250000001,5.2583984375,19.674,
0,3,,,8.591461181640627,45.1776123046875,887.7148437500001,0.0644365625,5.2583984375,19.708,
0,3,,,8.571243286132812,45.06835937500001,889.2773437500001,0.064284375,5.2582031250000005,19.742,
0,3,,,8.571243286132812,45.06835937500001,890.7031250000001,0.064284375,5.2582031250000005,19.776,
0,3,,,8.551025390625,44.964599609375,892.2656250000002,0.06413281250000001,5.2583984375,19.81,
0,3,,,8.571624755859375,45.06958007812501,893.8281250000002,0.06428750000000001,5.258007812500001,19.844,
0,3,,,8.571624755859375,45.06958007812501,895.400390625,0.06428750000000001,5.258007812500001,19.878,
0,3,,,8.575630187988281,45.09704589843751,896.81640625,0.0643175,5.2587890625,19.912,
0,3,,,8.568191528320312,45.05065917968751,898.388671875,0.064260625,5.258007812500001,19.946,
0,3,,,8.568191528320312,45.05065917968751,899.9511718750001,0.064260625,5.258007812500001,19.98,
0,3,,,8.6090087890625,45.26794433593751,901.5136718750001,0.0645678125,5.2582031250000005,20.014,
0,3,,,8.553886413574219,44.9798583984375,903.076171875,0.06415375000000001,5.2583984375,20.048,
0,3,,,8.553886413574219,44.9798583984375,904.501953125,0.06415375000000001,5.2583984375,20.082,
0,3,,,8.572769165039062,45.07690429687501,906.0644531250001,0.06429593750000001,5.2582031250000005,20.116,
0,3,,,8.580970764160158,45.12268066406251,907.6269531250001,0.06435750000000001,5.2583984375,20.15,
0,3,,,8.580970764160158,45.12268066406251,909.1894531250001,0.06435750000000001,5.2583984375,20.184,
0,3,,,8.5540771484375,44.97558593750001,910.6152343750001,0.064155,5.2578125,20.218,
0,3,,,8.548927307128906,44.95178222656251,912.1679687500001,0.0641165625,5.2582031250000005,20.252,
0,3,,,8.548927307128906,44.95178222656251,913.7402343750001,0.0641165625,5.2582031250000005,20.286,
0,3,,,8.583831787109377,45.13671875000001,915.3027343750001,0.06437875,5.2583984375,20.32,
0,3,,,8.570289611816406,45.06225585937501,916.7285156250001,0.06427656250000001,5.258007812500001,20.354,
0,3,,,8.570289611816406,45.06225585937501,918.2910156250001,0.06427656250000001,5.2583984375,20.388,
0,3,,,8.559799194335938,45.0103759765625,919.8535156250002,0.0641978125,5.2583984375,20.422,
0,3,,,8.558273315429688,45.00000000000001,921.42578125,0.06418625,5.2582031250000005,20.456,
0,3,,,8.558273315429688,45.00000000000001,922.98828125,0.0644496875,5.2583984375,20.491,
0,3,,,8.59336853027344,45.1873779296875,924.55078125,0.0644496875,5.2583984375,20.525,
0,3,,,8.579826354980469,45.11535644531251,925.966796875,0.06434875000000001,5.2583984375,20.559,
0,3,,,8.579826354980469,45.11535644531251,927.5390625000001,0.06430437500000001,5.2582031250000005,20.593,
0,3,,,8.57391357421875,45.08361816406251,929.1015625000001,0.06430437500000001,5.2582031250000005,20.627,
0,3,,,8.557701110839844,44.99877929687501,930.654296875,0.0641821875,5.2583984375,20.661,
0,3,,,8.557701110839844,44.99877929687501,932.080078125,0.0642053125,5.25859375,20.695,
0,3,,,8.560752868652344,45.01708984375001,933.6425781250001,0.0642053125,5.25859375,20.729,
0,3,,,8.602333068847656,45.23071289062501,935.2148437500001,0.0645175,5.258007812500001,20.763,
0,3,,,8.602333068847656,45.23071289062501,936.7773437500001,0.0642309375,5.2583984375,20.797,
0,3,,,8.564186096191406,45.0335693359375,938.193359375,0.0642309375,5.2583984375,20.831,
0,3,,,8.55560302734375,44.98474121093751,939.7656250000001,0.06416656250000001,5.258007812500001,20.865,
0,3,,,8.55560302734375,44.99877929687501,941.3183593750001,0.06418750000000001,5.258007812500001,20.899,
0,3,,,8.558464050292969,44.99877929687501,942.8906250000001,0.06418750000000001,5.258007812500001,20.933,
0,3,,,8.582115173339844,45.12573242187501,944.4531250000001,0.06436593750000001,5.2582031250000005,20.967,
0,3,,,8.541488647460938,44.91088867187501,945.8691406250001,0.06406062500000001,5.258007812500001,21.001,
0,3,,,8.541488647460938,44.91088867187501,947.4316406250001,0.06406062500000001,5.258007812500001,21.035,
0,3,,,8.605384826660156,45.2471923828125,949.0039062500002,0.06454,5.258007812500001,21.069,
0,3,,,8.5540771484375,44.97802734375001,950.5664062500001,0.064155,5.2582031250000005,21.103,
0,3,,,8.5540771484375,44.97802734375001,952.1289062500001,0.064155,5.2582031250000005,21.137,
0,3,,,8.587074279785156,45.1483154296875,953.5546875,0.0644025,5.2578125,21.171,
0,3,,,8.579826354980469,45.11474609375001,955.1171875,0.0643478125,5.2583984375,21.205,
0,3,,,8.579826354980469,45.11474609375001,956.6796875,0.0643478125,5.2583984375,21.239,
0,3,,,8.572006225585938,45.06774902343751,958.251953125,0.06428968750000001,5.2576171875,21.273,
0,3,,,8.555030822753906,44.98046875,959.66796875,0.06416250000000001,5.2578125,21.307,
0,3,,,8.555030822753906,44.98046875,961.2402343750001,0.06416250000000001,5.2578125,21.341,
0,3,,,8.584022521972656,45.13427734375,962.7929687500001,0.06438031250000001,5.258007812500001,21.375,
0,3,,,8.564949035644531,45.03906250000001,964.35546875,0.0642375,5.25859375,21.409,
0,3,,,8.564949035644531,45.03906250000001,965.9277343750001,0.0642375,5.25859375,21.443,
0,3,,,8.553123474121094,44.97070312500001,967.3535156250001,0.0641490625,5.2578125,21.477,
0,3,,,8.558273315429688,44.99877929687501,968.9160156250001,0.06418625,5.258007812500001,21.511,
0,3,,,8.558273315429688,44.99877929687501,970.4785156250001,0.06418625,5.258007812500001,21.546,
0,3,,,8.593177795410156,45.18310546875001,972.0410156250001,0.06444875,5.258007812500001,21.58,
0,3,,,8.568763732910156,45.05981445312501,973.6035156250001,0.06426593750000001,5.25859375,21.614,
0,3,,,8.568763732910156,45.05981445312501,975.0195312500001,0.06426593750000001,5.25859375,21.648,
0,3,,,8.575820922851562,45.09216308593751,976.5917968750002,0.0643184375,5.258007812500001,21.682,
0,3,,,8.561515808105469,45.02380371093751,978.1542968750001,0.06421062500000001,5.258984375000001,21.716,
0,3,,,8.561515808105469,45.02380371093751,979.7167968750001,0.06421062500000001,5.258984375000001,21.75,
0,3,,,8.568000793457031,45.05249023437501,981.1425781250001,0.06425968750000001,5.2582031250000005,21.784,
0,3,,,8.60748291015625,45.25695800781251,982.7050781250002,0.064555625,5.258007812500001,21.818,
0,3,,,8.60748291015625,45.25695800781251,984.2773437500001,0.064555625,5.258007812500001,21.852,
0,3,,,8.559799194335938,45.00854492187501,985.83984375,0.06419875,5.2582031250000005,21.886,
0,3,,,8.556365966796875,44.98779296875,987.265625,0.06417281250000001,5.2578125,21.92,
0,3,,,8.556365966796875,44.98779296875,988.8281250000001,0.06417281250000001,5.2582031250000005,21.954,
0,3,,,8.580398559570312,45.1165771484375,990.3808593750001,0.06435281250000001,5.2582031250000005,21.988,
0,3,,,8.576202392578127,45.101318359375,991.9531250000001,0.06432093750000001,5.258984375000001,22.022,
0,3,,,8.576202392578127,45.101318359375,993.5156250000001,0.06432093750000001,5.25859375,22.056,
0,3,,,8.557319641113281,44.99877929687501,994.9414062500001,0.06418,5.25859375,22.09,
0,3,,,8.59832763671875,45.2117919921875,996.5039062500001,0.064486875,5.2582031250000005,22.124,
0,3,,,8.59832763671875,45.2117919921875,998.0664062500001,0.0642459375,5.2583984375,22.157,
0,3,,,8.566093444824219,45.04333496093751,999.6386718750001,0.0642459375,5.2583984375,22.191,
0,3,,,8.572006225585938,45.07263183593751,1001.0546875000001,0.06429,5.2582031250000005,22.225,
0,3,,,8.572006225585938,45.07263183593751,1002.6171875000001,0.06428937500000001,5.2582031250000005,22.259,
0,3,,,8.572006225585938,45.072021484375,1004.1796875000002,0.06428937500000001,5.2582031250000005,22.293,
0,3,,,8.55998992919922,45.01159667968751,1005.7519531250001,0.0641990625,5.2583984375,22.327,
0,3,,,8.55998992919922,45.01159667968751,1007.1679687500001,0.06419000000000001,5.258984375000001,22.361,
0,3,,,8.55865478515625,45.00854492187501,1008.7304687500002,0.06419000000000001,5.258984375000001,22.395,
0,3,,,8.577537536621094,45.10437011718751,1010.2929687500002,0.06433125,5.2583984375,22.429,
0,3,,,8.577537536621094,45.10437011718751,1011.8554687500001,0.06421125000000001,5.2582031250000005,22.463,
0,3,,,8.561515808105469,45.01708984375001,1013.2812500000001,0.06421125000000001,5.2582031250000005,22.497,
0,3,,,8.554649353027344,44.98413085937501,1014.84375,0.064159375,5.25859375,22.531,
0,3,,,8.554649353027344,44.98718261718751,1016.3964843750002,0.064169375,5.258007812500001,22.565,
0,3,,,8.555984497070312,44.98718261718751,1017.9785156250001,0.064169375,5.258007812500001,22.6,
0,3,,,8.599853515625,45.22155761718751,1019.53125,0.06449906250000001,5.2583984375,22.634,
0,3,,,8.58612060546875,45.14892578125001,1021.1035156250001,0.06439531250000001,5.2583984375,22.668,
0,3,,,8.58612060546875,45.14892578125001,1022.5195312500001,0.06439531250000001,5.2583984375,22.702,
0,3,,,8.563041687011719,45.02807617187501,1024.08203125,0.0642221875,5.2583984375,22.736,
0,3,,,8.571434020996096,45.06774902343751,1025.6542968750002,0.06428625,5.258007812500001,22.77,
0,3,,,8.571434020996096,45.06774902343751,1027.2167968750002,0.06428625,5.258007812500001,22.804,
0,3,,,8.559417724609375,45.013427734375,1028.6425781250002,0.064195,5.258984375000001,22.838,
0,3,,,8.592605590820312,45.18249511718751,1030.205078125,0.064445,5.2582031250000005,22.872,
0,3,,,8.592605590820312,45.18249511718751,1031.7675781250002,0.064445,5.2582031250000005,22.906,
0,3,,,8.560752868652344,45.01770019531251,1033.330078125,0.06420625,5.25859375,22.94,
0,3,,,8.553695678710938,44.97619628906251,1034.7460937500002,0.064153125,5.2582031250000005,22.974,
0,3,,,8.553695678710938,44.97619628906251,1036.3183593750002,0.064153125,5.2582031250000005,23.008,
0,3,,,8.579254150390625,45.11413574218751,1037.8808593750002,0.06434437500000001,5.25859375,23.042,
0,3,,,8.573722839355469,45.08239746093751,1039.443359375,0.064303125,5.2582031250000005,23.076,
0,3,,,8.573722839355469,45.08239746093751,1040.8691406250002,0.064303125,5.2582031250000005,23.11,
0,3,,,8.553504943847656,44.9737548828125,1042.431640625,0.06415156250000001,5.258007812500001,23.144,
0,3,,,8.588218688964844,45.15502929687501,1043.994140625,0.06441187500000001,5.2578125,23.178,
0,3,,,8.588218688964844,45.15502929687501,1045.556640625,0.06441187500000001,5.2578125,23.211,
0,3,,,8.550643920898438,44.95849609375,1047.119140625,0.0641296875,5.258007812500001,23.245,
0,3,,,8.55998992919922,45.00915527343751,1048.53515625,0.06420000000000001,5.2582031250000005,23.28,
0,3,,,8.55998992919922,45.00915527343751,1050.0878906250002,0.06420000000000001,5.2582031250000005,23.314,
0,3,,,8.566665649414064,45.0439453125,1051.66015625,0.06425,5.258007812500001,23.348,
0,3,,,8.55998992919922,45.00671386718751,1053.22265625,0.06420000000000001,5.2578125,23.382,
0,3,,,8.55998992919922,45.00671386718751,1054.6484375,0.06420000000000001,5.2578125,23.416,
0,3,,,8.558082580566408,44.9957275390625,1056.2109375000002,0.06418531250000001,5.2578125,23.45,
0,3,,,8.58154296875,45.12756347656251,1057.7734375,0.0643609375,5.2587890625,23.484,
0,3,,,8.58154296875,45.12756347656251,1059.3457031250002,0.0643609375,5.2587890625,23.518,
0,3,,,8.578300476074219,45.10742187500001,1060.76171875,0.0643371875,5.2583984375,23.552,
0,3,,,8.547210693359375,44.94262695312501,1062.3339843750002,0.0641034375,5.2582031250000005,23.585,
0,3,,,8.547210693359375,44.94262695312501,1063.88671875,0.0641034375,5.2582031250000005,23.619,
0,3,,,8.556365966796875,44.99267578125001,1065.4589843750002,0.064171875,5.2583984375,23.654,
0,3,,,8.593177795410156,45.18310546875001,1067.0117187500002,0.06444875,5.258007812500001,23.688,
0,3,,,8.593177795410156,45.18310546875001,1068.5839843750002,0.06444875,5.2582031250000005,23.722,
0,3,,,8.592987060546875,45.18310546875001,1070.0097656250002,0.0644478125,5.2582031250000005,23.756,
0,3,,,8.570098876953125,45.06164550781251,1071.5722656250002,0.06427625000000001,5.258007812500001,23.79,
0,3,,,8.570098876953125,45.06164550781251,1073.134765625,0.0641928125,5.2582031250000005,23.824,
0,3,,,8.559036254882814,45.00549316406251,1074.6972656250002,0.0641928125,5.2582031250000005,23.858,
0,3,,,8.56170654296875,45.02258300781251,1076.1132812500002,0.0642125,5.25859375,23.892,
0,3,,,8.56170654296875,45.02258300781251,1077.685546875,0.064415625,5.258007812500001,23.926,
0,3,,,8.588790893554688,45.15930175781251,1079.23828125,0.064415625,5.258007812500001,23.96,
0,3,,,8.551597595214844,44.9676513671875,1080.8203125,0.06413718750000001,5.2583984375,23.994,
0,3,,,8.551597595214844,44.9676513671875,1082.236328125,0.06425156250000001,5.25859375,24.028,
0,3,,,8.566856384277344,45.050048828125,1083.7988281250002,0.06425156250000001,5.25859375,24.062,
0,3,,,8.567047119140625,45.04516601562501,1085.361328125,0.0642521875,5.258007812500001,24.096,
0,4,,,6.3457489013671875,33.392333984375,0.32226562500000006,0.048184062500000006,5.261914062500001,0.017,
0,4,,,6.424522399902344,33.804931640625,1.5234375000000002,0.048184062500000006,5.261914062500001,0.051,
0,4,,,6.54735565185547,34.453125,2.7148437500000004,0.049104375000000006,5.2623046875,0.085,
0,4,,,6.54735565185547,34.453125,3.7988281250000004,0.049085312500000006,5.261328125,0.119,
0,4,,,6.544685363769531,34.43420410156251,4.990234375,0.049085312500000006,5.261328125,0.153,
0,4,,,6.5334320068359375,34.3780517578125,6.191406250000001,0.049001562500000005,5.261914062500001,0.187,
0,4,,,6.5334320068359375,34.3780517578125,7.382812500000002,0.0491559375,5.261914062500001,0.221,
0,4,,,6.554222106933594,34.48730468750001,8.583984375000002,0.0491559375,5.261914062500001,0.255,
0,4,,,6.5647125244140625,34.542236328125,9.677734375000002,0.04923625,5.26171875,0.289,
0,4,,,6.548309326171876,34.45678710937501,10.869140625000002,0.049112812500000005,5.261914062500001,0.323,
0,4,,,6.548309326171876,34.45678710937501,12.070312500000002,0.049112812500000005,5.261914062500001,0.357,
0,4,,,6.5601348876953125,34.51599121093751,13.261718750000002,0.04920093750000001,5.2615234375,0.391,
0,4,,,6.542778015136719,34.42749023437501,14.355468750000002,0.049070312500000005,5.2621093750000005,0.425,
0,4,,,6.542778015136719,34.42749023437501,15.546875000000002,0.049070312500000005,5.2621093750000005,0.459,
0,4,,,6.557655334472657,34.5062255859375,16.748046875000004,0.0491821875,5.2621093750000005,0.493,
0,4,,,6.5570831298828125,34.5001220703125,17.939453125,0.049177500000000006,5.2615234375,0.527,
0,4,,,6.5570831298828125,34.5001220703125,19.033203125000004,0.049177500000000006,5.2615234375,0.561,
0,4,,,6.5448760986328125,34.43603515625,20.234375000000004,0.049086250000000005,5.26171875,0.596,
0,4,,,6.583404541015626,34.642333984375,21.42578125,0.049375312500000004,5.2621093750000005,0.63,
0,4,,,6.583404541015626,34.642333984375,22.626953125,0.049375312500000004,5.2621093750000005,0.664,
0,4,,,6.528663635253906,34.35058593750001,23.818359375,0.048965625000000006,5.2615234375,0.698,
0,4,,,6.545448303222657,34.4390869140625,25.01953125,0.0490909375,5.2615234375,0.732,
0,4,,,6.545448303222657,34.4390869140625,26.09375,0.0490909375,5.2615234375,0.766,
0,4,,,6.534385681152344,34.38537597656251,27.294921875000004,0.0490075,5.2623046875,0.8,
0,4,,,6.553077697753907,34.48486328125,28.486328125,0.0491484375,5.2625,0.834,
0,4,,,6.553077697753907,34.48486328125,29.677734375000004,0.0491484375,5.2625,0.868,
0,4,,,6.548309326171876,34.45495605468751,30.771484375000004,0.049112812500000005,5.26171875,0.902,
0,4,,,6.538200378417969,34.4024658203125,31.962890625000004,0.04903625,5.261914062500001,0.936,
0,4,,,6.538200378417969,34.4024658203125,33.1640625,0.04903625,5.261914062500001,0.97,
0,4,,,6.538200378417969,34.4049072265625,34.35546875,0.04903625,5.2621093750000005,1.004,
0,4,,,6.5647125244140625,34.5428466796875,35.44921875000001,0.049234687500000006,5.261914062500001,1.038,
0,4,,,6.5647125244140625,34.5428466796875,36.640625,0.049234687500000006,5.261914062500001,1.072,
0,4,,,6.55364990234375,34.48425292968751,37.841796875,0.04915218750000001,5.261914062500001,1.106,
0,4,,,6.552696228027344,34.47937011718751,39.03320312500001,0.049145,5.261914062500001,1.14,
0,4,,,6.552696228027344,34.47937011718751,40.22460937500001,0.049145,5.261914062500001,1.174,
0,4,,,6.534385681152344,34.38110351562501,41.318359375,0.0490075,5.26171875,1.208,
0,4,,,6.539535522460938,34.4140625,42.51953125000001,0.049046250000000007,5.2625,1.242,
0,4,,,6.539535522460938,34.4140625,43.72070312500001,0.049046250000000007,5.2625,1.276,
0,4,,,6.584930419921875,34.649658203125,44.91210937500001,0.0493875,5.261914062500001,1.309,
0,4,,,6.530570983886719,34.359130859375,45.99609375,0.0489796875,5.261328125,1.343,
0,4,,,6.530570983886719,34.359130859375,47.18750000000001,0.0489796875,5.2623046875,1.378,
0,4,,,6.564903259277344,34.54650878906251,48.38867187500001,0.049236875000000006,5.2623046875,1.412,
0,4,,,6.554603576660156,34.48974609375,49.58007812500001,0.04915968750000001,5.261914062500001,1.446,
0,4,,,6.554603576660156,34.48974609375,50.673828125,0.04915968750000001,5.2615234375,1.48,
0,4,,,6.535911560058595,34.38781738281251,51.87500000000001,0.04901875000000001,5.2615234375,1.514,
0,4,,,6.5685272216796875,34.56481933593751,53.06640625,0.04926343750000001,5.2623046875,1.548,
0,4,,,6.5685272216796875,34.56481933593751,54.26757812500001,0.0491271875,5.26171875,1.582,
0,4,,,6.550216674804688,34.46533203125001,55.458984375,0.0491271875,5.26171875,1.616,
0,4,,,6.55193328857422,34.476318359375,56.66015625000001,0.04914,5.261914062500001,1.651,
0,4,,,6.55193328857422,34.476318359375,57.74414062500001,0.049135937500000004,5.26171875,1.684,
0,4,,,6.551361083984375,34.47143554687501,58.94531250000001,0.049135937500000004,5.26171875,1.718,
0,4,,,6.548881530761719,34.4610595703125,60.136718750000014,0.049117187500000006,5.2621093750000005,1.752,
0,4,,,6.548881530761719,34.4610595703125,61.337890625,0.049325625000000005,5.26171875,1.786,
0,4,,,6.576728820800782,34.6038818359375,62.43164062500001,0.049325625000000005,5.26171875,1.82,
0,4,,,6.561470031738282,34.5281982421875,63.63281250000001,0.04921156250000001,5.2623046875,1.854,
0,4,,,6.561470031738282,34.4775390625,64.82421875000001,0.049144375000000004,5.26171875,1.888,
0,4,,,6.5525054931640625,34.4775390625,66.01562500000001,0.049144375000000004,5.26171875,1.922,
0,4,,,6.555366516113281,34.49340820312501,67.21679687500001,0.049165937500000007,5.261914062500001,1.956,
0,4,,,6.541442871093751,34.42199707031251,68.30078125000001,0.0490615625,5.2621093750000005,1.99,
0,4,,,6.541442871093751,34.42199707031251,69.501953125,0.0490615625,5.2621093750000005,2.024,
0,4,,,6.580543518066407,34.62646484375,70.703125,0.0493546875,5.261914062500001,2.058,
0,4,,,6.5563201904296875,34.4989013671875,71.90429687500001,0.0491725,5.261914062500001,2.092,
0,4,,,6.5563201904296875,34.4989013671875,72.998046875,0.0491725,5.261914062500001,2.126,
0,4,,,6.566619873046875,34.552001953125,74.18945312500001,0.0492490625,5.261914062500001,2.16,
0,4,,,6.566047668457031,34.5513916015625,75.390625,0.0492459375,5.2621093750000005,2.194,
0,4,,,6.566047668457031,34.5513916015625,76.591796875,0.0492459375,5.2621093750000005,2.228,
0,4,,,6.5441131591796875,34.4329833984375,77.67578125000001,0.0490815625,5.26171875,2.262,
0,4,,,6.567382812500001,34.5538330078125,78.87695312500001,0.049255625000000004,5.2615234375,2.296,
0,4,,,6.567382812500001,34.5538330078125,80.078125,0.049255625000000004,5.2615234375,2.33,
0,4,,,6.565475463867188,34.54772949218751,81.26953125000001,0.04924125000000001,5.2621093750000005,2.364,
0,4,,,6.518363952636719,34.29626464843751,82.46093750000001,0.048887187500000005,5.2615234375,2.398,
0,4,,,6.518363952636719,34.29626464843751,83.5546875,0.048887187500000005,5.2615234375,2.432,
0,4,,,6.566238403320313,34.55444335937501,84.73632812500001,0.049247187500000005,5.2625,2.466,
0,4,,,6.563758850097656,34.534912109375,85.9375,0.0492278125,5.2615234375,2.5,
0,4,,,6.563758850097656,34.534912109375,87.13867187500001,0.0492278125,5.2615234375,2.534,
0,4,,,6.555747985839845,34.490966796875,88.22265625000001,0.0491675,5.261328125,2.568,
0,4,,,6.541252136230469,34.41894531250001,89.42382812500001,0.049059687500000004,5.261914062500001,2.602,
0,4,,,6.541252136230469,34.41894531250001,90.62500000000001,0.049059687500000004,5.261914062500001,2.636,
0,4,,,6.542778015136719,34.422607421875,91.81640625000001,0.049071250000000004,5.2611328125000005,2.67,
0,4,,,6.570053100585938,34.56787109375,93.00781250000001,0.049275000000000006,5.2615234375,2.705,
0,4,,,6.570053100585938,34.56787109375,94.10156250000001,0.049275000000000006,5.2615234375,2.739,
0,4,,,6.552314758300781,34.47937011718751,95.30273437500001,0.049143125,5.2621093750000005,2.773,
0,4,,,6.557846069335938,34.50744628906251,96.494140625,0.0491834375,5.2621093750000005,2.807,
0,4,,,6.557846069335938,34.50744628906251,97.69531250000001,0.0491834375,5.2621093750000005,2.841,
0,4,,,6.556701660156251,34.5001220703125,98.89648437500001,0.049175312500000005,5.261914062500001,2.875,
0,4,,,6.558609008789063,34.51110839843751,99.99023437500001,0.04919031250000001,5.261914062500001,2.909,
0,4,,,6.558609008789063,34.51110839843751,101.18164062500001,0.04919031250000001,5.2621093750000005,2.943,
0,4,,,6.561470031738282,34.52636718750001,102.38281250000001,0.049211250000000005,5.2621093750000005,2.977,
0,4,,,6.548881530761719,34.4598388671875,103.57421875000001,0.0491165625,5.261914062500001,3.011,
0,4,,,6.548881530761719,34.4598388671875,104.65820312500001,0.0491165625,5.26171875,3.045,
0,4,,,6.565093994140625,34.54345703125,105.859375,0.0492384375,5.26171875,3.079,
0,4,,,6.558799743652345,34.51171875,107.05078125,0.049191250000000006,5.261914062500001,3.113,
0,4,,,6.558799743652345,34.51171875,108.26171875000001,0.049235625000000005,5.2615234375,3.147,
0,4,,,6.5647125244140625,34.54101562500001,109.453125,0.049235625000000005,5.2615234375,3.181,
0,4,,,6.561279296875,34.52270507812501,110.546875,0.049210000000000004,5.26171875,3.215,
0,4,,,6.561279296875,34.52270507812501,111.748046875,0.04919031250000001,5.2623046875,3.249,
0,4,,,6.558609008789063,34.51354980468751,112.939453125,0.04919031250000001,5.2623046875,3.283,
0,4,,,6.579589843750001,34.619140625,114.140625,0.049346875000000005,5.26171875,3.317,
0,4,,,6.579589843750001,34.619140625,115.22460937500001,0.049030625,5.261914062500001,3.351,
0,4,,,6.537437438964844,34.3988037109375,116.41601562500003,0.049030625,5.261914062500001,3.385,
0,4,,,6.540107727050781,34.4134521484375,117.61718750000001,0.0490509375,5.261914062500001,3.419,
0,4,,,6.540107727050781,34.4134521484375,118.81835937500001,0.049280000000000004,5.26171875,3.453,
0,4,,,6.570625305175781,34.57214355468751,119.91210937500001,0.049280000000000004,5.26171875,3.487,
0,4,,,6.546783447265625,34.44946289062501,121.10351562500001,0.0491015625,5.2621093750000005,3.521,
0,4,,,6.546783447265625,34.44946289062501,122.29492187500001,0.049060937500000006,5.261914062500001,3.555,
0,4,,,6.541442871093751,34.4207763671875,123.49609375000003,0.049060937500000006,5.261914062500001,3.589,
0,4,,,6.546592712402344,34.44580078125,124.57031250000001,0.049099062500000006,5.26171875,3.623,
0,4,,,6.5372467041015625,34.3994140625,125.77148437500001,0.0490296875,5.2621093750000005,3.657,
0,4,,,6.5372467041015625,34.3994140625,126.96289062500001,0.0490296875,5.2621093750000005,3.691,
0,4,,,6.544685363769531,34.43725585937501,128.15429687500003,0.049085625,5.261914062500001,3.725,
0,4,,,6.520271301269531,34.3072509765625,129.34570312500003,0.048902187500000006,5.26171875,3.759,
0,4,,,6.520271301269531,34.3072509765625,130.54687500000003,0.048902187500000006,5.26171875,3.793,
0,4,,,6.554031372070313,34.48486328125,131.63085937500003,0.049155312500000006,5.26171875,3.827,
0,4,,,6.558036804199219,34.50744628906251,132.83203125,0.0491853125,5.261914062500001,3.861,
0,4,,,6.558036804199219,34.50744628906251,134.033203125,0.0491853125,5.261914062500001,3.895,
0,4,,,6.550407409667969,34.46533203125001,135.23437500000003,0.049128437500000004,5.2615234375,3.929,
0,4,,,6.574249267578125,34.59411621093751,136.318359375,0.0493071875,5.2621093750000005,3.963,
0,4,,,6.574249267578125,34.59411621093751,137.51953125000003,0.0493071875,5.2621093750000005,3.997,
0,4,,,6.558609008789063,34.50988769531251,138.71093750000003,0.04919031250000001,5.26171875,4.031,
0,4,,,6.546211242675782,34.4439697265625,139.912109375,0.04909718750000001,5.26171875,4.065,
0,4,,,6.546211242675782,34.4439697265625,140.99609375000003,0.04909718750000001,5.26171875,4.099,
0,4,,,6.550407409667969,34.466552734375,142.197265625,0.049128437500000004,5.261914062500001,4.133,
0,4,,,6.5303802490234375,34.36096191406251,143.388671875,0.0489778125,5.26171875,4.167,
0,4,,,6.5303802490234375,34.36096191406251,144.580078125,0.0489778125,5.26171875,4.201,
0,4,,,6.55956268310547,34.51660156250001,145.67382812500003,0.049196562500000006,5.2621093750000005,4.235,
0,4,,,6.5784454345703125,34.61181640625,146.875,0.0493378125,5.2615234375,4.269,
0,4,,,6.5784454345703125,34.61181640625,148.06640625,0.0493378125,5.2615234375,4.303,
0,4,,,6.57024383544922,34.57153320312501,149.267578125,0.04927718750000001,5.261914062500001,4.337,
0,4,,,6.55956268310547,34.51843261718751,150.36132812500003,0.049196562500000006,5.2623046875,4.371,
0,4,,,6.55956268310547,34.51843261718751,151.56250000000003,0.049196562500000006,5.2623046875,4.405,
0,4,,,6.553077697753907,34.47937011718751,152.76367187500003,0.049147812500000006,5.26171875,4.439,
0,4,,,6.571769714355469,34.58251953125,153.955078125,0.04928781250000001,5.2625,4.473,
0,4,,,6.571769714355469,34.58251953125,155.16601562500003,0.04928781250000001,5.2625,4.507,
0,4,,,6.597137451171875,34.7113037109375,156.25,0.04947843750000001,5.2615234375,4.541,
0,4,,,6.554603576660156,34.4903564453125,157.45117187500003,0.049159375000000005,5.2621093750000005,4.575,
0,4,,,6.554603576660156,34.4903564453125,158.65234375000003,0.049159375000000005,5.2621093750000005,4.609,
0,4,,,6.56585693359375,34.54956054687501,159.85351562500003,0.04924375,5.2621093750000005,4.643,
0,4,,,6.549072265625001,34.4586181640625,160.9375,0.0491175,5.26171875,4.676,
0,4,,,6.549072265625001,34.4586181640625,162.13867187500003,0.0491175,5.2621093750000005,4.71,
0,4,,,6.584548950195313,34.64843750000001,163.33984375000003,0.0493846875,5.2621093750000005,4.744,
0,4,,,6.567955017089844,34.5574951171875,164.53125000000003,0.049259375,5.26171875,4.778,
0,4,,,6.567955017089844,34.5574951171875,165.73242187500003,0.049235625000000005,5.261914062500001,4.813,
0,4,,,6.5647125244140625,34.5428466796875,166.82617187500003,0.049235625000000005,5.261914062500001,4.847,
0,4,,,6.55193328857422,34.47143554687501,168.017578125,0.049139062500000004,5.261328125,4.881,
0,4,,,6.55193328857422,34.47143554687501,169.21875000000003,0.049136875,5.2615234375,4.915,
0,4,,,6.551551818847656,34.47143554687501,170.41992187500003,0.049136875,5.2615234375,4.949,
0,4,,,6.562995910644531,34.53369140625001,171.50390625,0.049221875000000005,5.2621093750000005,4.983,
0,4,,,6.562995910644531,34.53369140625001,172.69531250000003,0.0490571875,5.2621093750000005,5.017,
0,4,,,6.5410614013671875,34.41955566406251,173.89648437500003,0.0490571875,5.2621093750000005,5.051,
0,4,,,6.554603576660156,34.48974609375,175.09765625,0.049159375000000005,5.261914062500001,5.085,
0,4,,,6.554603576660156,34.48974609375,176.2890625,0.0492434375,5.2615234375,5.119,
0,4,,,6.56585693359375,34.5458984375,177.38281250000003,0.0492434375,5.2615234375,5.153,
0,4,,,6.543922424316406,34.4329833984375,178.57421875,0.049079062500000006,5.261914062500001,5.187,
0,4,,,6.543922424316406,34.4329833984375,179.78515625000003,0.0494353125,5.26171875,5.221,
0,4,,,6.5914154052734375,34.6820068359375,180.97656250000003,0.0494353125,5.26171875,5.255,
0,4,,,6.536293029785156,34.393310546875,182.06054687500003,0.049022500000000004,5.261914062500001,5.289,
0,4,,,6.53839111328125,34.40979003906251,183.251953125,0.049038125,5.2626953125,5.323,
0,4,,,6.53839111328125,34.40979003906251,184.45312500000003,0.049038125,5.2626953125,5.357,
0,4,,,6.58111572265625,34.62646484375,185.64453125000003,0.04935875000000001,5.2615234375,5.391,
0,4,,,6.531524658203125,34.36645507812501,186.73828125000003,0.0489871875,5.26171875,5.425,
0,4,,,6.531524658203125,34.36645507812501,187.92968750000003,0.0489871875,5.26171875,5.459,
0,4,,,6.554603576660156,34.4891357421875,189.13085937500003,0.04916,5.26171875,5.493,
0,4,,,6.546783447265625,34.45068359375,190.32226562500003,0.0491015625,5.2623046875,5.527,
0,4,,,6.546783447265625,34.45068359375,191.40625,0.0491015625,5.2623046875,5.561,
0,4,,,6.521797180175781,34.3157958984375,192.60742187500003,0.0489140625,5.26171875,5.595,
0,4,,,6.568717956542969,34.56176757812501,193.79882812500003,0.04926562500000001,5.2615234375,5.628,
0,4,,,6.568717956542969,34.56176757812501,195.00000000000003,0.04926562500000001,5.2615234375,5.662,
0,4,,,6.553077697753907,34.481201171875,196.09375,0.049147812500000006,5.261914062500001,5.696,
0,4,,,6.578636169433595,34.6160888671875,197.29492187500003,0.049340312500000004,5.261914062500001,5.73,
0,4,,,6.578636169433595,34.6160888671875,198.486328125,0.049340312500000004,5.261914062500001,5.764,
0,4,,,6.5277099609375,34.3475341796875,199.67773437500003,0.0489578125,5.261914062500001,5.798,
0,4,,,6.537818908691407,34.4024658203125,200.87890625000003,0.04903375,5.2621093750000005,5.832,
0,4,,,6.537818908691407,34.4024658203125,202.07031250000006,0.04903375,5.2621093750000005,5.867,
0,4,,,6.55517578125,34.49462890625001,203.15429687500003,0.049163125,5.2623046875,5.901,
0,4,,,6.543159484863281,34.4317626953125,204.345703125,0.049073125,5.2623046875,5.935,
0,4,,,6.543159484863281,34.4317626953125,205.54687500000003,0.049073125,5.2623046875,5.969,
0,4,,,6.569671630859375,34.5672607421875,206.73828125000003,0.0492721875,5.26171875,6.003,
0,4,,,6.53076171875,34.36584472656251,207.83203125000006,0.048981250000000004,5.2621093750000005,6.037,
0,4,,,6.53076171875,34.36584472656251,209.02343750000003,0.048981250000000004,5.2621093750000005,6.071,
0,4,,,6.533622741699219,34.37866210937501,210.22460937500003,0.049002500000000004,5.261914062500001,6.105,
0,4,,,6.557846069335938,34.50378417968751,211.416015625,0.049184687500000004,5.261328125,6.139,
0,4,,,6.557846069335938,34.50378417968751,212.509765625,0.049184687500000004,5.261328125,6.173,
0,4,,,6.557273864746094,34.50256347656251,213.70117187500003,0.049180312500000004,5.26171875,6.207,
0,4,,,6.580734252929688,34.62463378906251,214.90234375,0.049355,5.2615234375,6.241,
0,4,,,6.580734252929688,34.62463378906251,216.09375000000003,0.049355,5.2615234375,6.275,
0,4,,,6.5258026123046875,34.33837890625,217.294921875,0.04894375,5.261914062500001,6.309,
0,4,,,6.5631866455078125,34.53002929687501,218.38867187500003,0.049224062500000006,5.261328125,6.343,
0,4,,,6.5631866455078125,34.53002929687501,219.58007812500003,0.049224062500000006,5.261914062500001,6.377,
0,4,,,6.568145751953126,34.5599365234375,220.78125000000003,0.049260937500000004,5.261914062500001,6.411,
0,4,,,6.533050537109376,34.37622070312501,221.97265625,0.048997500000000006,5.261914062500001,6.445,
0,4,,,6.533050537109376,34.37622070312501,223.056640625,0.048997500000000006,5.2615234375,6.479,
0,4,,,6.578826904296876,34.61425781250001,224.25781250000003,0.04934187500000001,5.2615234375,6.513,
0,4,,,6.530189514160157,34.36401367187501,225.44921875,0.048977187500000005,5.2623046875,6.547,
0,4,,,6.530189514160157,34.36401367187501,226.65039062500003,0.0491971875,5.2621093750000005,6.581,
0,4,,,6.55956268310547,34.51721191406251,227.744140625,0.0491971875,5.2621093750000005,6.615,
0,4,,,6.5582275390625,34.50744628906251,228.93554687500003,0.0491865625,5.26171875,6.649,
0,4,,,6.5582275390625,34.50744628906251,230.13671875,0.04920843750000001,5.2615234375,6.683,
0,4,,,6.561088562011719,34.5208740234375,231.33789062500003,0.04920843750000001,5.2615234375,6.717,
0,4,,,6.563758850097656,34.537353515625,232.529296875,0.049228125000000005,5.261914062500001,6.751,
0,4,,,6.563758850097656,34.537353515625,233.61328125000003,0.048855,5.2615234375,6.785,
0,4,,,6.513977050781251,34.27307128906251,234.80468750000003,0.048855,5.2615234375,6.819,
0,4,,,6.539344787597656,34.4085693359375,236.00585937500006,0.0490446875,5.261914062500001,6.853,
0,4,,,6.539344787597656,34.4085693359375,237.19726562500003,0.049214375000000005,5.2623046875,6.887,
0,4,,,6.561851501464844,34.5306396484375,238.39843750000003,0.049214375000000005,5.2623046875,6.921,
0,4,,,6.547737121582031,34.454345703125,239.48242187500003,0.04910781250000001,5.2621093750000005,6.955,
0,4,,,6.547737121582031,34.45739746093751,240.67382812500003,0.049114687500000004,5.261914062500001,6.989,
0,4,,,6.5486907958984375,34.45739746093751,241.88476562500003,0.049114687500000004,5.261914062500001,7.023,
0,4,,,6.574249267578125,34.595947265625,243.07617187500006,0.0493071875,5.2623046875,7.057,
0,4,,,6.546783447265625,34.44885253906251,244.16015625000003,0.049100625,5.2621093750000005,7.091,
0,4,,,6.546783447265625,34.44885253906251,245.361328125,0.049100625,5.2621093750000005,7.125,
0,4,,,6.561279296875,34.5233154296875,246.55273437500003,0.049210000000000004,5.26171875,7.159,
0,4,,,6.5639495849609375,34.53857421875,247.76367187500003,0.049229062500000004,5.2621093750000005,7.193,
0,4,,,6.5639495849609375,34.53857421875,248.84765625000006,0.049229062500000004,5.2621093750000005,7.227,
0,4,,,6.562423706054688,34.5269775390625,250.048828125,0.049218437500000004,5.261328125,7.261,
0,4,,,6.540107727050781,34.41223144531251,251.24023437500003,0.049051250000000005,5.26171875,7.295,
0,4,,,6.540107727050781,34.41223144531251,252.44140625,0.049051250000000005,5.26171875,7.329,
0,4,,,6.561851501464844,34.527587890625,253.52539062500006,0.04921468750000001,5.261914062500001,7.363,
0,4,,,6.575584411621094,34.598388671875,254.72656250000003,0.049317187500000005,5.26171875,7.397,
0,4,,,6.575584411621094,34.598388671875,255.92773437500006,0.049317187500000005,5.26171875,7.431,
0,4,,,6.537628173828126,34.3975830078125,257.119140625,0.049031875,5.2615234375,7.465,
0,4,,,6.5685272216796875,34.56237792968751,258.32031250000006,0.049264062500000004,5.261914062500001,7.499,
0,4,,,6.5685272216796875,34.56237792968751,259.40429687500006,0.049264062500000004,5.261914062500001,7.533,
0,4,,,6.528282165527345,34.351806640625,260.595703125,0.048961875,5.2621093750000005,7.567,
0,4,,,6.5456390380859375,34.44152832031251,261.79687500000006,0.04909187500000001,5.261914062500001,7.601,
0,4,,,6.5456390380859375,34.44152832031251,262.98828125,0.04909187500000001,5.261914062500001,7.635,
0,4,,,6.591606140136719,34.6820068359375,264.08203125,0.049436875000000005,5.26171875,7.669,
0,4,,,6.550407409667969,34.46411132812501,265.28320312500006,0.049128437500000004,5.2615234375,7.703,
0,4,,,6.550407409667969,34.46411132812501,266.47460937500006,0.049128437500000004,5.2615234375,7.737,
0,4,,,6.546592712402344,34.447021484375,267.66601562500006,0.049099375,5.261914062500001,7.771,
0,4,,,6.544685363769531,34.4366455078125,268.75976562500006,0.049085312500000006,5.261914062500001,7.805,
0,4,,,6.544685363769531,34.4366455078125,269.951171875,0.049085312500000006,5.261914062500001,7.839,
0,4,,,6.53209686279297,34.37133789062501,271.15234375,0.04899125000000001,5.261914062500001,7.873,
0,4,,,6.560707092285157,34.520263671875,272.34375000000006,0.0492053125,5.26171875,7.907,
0,4,,,6.560707092285157,34.520263671875,273.4375,0.0492053125,5.26171875,7.941,
0,4,,,6.538963317871094,34.41040039062501,274.73632812500006,0.049041562500000004,5.2625,7.975,
0,4,,,6.5570831298828125,34.50378417968751,275.8203125,0.049178437500000005,5.2621093750000005,8.009,
0,4,,,6.5570831298828125,34.50378417968751,277.021484375,0.049178437500000005,5.2621093750000005,8.043,
0,4,,,6.5303802490234375,34.36401367187501,278.21289062500006,0.04897750000000001,5.2623046875,8.077,
0,4,,,6.536102294921875,34.393310546875,279.41406250000006,0.049020625000000005,5.2621093750000005,8.111,
0,4,,,6.536102294921875,34.393310546875,280.498046875,0.049020625000000005,5.2621093750000005,8.145,
0,4,,,6.5784454345703125,34.61547851562501,281.689453125,0.049338125000000004,5.2621093750000005,8.179,
0,4,,,6.5402984619140625,34.4140625,282.890625,0.049051875,5.261914062500001,8.213,
0,4,,,6.5402984619140625,34.4140625,284.08203125000006,0.0491303125,5.2621093750000005,8.247,
0,4,,,6.550788879394531,34.47082519531251,285.17578125000006,0.0491303125,5.2621093750000005,8.281,
0,4,,,6.567382812500001,34.5587158203125,286.376953125,0.04925625,5.2621093750000005,8.315,
0,4,,,6.567382812500001,34.5587158203125,287.568359375,0.049084062500000004,5.2621093750000005,8.349,
0,4,,,6.544494628906251,34.4378662109375,288.759765625,0.049084062500000004,5.2621093750000005,8.383,
0,4,,,6.545448303222657,34.43969726562501,289.85351562500006,0.04909125,5.26171875,8.417,
0,4,,,6.545448303222657,34.43969726562501,291.0546875,0.049258750000000004,5.26171875,8.451,
0,4,,,6.5677642822265625,34.55810546875,292.24609375000006,0.049258750000000004,5.26171875,8.485,
0,4,,,6.545066833496094,34.4390869140625,293.447265625,0.049087500000000006,5.261914062500001,8.519,
0,4,,,6.545066833496094,34.4390869140625,294.6484375,0.04931125,5.26171875,8.553,
0,4,,,6.57482147216797,34.59472656250001,295.73242187500006,0.04931125,5.26171875,8.587,
0,4,,,6.5555572509765625,34.49462890625001,296.93359375000006,0.0491671875,5.261914062500001,8.621,
0,4,,,6.5555572509765625,34.49462890625001,298.134765625,0.04933437500000001,5.261914062500001,8.655,
0,4,,,6.57787322998047,34.61181640625,299.33593750000006,0.04933437500000001,5.261914062500001,8.689,
0,4,,,6.550025939941407,34.46472167968751,300.41992187500006,0.04912468750000001,5.261914062500001,8.723,
0,4,,,6.526756286621094,34.34265136718751,301.611328125,0.04895093750000001,5.261914062500001,8.757,
0,4,,,6.526756286621094,34.34265136718751,302.80273437500006,0.04895093750000001,5.261914062500001,8.791,
0,4,,,6.57024383544922,34.56787109375,304.00390625,0.04927718750000001,5.261328125,8.825,
0,4,,,6.525993347167969,34.3402099609375,305.08789062500006,0.048945,5.2621093750000005,8.859,
0,4,,,6.525993347167969,34.3402099609375,306.27929687500006,0.048945,5.2621093750000005,8.893,
0,4,,,6.55364990234375,34.483642578125,307.48046875000006,0.049151875000000005,5.261914062500001,8.927,
0,4,,,6.550025939941407,34.4635009765625,308.67187500000006,0.0491259375,5.2615234375,8.961,
0,4,,,6.550025939941407,34.4635009765625,309.87304687500006,0.0491259375,5.2615234375,8.995,
0,4,,,6.541252136230469,34.41650390625,311.07421875,0.04905906250000001,5.2615234375,9.03,
0,4,,,6.554603576660156,34.48852539062501,312.15820312500006,0.0491590625,5.26171875,9.064,
0,4,,,6.554603576660156,34.48852539062501,313.34960937500006,0.0491590625,5.26171875,9.097,
0,4,,,6.533050537109376,34.37377929687501,314.55078125,0.048997500000000006,5.26171875,9.131,
0,4,,,6.562042236328125,34.5294189453125,315.74218750000006,0.049215312500000004,5.2621093750000005,9.165,
0,4,,,6.562042236328125,34.5294189453125,316.82617187500006,0.049215312500000004,5.2621093750000005,9.199,
0,4,,,6.543731689453125,34.4287109375,318.02734375000006,0.0490775,5.2615234375,9.233,
0,4,,,6.529235839843751,34.35607910156251,319.21875000000006,0.048969687500000005,5.261914062500001,9.267,
0,4,,,6.529235839843751,34.35607910156251,320.41992187500006,0.048969687500000005,5.261914062500001,9.301,
0,4,,,6.55956268310547,34.515380859375,321.49414062500006,0.049196250000000004,5.261914062500001,9.335,
0,4,,,6.543350219726563,34.4305419921875,322.69531250000006,0.049074375,5.2621093750000005,9.369,
0,4,,,6.543350219726563,34.4305419921875,323.88671875000006,0.049074375,5.2621093750000005,9.403,
0,4,,,6.55517578125,34.4915771484375,325.08789062500006,0.049163437500000004,5.261914062500001,9.437,
0,4,,,6.5277099609375,34.34692382812501,326.171875,0.04895843750000001,5.26171875,9.471,
0,4,,,6.5277099609375,34.34692382812501,327.36328125,0.04895843750000001,5.26171875,9.505,
0,4,,,6.533622741699219,34.38171386718751,328.56445312500006,0.0490021875,5.2623046875,9.539,
0,4,,,6.557655334472657,34.50317382812501,329.75585937500006,0.04918187500000001,5.26171875,9.573,
0,4,,,6.557655334472657,34.50317382812501,330.95703125000006,0.04918187500000001,5.26171875,9.607,
0,4,,,6.551551818847656,34.47143554687501,332.04101562500006,0.0491365625,5.2615234375,9.641,
0,4,,,6.5525054931640625,34.47998046875001,333.232421875,0.049144375000000004,5.2621093750000005,9.675,
0,4,,,6.5525054931640625,34.47998046875001,334.43359375000006,0.049144375000000004,5.2621093750000005,9.709,
0,4,,,6.54735565185547,34.44885253906251,335.63476562500006,0.04910562500000001,5.2615234375,9.743,
0,4,,,6.552696228027344,34.4775390625,336.71875,0.049144687500000006,5.26171875,9.777,
0,4,,,6.552696228027344,34.4775390625,337.91992187500006,0.049144687500000006,5.261914062500001,9.811,
0,4,,,6.573104858398438,34.58618164062501,339.111328125,0.04929875,5.261914062500001,9.845,
0,4,,,6.529235839843751,34.356689453125,340.3125,0.048969687500000005,5.261914062500001,9.879,
0,4,,,6.529235839843751,34.356689453125,341.39648437500006,0.048969687500000005,5.261914062500001,9.913,
0,4,,,6.570053100585938,34.57092285156251,342.58789062500006,0.049275000000000006,5.261914062500001,9.947,
0,4,,,6.5460205078125,34.44274902343751,343.7890625,0.0490953125,5.26171875,9.981,
0,4,,,6.5460205078125,34.44274902343751,344.98046875000006,0.049065625,5.261914062500001,10.015,
0,4,,,6.542205810546875,34.42443847656251,346.07421875000006,0.049065625,5.261914062500001,10.049,
0,4,,,6.571006774902345,34.57092285156251,347.27539062500006,0.04928250000000001,5.261328125,10.084,
0,4,,,6.571006774902345,34.57092285156251,348.46679687500006,0.0491590625,5.2621093750000005,10.117,
0,4,,,6.554603576660156,34.490966796875,349.67773437500006,0.0491590625,5.2621093750000005,10.151,
0,4,,,6.589698791503906,34.674072265625,350.87890625,0.0494225,5.261914062500001,10.185,
0,4,,,6.589698791503906,34.674072265625,351.96289062500006,0.04916625,5.2621093750000005,10.219,
0,4,,,6.5555572509765625,34.49584960937501,353.15429687500006,0.04916625,5.2621093750000005,10.253,
0,4,,,6.5227508544921875,34.3231201171875,354.345703125,0.048921250000000006,5.2621093750000005,10.287,
0,4,,,6.5227508544921875,34.3231201171875,355.54687500000006,0.049095937500000006,5.2621093750000005,10.321,
0,4,,,6.546211242675782,34.44580078125,356.73828125,0.049095937500000006,5.2621093750000005,10.355,
0,4,,,6.544494628906251,34.4378662109375,357.82226562500006,0.049083125000000005,5.2623046875,10.389,
0,4,,,6.544494628906251,34.47814941406251,359.02343750000006,0.049144375000000004,5.26171875,10.423,
0,4,,,6.5525054931640625,34.47814941406251,360.21484375000006,0.049144375000000004,5.26171875,10.457,
0,4,,,6.537055969238281,34.39697265625001,361.40625000000006,0.0490284375,5.261914062500001,10.491,
0,4,,,6.548500061035156,34.45617675781251,362.50000000000006,0.0491134375,5.26171875,10.525,
0,4,,,6.548500061035156,34.45617675781251,363.69140625000006,0.0491134375,5.26171875,10.559,
0,4,,,6.550979614257813,34.46899414062501,364.88281250000006,0.049131875000000005,5.26171875,10.593,
0,4,,,6.532859802246095,34.37622070312501,366.08398437500006,0.048996875,5.2621093750000005,10.627,
0,4,,,6.532859802246095,34.37622070312501,367.177734375,0.048996875,5.2621093750000005,10.661,
0,4,,,6.603622436523438,34.74731445312501,368.37890625,0.04952718750000001,5.261914062500001,10.695,
0,4,,,6.552314758300781,34.4775390625,369.58007812500006,0.0491428125,5.261914062500001,10.729,
0,4,,,6.552314758300781,34.4775390625,370.77148437500006,0.0491428125,5.261914062500001,10.763,
0,4,,,6.528282165527345,34.34814453125001,371.85546875000006,0.048962187500000004,5.2615234375,10.797,
0,4,,,6.5704345703125,34.57214355468751,373.05664062500006,0.049278125000000006,5.261914062500001,10.831,
0,4,,,6.5704345703125,34.57214355468751,374.2578125,0.049278125000000006,5.261914062500001,10.865,
0,4,,,6.5761566162109375,34.6038818359375,375.458984375,0.0493209375,5.2621093750000005,10.899,
0,4,,,6.562423706054688,34.5306396484375,376.66015625000006,0.049218437500000004,5.261914062500001,10.933,
0,4,,,6.562423706054688,34.5306396484375,377.74414062500006,0.049218437500000004,5.261914062500001,10.967,
0,4,,,6.571006774902345,34.57702636718751,378.9453125,0.04928250000000001,5.2621093750000005,11.001,
0,4,,,6.54735565185547,34.44885253906251,380.13671875000006,0.049105,5.2615234375,11.035,
0,4,,,6.54735565185547,34.44885253906251,381.337890625,0.049105,5.2615234375,11.069,
0,4,,,6.572151184082032,34.58251953125,382.421875,0.04929125,5.2621093750000005,11.103,
0,4,,,6.53667449951172,34.3975830078125,383.62304687500006,0.049024687500000004,5.2623046875,11.137,
0,4,,,6.53667449951172,34.3975830078125,384.814453125,0.049024687500000004,5.2623046875,11.171,
0,4,,,6.558418273925781,34.50988769531251,386.01562500000006,0.0491884375,5.261914062500001,11.205,
0,4,,,6.56280517578125,34.53002929687501,387.21679687500006,0.0492203125,5.2615234375,11.239,
0,4,,,6.56280517578125,34.53002929687501,388.30078125000006,0.0492203125,5.2615234375,11.273,
0,4,,,6.5250396728515625,34.3377685546875,389.49218750000006,0.04893718750000001,5.2625,11.307,
0,4,,,6.581687927246095,34.63195800781251,390.69335937500006,0.0493634375,5.261914062500001,11.341,
0,4,,,6.581687927246095,34.63195800781251,391.89453125,0.0493634375,5.261914062500001,11.375,
0,4,,,6.549644470214844,34.46044921875,392.97851562500006,0.049122500000000006,5.2615234375,11.409,
0,4,,,6.54430389404297,34.43237304687501,394.17968750000006,0.049082187500000006,5.2615234375,11.443,
0,4,,,6.54430389404297,34.43237304687501,395.37109375000006,0.049082187500000006,5.2615234375,11.477,
0,4,,,6.555747985839845,34.4940185546875,396.57226562500006,0.0491675,5.26171875,11.511,
0,4,,,6.55364990234375,34.48730468750001,397.66601562500006,0.049152812500000004,5.2623046875,11.545,
0,4,,,6.55364990234375,34.48730468750001,398.86718750000006,0.049152812500000004,5.2623046875,11.579,
0,4,,,6.58245086669922,34.63928222656251,400.05859375000006,0.04936875,5.2623046875,11.613,
0,4,,,6.553840637207032,34.48669433593751,401.2597656250001,0.04915437500000001,5.261914062500001,11.647,
0,4,,,6.553840637207032,34.48669433593751,402.45117187500006,0.04915437500000001,5.2625,11.681,
0,4,,,6.550788879394531,34.47326660156251,403.544921875,0.0491303125,5.2625,11.715,
0,4,,,6.558036804199219,34.50927734375,404.73632812500006,0.049185000000000006,5.2623046875,11.749,
0,4,,,6.558036804199219,34.50927734375,405.93750000000006,0.04910250000000001,5.26171875,11.783,
0,4,,,6.546974182128906,34.4482421875,407.13867187500006,0.04910250000000001,5.26171875,11.817,
0,4,,,6.5715789794921875,34.57885742187501,408.22265625,0.0492871875,5.261914062500001,11.851,
0,4,,,6.5715789794921875,34.57885742187501,409.423828125,0.04910875000000001,5.26171875,11.885,
0,4,,,6.5479278564453125,34.453125,410.60546875000006,0.04910875000000001,5.26171875,11.919,
0,4,,,6.528472900390625,34.35058593750001,411.80664062500006,0.04896375000000001,5.26171875,11.953,
0,4,,,6.528472900390625,34.35058593750001,412.890625,0.049079375,5.261914062500001,11.987,
0,4,,,6.543922424316406,34.4329833984375,414.09179687500006,0.049079375,5.261914062500001,12.021,
0,4,,,6.56261444091797,34.5306396484375,415.29296875000006,0.0492203125,5.26171875,12.055,
0,4,,,6.56261444091797,34.5306396484375,416.49414062500006,0.049337187500000004,5.26171875,12.089,
0,4,,,6.578254699707031,34.6124267578125,417.578125,0.049337187500000004,5.26171875,12.123,
0,4,,,6.543350219726563,34.4293212890625,418.76953125,0.049075625000000005,5.26171875,12.156,
0,4,,,6.512451171875,34.27001953125,419.96093750000006,0.048843750000000005,5.2623046875,12.191,
0,4,,,6.512451171875,34.27001953125,421.162109375,0.048843750000000005,5.2623046875,12.225,
0,4,,,6.577491760253906,34.60693359375,422.35351562500006,0.049330625,5.2615234375,12.259,
0,4,,,6.524848937988281,34.33044433593751,423.54492187500006,0.04893625,5.2615234375,12.293,
0,4,,,6.524848937988281,34.33044433593751,424.63867187500006,0.04893625,5.2615234375,12.327,
0,4,,,6.572532653808594,34.58374023437501,425.83984375000006,0.049293750000000004,5.261914062500001,12.361,
0,4,,,6.579399108886719,34.6197509765625,427.04101562500006,0.0493453125,5.261914062500001,12.395,
0,4,,,6.579399108886719,34.6197509765625,428.2421875,0.0493453125,5.261914062500001,12.429,
0,4,,,6.563568115234376,34.5361328125,429.3359375000001,0.049227187500000005,5.261914062500001,12.463,
0,4,,,6.562042236328125,34.53002929687501,430.52734375000006,0.049215312500000004,5.2621093750000005,12.497,
0,4,,,6.562042236328125,34.53002929687501,431.7285156250001,0.049215312500000004,5.2621093750000005,12.531,
0,4,,,6.564903259277344,34.53857421875,432.9296875,0.0492371875,5.2611328125000005,12.565,
0,4,,,6.578254699707031,34.61425781250001,434.01367187500006,0.049337187500000004,5.261914062500001,12.599,
0,4,,,6.578254699707031,34.61425781250001,435.21484375000006,0.049337187500000004,5.261914062500001,12.633,
0,4,,,6.5364837646484375,34.39453125000001,436.40625000000006,0.049023125,5.2621093750000005,12.667,
0,4,,,6.541442871093751,34.41955566406251,437.60742187500006,0.049060625000000004,5.261914062500001,12.701,
0,4,,,6.541442871093751,34.41955566406251,438.69140625,0.049060625000000004,5.261914062500001,12.735,
0,4,,,6.572914123535157,34.58740234375001,439.89257812500006,0.049296875000000004,5.2621093750000005,12.769,
0,4,,,6.573867797851563,34.5880126953125,441.09375000000006,0.0493040625,5.2615234375,12.803,
0,4,,,6.573867797851563,34.5880126953125,442.28515625000006,0.0493040625,5.2615234375,12.837,
0,4,,,6.565475463867188,34.54711914062501,443.48632812500006,0.0492415625,5.261914062500001,12.871,
0,4,,,6.525993347167969,34.33837890625,444.57031250000006,0.048944375000000005,5.261914062500001,12.905,
0,4,,,6.525993347167969,34.33837890625,445.771484375,0.048944375000000005,5.261914062500001,12.939,
0,4,,,6.5448760986328125,34.43847656250001,446.96289062500006,0.049087187500000004,5.261914062500001,12.973,
0,4,,,6.5570831298828125,34.50134277343751,448.15429687500006,0.049178437500000005,5.26171875,13.007,
0,4,,,6.5570831298828125,34.50134277343751,449.24804687500006,0.049178437500000005,5.26171875,13.041,
0,4,,,6.531333923339844,34.3670654296875,450.44921875000006,0.048984687500000006,5.261914062500001,13.075,
0,4,,,6.566238403320313,34.54895019531251,451.640625,0.049246875,5.26171875,13.109,
0,4,,,6.566238403320313,34.54895019531251,452.83203125000006,0.049246875,5.26171875,13.143,
0,4,,,6.537818908691407,34.3994140625,453.92578125,0.049033437500000006,5.26171875,13.176,
0,4,,,6.53972625732422,34.41040039062501,455.11718750000006,0.0490475,5.26171875,13.21,
0,4,,,6.53972625732422,34.41040039062501,456.30859375000006,0.0490475,5.26171875,13.245,
0,4,,,6.559181213378906,34.51110839843751,457.50976562500006,0.049193437500000006,5.26171875,13.279,
0,4,,,6.523895263671875,34.326171875,458.70117187500006,0.048929375000000004,5.26171875,13.313,
0,4,,,6.523895263671875,34.326171875,459.78515625,0.048929375000000004,5.26171875,13.347,
0,4,,,6.559753417968751,34.51416015625,460.97656250000006,0.04919781250000001,5.26171875,13.381,
0,4,,,6.528091430664063,34.35119628906251,462.16796875000006,0.048960625,5.2621093750000005,13.415,
0,4,,,6.528091430664063,34.35119628906251,463.36914062500006,0.048972812500000004,5.261914062500001,13.449,
0,4,,,6.5296173095703125,34.35791015625001,464.56054687500006,0.048972812500000004,5.261914062500001,13.483,
0,4,,,6.541633605957032,34.423828125,465.64453125,0.0490615625,5.2623046875,13.517,
0,4,,,6.541633605957032,34.423828125,466.845703125,0.04910562500000001,5.2615234375,13.551,
0,4,,,6.54735565185547,34.44946289062501,468.037109375,0.04910562500000001,5.2615234375,13.585,
0,4,,,6.555366516113281,34.49584960937501,469.23828125,0.049165937500000007,5.2623046875,13.619,
0,4,,,6.555366516113281,34.49584960937501,470.32226562500006,0.0490771875,5.2623046875,13.653,
0,4,,,6.543540954589845,34.43359375000001,471.51367187500006,0.0490771875,5.2623046875,13.687,
0,4,,,6.517219543457031,34.293212890625,472.705078125,0.048879375,5.261914062500001,13.721,
0,4,,,6.517219543457031,34.293212890625,473.90625000000006,0.0492078125,5.2621093750000005,13.755,
0,4,,,6.561088562011719,34.5245361328125,474.9902343750001,0.0492078125,5.2621093750000005,13.789,
0,4,,,6.547737121582031,34.4512939453125,476.18164062500006,0.049108437500000005,5.2615234375,13.823,
0,4,,,6.547737121582031,34.398193359375,477.3828125000001,0.049035312500000004,5.261328125,13.857,
0,4,,,6.5380096435546875,34.398193359375,478.57421875000006,0.049035312500000004,5.261328125,13.891,
0,4,,,6.543540954589845,34.43359375000001,479.658203125,0.049076562500000004,5.2623046875,13.925,
0,4,,,6.542778015136719,34.4305419921875,480.85937500000006,0.049071250000000004,5.2625,13.959,
0,4,,,6.542778015136719,34.4305419921875,482.0507812500001,0.049071250000000004,5.2625,13.993,
0,4,,,6.581878662109375,34.62951660156251,483.26171875000006,0.049364375,5.261328125,14.027,
0,4,,,6.561660766601563,34.5233154296875,484.4628906250001,0.049213125,5.261328125,14.061,
0,4,,,6.561660766601563,34.5233154296875,485.54687500000006,0.049213125,5.261328125,14.095,
0,4,,,6.584548950195313,34.6453857421875,486.74804687500006,0.049384062500000006,5.26171875,14.129,
0,4,,,6.561088562011719,34.5208740234375,487.94921875000006,0.0492078125,5.2615234375,14.163,
0,4,,,6.561088562011719,34.5208740234375,489.14062500000006,0.0492078125,5.2615234375,14.197,
0,4,,,6.546211242675782,34.4439697265625,490.234375,0.049096875000000005,5.26171875,14.231,
0,4,,,6.553459167480469,34.481201171875,491.42578125000006,0.049150625,5.2615234375,14.265,
0,4,,,6.553459167480469,34.481201171875,492.61718750000006,0.049150625,5.2615234375,14.3,
0,4,,,6.543159484863281,34.4281005859375,493.81835937500006,0.0490740625,5.26171875,14.334,
0,4,,,6.548118591308595,34.45556640625001,495.0097656250001,0.0491103125,5.2621093750000005,14.368,
0,4,,,6.548118591308595,34.45556640625001,496.09375,0.0491103125,5.2621093750000005,14.401,
0,4,,,6.516647338867188,34.28955078125001,497.28515625000006,0.048875312500000004,5.261914062500001,14.435,
0,4,,,6.531906127929688,34.3695068359375,498.47656250000006,0.048989375,5.26171875,14.469,
0,4,,,6.531906127929688,34.3695068359375,499.66796875000006,0.048989375,5.26171875,14.503,
0,4,,,6.561088562011719,34.52514648437501,500.8691406250001,0.04920875,5.2621093750000005,14.537,
0,4,,,6.527137756347657,34.3438720703125,501.953125,0.048952812500000005,5.26171875,14.571,
0,4,,,6.527137756347657,34.3438720703125,503.154296875,0.048952812500000005,5.26171875,14.605,
0,4,,,6.546783447265625,34.44580078125,504.34570312500006,0.0491015625,5.2615234375,14.639,
0,4,,,6.530189514160157,34.36340332031251,505.53710937500006,0.048977187500000005,5.2623046875,14.673,
0,4,,,6.530189514160157,34.36340332031251,506.62109375000006,0.048977187500000005,5.2623046875,14.707,
0,4,,,6.536865234375001,34.39147949218751,507.8222656250001,0.049025937500000005,5.261328125,14.741,
0,4,,,6.560516357421876,34.51843261718751,509.013671875,0.049203750000000004,5.2615234375,14.775,
0,4,,,6.560516357421876,34.51843261718751,510.21484375000006,0.049203750000000004,5.2615234375,14.809,
0,4,,,6.529808044433594,34.36096191406251,511.29882812500006,0.04897375,5.2623046875,14.843,
0,4,,,6.544685363769531,34.4366455078125,512.5000000000001,0.049085625,5.26171875,14.877,
0,4,,,6.544685363769531,34.4366455078125,513.6914062500001,0.049085625,5.26171875,14.911,
0,4,,,6.560325622558594,34.5208740234375,514.8828125000001,0.049202812500000005,5.2621093750000005,14.945,
0,4,,,6.540489196777345,34.41589355468751,515.9765625,0.049053437500000005,5.2621093750000005,14.979,
0,4,,,6.540489196777345,34.41589355468751,517.16796875,0.049053437500000005,5.261914062500001,15.013,
0,4,,,6.543731689453125,34.4317626953125,518.3593750000001,0.0490784375,5.261914062500001,15.047,
0,4,,,6.553840637207032,34.48730468750001,519.5507812500001,0.04915375,5.2623046875,15.081,
0,4,,,6.553840637207032,34.48730468750001,520.751953125,0.04915375,5.26171875,15.115,
0,4,,,6.5277099609375,34.3463134765625,521.8457031250001,0.048958125000000005,5.26171875,15.149,
0,4,,,6.575012207031251,34.598388671875,523.037109375,0.049313125000000006,5.2621093750000005,15.183,
0,4,,,6.575012207031251,34.598388671875,524.2285156250001,0.0489853125,5.261914062500001,15.217,
0,4,,,6.531333923339844,34.36767578125,525.4296875000001,0.0489853125,5.261914062500001,15.251,
0,4,,,6.558036804199219,34.50744628906251,526.513671875,0.049185625000000004,5.261914062500001,15.285,
0,4,,,6.558036804199219,34.50744628906251,527.71484375,0.0491675,5.26171875,15.319,
0,4,,,6.5555572509765625,34.49340820312501,528.90625,0.0491675,5.26171875,15.354,
0,4,,,6.5265655517578125,34.34265136718751,530.107421875,0.048949375,5.2621093750000005,15.388,
0,4,,,6.5265655517578125,34.34265136718751,531.2988281250001,0.049135937500000004,5.261914062500001,15.422,
0,4,,,6.551361083984375,34.47265625000001,532.3828125000001,0.049135937500000004,5.261914062500001,15.456,
0,4,,,6.5402984619140625,34.41162109375001,533.5839843750001,0.04905156250000001,5.26171875,15.489,
0,4,,,6.5402984619140625,34.60205078125001,534.7851562500001,0.0493253125,5.261328125,15.523,
0,4,,,6.576728820800782,34.60205078125001,535.9765625,0.0493253125,5.261328125,15.557,
0,4,,,6.540679931640626,34.4140625,537.1679687500001,0.0490553125,5.26171875,15.591,
0,4,,,6.536293029785156,34.39270019531251,538.2519531250001,0.049021562500000004,5.261914062500001,15.625,
0,4,,,6.536293029785156,34.39270019531251,539.453125,0.049021562500000004,5.261914062500001,15.659,
0,4,,,6.565284729003907,34.54528808593751,540.6445312500001,0.049239687500000004,5.261914062500001,15.693,
0,4,,,6.53228759765625,34.37133789062501,541.845703125,0.0489925,5.26171875,15.727,
0,4,,,6.53228759765625,34.37133789062501,542.9296875,0.0489925,5.26171875,15.761,
0,4,,,6.550216674804688,34.46289062500001,544.1210937500001,0.04912687500000001,5.261328125,15.795,
0,4,,,6.544685363769531,34.43725585937501,545.3222656250001,0.049085312500000006,5.261914062500001,15.829,
0,4,,,6.544685363769531,34.43725585937501,546.5234375000001,0.049085312500000006,5.261914062500001,15.863,
0,4,,,6.553459167480469,34.4818115234375,547.607421875,0.049150937500000005,5.26171875,15.897,
0,4,,,6.591224670410157,34.68444824218751,548.80859375,0.049434375,5.2623046875,15.931,
0,4,,,6.591224670410157,34.68444824218751,550.009765625,0.049434375,5.2623046875,15.965,
0,4,,,6.561851501464844,34.52575683593751,551.2109375,0.049213125,5.26171875,15.999,
0,4,,,6.573486328125,34.588623046875,552.3046875000001,0.049301250000000005,5.261914062500001,16.033,
0,4,,,6.573486328125,34.588623046875,553.4960937500001,0.049301250000000005,5.261914062500001,16.067,
0,4,,,6.543731689453125,34.43237304687501,554.6972656250001,0.0490775,5.261914062500001,16.101,
0,4,,,6.542587280273438,34.42749023437501,555.888671875,0.04906968750000001,5.2621093750000005,16.135,
0,4,,,6.542587280273438,34.42749023437501,556.97265625,0.04906968750000001,5.2621093750000005,16.169,
0,4,,,6.576919555664063,34.603271484375,558.173828125,0.0493275,5.261328125,16.203,
0,4,,,6.55498504638672,34.4940185546875,559.3652343750001,0.04916281250000001,5.2623046875,16.237,
0,4,,,6.55498504638672,34.4940185546875,560.5566406250001,0.04916281250000001,5.2623046875,16.271,
0,4,,,6.526184082031251,34.33471679687501,561.7578125000001,0.0489459375,5.2611328125000005,16.305,
0,4,,,6.575202941894531,34.59716796875,562.8515625,0.049314375,5.26171875,16.339,
0,4,,,6.575202941894531,34.59716796875,564.052734375,0.049314375,5.26171875,16.373,
0,4,,,6.550407409667969,34.47021484375001,565.25390625,0.049128750000000006,5.2623046875,16.407,
0,4,,,6.571769714355469,34.57702636718751,566.4453125000001,0.049287500000000005,5.2615234375,16.441,
0,4,,,6.571769714355469,34.57702636718751,567.6464843750001,0.049287500000000005,5.2615234375,16.475,
0,4,,,6.5479278564453125,34.45678710937501,568.73046875,0.04910875000000001,5.2623046875,16.509,
0,4,,,6.558036804199219,34.50988769531251,569.931640625,0.049184687500000004,5.2623046875,16.543,
0,4,,,6.558036804199219,34.50988769531251,571.1328125,0.049184687500000004,5.2623046875,16.577,
0,4,,,6.555747985839845,34.49462890625001,572.3242187500001,0.0491675,5.261914062500001,16.611,
0,4,,,6.541442871093751,34.4207763671875,573.4082031250001,0.049060625000000004,5.2621093750000005,16.645,
0,4,,,6.541442871093751,34.4207763671875,574.609375,0.049060625000000004,5.26171875,16.679,
0,4,,,6.567955017089844,34.5587158203125,575.810546875,0.0492596875,5.26171875,16.713,
0,4,,,6.558036804199219,34.508056640625,577.001953125,0.0491853125,5.261914062500001,16.747,
0,4,,,6.558036804199219,34.508056640625,578.0859375,0.0491853125,5.261328125,16.781,
0,4,,,6.552314758300781,34.473876953125,579.287109375,0.049142500000000006,5.261328125,16.815,
0,4,,,6.56585693359375,34.5458984375,580.4882812500001,0.04924375,5.2615234375,16.849,
0,4,,,6.56585693359375,34.5458984375,581.6796875000001,0.0490771875,5.26171875,16.883,
0,4,,,6.543540954589845,34.4305419921875,582.7734375000001,0.0490771875,5.26171875,16.917,
0,4,,,6.5563201904296875,34.4970703125,583.96484375,0.049172187500000006,5.26171875,16.951,
0,4,,,6.5563201904296875,34.4970703125,585.166015625,0.049100000000000005,5.2625,16.985,
0,4,,,6.546592712402344,34.451904296875,586.3574218750001,0.049100000000000005,5.2625,17.019,
0,4,,,6.566238403320313,34.54895019531251,587.5585937500001,0.049247187500000005,5.26171875,17.053,
0,4,,,6.566238403320313,34.54895019531251,588.6425781250001,0.048940312500000006,5.261914062500001,17.087,
0,4,,,6.525421142578126,34.33593750000001,589.8339843750001,0.048940312500000006,5.261914062500001,17.121,
0,4,,,6.55517578125,34.4891357421875,591.0351562500001,0.049163750000000006,5.261328125,17.155,
0,4,,,6.55517578125,34.4891357421875,592.236328125,0.04921687500000001,5.2615234375,17.189,
0,4,,,6.562232971191406,34.52636718750001,593.330078125,0.04921687500000001,5.2615234375,17.223,
0,4,,,6.566429138183595,34.5501708984375,594.5214843750001,0.049248437500000006,5.26171875,17.257,
0,4,,,6.566429138183595,34.5501708984375,595.7226562500001,0.0492784375,5.2615234375,17.291,
0,4,,,6.5704345703125,34.56970214843751,596.9140625000001,0.0492784375,5.2615234375,17.325,
0,4,,,6.55364990234375,34.48608398437501,598.1152343750001,0.049152812500000004,5.2621093750000005,17.359,
0,4,,,6.561279296875,34.52514648437501,599.208984375,0.0492096875,5.2621093750000005,17.393,
0,4,,,6.561279296875,34.52514648437501,600.4003906250001,0.0492096875,5.2621093750000005,17.427,
0,4,,,6.573295593261719,34.58740234375001,601.6015625000001,0.049300312500000006,5.261914062500001,17.462,
0,4,,,6.538200378417969,34.40063476562501,602.8027343750001,0.04903625,5.2615234375,17.496,
0,4,,,6.538200378417969,34.40063476562501,603.9941406250001,0.04903625,5.2615234375,17.53,
0,4,,,6.5418243408203125,34.422607421875,605.078125,0.04906375,5.261914062500001,17.564,
0,4,,,6.550216674804688,34.46777343750001,606.279296875,0.0491259375,5.2623046875,17.598,
0,4,,,6.550216674804688,34.46777343750001,607.4707031250001,0.0491259375,5.2623046875,17.632,
0,4,,,6.526374816894532,34.3414306640625,608.6621093750001,0.048948437500000004,5.261914062500001,17.666,
0,4,,,6.5532684326171875,34.48059082031251,609.86328125,0.049149375,5.2615234375,17.7,
0,4,,,6.5532684326171875,34.48059082031251,610.9472656250001,0.049149375,5.2615234375,17.734,
0,4,,,6.546783447265625,34.44885253906251,612.1484375000001,0.049101250000000006,5.261914062500001,17.768,
0,4,,,6.548881530761719,34.459228515625,613.3398437500001,0.04911625000000001,5.261914062500001,17.802,
0,4,,,6.548881530761719,34.459228515625,614.5312500000001,0.04911625000000001,5.261914062500001,17.836,
0,4,,,6.5517425537109375,34.4696044921875,615.6250000000001,0.0491378125,5.2611328125000005,17.87,
0,4,,,6.5288543701171875,34.354248046875,616.8164062500001,0.04896687500000001,5.261914062500001,17.904,
0,4,,,6.5288543701171875,34.354248046875,618.0078125000001,0.04896687500000001,5.261914062500001,17.938,
0,4,,,6.55364990234375,34.48059082031251,619.2089843750001,0.049151875000000005,5.2615234375,17.972,
0,4,,,6.554412841796875,34.4915771484375,620.2929687500001,0.0491578125,5.2625,18.006,
0,4,,,6.554412841796875,34.4915771484375,621.4941406250001,0.0491578125,5.2625,18.04,
0,4,,,6.55193328857422,34.47692871093751,622.6953125000001,0.0491396875,5.2621093750000005,18.074,
0,4,,,6.57787322998047,34.6148681640625,623.8867187500001,0.049334062500000005,5.2623046875,18.108,
0,4,,,6.57787322998047,34.6148681640625,625.0878906250001,0.049334062500000005,5.2623046875,18.142,
0,4,,,6.544685363769531,34.43237304687501,626.171875,0.049085000000000004,5.2611328125000005,18.176,
0,4,,,6.557464599609375,34.50256347656251,627.3730468750001,0.04918125,5.2615234375,18.21,
0,4,,,6.557464599609375,34.50256347656251,628.5644531250001,0.04918125,5.2615234375,18.244,
0,4,,,6.543731689453125,34.43115234375001,629.7656250000001,0.049077812500000005,5.261914062500001,18.278,
0,4,,,6.561660766601563,34.52636718750001,630.859375,0.0492128125,5.261914062500001,18.312,
0,4,,,6.561660766601563,34.52636718750001,632.0507812500001,0.0492128125,5.26171875,18.346,
0,4,,,6.541633605957032,34.41955566406251,633.2421875,0.049061875000000005,5.26171875,18.38,
0,4,,,6.529235839843751,34.356689453125,634.4335937500001,0.048968750000000005,5.2621093750000005,18.414,
0,4,,,6.529235839843751,34.356689453125,635.5175781250001,0.048968750000000005,5.2615234375,18.448,
0,4,,,6.579017639160156,34.61547851562501,636.71875,0.0493421875,5.2615234375,18.482,
0,4,,,6.549644470214844,34.46166992187501,637.919921875,0.0491228125,5.26171875,18.516,
0,4,,,6.549644470214844,34.46166992187501,639.111328125,0.048969687500000005,5.26171875,18.55,
0,4,,,6.529235839843751,34.35485839843751,640.3125000000001,0.048969687500000005,5.26171875,18.584,
0,4,,,6.586647033691406,34.66247558593751,641.5136718750001,0.049399687500000004,5.2626953125,18.618,
0,4,,,6.586647033691406,34.66247558593751,642.5976562500001,0.049133750000000004,5.2621093750000005,18.652,
0,4,,,6.551170349121095,34.47265625000001,643.798828125,0.049133750000000004,5.2621093750000005,18.686,
0,4,,,6.562232971191406,34.52880859375001,644.9902343750001,0.049216562500000005,5.26171875,18.72,
0,4,,,6.562232971191406,34.52880859375001,646.19140625,0.049037500000000005,5.261914062500001,18.754,
0,4,,,6.53839111328125,34.40368652343751,647.2753906250001,0.049037500000000005,5.261914062500001,18.788,
0,4,,,6.5486907958984375,34.45678710937501,648.4765625000001,0.049114687500000004,5.26171875,18.822,
0,4,,,6.5486907958984375,34.45678710937501,649.6679687500001,0.0491396875,5.261914062500001,18.856,
0,4,,,6.55193328857422,34.4757080078125,650.8691406250001,0.0491396875,5.261914062500001,18.89,
0,4,,,6.554412841796875,34.48669433593751,651.953125,0.049158125000000004,5.26171875,18.924,
0,4,,,6.589508056640625,34.67041015625001,653.1640625000001,0.049420625,5.2615234375,18.958,
0,4,,,6.589508056640625,34.67041015625001,654.3554687500001,0.049420625,5.2615234375,18.992,
0,4,,,6.54296875,34.42504882812501,655.5468750000001,0.049071875,5.2615234375,19.026,
0,4,,,6.520652770996095,34.31030273437501,656.7480468750001,0.048905000000000004,5.26171875,19.06,
0,4,,,6.520652770996095,34.31030273437501,657.8222656250001,0.048905000000000004,5.26171875,19.094,
0,4,,,6.54430389404297,34.43359375000001,659.0234375000001,0.049081875000000004,5.26171875,19.128,
0,4,,,6.544685363769531,34.4366455078125,660.2148437500001,0.0490846875,5.261914062500001,19.162,
0,4,,,6.544685363769531,34.4366455078125,661.4160156250001,0.0490846875,5.261914062500001,19.196,
0,4,,,6.566429138183595,34.5513916015625,662.5097656250001,0.049248125000000004,5.261914062500001,19.23,
0,4,,,6.564521789550782,34.5428466796875,663.7011718750001,0.04923375000000001,5.2621093750000005,19.264,
0,4,,,6.564521789550782,34.5428466796875,664.9023437500001,0.04923375000000001,5.2621093750000005,19.298,
0,4,,,6.562232971191406,34.53125000000001,666.1035156250001,0.049216562500000005,5.2623046875,19.332,
0,4,,,6.580924987792969,34.62341308593751,667.197265625,0.049357500000000006,5.2611328125000005,19.366,
0,4,,,6.580924987792969,34.62341308593751,668.3886718750001,0.049357500000000006,5.2611328125000005,19.4,
0,4,,,6.5372467041015625,34.3975830078125,669.5898437500001,0.04902937500000001,5.261914062500001,19.434,
0,4,,,6.58416748046875,34.6417236328125,670.7910156250001,0.049381562500000004,5.261328125,19.468,
0,4,,,6.58416748046875,34.6417236328125,671.875,0.049381562500000004,5.261328125,19.502,
0,4,,,6.550788879394531,34.4659423828125,673.076171875,0.049130937500000006,5.2615234375,19.536,
0,4,,,6.568717956542969,34.56481933593751,674.27734375,0.049265,5.2621093750000005,19.57,
0,4,,,6.568717956542969,34.56481933593751,675.478515625,0.049265,5.2621093750000005,19.604,
0,4,,,6.569099426269532,34.56237792968751,676.6699218750001,0.0492678125,5.2615234375,19.638,
0,4,,,6.537818908691407,34.40307617187501,677.7539062500001,0.049034375000000005,5.2621093750000005,19.672,
0,4,,,6.537818908691407,34.40307617187501,678.955078125,0.049034375000000005,5.2621093750000005,19.706,
0,4,,,6.5685272216796875,34.56481933593751,680.1464843750001,0.049264062500000004,5.2621093750000005,19.74,
0,4,,,6.551551818847656,34.47021484375001,681.34765625,0.0491365625,5.2615234375,19.774,
0,4,,,6.551551818847656,34.47021484375001,682.5488281250001,0.0491365625,5.2615234375,19.808,
0,4,,,6.53533935546875,34.39147949218751,683.6328125000001,0.049015312500000005,5.2625,19.842,
0,4,,,6.575012207031251,34.59411621093751,684.8339843750001,0.049312812500000004,5.2615234375,19.876,
0,4,,,6.575012207031251,34.59411621093751,686.03515625,0.049312812500000004,5.2615234375,19.91,
0,4,,,6.547737121582031,34.45251464843751,687.2265625000001,0.049108125,5.261914062500001,19.944,
0,4,,,6.5456390380859375,34.44091796875001,688.310546875,0.049092812500000006,5.26171875,19.978,
0,4,,,6.5456390380859375,34.44091796875001,689.5117187500001,0.049092812500000006,5.2621093750000005,20.012,
0,4,,,6.584358215332032,34.64782714843751,690.7128906250001,0.04938312500000001,5.2621093750000005,20.046,
0,4,,,6.551551818847656,34.46899414062501,691.9140625000001,0.0491365625,5.261328125,20.08,
0,4,,,6.551551818847656,34.46899414062501,692.9980468750001,0.0491365625,5.26171875,20.114,
0,4,,,6.5494537353515625,34.46044921875,694.1992187500001,0.049121250000000005,5.26171875,20.148,
0,4,,,6.549835205078125,34.4659423828125,695.390625,0.049123125000000004,5.2623046875,20.182,
0,4,,,6.549835205078125,34.4659423828125,696.5917968750001,0.04949968750000001,5.261914062500001,20.216,
0,4,,,6.599998474121094,34.727783203125,697.6855468750001,0.04949968750000001,5.261914062500001,20.25,
0,4,,,6.545829772949219,34.4439697265625,698.8769531250001,0.049094375,5.261914062500001,20.284,
0,4,,,6.545829772949219,34.4439697265625,700.0781250000001,0.049097812500000004,5.2625,20.318,
0,4,,,6.546401977539063,34.45007324218751,701.2792968750001,0.049097812500000004,5.2625,20.352,
0,4,,,6.576347351074219,34.603271484375,702.470703125,0.04932281250000001,5.261914062500001,20.386,
0,4,,,6.576347351074219,34.603271484375,703.564453125,0.049108437500000005,5.261328125,20.42,
0,4,,,6.547737121582031,34.44946289062501,704.7656250000001,0.049108437500000005,5.261328125,20.454,
0,4,,,6.5708160400390625,34.5751953125,705.9570312500001,0.0492815625,5.261914062500001,20.488,
0,4,,,6.5708160400390625,34.5751953125,707.1582031250001,0.04919250000000001,5.2615234375,20.522,
0,4,,,6.558990478515625,34.51049804687501,708.2421875000001,0.04919250000000001,5.2615234375,20.556,
0,4,,,6.5441131591796875,34.4366455078125,709.4433593750001,0.04908125000000001,5.2623046875,20.59,
0,4,,,6.571388244628906,34.57763671875001,710.64453125,0.049285625000000007,5.261914062500001,20.625,
0,4,,,6.571388244628906,34.57763671875001,711.8457031250001,0.049285625000000007,5.261914062500001,20.659,
0,4,,,6.5715789794921875,34.57702636718751,713.0468750000001,0.049286875,5.26171875,20.693,
0,4,,,6.591796875,34.68627929687501,714.1406250000001,0.049437812500000004,5.2621093750000005,20.727,
0,4,,,6.591796875,34.68627929687501,715.33203125,0.049437812500000004,5.2621093750000005,20.761,
0,4,,,6.563377380371095,34.5355224609375,716.533203125,0.049225625,5.261914062500001,20.795,
0,4,,,6.554031372070313,34.48730468750001,717.734375,0.0491546875,5.2621093750000005,20.828,
0,4,,,6.554031372070313,34.48730468750001,718.9257812500001,0.0491546875,5.2621093750000005,20.863,
0,4,,,6.574249267578125,34.59472656250001,720.0195312500001,0.049306562500000005,5.2623046875,20.896,
0,4,,,6.542205810546875,34.42138671875,721.2207031250001,0.0490665625,5.2615234375,20.93,
0,4,,,6.542205810546875,34.42138671875,722.412109375,0.0490665625,5.2615234375,20.964,
0,4,,,6.565284729003907,34.544677734375,723.61328125,0.049240000000000006,5.26171875,20.998,
0,4,,,6.571769714355469,34.5806884765625,724.70703125,0.049288750000000006,5.261914062500001,21.032,
0,4,,,6.571769714355469,34.5806884765625,725.8984375000001,0.049288750000000006,5.261914062500001,21.066,
0,4,,,6.557464599609375,34.5068359375,727.1093750000001,0.04918125,5.2623046875,21.1,
0,4,,,6.584358215332032,34.6453857421875,728.3007812500001,0.0493825,5.261914062500001,21.134,
0,4,,,6.584358215332032,34.6453857421875,729.3847656250001,0.0493825,5.261914062500001,21.168,
0,4,,,6.5364837646484375,34.39636230468751,730.5859375000001,0.049023750000000005,5.2623046875,21.202,
0,4,,,6.542396545410157,34.42321777343751,731.787109375,0.04906750000000001,5.26171875,21.236,
0,4,,,6.542396545410157,34.42321777343751,732.98828125,0.04906750000000001,5.26171875,21.27,
0,4,,,6.57806396484375,34.613037109375,734.1796875000001,0.049335312500000006,5.261914062500001,21.304,
0,4,,,6.55498504638672,34.4915771484375,735.2636718750001,0.049161875,5.2621093750000005,21.338,
0,4,,,6.55498504638672,34.4915771484375,736.4746093750001,0.049161875,5.2621093750000005,21.372,
0,4,,,6.591796875,34.68444824218751,737.6660156250001,0.049438750000000004,5.26171875,21.406,
0,4,,,6.560516357421876,34.5196533203125,738.8671875,0.049204375,5.26171875,21.44,
0,4,,,6.560516357421876,34.5196533203125,739.9609375000001,0.049204375,5.26171875,21.474,
0,4,,,6.53972625732422,34.41101074218751,741.15234375,0.049048125000000005,5.261914062500001,21.508,
0,4,,,6.561851501464844,34.5281982421875,742.3535156250001,0.04921375000000001,5.2621093750000005,21.542,
0,4,,,6.561851501464844,34.5281982421875,743.5546875000001,0.04921375000000001,5.2621093750000005,21.576,
0,4,,,6.562423706054688,34.5294189453125,744.6386718750001,0.049217500000000004,5.26171875,21.61,
0,4,,,6.573677062988281,34.5904541015625,745.8398437500001,0.049302187500000004,5.2621093750000005,21.644,
0,4,,,6.573677062988281,34.5904541015625,747.03125,0.049302187500000004,5.261914062500001,21.679,
0,4,,,6.534767150878907,34.384765625,748.2226562500001,0.049010625,5.261914062500001,21.713,
0,4,,,6.52008056640625,34.3072509765625,749.4140625000001,0.0489003125,5.261914062500001,21.747,
0,4,,,6.52008056640625,34.3072509765625,750.5078125000001,0.0489003125,5.261914062500001,21.781,
0,4,,,6.575775146484376,34.599609375,751.708984375,0.04931750000000001,5.261914062500001,21.815,
0,4,,,6.5647125244140625,34.54345703125,752.91015625,0.049235625000000005,5.261914062500001,21.849,
0,4,,,6.5647125244140625,34.54345703125,754.111328125,0.0492225,5.2623046875,21.883,
0,4,,,6.562995910644531,34.5355224609375,755.1855468750001,0.0492225,5.2623046875,21.917,
0,4,,,6.5441131591796875,34.4354248046875,756.3867187500001,0.0490803125,5.2621093750000005,21.951,
0,4,,,6.5441131591796875,34.4354248046875,757.5781250000001,0.049065000000000004,5.26171875,21.985,
0,4,,,6.542015075683594,34.42199707031251,758.7792968750001,0.049065000000000004,5.26171875,22.019,
0,4,,,6.5792083740234375,34.619140625,759.9804687500001,0.049343750000000006,5.261914062500001,22.052,
0,4,,,6.5792083740234375,34.619140625,761.0742187500001,0.04916500000000001,5.261914062500001,22.086,
0,4,,,6.555366516113281,34.4927978515625,762.2656250000001,0.04916500000000001,5.261914062500001,22.12,
0,4,,,6.571006774902345,34.5751953125,763.4667968750001,0.049282187500000005,5.261914062500001,22.154,
0,4,,,6.571006774902345,34.5751953125,764.6679687500001,0.049198125,5.2621093750000005,22.188,
0,4,,,6.559753417968751,34.51721191406251,765.7519531250001,0.049198125,5.2621093750000005,22.222,
0,4,,,6.536293029785156,34.3902587890625,766.9531250000001,0.049021875000000006,5.2615234375,22.256,
0,4,,,6.536293029785156,34.3902587890625,768.1542968750001,0.0493303125,5.26171875,22.29,
0,4,,,6.577301025390625,34.60815429687501,769.3554687500001,0.0493303125,5.26171875,22.324,
0,4,,,6.545257568359376,34.43847656250001,770.4394531250001,0.04908968750000001,5.26171875,22.358,
0,4,,,6.580352783203125,34.62585449218751,771.6406250000001,0.04935250000000001,5.2621093750000005,22.392,
0,4,,,6.580352783203125,34.62585449218751,772.8320312500001,0.04935250000000001,5.2621093750000005,22.426,
0,4,,,6.532859802246095,34.3719482421875,774.0234375,0.048997187500000004,5.261328125,22.46,
0,4,,,6.542587280273438,34.4281005859375,775.224609375,0.04907,5.2621093750000005,22.494,
0,4,,,6.542587280273438,34.4281005859375,776.30859375,0.04907,5.2621093750000005,22.528,
0,4,,,6.564331054687501,34.539794921875,777.5000000000001,0.049233125,5.26171875,22.562,
0,4,,,6.545257568359376,34.44091796875001,778.7011718750001,0.04909,5.261914062500001,22.596,
0,4,,,6.545257568359376,34.44091796875001,779.9023437500001,0.04909,5.261914062500001,22.63,
0,4,,,6.569671630859375,34.5672607421875,780.986328125,0.04927187500000001,5.26171875,22.664,
0,4,,,6.561088562011719,34.5245361328125,782.1875,0.049209062500000005,5.2621093750000005,22.698,
0,4,,,6.561088562011719,34.5245361328125,783.388671875,0.049209062500000005,5.2621093750000005,22.733,
0,4,,,6.54296875,34.42504882812501,784.5800781250001,0.049071562500000006,5.2615234375,22.767,
0,4,,,6.5765380859375,34.60510253906251,785.7910156250001,0.049324375000000004,5.261914062500001,22.801,
0,4,,,6.5765380859375,34.60510253906251,786.8750000000001,0.049324375000000004,5.261914062500001,22.835,
0,4,,,6.5631866455078125,34.5355224609375,788.0761718750001,0.049224062500000006,5.261914062500001,22.869,
0,4,,,6.570053100585938,34.57275390625,789.2773437500001,0.04927625,5.2621093750000005,22.903,
0,4,,,6.570053100585938,34.57275390625,790.46875,0.04927625,5.2621093750000005,22.937,
0,4,,,6.559753417968751,34.51782226562501,791.5625000000001,0.049198750000000006,5.2621093750000005,22.971,
0,4,,,6.514739990234376,34.27978515625001,792.7539062500001,0.0488603125,5.261914062500001,23.005,
0,4,,,6.514739990234376,34.27978515625001,793.9453125,0.0488603125,5.261914062500001,23.039,
0,4,,,6.546211242675782,34.4482421875,795.1367187500001,0.049096875000000005,5.2625,23.072,
0,4,,,6.558990478515625,34.5123291015625,796.220703125,0.049193125000000004,5.261914062500001,23.106,
0,4,,,6.558990478515625,34.5123291015625,797.4121093750001,0.049193125000000004,5.261914062500001,23.14,
0,4,,,6.545257568359376,34.44091796875001,798.6132812500001,0.04909,5.261914062500001,23.174,
0,4,,,6.538963317871094,34.41101074218751,799.8144531250001,0.049042812500000005,5.2625,23.208,
0,4,,,6.538963317871094,34.41101074218751,801.0058593750001,0.049042812500000005,5.2625,23.242,
0,4,,,6.539154052734375,34.40917968750001,802.08984375,0.04904312500000001,5.2621093750000005,23.276,
0,4,,,6.572151184082032,34.58374023437501,803.2910156250001,0.049291562500000004,5.2623046875,23.31,
0,4,,,6.572151184082032,34.58374023437501,804.4921875000001,0.049291562500000004,5.2623046875,23.344,
0,4,,,6.563377380371095,34.53369140625001,805.6835937500001,0.0492246875,5.26171875,23.378,
0,4,,,6.565093994140625,34.5458984375,806.77734375,0.049238125,5.2621093750000005,23.412,
0,4,,,6.565093994140625,34.5458984375,807.9785156250001,0.049238125,5.26171875,23.446,
0,4,,,6.536865234375001,34.39575195312501,809.169921875,0.0490275,5.26171875,23.48,
0,4,,,6.557846069335938,34.5062255859375,810.3710937500001,0.0491834375,5.261914062500001,23.514,
0,4,,,6.557846069335938,34.5062255859375,811.46484375,0.0491834375,5.26171875,23.548,
0,4,,,6.575584411621094,34.598388671875,812.6660156250001,0.049316250000000006,5.26171875,23.582,
0,4,,,6.566429138183595,34.5538330078125,813.857421875,0.049248125000000004,5.2623046875,23.616,
0,4,,,6.566429138183595,34.5538330078125,815.0488281250001,0.0491915625,5.26171875,23.65,
0,4,,,6.558799743652345,34.51049804687501,816.25,0.0491915625,5.26171875,23.684,
0,4,,,6.53533935546875,34.38842773437501,817.333984375,0.049015,5.261914062500001,23.718,
0,4,,,6.53533935546875,34.38842773437501,818.5351562500002,0.049088125,5.2621093750000005,23.752,
0,4,,,6.545066833496094,34.44091796875001,819.7265625000001,0.049088125,5.2621093750000005,23.787,
0,4,,,6.571769714355469,34.57702636718751,820.9277343750001,0.049288437500000004,5.2615234375,23.821,
0,4,,,6.571769714355469,34.57702636718751,822.1289062500001,0.04910781250000001,5.2621093750000005,23.855,
0,4,,,6.547737121582031,34.454345703125,823.2128906250001,0.04910781250000001,5.2621093750000005,23.889,
0,4,,,6.569480895996094,34.566650390625,824.4140625,0.049271562500000005,5.26171875,23.923,
0,4,,,6.569480895996094,34.566650390625,825.6054687500001,0.04905062500000001,5.261914062500001,23.957,
0,4,,,6.540107727050781,34.4134521484375,826.8066406250001,0.04905062500000001,5.261914062500001,23.991,
0,4,,,6.550407409667969,34.4659423828125,827.8906250000001,0.049127500000000004,5.26171875,24.025,
0,4,,,6.582069396972656,34.6343994140625,829.1015625,0.049365625,5.261914062500001,24.059,
0,4,,,6.582069396972656,34.6343994140625,830.2929687500001,0.049365625,5.261914062500001,24.093,
0,4,,,6.53667449951172,34.3988037109375,831.494140625,0.049024687500000004,5.2625,24.127,
0,4,,,6.574058532714845,34.5916748046875,832.5781250000001,0.049305312500000004,5.261914062500001,24.161,
0,4,,,6.574058532714845,34.5916748046875,833.7695312500002,0.049305312500000004,5.261914062500001,24.195,
0,4,,,6.5570831298828125,34.5001220703125,834.9707031250001,0.0491778125,5.26171875,24.229,
0,4,,,6.5593719482421875,34.51782226562501,836.171875,0.0491946875,5.2625,24.263,
0,4,,,6.5593719482421875,34.51782226562501,837.3730468750001,0.0491946875,5.2625,24.296,
0,4,,,6.567573547363281,34.55810546875,838.4570312500001,0.0492571875,5.261914062500001,24.33,
0,4,,,6.555938720703126,34.4964599609375,839.6582031250001,0.049169062500000006,5.261914062500001,24.364,
0,4,,,6.555938720703126,34.4964599609375,840.859375,0.049169062500000006,5.261914062500001,24.398,
0,4,,,6.540679931640626,34.41650390625,842.0507812500001,0.049054687500000006,5.261914062500001,24.432,
0,4,,,6.559181213378906,34.512939453125,843.1347656250001,0.049194375000000005,5.26171875,24.466,
0,4,,,6.559181213378906,34.512939453125,844.3359375,0.049194375000000005,5.26171875,24.5,
0,4,,,6.5399169921875,34.412841796875,845.5273437500001,0.04905,5.261914062500001,24.534,
0,4,,,6.5708160400390625,34.57458496093751,846.7285156250001,0.0492815625,5.261914062500001,24.568,
0,4,,,6.5708160400390625,34.57458496093751,847.8222656250001,0.0492815625,5.261914062500001,24.602,
0,4,,,6.573677062988281,34.5904541015625,849.0234375000001,0.049302500000000006,5.2621093750000005,24.636,
0,4,,,6.556892395019532,34.50134277343751,850.2246093750001,0.049176250000000005,5.261914062500001,24.67,
0,4,,,6.556892395019532,34.50134277343751,851.4257812500001,0.049176250000000005,5.261914062500001,24.704,
0,4,,,6.572723388671875,34.58496093750001,852.5,0.049295625,5.261914062500001,24.738,
0,4,,,6.526947021484375,34.34265136718751,853.6914062500002,0.048951875000000006,5.26171875,24.772,
0,4,,,6.526947021484375,34.34265136718751,854.8925781250001,0.048951875000000006,5.26171875,24.806,
0,4,,,6.56261444091797,34.5294189453125,856.0839843750001,0.0492190625,5.26171875,24.841,
0,4,,,6.548118591308595,34.45556640625001,857.2851562500001,0.04911125,5.261914062500001,24.875,
0,4,,,6.548118591308595,34.45556640625001,858.486328125,0.04911125,5.261914062500001,24.909,
0,4,,,6.554603576660156,34.4891357421875,859.580078125,0.04915968750000001,5.26171875,24.943,
0,4,,,6.572151184082032,34.5806884765625,860.7714843750002,0.049291562500000004,5.26171875,24.977,
0,4,,,6.572151184082032,34.5806884765625,861.9726562500001,0.049291562500000004,5.26171875,25.011,
0,4,,,6.55956268310547,34.520263671875,863.173828125,0.049196875,5.2626953125,25.045,
0,4,,,6.587219238281251,34.659423828125,864.2675781250001,0.0494034375,5.26171875,25.079,
0,4,,,6.587219238281251,34.659423828125,865.46875,0.0494034375,5.261914062500001,25.113,
0,4,,,6.5494537353515625,34.46289062500001,866.66015625,0.049121250000000005,5.261914062500001,25.147,
0,4,,,6.548500061035156,34.45678710937501,867.861328125,0.0491134375,5.261914062500001,25.181,
0,4,,,6.548500061035156,34.45678710937501,868.9453125000001,0.0491134375,5.261914062500001,25.214,
0,4,,,6.560516357421876,34.5208740234375,870.1464843750002,0.049204375,5.261914062500001,25.248,
0,4,,,6.53839111328125,34.4024658203125,871.337890625,0.049038125,5.26171875,25.282,
0,4,,,6.53839111328125,34.4024658203125,872.5390625000001,0.049274375,5.2623046875,25.316,
0,4,,,6.569862365722656,34.57275390625,873.623046875,0.049274375,5.2623046875,25.35,
0,4,,,6.5784454345703125,34.613037109375,874.8242187500001,0.04933875,5.2615234375,25.384,
0,4,,,6.5784454345703125,34.613037109375,876.0253906250001,0.049171875000000004,5.2615234375,25.418,
0,4,,,6.5563201904296875,34.49523925781251,877.2265625000002,0.049171875000000004,5.2615234375,25.452,
0,4,,,6.5914154052734375,34.6832275390625,878.3203125000001,0.04943625,5.261914062500001,25.486,
0,4,,,6.5914154052734375,34.6832275390625,879.5117187500001,0.049046250000000007,5.261914062500001,25.52,
0,4,,,6.539535522460938,34.40979003906251,880.712890625,0.049046250000000007,5.261914062500001,25.554,
0,4,,,6.571960449218751,34.5819091796875,881.9140625000001,0.0492903125,5.2621093750000005,25.588,
0,4,,,6.571960449218751,34.5819091796875,883.1152343750001,0.0493359375,5.26171875,25.622,
0,4,,,6.57806396484375,34.6112060546875,884.1992187500001,0.0493359375,5.26171875,25.656,
0,4,,,6.534957885742188,34.384765625,885.4003906250001,0.04901250000000001,5.26171875,25.69,
0,4,,,6.534957885742188,34.384765625,886.6015625000001,0.0493275,5.26171875,25.724,
0,4,,,6.576919555664063,34.60510253906251,887.79296875,0.0493275,5.26171875,25.758,
0,4,,,6.542396545410157,34.4207763671875,888.8867187500001,0.04906750000000001,5.261328125,25.792,
0,4,,,6.561851501464844,34.5281982421875,890.078125,0.04921375000000001,5.2621093750000005,25.826,
0,4,,,6.561851501464844,34.5281982421875,891.2792968750001,0.04921375000000001,5.2621093750000005,25.86,
0,4,,,6.55193328857422,34.47692871093751,892.470703125,0.04914,5.2621093750000005,25.895,
0,4,,,6.552886962890626,34.478759765625,893.6718750000001,0.049146562500000004,5.26171875,25.929,
0,4,,,6.552886962890626,34.478759765625,894.765625,0.049146562500000004,5.26171875,25.963,
0,4,,,6.5837860107421875,34.6429443359375,895.95703125,0.049378437500000004,5.261914062500001,25.997,
0,4,,,6.542015075683594,34.42443847656251,897.158203125,0.049065000000000004,5.2621093750000005,26.031,
0,4,,,6.542015075683594,34.42443847656251,898.3496093750001,0.049065000000000004,5.2621093750000005,26.065,
0,4,,,6.554794311523438,34.4891357421875,899.55078125,0.049161250000000004,5.26171875,26.099,
0,4,,,6.562423706054688,34.5306396484375,900.6445312500001,0.049217812500000006,5.261914062500001,26.133,
0,4,,,6.562423706054688,34.5306396484375,901.8359375000001,0.049217812500000006,5.261914062500001,26.167,
0,4,,,6.542015075683594,34.42321777343751,903.037109375,0.049065312500000006,5.261914062500001,26.201,
0,4,,,6.549835205078125,34.4598388671875,904.2285156250002,0.049124375000000005,5.2611328125000005,26.235,
0,4,,,6.549835205078125,34.4598388671875,905.3222656250001,0.049124375000000005,5.2611328125000005,26.269,
0,4,,,6.5677642822265625,34.55810546875,906.5136718750001,0.049258750000000004,5.26171875,26.303,
0,4,,,6.578254699707031,34.61425781250001,907.71484375,0.049336875,5.261914062500001,26.337,
0,4,,,6.578254699707031,34.61425781250001,908.9160156250001,0.049336875,5.261914062500001,26.371,
0,4,,,6.555747985839845,34.49462890625001,910.0,0.0491675,5.261914062500001,26.405,
0,4,,,6.529426574707031,34.35485839843751,911.2011718750001,0.048970625000000004,5.2615234375,26.439,
0,4,,,6.529426574707031,34.35485839843751,912.392578125,0.048970625000000004,5.2615234375,26.473,
0,4,,,6.582832336425781,34.635009765625,913.5937500000001,0.049370625,5.2615234375,26.507,
0,4,,,6.547164916992188,34.44946289062501,914.78515625,0.049104062500000004,5.26171875,26.541,
0,4,,,6.547164916992188,34.44946289062501,915.8789062500001,0.049104062500000004,5.26171875,26.575,
0,4,,,6.571197509765626,34.57824707031251,917.080078125,0.0492840625,5.2621093750000005,26.609,
0,4,,,6.573486328125,34.5855712890625,918.2812500000001,0.049300625,5.2615234375,26.643,
0,4,,,6.573486328125,34.5855712890625,919.4824218750001,0.049300625,5.2615234375,26.677,
0,4,,,6.550025939941407,34.46166992187501,920.5664062500001,0.049125,5.261328125,26.711,
0,4,,,6.591224670410157,34.6820068359375,921.767578125,0.0494334375,5.261914062500001,26.745,
0,4,,,6.591224670410157,34.6820068359375,922.9687500000001,0.0494334375,5.261914062500001,26.779,
0,4,,,6.550788879394531,34.47021484375001,924.169921875,0.049130937500000006,5.261914062500001,26.812,
0,4,,,6.603240966796875,34.74792480468751,925.2636718750001,0.049524687500000004,5.2623046875,26.847,
0,4,,,6.603240966796875,34.74792480468751,926.46484375,0.049524687500000004,5.2611328125000005,26.881,
0,4,,,6.5570831298828125,34.4970703125,927.6660156250002,0.049178437500000005,5.2611328125000005,26.915,
0,4,,,6.578636169433595,34.6148681640625,928.8671875000001,0.049340312500000004,5.26171875,26.949,
0,4,,,6.578636169433595,34.6148681640625,930.068359375,0.049194375000000005,5.261914062500001,26.983,
0,4,,,6.559181213378906,34.51354980468751,931.2597656250001,0.049194375000000005,5.261914062500001,27.017,
0,4,,,6.554603576660156,34.49218750000001,932.3437500000001,0.04915875,5.2625,27.051,
0,4,,,6.554603576660156,34.49218750000001,933.544921875,0.049359687500000006,5.261328125,27.085,
0,4,,,6.581306457519531,34.62646484375,934.7460937500002,0.049359687500000006,5.261328125,27.119,
0,4,,,6.538963317871094,34.4061279296875,935.9375000000001,0.0490425,5.26171875,27.153,
0,4,,,6.538963317871094,34.4061279296875,937.0410156250002,0.04936718750000001,5.26171875,27.187,
0,4,,,6.5822601318359375,34.63317871093751,938.232421875,0.04936718750000001,5.26171875,27.221,
0,4,,,6.591606140136719,34.6832275390625,939.443359375,0.049436875000000005,5.261914062500001,27.255,
0,4,,,6.591606140136719,34.6832275390625,940.6445312500001,0.049304687500000006,5.26171875,27.289,
0,4,,,6.573867797851563,34.58984375000001,941.7285156250001,0.049304687500000006,5.26171875,27.323,
0,4,,,6.562232971191406,34.52514648437501,942.9296875000001,0.049216562500000005,5.261328125,27.357,
0,4,,,6.562232971191406,34.52514648437501,944.130859375,0.04929093750000001,5.26171875,27.391,
0,4,,,6.572151184082032,34.5806884765625,945.3320312500001,0.04929093750000001,5.26171875,27.425,
0,4,,,6.565284729003907,34.54345703125,946.42578125,0.049239375,5.26171875,27.459,
0,4,,,6.57787322998047,34.6112060546875,947.6269531250001,0.04933437500000001,5.26171875,27.493,
0,4,,,6.57787322998047,34.6112060546875,948.818359375,0.04933437500000001,5.26171875,27.527,
0,4,,,6.545257568359376,34.4390869140625,950.0195312500001,0.04908968750000001,5.26171875,27.561,
0,4,,,6.553840637207032,34.48425292968751,951.2207031250001,0.0491534375,5.26171875,27.595,
0,4,,,6.553840637207032,34.48425292968751,952.3046875000001,0.0491534375,5.26171875,27.629,
0,4,,,6.5898895263671875,34.67163085937501,953.505859375,0.049425000000000004,5.261328125,27.663,
0,4,,,6.549072265625001,34.4598388671875,954.7070312500001,0.049118125000000006,5.261914062500001,27.697,
0,4,,,6.549072265625001,34.4598388671875,955.8984375,0.049118125000000006,5.261914062500001,27.731,
0,4,,,6.5860748291015625,34.6527099609375,956.9921875,0.0493959375,5.2615234375,27.765,
0,4,,,6.553077697753907,34.48486328125,958.193359375,0.049147812500000006,5.2625,27.799,
0,4,,,6.553077697753907,34.48486328125,959.3847656250001,0.049147812500000006,5.2625,27.833,
0,4,,,6.551551818847656,34.47082519531251,960.5859375000002,0.049136875,5.2615234375,27.867,
0,4,,,6.5990447998046875,34.72106933593751,961.6894531250001,0.049492812500000004,5.2615234375,27.901,
0,4,,,6.5990447998046875,34.72106933593751,962.890625,0.049492812500000004,5.2615234375,27.935,
0,4,,,6.568336486816407,34.5599365234375,964.0820312500001,0.0492625,5.26171875,27.969,
0,4,,,6.564903259277344,34.54101562500001,965.283203125,0.049236875000000006,5.2615234375,28.003,
0,4,,,6.564903259277344,34.54101562500001,966.4843750000002,0.049236875000000006,5.2615234375,28.037,
0,4,,,6.5715789794921875,34.57763671875001,967.6855468750001,0.049286250000000004,5.26171875,28.071,
0,4,,,6.536865234375001,34.39453125000001,968.7695312500001,0.0490265625,5.26171875,28.105,
0,4,,,6.536865234375001,34.39453125000001,969.970703125,0.0490265625,5.26171875,28.139,
0,4,,,6.58111572265625,34.6270751953125,971.1718750000001,0.0493590625,5.2615234375,28.173,
0,4,,,6.588172912597657,34.66369628906251,972.373046875,0.04941062500000001,5.2615234375,28.207,
0,4,,,6.588172912597657,34.66369628906251,973.4570312500001,0.04941062500000001,5.2615234375,28.241,
0,4,,,6.585121154785156,34.64721679687501,974.6679687500001,0.049388125000000005,5.2615234375,28.275,
0,4,,,6.569862365722656,34.569091796875,975.8593750000002,0.04927406250000001,5.261914062500001,28.309,
0,4,,,6.569862365722656,34.569091796875,977.0703125000001,0.04927406250000001,5.261914062500001,28.343,
0,4,,,6.566047668457031,34.54650878906251,978.1640625000002,0.049245312500000006,5.261328125,28.377,
0,4,,,6.591987609863282,34.6881103515625,979.3652343750001,0.049440625,5.2621093750000005,28.411,
0,4,,,6.591987609863282,34.6881103515625,980.56640625,0.049440625,5.2621093750000005,28.445,
0,4,,,6.569862365722656,34.56970214843751,981.7675781250001,0.049273750000000005,5.261914062500001,28.479,
0,4,,,6.570625305175781,34.57275390625,982.8515625000001,0.0492796875,5.26171875,28.513,
0,4,,,6.570625305175781,34.57275390625,984.0429687500001,0.0492796875,5.2611328125000005,28.547,
0,4,,,6.538963317871094,34.4012451171875,985.2441406250002,0.049041875000000006,5.2611328125000005,28.581,
0,4,,,6.5608978271484375,34.520263671875,986.4453125000001,0.04920625000000001,5.26171875,28.615,
0,4,,,6.5608978271484375,34.520263671875,987.6562500000001,0.04920625000000001,5.261914062500001,28.649,
0,4,,,6.6127777099609375,34.794921875,988.7402343750001,0.049595625000000004,5.261914062500001,28.683,
0,4,,,6.5639495849609375,34.53918457031251,989.94140625,0.049229375000000006,5.2621093750000005,28.717,
0,4,,,6.5639495849609375,34.53918457031251,991.1425781250002,0.049239687500000004,5.26171875,28.751,
0,4,,,6.565284729003907,34.544677734375,992.3339843750001,0.049239687500000004,5.26171875,28.785,
0,4,,,6.587982177734375,34.66369628906251,993.4277343750001,0.04940968750000001,5.26171875,28.819,
0,4,,,6.587982177734375,34.66369628906251,994.62890625,0.049135000000000005,5.261914062500001,28.853,
0,4,,,6.551361083984375,34.47204589843751,995.8300781250001,0.049135000000000005,5.261914062500001,28.888,
0,4,,,6.601524353027345,34.735107421875,997.03125,0.04951125000000001,5.26171875,28.922,
0,4,,,6.601524353027345,34.735107421875,998.2324218750001,0.0492109375,5.2615234375,28.956,
0,4,,,6.561470031738282,34.52270507812501,999.3261718750001,0.0492109375,5.2615234375,28.99,
0,4,,,6.5746307373046875,34.595947265625,1000.5273437500002,0.04931000000000001,5.2621093750000005,29.024,
0,4,,,6.565093994140625,34.542236328125,1001.7285156250002,0.0492384375,5.2615234375,29.059,
0,4,,,6.565093994140625,34.542236328125,1002.9199218750002,0.0492384375,5.2615234375,29.093,
0,4,,,6.556510925292969,34.49523925781251,1004.12109375,0.04917375,5.261328125,29.127,
0,4,,,6.572723388671875,34.588623046875,1005.322265625,0.0492953125,5.2625,29.161,
0,4,,,6.572723388671875,34.588623046875,1006.4160156250001,0.0492953125,5.2625,29.195,
0,4,,,6.554794311523438,34.4903564453125,1007.6074218750002,0.049161250000000004,5.261914062500001,29.229,
0,4,,,6.5898895263671875,34.67529296875001,1008.8085937500002,0.049424062500000004,5.261914062500001,29.263,
0,4,,,6.5898895263671875,34.67529296875001,1010.009765625,0.049424062500000004,5.261914062500001,29.297,
0,4,,,6.55364990234375,34.482421875,1011.2109375000002,0.04915218750000001,5.2615234375,29.331,
0,4,,,6.546211242675782,34.444580078125,1012.2949218750001,0.04909718750000001,5.26171875,29.365,
0,4,,,6.546211242675782,34.444580078125,1013.4863281250001,0.04909718750000001,5.26171875,29.399,
0,4,,,6.563377380371095,34.53247070312501,1014.6875000000002,0.049225625,5.261328125,29.433,
0,4,,,6.559944152832031,34.5196533203125,1015.8886718750002,0.0491990625,5.2623046875,29.467,
0,4,,,6.559944152832031,34.5196533203125,1016.9726562500001,0.0491990625,5.2623046875,29.501,
0,4,,,6.5792083740234375,34.61547851562501,1018.1738281250001,0.0493440625,5.261328125,29.535,
0,4,,,6.536865234375001,34.39453125000001,1019.3750000000001,0.049025937500000005,5.26171875,29.569,
0,4,,,6.536865234375001,34.39453125000001,1020.5664062500001,0.049025937500000005,5.26171875,29.603,
0,4,,,6.545829772949219,34.44274902343751,1021.7675781250002,0.0490934375,5.261914062500001,29.637,
0,4,,,6.576347351074219,34.60144042968751,1022.8515625000001,0.049323437500000004,5.2615234375,29.671,
0,4,,,6.576347351074219,34.60144042968751,1024.052734375,0.049323437500000004,5.2615234375,29.705,
0,4,,,6.548500061035156,34.4598388671875,1025.2539062500002,0.04911406250000001,5.2623046875,29.739,
0,4,,,6.565284729003907,34.54711914062501,1026.4550781250002,0.049240000000000006,5.2621093750000005,29.773,
0,4,,,6.565284729003907,34.54711914062501,1027.5390625,0.049240000000000006,5.2621093750000005,29.807,
0,4,,,6.566810607910156,34.5513916015625,1028.740234375,0.049251562500000005,5.2615234375,29.841,
0,4,,,6.5555572509765625,34.4940185546875,1029.94140625,0.049166875000000006,5.26171875,29.875,
0,4,,,6.5555572509765625,34.4940185546875,1031.15234375,0.049166875000000006,5.26171875,29.909,
0,4,,,6.616783142089845,34.81689453125,1032.236328125,0.0496259375,5.261914062500001,29.943,
0,4,,,6.54754638671875,34.45251464843751,1033.4277343750002,0.049106562500000006,5.261914062500001,29.977,
0,4,,,6.54754638671875,34.45251464843751,1034.619140625,0.049106562500000006,5.261914062500001,30.011,
0,4,,,6.559181213378906,34.515380859375,1035.8300781250002,0.049193437500000006,5.2623046875,30.044,
0,4,,,6.574249267578125,34.59350585937501,1036.9238281250002,0.0493071875,5.261914062500001,30.078,
0,4,,,6.574249267578125,34.59350585937501,1038.1152343750002,0.0493071875,5.261328125,30.113,
0,4,,,6.549644470214844,34.459228515625,1039.31640625,0.049121875,5.261328125,30.147,
0,4,,,6.563568115234376,34.53857421875,1040.5078125000002,0.049227187500000005,5.2621093750000005,30.181,
0,4,,,6.563568115234376,34.53857421875,1041.708984375,0.04922531250000001,5.261914062500001,30.215,
0,4,,,6.563377380371095,34.534912109375,1042.8027343750002,0.04922531250000001,5.261914062500001,30.249,
0,4,,,6.569862365722656,34.57092285156251,1044.0039062500002,0.04927406250000001,5.2621093750000005,30.283,
0,4,,,6.569862365722656,34.57092285156251,1045.2050781250002,0.049212187500000004,5.2625,30.317,
0,4,,,6.561660766601563,34.5306396484375,1046.396484375,0.049212187500000004,5.2625,30.351,
0,4,,,6.5555572509765625,34.49523925781251,1047.5976562500002,0.04916625,5.2621093750000005,30.385,
0,4,,,6.5555572509765625,34.49523925781251,1048.6914062500002,0.049282187500000005,5.261914062500001,30.419,
0,4,,,6.571006774902345,34.57580566406251,1049.8828125000002,0.049282187500000005,5.261914062500001,30.453,
0,4,,,6.548118591308595,34.454345703125,1051.0839843750002,0.04911093750000001,5.26171875,30.487,
0,4,,,6.548118591308595,34.454345703125,1052.2753906250002,0.04914625,5.261328125,30.521,
0,4,,,6.552886962890626,34.47692871093751,1053.359375,0.04914625,5.261328125,30.555,
0,4,,,6.569480895996094,34.569091796875,1054.5605468750002,0.049271562500000005,5.2621093750000005,30.589,
0,4,,,6.569480895996094,34.569091796875,1055.7714843750002,0.04930687500000001,5.2623046875,30.623,
0,4,,,6.574249267578125,34.59472656250001,1056.9628906250002,0.04930687500000001,5.2623046875,30.657,
0,4,,,6.563568115234376,34.53857421875,1058.056640625,0.049226875,5.2621093750000005,30.691,
0,4,,,6.566047668457031,34.54833984375001,1059.2578125,0.0492446875,5.26171875,30.725,
0,4,,,6.566047668457031,34.54833984375001,1060.44921875,0.0492446875,5.26171875,30.759,
0,4,,,6.529808044433594,34.35791015625001,1061.650390625,0.04897375,5.26171875,30.793,
0,4,,,6.587219238281251,34.6588134765625,1062.7343750000002,0.04940437500000001,5.2615234375,30.827,
0,4,,,6.587219238281251,34.6588134765625,1063.935546875,0.04940437500000001,5.2615234375,30.861,
0,4,,,6.5532684326171875,34.47937011718751,1065.13671875,0.049149687500000004,5.2615234375,30.895,
0,4,,,6.5708160400390625,34.57458496093751,1066.337890625,0.049280937500000004,5.261914062500001,30.929,
0,4,,,6.5708160400390625,34.57458496093751,1067.4218750000002,0.049280937500000004,5.261914062500001,30.963,
0,4,,,6.538772583007813,34.40673828125001,1068.61328125,0.049040625000000004,5.2621093750000005,30.996,
0,4,,,6.539344787597656,34.4073486328125,1069.8144531250002,0.0490446875,5.26171875,31.031,
0,4,,,6.539344787597656,34.4073486328125,1071.015625,0.0490446875,5.26171875,31.065,
0,4,,,6.582069396972656,34.63256835937501,1072.2070312500002,0.049365937500000005,5.26171875,31.099,
0,4,,,6.572151184082032,34.57702636718751,1073.3007812500002,0.0492903125,5.261328125,31.132,
0,4,,,6.572151184082032,34.57702636718751,1074.4921875000002,0.0492903125,5.261328125,31.167,
0,4,,,6.569099426269532,34.56298828125001,1075.7031250000002,0.049268125,5.2615234375,31.201,
0,4,,,6.56719207763672,34.5526123046875,1076.904296875,0.0492540625,5.2615234375,31.235,
0,4,,,6.56719207763672,34.5526123046875,1078.1054687500002,0.0492540625,5.2615234375,31.269,
0,4,,,6.5555572509765625,34.4940185546875,1079.1894531250002,0.049166875000000006,5.261914062500001,31.303,
0,4,,,6.581878662109375,34.630126953125,1080.3906250000002,0.04936406250000001,5.2615234375,31.337,
0,4,,,6.581878662109375,34.630126953125,1081.591796875,0.04936406250000001,5.2615234375,31.371,
0,4,,,6.5608978271484375,34.5220947265625,1082.7832031250002,0.049207187500000006,5.261914062500001,31.405,
0,4,,,6.57024383544922,34.576416015625,1083.876953125,0.0492775,5.2625,31.439,
0,4,,,6.57024383544922,34.576416015625,1085.0781250000002,0.0492775,5.2625,31.473,
0,4,,,6.558799743652345,34.51110839843751,1086.2792968750002,0.049190625,5.261914062500001,31.507,
0,4,,,6.5670013427734375,34.55810546875,1087.4804687500002,0.049252500000000005,5.2625,31.541,
0,4,,,6.5670013427734375,34.55810546875,1088.671875,0.049252500000000005,5.2625,31.575,
0,4,,,6.583404541015626,34.63928222656251,1089.765625,0.0493759375,5.26171875,31.609,
0,4,,,6.557655334472657,34.508056640625,1090.966796875,0.0491821875,5.2623046875,31.643,
0,4,,,6.557655334472657,34.508056640625,1092.1582031250002,0.0491821875,5.2623046875,31.677,
0,4,,,6.5753936767578125,34.59716796875,1093.3593750000002,0.049315000000000005,5.26171875,31.711,
0,4,,,6.5639495849609375,34.54040527343751,1094.453125,0.04923,5.2621093750000005,31.745,
0,4,,,6.5639495849609375,34.54040527343751,1095.654296875,0.04923,5.261914062500001,31.779,
0,4,,,6.559181213378906,34.51354980468751,1096.85546875,0.0491940625,5.261914062500001,31.813,
0,4,,,6.610870361328125,34.78515625000001,1098.056640625,0.04958125000000001,5.261914062500001,31.847,
0,4,,,6.610870361328125,34.78515625000001,1099.1503906250002,0.04958125000000001,5.26171875,31.88,
0,4,,,6.5563201904296875,34.4970703125,1100.3515625,0.049173125000000005,5.26171875,31.914,
0,4,,,6.5898895263671875,34.67651367187501,1101.5527343750002,0.0494246875,5.2621093750000005,31.948,
0,4,,,6.5898895263671875,34.67651367187501,1102.75390625,0.04913218750000001,5.26171875,31.982,
0,4,,,6.550979614257813,34.4696044921875,1103.8378906250002,0.04913218750000001,5.26171875,32.016,
0,4,,,6.568717956542969,34.56787109375,1105.0390625000002,0.0492659375,5.2625,32.05,
0,4,,,6.568717956542969,34.56787109375,1106.25,0.049441875,5.261914062500001,32.084,
0,4,,,6.592178344726563,34.68688964843751,1107.4414062500002,0.049441875,5.261914062500001,32.118,
0,4,,,6.568336486816407,34.56176757812501,1108.544921875,0.049263125000000005,5.261914062500001,32.152,
0,4,,,6.568336486816407,34.56176757812501,1109.7363281250002,0.0494446875,5.261914062500001,32.186,
0,4,,,6.592559814453125,34.68994140625,1110.9375000000002,0.0494446875,5.261914062500001,32.221,
0,4,,,6.5479278564453125,34.45373535156251,1112.1289062500002,0.049109375000000004,5.261914062500001,32.255,
0,4,,,6.5479278564453125,34.45373535156251,1113.330078125,0.0492353125,5.261914062500001,32.289,
0,4,,,6.5647125244140625,34.542236328125,1114.5312500000002,0.0492353125,5.261914062500001,32.323,
0,4,,,6.5792083740234375,34.61730957031251,1115.625,0.049344375,5.26171875,32.357,
0,4,,,6.5639495849609375,34.537353515625,1116.826171875,0.04923,5.26171875,32.391,
0,4,,,6.5639495849609375,34.537353515625,1118.0273437500002,0.04923,5.26171875,32.425,
0,4,,,6.588172912597657,34.66613769531251,1119.2285156250002,0.04941062500000001,5.261914062500001,32.459,
0,4,,,6.5723419189453125,34.57763671875001,1120.322265625,0.0492921875,5.2611328125000005,32.493,
0,4,,,6.5723419189453125,34.57763671875001,1121.5234375000002,0.0492921875,5.2611328125000005,32.527,
0,4,,,6.578254699707031,34.613037109375,1122.724609375,0.049337187500000004,5.26171875,32.561,
0,4,,,6.602287292480469,34.7369384765625,1123.92578125,0.0495178125,5.261328125,32.595,
0,4,,,6.602287292480469,34.7369384765625,1125.126953125,0.0495178125,5.261328125,32.629,
0,4,,,6.548309326171876,34.45617675781251,1126.220703125,0.049112812500000005,5.26171875,32.663,
0,4,,,6.589698791503906,34.6746826171875,1127.4218750000002,0.0494225,5.261914062500001,32.697,
0,4,,,6.589698791503906,34.6746826171875,1128.623046875,0.0494225,5.261914062500001,32.731,
0,4,,,6.574058532714845,34.588623046875,1129.8242187500002,0.049304687500000006,5.2615234375,32.765,
0,4,,,6.542205810546875,34.42626953125001,1130.8984375000002,0.049067187500000005,5.2621093750000005,32.799,
0,4,,,6.542205810546875,34.42626953125001,1132.1093750000002,0.049067187500000005,5.2621093750000005,32.833,
0,4,,,6.584739685058594,34.649658203125,1133.30078125,0.049385000000000005,5.2623046875,32.867,
0,4,,,6.54735565185547,34.45068359375,1134.5019531250002,0.049105312500000005,5.26171875,32.901,
0,4,,,6.54735565185547,34.45068359375,1135.5859375000002,0.049105312500000005,5.26171875,32.935,
0,4,,,6.557655334472657,34.50744628906251,1136.7871093750002,0.0491821875,5.2621093750000005,32.969,
0,4,,,6.54735565185547,34.4512939453125,1137.9785156250002,0.04910562500000001,5.261914062500001,33.003,
0,4,,,6.54735565185547,34.4512939453125,1139.1796875000002,0.04910562500000001,5.261914062500001,33.037,
0,4,,,6.5326690673828125,34.37255859375001,1140.263671875,0.04899437500000001,5.26171875,33.071,
0,4,,,6.571769714355469,34.57885742187501,1141.4648437500002,0.04928781250000001,5.26171875,33.105,
0,4,,,6.571769714355469,34.57885742187501,1142.6562500000002,0.04928781250000001,5.26171875,33.139,
0,4,,,6.534004211425782,34.37988281250001,1143.8574218750002,0.049005625000000004,5.26171875,33.173,
0,4,,,6.585693359375,34.65087890625001,1145.0585937500002,0.049392187500000004,5.26171875,33.207,
0,4,,,6.585693359375,34.65087890625001,1146.142578125,0.049392187500000004,5.26171875,33.241,
0,4,,,6.54754638671875,34.45068359375,1147.34375,0.049106250000000004,5.26171875,33.276,
0,4,,,6.580924987792969,34.6282958984375,1148.5449218750002,0.049356875,5.261914062500001,33.31,
0,4,,,6.580924987792969,34.6282958984375,1149.7460937500002,0.049356875,5.261914062500001,33.344,
0,4,,,6.550979614257813,34.473876953125,1150.9375000000002,0.049132812500000005,5.2623046875,33.377,
0,4,,,6.556892395019532,34.50134277343751,1152.03125,0.049177187500000004,5.261914062500001,33.411,
0,4,,,6.556892395019532,34.50134277343751,1153.232421875,0.049177187500000004,5.2615234375,33.445,
0,4,,,6.592559814453125,34.6875,1154.43359375,0.0494446875,5.2615234375,33.479,
0,4,,,6.5837860107421875,34.642333984375,1155.6347656250002,0.049378125,5.261914062500001,33.513,
0,4,,,6.5837860107421875,34.642333984375,1156.7285156250002,0.049378125,5.26171875,33.547,
0,4,,,6.555747985839845,34.4940185546875,1157.9296875,0.049167812500000005,5.26171875,33.581,
0,4,,,6.58416748046875,34.64599609375001,1159.130859375,0.04938125,5.2621093750000005,33.615,
0,4,,,6.58416748046875,34.64599609375001,1160.322265625,0.0491471875,5.2615234375,33.649,
0,4,,,6.552886962890626,34.478759765625,1161.5234375,0.0491471875,5.2615234375,33.683,
0,4,,,6.556892395019532,34.49829101562501,1162.607421875,0.0491759375,5.2615234375,33.717,
0,4,,,6.556892395019532,34.49829101562501,1163.8085937500002,0.049198125,5.261914062500001,33.751,
0,4,,,6.559753417968751,34.51599121093751,1165.0,0.049198125,5.261914062500001,33.785,
0,4,,,6.543159484863281,34.42687988281251,1166.2011718750002,0.049073125,5.2615234375,33.819,
0,4,,,6.543159484863281,34.42687988281251,1167.2949218750002,0.049397812500000006,5.261914062500001,33.853,
0,4,,,6.586265563964845,34.65576171875001,1168.4960937500002,0.049397812500000006,5.261914062500001,33.887,
0,4,,,6.5608978271484375,34.52270507812501,1169.6972656250002,0.049206875000000004,5.261914062500001,33.921,
0,4,,,6.5608978271484375,34.52270507812501,1170.8789062500002,0.0490709375,5.2615234375,33.955,
0,4,,,6.542778015136719,34.42443847656251,1171.9726562500002,0.0490709375,5.2615234375,33.989,
0,4,,,6.580543518066407,34.62524414062501,1173.1738281250002,0.049354375000000006,5.26171875,34.023,
0,4,,,6.580543518066407,34.5526123046875,1174.3750000000002,0.0492509375,5.26171875,34.057,
0,4,,,6.566810607910156,34.5526123046875,1175.5761718750002,0.0492509375,5.26171875,34.091,
0,4,,,6.584739685058594,34.6429443359375,1176.66015625,0.049385000000000005,5.261328125,34.125,
0,4,,,6.533050537109376,34.3756103515625,1177.861328125,0.048998437500000006,5.261914062500001,34.159,
0,4,,,6.533050537109376,34.3756103515625,1179.0625000000002,0.048998437500000006,5.261914062500001,34.193,
0,4,,,6.561279296875,34.5233154296875,1180.2539062500002,0.049210000000000004,5.26171875,34.227,
0,4,,,6.580162048339844,34.62158203125001,1181.4550781250002,0.049351250000000006,5.2615234375,34.261,
0,4,,,6.580162048339844,34.62158203125001,1182.548828125,0.049351250000000006,5.2615234375,34.295,
0,4,,,6.552886962890626,34.4775390625,1184.4042968750002,0.049146875000000007,5.2615234375,34.348,
0,4,,,6.587028503417969,34.659423828125,1185.595703125,0.0494025,5.261914062500001,34.38,
0,4,,,6.557273864746094,34.50134277343751,1186.689453125,0.04918,5.2615234375,34.412,
0,4,,,6.557273864746094,34.50134277343751,1187.7832031250002,0.04918,5.2615234375,34.445,
0,4,,,6.563758850097656,34.5361328125,1188.9843750000002,0.0492278125,5.26171875,34.479,
0,4,,,6.5746307373046875,34.59472656250001,1190.068359375,0.049309687500000005,5.261914062500001,34.513,
0,4,,,6.5746307373046875,34.59472656250001,1191.2792968750002,0.049309687500000005,5.261914062500001,34.547,
0,4,,,6.578254699707031,34.61547851562501,1192.4707031250002,0.049337187500000004,5.2621093750000005,34.581,
0,4,,,6.56280517578125,34.52880859375001,1193.6718750000002,0.049220937500000006,5.261328125,34.615,
0,4,,,6.56280517578125,34.52880859375001,1194.7656250000002,0.049220937500000006,5.261328125,34.649,
0,4,,,6.575584411621094,34.60205078125001,1195.966796875,0.049316875,5.2623046875,34.683,
0,4,,,6.557464599609375,34.50317382812501,1197.16796875,0.049181562500000005,5.26171875,34.717,
0,4,,,6.557464599609375,34.50317382812501,1198.3593750000002,0.049181562500000005,5.26171875,34.751,
0,4,,,6.592369079589844,34.68994140625,1199.4531250000002,0.049443437500000006,5.2621093750000005,34.784,
0,4,,,6.566810607910156,34.55444335937501,1200.6542968750002,0.049251562500000005,5.261914062500001,34.818,
0,4,,,6.566810607910156,34.55444335937501,1201.85546875,0.049251562500000005,5.261914062500001,34.852,
0,4,,,6.5952301025390625,34.70153808593751,1203.0566406250002,0.0494640625,5.26171875,34.886,
0,4,,,6.572532653808594,34.57885742187501,1204.2578125,0.0492934375,5.261328125,34.92,
0,4,,,6.572532653808594,34.57885742187501,1205.3515625000002,0.0492934375,5.261328125,34.954,
0,4,,,6.565666198730469,34.54895019531251,1206.5527343750002,0.0492425,5.2621093750000005,34.988,
0,4,,,6.595802307128907,34.7039794921875,1207.7539062500002,0.049468125,5.2615234375,35.022,
0,4,,,6.595802307128907,34.7039794921875,1208.9550781250002,0.049468125,5.2615234375,35.056,
0,4,,,6.55498504638672,34.49218750000001,1210.0488281250002,0.049162500000000005,5.2621093750000005,35.09,
0,4,,,6.60076141357422,34.73083496093751,1211.2500000000002,0.0495053125,5.26171875,35.124,
0,4,,,6.60076141357422,34.73083496093751,1212.4511718750002,0.0495053125,5.26171875,35.158,
0,4,,,6.581687927246095,34.630126953125,1213.6523437500002,0.0493621875,5.26171875,35.192,
0,4,,,6.55956268310547,34.51416015625,1214.74609375,0.049196875,5.26171875,35.226,
0,4,,,6.55956268310547,34.51416015625,1215.947265625,0.049196875,5.26171875,35.261,
0,4,,,6.580924987792969,34.62341308593751,1217.1484375000002,0.049357187500000003,5.261328125,35.295,
0,4,,,6.568145751953126,34.56298828125001,1218.3398437500002,0.049261875000000004,5.2621093750000005,35.329,
0,4,,,6.568145751953126,34.56298828125001,1219.5410156250002,0.049261875000000004,5.2621093750000005,35.363,
0,4,,,6.569862365722656,34.5660400390625,1220.7421875000002,0.04927406250000001,5.261328125,35.397,
0,4,,,6.577682495117188,34.60876464843751,1221.8359375,0.049333125000000005,5.2615234375,35.431,
0,4,,,6.577682495117188,34.60876464843751,1223.0371093750002,0.049333125000000005,5.261328125,35.465,
0,4,,,6.550788879394531,34.46533203125001,1224.2382812500002,0.049130625000000004,5.261328125,35.499,
0,4,,,6.5799713134765625,34.62280273437501,1225.4296875000002,0.0493496875,5.261914062500001,35.533,
0,4,,,6.5799713134765625,34.62280273437501,1226.5234375,0.0493496875,5.2621093750000005,35.567,
0,4,,,6.5670013427734375,34.55566406250001,1227.7246093750002,0.0492521875,5.2621093750000005,35.601,
0,4,,,6.575012207031251,34.5965576171875,1228.92578125,0.049312812500000004,5.26171875,35.635,
0,4,,,6.575012207031251,34.5965576171875,1230.1171875000002,0.049176875,5.2621093750000005,35.669,
0,4,,,6.556892395019532,34.50317382812501,1231.3183593750002,0.049176875,5.2621093750000005,35.703,
0,4,,,6.5563201904296875,34.4989013671875,1232.421875,0.0491728125,5.261914062500001,35.737,
0,4,,,6.5563201904296875,34.4989013671875,1233.6230468750002,0.049551875,5.261914062500001,35.771,
0,4,,,6.606864929199219,34.7637939453125,1234.82421875,0.049551875,5.261914062500001,35.805,
0,4,,,6.582832336425781,34.635009765625,1236.0253906250002,0.04937156250000001,5.261328125,35.839,
0,4,,,6.582832336425781,34.635009765625,1237.1093750000002,0.0493040625,5.26171875,35.873,
0,4,,,6.573867797851563,34.5892333984375,1238.3105468750002,0.0493040625,5.26171875,35.907,
0,4,,,6.566810607910156,34.5538330078125,1239.5117187500002,0.049250625000000006,5.2621093750000005,35.941,
0,4,,,6.566810607910156,34.5538330078125,1240.7128906250002,0.049250312500000004,5.261914062500001,35.975,
0,4,,,6.566619873046875,34.5526123046875,1241.8066406250002,0.049250312500000004,5.261914062500001,36.009,
0,4,,,6.6295623779296875,34.88525390625001,1243.0175781250002,0.049720937500000006,5.2621093750000005,36.043,
0,4,,,6.6295623779296875,34.4976806640625,1244.2089843750002,0.049177187500000004,5.2611328125000005,36.077,
0,4,,,6.5570831298828125,34.4976806640625,1245.4101562500002,0.049177187500000004,5.2611328125000005,36.111,
0,4,,,6.56585693359375,34.54895019531251,1246.50390625,0.04924375,5.261914062500001,36.145,
0,0,,,,,,,,,12051554
0,1,,,,,,,,,14461865
0,2,,,,,,,,,18077330
0,3,,,,,,,,,24103110
0,4,,,,,,,,,36154659
