iteration_num,expe_num,validation_result,clock_freq,current_sample,power_sample,energy_sample,shunt_voltage_sample,bus_voltage_sample,current_timestamp,timing_sample
0,0,,,13.945388793945314,75.162353515625,0.7617187500000001,0.10750156250000001,5.24375,0.018,
0,0,,,14.333724975585938,75.162353515625,3.5253906250000004,0.10750156250000001,5.24375,0.052,
0,0,,,15.177726745605469,79.54711914062501,6.289062500000001,0.11383187500000001,5.241015625,0.086,
0,0,,,15.180778503417969,79.56787109375001,9.052734375000002,0.11385437500000001,5.241406250000001,0.12,
0,0,,,15.180778503417969,79.56787109375001,11.611328125,0.11385437500000001,5.241406250000001,0.154,
0,0,,,15.361404418945312,80.517578125,14.365234375,0.115209375,5.2416015625000005,0.188,
0,0,,,15.233039855957031,79.83581542968751,17.148437500000004,0.1142459375,5.241015625,0.222,
0,0,,,15.233039855957031,79.83581542968751,19.912109375,0.1142459375,5.241015625,0.257,
0,0,,,15.213203430175781,79.74365234375001,22.705078125,0.1140975,5.241796875,0.291,
0,0,,,15.305709838867188,80.23132324218751,25.224609375000004,0.11479093750000001,5.2419921875,0.325,
0,0,,,15.305709838867188,80.23132324218751,27.978515625000004,0.11479093750000001,5.2419921875,0.359,
0,0,,,15.184783935546877,79.58801269531251,30.742187500000004,0.11388437500000001,5.2412109375,0.393,
0,0,,,15.234375000000002,79.85046386718751,33.52539062500001,0.1142565625,5.241406250000001,0.427,
0,0,,,15.234375000000002,79.85046386718751,36.05468750000001,0.1142565625,5.241406250000001,0.461,
0,0,,,15.28587341308594,80.12451171875001,38.818359375,0.11464281250000001,5.241796875,0.495,
0,0,,,15.1702880859375,79.51782226562501,41.58203125000001,0.113775625,5.241796875,0.529,
0,0,,,15.1702880859375,79.51782226562501,44.36523437500001,0.113775625,5.241796875,0.563,
0,0,,,15.314674377441406,80.27465820312501,47.13867187500001,0.11485843750000001,5.2416015625000005,0.597,
0,0,,,15.11802673339844,79.24011230468751,49.62890625000001,0.11338312500000002,5.241406250000001,0.631,
0,0,,,15.11802673339844,79.24011230468751,52.3828125,0.11338312500000002,5.241406250000001,0.665,
0,0,,,15.123558044433594,79.2694091796875,55.156250000000014,0.11342500000000001,5.241406250000001,0.699,
0,0,,,15.208816528320312,79.71557617187501,57.91015625000001,0.11406406250000001,5.241406250000001,0.733,
0,0,,,15.208816528320312,79.71557617187501,60.41992187500001,0.11406406250000001,5.241406250000001,0.767,
0,0,,,15.140342712402346,79.35913085937501,63.19335937500001,0.11355031250000001,5.2416015625000005,0.801,
0,0,,,15.201187133789062,79.68688964843751,65.95703125,0.11400781250000001,5.2421875,0.835,
0,0,,,15.201187133789062,79.68688964843751,68.720703125,0.11400781250000001,5.2421875,0.869,
0,0,,,15.234947204589844,79.85168457031251,71.484375,0.1142603125,5.241406250000001,0.903,
0,0,,,15.174484252929688,79.54223632812501,73.984375,0.1138075,5.241796875,0.937,
0,0,,,15.174484252929688,79.54223632812501,76.77734375,0.1138075,5.241796875,0.978,
0,0,,,15.268325805664062,80.03356933593751,80.06835937500001,0.1145109375,5.241796875,1.012,
0,0,,,15.276145935058594,80.07141113281251,82.81250000000001,0.11456875000000001,5.2416015625000005,1.046,
0,0,,,15.156364440917969,79.44030761718751,85.58593750000001,0.11367125000000002,5.241406250000001,1.08,
0,0,,,15.156364440917969,79.44030761718751,88.12500000000001,0.11367125000000002,5.241406250000001,1.114,
0,0,,,15.373611450195314,80.57495117187501,90.92773437500001,0.11530125000000001,5.2412109375,1.148,
0,0,,,15.29827117919922,80.17700195312501,93.701171875,0.1147353125,5.241015625,1.182,
0,0,,,15.29827117919922,80.17700195312501,96.45507812500001,0.1147353125,5.241015625,1.216,
0,0,,,15.178871154785156,79.56665039062501,99.00390625000001,0.11384000000000001,5.2419921875,1.25,
0,0,,,15.241241455078125,79.8895263671875,101.7578125,0.11430781250000001,5.2416015625000005,1.284,
0,0,,,15.241241455078125,79.8895263671875,104.51171875000001,0.11430781250000001,5.2416015625000005,1.318,
0,0,,,15.168190002441406,79.50073242187501,107.294921875,0.11376031250000002,5.241406250000001,1.352,
0,0,,,15.35797119140625,80.49865722656251,109.83398437500001,0.11518281250000001,5.2416015625000005,1.386,
0,0,,,15.35797119140625,80.49865722656251,112.64648437500001,0.11518281250000001,5.2416015625000005,1.42,
0,0,,,15.324783325195312,80.32897949218751,115.39062500000003,0.11493468750000001,5.241796875,1.453,
0,0,,,15.212059020996094,79.72961425781251,118.17382812500001,0.1140890625,5.2412109375,1.487,
0,0,,,15.212059020996094,79.72961425781251,120.95703125000001,0.1140890625,5.2412109375,1.521,
0,0,,,15.28587341308594,80.12512207031251,123.47656250000001,0.114641875,5.241796875,1.555,
0,0,,,15.194129943847656,79.63378906250001,126.24023437500001,0.11395437500000001,5.2412109375,1.589,
0,0,,,15.194129943847656,79.63378906250001,129.013671875,0.11395437500000001,5.2412109375,1.623,
0,0,,,15.227127075195314,79.80895996093751,131.806640625,0.1142015625,5.2412109375,1.657,
0,0,,,15.387344360351564,80.650634765625,134.33593750000003,0.11540375000000001,5.241406250000001,1.691,
0,0,,,15.387344360351564,80.650634765625,137.109375,0.11540375000000001,5.241406250000001,1.725,
0,0,,,15.226173400878908,79.80712890625001,139.87304687500003,0.1141946875,5.241406250000001,1.759,
0,0,,,15.2679443359375,80.02197265625001,142.67578125,0.11450781250000001,5.2412109375,1.793,
0,0,,,15.2679443359375,80.02197265625001,145.19531250000003,0.11450781250000001,5.2412109375,1.827,
0,0,,,15.303039550781252,80.20751953125001,147.96875,0.1147709375,5.241406250000001,1.861,
0,0,,,15.199470520019533,79.6636962890625,150.73242187500003,0.11399468750000001,5.2412109375,1.895,
0,0,,,15.199470520019533,79.6636962890625,153.53515625000003,0.11399468750000001,5.2412109375,1.929,
0,0,,,15.344810485839844,80.43395996093751,156.298828125,0.115085,5.241796875,1.963,
0,0,,,15.22960662841797,79.82177734375001,158.80859375,0.11421968750000001,5.2412109375,1.997,
0,0,,,15.22960662841797,79.82177734375001,161.56250000000003,0.11421968750000001,5.241015625,2.032,
0,0,,,15.095329284667969,79.11499023437501,164.34570312500003,0.11321281250000001,5.241015625,2.066,
0,0,,,15.360832214355469,80.51269531250001,167.12890625000003,0.11520406250000001,5.241406250000001,2.1,
0,0,,,15.360832214355469,80.51269531250001,169.90234375000003,0.114150625,5.241015625,2.134,
0,0,,,15.220260620117188,79.7698974609375,172.412109375,0.114150625,5.241015625,2.168,
0,0,,,15.279197692871096,80.08972167968751,175.21484375000003,0.11459281250000002,5.241796875,2.202,
0,0,,,15.279197692871096,80.08972167968751,177.98828125000003,0.11454875,5.241796875,2.236,
0,0,,,15.273475646972658,80.05859375000001,180.74218750000003,0.11454875,5.241796875,2.27,
0,0,,,15.177726745605469,79.5538330078125,183.26171875000003,0.1138309375,5.2416015625000005,2.304,
0,0,,,15.177726745605469,79.5538330078125,186.0546875,0.11475593750000002,5.2412109375,2.338,
0,0,,,15.300941467285156,80.1947021484375,188.828125,0.11475593750000002,5.2412109375,2.372,
0,0,,,15.273094177246094,80.0555419921875,191.61132812500003,0.114546875,5.2416015625000005,2.406,
0,0,,,15.273094177246094,80.0555419921875,194.37500000000003,0.1141228125,5.2416015625000005,2.44,
0,0,,,15.216636657714846,79.75830078125001,196.91406250000003,0.1141228125,5.2416015625000005,2.474,
0,0,,,15.34404754638672,80.43640136718751,199.697265625,0.11507906250000001,5.2421875,2.508,
0,0,,,15.34404754638672,80.43640136718751,202.47070312500003,0.1144490625,5.2408203125,2.542,
0,0,,,15.26012420654297,79.97375488281251,205.234375,0.1144490625,5.2408203125,2.576,
0,0,,,15.176010131835938,79.54040527343751,207.75390625,0.11381843750000001,5.2412109375,2.61,
0,0,,,15.302276611328125,80.21240234375,210.53710937500003,0.1147646875,5.2419921875,2.644,
0,0,,,15.302276611328125,80.21240234375,213.291015625,0.1147646875,5.2419921875,2.678,
0,0,,,15.071678161621096,78.99841308593751,216.04492187500003,0.1130359375,5.2416015625000005,2.712,
0,0,,,15.366363525390627,80.53710937500001,218.59375000000003,0.11524625000000001,5.2412109375,2.746,
0,0,,,15.366363525390627,80.53710937500001,221.36718750000003,0.11524625000000001,5.2412109375,2.78,
0,0,,,15.224647521972656,79.801025390625,224.14062500000003,0.11418312500000001,5.2416015625000005,2.814,
0,0,,,15.164756774902346,79.48547363281251,226.88476562500003,0.11373437500000001,5.241406250000001,2.848,
0,0,,,15.164756774902346,79.48547363281251,229.65820312500006,0.11373437500000001,5.241406250000001,2.882,
0,0,,,15.288543701171875,80.13549804687501,232.20703125000003,0.11466218750000001,5.2416015625000005,2.916,
0,0,,,15.263557434082031,80.00000000000001,234.98046875000003,0.11447500000000001,5.2412109375,2.95,
0,0,,,15.263557434082031,80.00000000000001,237.74414062500003,0.11447500000000001,5.2412109375,2.984,
0,0,,,15.21720886230469,79.76379394531251,240.51757812500003,0.11412781250000001,5.241796875,3.018,
0,0,,,15.302467346191408,80.2099609375,243.04687500000003,0.114766875,5.2416015625000005,3.052,
0,0,,,15.302467346191408,80.2099609375,245.83007812500003,0.114766875,5.2416015625000005,3.087,
0,0,,,15.264129638671875,80.00610351562501,248.60351562500006,0.11448000000000001,5.241406250000001,3.121,
0,0,,,15.268707275390627,80.02807617187501,251.38671875000003,0.11451375000000001,5.241406250000001,3.155,
0,0,,,15.268707275390627,80.02807617187501,254.16992187500003,0.11451375000000001,5.241406250000001,3.188,
0,0,,,15.27671813964844,80.0750732421875,256.67968750000006,0.11457375000000002,5.2416015625000005,3.222,
0,0,,,15.188407897949219,79.60876464843751,259.443359375,0.11391156250000001,5.241406250000001,3.256,
0,0,,,15.188407897949219,79.60876464843751,262.22656250000006,0.11391156250000001,5.241406250000001,3.29,
0,0,,,15.280151367187502,80.09216308593751,265.01953125000006,0.1145996875,5.2416015625000005,3.324,
0,0,,,15.342903137207031,80.4107666015625,267.79296875,0.11507,5.241015625,3.358,
0,0,,,15.342903137207031,80.4107666015625,270.28320312500006,0.11507,5.241015625,3.392,
0,0,,,15.116310119628906,79.22973632812501,273.07617187500006,0.113370625,5.241406250000001,3.426,
0,0,,,15.329170227050783,80.33996582031251,275.859375,0.11496656250000001,5.241015625,3.46,
0,0,,,15.329170227050783,80.33996582031251,278.63281250000006,0.11496656250000001,5.241015625,3.494,
0,0,,,15.224647521972656,79.80163574218751,281.15234375000006,0.11418312500000001,5.2416015625000005,3.528,
0,0,,,15.285301208496096,80.12023925781251,283.94531250000006,0.11463843750000001,5.2416015625000005,3.562,
0,0,,,15.285301208496096,80.12023925781251,286.74804687500006,0.11463843750000001,5.2416015625000005,3.596,
0,0,,,15.391731262207033,80.67138671875001,289.501953125,0.11543625,5.2412109375,3.63,
0,0,,,15.156745910644531,79.44274902343751,292.01171875000006,0.11367375,5.241406250000001,3.664,
0,0,,,15.156745910644531,79.44274902343751,294.80468750000006,0.11367375,5.2419921875,3.698,
0,0,,,15.27061462402344,80.04699707031251,297.587890625,0.11452843750000001,5.2419921875,3.732,
0,0,,,15.2435302734375,79.90173339843751,300.35156250000006,0.11432593750000002,5.2416015625000005,3.766,
0,0,,,15.2435302734375,79.90173339843751,302.84179687500006,0.11432593750000002,5.2412109375,3.8,
0,0,,,15.156745910644531,79.44091796875001,305.634765625,0.11367468750000001,5.2412109375,3.834,
0,0,,,15.34690856933594,80.4443359375,308.42773437500006,0.11510000000000001,5.241796875,3.868,
0,0,,,15.34690856933594,80.4443359375,311.21093750000006,0.11502593750000001,5.241406250000001,3.902,
0,0,,,15.336990356445312,80.38574218750001,314.00390625,0.11502593750000001,5.241406250000001,3.936,
0,0,,,15.285110473632812,80.11474609375001,316.53320312500006,0.11463687500000001,5.241406250000001,3.97,
0,0,,,15.285110473632812,80.11474609375001,319.326171875,0.11507718750000001,5.2412109375,4.004,
0,0,,,15.343856811523438,80.41992187500001,322.09960937500006,0.11507718750000001,5.2412109375,4.038,
0,0,,,15.272712707519531,80.05065917968751,324.87304687500006,0.1145446875,5.241406250000001,4.072,
0,0,,,15.272712707519531,80.05065917968751,327.64648437500006,0.11422875,5.241406250000001,4.106,
0,0,,,15.230751037597656,79.82971191406251,330.18554687500006,0.11422875,5.241406250000001,4.14,
0,0,,,15.292930603027346,80.15563964843751,332.95898437500006,0.11469593750000001,5.241406250000001,4.174,
0,0,,,15.292930603027346,80.15563964843751,335.732421875,0.11446656250000001,5.241015625,4.208,
0,0,,,15.262413024902346,79.98840332031251,338.52539062500006,0.11446656250000001,5.241015625,4.242,
0,0,,,15.351486206054688,80.45532226562501,341.07421875000006,0.11513437500000001,5.241015625,4.276,
0,0,,,15.332221984863281,80.35400390625001,343.85742187500006,0.114989375,5.2408203125,4.31,
0,0,,,15.332221984863281,80.35400390625001,346.62109375000006,0.114989375,5.2408203125,4.344,
0,0,,,15.230369567871094,79.82360839843751,349.38476562500006,0.11422625000000002,5.241015625,4.378,
0,0,,,15.3289794921875,80.34057617187501,351.94335937500006,0.11496625,5.2412109375,4.412,
0,0,,,15.3289794921875,80.34057617187501,354.7265625,0.11496625,5.2412109375,4.446,
0,0,,,15.280151367187502,80.07568359375,357.50000000000006,0.114599375,5.2406250000000005,4.48,
0,0,,,15.237617492675783,79.86511230468751,360.26367187500006,0.11428062500000001,5.241406250000001,4.514,
0,0,,,15.237617492675783,79.86511230468751,362.79296875,0.11428062500000001,5.241406250000001,4.548,
0,0,,,15.275955200195312,80.06774902343751,365.56640625000006,0.114568125,5.241406250000001,4.582,
0,0,,,15.155220031738283,79.43542480468751,368.32031250000006,0.11366281250000002,5.241406250000001,4.616,
0,0,,,15.155220031738283,79.43542480468751,371.09375,0.11366281250000002,5.241406250000001,4.65,
0,0,,,15.280532836914064,80.09521484375001,373.88671875000006,0.11460281250000001,5.2416015625000005,4.684,
0,0,,,15.242958068847658,79.89807128906251,376.39648437500006,0.11432125000000001,5.2416015625000005,4.718,
0,0,,,15.242958068847658,79.89807128906251,379.16992187500006,0.11432125000000001,5.2416015625000005,4.752,
0,0,,,15.160560607910156,79.461669921875,381.93359375,0.11370312500000002,5.241406250000001,4.786,
0,0,,,15.33641815185547,80.38574218750001,384.72656250000006,0.1150209375,5.2416015625000005,4.82,
0,0,,,15.33641815185547,80.38574218750001,387.255859375,0.1150209375,5.2416015625000005,4.854,
0,0,,,15.258216857910158,79.97558593750001,390.02929687500006,0.11443531250000001,5.2416015625000005,4.888,
0,0,,,15.213966369628906,79.73815917968751,392.78320312500006,0.1141040625,5.2412109375,4.922,
0,0,,,15.213966369628906,79.73815917968751,395.56640625000006,0.1141040625,5.2412109375,4.956,
0,0,,,15.245246887207033,79.90356445312501,398.06640625000006,0.11433843750000001,5.2412109375,4.99,
0,0,,,15.16857147216797,79.498291015625,400.83007812500006,0.11376218750000001,5.241015625,5.024,
0,0,,,15.16857147216797,79.498291015625,403.59375000000006,0.11376218750000001,5.241015625,5.058,
0,0,,,15.188217163085938,79.6142578125,406.35742187500006,0.11391062500000002,5.241796875,5.092,
0,0,,,15.196990966796875,79.6612548828125,408.87695312500006,0.11397531250000001,5.2419921875,5.126,
0,0,,,15.196990966796875,79.6612548828125,411.640625,0.11397531250000001,5.2419921875,5.16,
0,0,,,15.1519775390625,79.4189453125,414.38476562500006,0.1136378125,5.2416015625000005,5.194,
0,0,,,15.25535583496094,79.95788574218751,417.16796875000006,0.11441437500000001,5.2412109375,5.228,
0,0,,,15.25535583496094,79.95788574218751,419.93164062500006,0.11441437500000001,5.2412109375,5.262,
0,0,,,15.183448791503906,79.58129882812501,422.6953125000001,0.11387468750000002,5.241406250000001,5.296,
0,0,,,15.129280090332031,79.2926025390625,425.20507812500006,0.11346750000000001,5.241015625,5.33,
0,0,,,15.129280090332031,79.2926025390625,427.98828125000006,0.11346750000000001,5.2412109375,5.364,
0,0,,,15.318870544433594,80.289306640625,430.74218750000006,0.11489031250000001,5.2412109375,5.398,
0,0,,,15.065956115722658,78.97216796875,433.47656250000006,0.11299281250000001,5.241796875,5.432,
0,0,,,15.065956115722658,78.97216796875,435.98632812500006,0.11299281250000001,5.241406250000001,5.466,
0,0,,,15.14568328857422,79.38354492187501,438.76953125,0.1135909375,5.241406250000001,5.5,
0,0,,,15.322113037109377,80.31433105468751,441.5429687500001,0.11491406250000001,5.241796875,5.534,
0,0,,,15.322113037109377,80.31433105468751,444.29687500000006,0.113296875,5.2412109375,5.568,
0,0,,,15.106391906738281,79.17602539062501,446.81640625000006,0.113296875,5.2412109375,5.602,
0,0,,,15.211486816406252,79.7393798828125,449.58984375000006,0.114085,5.2421875,5.636,
0,0,,,15.211486816406252,79.7393798828125,452.34375000000006,0.11384500000000002,5.241796875,5.67,
0,0,,,15.179443359375002,79.5684814453125,455.09765625,0.11384500000000002,5.241796875,5.704,
0,0,,,15.140533447265625,79.36645507812501,457.861328125,0.11355218750000001,5.2419921875,5.738,
0,0,,,15.140533447265625,79.36645507812501,460.39062500000006,0.11476312500000001,5.241796875,5.772,
0,0,,,15.301895141601562,80.2093505859375,463.18359375,0.11476312500000001,5.241796875,5.806,
0,0,,,15.314102172851562,80.27099609375,465.9570312500001,0.1148540625,5.2416015625000005,5.84,
0,0,,,15.314102172851562,80.27099609375,468.75,0.11475593750000002,5.241406250000001,5.874,
0,0,,,15.300941467285156,80.19897460937501,471.29882812500006,0.11475593750000002,5.241406250000001,5.908,
0,0,,,15.398216247558594,80.70312500000001,474.091796875,0.11548562500000001,5.241015625,5.942,
0,0,,,15.398216247558594,80.70312500000001,476.83593750000006,0.1138515625,5.2412109375,5.976,
0,0,,,15.180397033691408,79.56359863281251,479.609375,0.1138515625,5.2412109375,6.01,
0,0,,,15.253257751464844,79.94018554687501,482.13867187500006,0.1143984375,5.2408203125,6.044,
0,0,,,15.263557434082031,80.0018310546875,484.912109375,0.11447500000000001,5.241406250000001,6.078,
0,0,,,15.263557434082031,80.0018310546875,487.6660156250001,0.11447500000000001,5.241406250000001,6.112,
0,0,,,15.13042449951172,79.307861328125,490.42968750000006,0.11347625000000001,5.2416015625000005,6.146,
0,0,,,15.203857421875002,79.70092773437501,492.9394531250001,0.11402687500000001,5.2421875,6.18,
0,0,,,15.203857421875002,79.70092773437501,495.7226562500001,0.11402687500000001,5.2421875,6.215,
0,0,,,15.183639526367188,79.5867919921875,498.48632812500006,0.1138753125,5.2416015625000005,6.248,
0,0,,,15.240669250488281,79.87854003906251,501.25000000000006,0.1143028125,5.2412109375,6.282,
0,0,,,15.240669250488281,79.87854003906251,504.0429687500001,0.1143028125,5.2412109375,6.316,
0,0,,,15.339660644531252,80.39733886718751,506.572265625,0.11504562500000001,5.2412109375,6.35,
0,0,,,15.25859832763672,79.97436523437501,509.34570312500006,0.11443750000000001,5.241406250000001,6.384,
0,0,,,15.25859832763672,79.97436523437501,512.08984375,0.11443750000000001,5.241406250000001,6.418,
0,0,,,15.140342712402346,79.34997558593751,514.873046875,0.11355156250000001,5.241015625,6.452,
0,1,,,12.065505981445312,63.3209228515625,0.419921875,0.0904903125,5.248242187500001,0.015,
0,1,,,12.065505981445312,63.3209228515625,2.7246093750000004,0.0904903125,5.248242187500001,0.049,
0,1,,,12.661933898925781,66.4306640625,4.824218750000001,0.09496281250000001,5.2464843750000005,0.083,
0,1,,,12.66613006591797,66.45568847656251,7.119140625000001,0.09499531250000001,5.2466796875,0.116,
0,1,,,12.66613006591797,66.45568847656251,9.433593750000002,0.09499531250000001,5.2466796875,0.15,
0,1,,,12.654304504394531,66.3995361328125,11.738281250000002,0.09490593750000001,5.247265625000001,0.184,
0,1,,,12.65983581542969,66.4215087890625,14.042968750000002,0.0949471875,5.2466796875,0.218,
0,1,,,12.65983581542969,66.4215087890625,16.142578125,0.0949471875,5.2466796875,0.252,
0,1,,,12.652778625488283,66.39282226562501,18.437500000000004,0.09489500000000001,5.247265625000001,0.286,
0,1,,,12.665748596191406,66.45690917968751,20.751953125,0.094991875,5.2470703125,0.32,
0,1,,,12.665748596191406,66.45690917968751,23.056640625000004,0.094991875,5.2470703125,0.354,
0,1,,,12.652015686035156,66.38244628906251,25.146484375,0.09488875000000001,5.246875,0.388,
0,1,,,12.666511535644533,66.455078125,27.4609375,0.09499718750000001,5.2464843750000005,0.422,
0,1,,,12.666511535644533,66.455078125,29.755859375,0.09499718750000001,5.2464843750000005,0.456,
0,1,,,12.647819519042969,66.36169433593751,32.0703125,0.09485687500000001,5.246875,0.49,
0,1,,,12.66136169433594,66.436767578125,34.16015625000001,0.09495968750000001,5.247265625000001,0.524,
0,1,,,12.66136169433594,66.436767578125,36.46484375,0.09495968750000001,5.247265625000001,0.558,
0,1,,,12.656211853027344,66.4019775390625,38.76953125,0.09492062500000001,5.2466796875,0.592,
0,1,,,12.663078308105469,66.44287109375001,41.07421875,0.09497218750000001,5.2470703125,0.626,
0,1,,,12.663078308105469,66.44287109375001,43.17382812500001,0.09497218750000001,5.2470703125,0.66,
0,1,,,12.658309936523438,66.42333984375001,45.47851562500001,0.09493562500000001,5.2474609375000005,0.694,
0,1,,,12.652587890625,66.3885498046875,47.78320312500001,0.09489375000000001,5.2470703125,0.728,
0,1,,,12.652587890625,66.3885498046875,50.087890625,0.09489375000000001,5.2470703125,0.762,
0,1,,,12.663459777832031,66.44775390625,52.39257812500001,0.09497437500000001,5.247265625000001,0.797,
0,1,,,12.645149230957033,66.34521484375,54.69726562500001,0.09483781250000001,5.2466796875,0.831,
0,1,,,12.645149230957033,66.34521484375,56.79687500000001,0.09483781250000001,5.246875,0.865,
0,1,,,12.670516967773438,66.48132324218751,59.10156250000001,0.09502843750000001,5.246875,0.899,
0,1,,,12.641334533691408,66.33239746093751,61.40625000000001,0.0948096875,5.247265625000001,0.933,
0,1,,,12.641334533691408,66.33239746093751,63.71093750000001,0.095045,5.246875,0.967,
0,1,,,12.672805786132814,66.492919921875,65.80078125000001,0.095045,5.246875,1.001,
0,1,,,12.644195556640627,66.339111328125,68.115234375,0.09483000000000001,5.2466796875,1.035,
0,1,,,12.644195556640627,66.339111328125,70.419921875,0.0950346875,5.2464843750000005,1.069,
0,1,,,12.671470642089844,66.480712890625,72.72460937500001,0.0950346875,5.2464843750000005,1.103,
0,1,,,12.64457702636719,66.34765625000001,75.02929687500001,0.09483250000000001,5.2470703125,1.137,
0,1,,,12.64457702636719,66.34765625000001,77.11914062500001,0.09497218750000001,5.246875,1.171,
0,1,,,12.663078308105469,66.44104003906251,79.42382812500001,0.09497218750000001,5.246875,1.205,
0,1,,,12.6495361328125,66.3702392578125,81.72851562500001,0.09487000000000001,5.246875,1.239,
0,1,,,12.6495361328125,66.3702392578125,84.04296875,0.09498000000000001,5.2470703125,1.273,
0,1,,,12.664222717285158,66.4501953125,86.1328125,0.09498000000000001,5.2470703125,1.307,
0,1,,,12.650299072265627,66.370849609375,88.4375,0.0948753125,5.2466796875,1.341,
0,1,,,12.650299072265627,66.370849609375,90.74218750000001,0.09500625000000001,5.246875,1.375,
0,1,,,12.667655944824219,66.46606445312501,93.04687500000001,0.09500625000000001,5.246875,1.409,
0,1,,,12.656402587890625,66.4044189453125,95.146484375,0.094921875,5.2466796875,1.443,
0,1,,,12.664413452148438,66.4447021484375,97.45117187500001,0.0949815625,5.2466796875,1.477,
0,1,,,12.664413452148438,66.4447021484375,99.755859375,0.0949815625,5.2466796875,1.511,
0,1,,,12.647438049316408,66.357421875,102.06054687500001,0.094854375,5.2466796875,1.545,
0,1,,,12.673187255859377,66.4947509765625,104.365234375,0.09504812500000001,5.246875,1.579,
0,1,,,12.673187255859377,66.4947509765625,106.46484375000001,0.09504812500000001,5.246875,1.613,
0,1,,,12.648773193359375,66.3690185546875,108.76953125,0.09486406250000001,5.2470703125,1.647,
0,1,,,12.674713134765627,66.5008544921875,111.07421875000001,0.0950596875,5.2466796875,1.681,
0,1,,,12.674713134765627,66.5008544921875,113.37890625000001,0.0950596875,5.2466796875,1.715,
0,1,,,12.642669677734377,66.33239746093751,115.478515625,0.09481875000000001,5.2466796875,1.749,
0,1,,,12.66613006591797,66.4630126953125,117.78320312500001,0.0949940625,5.247265625000001,1.783,
0,1,,,12.66613006591797,66.4630126953125,120.08789062500001,0.0949940625,5.247265625000001,1.817,
0,1,,,12.648391723632814,66.36291503906251,122.39257812500003,0.09486125000000001,5.246875,1.851,
0,1,,,12.671470642089844,66.48193359375001,124.69726562500001,0.095034375,5.2466796875,1.885,
0,1,,,12.671470642089844,66.48193359375001,126.796875,0.095034375,5.2466796875,1.919,
0,1,,,12.651824951171877,66.38244628906251,129.10156250000003,0.09488687500000001,5.246875,1.953,
0,1,,,12.662506103515625,66.44042968750001,131.40625000000003,0.09496812500000001,5.2470703125,1.987,
0,1,,,12.662506103515625,66.44042968750001,133.71093750000003,0.09496812500000001,5.2470703125,2.021,
0,1,,,12.659454345703127,66.42333984375001,135.81054687500003,0.09494437500000001,5.2470703125,2.055,
0,1,,,12.661743164062502,66.43310546875001,138.11523437500003,0.0949625,5.2466796875,2.089,
0,1,,,12.661743164062502,66.43310546875001,140.41992187500003,0.0949625,5.2466796875,2.123,
0,1,,,12.654304504394531,66.40380859375,142.724609375,0.09490625000000001,5.24765625,2.157,
0,1,,,12.655258178710938,66.4007568359375,145.02929687500003,0.09491375,5.246875,2.191,
0,1,,,12.655258178710938,66.4007568359375,147.12890625000003,0.09491375,5.246875,2.225,
0,1,,,12.651443481445312,66.38061523437501,149.43359375,0.09488500000000001,5.246875,2.259,
0,1,,,12.667274475097656,66.4654541015625,151.73828125000003,0.09500406250000001,5.2470703125,2.293,
0,1,,,12.667274475097656,66.4654541015625,154.04296875,0.09500406250000001,5.2470703125,2.327,
0,1,,,12.646675109863281,66.35192871093751,156.14257812500003,0.09484906250000001,5.2466796875,2.361,
0,1,,,12.667655944824219,66.46362304687501,158.447265625,0.09500625000000001,5.2466796875,2.395,
0,1,,,12.667655944824219,66.46362304687501,160.751953125,0.09500625000000001,5.2466796875,2.429,
0,1,,,12.6495361328125,66.36657714843751,163.05664062500003,0.0948709375,5.2466796875,2.463,
0,1,,,12.664413452148438,66.44775390625,165.146484375,0.0949815625,5.246875,2.497,
0,1,,,12.664413452148438,66.44775390625,167.46093750000003,0.0949815625,5.247265625000001,2.531,
0,1,,,12.661743164062502,66.43859863281251,169.75585937500003,0.09496281250000001,5.247265625000001,2.565,
0,1,,,12.65850067138672,66.42028808593751,172.07031250000003,0.0949371875,5.2470703125,2.599,
0,1,,,12.65850067138672,66.42028808593751,174.37500000000003,0.0949371875,5.2466796875,2.633,
0,1,,,12.664794921875,66.448974609375,176.46484375000003,0.09498468750000001,5.2466796875,2.667,
0,1,,,12.656021118164064,66.40563964843751,178.77929687500003,0.09491906250000001,5.2470703125,2.701,
0,1,,,12.656021118164064,66.40563964843751,181.08398437500003,0.095019375,5.246875,2.735,
0,1,,,12.669372558593752,66.47277832031251,183.38867187500003,0.095019375,5.246875,2.769,
0,1,,,12.648582458496094,66.36657714843751,185.48828125000003,0.09486343750000001,5.246875,2.803,
0,1,,,12.648582458496094,66.36657714843751,187.79296875,0.09505875000000001,5.246875,2.837,
0,1,,,12.674713134765627,66.50146484375001,190.09765625000003,0.09505875000000001,5.246875,2.871,
0,1,,,12.644004821777344,66.3397216796875,192.40234375,0.09482968750000001,5.2466796875,2.905,
0,1,,,12.644004821777344,66.3397216796875,194.70703125000003,0.0950365625,5.2464843750000005,2.939,
0,1,,,12.671661376953125,66.48132324218751,196.796875,0.0950365625,5.2464843750000005,2.973,
0,1,,,12.641334533691408,66.32568359375,199.10156250000003,0.09480875000000001,5.2466796875,3.007,
0,1,,,12.641334533691408,66.32568359375,201.416015625,0.09506093750000001,5.247265625000001,3.041,
0,1,,,12.674903869628906,66.507568359375,203.71093750000003,0.09506093750000001,5.247265625000001,3.075,
0,1,,,12.65087127685547,66.3726806640625,205.810546875,0.09488031250000001,5.2464843750000005,3.109,
0,1,,,12.664222717285158,66.45446777343751,208.115234375,0.09498125,5.2474609375000005,3.143,
0,1,,,12.664222717285158,66.45446777343751,210.41992187500003,0.09498125,5.2474609375000005,3.177,
0,1,,,12.65373229980469,66.3885498046875,212.73437500000003,0.09490125,5.2466796875,3.211,
0,1,,,12.668037414550783,66.4654541015625,215.03906250000003,0.09500875,5.2466796875,3.245,
0,1,,,12.668037414550783,66.4654541015625,217.12890625000003,0.09500875,5.2466796875,3.279,
0,1,,,12.655067443847658,66.39648437500001,219.43359375000003,0.094911875,5.2466796875,3.313,
0,1,,,12.668228149414062,66.46911621093751,221.73828125,0.095010625,5.246875,3.347,
0,1,,,12.668228149414062,66.46911621093751,224.05273437500003,0.095010625,5.246875,3.381,
0,1,,,12.640762329101564,66.3275146484375,226.14257812500006,0.09480437500000001,5.2470703125,3.415,
0,1,,,12.669181823730469,66.47399902343751,228.44726562500003,0.09501875000000001,5.246875,3.449,
0,1,,,12.669181823730469,66.47399902343751,230.75195312500003,0.09501875000000001,5.246875,3.483,
0,1,,,12.647819519042969,66.36169433593751,233.056640625,0.09485750000000001,5.246875,3.517,
0,1,,,12.671470642089844,66.48681640625001,235.15625,0.0950346875,5.2470703125,3.551,
0,1,,,12.671470642089844,66.48681640625001,237.4609375,0.0950346875,5.2470703125,3.585,
0,1,,,12.647247314453125,66.356201171875,239.76562500000003,0.09485312500000001,5.2466796875,3.619,
0,1,,,12.668800354003906,66.46850585937501,242.07031250000003,0.095015625,5.2466796875,3.653,
0,1,,,12.668800354003906,66.46850585937501,244.375,0.095015625,5.2466796875,3.687,
0,1,,,12.646484375000002,66.35192871093751,246.47460937500003,0.09484718750000001,5.2466796875,3.721,
0,1,,,12.671470642089844,66.48376464843751,248.779296875,0.09503562500000001,5.2466796875,3.755,
0,1,,,12.671470642089844,66.48376464843751,251.08398437500006,0.09503562500000001,5.2466796875,3.789,
0,1,,,12.6434326171875,66.33422851562501,253.38867187500003,0.094825,5.2464843750000005,3.823,
0,1,,,12.666893005371094,66.4642333984375,255.48828125000006,0.09500093750000001,5.2470703125,3.857,
0,1,,,12.666893005371094,66.4642333984375,257.79296875,0.09500093750000001,5.2470703125,3.891,
0,1,,,12.661743164062502,66.43920898437501,260.09765625000006,0.0949621875,5.247265625000001,3.925,
0,1,,,12.655067443847658,66.40258789062501,262.40234375,0.09491250000000001,5.2470703125,3.96,
0,1,,,12.655067443847658,66.40258789062501,264.70703125000006,0.09491250000000001,5.2470703125,3.994,
0,1,,,12.65087127685547,66.38000488281251,266.80664062500006,0.09488093750000001,5.2470703125,4.028,
0,1,,,12.657928466796877,66.414794921875,269.10156250000006,0.0949325,5.246875,4.062,
0,1,,,12.657928466796877,66.414794921875,271.416015625,0.0949325,5.246875,4.095,
0,1,,,12.652778625488283,66.38305664062501,273.71093750000006,0.0948946875,5.2464843750000005,4.129,
0,1,,,12.664222717285158,66.446533203125,275.810546875,0.09498062500000001,5.246875,4.163,
0,1,,,12.664222717285158,66.446533203125,278.125,0.09498062500000001,5.2470703125,4.197,
0,1,,,12.65220642089844,66.38671875,280.41992187500006,0.09488968750000001,5.2470703125,4.231,
0,1,,,12.666702270507812,66.45935058593751,282.73437500000006,0.0949984375,5.246875,4.265,
0,1,,,12.666702270507812,66.45935058593751,285.02929687500006,0.0949984375,5.246875,4.299,
0,1,,,12.647438049316408,66.3580322265625,287.12890625000006,0.0948540625,5.246875,4.333,
0,1,,,12.662506103515625,66.436767578125,289.43359375000006,0.09496718750000001,5.246875,4.367,
0,1,,,12.662506103515625,66.436767578125,291.73828125,0.0949028125,5.246875,4.401,
0,1,,,12.653923034667969,66.39343261718751,294.04296875,0.0949028125,5.246875,4.435,
0,1,,,12.656593322753908,66.39770507812501,296.142578125,0.09492312500000001,5.24609375,4.469,
0,1,,,12.656593322753908,66.39770507812501,298.44726562500006,0.094934375,5.2466796875,4.503,
0,1,,,12.658119201660156,66.41113281250001,300.751953125,0.094934375,5.2466796875,4.537,
0,1,,,12.653923034667969,66.38671875,303.05664062500006,0.09490375000000001,5.246289062500001,4.571,
0,1,,,12.653923034667969,66.38671875,305.15625,0.09502531250000001,5.246875,4.605,
0,1,,,12.670135498046875,66.47888183593751,307.46093750000006,0.09502531250000001,5.246875,4.639,
0,1,,,12.644767761230469,66.34460449218751,309.76562500000006,0.0948353125,5.246875,4.673,
0,1,,,12.644767761230469,66.34460449218751,312.07031250000006,0.09502031250000001,5.246289062500001,4.707,
0,1,,,12.669563293457031,66.46667480468751,314.37500000000006,0.09502031250000001,5.246289062500001,4.741,
0,1,,,12.642860412597656,66.33178710937501,316.46484375000006,0.09482,5.2466796875,4.775,
0,1,,,12.642860412597656,66.4984130859375,318.77929687500006,0.09505906250000001,5.2464843750000005,4.809,
0,1,,,12.674713134765627,66.4984130859375,321.07421875000006,0.09505906250000001,5.2464843750000005,4.843,
0,1,,,12.643814086914062,66.34887695312501,323.38867187500006,0.09482781250000001,5.2474609375000005,4.877,
0,1,,,12.665748596191406,66.45324707031251,325.478515625,0.0949915625,5.2466796875,4.911,
0,1,,,12.665748596191406,66.45324707031251,327.78320312500006,0.0949915625,5.2466796875,4.945,
0,1,,,12.65087127685547,66.37207031250001,330.08789062500006,0.0948796875,5.2464843750000005,4.979,
0,1,,,12.66746520996094,66.46484375,332.39257812500006,0.095005,5.246875,5.014,
0,1,,,12.66746520996094,66.46484375,334.697265625,0.095005,5.246875,5.048,
0,1,,,12.65106201171875,66.38061523437501,336.79687500000006,0.0948815625,5.2470703125,5.082,
0,1,,,12.661170959472656,66.4306640625,339.1015625,0.09495718750000001,5.246875,5.116,
0,1,,,12.661170959472656,66.4306640625,341.40625,0.09495718750000001,5.246875,5.15,
0,1,,,12.65220642089844,66.385498046875,343.71093750000006,0.09489,5.2470703125,5.184,
0,1,,,12.66746520996094,66.46362304687501,345.81054687500006,0.095004375,5.246875,5.218,
0,1,,,12.66746520996094,66.46362304687501,348.115234375,0.095004375,5.246875,5.252,
0,1,,,12.651824951171877,66.3763427734375,350.41992187500006,0.09488718750000001,5.2464843750000005,5.286,
0,1,,,12.66632080078125,66.45812988281251,352.72460937500006,0.09499687500000001,5.246875,5.32,
0,1,,,12.66632080078125,66.45812988281251,354.82421875000006,0.09499687500000001,5.246875,5.354,
0,1,,,12.64610290527344,66.35009765625001,357.11914062500006,0.0948440625,5.2466796875,5.387,
0,1,,,12.671089172363281,66.48681640625001,359.43359375000006,0.0950325,5.2470703125,5.421,
0,1,,,12.671089172363281,66.48681640625001,361.72851562500006,0.0950325,5.2470703125,5.455,
0,1,,,12.64171600341797,66.3275146484375,364.04296875000006,0.09481125000000001,5.2466796875,5.489,
0,1,,,12.672996520996094,66.4923095703125,366.13281250000006,0.09504625000000001,5.246875,5.523,
0,1,,,12.672996520996094,66.4923095703125,368.43750000000006,0.09504625000000001,5.246875,5.557,
0,1,,,12.637138366699219,66.302490234375,370.74218750000006,0.094778125,5.2466796875,5.591,
0,1,,,12.664794921875,66.448974609375,373.046875,0.0949853125,5.2466796875,5.625,
0,1,,,12.664794921875,66.448974609375,375.14648437500006,0.0949853125,5.2466796875,5.659,
0,1,,,12.648582458496094,66.36535644531251,377.45117187500006,0.0948628125,5.246875,5.693,
0,1,,,12.65869140625,66.42028808593751,379.75585937500006,0.09493843750000001,5.2470703125,5.727,
0,1,,,12.65869140625,66.42028808593751,382.060546875,0.09493843750000001,5.2470703125,5.761,
0,1,,,12.653350830078125,66.387939453125,384.16015625000006,0.0948990625,5.2466796875,5.795,
0,1,,,12.665367126464844,66.45629882812501,386.46484375,0.09498875000000001,5.2470703125,5.829,
0,1,,,12.665367126464844,66.45629882812501,388.76953125,0.09498875000000001,5.2470703125,5.863,
0,1,,,12.654495239257812,66.39648437500001,391.07421875000006,0.09490812500000001,5.246875,5.897,
0,1,,,12.66136169433594,66.42883300781251,393.37890625000006,0.09495968750000001,5.2464843750000005,5.931,
0,1,,,12.66136169433594,66.42883300781251,395.478515625,0.09495968750000001,5.2466796875,5.965,
0,1,,,12.651443481445312,66.37817382812501,397.77343750000006,0.09488500000000001,5.2466796875,5.999,
0,1,,,12.65869140625,66.4166259765625,400.08789062500006,0.09493875,5.246875,6.033,
0,1,,,12.65869140625,66.4166259765625,402.38281250000006,0.094900625,5.246875,6.068,
0,1,,,12.653541564941406,66.39221191406251,404.69726562500006,0.094900625,5.246875,6.102,
0,1,,,12.663841247558594,66.4471435546875,406.787109375,0.09497812500000001,5.2470703125,6.136,
0,1,,,12.663841247558594,66.4471435546875,409.09179687500006,0.09488906250000001,5.2464843750000005,6.17,
0,1,,,12.652015686035156,66.3787841796875,411.40625000000006,0.09488906250000001,5.2464843750000005,6.204,
0,1,,,12.6678466796875,66.46362304687501,413.7109375000001,0.09500812500000001,5.2466796875,6.238,
0,1,,,12.6678466796875,66.46362304687501,415.80078125000006,0.09495,5.247265625000001,6.271,
0,1,,,12.66021728515625,66.4312744140625,418.11523437500006,0.09495,5.247265625000001,6.306,
0,1,,,12.661552429199219,66.43615722656251,420.41015625,0.0949603125,5.2470703125,6.339,
0,1,,,12.661552429199219,66.43615722656251,422.724609375,0.09493156250000001,5.246875,6.373,
0,1,,,12.657737731933594,66.41357421875001,424.81445312500006,0.09493156250000001,5.246875,6.407,
0,1,,,12.656021118164064,66.4019775390625,427.119140625,0.09491843750000001,5.2466796875,6.441,
0,1,,,12.656021118164064,66.4019775390625,429.423828125,0.09491250000000001,5.2466796875,6.475,
0,1,,,12.655067443847658,66.39770507812501,431.7285156250001,0.09491250000000001,5.2466796875,6.509,
0,1,,,12.648963928222658,66.36474609375001,433.82812500000006,0.09486625000000001,5.2466796875,6.543,
0,1,,,12.667655944824219,66.46484375,436.1328125,0.09500593750000001,5.246875,6.577,
0,1,,,12.667655944824219,66.46484375,438.43750000000006,0.09500593750000001,5.246875,6.611,
0,1,,,12.650680541992188,66.37817382812501,440.7421875,0.09487843750000001,5.2470703125,6.645,
0,1,,,12.671661376953125,66.4825439453125,443.04687500000006,0.09503625,5.2466796875,6.679,
0,1,,,12.671661376953125,66.4825439453125,445.14648437500006,0.09503625,5.2466796875,6.713,
0,1,,,12.650299072265627,66.3763427734375,447.45117187500006,0.09487625000000001,5.2470703125,6.747,
0,1,,,12.673187255859377,66.48986816406251,449.755859375,0.09504750000000001,5.2464843750000005,6.781,
0,1,,,12.673187255859377,66.48986816406251,452.06054687500006,0.09504750000000001,5.2464843750000005,6.815,
0,1,,,12.64610290527344,66.3531494140625,454.16015625000006,0.09484500000000001,5.246875,6.849,
0,1,,,12.669181823730469,66.47094726562501,456.46484375,0.0950171875,5.2466796875,6.883,
0,1,,,12.669181823730469,66.47094726562501,458.76953125000006,0.0950171875,5.2466796875,6.917,
0,1,,,12.646865844726562,66.3555908203125,461.0742187500001,0.0948496875,5.246875,6.951,
0,1,,,12.665748596191406,66.45385742187501,463.16406250000006,0.094991875,5.2466796875,6.985,
0,1,,,12.665748596191406,66.45385742187501,465.47851562500006,0.094991875,5.2466796875,7.019,
0,1,,,12.653923034667969,66.39038085937501,467.78320312500006,0.0949034375,5.2466796875,7.053,
0,1,,,12.665557861328127,66.45568847656251,470.087890625,0.09499093750000001,5.246875,7.087,
0,1,,,12.665557861328127,66.45568847656251,472.392578125,0.09499093750000001,5.246875,7.122,
0,1,,,12.653923034667969,66.39282226562501,474.6972656250001,0.09490375000000001,5.246875,7.156,
0,1,,,12.665748596191406,66.45935058593751,476.79687500000006,0.09499125000000001,5.247265625000001,7.19,
0,1,,,12.665748596191406,66.45935058593751,479.1015625,0.09499125000000001,5.247265625000001,7.224,
0,1,,,12.649917602539064,66.370849609375,481.40625000000006,0.094873125,5.2466796875,7.258,
0,1,,,12.67375946044922,66.497802734375,483.7109375000001,0.0950515625,5.246875,7.292,
0,1,,,12.67375946044922,66.497802734375,485.80078125000006,0.0950515625,5.246875,7.326,
0,1,,,12.645149230957033,66.35070800781251,488.11523437500006,0.09483781250000001,5.2470703125,7.36,
0,1,,,12.677001953125002,66.51184082031251,490.41992187500006,0.0950765625,5.2466796875,7.394,
0,1,,,12.677001953125002,66.51184082031251,492.724609375,0.0950765625,5.2466796875,7.428,
0,1,,,12.646675109863281,66.357421875,495.02929687500006,0.09484937500000001,5.2470703125,7.462,
0,1,,,12.66746520996094,66.4642333984375,497.119140625,0.0950046875,5.246875,7.496,
0,1,,,12.66746520996094,66.4642333984375,499.42382812500006,0.0950046875,5.246875,7.53,
0,1,,,12.647819519042969,66.357421875,501.73828125000006,0.09485750000000001,5.2464843750000005,7.564,
0,1,,,12.671661376953125,66.485595703125,504.0429687500001,0.09503625,5.246875,7.598,
0,1,,,12.671661376953125,66.485595703125,506.13281250000006,0.09503625,5.2464843750000005,7.632,
0,1,,,12.650299072265627,66.3690185546875,508.4375000000001,0.09487625000000001,5.2464843750000005,7.666,
0,1,,,12.665939331054688,66.4520263671875,510.7421875,0.09499343750000001,5.2464843750000005,7.7,
0,1,,,12.665939331054688,66.4520263671875,513.0566406250001,0.0949221875,5.2466796875,7.734,
0,2,,,10.455894470214846,54.9127197265625,1.2402343750000002,0.07841843750000001,5.251953125,0.03,
0,2,,,10.455894470214846,54.9127197265625,3.1933593750000004,0.07841843750000001,5.251953125,0.064,
0,2,,,10.717010498046875,56.2713623046875,5.146484375000001,0.0803775,5.2505859375,0.099,
0,2,,,10.691642761230469,56.138916015625014,6.9140625,0.0801865625,5.25078125,0.132,
0,2,,,10.691642761230469,56.138916015625014,8.867187500000002,0.0801865625,5.25078125,0.166,
0,2,,,10.710716247558594,56.2408447265625,10.820312500000002,0.08033000000000001,5.2509765625,0.2,
0,2,,,10.720443725585938,56.29394531250001,12.773437500000002,0.080403125,5.2509765625,0.234,
0,2,,,10.720443725585938,56.29394531250001,14.541015625,0.080403125,5.2509765625,0.268,
0,2,,,10.689353942871094,56.13220214843751,16.494140625,0.08016906250000001,5.251171875000001,0.302,
0,2,,,10.710144042968752,56.23352050781251,18.447265625,0.08032500000000001,5.2505859375,0.336,
0,2,,,10.710144042968752,56.23352050781251,20.400390625,0.08032500000000001,5.2505859375,0.37,
0,2,,,10.707283020019533,56.221923828125,22.167968750000004,0.080303125,5.25078125,0.405,
0,2,,,10.697555541992188,56.169433593750014,24.296875000000004,0.08023031250000001,5.25078125,0.439,
0,2,,,10.697555541992188,56.169433593750014,26.074218750000004,0.08023031250000001,5.25078125,0.473,
0,2,,,10.705757141113283,56.21398925781251,28.027343750000004,0.08029187500000001,5.25078125,0.507,
0,2,,,10.72826385498047,56.33422851562501,29.980468750000004,0.08046062500000001,5.2509765625,0.541,
0,2,,,10.72826385498047,56.33422851562501,31.933593750000004,0.08046062500000001,5.2509765625,0.575,
0,2,,,10.694885253906252,56.15905761718751,33.70117187500001,0.0802103125,5.2509765625,0.609,
0,2,,,10.720062255859377,56.28784179687501,35.65429687500001,0.0804003125,5.2505859375,0.643,
0,2,,,10.720062255859377,56.28784179687501,37.60742187500001,0.0804003125,5.2505859375,0.677,
0,2,,,10.684013366699219,56.099853515625,39.56054687500001,0.0801290625,5.25078125,0.711,
0,2,,,10.697555541992188,56.1761474609375,41.32812500000001,0.0802309375,5.2513671875000005,0.745,
0,2,,,10.697555541992188,56.1761474609375,43.28125000000001,0.0802309375,5.2505859375,0.779,
0,2,,,10.716819763183596,56.26953125000001,45.23437500000001,0.08037593750000001,5.2505859375,0.813,
0,2,,,10.718536376953125,56.285400390625014,47.18750000000001,0.0803884375,5.251171875000001,0.847,
0,2,,,10.718536376953125,56.285400390625014,48.955078125,0.0803884375,5.2513671875000005,0.881,
0,2,,,10.695075988769531,56.163330078125014,50.90820312500001,0.0802125,5.2513671875000005,0.915,
0,2,,,10.692214965820312,56.14196777343751,52.85156250000001,0.08019125,5.25078125,0.949,
0,2,,,10.692214965820312,56.14196777343751,54.80468750000001,0.08009125,5.2509765625,0.983,
0,2,,,10.679054260253908,56.07421875000001,56.75781250000001,0.08009125,5.2509765625,1.017,
0,2,,,10.702705383300781,56.20300292968751,58.52539062500001,0.08026875,5.2513671875000005,1.051,
0,2,,,10.702705383300781,56.20300292968751,60.47851562500001,0.0803353125,5.2505859375,1.085,
0,2,,,10.71147918701172,56.24206542968751,62.43164062500001,0.0803353125,5.2505859375,1.119,
0,2,,,10.691070556640627,56.136474609375,64.375,0.080181875,5.25078125,1.153,
0,2,,,10.691070556640627,56.136474609375,66.15234375000001,0.08030656250000001,5.250195312500001,1.187,
0,2,,,10.707664489746096,56.21765136718751,68.10546875000001,0.08030656250000001,5.250195312500001,1.221,
0,2,,,10.700988769531252,56.1883544921875,70.048828125,0.08025593750000001,5.25078125,1.255,
0,2,,,10.700988769531252,56.1883544921875,72.01171875000001,0.08039531250000001,5.2509765625,1.289,
0,2,,,10.719490051269531,56.2872314453125,73.7890625,0.08039531250000001,5.2509765625,1.323,
0,2,,,10.721397399902344,56.300659179687514,75.7421875,0.08040875,5.2513671875000005,1.357,
0,2,,,10.721397399902344,56.300659179687514,77.68554687500001,0.0803265625,5.251171875000001,1.391,
0,2,,,10.710334777832031,56.240234375,79.6484375,0.0803265625,5.251171875000001,1.425,
0,2,,,10.723686218261719,56.30310058593751,81.6015625,0.08042718750000001,5.2503906250000005,1.459,
0,2,,,10.717010498046875,56.270141601562514,83.369140625,0.080376875,5.2505859375,1.493,
0,2,,,10.717010498046875,56.270141601562514,85.322265625,0.080376875,5.2505859375,1.527,
0,2,,,10.705184936523438,56.2127685546875,87.275390625,0.080288125,5.2509765625,1.561,
0,2,,,10.722923278808596,56.3043212890625,89.228515625,0.0804215625,5.25078125,1.595,
0,2,,,10.722923278808596,56.3043212890625,91.00585937500001,0.0804215625,5.25078125,1.629,
0,2,,,10.690689086914062,56.1395263671875,92.94921875,0.08017968750000001,5.251171875000001,1.663,
0,2,,,10.70823669433594,56.22802734375,94.90234375,0.08031062500000001,5.2509765625,1.697,
0,2,,,10.70823669433594,56.22802734375,96.85546875,0.08031062500000001,5.2509765625,1.731,
0,2,,,10.727500915527344,56.32507324218751,98.6328125,0.0804559375,5.2505859375,1.765,
0,2,,,10.710906982421875,56.241455078125,100.5859375,0.0803309375,5.2509765625,1.799,
0,2,,,10.710906982421875,56.241455078125,102.5390625,0.0803309375,5.2509765625,1.833,
0,2,,,10.724067687988281,56.315917968750014,104.50195312500001,0.08042906250000001,5.2513671875000005,1.867,
0,2,,,10.726356506347658,56.322021484375014,106.45507812500001,0.0804471875,5.25078125,1.901,
0,2,,,10.726356506347658,56.322021484375014,108.22265625000001,0.0804471875,5.25078125,1.935,
0,2,,,10.703468322753908,56.20361328125,110.17578125000001,0.08027468750000001,5.2509765625,1.969,
0,2,,,10.715675354003906,56.26586914062501,112.12890625000001,0.0803665625,5.25078125,2.003,
0,2,,,10.715675354003906,56.26586914062501,114.08203125000001,0.0803665625,5.25078125,2.037,
0,2,,,10.715484619140625,56.2646484375,115.85937500000001,0.0803646875,5.25078125,2.071,
0,2,,,10.69793701171875,56.17553710937501,117.81250000000001,0.08023406250000001,5.251171875000001,2.105,
0,2,,,10.69793701171875,56.17553710937501,119.755859375,0.08023406250000001,5.251171875000001,2.139,
0,2,,,10.713958740234377,56.25366210937501,121.71875000000001,0.0803540625,5.2505859375,2.172,
0,2,,,10.715103149414062,56.26342773437501,123.486328125,0.0803625,5.2509765625,2.207,
0,2,,,10.715103149414062,56.26342773437501,125.43945312500001,0.0803625,5.2509765625,2.24,
0,2,,,10.712814331054688,56.25,127.39257812500001,0.080345,5.25078125,2.274,
0,2,,,10.704803466796877,56.21154785156251,129.34570312500003,0.08028468750000001,5.251171875000001,2.308,
0,2,,,10.704803466796877,56.21154785156251,131.11328125000003,0.08028468750000001,5.251171875000001,2.342,
0,2,,,10.692214965820312,56.14501953125001,133.06640625000003,0.0801909375,5.2509765625,2.376,
0,2,,,10.717201232910158,56.270141601562514,135.01953125000003,0.0803778125,5.2505859375,2.41,
0,2,,,10.717201232910158,56.270141601562514,136.97265625000003,0.0803778125,5.2505859375,2.444,
0,2,,,10.709571838378908,56.23657226562501,138.916015625,0.08032093750000001,5.251171875000001,2.478,
0,2,,,10.708045959472656,56.2261962890625,140.703125,0.0803090625,5.25078125,2.513,
0,2,,,10.708045959472656,56.2261962890625,142.65625,0.0803090625,5.25078125,2.547,
0,2,,,10.74962615966797,56.4422607421875,144.609375,0.080620625,5.25078125,2.581,
0,2,,,10.682106018066406,56.087646484375,146.55273437500003,0.0801146875,5.2505859375,2.615,
0,2,,,10.682106018066406,56.087646484375,148.50585937500003,0.0801146875,5.2503906250000005,2.649,
0,2,,,10.68878173828125,56.11999511718751,150.28320312500003,0.08016468750000001,5.2503906250000005,2.683,
0,2,,,10.710906982421875,56.24206542968751,152.22656250000003,0.0803309375,5.2509765625,2.717,
0,2,,,10.710906982421875,56.24206542968751,154.17968750000003,0.08031718750000001,5.251171875000001,2.751,
0,2,,,10.708999633789062,56.23535156250001,156.14257812500003,0.08031718750000001,5.251171875000001,2.785,
0,2,,,10.742950439453127,56.41479492187501,157.91992187500003,0.080571875,5.2513671875000005,2.819,
0,2,,,10.742950439453127,56.41479492187501,159.87304687500003,0.0803540625,5.251171875000001,2.853,
0,2,,,10.713958740234377,56.26037597656251,161.82617187500003,0.0803540625,5.251171875000001,2.887,
0,2,,,10.708427429199219,56.22985839843751,163.77929687500003,0.0803121875,5.2509765625,2.921,
0,2,,,10.708427429199219,56.22985839843751,165.74218750000003,0.0806890625,5.2505859375,2.955,
0,2,,,10.758590698242188,56.48864746093751,167.50976562500003,0.0806890625,5.2505859375,2.989,
0,2,,,10.7208251953125,56.29028320312501,169.46289062500003,0.08040562500000001,5.2505859375,3.023,
0,2,,,10.7208251953125,56.29028320312501,171.41601562500003,0.0803265625,5.2509765625,3.057,
0,2,,,10.710334777832031,56.23901367187501,173.37890625000003,0.0803265625,5.2509765625,3.091,
0,2,,,10.752296447753906,56.45263671875001,175.33203125000003,0.080641875,5.2503906250000005,3.125,
0,2,,,10.733795166015625,56.361694335937514,177.119140625,0.0805025,5.2509765625,3.159,
0,2,,,10.733795166015625,56.361694335937514,179.072265625,0.0805025,5.2509765625,3.193,
0,2,,,10.739898681640625,56.398315429687514,181.03515625000003,0.08054781250000001,5.2513671875000005,3.227,
0,2,,,10.731506347656252,56.35375976562501,182.978515625,0.0804853125,5.2513671875000005,3.261,
0,2,,,10.731506347656252,56.35375976562501,184.75585937500003,0.0804853125,5.2513671875000005,3.295,
0,2,,,10.708427429199219,56.2286376953125,186.70898437500003,0.080311875,5.2509765625,3.329,
0,2,,,10.727119445800781,56.3287353515625,188.67187500000003,0.08045218750000001,5.251171875000001,3.363,
0,2,,,10.727119445800781,56.3287353515625,190.62500000000003,0.08045218750000001,5.251171875000001,3.398,
0,2,,,10.698699951171877,56.17736816406251,192.56835937500003,0.0802396875,5.25078125,3.432,
0,2,,,10.718727111816408,56.27868652343751,194.34570312500003,0.08038906250000001,5.2505859375,3.466,
0,2,,,10.718727111816408,56.27868652343751,196.29882812500003,0.08038906250000001,5.2505859375,3.5,
0,2,,,10.730171203613283,56.34338378906251,198.25195312500003,0.0804746875,5.2509765625,3.534,
0,2,,,10.694694519042969,56.15295410156251,200.205078125,0.08020906250000001,5.2505859375,3.568,
0,2,,,10.694694519042969,56.15295410156251,202.158203125,0.08020906250000001,5.2505859375,3.603,
0,2,,,10.700988769531252,56.19262695312501,204.111328125,0.0802565625,5.251171875000001,3.637,
0,2,,,10.743904113769533,56.4178466796875,205.88867187500003,0.08057875,5.251171875000001,3.671,
0,2,,,10.743904113769533,56.4178466796875,207.84179687500003,0.08057875,5.251171875000001,3.705,
0,2,,,10.716247558593752,56.27319335937501,209.79492187500003,0.08037125,5.251171875000001,3.739,
0,2,,,10.732650756835938,56.3507080078125,211.74804687500003,0.080494375,5.2503906250000005,3.773,
0,2,,,10.732650756835938,56.3507080078125,213.525390625,0.080494375,5.2503906250000005,3.807,
0,2,,,10.697174072265627,56.16821289062501,215.478515625,0.08022812500000001,5.25078125,3.841,
0,2,,,10.7208251953125,56.28845214843751,217.431640625,0.08040562500000001,5.2503906250000005,3.875,
0,2,,,10.7208251953125,56.28845214843751,219.384765625,0.08040562500000001,5.2503906250000005,3.909,
0,2,,,10.726356506347658,56.3201904296875,221.337890625,0.0804475,5.2505859375,3.943,
0,2,,,10.72349548339844,56.307373046875,223.11523437500003,0.0804259375,5.25078125,3.977,
0,2,,,10.72349548339844,56.307373046875,225.06835937500003,0.0804259375,5.25078125,4.011,
0,2,,,10.731697082519531,56.34887695312501,227.03125000000003,0.0804875,5.25078125,4.045,
0,2,,,10.730361938476562,56.343994140625,228.98437500000003,0.08047750000000001,5.2509765625,4.079,
0,2,,,10.730361938476562,56.343994140625,230.93750000000003,0.08047750000000001,5.251171875000001,4.113,
0,2,,,10.721015930175783,56.29699707031251,232.71484375,0.08040593750000001,5.251171875000001,4.147,
0,2,,,10.706520080566406,56.22253417968751,234.66796875,0.08029781250000001,5.2513671875000005,4.181,
0,2,,,10.706520080566406,56.22253417968751,236.62109375,0.080445625,5.2505859375,4.215,
0,2,,,10.726165771484375,56.319580078125,238.57421875,0.080445625,5.2505859375,4.249,
0,2,,,10.714912414550783,56.26831054687501,240.35156250000003,0.080360625,5.2515625,4.283,
0,2,,,10.714912414550783,56.26831054687501,242.30468750000003,0.0803578125,5.2513671875000005,4.317,
0,2,,,10.714530944824219,56.26647949218751,244.25781250000003,0.0803578125,5.2513671875000005,4.351,
0,2,,,10.711097717285158,56.24206542968751,246.21093750000003,0.08033218750000001,5.25078125,4.385,
0,2,,,10.711097717285158,56.24206542968751,248.16406250000003,0.08035468750000001,5.2505859375,4.42,
0,2,,,10.714149475097656,56.254882812500014,249.94140625000003,0.08035468750000001,5.2505859375,4.454,
0,2,,,10.731506347656252,56.35375976562501,251.89453125,0.080485625,5.2513671875000005,4.488,
0,2,,,10.731506347656252,56.35375976562501,253.837890625,0.080224375,5.2509765625,4.522,
0,2,,,10.696601867675781,56.1676025390625,255.791015625,0.080224375,5.2509765625,4.556,
0,2,,,10.708618164062502,56.23352050781251,257.744140625,0.0803140625,5.251171875000001,4.59,
0,2,,,10.723114013671875,56.30554199218751,259.697265625,0.08042250000000001,5.2509765625,4.624,
0,2,,,10.723114013671875,56.30554199218751,261.474609375,0.08042250000000001,5.2509765625,4.659,
0,2,,,10.71319580078125,56.25427246093751,263.427734375,0.0803478125,5.2509765625,4.693,
0,2,,,10.726165771484375,56.32446289062501,265.380859375,0.080445625,5.251171875000001,4.727,
0,2,,,10.726165771484375,56.32446289062501,267.333984375,0.080445625,5.251171875000001,4.761,
0,2,,,10.705184936523438,56.20483398437501,269.11132812500006,0.08028750000000001,5.2503906250000005,4.795,
0,2,,,10.72673797607422,56.32446289062501,271.06445312500006,0.08045062500000001,5.25078125,4.829,
0,2,,,10.72673797607422,56.32446289062501,273.02734375000006,0.08045062500000001,5.25078125,4.863,
0,2,,,10.737037658691406,56.378173828125,274.97070312500006,0.08052656250000001,5.25078125,4.897,
0,2,,,10.685729980468752,56.10595703125,276.92382812500006,0.0801425,5.2505859375,4.931,
0,2,,,10.685729980468752,56.10595703125,278.70117187500006,0.0801425,5.2505859375,4.965,
0,2,,,10.715484619140625,56.2646484375,280.65429687500006,0.08036531250000001,5.25078125,4.999,
0,2,,,10.733795166015625,56.3629150390625,282.60742187500006,0.0805025,5.2509765625,5.033,
0,2,,,10.733795166015625,56.3629150390625,284.56054687500006,0.0805025,5.2509765625,5.067,
0,2,,,10.70823669433594,56.22802734375,286.33789062500006,0.0803115625,5.2509765625,5.101,
0,2,,,10.732078552246096,56.35192871093751,288.29101562500006,0.08049,5.25078125,5.135,
0,2,,,10.732078552246096,56.35192871093751,290.25390625,0.08049,5.25078125,5.169,
0,2,,,10.737419128417969,56.38000488281251,292.20703125,0.08053062500000001,5.25078125,5.202,
0,2,,,10.711288452148438,56.2432861328125,293.984375,0.08033437500000001,5.25078125,5.236,
0,2,,,10.711288452148438,56.2432861328125,295.9375,0.08033437500000001,5.25078125,5.27,
0,2,,,10.750007629394531,56.44714355468751,297.900390625,0.08062406250000001,5.2509765625,5.304,
0,2,,,10.718154907226564,56.28479003906251,299.84375,0.0803853125,5.2513671875000005,5.338,
0,2,,,10.718154907226564,56.28479003906251,301.611328125,0.0803853125,5.2513671875000005,5.372,
0,2,,,10.69183349609375,56.1370849609375,303.57421875000006,0.08018812500000001,5.2505859375,5.406,
0,2,,,10.73875427246094,56.3897705078125,305.52734375000006,0.08053937500000001,5.251171875000001,5.44,
0,2,,,10.73875427246094,56.3897705078125,307.48046875000006,0.08053937500000001,5.251171875000001,5.474,
0,2,,,10.695648193359375,56.15905761718751,309.423828125,0.08021718750000001,5.2505859375,5.508,
0,2,,,10.702323913574219,56.20239257812501,311.20117187500006,0.0802675,5.2513671875000005,5.542,
0,2,,,10.702323913574219,56.20239257812501,313.16406250000006,0.0802675,5.251171875000001,5.576,
0,2,,,10.748100280761719,56.439208984375,315.11718750000006,0.08060937500000001,5.251171875000001,5.61,
0,2,,,10.72998046875,56.346435546875014,317.07031250000006,0.0804746875,5.2513671875000005,5.644,
0,2,,,10.72998046875,56.346435546875014,319.03320312500006,0.0805003125,5.2505859375,5.679,
0,2,,,10.733413696289064,56.356201171875,320.81054687500006,0.0805003125,5.2505859375,5.713,
0,2,,,10.73455810546875,56.36718750000001,322.76367187500006,0.080508125,5.2509765625,5.747,
0,2,,,10.73455810546875,56.36718750000001,324.72656250000006,0.0806671875,5.25078125,5.781,
0,2,,,10.755729675292969,56.47583007812501,326.67968750000006,0.0806671875,5.25078125,5.815,
0,2,,,10.748672485351564,56.43737792968751,328.466796875,0.08061375000000001,5.2505859375,5.849,
0,2,,,10.748672485351564,56.43737792968751,330.419921875,0.0804159375,5.2509765625,5.883,
0,2,,,10.722160339355469,56.30126953125,332.373046875,0.0804159375,5.2509765625,5.917,
0,2,,,10.71929931640625,56.285400390625014,334.326171875,0.080394375,5.25078125,5.951,
0,2,,,10.71929931640625,56.285400390625014,336.279296875,0.0803584375,5.25078125,5.985,
0,2,,,10.714530944824219,56.2591552734375,338.05664062500006,0.0803584375,5.25078125,6.019,
0,2,,,10.71300506591797,56.25244140625,340.00976562500006,0.08034625000000001,5.2509765625,6.053,
0,2,,,10.71300506591797,56.25244140625,341.96289062500006,0.0804021875,5.2509765625,6.087,
0,2,,,10.720443725585938,56.2921142578125,343.92578125000006,0.0804021875,5.2509765625,6.121,
0,2,,,10.757637023925781,56.488037109375,345.703125,0.080681875,5.2509765625,6.155,
0,2,,,10.689163208007814,56.12670898437501,347.646484375,0.0801675,5.25078125,6.189,
0,2,,,10.689163208007814,56.12670898437501,349.599609375,0.0801675,5.25078125,6.223,
0,2,,,10.70384979248047,56.209716796875,351.552734375,0.080278125,5.2513671875000005,6.257,
0,2,,,10.709571838378908,56.23168945312501,353.3203125,0.08032093750000001,5.2505859375,6.291,
0,2,,,10.709571838378908,56.23168945312501,355.2734375,0.08032093750000001,5.2505859375,6.325,
0,2,,,10.709190368652346,56.230468750000014,357.2265625,0.0803184375,5.25078125,6.358,
0,2,,,10.73436737060547,56.36474609375001,359.18945312500006,0.08050625,5.2509765625,6.392,
0,2,,,10.73436737060547,56.36474609375001,360.95703125000006,0.08050625,5.2509765625,6.426,
0,2,,,10.698699951171877,56.18164062500001,362.91015625000006,0.08024,5.2513671875000005,6.46,
0,2,,,10.722923278808596,56.30554199218751,364.86328125000006,0.0804215625,5.2509765625,6.494,
0,2,,,10.722923278808596,56.30554199218751,366.82617187500006,0.0804215625,5.2509765625,6.528,
0,2,,,10.733222961425781,56.356201171875,368.59375000000006,0.0804984375,5.2505859375,6.562,
0,2,,,10.713577270507812,56.2554931640625,370.55664062500006,0.08035125000000001,5.25078125,6.596,
0,2,,,10.713577270507812,56.2554931640625,372.50976562500006,0.08035125000000001,5.25078125,6.63,
0,2,,,10.738563537597656,56.3897705078125,374.46289062500006,0.08053750000000001,5.251171875000001,6.664,
0,2,,,10.713768005371094,56.2567138671875,376.41601562500006,0.0803521875,5.2509765625,6.698,
0,2,,,10.713768005371094,56.2567138671875,378.36914062500006,0.0803521875,5.2509765625,6.733,
0,2,,,10.735702514648438,56.37023925781251,380.14648437500006,0.080516875,5.25078125,6.767,
0,2,,,10.713386535644533,56.260986328125014,382.09960937500006,0.080349375,5.2515625,6.801,
0,2,,,10.713386535644533,56.260986328125014,384.05273437500006,0.080349375,5.2515625,6.835,
0,2,,,10.689544677734377,56.12854003906251,385.99609375000006,0.08017125000000001,5.25078125,6.869,
0,2,,,10.700225830078125,56.182861328125,387.77343750000006,0.08025093750000001,5.2505859375,6.903,
0,2,,,10.700225830078125,56.182861328125,389.72656250000006,0.08025093750000001,5.2505859375,6.937,
0,2,,,10.718345642089844,56.2744140625,391.67968750000006,0.08038625,5.2503906250000005,6.971,
0,2,,,10.725402832031252,56.3134765625,393.63281250000006,0.0804403125,5.2505859375,7.005,
0,2,,,10.725402832031252,56.3134765625,395.41015625000006,0.0804403125,5.2505859375,7.039,
0,2,,,10.722541809082033,56.300659179687514,397.36328125000006,0.08041843750000001,5.25078125,7.073,
0,2,,,10.723304748535156,56.307373046875,399.31640625000006,0.0804240625,5.2509765625,7.107,
0,2,,,10.723304748535156,56.307373046875,401.26953125000006,0.0804240625,5.2509765625,7.141,
0,2,,,10.689926147460938,56.136474609375,403.22265625000006,0.08017375,5.2513671875000005,7.175,
0,2,,,10.716819763183596,56.27685546875,404.99023437500006,0.08037593750000001,5.2513671875000005,7.209,
0,2,,,10.716819763183596,56.27685546875,406.94335937500006,0.08037593750000001,5.2503906250000005,7.243,
0,2,,,10.694503784179688,56.148681640625,408.89648437500006,0.0802075,5.2503906250000005,7.277,
0,2,,,10.706520080566406,56.22131347656251,410.84960937500006,0.08029781250000001,5.251171875000001,7.311,
0,2,,,10.706520080566406,56.22131347656251,412.62695312500006,0.08029781250000001,5.2505859375,7.345,
0,2,,,10.720062255859377,56.28662109375,414.58007812500006,0.08039968750000001,5.2505859375,7.379,
0,2,,,10.71586608886719,56.2615966796875,416.53320312500006,0.0803671875,5.2503906250000005,7.413,
0,2,,,10.71586608886719,56.2615966796875,418.4765625,0.08027218750000001,5.25078125,7.447,
0,2,,,10.703086853027344,56.19934082031251,420.263671875,0.08027218750000001,5.25078125,7.481,
0,2,,,10.732650756835938,56.361694335937514,422.216796875,0.08049375,5.2515625,7.515,
0,2,,,10.732650756835938,56.361694335937514,424.169921875,0.0804384375,5.25078125,7.549,
0,2,,,10.725212097167969,56.31530761718751,426.123046875,0.0804384375,5.25078125,7.583,
0,2,,,10.714149475097656,56.2554931640625,428.076171875,0.080355625,5.2505859375,7.617,
0,2,,,10.714149475097656,56.2554931640625,429.853515625,0.0803478125,5.2505859375,7.651,
0,2,,,10.71319580078125,56.25061035156251,431.79687500000006,0.0803478125,5.2505859375,7.685,
0,2,,,10.713958740234377,56.26220703125001,433.759765625,0.0803540625,5.2513671875000005,7.719,
0,2,,,10.713958740234377,56.26220703125001,435.712890625,0.080625,5.25078125,7.753,
0,2,,,10.750198364257814,56.44592285156251,437.67578125000006,0.080625,5.25078125,7.787,
0,2,,,10.741615295410158,56.402587890625,439.453125,0.080561875,5.25078125,7.821,
0,2,,,10.713768005371094,56.26037597656251,441.40625,0.0803521875,5.2513671875000005,7.855,
0,2,,,10.713768005371094,56.26037597656251,443.359375,0.0803521875,5.2513671875000005,7.889,
0,2,,,10.726547241210938,56.3201904296875,445.3125,0.08044875000000001,5.2505859375,7.923,
0,2,,,10.701370239257812,56.1883544921875,447.08984375,0.08026000000000001,5.2505859375,7.957,
0,2,,,10.701370239257812,56.1883544921875,449.03320312500006,0.08026000000000001,5.2505859375,7.991,
0,2,,,10.718727111816408,56.28784179687501,450.99609375,0.0803896875,5.2513671875000005,8.025,
0,2,,,10.732269287109375,56.35375976562501,452.94921875,0.08049125,5.2509765625,8.059,
0,2,,,10.732269287109375,56.35375976562501,454.7265625000001,0.08049125,5.2509765625,8.093,
0,2,,,10.718154907226564,56.28356933593751,456.6796875000001,0.08038468750000001,5.2513671875000005,8.127,
0,2,,,10.724449157714846,56.31530761718751,458.6328125000001,0.08043312500000001,5.251171875000001,8.161,
0,2,,,10.724449157714846,56.31530761718751,460.5859375000001,0.08043312500000001,5.251171875000001,8.195,
0,2,,,10.693550109863281,56.14990234375,462.5390625000001,0.0802009375,5.25078125,8.229,
0,2,,,10.721015930175783,56.291503906250014,464.31640625000006,0.0804065625,5.2505859375,8.263,
0,2,,,10.721015930175783,56.291503906250014,466.26953125000006,0.0804065625,5.2505859375,8.297,
0,2,,,10.747718811035158,56.4385986328125,468.232421875,0.08060718750000001,5.251171875000001,8.331,
0,2,,,10.729408264160156,56.341552734375,470.185546875,0.08046937500000001,5.251171875000001,8.365,
0,2,,,10.729408264160156,56.341552734375,471.96289062500006,0.08046937500000001,5.251171875000001,8.399,
0,2,,,10.717582702636719,56.27868652343751,473.91601562500006,0.08038062500000001,5.251171875000001,8.433,
0,2,,,10.73112487792969,56.34521484375001,475.86914062500006,0.0804828125,5.2505859375,8.467,
0,2,,,10.73112487792969,56.34521484375001,477.82226562500006,0.0804828125,5.2505859375,8.501,
0,2,,,10.713768005371094,56.25305175781251,479.59960937500006,0.0803521875,5.2505859375,8.535,
0,2,,,10.744476318359377,56.41906738281251,481.5625000000001,0.08058218750000001,5.2509765625,8.569,
0,2,,,10.744476318359377,56.41906738281251,483.5156250000001,0.08058218750000001,5.2509765625,8.603,
0,2,,,10.738182067871096,56.3787841796875,485.4687500000001,0.08053562500000001,5.2503906250000005,8.637,
0,2,,,10.704421997070314,56.21154785156251,487.24609375000006,0.0802825,5.251171875000001,8.671,
0,2,,,10.704421997070314,56.21154785156251,489.19921875000006,0.0802825,5.251171875000001,8.705,
0,2,,,10.73589324951172,56.37451171875,491.15234375000006,0.0805190625,5.2509765625,8.739,
0,2,,,10.727119445800781,56.32934570312501,493.10546875000006,0.08045250000000001,5.251171875000001,8.773,
0,2,,,10.727119445800781,56.32934570312501,495.05859375000006,0.08045250000000001,5.251171875000001,8.807,
0,2,,,10.714530944824219,56.25732421875001,497.02148437500006,0.0803584375,5.2505859375,8.841,
0,2,,,10.711669921875,56.24267578125001,498.78906250000006,0.0803371875,5.2505859375,8.875,
0,2,,,10.711669921875,56.24267578125001,500.7421875000001,0.0803371875,5.25078125,8.909,
0,2,,,10.721206665039062,56.29455566406251,502.7050781250001,0.08040812500000001,5.25078125,8.943,
0,2,,,10.736274719238283,56.37512207031251,504.6582031250001,0.080521875,5.2509765625,8.977,
0,2,,,10.736274719238283,56.37512207031251,506.43554687500006,0.080521875,5.2505859375,9.011,
0,2,,,10.741424560546875,56.39892578125,508.38867187500006,0.08055875000000001,5.2505859375,9.045,
0,2,,,10.70060729980469,56.1944580078125,510.34179687500006,0.08025375000000001,5.2515625,9.079,
0,2,,,10.70060729980469,56.1944580078125,512.294921875,0.08028625,5.2509765625,9.113,
0,2,,,10.704994201660156,56.21154785156251,514.248046875,0.08028625,5.2509765625,9.147,
0,2,,,10.710716247558594,56.23901367187501,516.015625,0.08032937500000001,5.25078125,9.181,
0,2,,,10.710716247558594,56.23901367187501,517.96875,0.08021343750000001,5.2503906250000005,9.215,
0,2,,,10.695266723632814,56.15356445312501,519.9121093750001,0.08021343750000001,5.2503906250000005,9.249,
0,2,,,10.71319580078125,56.25061035156251,521.8652343750001,0.0803475,5.2505859375,9.283,
0,2,,,10.71319580078125,56.25061035156251,523.642578125,0.08027000000000001,5.2505859375,9.317,
0,2,,,10.702705383300781,56.1944580078125,525.595703125,0.08027000000000001,5.2505859375,9.351,
0,2,,,10.711860656738281,56.25244140625,527.5585937500001,0.08033781250000001,5.2513671875000005,9.385,
0,2,,,10.711860656738281,56.25244140625,529.5117187500001,0.08055187500000001,5.25078125,9.419,
0,2,,,10.740280151367188,56.39526367187501,531.2890625000001,0.08055187500000001,5.25078125,9.453,
0,2,,,10.725021362304688,56.319580078125,533.2324218750001,0.0804365625,5.2513671875000005,9.487,
0,2,,,10.725021362304688,56.307373046875,535.1953125000001,0.08042687500000001,5.25078125,9.521,
0,2,,,10.723686218261719,56.307373046875,537.1484375000001,0.08042687500000001,5.25078125,9.555,
0,2,,,10.689735412597656,56.134033203125,539.0917968750001,0.080171875,5.251171875000001,9.589,
0,2,,,10.709762573242188,56.23352050781251,540.869140625,0.0803221875,5.25078125,9.623,
0,2,,,10.709762573242188,56.23352050781251,542.822265625,0.0803221875,5.25078125,9.657,
0,2,,,10.727119445800781,56.32324218750001,544.775390625,0.08045250000000001,5.2505859375,9.691,
0,3,,,8.354377746582031,43.90686035156251,0.7031250000000001,0.0626571875,5.2556640625,0.024,
0,3,,,8.354377746582031,43.90686035156251,2.275390625,0.0626571875,5.2556640625,0.058,
0,3,,,8.619117736816408,45.29785156250001,3.857421875,0.06464343750000001,5.25546875,0.092,
0,3,,,8.629035949707031,45.34423828125001,5.429687500000001,0.0647178125,5.2548828125,0.126,
0,3,,,8.629035949707031,45.34423828125001,6.855468750000001,0.0647178125,5.2548828125,0.16,
0,3,,,8.602523803710938,45.208740234375,8.417968750000002,0.06451812500000001,5.2552734375000005,0.195,
0,3,,,8.622169494628906,45.3155517578125,10.000000000000002,0.0646653125,5.255859375,0.229,
0,3,,,8.622169494628906,45.3155517578125,11.572265625000002,0.0646653125,5.255859375,0.263,
0,3,,,8.640480041503906,45.408935546875,13.14453125,0.0648025,5.25546875,0.297,
0,3,,,8.610343933105469,45.24902343750001,14.570312500000002,0.06457750000000001,5.2552734375000005,0.331,
0,3,,,8.610343933105469,45.24902343750001,16.152343750000004,0.06457750000000001,5.2552734375000005,0.365,
0,3,,,8.63800048828125,45.39062500000001,17.724609375000004,0.06478468750000001,5.2548828125,0.399,
0,3,,,8.606910705566406,45.23193359375,19.287109375,0.06455187500000001,5.2552734375000005,0.433,
0,3,,,8.606910705566406,45.23193359375,20.722656250000004,0.06455187500000001,5.2552734375000005,0.467,
0,3,,,8.61339569091797,45.26672363281251,22.294921875000004,0.0646,5.25546875,0.501,
0,3,,,8.637619018554688,45.3936767578125,23.8671875,0.0647821875,5.25546875,0.535,
0,3,,,8.637619018554688,45.3936767578125,25.449218750000004,0.0647821875,5.25546875,0.569,
0,3,,,8.623504638671875,45.3173828125,27.011718750000004,0.064675625,5.2552734375000005,0.603,
0,3,,,8.633232116699219,45.3704833984375,28.447265625000004,0.064748125,5.25546875,0.637,
0,3,,,8.633232116699219,45.3704833984375,30.019531250000007,0.064748125,5.25546875,0.671,
0,3,,,8.614921569824219,45.2777099609375,31.591796875,0.0646109375,5.255859375,0.705,
0,3,,,8.617591857910156,45.2850341796875,33.1640625,0.064631875,5.255078125000001,0.739,
0,3,,,8.617591857910156,45.2850341796875,34.58984375000001,0.064631875,5.255078125000001,0.773,
0,3,,,8.633613586425781,45.3704833984375,36.17187500000001,0.064751875,5.255078125000001,0.807,
0,3,,,8.622550964355469,45.31494140625,37.74414062500001,0.0646678125,5.25546875,0.841,
0,3,,,8.622550964355469,45.31494140625,39.306640625,0.0646678125,5.25546875,0.875,
0,3,,,8.610343933105469,45.25085449218751,40.74218750000001,0.0645765625,5.25546875,0.909,
0,3,,,8.6212158203125,45.30456542968751,42.31445312500001,0.06465812500000001,5.255078125000001,0.943,
0,3,,,8.6212158203125,45.30456542968751,43.88671875000001,0.06465812500000001,5.255078125000001,0.977,
0,3,,,8.622169494628906,45.316162109375,45.45898437500001,0.0646659375,5.255859375,1.011,
0,3,,,8.623695373535156,45.31799316406251,47.03125000000001,0.0646765625,5.255078125000001,1.045,
0,3,,,8.623695373535156,45.31799316406251,48.466796875,0.0646765625,5.25546875,1.079,
0,3,,,8.637809753417969,45.3948974609375,50.0390625,0.06478281250000001,5.25546875,1.112,
0,3,,,8.6151123046875,45.27404785156251,51.611328125,0.06461343750000001,5.2552734375000005,1.146,
0,3,,,8.6151123046875,45.27404785156251,53.18359375000001,0.06461343750000001,5.2552734375000005,1.18,
0,3,,,8.633422851562502,45.37109375000001,54.61914062500001,0.0647503125,5.2552734375000005,1.214,
0,3,,,8.630943298339844,45.35827636718751,56.19140625,0.0647315625,5.2552734375000005,1.249,
0,3,,,8.630943298339844,45.35827636718751,57.76367187500001,0.06463437500000001,5.25546875,1.283,
0,3,,,8.617973327636719,45.29052734375001,59.34570312500001,0.06463437500000001,5.25546875,1.317,
0,3,,,8.653450012207033,45.47546386718751,60.90820312500001,0.06489968750000001,5.2552734375000005,1.351,
0,3,,,8.653450012207033,45.47546386718751,62.34375000000001,0.06463,5.25546875,1.385,
0,3,,,8.617401123046875,45.2880859375,63.916015625,0.06463,5.25546875,1.419,
0,3,,,8.615493774414062,45.27465820312501,65.48828125,0.06461531250000001,5.255078125000001,1.453,
0,3,,,8.615493774414062,45.27465820312501,67.0703125,0.0648559375,5.255078125000001,1.487,
0,3,,,8.647537231445312,45.44250488281251,68.48632812500001,0.0648559375,5.255078125000001,1.521,
0,3,,,8.597755432128906,45.18554687500001,70.05859375000001,0.06448218750000001,5.25546875,1.555,
0,3,,,8.597755432128906,45.30761718750001,71.63085937500001,0.064659375,5.2552734375000005,1.589,
0,3,,,8.621406555175781,45.30761718750001,73.20312500000001,0.064659375,5.2552734375000005,1.623,
0,3,,,8.610343933105469,45.24902343750001,74.62890625,0.0645765625,5.2552734375000005,1.657,
0,3,,,8.597946166992188,45.18676757812501,76.20117187500001,0.0644846875,5.25546875,1.691,
0,3,,,8.597946166992188,45.18676757812501,77.77343750000001,0.0644846875,5.25546875,1.725,
0,3,,,8.642196655273438,45.41809082031251,79.35546875,0.064815625,5.25546875,1.759,
0,3,,,8.616828918457031,45.28320312500001,80.91796875000001,0.06462656250000001,5.255078125000001,1.793,
0,3,,,8.616828918457031,45.28320312500001,82.35351562500001,0.06462656250000001,5.255078125000001,1.827,
0,3,,,8.607292175292969,45.23498535156251,83.92578125000001,0.06455406250000001,5.25546875,1.861,
0,3,,,8.649063110351562,45.452880859375,85.49804687500001,0.064868125,5.2552734375000005,1.895,
0,3,,,8.649063110351562,45.452880859375,87.07031250000001,0.064868125,5.2552734375000005,1.929,
0,3,,,8.609390258789062,45.24291992187501,88.49609375,0.06456906250000001,5.255078125000001,1.963,
0,3,,,8.617019653320312,45.28564453125,90.06835937500001,0.0646275,5.25546875,1.997,
0,3,,,8.617019653320312,45.28564453125,91.64062500000001,0.0646275,5.25546875,2.031,
0,3,,,8.628273010253906,45.34240722656251,93.212890625,0.0647115625,5.255078125000001,2.065,
0,3,,,8.593559265136719,45.1629638671875,94.63867187500001,0.0644515625,5.25546875,2.099,
0,3,,,8.593559265136719,45.1629638671875,96.22070312500001,0.0644515625,5.25546875,2.133,
0,3,,,8.643150329589844,45.41870117187501,97.79296875000001,0.06482343750000001,5.2548828125,2.167,
0,3,,,8.635902404785156,45.38391113281251,99.365234375,0.06476843750000001,5.2552734375000005,2.201,
0,3,,,8.635902404785156,45.38391113281251,100.93750000000001,0.06476843750000001,5.2552734375000005,2.235,
0,3,,,8.599090576171877,45.19836425781251,102.373046875,0.0644934375,5.2562500000000005,2.269,
0,3,,,8.652496337890627,45.47119140625,103.94531250000001,0.0648925,5.25546875,2.303,
0,3,,,8.652496337890627,45.47119140625,105.51757812500001,0.0648925,5.25546875,2.337,
0,3,,,8.626747131347658,45.34179687500001,107.08984375000003,0.06470062500000001,5.256054687500001,2.371,
0,3,,,8.611679077148438,45.25817871093751,108.66210937500001,0.0645865625,5.2556640625,2.405,
0,3,,,8.611679077148438,45.25817871093751,110.09765625000001,0.0645865625,5.2556640625,2.439,
0,3,,,8.640861511230469,45.41076660156251,111.66992187500001,0.064805625,5.25546875,2.473,
0,3,,,8.611869812011719,45.25695800781251,113.24218750000003,0.06458812500000001,5.2552734375000005,2.507,
0,3,,,8.611869812011719,45.25695800781251,114.80468750000001,0.06458812500000001,5.2552734375000005,2.541,
0,3,,,8.613204956054688,45.26550292968751,116.38671875,0.0645990625,5.2552734375000005,2.575,
0,3,,,8.658218383789064,45.50048828125,117.822265625,0.06493625,5.2552734375000005,2.609,
0,3,,,8.658218383789064,45.50048828125,119.39453125000001,0.06493625,5.2552734375000005,2.643,
0,3,,,8.60576629638672,45.22521972656251,120.966796875,0.0645421875,5.2552734375000005,2.677,
0,3,,,8.625411987304688,45.3302001953125,122.53906250000001,0.06468937500000001,5.25546875,2.711,
0,3,,,8.625411987304688,45.3302001953125,123.96484375000001,0.06468937500000001,5.2556640625,2.745,
0,3,,,8.618354797363281,45.29479980468751,125.53710937500001,0.06463656250000001,5.2556640625,2.779,
0,3,,,8.60443115234375,45.21423339843751,127.10937500000003,0.0645325,5.2548828125,2.813,
0,3,,,8.60443115234375,45.21423339843751,128.681640625,0.06474031250000001,5.2556640625,2.847,
0,3,,,8.632087707519531,45.36621093750001,130.1171875,0.06474031250000001,5.2556640625,2.881,
0,3,,,8.612060546875,45.25634765625,131.6796875,0.06459000000000001,5.255078125000001,2.915,
0,3,,,8.612060546875,45.25634765625,133.25195312500003,0.0645915625,5.2552734375000005,2.949,
0,3,,,8.612251281738281,45.25939941406251,134.82421875000003,0.0645915625,5.2552734375000005,2.983,
0,3,,,8.626556396484375,45.33508300781251,136.39648437500003,0.06469875,5.2552734375000005,3.017,
0,3,,,8.626556396484375,45.33508300781251,137.83203125000003,0.0646296875,5.2552734375000005,3.051,
0,3,,,8.617401123046875,45.28625488281251,139.39453125,0.0646296875,5.2552734375000005,3.085,
0,3,,,8.628273010253906,45.345458984375,140.9765625,0.064711875,5.25546875,3.119,
0,3,,,8.628273010253906,45.345458984375,142.548828125,0.0646934375,5.255859375,3.153,
0,3,,,8.625793457031252,45.33569335937501,143.97460937500003,0.0646934375,5.255859375,3.187,
0,3,,,8.606719970703127,45.23254394531251,145.54687500000003,0.06455031250000001,5.25546875,3.221,
0,3,,,8.606719970703127,45.38940429687501,147.119140625,0.064773125,5.2556640625,3.255,
0,3,,,8.636474609375,45.38940429687501,148.701171875,0.064773125,5.2556640625,3.289,
0,3,,,8.630561828613283,45.35217285156251,150.27343750000003,0.0647284375,5.2548828125,3.324,
0,3,,,8.6151123046875,45.27465820312501,151.845703125,0.06461312500000001,5.2552734375000005,3.358,
0,3,,,8.6151123046875,45.27465820312501,153.27148437500003,0.06461312500000001,5.2552734375000005,3.392,
0,3,,,8.625221252441406,45.32714843750001,154.84375000000003,0.0646884375,5.2552734375000005,3.426,
0,3,,,8.6212158203125,45.31250000000001,156.41601562500003,0.0646590625,5.255859375,3.46,
0,3,,,8.6212158203125,45.31250000000001,157.98828125000003,0.0646590625,5.255859375,3.494,
0,3,,,8.615493774414062,45.27526855468751,159.423828125,0.06461562500000001,5.255078125000001,3.528,
0,3,,,8.638381958007812,45.3948974609375,160.99609375,0.06478718750000001,5.255078125000001,3.562,
0,3,,,8.638381958007812,45.3948974609375,162.56835937500003,0.06478718750000001,5.255078125000001,3.596,
0,3,,,8.622360229492188,45.31311035156251,164.14062500000003,0.064666875,5.25546875,3.63,
0,3,,,8.639907836914062,45.40771484375,165.576171875,0.0647990625,5.2556640625,3.664,
0,3,,,8.639907836914062,45.40771484375,167.14843750000003,0.0647990625,5.2556640625,3.698,
0,3,,,8.636093139648438,45.38635253906251,168.720703125,0.06477062500000001,5.25546875,3.732,
0,3,,,8.622169494628906,45.31066894531251,170.29296875000003,0.0646653125,5.2552734375000005,3.766,
0,3,,,8.622169494628906,45.31066894531251,171.72851562500003,0.0646653125,5.2552734375000005,3.8,
0,3,,,8.6395263671875,45.40039062500001,173.30078125000003,0.06479593750000001,5.255078125000001,3.834,
0,3,,,8.603668212890625,45.2117919921875,174.87304687500003,0.0645271875,5.255078125000001,3.868,
0,3,,,8.603668212890625,45.2117919921875,176.44531250000003,0.0645271875,5.255078125000001,3.902,
0,3,,,8.626365661621094,45.32958984375001,178.01757812500003,0.0646965625,5.2548828125,3.936,
0,3,,,8.62884521484375,45.34484863281251,179.45312500000003,0.06471531250000001,5.255078125000001,3.97,
0,3,,,8.62884521484375,45.34484863281251,181.015625,0.06471531250000001,5.255078125000001,4.004,
0,3,,,8.60748291015625,45.23559570312501,182.58789062500003,0.0645546875,5.25546875,4.038,
0,3,,,8.643531799316406,45.4229736328125,184.16992187500003,0.06482562500000001,5.2552734375000005,4.072,
0,3,,,8.643531799316406,45.4229736328125,185.60546875000003,0.06482562500000001,5.2552734375000005,4.106,
0,3,,,8.63628387451172,45.38269042968751,187.17773437500003,0.064771875,5.2548828125,4.14,
0,3,,,8.609199523925781,45.2484130859375,188.740234375,0.064568125,5.255859375,4.174,
0,3,,,8.609199523925781,45.2484130859375,190.32226562500003,0.064568125,5.255859375,4.208,
0,3,,,8.636856079101562,45.391845703125,191.89453125,0.064775625,5.2556640625,4.242,
0,3,,,8.614730834960938,45.27587890625001,193.32031250000003,0.0646103125,5.2556640625,4.276,
0,3,,,8.614730834960938,45.27587890625001,194.89257812500003,0.0646103125,5.2556640625,4.31,
0,3,,,8.617591857910156,45.28320312500001,196.47460937500003,0.06463062500000001,5.2548828125,4.344,
0,3,,,8.638191223144533,45.39550781250001,198.046875,0.06478531250000001,5.2552734375000005,4.379,
0,3,,,8.638191223144533,45.39550781250001,199.609375,0.06455843750000001,5.25546875,4.413,
0,3,,,8.607864379882812,45.23742675781251,201.04492187500003,0.06455843750000001,5.25546875,4.447,
0,3,,,8.621978759765627,45.3094482421875,202.61718750000003,0.064665,5.255078125000001,4.481,
0,3,,,8.621978759765627,45.3094482421875,204.18945312500003,0.06466187500000001,5.255859375,4.515,
0,3,,,8.621597290039062,45.31311035156251,205.76171875000003,0.06466187500000001,5.255859375,4.549,
0,3,,,8.623313903808594,45.31433105468751,207.1875,0.06467468750000001,5.2548828125,4.583,
0,3,,,8.623313903808594,45.31433105468751,208.75976562500003,0.0646553125,5.2552734375000005,4.617,
0,3,,,8.620834350585938,45.30395507812501,210.34179687500003,0.0646553125,5.2552734375000005,4.651,
0,3,,,8.643341064453125,45.4217529296875,211.9140625,0.06482375,5.2552734375000005,4.685,
0,3,,,8.643341064453125,45.4217529296875,213.486328125,0.064619375,5.2556640625,4.719,
0,3,,,8.616065979003906,45.28198242187501,214.91210937500006,0.064619375,5.2556640625,4.753,
0,3,,,8.632850646972656,45.36682128906251,216.49414062500003,0.0647453125,5.2552734375000005,4.787,
0,3,,,8.632850646972656,45.36682128906251,218.06640625,0.06463625,5.255078125000001,4.82,
0,3,,,8.618164062500002,45.28869628906251,219.62890625,0.06463625,5.255078125000001,4.855,
0,3,,,8.617782592773438,45.29296875,221.06445312500003,0.0646334375,5.2556640625,4.888,
0,3,,,8.638954162597656,45.40283203125001,222.63671875000003,0.06479156250000001,5.2556640625,4.922,
0,3,,,8.638954162597656,45.40283203125001,224.20898437500003,0.06479156250000001,5.2556640625,4.956,
0,3,,,8.608436584472656,45.23742675781251,225.78125000000003,0.06456281250000001,5.255078125000001,4.99,
0,3,,,8.625221252441406,45.330810546875,227.21679687500006,0.0646890625,5.2556640625,5.024,
0,3,,,8.625221252441406,45.330810546875,228.78906250000003,0.0646890625,5.2556640625,5.058,
0,3,,,8.635330200195314,45.38085937500001,230.36132812500003,0.064764375,5.2552734375000005,5.092,
0,3,,,8.610343933105469,45.2484130859375,231.93359375,0.06457718750000001,5.2552734375000005,5.126,
0,3,,,8.610343933105469,45.2484130859375,233.36914062500003,0.06457718750000001,5.2552734375000005,5.16,
0,3,,,8.640289306640625,45.40527343750001,234.94140625000003,0.06480125,5.255078125000001,5.194,
0,3,,,8.631324768066406,45.35766601562501,236.51367187500003,0.06473437500000001,5.255078125000001,5.228,
0,3,,,8.631324768066406,45.35766601562501,238.0859375,0.06473437500000001,5.255078125000001,5.262,
0,3,,,8.609580993652346,45.24597167968751,239.658203125,0.064571875,5.2552734375000005,5.296,
0,3,,,8.619308471679688,45.29724121093751,241.08398437500003,0.0646446875,5.2552734375000005,5.33,
0,3,,,8.619308471679688,45.29724121093751,242.65625000000003,0.0646446875,5.2552734375000005,5.364,
0,3,,,8.616828918457031,45.28381347656251,244.22851562500003,0.0646253125,5.2552734375000005,5.398,
0,3,,,8.616065979003906,45.28198242187501,245.80078125000003,0.0646203125,5.25546875,5.433,
0,3,,,8.616065979003906,45.28198242187501,247.38281250000006,0.0646203125,5.25546875,5.467,
0,3,,,8.627891540527344,45.3387451171875,248.80859375000003,0.064708125,5.2548828125,5.501,
0,3,,,8.610343933105469,45.24902343750001,250.37109375000006,0.06457718750000001,5.2552734375000005,5.535,
0,3,,,8.610343933105469,45.24902343750001,251.953125,0.06457718750000001,5.2552734375000005,5.569,
0,3,,,8.634185791015625,45.3765869140625,253.52539062500006,0.0647559375,5.25546875,5.603,
0,3,,,8.620643615722656,45.3021240234375,254.95117187500006,0.0646546875,5.255078125000001,5.637,
0,3,,,8.620643615722656,45.3021240234375,256.5234375,0.0646546875,5.255078125000001,5.671,
0,3,,,8.609771728515625,45.24963378906251,258.095703125,0.0645721875,5.2556640625,5.705,
0,3,,,8.62865447998047,45.3460693359375,259.66796875000006,0.0647146875,5.2552734375000005,5.739,
0,3,,,8.62865447998047,45.3460693359375,261.24023437500006,0.0647146875,5.2552734375000005,5.773,
0,3,,,8.62102508544922,45.30578613281251,262.666015625,0.0646575,5.2552734375000005,5.807,
0,3,,,8.630180358886719,45.35583496093751,264.24804687500006,0.06472593750000001,5.25546875,5.841,
0,3,,,8.630180358886719,45.35583496093751,265.8203125,0.06472593750000001,5.25546875,5.875,
0,3,,,8.632850646972656,45.3692626953125,267.39257812500006,0.0647453125,5.25546875,5.909,
0,3,,,8.58612060546875,45.1251220703125,268.80859375000006,0.06439500000000001,5.2556640625,5.943,
0,3,,,8.58612060546875,45.1251220703125,270.39062500000006,0.06439500000000001,5.25546875,5.977,
0,3,,,8.633041381835938,45.37170410156251,271.97265625,0.0647478125,5.25546875,6.011,
0,3,,,8.637428283691406,45.3924560546875,273.53515625,0.0647796875,5.25546875,6.045,
0,3,,,8.637428283691406,45.3924560546875,274.97070312500006,0.0647796875,5.255859375,6.079,
0,3,,,8.606529235839844,45.23376464843751,276.54296875,0.06454781250000001,5.255859375,6.113,
0,3,,,8.639907836914062,45.40527343750001,278.115234375,0.06479812500000001,5.25546875,6.147,
0,3,,,8.639907836914062,45.40527343750001,279.68750000000006,0.0646525,5.2552734375000005,6.181,
0,3,,,8.620452880859375,45.30273437500001,281.25976562500006,0.0646525,5.2552734375000005,6.215,
0,3,,,8.625411987304688,45.330810546875,282.6953125,0.06468968750000001,5.25546875,6.249,
0,3,,,8.625411987304688,45.330810546875,284.26757812500006,0.06480875000000001,5.255078125000001,6.283,
0,3,,,8.641242980957031,45.41015625,285.83984375,0.06480875000000001,5.255078125000001,6.316,
0,3,,,8.614540100097656,45.27709960937501,287.41210937500006,0.06460875,5.255859375,6.35,
0,3,,,8.614540100097656,45.27709960937501,288.83789062500006,0.064605625,5.255859375,6.384,
0,3,,,8.614158630371094,45.27404785156251,290.41015625000006,0.064605625,5.255859375,6.418,
0,3,,,8.635902404785156,45.38269042968751,291.982421875,0.06476875,5.2552734375000005,6.453,
0,3,,,8.635902404785156,45.38269042968751,293.5546875,0.06450375,5.25546875,6.487,
0,3,,,8.600616455078125,45.19897460937501,295.13671875,0.06450375,5.25546875,6.521,
0,3,,,8.642578125,45.41992187500001,296.572265625,0.0648184375,5.25546875,6.555,
0,3,,,8.625602722167969,45.32775878906251,298.134765625,0.06469218750000001,5.255078125000001,6.589,
0,3,,,8.625602722167969,45.32775878906251,299.70703125000006,0.06469218750000001,5.255078125000001,6.623,
0,3,,,8.628273010253906,45.345458984375,301.28906250000006,0.0647115625,5.25546875,6.657,
0,3,,,8.643150329589844,45.42358398437501,302.87109375000006,0.06482312500000001,5.25546875,6.691,
0,3,,,8.643150329589844,45.42358398437501,304.296875,0.06482312500000001,5.25546875,6.725,
0,3,,,8.624458312988281,45.32653808593751,305.86914062500006,0.0646821875,5.2556640625,6.759,
0,3,,,8.629798889160156,45.35461425781251,307.44140625000006,0.06472375000000001,5.25546875,6.793,
0,3,,,8.629798889160156,45.35461425781251,309.01367187500006,0.06472375000000001,5.25546875,6.827,
0,3,,,8.635330200195314,45.38269042968751,310.44921875000006,0.064765,5.25546875,6.861,
0,3,,,8.61358642578125,45.26550292968751,312.02148437500006,0.0646015625,5.255078125000001,6.895,
0,3,,,8.61358642578125,45.26550292968751,313.59375000000006,0.0646015625,5.255078125000001,6.929,
0,3,,,8.636474609375,45.38696289062501,315.166015625,0.064773125,5.2552734375000005,6.963,
0,3,,,8.635902404785156,45.38269042968751,316.73828125000006,0.064769375,5.255078125000001,6.997,
0,3,,,8.635902404785156,45.38269042968751,318.1640625,0.064769375,5.255078125000001,7.031,
0,3,,,8.599472045898438,45.19287109375,319.73632812500006,0.06449468750000001,5.25546875,7.065,
0,3,,,8.642196655273438,45.4150390625,321.31835937500006,0.064815625,5.255078125000001,7.099,
0,3,,,8.642196655273438,45.4150390625,322.89062500000006,0.064815625,5.255078125000001,7.133,
0,3,,,8.622360229492188,45.3155517578125,324.31640625,0.064666875,5.2556640625,7.167,
0,3,,,8.61358642578125,45.26611328125001,325.8984375,0.064601875,5.2552734375000005,7.201,
0,3,,,8.61358642578125,45.26611328125001,327.47070312500006,0.064601875,5.2552734375000005,7.235,
0,3,,,8.634376525878908,45.37170410156251,329.04296875000006,0.064756875,5.2548828125,7.269,
0,3,,,8.612442016601564,45.263671875,330.46875000000006,0.0645934375,5.2556640625,7.303,
0,3,,,8.612442016601564,45.263671875,332.04101562500006,0.0645934375,5.2556640625,7.337,
0,3,,,8.61968994140625,45.2996826171875,333.61328125000006,0.064646875,5.25546875,7.371,
0,3,,,8.624458312988281,45.32409667968751,335.185546875,0.06468343750000001,5.2552734375000005,7.405,
0,3,,,8.624458312988281,45.32409667968751,336.74804687500006,0.06468343750000001,5.2552734375000005,7.439,
0,3,,,8.601570129394531,45.20324707031251,338.18359375,0.0645109375,5.2552734375000005,7.473,
0,3,,,8.643341064453125,45.42114257812501,339.75585937500006,0.0648246875,5.255078125000001,7.508,
0,3,,,8.643341064453125,45.42114257812501,341.32812500000006,0.0648246875,5.25546875,7.542,
0,3,,,8.615493774414062,45.2777099609375,342.90039062500006,0.06461625,5.25546875,7.576,
0,3,,,8.594703674316406,45.17028808593751,344.47265625,0.06446,5.2556640625,7.61,
0,3,,,8.594703674316406,45.17028808593751,345.90820312500006,0.06446,5.25546875,7.644,
0,3,,,8.638191223144533,45.39794921875001,347.48046875000006,0.0647865625,5.25546875,7.678,
0,3,,,8.608245849609375,45.2392578125,349.04296875000006,0.0645609375,5.25546875,7.712,
0,3,,,8.608245849609375,45.2392578125,350.61523437500006,0.0645515625,5.2556640625,7.746,
0,3,,,8.606910705566406,45.23437500000001,352.19726562500006,0.0645515625,5.2556640625,7.78,
0,3,,,8.636856079101562,45.39001464843751,353.62304687500006,0.0647753125,5.25546875,7.814,
0,3,,,8.636856079101562,45.39001464843751,355.1953125,0.0645209375,5.255078125000001,7.848,
0,3,,,8.602905273437502,45.2081298828125,356.76757812500006,0.0645209375,5.255078125000001,7.882,
0,3,,,8.635711669921875,45.38513183593751,358.33984375000006,0.0647665625,5.2556640625,7.916,
0,3,,,8.635711669921875,45.38513183593751,359.76562500000006,0.06463656250000001,5.2552734375000005,7.95,
0,3,,,8.618354797363281,45.29113769531251,361.33789062500006,0.06463656250000001,5.2552734375000005,7.984,
0,3,,,8.613204956054688,45.262451171875,362.91015625000006,0.06459875000000001,5.255078125000001,8.018,
0,3,,,8.613204956054688,45.262451171875,364.4921875,0.0648184375,5.2546875,8.052,
0,3,,,8.642578125,45.41320800781251,365.91796875000006,0.0648184375,5.2546875,8.086,
0,3,,,8.622932434082033,45.31066894531251,367.49023437500006,0.06467125,5.2546875,8.12,
0,3,,,8.622932434082033,45.14892578125001,369.05273437500006,0.06443312500000001,5.2552734375000005,8.154,
0,3,,,8.591079711914062,45.14892578125001,370.63476562500006,0.06443312500000001,5.2552734375000005,8.188,
0,3,,,8.641815185546875,45.41015625,372.20703125000006,0.06481250000000001,5.2546875,8.222,
0,3,,,8.627128601074219,45.3387451171875,373.6328125,0.0647034375,5.25546875,8.256,
0,3,,,8.627128601074219,45.3387451171875,375.21484375,0.0647034375,5.25546875,8.29,
0,3,,,8.64715576171875,45.44006347656251,376.79687500000006,0.06485250000000001,5.255078125000001,8.324,
0,3,,,8.635711669921875,45.37902832031251,378.36914062500006,0.0647675,5.2548828125,8.358,
0,3,,,8.635711669921875,45.37902832031251,379.79492187500006,0.0647675,5.2548828125,8.392,
0,3,,,8.622932434082033,45.3173828125,381.36718750000006,0.06467125,5.25546875,8.426,
0,3,,,8.619308471679688,45.29602050781251,382.93945312500006,0.06464375,5.2552734375000005,8.46,
0,3,,,8.619308471679688,45.29602050781251,384.51171875,0.06464375,5.2552734375000005,8.494,
0,3,,,8.642959594726564,45.42236328125,386.083984375,0.0648221875,5.25546875,8.528,
0,3,,,8.61968994140625,45.29602050781251,387.666015625,0.0646478125,5.2548828125,8.563,
0,3,,,8.61968994140625,45.29602050781251,389.10156250000006,0.0646478125,5.2548828125,8.597,
0,3,,,8.651161193847656,45.46569824218751,390.673828125,0.0648834375,5.25546875,8.631,
0,3,,,8.614540100097656,45.2691650390625,392.24609375000006,0.0646084375,5.255078125000001,8.665,
0,3,,,8.614540100097656,45.2691650390625,393.81835937500006,0.0646084375,5.255078125000001,8.699,
0,3,,,8.617782592773438,45.29174804687501,395.244140625,0.06463218750000001,5.2556640625,8.733,
0,3,,,8.630180358886719,45.35034179687501,396.81640625000006,0.0647265625,5.2548828125,8.767,
0,3,,,8.630180358886719,45.35034179687501,398.38867187500006,0.0647265625,5.2548828125,8.801,
0,3,,,8.589744567871094,45.14099121093751,399.96093750000006,0.0644221875,5.2552734375000005,8.835,
0,3,,,8.631706237792969,45.3607177734375,401.38671875,0.064736875,5.255078125000001,8.869,
0,3,,,8.631706237792969,45.3607177734375,402.95898437500006,0.064736875,5.255078125000001,8.903,
0,3,,,8.625793457031252,45.3338623046875,404.53125000000006,0.0646934375,5.2556640625,8.937,
0,3,,,8.606910705566406,45.23010253906251,406.103515625,0.064550625,5.255078125000001,8.971,
0,3,,,8.606910705566406,45.23010253906251,407.67578125000006,0.064550625,5.255078125000001,9.005,
0,3,,,8.634757995605469,45.38085937500001,409.11132812500006,0.064760625,5.2556640625,9.039,
0,3,,,8.620262145996094,45.3009033203125,410.68359375000006,0.06465125000000001,5.2552734375000005,9.073,
0,3,,,8.620262145996094,45.3009033203125,412.2460937500001,0.06465125000000001,5.2552734375000005,9.107,
0,3,,,8.622360229492188,45.3082275390625,413.82812500000006,0.064666875,5.2548828125,9.141,
0,3,,,8.628082275390625,45.345458984375,415.25390625,0.0647096875,5.2556640625,9.175,
0,3,,,8.628082275390625,45.345458984375,416.82617187500006,0.0647096875,5.255078125000001,9.209,
0,3,,,8.618927001953125,45.29357910156251,418.39843750000006,0.06464125000000001,5.255078125000001,9.243,
0,3,,,8.616065979003906,45.28137207031251,419.98046875000006,0.064620625,5.25546875,9.277,
0,3,,,8.616065979003906,45.28137207031251,421.40625,0.064620625,5.255078125000001,9.31,
0,3,,,8.641815185546875,45.41381835937501,422.97851562500006,0.0648134375,5.255078125000001,9.344,
0,3,,,8.599662780761719,45.19042968750001,424.55078125000006,0.06449718750000001,5.2548828125,9.378,
0,3,,,8.599662780761719,45.19042968750001,426.13281250000006,0.064828125,5.2556640625,9.412,
0,3,,,8.64391326904297,45.42785644531251,427.55859375,0.064828125,5.2556640625,9.446,
0,3,,,8.630752563476562,45.35339355468751,429.13085937500006,0.064729375,5.255078125000001,9.48,
0,3,,,8.630752563476562,45.35339355468751,430.70312500000006,0.0646553125,5.2556640625,9.514,
0,3,,,8.620834350585938,45.30700683593751,432.28515625000006,0.0646553125,5.2556640625,9.548,
0,3,,,8.639335632324219,45.40283203125001,433.857421875,0.0647940625,5.25546875,9.583,
0,3,,,8.639335632324219,45.40283203125001,435.42968750000006,0.06471281250000001,5.2556640625,9.617,
0,3,,,8.628463745117188,45.347900390625,436.8554687500001,0.06471281250000001,5.2556640625,9.651,
0,3,,,8.616447448730469,45.284423828125,438.42773437500006,0.0646228125,5.2556640625,9.685,
0,3,,,8.616447448730469,45.284423828125,440.009765625,0.06487000000000001,5.2556640625,9.719,
0,3,,,8.649444580078125,45.45837402343751,441.58203125000006,0.06487000000000001,5.2556640625,9.753,
0,3,,,8.598709106445312,45.18859863281251,443.0078125000001,0.06449062500000001,5.2552734375000005,9.787,
0,3,,,8.62865447998047,45.34240722656251,444.580078125,0.064714375,5.2548828125,9.821,
0,3,,,8.62865447998047,45.34240722656251,446.15234375000006,0.064714375,5.2548828125,9.855,
0,3,,,8.62102508544922,45.30395507812501,447.724609375,0.06465781250000001,5.255078125000001,9.889,
0,3,,,8.6090087890625,45.24353027343751,449.29687500000006,0.06456687500000001,5.25546875,9.923,
0,3,,,8.6090087890625,45.24353027343751,450.72265625000006,0.06456687500000001,5.25546875,9.958,
0,3,,,8.627700805664064,45.34179687500001,452.30468750000006,0.0647078125,5.2552734375000005,9.992,
0,3,,,8.628463745117188,45.34851074218751,453.876953125,0.0647121875,5.255859375,10.026,
0,3,,,8.628463745117188,45.34851074218751,455.44921875000006,0.0647121875,5.255859375,10.06,
0,3,,,8.6273193359375,45.34118652343751,457.02148437500006,0.06470437500000001,5.25546875,10.094,
0,3,,,8.640861511230469,45.40832519531251,458.45703125000006,0.06480593750000001,5.255078125000001,10.128,
0,3,,,8.640861511230469,45.40832519531251,460.029296875,0.06480593750000001,5.255078125000001,10.162,
0,3,,,8.629798889160156,45.35034179687501,461.60156250000006,0.0647225,5.255078125000001,10.196,
0,3,,,8.623504638671875,45.32043457031251,463.17382812500006,0.0646765625,5.25546875,10.23,
0,3,,,8.623504638671875,45.32043457031251,464.60937500000006,0.0646765625,5.25546875,10.264,
0,3,,,8.638572692871094,45.391845703125,466.181640625,0.064788125,5.2546875,10.297,
0,3,,,8.61339569091797,45.263671875,467.75390625,0.0645996875,5.255078125000001,10.331,
0,3,,,8.61339569091797,45.263671875,469.3261718750001,0.0645996875,5.255078125000001,10.365,
0,3,,,8.627700805664064,45.3387451171875,470.76171875000006,0.06470687500000001,5.255078125000001,10.399,
0,3,,,8.624076843261719,45.32409667968751,472.333984375,0.0646796875,5.2556640625,10.433,
0,3,,,8.624076843261719,45.32409667968751,473.90625000000006,0.0646796875,5.2556640625,10.467,
0,3,,,8.618164062500002,45.29052734375001,475.4785156250001,0.06463500000000001,5.2552734375000005,10.501,
0,3,,,8.647346496582031,45.44128417968751,476.91406250000006,0.06485375,5.255078125000001,10.535,
0,3,,,8.647346496582031,45.44128417968751,478.486328125,0.06485375,5.255078125000001,10.569,
0,3,,,8.618545532226562,45.29052734375001,480.05859375000006,0.06463906250000001,5.255078125000001,10.603,
0,3,,,8.629608154296877,45.3466796875,481.63085937500006,0.06472125000000001,5.2548828125,10.638,
0,3,,,8.629608154296877,45.3466796875,483.203125,0.06472125000000001,5.2548828125,10.672,
0,3,,,8.636093139648438,45.3857421875,484.77539062500006,0.0647696875,5.25546875,10.706,
0,3,,,8.627128601074219,45.33325195312501,486.21093750000006,0.06470218750000001,5.2548828125,10.74,
0,3,,,8.627128601074219,45.33325195312501,487.78320312500006,0.06470218750000001,5.2552734375000005,10.774,
0,3,,,8.63189697265625,45.3619384765625,489.35546875,0.06473812500000001,5.2552734375000005,10.808,
0,3,,,8.626365661621094,45.3338623046875,490.92773437500006,0.0646965625,5.2552734375000005,10.842,
0,3,,,8.626365661621094,45.3338623046875,492.35351562500006,0.0646965625,5.2546875,10.876,
0,3,,,8.587646484375002,45.1251220703125,493.92578125000006,0.0644065625,5.2546875,10.91,
0,3,,,8.640861511230469,45.4071044921875,495.50781250000006,0.06480593750000001,5.255078125000001,10.944,
0,3,,,8.640861511230469,45.4071044921875,497.08007812500006,0.064715625,5.2546875,10.978,
0,3,,,8.62884521484375,45.34118652343751,498.50585937500006,0.064715625,5.2546875,11.012,
0,3,,,8.603858947753908,45.21362304687501,500.07812500000006,0.06452843750000001,5.255078125000001,11.046,
0,3,,,8.603858947753908,45.21362304687501,501.65039062500006,0.06486593750000001,5.2556640625,11.08,
0,3,,,8.648872375488281,45.4547119140625,503.23242187500006,0.06486593750000001,5.2556640625,11.114,
0,3,,,8.622360229492188,45.31311035156251,504.79492187500006,0.064666875,5.25546875,11.148,
0,3,,,8.622360229492188,45.31311035156251,506.23046875,0.064708125,5.2544921875,11.182,
0,3,,,8.627891540527344,45.33508300781251,507.8027343750001,0.064708125,5.2544921875,11.216,
0,3,,,8.629226684570312,45.345458984375,509.375,0.06471937500000001,5.2548828125,11.25,
0,3,,,8.629226684570312,45.345458984375,510.94726562500006,0.06456375,5.25546875,11.284,
0,3,,,8.60862731933594,45.24169921875001,512.3730468750001,0.06456375,5.25546875,11.318,
0,3,,,8.635520935058594,45.38208007812501,513.9550781250001,0.0647653125,5.2552734375000005,11.352,
0,3,,,8.635520935058594,45.38208007812501,515.52734375,0.06471750000000001,5.2552734375000005,11.386,
0,3,,,8.629035949707031,45.34851074218751,517.08984375,0.06471750000000001,5.2552734375000005,11.42,
0,3,,,8.607292175292969,45.23254394531251,518.5253906250001,0.0645534375,5.2552734375000005,11.454,
0,3,,,8.631324768066406,45.36376953125001,520.09765625,0.06473406250000001,5.255859375,11.488,
0,3,,,8.631324768066406,45.36376953125001,521.669921875,0.06473406250000001,5.255859375,11.521,
0,3,,,8.615303039550783,45.27526855468751,523.2421875000001,0.06461375000000001,5.2552734375000005,11.555,
0,3,,,8.597183227539064,45.17944335937501,524.6679687500001,0.06447875,5.255078125000001,11.589,
0,3,,,8.597183227539064,45.17944335937501,526.2402343750001,0.06447875,5.255078125000001,11.623,
0,3,,,8.612251281738281,45.25634765625,527.8125,0.06459125,5.2548828125,11.657,
0,3,,,8.620834350585938,45.30517578125001,529.384765625,0.06465562500000001,5.2552734375000005,11.692,
0,3,,,8.620834350585938,45.30517578125001,530.95703125,0.06465562500000001,5.2552734375000005,11.726,
0,3,,,8.639335632324219,45.39916992187501,532.5390625,0.0647946875,5.2548828125,11.76,
0,3,,,8.638763427734375,45.39794921875001,533.9648437500001,0.0647903125,5.2552734375000005,11.794,
0,3,,,8.638763427734375,45.39794921875001,535.5371093750001,0.0647903125,5.2552734375000005,11.828,
0,3,,,8.6090087890625,45.2392578125,537.109375,0.06456718750000001,5.2548828125,11.862,
0,3,,,8.640098571777346,45.40222167968751,538.681640625,0.0648003125,5.2548828125,11.896,
0,3,,,8.640098571777346,45.40222167968751,540.1171875,0.0648003125,5.2548828125,11.93,
0,3,,,8.629035949707031,45.3466796875,541.689453125,0.0647165625,5.2552734375000005,11.964,
0,3,,,8.601570129394531,45.20507812500001,543.2617187500001,0.064510625,5.25546875,11.998,
0,3,,,8.601570129394531,45.20507812500001,544.8339843750001,0.064510625,5.25546875,12.032,
0,3,,,8.641242980957031,45.41137695312501,546.26953125,0.06480843750000001,5.2552734375000005,12.066,
0,3,,,8.611297607421875,45.25146484375001,547.8417968750001,0.06458406250000001,5.2548828125,12.1,
0,3,,,8.611297607421875,45.25146484375001,549.404296875,0.06458406250000001,5.2548828125,12.134,
0,3,,,8.622932434082033,45.31311035156251,550.9765625,0.0646715625,5.255078125000001,12.168,
0,3,,,8.623504638671875,45.31677246093751,552.4121093750001,0.0646759375,5.255078125000001,12.202,
0,3,,,8.623504638671875,45.31677246093751,553.9843750000001,0.0646759375,5.255078125000001,12.236,
0,3,,,8.612251281738281,45.26062011718751,555.5566406250001,0.064591875,5.25546875,12.27,
0,3,,,8.632087707519531,45.3631591796875,557.12890625,0.06474031250000001,5.2552734375000005,12.304,
0,3,,,8.632087707519531,45.3631591796875,558.5644531250001,0.06474031250000001,5.2552734375000005,12.337,
0,3,,,8.63914489746094,45.4010009765625,560.13671875,0.06479343750000001,5.2552734375000005,12.371,
0,3,,,8.61339569091797,45.26428222656251,561.708984375,0.0645996875,5.255078125000001,12.405,
0,3,,,8.61339569091797,45.26428222656251,563.2812500000001,0.0645996875,5.255078125000001,12.439,
0,3,,,8.63800048828125,45.39672851562501,564.7167968750001,0.06478375,5.25546875,12.473,
0,3,,,8.62274169921875,45.31372070312501,566.2792968750001,0.06467,5.2552734375000005,12.507,
0,3,,,8.62274169921875,45.31372070312501,567.8613281250001,0.06467,5.2552734375000005,12.541,
0,3,,,8.62102508544922,45.30578613281251,569.43359375,0.0646565625,5.25546875,12.575,
0,3,,,8.625411987304688,45.33325195312501,571.005859375,0.06469000000000001,5.255859375,12.609,
0,3,,,8.625411987304688,45.33325195312501,572.4316406250001,0.06469000000000001,5.25546875,12.643,
0,3,,,8.613967895507812,45.269775390625,574.0039062500001,0.0646034375,5.25546875,12.677,
0,3,,,8.622932434082033,45.31372070312501,575.5761718750001,0.06467093750000001,5.255078125000001,12.712,
0,3,,,8.622932434082033,45.31372070312501,577.1582031250001,0.06474281250000001,5.2546875,12.746,
0,3,,,8.632469177246096,45.3607177734375,578.720703125,0.06474281250000001,5.2546875,12.78,
0,3,,,8.611679077148438,45.25695800781251,580.15625,0.064586875,5.2552734375000005,12.814,
0,3,,,8.611679077148438,45.25695800781251,581.728515625,0.0647346875,5.2552734375000005,12.848,
0,3,,,8.631324768066406,45.35949707031251,583.3007812500001,0.0647346875,5.2552734375000005,12.882,
0,3,,,8.646965026855469,45.44250488281251,584.8730468750001,0.06485093750000001,5.25546875,12.916,
0,4,,,6.47125244140625,34.03686523437501,0.33203125000000006,0.04909718750000001,5.259765625,0.017,
0,4,,,6.546401977539063,34.4317626953125,1.5625,0.04909718750000001,5.259765625,0.051,
0,4,,,6.735992431640626,35.423583984375,2.7929687500000004,0.0505190625,5.258984375000001,0.085,
0,4,,,6.735992431640626,35.423583984375,3.90625,0.050336250000000006,5.2587890625,0.119,
0,4,,,6.711578369140625,35.29418945312501,5.136718750000001,0.050336250000000006,5.2587890625,0.153,
0,4,,,6.7546844482421875,35.521240234375,6.367187500000001,0.050659062500000004,5.2587890625,0.187,
0,4,,,6.7546844482421875,35.521240234375,7.597656250000001,0.05048375,5.259375,0.221,
0,4,,,6.731224060058595,35.40222167968751,8.818359375000002,0.05048375,5.259375,0.255,
0,4,,,6.719017028808595,35.33447265625001,9.941406250000002,0.0503928125,5.258984375000001,0.289,
0,4,,,6.719017028808595,35.39978027343751,11.171875000000002,0.050487500000000005,5.2587890625,0.323,
0,4,,,6.7317962646484375,35.39978027343751,12.402343750000002,0.050487500000000005,5.2587890625,0.357,
0,4,,,6.7432403564453125,35.46264648437501,13.6328125,0.050573437500000006,5.2591796875000005,0.391,
0,4,,,6.765174865722656,35.577392578125,14.755859375,0.05073781250000001,5.258984375000001,0.425,
0,4,,,6.765174865722656,35.577392578125,15.986328125000002,0.05073781250000001,5.258984375000001,0.459,
0,4,,,6.730842590332031,35.40161132812501,17.216796875000004,0.05048156250000001,5.2595703125,0.493,
0,4,,,6.751441955566407,35.50537109375001,18.447265625,0.050635625000000004,5.258984375000001,0.527,
0,4,,,6.751441955566407,35.50537109375001,19.560546875,0.050635625000000004,5.258984375000001,0.561,
0,4,,,6.7348480224609375,35.4217529296875,20.791015625000004,0.05051125000000001,5.2595703125,0.595,
0,4,,,6.7363739013671875,35.43151855468751,22.021484375,0.050522500000000005,5.259765625,0.629,
0,4,,,6.7363739013671875,35.43151855468751,23.251953125000004,0.050522500000000005,5.259765625,0.663,
0,4,,,6.733512878417969,35.41809082031251,24.375000000000004,0.050501562500000007,5.259960937500001,0.696,
0,4,,,6.729698181152344,35.3912353515625,25.595703125000004,0.050472500000000003,5.258984375000001,0.73,
0,4,,,6.729698181152344,35.3912353515625,26.826171875,0.050472500000000003,5.258984375000001,0.764,
0,4,,,6.748199462890625,35.49377441406251,28.056640625000004,0.05061187500000001,5.259765625,0.798,
0,4,,,6.726455688476563,35.3765869140625,29.287109375000007,0.0504478125,5.259375,0.833,
0,4,,,6.726455688476563,35.3765869140625,30.527343750000004,0.0504478125,5.259375,0.867,
0,4,,,6.76116943359375,35.557861328125,31.640625,0.0507084375,5.2591796875000005,0.901,
0,4,,,6.768226623535156,35.59326171875001,32.88085937500001,0.050760937500000006,5.258984375000001,0.935,
0,4,,,6.768226623535156,35.59326171875001,34.111328125,0.050760937500000006,5.258984375000001,0.969,
0,4,,,6.746101379394531,35.47851562500001,35.34179687500001,0.050594687500000006,5.2591796875000005,1.003,
0,4,,,6.745338439941406,35.47729492187501,36.46484375,0.05059,5.2595703125,1.037,
0,4,,,6.745338439941406,35.47729492187501,37.6953125,0.05059,5.2595703125,1.071,
0,4,,,6.745529174804688,35.4766845703125,38.92578125000001,0.05059062500000001,5.259375,1.105,
0,4,,,6.728172302246094,35.38574218750001,40.15625000000001,0.0504615625,5.259375,1.139,
0,4,,,6.728172302246094,35.38574218750001,41.27929687500001,0.0504615625,5.259375,1.173,
0,4,,,6.76555633544922,35.57922363281251,42.509765625,0.05074125,5.258984375000001,1.207,
0,4,,,6.73828125,35.4388427734375,43.74023437500001,0.05053656250000001,5.259375,1.241,
0,4,,,6.73828125,35.4388427734375,44.97070312500001,0.05053656250000001,5.259375,1.275,
0,4,,,6.75029754638672,35.50231933593751,46.08398437500001,0.050627187500000004,5.259375,1.309,
0,4,,,6.739044189453126,35.44067382812501,47.314453125,0.05054187500000001,5.2591796875000005,1.343,
0,4,,,6.739044189453126,35.44067382812501,48.54492187500001,0.05054187500000001,5.2591796875000005,1.377,
0,4,,,6.73370361328125,35.4156494140625,49.78515625000001,0.0505028125,5.2595703125,1.41,
0,4,,,6.742858886718751,35.46081542968751,50.89843750000001,0.05057156250000001,5.258984375000001,1.444,
0,4,,,6.742858886718751,35.46081542968751,52.12890625000001,0.05057156250000001,5.2595703125,1.478,
0,4,,,6.747245788574219,35.48706054687501,53.359375,0.05060437500000001,5.2595703125,1.512,
0,4,,,6.727027893066406,35.37841796875001,54.58984375000001,0.05045187500000001,5.2591796875000005,1.546,
0,4,,,6.727027893066406,35.37841796875001,55.81054687500001,0.05045187500000001,5.259375,1.58,
0,4,,,6.735801696777344,35.42541503906251,56.923828125,0.050518125000000004,5.259375,1.614,
0,4,,,6.717491149902344,35.328369140625,58.15429687500001,0.050380625000000005,5.2591796875000005,1.648,
0,4,,,6.717491149902344,35.328369140625,59.384765625,0.050380625000000005,5.2595703125,1.682,
0,4,,,6.717491149902344,35.330810546875,60.60546875,0.050380625000000005,5.2595703125,1.716,
0,4,,,6.726837158203125,35.38085937500001,61.72851562500001,0.050451562500000005,5.2595703125,1.75,
0,4,,,6.726837158203125,35.38085937500001,62.958984375000014,0.050425625,5.259375,1.784,
0,4,,,6.7234039306640625,35.3607177734375,64.189453125,0.050425625,5.259375,1.818,
0,4,,,6.768798828125,35.59997558593751,65.41992187500001,0.050766250000000006,5.259375,1.852,
0,4,,,6.768798828125,35.59997558593751,66.650390625,0.050504687500000006,5.259960937500001,1.887,
0,4,,,6.734085083007813,35.419921875,67.7734375,0.050504687500000006,5.259960937500001,1.921,
0,4,,,6.74896240234375,35.49255371093751,69.00390625000001,0.050616875000000006,5.258984375000001,1.955,
0,4,,,6.74896240234375,35.49255371093751,70.244140625,0.050795625000000004,5.259765625,1.989,
0,4,,,6.772804260253906,35.62255859375001,71.46484375,0.050795625000000004,5.259765625,2.023,
0,4,,,6.727600097656251,35.382080078125,72.57812500000001,0.05045625,5.259375,2.056,
0,4,,,6.699752807617188,35.23437500000001,73.80859375000001,0.050248125000000005,5.2591796875000005,2.09,
0,4,,,6.699752807617188,35.23437500000001,75.03906250000001,0.050248125000000005,5.2591796875000005,2.124,
0,4,,,6.73828125,35.435791015625,76.25976562500001,0.050536250000000005,5.258984375000001,2.158,
0,4,,,6.733322143554688,35.41503906250001,77.38281250000001,0.050499062500000004,5.259765625,2.192,
0,4,,,6.733322143554688,35.41503906250001,78.61328125,0.050499062500000004,5.259765625,2.226,
0,4,,,6.748199462890625,35.48767089843751,79.84375,0.0506109375,5.2587890625,2.26,
0,4,,,6.740951538085938,35.4522705078125,81.07421875000001,0.0505571875,5.2591796875000005,2.294,
0,4,,,6.740951538085938,35.4522705078125,82.18750000000001,0.0505571875,5.2591796875000005,2.328,
0,4,,,6.729888916015625,35.39306640625,83.41796875000001,0.050473750000000005,5.2591796875000005,2.362,
0,4,,,6.73503875732422,35.42297363281251,84.6484375,0.050512812500000004,5.2595703125,2.396,
0,4,,,6.73503875732422,35.42297363281251,85.888671875,0.050512812500000004,5.2595703125,2.43,
0,4,,,6.756210327148438,35.53100585937501,87.00195312500001,0.050670625000000004,5.2591796875000005,2.464,
0,4,,,6.741714477539063,35.4583740234375,88.23242187500001,0.050562812500000005,5.2595703125,2.498,
0,4,,,6.741714477539063,35.4583740234375,89.46289062500001,0.050562812500000005,5.2595703125,2.532,
0,4,,,6.744384765625,35.467529296875,90.70312500000001,0.0505825,5.258984375000001,2.566,
0,4,,,6.754112243652345,35.52001953125,91.92382812500001,0.050655937500000005,5.258984375000001,2.6,
0,4,,,6.754112243652345,35.52001953125,93.04687500000001,0.050655937500000005,5.258984375000001,2.634,
0,4,,,6.7272186279296875,35.3790283203125,94.26757812500001,0.050454375,5.2591796875000005,2.668,
0,4,,,6.725120544433594,35.3662109375,95.49804687500001,0.05043812500000001,5.2587890625,2.702,
0,4,,,6.725120544433594,35.3662109375,96.72851562500001,0.05043812500000001,5.2587890625,2.736,
0,4,,,6.711006164550781,35.2935791015625,97.84179687500001,0.05033218750000001,5.2591796875000005,2.77,
0,4,,,6.738471984863281,35.44128417968751,99.072265625,0.050538125,5.2595703125,2.804,
0,4,,,6.738471984863281,35.44128417968751,100.30273437500003,0.050538125,5.2595703125,2.838,
0,4,,,6.752586364746094,35.5120849609375,101.53320312500001,0.05064375,5.258984375000001,2.872,
0,4,,,6.732368469238282,35.40771484375001,102.65625,0.050491875000000006,5.259375,2.906,
0,4,,,6.732368469238282,35.40771484375001,103.88671875,0.050491875000000006,5.259375,2.94,
0,4,,,6.748771667480469,35.49316406250001,105.11718750000001,0.050615937500000006,5.2591796875000005,2.974,
0,4,,,6.7478179931640625,35.4833984375,106.34765625,0.050608125000000004,5.25859375,3.008,
0,4,,,6.7478179931640625,35.4833984375,107.57812500000003,0.050608125000000004,5.25859375,3.042,
0,4,,,6.731414794921876,35.400390625,108.79882812500003,0.050484375000000005,5.258984375000001,3.076,
0,4,,,6.731605529785156,35.39978027343751,109.92187500000001,0.05048687500000001,5.2587890625,3.11,
0,4,,,6.731605529785156,35.39978027343751,111.15234375000001,0.05048687500000001,5.2587890625,3.144,
0,4,,,6.731224060058595,35.40100097656251,112.3828125,0.0504840625,5.2591796875000005,3.178,
0,4,,,6.747436523437501,35.484619140625,113.61328125000001,0.050606250000000005,5.258984375000001,3.212,
0,4,,,6.747436523437501,35.484619140625,114.7265625,0.050606250000000005,5.2587890625,3.246,
0,4,,,6.7363739013671875,35.4248046875,115.95703125000001,0.0505221875,5.2587890625,3.28,
0,4,,,6.74571990966797,35.47729492187501,117.1875,0.05059281250000001,5.259375,3.314,
0,4,,,6.74571990966797,35.47729492187501,118.41796875000001,0.05052,5.2587890625,3.348,
0,4,,,6.735992431640626,35.42297363281251,119.54101562500003,0.05052,5.2587890625,3.382,
0,4,,,6.763648986816407,35.5743408203125,120.77148437500001,0.0507275,5.2595703125,3.416,
0,4,,,6.763648986816407,35.5743408203125,122.00195312500001,0.050405000000000005,5.25859375,3.45,
0,4,,,6.720733642578126,35.34118652343751,123.23242187500001,0.050405000000000005,5.25859375,3.484,
0,4,,,6.76097869873047,35.55603027343751,124.35546875000001,0.050706875000000005,5.2591796875000005,3.518,
0,4,,,6.76097869873047,35.55603027343751,125.5859375,0.0506225,5.2587890625,3.552,
0,4,,,6.749725341796875,35.49438476562501,126.81640625000001,0.0506225,5.2587890625,3.586,
0,4,,,6.7432403564453125,35.46508789062501,128.046875,0.0505740625,5.259375,3.62,
0,4,,,6.7432403564453125,35.46508789062501,129.267578125,0.050300312500000006,5.2591796875000005,3.654,
0,4,,,6.706809997558594,35.27160644531251,130.390625,0.050300312500000006,5.2591796875000005,3.688,
0,4,,,6.7630767822265625,35.5682373046875,131.62109375000003,0.0507221875,5.259375,3.722,
0,4,,,6.7630767822265625,35.5682373046875,132.85156250000003,0.0504671875,5.2591796875000005,3.756,
0,4,,,6.728935241699219,35.38818359375001,134.08203125,0.0504671875,5.2591796875000005,3.79,
0,4,,,6.728172302246094,35.38574218750001,135.19531250000003,0.0504615625,5.259375,3.824,
0,4,,,6.764411926269531,35.57800292968751,136.435546875,0.050733125000000004,5.2595703125,3.858,
0,4,,,6.764411926269531,35.57800292968751,137.666015625,0.050733125000000004,5.2595703125,3.892,
0,4,,,6.736946105957032,35.43029785156251,138.89648437500003,0.05052593750000001,5.2591796875000005,3.926,
0,4,,,6.722450256347656,35.3546142578125,140.11718750000003,0.050418125,5.2591796875000005,3.96,
0,4,,,6.722450256347656,35.3546142578125,141.24023437500003,0.050418125,5.2591796875000005,3.995,
0,4,,,6.73046112060547,35.39550781250001,142.46093750000003,0.050478125000000006,5.258984375000001,4.029,
0,4,,,6.72740936279297,35.3778076171875,143.69140625000003,0.0504553125,5.2587890625,4.063,
0,4,,,6.72740936279297,35.3778076171875,144.921875,0.0504553125,5.2587890625,4.097,
0,4,,,6.744575500488282,35.4693603515625,146.15234375000003,0.0505834375,5.258984375000001,4.131,
0,4,,,6.736946105957032,35.43151855468751,147.27539062500003,0.050526562500000004,5.259375,4.165,
0,4,,,6.736946105957032,35.43151855468751,148.49609375000003,0.050526562500000004,5.259375,4.199,
0,4,,,6.721687316894532,35.3515625,149.72656250000003,0.050412187500000004,5.259375,4.233,
0,4,,,6.735801696777344,35.42663574218751,150.95703125000003,0.05051875,5.259375,4.267,
0,4,,,6.735801696777344,35.42663574218751,152.07031250000003,0.05051875,5.259375,4.301,
0,4,,,6.711196899414063,35.29479980468751,153.30078125000003,0.0503334375,5.2591796875000005,4.334,
0,4,,,6.7241668701171875,35.36315917968751,154.52148437500003,0.050431562500000006,5.2591796875000005,4.368,
0,4,,,6.7241668701171875,35.36315917968751,155.751953125,0.050431562500000006,5.2591796875000005,4.402,
0,4,,,6.734466552734375,35.41687011718751,156.87500000000003,0.050508125,5.2591796875000005,4.436,
0,4,,,6.739807128906251,35.44799804687501,158.09570312500003,0.0505484375,5.2595703125,4.47,
0,4,,,6.739807128906251,35.44799804687501,159.326171875,0.0505484375,5.2595703125,4.504,
0,4,,,6.731986999511719,35.4052734375,160.55664062500003,0.05049000000000001,5.2591796875000005,4.538,
0,4,,,6.735992431640626,35.42724609375,161.67968750000003,0.05051968750000001,5.259375,4.572,
0,4,,,6.735992431640626,35.42724609375,162.91015625000003,0.05051968750000001,5.259375,4.606,
0,4,,,6.751823425292969,35.50781250000001,164.14062500000003,0.050637812500000004,5.2591796875000005,4.64,
0,4,,,6.732177734375001,35.4071044921875,165.37109375000003,0.0504915625,5.259375,4.674,
0,4,,,6.732177734375001,35.4071044921875,166.494140625,0.0504915625,5.259375,4.708,
0,4,,,6.764793395996095,35.57800292968751,167.724609375,0.0507359375,5.259375,4.742,
0,4,,,6.744384765625,35.4681396484375,168.95507812500003,0.05058218750000001,5.258984375000001,4.776,
0,4,,,6.744384765625,35.4681396484375,170.17578125000003,0.05058218750000001,5.258984375000001,4.81,
0,4,,,6.7050933837890625,35.26123046875001,171.29882812500003,0.0502878125,5.258984375000001,4.844,
0,4,,,6.7516326904296875,35.51086425781251,172.52929687500003,0.050636875000000005,5.2595703125,4.878,
0,4,,,6.7516326904296875,35.51086425781251,173.75000000000003,0.050636875000000005,5.2595703125,4.912,
0,4,,,6.728363037109376,35.38818359375001,174.98046875000003,0.05046250000000001,5.2595703125,4.946,
0,4,,,6.722450256347656,35.35522460937501,176.21093750000003,0.050417812500000006,5.259375,4.98,
0,4,,,6.722450256347656,35.35522460937501,177.33398437500003,0.050417812500000006,5.2591796875000005,5.014,
0,4,,,6.7691802978515625,35.59997558593751,178.56445312500003,0.05076875,5.2591796875000005,5.048,
0,4,,,6.723785400390626,35.36437988281251,179.794921875,0.050428437500000006,5.2595703125,5.082,
0,4,,,6.723785400390626,35.36437988281251,181.025390625,0.05054500000000001,5.259375,5.116,
0,4,,,6.7394256591796875,35.4449462890625,182.25585937500003,0.05054500000000001,5.259375,5.15,
0,4,,,6.749916076660156,35.4998779296875,183.37890625000003,0.05062375,5.259375,5.184,
0,4,,,6.749916076660156,35.4998779296875,184.60937500000003,0.050636875000000005,5.258984375000001,5.218,
0,4,,,6.7516326904296875,35.50659179687501,185.83984375,0.050636875000000005,5.258984375000001,5.252,
0,4,,,6.7516326904296875,35.50781250000001,187.07031250000003,0.05063718750000001,5.2591796875000005,5.286,
0,4,,,6.7516326904296875,35.50781250000001,188.18359375000003,0.05041375000000001,5.2591796875000005,5.32,
0,4,,,6.721878051757813,35.3509521484375,189.41406250000003,0.05041375000000001,5.2591796875000005,5.354,
0,4,,,6.735992431640626,35.4278564453125,190.64453125000003,0.05051968750000001,5.2595703125,5.388,
0,4,,,6.735992431640626,35.4278564453125,191.87500000000003,0.0506471875,5.2587890625,5.422,
0,4,,,6.752967834472656,35.511474609375,192.99804687500003,0.0506471875,5.2587890625,5.456,
0,4,,,6.7291259765625,35.389404296875,194.21875000000003,0.050467500000000005,5.2591796875000005,5.49,
0,4,,,6.7291259765625,35.389404296875,195.458984375,0.0506278125,5.259375,5.524,
0,4,,,6.750488281250001,35.50231933593751,196.68945312500003,0.0506278125,5.259375,5.558,
0,4,,,6.740951538085938,35.45349121093751,197.802734375,0.050556562500000006,5.2595703125,5.592,
0,4,,,6.709098815917969,35.2825927734375,199.0234375,0.050318125000000005,5.258984375000001,5.626,
0,4,,,6.709098815917969,35.2825927734375,200.26367187500006,0.050318125000000005,5.258984375000001,5.66,
0,4,,,6.7623138427734375,35.56762695312501,201.49414062500003,0.050717500000000006,5.259765625,5.694,
0,4,,,6.726264953613281,35.3759765625,202.60742187500003,0.050447187500000004,5.259375,5.728,
0,4,,,6.726264953613281,35.3759765625,203.83789062500003,0.050447187500000004,5.259375,5.762,
0,4,,,6.756019592285157,35.53222656250001,205.078125,0.05067000000000001,5.259375,5.796,
0,4,,,6.766700744628907,35.58715820312501,206.30859375,0.05075,5.2591796875000005,5.83,
0,4,,,6.766700744628907,35.58715820312501,207.53906250000003,0.05075,5.2591796875000005,5.863,
0,4,,,6.723594665527345,35.360107421875,208.65234375,0.050426875,5.2591796875000005,5.897,
0,4,,,6.722068786621094,35.34973144531251,209.88281250000006,0.050415312500000004,5.2587890625,5.931,
0,4,,,6.722068786621094,35.34973144531251,211.11328125000003,0.050415312500000004,5.2587890625,5.965,
0,4,,,6.751441955566407,35.50170898437501,212.34375000000003,0.050635000000000006,5.25859375,5.999,
0,4,,,6.72740936279297,35.3790283203125,213.45703125000003,0.050454687500000005,5.258984375000001,6.033,
0,4,,,6.72740936279297,35.3790283203125,214.69726562500003,0.050454687500000005,5.258984375000001,6.067,
0,4,,,6.756973266601563,35.5340576171875,215.927734375,0.050677187500000005,5.2587890625,6.102,
0,4,,,6.728935241699219,35.38879394531251,217.1484375,0.050466875,5.2591796875000005,6.136,
0,4,,,6.728935241699219,35.38879394531251,218.37890625000003,0.050466875,5.2591796875000005,6.17,
0,4,,,6.743431091308594,35.46630859375,219.50195312500003,0.0505759375,5.259375,6.204,
0,4,,,6.706809997558594,35.27343750000001,220.72265625000003,0.050300625,5.259375,6.238,
0,4,,,6.706809997558594,35.27343750000001,221.95312500000003,0.050300625,5.259375,6.272,
0,4,,,6.748580932617188,35.49011230468751,223.18359375000003,0.0506140625,5.258984375000001,6.306,
0,4,,,6.713294982910157,35.30700683593751,224.29687500000003,0.050349375,5.259375,6.34,
0,4,,,6.713294982910157,35.30700683593751,225.53710937500003,0.050349375,5.259375,6.374,
0,4,,,6.758689880371094,35.54748535156251,226.75781250000003,0.050690000000000006,5.2595703125,6.408,
0,4,,,6.7138671875,35.30700683593751,227.98828125,0.050353125000000006,5.258984375000001,6.442,
0,4,,,6.7138671875,35.30700683593751,229.208984375,0.050353125000000006,5.258984375000001,6.476,
0,4,,,6.7134857177734375,35.306396484375,230.33203125,0.0503515625,5.258984375000001,6.51,
0,4,,,6.744194030761719,35.4681396484375,231.56250000000003,0.050580937500000006,5.2591796875000005,6.544,
0,4,,,6.744194030761719,35.4681396484375,232.79296875000003,0.050580937500000006,5.2591796875000005,6.578,
0,4,,,6.744956970214844,35.4742431640625,234.02343750000003,0.050587187500000005,5.259375,6.612,
0,4,,,6.753158569335938,35.516357421875,235.14648437500003,0.050648125,5.259375,6.646,
0,4,,,6.753158569335938,35.516357421875,236.376953125,0.050648125,5.2591796875000005,6.68,
0,4,,,6.759452819824219,35.54870605468751,237.607421875,0.050695312500000006,5.2591796875000005,6.714,
0,4,,,6.7058563232421875,35.2691650390625,238.828125,0.05029406250000001,5.259375,6.748,
0,4,,,6.7058563232421875,35.2691650390625,239.951171875,0.05029406250000001,5.259375,6.782,
0,4,,,6.756973266601563,35.53588867187501,241.18164062500003,0.050676250000000006,5.259375,6.816,
0,4,,,6.741523742675781,35.455322265625,242.41210937500003,0.05056093750000001,5.259375,6.849,
0,4,,,6.741523742675781,35.455322265625,243.642578125,0.05034625,5.259765625,6.883,
0,4,,,6.712913513183594,35.3076171875,244.75585937500003,0.05034625,5.259765625,6.917,
0,4,,,6.746101379394531,35.47729492187501,245.98632812500003,0.05059593750000001,5.258984375000001,6.951,
0,4,,,6.746101379394531,35.47729492187501,247.216796875,0.050367812500000005,5.2595703125,6.985,
0,4,,,6.7157745361328125,35.3216552734375,248.44726562500006,0.050367812500000005,5.2595703125,7.019,
0,4,,,6.76422119140625,35.576171875,249.57031250000006,0.050731250000000006,5.2595703125,7.053,
0,4,,,6.76422119140625,35.576171875,250.79101562500006,0.0505696875,5.259375,7.087,
0,4,,,6.74266815185547,35.46142578125,252.02148437500006,0.0505696875,5.259375,7.121,
0,4,,,6.748199462890625,35.491943359375,253.26171875000003,0.05061125,5.2595703125,7.156,
0,4,,,6.748199462890625,35.491943359375,254.49218750000003,0.0506578125,5.2595703125,7.19,
0,4,,,6.754493713378906,35.52429199218751,255.72265625000006,0.0506578125,5.2595703125,7.224,
0,4,,,6.7249298095703125,35.3668212890625,256.8359375,0.050436875000000006,5.2591796875000005,7.258,
0,4,,,6.7249298095703125,35.61279296875,258.07617187500006,0.050785312500000006,5.259375,7.292,
0,4,,,6.771469116210938,35.61279296875,259.30664062500006,0.050785312500000006,5.259375,7.326,
0,4,,,6.741523742675781,35.455322265625,260.537109375,0.05056093750000001,5.2591796875000005,7.36,
0,4,,,6.721305847167969,35.34667968750001,261.650390625,0.05040875,5.258984375000001,7.394,
0,4,,,6.721305847167969,35.34667968750001,262.880859375,0.05040875,5.258984375000001,7.428,
0,4,,,6.740760803222657,35.4510498046875,264.111328125,0.050555,5.259375,7.462,
0,4,,,6.738471984863281,35.4351806640625,265.34179687500006,0.0505390625,5.25859375,7.496,
0,4,,,6.738471984863281,35.4351806640625,266.46484375000006,0.0505390625,5.25859375,7.529,
0,4,,,6.733322143554688,35.41015625000001,267.68554687500006,0.0505,5.258984375000001,7.563,
0,4,,,6.74571990966797,35.4754638671875,268.92578125000006,0.050592187500000003,5.258984375000001,7.597,
0,4,,,6.74571990966797,35.4754638671875,270.15625000000006,0.050592187500000003,5.258984375000001,7.631,
0,4,,,6.747436523437501,35.48645019531251,271.26953125000006,0.0506059375,5.2591796875000005,7.665,
0,4,,,6.728363037109376,35.38879394531251,272.5,0.050463125000000005,5.2595703125,7.699,
0,4,,,6.728363037109376,35.38879394531251,273.73046875,0.050463125000000005,5.2595703125,7.733,
0,4,,,6.742095947265625,35.45349121093751,274.96093750000006,0.0505653125,5.25859375,7.767,
0,4,,,6.736946105957032,35.43151855468751,276.07421875,0.0505271875,5.259375,7.801,
0,4,,,6.736946105957032,35.43151855468751,277.314453125,0.0505271875,5.259375,7.835,
0,4,,,6.756210327148438,35.53100585937501,278.544921875,0.05067125,5.258984375000001,7.869,
0,4,,,6.745147705078125,35.47241210937501,279.775390625,0.050588125000000005,5.258984375000001,7.903,
0,4,,,6.745147705078125,35.47241210937501,280.88867187500006,0.050588125000000005,5.258984375000001,7.937,
0,4,,,6.723976135253906,35.361328125,282.11914062500006,0.05042875,5.258984375000001,7.971,
0,4,,,6.755828857421875,35.5291748046875,283.34960937500006,0.050668125,5.2591796875000005,8.005,
0,4,,,6.755828857421875,35.5291748046875,284.58984375,0.050668125,5.2591796875000005,8.039,
0,4,,,6.772613525390625,35.614013671875,285.8203125,0.05079406250000001,5.25859375,8.073,
0,4,,,6.754112243652345,35.5194091796875,286.94335937500006,0.050654687500000004,5.258984375000001,8.107,
0,4,,,6.754112243652345,35.5194091796875,288.17382812500006,0.050654687500000004,5.258984375000001,8.141,
0,4,,,6.736183166503907,35.42541503906251,289.404296875,0.050521562500000006,5.258984375000001,8.175,
0,4,,,6.758117675781251,35.54077148437501,290.64453125000006,0.050685625000000005,5.258984375000001,8.209,
0,4,,,6.758117675781251,35.54077148437501,291.86523437500006,0.050685625000000005,5.258984375000001,8.243,
0,4,,,6.756210327148438,35.5303955078125,292.99804687500006,0.0506715625,5.258984375000001,8.277,
0,4,,,6.76860809326172,35.60119628906251,294.228515625,0.050764062500000005,5.259765625,8.311,
0,4,,,6.76860809326172,35.60119628906251,295.46875000000006,0.050764062500000005,5.259765625,8.345,
0,4,,,6.766319274902344,35.58349609375,296.69921875000006,0.050746875000000004,5.258984375000001,8.379,
0,4,,,6.7554473876953125,35.52551269531251,297.822265625,0.050665312500000004,5.2587890625,8.413,
0,4,,,6.7554473876953125,35.52551269531251,299.052734375,0.050665312500000004,5.259375,8.447,
0,4,,,6.760406494140625,35.55480957031251,300.283203125,0.050702500000000005,5.259375,8.481,
0,4,,,6.75029754638672,35.50170898437501,301.513671875,0.050626875,5.259375,8.515,
0,4,,,6.75029754638672,35.50170898437501,302.63671875000006,0.050626875,5.259375,8.549,
0,4,,,6.746101379394531,35.48034667968751,303.87695312500006,0.05059593750000001,5.259375,8.583,
0,4,,,6.748771667480469,35.49377441406251,305.09765625000006,0.0506153125,5.259375,8.617,
0,4,,,6.748771667480469,35.49377441406251,306.32812500000006,0.050529062500000006,5.2591796875000005,8.651,
0,4,,,6.737327575683594,35.43273925781251,307.46093750000006,0.050529062500000006,5.2591796875000005,8.685,
0,4,,,6.759834289550782,35.54931640625,308.68164062500006,0.050698125000000004,5.258984375000001,8.719,
0,4,,,6.759834289550782,35.54931640625,309.912109375,0.0505346875,5.259375,8.753,
0,4,,,6.73809051513672,35.43701171875,311.14257812500006,0.0505346875,5.259375,8.787,
0,4,,,6.742095947265625,35.45593261718751,312.37304687500006,0.05056625000000001,5.2587890625,8.821,
0,4,,,6.742095947265625,35.45593261718751,313.49609375000006,0.050732187500000005,5.2587890625,8.855,
0,4,,,6.764411926269531,35.57128906250001,314.72656250000006,0.050732187500000005,5.2587890625,8.889,
0,4,,,6.738853454589845,35.43823242187501,315.95703125,0.0505409375,5.2587890625,8.923,
0,4,,,6.738853454589845,35.43823242187501,317.19726562500006,0.050741562500000004,5.259375,8.957,
0,4,,,6.76555633544922,35.582275390625,318.32031250000006,0.050741562500000004,5.259375,8.991,
0,4,,,6.774711608886719,35.6280517578125,319.55078125,0.0508103125,5.258984375000001,9.025,
0,4,,,6.774711608886719,35.6280517578125,320.771484375,0.0501725,5.259765625,9.059,
0,4,,,6.689643859863281,35.185546875,322.001953125,0.0501725,5.259765625,9.093,
0,4,,,6.744956970214844,35.47180175781251,323.11523437500006,0.0505865625,5.2591796875000005,9.127,
0,4,,,6.716156005859376,35.3240966796875,324.34570312500006,0.0503715625,5.2595703125,9.161,
0,4,,,6.716156005859376,35.3240966796875,325.57617187500006,0.0503715625,5.2595703125,9.195,
0,4,,,6.761360168457031,35.56274414062501,326.81640625000006,0.0507096875,5.259765625,9.229,
0,4,,,6.7440032958984375,35.467529296875,328.04687500000006,0.0505803125,5.2591796875000005,9.263,
0,4,,,6.7440032958984375,35.467529296875,329.26757812500006,0.0505803125,5.2591796875000005,9.297,
0,4,,,6.725120544433594,35.369873046875,330.39062500000006,0.050438750000000004,5.259375,9.331,
0,4,,,6.740570068359375,35.44799804687501,331.61132812500006,0.050554062500000004,5.258984375000001,9.365,
0,4,,,6.740570068359375,35.44799804687501,332.84179687500006,0.050554062500000004,5.258984375000001,9.399,
0,4,,,6.734466552734375,35.419921875,334.07226562500006,0.0505084375,5.259375,9.433,
0,4,,,6.7356109619140625,35.42541503906251,335.1953125,0.050516250000000006,5.2595703125,9.467,
0,4,,,6.7356109619140625,35.42541503906251,336.42578125,0.050516250000000006,5.2595703125,9.501,
0,4,,,6.740379333496094,35.4522705078125,337.65625000000006,0.0505528125,5.259765625,9.535,
0,4,,,6.720161437988281,35.34179687500001,338.87695312500006,0.05040125,5.258984375000001,9.569,
0,4,,,6.720161437988281,35.34179687500001,340.00000000000006,0.05040125,5.258984375000001,9.603,
0,4,,,6.734085083007813,35.41625976562501,341.22070312500006,0.050505625000000005,5.2591796875000005,9.637,
0,4,,,6.73809051513672,35.43395996093751,342.46093750000006,0.050535625,5.2587890625,9.671,
0,4,,,6.73809051513672,35.43395996093751,343.68164062500006,0.050535625,5.2587890625,9.705,
0,4,,,6.7310333251953125,35.40100097656251,344.92187500000006,0.050482187500000004,5.259375,9.739,
0,4,,,6.7661285400390625,35.58532714843751,346.044921875,0.05074531250000001,5.259375,9.773,
0,4,,,6.7661285400390625,35.58532714843751,347.265625,0.05074531250000001,5.259375,9.807,
0,4,,,6.737518310546875,35.4351806640625,348.49609375000006,0.050530937500000005,5.2595703125,9.841,
0,4,,,6.7478179931640625,35.489501953125,349.73632812500006,0.05060875,5.259375,9.875,
0,4,,,6.7478179931640625,35.489501953125,350.84960937500006,0.05060875,5.259375,9.909,
0,4,,,6.743812561035157,35.467529296875,352.08984375,0.050577812500000006,5.259375,9.943,
0,4,,,6.761741638183595,35.557861328125,353.3203125,0.050713125000000005,5.2587890625,9.977,
0,4,,,6.761741638183595,35.557861328125,354.541015625,0.050713125000000005,5.2587890625,10.011,
0,4,,,6.723594665527345,35.35888671875,355.66406250000006,0.050427187500000005,5.258984375000001,10.045,
0,4,,,6.734466552734375,35.41809082031251,356.89453125000006,0.050507500000000004,5.259375,10.079,
0,4,,,6.734466552734375,35.41809082031251,358.125,0.050507500000000004,5.259375,10.113,
0,4,,,6.751251220703126,35.50537109375001,359.35546875,0.05063406250000001,5.2591796875000005,10.147,
0,4,,,6.729698181152344,35.39306640625,360.46875000000006,0.050472812500000006,5.2591796875000005,10.181,
0,4,,,6.729698181152344,35.39306640625,361.69921875000006,0.050472812500000006,5.259765625,10.215,
0,4,,,6.748199462890625,35.49438476562501,362.92968750000006,0.05061187500000001,5.259765625,10.249,
0,4,,,6.74896240234375,35.49438476562501,364.16015625000006,0.0506171875,5.2591796875000005,10.283,
0,4,,,6.74896240234375,35.49438476562501,365.39062500000006,0.050466250000000004,5.259765625,10.318,
0,4,,,6.728935241699219,35.3912353515625,366.51367187500006,0.050466250000000004,5.259765625,10.351,
0,4,,,6.726455688476563,35.3753662109375,367.73437500000006,0.05044875000000001,5.2591796875000005,10.385,
0,4,,,6.726455688476563,35.3753662109375,368.97460937500006,0.050625312500000005,5.259375,10.419,
0,4,,,6.7501068115234375,35.50048828125001,370.19531250000006,0.050625312500000005,5.259375,10.453,
0,4,,,6.742095947265625,35.455322265625,371.318359375,0.050565000000000006,5.258984375000001,10.487,
0,4,,,6.742095947265625,35.455322265625,372.55859375,0.05077812500000001,5.258984375000001,10.521,
0,4,,,6.770515441894532,35.60546875,373.779296875,0.05077812500000001,5.258984375000001,10.555,
0,4,,,6.702613830566407,35.25024414062501,375.00976562500006,0.05026968750000001,5.2591796875000005,10.589,
0,4,,,6.702613830566407,35.25024414062501,376.25000000000006,0.05073156250000001,5.2595703125,10.623,
0,4,,,6.76422119140625,35.57678222656251,377.36328125000006,0.05073156250000001,5.2595703125,10.657,
0,4,,,6.714248657226563,35.31494140625,378.58398437500006,0.050356875,5.259765625,10.691,
0,4,,,6.714248657226563,35.31494140625,379.80468750000006,0.05029937500000001,5.259765625,10.725,
0,4,,,6.706619262695313,35.274658203125,381.03515625000006,0.05029937500000001,5.259765625,10.759,
0,4,,,6.7386627197265625,35.43945312500001,382.15820312500006,0.05054,5.2591796875000005,10.793,
0,4,,,6.732368469238282,35.4046630859375,383.38867187500006,0.0504925,5.258984375000001,10.827,
0,4,,,6.732368469238282,35.4046630859375,384.619140625,0.0504925,5.258984375000001,10.861,
0,4,,,6.7596435546875,35.5517578125,385.84960937500006,0.050697187500000004,5.259375,10.895,
0,4,,,6.723213195800781,35.35583496093751,386.962890625,0.050424062500000005,5.2587890625,10.929,
0,4,,,6.723213195800781,35.35583496093751,388.19335937500006,0.050424062500000005,5.2587890625,10.963,
0,4,,,6.725120544433594,35.37109375000001,389.42382812500006,0.05043812500000001,5.2595703125,10.997,
0,4,,,6.743431091308594,35.467529296875,390.65429687500006,0.050575,5.259765625,11.031,
0,4,,,6.743431091308594,35.467529296875,391.77734375000006,0.050575,5.259765625,11.065,
0,4,,,6.743431091308594,35.46875000000001,393.00781250000006,0.05057468750000001,5.259960937500001,11.099,
0,4,,,6.75334930419922,35.516357421875,394.23828125000006,0.050650625000000005,5.258984375000001,11.133,
0,4,,,6.75334930419922,35.516357421875,395.46875000000006,0.050650625000000005,5.258984375000001,11.167,
0,4,,,6.72607421875,35.37231445312501,396.58203125,0.050445625,5.258984375000001,11.201,
0,4,,,6.7234039306640625,35.360107421875,397.81250000000006,0.050425937500000004,5.2591796875000005,11.235,
0,4,,,6.7234039306640625,35.360107421875,399.03320312500006,0.050425937500000004,5.2591796875000005,11.268,
0,4,,,6.729507446289063,35.389404296875,400.263671875,0.050470625000000005,5.258984375000001,11.302,
0,4,,,6.736564636230469,35.4278564453125,401.49414062500006,0.050523437500000004,5.2591796875000005,11.336,
0,4,,,6.736564636230469,35.4278564453125,402.607421875,0.050523437500000004,5.2591796875000005,11.371,
0,4,,,6.717109680175782,35.32531738281251,403.83789062500006,0.0503778125,5.258984375000001,11.405,
0,4,,,6.7596435546875,35.54870605468751,405.06835937500006,0.050696875,5.258984375000001,11.439,
0,4,,,6.7596435546875,35.54870605468751,406.298828125,0.050696875,5.258984375000001,11.473,
0,4,,,6.725692749023438,35.369873046875,407.52929687500006,0.0504425,5.258984375000001,11.507,
0,4,,,6.740760803222657,35.44982910156251,408.64257812500006,0.050555,5.2591796875000005,11.541,
0,4,,,6.740760803222657,35.44982910156251,409.87304687500006,0.050555,5.2591796875000005,11.575,
0,4,,,6.720733642578126,35.34667968750001,411.103515625,0.050405937500000005,5.259375,11.609,
0,4,,,6.741523742675781,35.45715332031251,412.333984375,0.050561562500000004,5.2595703125,11.643,
0,4,,,6.741523742675781,35.45715332031251,413.447265625,0.050561562500000004,5.2595703125,11.677,
0,4,,,6.728935241699219,35.390625,414.67773437500006,0.050466250000000004,5.2595703125,11.711,
0,4,,,6.722640991210938,35.35583496093751,415.9082031250001,0.050419375,5.259375,11.745,
0,4,,,6.722640991210938,35.35583496093751,417.1289062500001,0.050419375,5.259375,11.778,
0,4,,,6.717681884765625,35.333251953125,418.25195312500006,0.050383125,5.259765625,11.812,
0,4,,,6.740570068359375,35.4522705078125,419.47265625000006,0.050554062500000004,5.2595703125,11.846,
0,4,,,6.740570068359375,35.4522705078125,420.703125,0.050554062500000004,5.2595703125,11.88,
0,4,,,6.714630126953125,35.3155517578125,421.93359375000006,0.0503590625,5.2595703125,11.914,
0,4,,,6.71215057373047,35.30029296875,423.04687500000006,0.0503409375,5.2591796875000005,11.948,
0,4,,,6.71215057373047,35.30029296875,424.26757812500006,0.0503409375,5.258984375000001,11.982,
0,4,,,6.7050933837890625,35.2618408203125,425.48828125000006,0.050288125,5.258984375000001,12.016,
0,4,,,6.736946105957032,35.43029785156251,426.71875000000006,0.050526562500000004,5.2591796875000005,12.05,
0,4,,,6.736946105957032,35.43029785156251,427.84179687500006,0.050526562500000004,5.259375,12.084,
0,4,,,6.7234039306640625,35.3607177734375,429.072265625,0.050425625,5.259375,12.118,
0,4,,,6.741523742675781,35.4541015625,430.30273437500006,0.050561875000000006,5.258984375000001,12.152,
0,4,,,6.741523742675781,35.4541015625,431.52343750000006,0.0504521875,5.2595703125,12.186,
0,4,,,6.727027893066406,35.38024902343751,432.64648437500006,0.0504521875,5.2595703125,12.22,
0,4,,,6.740379333496094,35.4510498046875,433.87695312500006,0.050551875,5.2595703125,12.254,
0,4,,,6.740379333496094,35.4510498046875,435.107421875,0.0506521875,5.2591796875000005,12.288,
0,4,,,6.753730773925781,35.51818847656251,436.33789062500006,0.0506521875,5.2591796875000005,12.322,
0,4,,,6.751823425292969,35.50781250000001,437.568359375,0.05063875,5.258984375000001,12.356,
0,4,,,6.751823425292969,35.50781250000001,438.69140625,0.0506384375,5.259765625,12.39,
0,4,,,6.751823425292969,35.5120849609375,439.93164062500006,0.0506384375,5.259765625,12.425,
0,4,,,6.73809051513672,35.43701171875,441.15234375000006,0.0505359375,5.2591796875000005,12.459,
0,4,,,6.73809051513672,35.43701171875,442.3828125,0.0505559375,5.258984375000001,12.493,
0,4,,,6.740760803222657,35.44921875000001,443.61328125000006,0.0505559375,5.258984375000001,12.527,
0,4,,,6.749343872070313,35.49377441406251,444.73632812500006,0.0506196875,5.258984375000001,12.56,
0,4,,,6.749343872070313,35.3790283203125,445.966796875,0.050452812500000006,5.2591796875000005,12.594,
0,4,,,6.727027893066406,35.3790283203125,447.1875,0.050452812500000006,5.2591796875000005,12.628,
0,4,,,6.7356109619140625,35.42541503906251,448.42773437500006,0.050517187500000005,5.259375,12.662,
0,4,,,6.749916076660156,35.4986572265625,449.54101562500006,0.05062375,5.2591796875000005,12.696,
0,4,,,6.749916076660156,35.4986572265625,450.76171875000006,0.05062375,5.2591796875000005,12.73,
0,4,,,6.7108154296875,35.29479980468751,451.9921875000001,0.05033125,5.259375,12.764,
0,4,,,6.7462921142578125,35.48095703125,453.23242187500006,0.0505971875,5.259375,12.798,
0,4,,,6.7462921142578125,35.48095703125,454.345703125,0.0505971875,5.259375,12.832,
0,4,,,6.740951538085938,35.44860839843751,455.57617187500006,0.050556875,5.2587890625,12.866,
0,4,,,6.7195892333984375,35.34179687500001,456.79687500000006,0.050396250000000004,5.2595703125,12.9,
0,4,,,6.7195892333984375,35.34179687500001,458.02734375,0.050396250000000004,5.2595703125,12.934,
0,4,,,6.734657287597656,35.419921875,459.150390625,0.050509375,5.259375,12.968,
0,4,,,6.70757293701172,35.2752685546875,460.37109375,0.0503059375,5.2591796875000005,13.002,
0,4,,,6.70757293701172,35.2752685546875,461.60156250000006,0.0503059375,5.2591796875000005,13.036,
0,4,,,6.723785400390626,35.36193847656251,462.83203125000006,0.05042875,5.2591796875000005,13.07,
0,4,,,6.756782531738281,35.54077148437501,463.9550781250001,0.050675937500000004,5.259960937500001,13.104,
0,4,,,6.756782531738281,35.54077148437501,465.1757812500001,0.050675937500000004,5.259960937500001,13.138,
0,4,,,6.721687316894532,35.3509521484375,466.40625,0.050411875,5.259375,13.172,
0,4,,,6.731605529785156,35.40161132812501,467.626953125,0.05048687500000001,5.258984375000001,13.206,
0,4,,,6.731605529785156,35.40161132812501,468.85742187500006,0.05048687500000001,5.258984375000001,13.24,
0,4,,,6.71520233154297,35.3155517578125,469.970703125,0.0503640625,5.258984375000001,13.274,
0,4,,,6.720161437988281,35.34118652343751,471.20117187500006,0.050400937500000006,5.258984375000001,13.308,
0,4,,,6.720161437988281,35.34118652343751,472.431640625,0.050400937500000006,5.258984375000001,13.342,
0,4,,,6.748771667480469,35.491943359375,473.67187500000006,0.0506153125,5.2591796875000005,13.376,
0,4,,,6.739044189453126,35.4425048828125,474.78515625000006,0.050542500000000004,5.259375,13.41,
0,4,,,6.739044189453126,35.4425048828125,476.00585937500006,0.050542500000000004,5.259375,13.444,
0,4,,,6.700325012207031,35.2386474609375,477.22656250000006,0.050252500000000005,5.259375,13.478,
0,4,,,6.719970703125001,35.33874511718751,478.45703125000006,0.050398750000000006,5.2587890625,13.512,
0,4,,,6.719970703125001,35.33874511718751,479.68750000000006,0.050398750000000006,5.2587890625,13.546,
0,4,,,6.744766235351563,35.4736328125,480.810546875,0.0505846875,5.2595703125,13.58,
0,4,,,6.742095947265625,35.46081542968751,482.04101562500006,0.05056625000000001,5.2595703125,13.614,
0,4,,,6.742095947265625,35.46081542968751,483.2714843750001,0.05056625000000001,5.2595703125,13.648,
0,4,,,6.731414794921876,35.40344238281251,484.4921875000001,0.050485,5.2595703125,13.682,
0,4,,,6.735801696777344,35.42602539062501,485.60546875000006,0.05051875,5.259375,13.716,
0,4,,,6.735801696777344,35.42602539062501,486.84570312500006,0.05051875,5.258984375000001,13.75,
0,4,,,6.738853454589845,35.43945312500001,488.07617187500006,0.050540625000000006,5.258984375000001,13.784,
0,4,,,6.753730773925781,35.52001953125,489.306640625,0.05065312500000001,5.259375,13.818,
0,4,,,6.753730773925781,35.52001953125,490.53710937500006,0.05065312500000001,5.258984375000001,13.852,
0,4,,,6.725692749023438,35.37048339843751,491.65039062500006,0.0504428125,5.258984375000001,13.886,
0,4,,,6.718826293945313,35.3369140625,492.88085937500006,0.0503909375,5.259375,13.92,
0,4,,,6.718826293945313,35.3369140625,494.11132812500006,0.050530625,5.259375,13.954,
0,4,,,6.737518310546875,35.43457031250001,495.33203125000006,0.050530625,5.259375,13.988,
0,4,,,6.737518310546875,35.43334960937501,496.4550781250001,0.050530937500000005,5.2591796875000005,14.022,
0,4,,,6.737518310546875,35.43334960937501,497.68554687500006,0.0506184375,5.259375,14.056,
0,4,,,6.749153137207031,35.496826171875,498.92578125000006,0.0506184375,5.259375,14.09,
0,4,,,6.76422119140625,35.5743408203125,500.15625000000006,0.050731875,5.2591796875000005,14.124,
0,4,,,6.76422119140625,35.5743408203125,501.26953125000006,0.0505284375,5.2583984375,14.158,
0,4,,,6.737136840820313,35.42602539062501,502.50000000000006,0.0505284375,5.2583984375,14.192,
0,4,,,6.74591064453125,35.4766845703125,503.73046875000006,0.05059375000000001,5.2591796875000005,14.226,
0,4,,,6.74591064453125,35.4766845703125,504.95117187500006,0.050314375,5.2591796875000005,14.26,
0,4,,,6.708526611328126,35.28137207031251,506.0742187500001,0.050314375,5.2591796875000005,14.294,
0,4,,,6.7478179931640625,35.48828125,507.3046875,0.050608437500000006,5.2591796875000005,14.327,
0,4,,,6.7478179931640625,35.48828125,508.5351562500001,0.050595,5.259375,14.361,
0,4,,,6.746101379394531,35.47912597656251,509.765625,0.050595,5.259375,14.395,
0,4,,,6.719207763671875,35.33508300781251,510.8789062500001,0.050394375000000005,5.2587890625,14.429,
0,4,,,6.7432403564453125,35.4669189453125,512.109375,0.0505740625,5.259765625,14.463,
0,4,,,6.7432403564453125,35.4669189453125,513.3398437500001,0.0505740625,5.259765625,14.497,
0,4,,,6.723594665527345,35.36193847656251,514.5703125000001,0.050427187500000005,5.259375,14.532,
0,4,,,6.73675537109375,35.42907714843751,515.8007812500001,0.050524687500000005,5.2591796875000005,14.566,
0,4,,,6.73675537109375,35.42907714843751,516.9140625,0.050524687500000005,5.2591796875000005,14.6,
0,4,,,6.747627258300782,35.48706054687501,518.14453125,0.050606875,5.2591796875000005,14.634,
0,4,,,6.7165374755859375,35.32531738281251,519.375,0.05037343750000001,5.2595703125,14.668,
0,4,,,6.7165374755859375,35.32531738281251,520.60546875,0.05037343750000001,5.2595703125,14.702,
0,4,,,6.747627258300782,35.489501953125,521.8359375,0.050606875,5.2595703125,14.736,
0,4,,,6.711387634277345,35.29296875000001,522.94921875,0.050335000000000005,5.2587890625,14.77,
0,4,,,6.711387634277345,35.29296875000001,524.1796875000001,0.050335000000000005,5.2587890625,14.804,
0,4,,,6.743431091308594,35.4681396484375,525.4101562500001,0.05057468750000001,5.259765625,14.838,
0,4,,,6.757164001464845,35.53344726562501,526.6406250000001,0.050678125000000004,5.2587890625,14.872,
0,4,,,6.757164001464845,35.53344726562501,527.7539062500001,0.050678125000000004,5.2587890625,14.906,
0,4,,,6.710433959960938,35.29296875000001,528.9843750000001,0.0503284375,5.259375,14.94,
0,4,,,6.7291259765625,35.3912353515625,530.21484375,0.050467500000000005,5.2595703125,14.973,
0,4,,,6.7291259765625,35.3912353515625,531.435546875,0.050467500000000005,5.2595703125,15.007,
0,4,,,6.743049621582031,35.460205078125,532.55859375,0.050572187500000004,5.258984375000001,15.041,
0,4,,,6.724548339843751,35.36376953125,533.7890625,0.050433437500000004,5.258984375000001,15.075,
0,4,,,6.724548339843751,35.36376953125,535.009765625,0.050433437500000004,5.258984375000001,15.109,
0,4,,,6.726455688476563,35.3759765625,536.240234375,0.050448437500000005,5.259375,15.143,
0,4,,,6.7291259765625,35.3912353515625,537.3632812500001,0.05046781250000001,5.259375,15.177,
0,4,,,6.7291259765625,35.3912353515625,538.5937500000001,0.05046781250000001,5.259375,15.211,
0,4,,,6.737709045410156,35.4351806640625,539.8242187500001,0.0505325,5.2591796875000005,15.245,
0,4,,,6.759452819824219,35.54931640625,541.0546875000001,0.0506959375,5.2591796875000005,15.279,
0,4,,,6.759452819824219,35.54931640625,542.1679687500001,0.0506959375,5.2591796875000005,15.313,
0,4,,,6.727027893066406,35.3765869140625,543.3984375,0.0504521875,5.258984375000001,15.347,
0,4,,,6.716346740722656,35.321044921875,544.619140625,0.050371875,5.258984375000001,15.381,
0,4,,,6.716346740722656,35.321044921875,545.849609375,0.050371875,5.258984375000001,15.415,
0,4,,,6.746673583984376,35.4833984375,547.080078125,0.050600000000000006,5.259375,15.449,
0,4,,,6.71215057373047,35.2984619140625,548.193359375,0.05034062500000001,5.258984375000001,15.483,
0,4,,,6.71215057373047,35.2984619140625,549.423828125,0.05034062500000001,5.258984375000001,15.517,
0,4,,,6.732749938964844,35.40771484375001,550.6542968750001,0.050495937500000004,5.258984375000001,15.551,
0,4,,,6.766700744628907,35.589599609375,551.8945312500001,0.0507496875,5.2595703125,15.586,
0,4,,,6.766700744628907,35.589599609375,553.125,0.05065093750000001,5.2595703125,15.62,
0,4,,,6.7535400390625,35.52062988281251,554.2480468750001,0.05065093750000001,5.2595703125,15.654,
0,4,,,6.7501068115234375,35.4998779296875,555.4785156250001,0.050625,5.2591796875000005,15.688,
0,4,,,6.7501068115234375,35.4998779296875,556.708984375,0.050453750000000006,5.2595703125,15.722,
0,4,,,6.7272186279296875,35.3814697265625,557.939453125,0.050453750000000006,5.2595703125,15.756,
0,4,,,6.763458251953125,35.57373046875,559.0527343750001,0.050725937500000005,5.259765625,15.79,
0,4,,,6.763458251953125,35.57373046875,560.2929687500001,0.05058843750000001,5.259375,15.824,
0,4,,,6.745147705078125,35.47485351562501,561.5234375,0.05058843750000001,5.259375,15.858,
0,4,,,6.749725341796875,35.49926757812501,562.7539062500001,0.0506228125,5.259375,15.892,
0,4,,,6.749725341796875,35.49926757812501,563.9843750000001,0.0505546875,5.25859375,15.926,
0,4,,,6.740760803222657,35.4461669921875,565.0976562500001,0.0505546875,5.25859375,15.96,
0,4,,,6.726646423339845,35.3790283203125,566.3281250000001,0.050450312500000004,5.2595703125,15.994,
0,4,,,6.726646423339845,35.3790283203125,567.568359375,0.050705937500000006,5.259765625,16.028,
0,4,,,6.760787963867188,35.5596923828125,568.7890625,0.050705937500000006,5.259765625,16.062,
0,4,,,6.73503875732422,35.419921875,569.912109375,0.050513125000000006,5.2591796875000005,16.096,
0,4,,,6.730270385742188,35.39367675781251,571.142578125,0.050477187500000006,5.258984375000001,16.13,
0,4,,,6.730270385742188,35.39367675781251,572.373046875,0.050477187500000006,5.258984375000001,16.163,
0,4,,,6.741905212402345,35.458984375,573.6035156250001,0.05056406250000001,5.2595703125,16.197,
0,4,,,6.757354736328125,35.53955078125001,574.7265625000001,0.05068062500000001,5.259375,16.231,
0,4,,,6.757354736328125,35.53955078125001,575.9570312500001,0.05068062500000001,5.259375,16.265,
0,4,,,6.7432403564453125,35.467529296875,577.1777343750001,0.050574375000000005,5.259765625,16.299,
0,4,,,6.711387634277345,35.29479980468751,578.4082031250001,0.050335937500000004,5.258984375000001,16.333,
0,4,,,6.711387634277345,35.29479980468751,579.53125,0.050335937500000004,5.258984375000001,16.367,
0,4,,,6.76116943359375,35.5584716796875,580.76171875,0.0507084375,5.2591796875000005,16.401,
0,4,,,6.733131408691407,35.4119873046875,581.9921875,0.050498125000000005,5.259375,16.435,
0,4,,,6.733131408691407,35.4119873046875,583.2226562500001,0.050498125000000005,5.259375,16.469,
0,4,,,6.746482849121095,35.48034667968751,584.3457031250001,0.05059906250000001,5.2591796875000005,16.503,
0,4,,,6.7592620849609375,35.54931640625,585.576171875,0.050694062500000005,5.259375,16.537,
0,4,,,6.7592620849609375,35.54931640625,586.796875,0.050694062500000005,5.259375,16.571,
0,4,,,6.705474853515626,35.26611328125001,588.0273437500001,0.05029093750000001,5.259375,16.605,
0,4,,,6.735229492187501,35.42297363281251,589.2578125,0.050514062500000005,5.259375,16.64,
0,4,,,6.735229492187501,35.42297363281251,590.4882812500001,0.050514062500000005,5.259375,16.674,
0,4,,,6.756591796875,35.53100585937501,591.6015625000001,0.050674062500000006,5.2587890625,16.708,
0,4,,,6.712532043457031,35.302734375,592.8320312500001,0.050343125,5.259375,16.742,
0,4,,,6.712532043457031,35.302734375,594.0625,0.050343125,5.259375,16.776,
0,4,,,6.74591064453125,35.48034667968751,595.29296875,0.050594375000000004,5.2595703125,16.81,
0,4,,,6.736564636230469,35.4296875,596.416015625,0.050523750000000006,5.259375,16.844,
0,4,,,6.736564636230469,35.4296875,597.6464843750001,0.050523750000000006,5.259375,16.878,
0,4,,,6.743621826171876,35.467529296875,598.876953125,0.05057687500000001,5.259375,16.912,
0,4,,,6.7516326904296875,35.50964355468751,600.1074218750001,0.0506375,5.259375,16.946,
0,4,,,6.7516326904296875,35.50964355468751,601.2304687500001,0.0506375,5.259375,16.98,
0,4,,,6.761360168457031,35.5596923828125,602.4707031250001,0.050710000000000005,5.259375,17.014,
0,4,,,6.770515441894532,35.606689453125,603.701171875,0.050779062500000006,5.258984375000001,17.047,
0,4,,,6.770515441894532,35.606689453125,604.921875,0.050779062500000006,5.258984375000001,17.081,
0,4,,,6.714248657226563,35.31066894531251,606.0449218750001,0.050356250000000005,5.2591796875000005,17.115,
0,4,,,6.74266815185547,35.46325683593751,607.275390625,0.050570000000000004,5.2595703125,17.149,
0,4,,,6.74266815185547,35.46325683593751,608.5058593750001,0.050570000000000004,5.2595703125,17.183,
0,4,,,6.746482849121095,35.47912597656251,609.7363281250001,0.050598750000000005,5.258984375000001,17.217,
0,4,,,6.743621826171876,35.4681396484375,610.8593750000001,0.0505771875,5.2595703125,17.251,
0,4,,,6.743621826171876,35.4681396484375,612.0898437500001,0.0505771875,5.259765625,17.285,
0,4,,,6.773567199707031,35.6280517578125,613.3203125000001,0.050802187500000005,5.259765625,17.319,
0,4,,,6.7279815673828125,35.3839111328125,614.5507812500001,0.050459375,5.2591796875000005,17.353,
0,4,,,6.7279815673828125,35.3839111328125,615.7812500000001,0.050459375,5.2595703125,17.387,
0,4,,,6.74571990966797,35.47851562500001,616.904296875,0.050591875,5.2595703125,17.421,
0,4,,,6.8004608154296875,35.762939453125,618.14453125,0.051002500000000006,5.258984375000001,17.455,
0,4,,,6.8004608154296875,35.762939453125,619.384765625,0.050620937500000004,5.258984375000001,17.489,
0,4,,,6.749534606933595,35.49560546875001,620.60546875,0.050620937500000004,5.258984375000001,17.523,
0,4,,,6.722068786621094,35.3509521484375,621.7285156250001,0.050415312500000004,5.258984375000001,17.557,
0,4,,,6.722068786621094,35.3509521484375,622.9589843750001,0.05059281250000001,5.2591796875000005,17.591,
0,4,,,6.74571990966797,35.47729492187501,624.1992187500001,0.05059281250000001,5.2591796875000005,17.625,
0,4,,,6.778526306152344,35.6488037109375,625.4296875,0.050838125000000005,5.2591796875000005,17.659,
0,4,,,6.778526306152344,35.6488037109375,626.66015625,0.0505740625,5.2591796875000005,17.693,
0,4,,,6.7432403564453125,35.46264648437501,627.7734375000001,0.0505740625,5.2591796875000005,17.727,
0,4,,,6.730842590332031,35.3973388671875,629.00390625,0.050480312500000006,5.2591796875000005,17.761,
0,4,,,6.730842590332031,35.3973388671875,630.2343750000001,0.0506025,5.259375,17.795,
0,4,,,6.7470550537109375,35.484619140625,631.4746093750001,0.0506025,5.259375,17.829,
0,4,,,6.762886047363282,35.56640625000001,632.5878906250001,0.05072125,5.2591796875000005,17.863,
0,4,,,6.739044189453126,35.44128417968751,633.8183593750001,0.050542812500000006,5.2591796875000005,17.897,
0,4,,,6.739044189453126,35.44128417968751,635.0585937500001,0.050542812500000006,5.2591796875000005,17.931,
0,4,,,6.76097869873047,35.5584716796875,636.2890625000001,0.0507075,5.259375,17.965,
0,4,,,6.74266815185547,35.45959472656251,637.412109375,0.05056937500000001,5.2591796875000005,17.999,
0,4,,,6.74266815185547,35.45959472656251,638.6328125,0.05056937500000001,5.2591796875000005,18.033,
0,4,,,6.733131408691407,35.41259765625,639.873046875,0.0504975,5.2595703125,18.067,
0,4,,,6.745529174804688,35.47790527343751,641.1035156250001,0.050590312500000005,5.2595703125,18.101,
0,4,,,6.745529174804688,35.47790527343751,642.333984375,0.050590312500000005,5.2595703125,18.135,
0,4,,,6.7554473876953125,35.528564453125,643.4472656250001,0.05066625,5.259375,18.169,
0,4,,,6.763267517089844,35.5682373046875,644.6875000000001,0.050723750000000005,5.2591796875000005,18.203,
0,4,,,6.763267517089844,35.5682373046875,645.9179687500001,0.050723750000000005,5.2591796875000005,18.237,
0,4,,,6.725502014160157,35.37231445312501,647.1484375000001,0.05044125000000001,5.259375,18.271,
0,4,,,6.750679016113281,35.50231933593751,648.2617187500001,0.0506303125,5.2591796875000005,18.305,
0,4,,,6.750679016113281,35.50231933593751,649.5019531250001,0.0506303125,5.2591796875000005,18.339,
0,4,,,6.751251220703126,35.50842285156251,650.732421875,0.050634687500000004,5.2595703125,18.373,
0,4,,,6.725883483886719,35.37231445312501,651.9628906250001,0.050444062500000005,5.2591796875000005,18.407,
0,4,,,6.725883483886719,35.37231445312501,653.076171875,0.050444062500000005,5.2591796875000005,18.441,
0,4,,,6.760406494140625,35.55419921875001,654.3164062500001,0.050702500000000005,5.2591796875000005,18.475,
0,4,,,6.751823425292969,35.5059814453125,655.5468750000001,0.0506384375,5.2587890625,18.509,
0,4,,,6.751823425292969,35.5059814453125,656.7773437500001,0.0506384375,5.2587890625,18.543,
0,4,,,6.7432403564453125,35.46264648437501,658.0078125000001,0.0505740625,5.258984375000001,18.577,
0,4,,,6.768035888671875,35.59204101562501,659.130859375,0.050760000000000007,5.2587890625,18.611,
0,4,,,6.768035888671875,35.59204101562501,660.361328125,0.050760000000000007,5.2587890625,18.645,
0,4,,,6.756782531738281,35.5340576171875,661.5917968750001,0.05067531250000001,5.2591796875000005,18.679,
0,4,,,6.752204895019532,35.50903320312501,662.8320312500001,0.050640625,5.258984375000001,18.713,
0,4,,,6.752204895019532,35.50903320312501,664.0625,0.050640625,5.258984375000001,18.748,
0,4,,,6.752777099609375,35.516357421875,665.1855468750001,0.050646250000000004,5.259375,18.782,
0,4,,,6.74591064453125,35.4766845703125,666.4160156250001,0.0505940625,5.258984375000001,18.816,
0,4,,,6.74591064453125,35.4766845703125,667.6464843750001,0.0505940625,5.258984375000001,18.85,
0,4,,,6.762504577636719,35.56396484375001,668.8769531250001,0.050718125,5.2591796875000005,18.884,
0,4,,,6.75029754638672,35.498046875,670.1171875,0.050626250000000005,5.258984375000001,18.918,
0,4,,,6.75029754638672,35.498046875,671.240234375,0.050626250000000005,5.2591796875000005,18.952,
0,4,,,6.7691802978515625,35.60058593750001,672.4609375,0.0507690625,5.2591796875000005,18.986,
0,4,,,6.737518310546875,35.4351806640625,673.7011718750001,0.0505315625,5.259375,19.02,
0,4,,,6.737518310546875,35.4351806640625,674.9316406250001,0.0505315625,5.2591796875000005,19.054,
0,4,,,6.747436523437501,35.48522949218751,676.0546875000001,0.050605625,5.2591796875000005,19.088,
0,4,,,6.771087646484375,35.6103515625,677.2851562500001,0.0507825,5.2591796875000005,19.122,
0,4,,,6.771087646484375,35.6103515625,678.5156250000001,0.050464375000000006,5.2587890625,19.156,
0,4,,,6.728553771972657,35.38452148437501,679.7460937500001,0.050464375000000006,5.2587890625,19.19,
0,4,,,6.740570068359375,35.44860839843751,680.859375,0.050554062500000004,5.258984375000001,19.224,
0,4,,,6.740570068359375,35.44860839843751,682.08984375,0.050410312500000005,5.259375,19.258,
0,4,,,6.721305847167969,35.35034179687501,683.3203125000001,0.050410312500000005,5.259375,19.292,
0,4,,,6.748771667480469,35.49560546875001,684.55078125,0.050615625000000004,5.2595703125,19.326,
0,4,,,6.748771667480469,35.49560546875001,685.6738281250001,0.050555312500000005,5.259960937500001,19.36,
0,0,,,,,,,,,6461475
0,1,,,,,,,,,7753770
0,2,,,,,,,,,9692213
0,3,,,,,,,,,12922945
0,4,,,,,,,,,19384420
