iteration_num,expe_num,validation_result,clock_freq,current_sample,power_sample,energy_sample,shunt_voltage_sample,bus_voltage_sample,current_timestamp,timing_sample
0,0,,,14.333534240722658,75.146484375,0.9472656250000002,0.1075009375,5.2427734375,0.022,
0,0,,,14.373016357421875,75.3424072265625,3.57421875,0.10779625000000001,5.2419921875,0.056,
0,0,,,14.403533935546875,75.50903320312501,6.191406250000001,0.10802500000000001,5.242382812500001,0.091,
0,0,,,14.403533935546875,75.50903320312501,8.808593750000002,0.10802500000000001,5.242382812500001,0.125,
0,0,,,14.396286010742188,75.46630859375001,11.425781250000002,0.1079709375,5.2421875,0.159,
0,0,,,14.401817321777346,75.50292968750001,14.052734375,0.10801250000000001,5.2425781250000005,0.193,
0,0,,,14.401817321777346,75.50292968750001,16.425781250000004,0.10801250000000001,5.2425781250000005,0.227,
0,0,,,14.387893676757814,75.42663574218751,19.04296875,0.10790812500000001,5.242382812500001,0.261,
0,0,,,14.386749267578125,75.4193115234375,21.669921875,0.10790000000000001,5.2421875,0.295,
0,0,,,14.386749267578125,75.4193115234375,24.287109375000004,0.10790000000000001,5.2421875,0.329,
0,0,,,14.397239685058594,75.47485351562501,26.904296875,0.10797843750000001,5.242382812500001,0.363,
0,0,,,14.389610290527344,75.43151855468751,29.287109375000007,0.10792156250000001,5.2421875,0.397,
0,0,,,14.389610290527344,75.43151855468751,31.904296875000007,0.10792156250000001,5.2419921875,0.431,
0,0,,,14.398574829101562,75.47729492187501,34.521484375,0.10798875000000001,5.2419921875,0.465,
0,0,,,14.385032653808596,75.41381835937501,37.138671875,0.10788718750000001,5.2425781250000005,0.5,
0,0,,,14.385032653808596,75.41381835937501,39.75585937500001,0.10788718750000001,5.24296875,0.534,
0,0,,,14.387130737304688,75.43029785156251,42.13867187500001,0.1079034375,5.24296875,0.568,
0,0,,,14.387130737304688,75.42236328125001,44.75585937500001,0.10790281250000001,5.242382812500001,0.602,
0,0,,,14.387130737304688,75.42236328125001,47.38281250000001,0.1079775,5.242382812500001,0.636,
0,0,,,14.397048950195314,75.47485351562501,50.0,0.1079775,5.242382812500001,0.67,
0,0,,,14.39971923828125,75.48156738281251,52.61718750000001,0.10799750000000001,5.2419921875,0.704,
0,0,,,14.39971923828125,75.48156738281251,55.00000000000001,0.10799562500000001,5.2421875,0.738,
0,0,,,14.399528503417969,75.48461914062501,57.6171875,0.10799562500000001,5.2421875,0.772,
0,0,,,14.39170837402344,75.439453125,60.244140625000014,0.1079375,5.241796875,0.806,
0,0,,,14.39170837402344,75.439453125,62.86132812500001,0.107994375,5.2425781250000005,0.84,
0,0,,,14.39933776855469,75.48950195312501,65.478515625,0.107994375,5.2425781250000005,0.874,
0,0,,,14.395332336425781,75.465087890625,67.86132812500001,0.107965,5.242382812500001,0.908,
0,0,,,14.408874511718752,75.5279541015625,70.48828125,0.10806562500000001,5.241796875,0.942,
0,0,,,14.408874511718752,75.5279541015625,73.10546875,0.10806562500000001,5.241796875,0.983,
0,0,,,14.397430419921877,75.46936035156251,76.20117187500001,0.107979375,5.2419921875,1.018,
0,0,,,14.394569396972658,75.45532226562501,78.81835937500001,0.10795781250000001,5.2419921875,1.052,
0,0,,,14.394569396972658,75.45532226562501,81.201171875,0.10795781250000001,5.2419921875,1.086,
0,0,,,14.395713806152344,75.46875000000001,83.81835937500001,0.107966875,5.242382812500001,1.12,
0,0,,,14.397811889648438,75.47607421875001,86.44531250000001,0.10798312500000001,5.2421875,1.154,
0,0,,,14.397811889648438,75.47607421875001,89.0625,0.10798312500000001,5.2421875,1.188,
0,0,,,14.401054382324219,75.4974365234375,91.44531250000001,0.108006875,5.2425781250000005,1.222,
0,0,,,14.393615722656252,75.462646484375,94.06250000000001,0.107951875,5.2427734375,1.256,
0,0,,,14.393615722656252,75.462646484375,96.6796875,0.107951875,5.2427734375,1.29,
0,0,,,14.38884735107422,75.43518066406251,99.296875,0.10791500000000001,5.2427734375,1.324,
0,0,,,14.39208984375,75.44616699218751,101.91406250000001,0.10794000000000001,5.2421875,1.358,
0,0,,,14.39208984375,75.44616699218751,104.29687500000001,0.10794000000000001,5.2425781250000005,1.392,
0,0,,,14.388084411621094,75.43151855468751,106.9140625,0.10791031250000001,5.2425781250000005,1.426,
0,0,,,14.398956298828127,75.4852294921875,109.54101562500001,0.1079903125,5.242382812500001,1.46,
0,0,,,14.398956298828127,75.4852294921875,112.15820312500001,0.10800250000000002,5.2421875,1.494,
0,0,,,14.400482177734375,75.49072265625001,114.54101562500001,0.10800250000000002,5.2421875,1.528,
0,0,,,14.389991760253906,75.43823242187501,117.15820312500001,0.107924375,5.242382812500001,1.562,
0,0,,,14.389991760253906,75.43823242187501,119.775390625,0.1079646875,5.242382812500001,1.596,
0,0,,,14.395332336425781,75.4669189453125,122.40234375000001,0.1079646875,5.242382812500001,1.63,
0,0,,,14.398956298828127,75.48461914062501,125.01953125000001,0.10799187500000001,5.242382812500001,1.664,
0,0,,,14.398956298828127,75.48461914062501,127.40234375000001,0.10797000000000001,5.2421875,1.698,
0,0,,,14.396095275878908,75.46569824218751,130.01953125000003,0.10797000000000001,5.2421875,1.732,
0,0,,,14.401817321777346,75.4974365234375,132.63671875000003,0.10801250000000001,5.2421875,1.766,
0,0,,,14.401817321777346,75.4974365234375,135.25390625,0.1079334375,5.2421875,1.8,
0,0,,,14.391326904296877,75.44189453125001,137.63671875000003,0.1079334375,5.2421875,1.834,
0,0,,,14.394760131835938,75.4638671875,140.26367187500003,0.10795937500000001,5.2425781250000005,1.868,
0,0,,,14.394760131835938,75.4638671875,142.88085937500003,0.10797468750000001,5.241796875,1.902,
0,0,,,14.39666748046875,75.46325683593751,145.498046875,0.10797468750000001,5.241796875,1.936,
0,0,,,14.397811889648438,75.47180175781251,147.88085937500003,0.10798312500000001,5.2419921875,1.97,
0,0,,,14.398956298828127,75.482177734375,150.498046875,0.10799156250000001,5.2421875,2.004,
0,0,,,14.398956298828127,75.482177734375,153.11523437500003,0.10799156250000001,5.2421875,2.038,
0,0,,,14.393997192382812,75.46142578125001,155.74218750000003,0.107954375,5.2425781250000005,2.072,
0,0,,,14.395141601562502,75.46020507812501,158.35937500000003,0.1079628125,5.2419921875,2.106,
0,0,,,14.395141601562502,75.46020507812501,160.97656250000003,0.1079628125,5.2419921875,2.14,
0,0,,,14.399528503417969,75.48950195312501,163.35937500000003,0.10799593750000001,5.2425781250000005,2.174,
0,0,,,14.397048950195314,75.47485351562501,165.97656250000003,0.1079778125,5.242382812500001,2.208,
0,0,,,14.397048950195314,75.47485351562501,168.603515625,0.1079778125,5.242382812500001,2.242,
0,0,,,14.396858215332031,75.4669189453125,171.22070312500003,0.1079753125,5.2419921875,2.276,
0,0,,,14.39971923828125,75.49072265625001,173.603515625,0.107996875,5.2425781250000005,2.31,
0,0,,,14.39971923828125,75.49072265625001,176.22070312500003,0.107996875,5.2425781250000005,2.344,
0,0,,,14.386749267578125,75.41320800781251,178.83789062500003,0.10790062500000001,5.241796875,2.378,
0,0,,,14.387702941894531,75.43090820312501,181.45507812500003,0.10790687500000001,5.2427734375,2.412,
0,0,,,14.387702941894531,75.43090820312501,183.837890625,0.10790687500000001,5.2427734375,2.446,
0,0,,,14.38884735107422,75.42907714843751,186.45507812500003,0.10791500000000001,5.2421875,2.48,
0,0,,,14.394760131835938,75.45837402343751,189.072265625,0.10796000000000001,5.2421875,2.514,
0,0,,,14.394760131835938,75.45837402343751,191.69921875,0.10796000000000001,5.2421875,2.548,
0,0,,,14.394760131835938,75.46203613281251,194.31640625000003,0.10796000000000001,5.242382812500001,2.582,
0,0,,,14.39170837402344,75.44799804687501,196.69921875000003,0.10793687500000002,5.2425781250000005,2.616,
0,0,,,14.39170837402344,75.44799804687501,199.31640625000003,0.10793687500000002,5.2425781250000005,2.65,
0,0,,,14.394569396972658,75.46569824218751,201.93359375000003,0.10795781250000001,5.2427734375,2.684,
0,0,,,14.400482177734375,75.50109863281251,204.55078125,0.1080028125,5.24296875,2.718,
0,0,,,14.400482177734375,75.50109863281251,206.93359375,0.1080028125,5.24296875,2.752,
0,0,,,14.393043518066406,75.44616699218751,209.56054687500003,0.10794656250000001,5.2419921875,2.786,
0,0,,,14.403152465820314,75.50659179687501,212.17773437500003,0.10802312500000001,5.242382812500001,2.82,
0,0,,,14.403152465820314,75.50659179687501,214.79492187500003,0.10802312500000001,5.242382812500001,2.854,
0,0,,,14.391899108886719,75.44250488281251,217.41210937500003,0.10793843750000001,5.2419921875,2.888,
0,0,,,14.393806457519531,75.4522705078125,219.79492187500006,0.10795312500000001,5.2419921875,2.922,
0,0,,,14.393806457519531,75.4522705078125,222.412109375,0.10795312500000001,5.2421875,2.956,
0,0,,,14.394760131835938,75.46020507812501,225.03906250000003,0.107960625,5.2421875,2.99,
0,0,,,14.397048950195314,75.46936035156251,227.65625000000003,0.1079771875,5.2419921875,3.024,
0,0,,,14.397048950195314,75.46936035156251,230.0390625,0.1079771875,5.2419921875,3.059,
0,0,,,14.392852783203125,75.4473876953125,232.65625,0.10794531250000002,5.2419921875,3.093,
0,0,,,14.389610290527344,75.43212890625,235.27343750000006,0.10792187500000001,5.2421875,3.127,
0,0,,,14.389610290527344,75.43212890625,237.89062500000003,0.10798093750000001,5.242382812500001,3.161,
0,0,,,14.397621154785156,75.47668457031251,240.51757812500003,0.10798093750000001,5.242382812500001,3.195,
0,0,,,14.399528503417969,75.48095703125001,243.13476562500003,0.10799531250000001,5.2419921875,3.229,
0,0,,,14.399528503417969,75.48095703125001,245.51757812500006,0.10797218750000001,5.2425781250000005,3.263,
0,0,,,14.39647674560547,75.47424316406251,248.13476562500003,0.10797218750000001,5.2425781250000005,3.297,
0,0,,,14.406776428222656,75.52490234375,250.76171875000003,0.10805031250000001,5.242382812500001,3.331,
0,0,,,14.406776428222656,75.52490234375,253.37890625000003,0.1079078125,5.2425781250000005,3.365,
0,0,,,14.387893676757814,75.42785644531251,255.75195312500003,0.1079078125,5.2425781250000005,3.399,
0,0,,,14.388275146484375,75.43029785156251,258.37890625000006,0.10791125000000001,5.2425781250000005,3.433,
0,0,,,14.388275146484375,75.43029785156251,260.99609375000006,0.10796406250000001,5.2425781250000005,3.467,
0,0,,,14.395332336425781,75.46936035156251,263.61328125,0.10796406250000001,5.2425781250000005,3.501,
0,0,,,14.391899108886719,75.44128417968751,265.99609375000006,0.10793812500000001,5.2419921875,3.535,
0,0,,,14.392852783203125,75.45043945312501,268.61328125000006,0.10794531250000002,5.2421875,3.569,
0,0,,,14.392852783203125,75.45043945312501,271.23046875,0.10794531250000002,5.2421875,3.603,
0,0,,,14.393615722656252,75.45959472656251,273.84765625,0.10795093750000001,5.2425781250000005,3.637,
0,0,,,14.391517639160156,75.44067382812501,276.47460937500006,0.10793625000000001,5.2419921875,3.671,
0,0,,,14.391517639160156,75.44067382812501,278.84765625,0.10793625000000001,5.2419921875,3.705,
0,0,,,14.394760131835938,75.45898437500001,281.474609375,0.10796000000000001,5.2421875,3.739,
0,0,,,14.395523071289064,75.46325683593751,284.091796875,0.10796531250000001,5.2421875,3.773,
0,0,,,14.395523071289064,75.46325683593751,286.70898437500006,0.10796531250000001,5.2421875,3.807,
0,0,,,14.39647674560547,75.47546386718751,289.09179687500006,0.10797281250000001,5.2427734375,3.841,
0,0,,,14.395523071289064,75.467529296875,291.70898437500006,0.10796593750000001,5.242382812500001,3.875,
0,0,,,14.395523071289064,75.467529296875,294.32617187500006,0.10796593750000001,5.242382812500001,3.909,
0,0,,,14.394950866699219,75.462646484375,296.95312500000006,0.10796218750000001,5.242382812500001,3.943,
0,0,,,14.398384094238283,75.47546386718751,299.33593750000006,0.10798687500000001,5.2419921875,3.977,
0,0,,,14.398384094238283,75.47546386718751,301.95312500000006,0.10798687500000001,5.2419921875,4.011,
0,0,,,14.395713806152344,75.46813964843751,304.57031250000006,0.10796750000000001,5.242382812500001,4.045,
0,0,,,14.394760131835938,75.465087890625,307.18750000000006,0.10796000000000001,5.2425781250000005,4.079,
0,0,,,14.394760131835938,75.465087890625,309.814453125,0.10796000000000001,5.2425781250000005,4.114,
0,0,,,14.393424987792969,75.4498291015625,312.43164062500006,0.1079503125,5.2419921875,4.148,
0,0,,,14.398765563964844,75.47729492187501,314.81445312500006,0.10799,5.2419921875,4.182,
0,0,,,14.398765563964844,75.47729492187501,317.431640625,0.10799,5.2419921875,4.216,
0,0,,,14.393806457519531,75.45715332031251,320.048828125,0.1079525,5.242382812500001,4.25,
0,0,,,14.398384094238283,75.47485351562501,322.66601562500006,0.10798625,5.2419921875,4.284,
0,0,,,14.398384094238283,75.47485351562501,325.048828125,0.10798625,5.2419921875,4.318,
0,0,,,14.397621154785156,75.47851562500001,327.67578125,0.107981875,5.242382812500001,4.352,
0,0,,,14.402389526367188,75.50476074218751,330.29296875,0.10801718750000001,5.2425781250000005,4.386,
0,0,,,14.402389526367188,75.50476074218751,332.91015625000006,0.10801718750000001,5.2425781250000005,4.42,
0,0,,,14.383506774902344,75.401611328125,335.29296875000006,0.10787625,5.2421875,4.454,
0,0,,,14.394187927246096,75.45593261718751,337.91015625000006,0.10795625,5.2421875,4.488,
0,0,,,14.394187927246096,75.45593261718751,340.52734375000006,0.10795625,5.2421875,4.522,
0,0,,,14.39056396484375,75.43884277343751,343.14453125000006,0.10792781250000001,5.242382812500001,4.556,
0,0,,,14.394378662109375,75.462646484375,345.77148437500006,0.10795750000000001,5.2425781250000005,4.59,
0,0,,,14.394378662109375,75.462646484375,348.14453125,0.10795750000000001,5.2427734375,4.624,
0,0,,,14.39170837402344,75.4522705078125,350.77148437500006,0.10793687500000002,5.2427734375,4.658,
0,0,,,14.395332336425781,75.46020507812501,353.38867187500006,0.1079646875,5.2419921875,4.692,
0,0,,,14.395332336425781,75.46020507812501,356.005859375,0.10797375000000001,5.241796875,4.726,
0,0,,,14.39666748046875,75.462646484375,358.388671875,0.10797375000000001,5.241796875,4.76,
0,0,,,14.398956298828127,75.479736328125,361.00585937500006,0.107990625,5.2419921875,4.794,
0,0,,,14.398956298828127,75.479736328125,363.623046875,0.10797218750000001,5.2421875,4.828,
0,0,,,14.39647674560547,75.46875000000001,366.25,0.10797218750000001,5.2421875,4.862,
0,0,,,14.39971923828125,75.48583984375001,368.8671875,0.107996875,5.2421875,4.896,
0,0,,,14.39971923828125,75.48583984375001,371.25000000000006,0.10793468750000001,5.2427734375,4.93,
0,0,,,14.391326904296877,75.45166015625,373.86718750000006,0.10793468750000001,5.2427734375,4.964,
0,0,,,14.397430419921877,75.46630859375001,376.48437500000006,0.1079796875,5.241796875,4.998,
0,0,,,14.397430419921877,75.46630859375001,379.11132812500006,0.10799312500000001,5.2421875,5.032,
0,0,,,14.399147033691406,75.48339843750001,381.48437500000006,0.10799312500000001,5.2421875,5.066,
0,0,,,14.392662048339846,75.44372558593751,384.11132812500006,0.10794406250000001,5.241796875,5.1,
0,0,,,14.392662048339846,75.469970703125,386.72851562500006,0.10797500000000002,5.2421875,5.134,
0,0,,,14.39666748046875,75.469970703125,389.34570312500006,0.10797500000000002,5.2421875,5.169,
0,0,,,14.401817321777346,75.49865722656251,391.97265625000006,0.10801281250000001,5.242382812500001,5.203,
0,0,,,14.396858215332031,75.47485351562501,394.58984375000006,0.1079753125,5.2425781250000005,5.237,
0,0,,,14.396858215332031,75.47485351562501,396.97265625,0.1079753125,5.2425781250000005,5.271,
0,0,,,14.403724670410158,75.5096435546875,399.58984375000006,0.10802750000000001,5.242382812500001,5.304,
0,0,,,14.39647674560547,75.465087890625,402.20703125000006,0.10797218750000001,5.2419921875,5.338,
0,0,,,14.39647674560547,75.465087890625,404.833984375,0.10797218750000001,5.2419921875,5.372,
0,0,,,14.402770996093752,75.50659179687501,407.21679687500006,0.10802,5.2425781250000005,5.406,
0,0,,,14.398193359375,75.48156738281251,409.833984375,0.1079859375,5.242382812500001,5.44,
0,0,,,14.398193359375,75.48156738281251,412.451171875,0.1079859375,5.242382812500001,5.474,
0,0,,,14.391517639160156,75.44189453125001,415.06835937500006,0.10793562500000001,5.2421875,5.508,
0,0,,,14.391517639160156,75.43090820312501,417.451171875,0.10793562500000001,5.241406250000001,5.542,
0,0,,,14.391517639160156,75.43090820312501,420.06835937500006,0.10793562500000001,5.241406250000001,5.576,
0,0,,,14.393043518066406,75.45776367187501,422.6953125000001,0.10794718750000001,5.2427734375,5.61,
0,0,,,14.395523071289064,75.46813964843751,425.3125,0.10796562500000001,5.2425781250000005,5.644,
0,0,,,14.395523071289064,75.46813964843751,427.92968750000006,0.10796562500000001,5.2425781250000005,5.678,
0,0,,,14.39933776855469,75.48706054687501,430.3125000000001,0.10799375000000001,5.242382812500001,5.712,
0,0,,,14.395332336425781,75.46325683593751,432.9296875,0.10796437500000002,5.2421875,5.746,
0,0,,,14.395332336425781,75.46325683593751,435.55664062500006,0.10796437500000002,5.2421875,5.78,
0,0,,,14.398956298828127,75.47607421875001,438.17382812500006,0.10799093750000001,5.241796875,5.814,
0,0,,,14.404678344726564,75.5157470703125,440.55664062500006,0.1080346875,5.242382812500001,5.848,
0,0,,,14.404678344726564,75.5157470703125,443.17382812500006,0.1080346875,5.242382812500001,5.882,
0,0,,,14.398956298828127,75.48461914062501,445.80078125,0.10799093750000001,5.242382812500001,5.916,
0,0,,,14.402198791503908,75.4949951171875,448.41796875000006,0.108015625,5.2419921875,5.95,
0,0,,,14.402198791503908,75.4949951171875,450.80078125,0.108015625,5.2419921875,5.984,
0,0,,,14.39800262451172,75.47729492187501,453.41796875,0.10798375,5.2421875,6.018,
0,0,,,14.400100708007812,75.49133300781251,456.03515625,0.108000625,5.242382812500001,6.052,
0,0,,,14.400100708007812,75.49133300781251,458.662109375,0.108000625,5.242382812500001,6.086,
0,0,,,14.397621154785156,75.47729492187501,461.279296875,0.10798125000000001,5.242382812500001,6.12,
0,0,,,14.399909973144533,75.494384765625,463.66210937500006,0.10799781250000001,5.2427734375,6.154,
0,0,,,14.399909973144533,75.494384765625,466.2890625,0.10799781250000001,5.2421875,6.188,
0,0,,,14.409065246582031,75.53405761718751,468.90625000000006,0.10806718750000001,5.2421875,6.223,
0,0,,,14.396286010742188,75.46813964843751,471.5234375000001,0.1079709375,5.2421875,6.257,
0,0,,,14.396286010742188,75.46813964843751,474.15039062500006,0.10803562500000001,5.2421875,6.291,
0,0,,,14.404869079589844,75.51208496093751,476.533203125,0.10803562500000001,5.2421875,6.325,
0,0,,,14.402580261230469,75.50659179687501,479.15039062500006,0.108018125,5.2425781250000005,6.359,
0,0,,,14.402580261230469,75.50659179687501,481.76757812500006,0.10799281250000001,5.2421875,6.393,
0,0,,,14.399147033691406,75.48339843750001,484.3945312500001,0.10799281250000001,5.2421875,6.427,
0,0,,,14.41192626953125,75.54992675781251,486.77734375000006,0.10808812500000001,5.2421875,6.461,
0,0,,,14.41192626953125,75.54992675781251,489.3945312500001,0.1079990625,5.2421875,6.495,
0,0,,,14.399909973144533,75.48767089843751,492.0117187500001,0.1079990625,5.2421875,6.529,
0,0,,,14.390754699707033,75.44433593750001,494.62890625,0.10793031250000001,5.2425781250000005,6.563,
0,0,,,14.390754699707033,75.44433593750001,497.01171875000006,0.10789562500000001,5.242382812500001,6.597,
0,0,,,14.386177062988281,75.4168701171875,499.6289062500001,0.10789562500000001,5.242382812500001,6.631,
0,0,,,14.391136169433594,75.44006347656251,502.25585937500006,0.10793218750000001,5.2421875,6.665,
0,0,,,14.391136169433594,75.44006347656251,504.8730468750001,0.10796218750000001,5.2425781250000005,6.699,
0,0,,,14.395141601562502,75.467529296875,507.49023437500006,0.10796218750000001,5.2425781250000005,6.733,
0,0,,,14.396286010742188,75.47485351562501,509.873046875,0.10797125,5.2427734375,6.767,
0,0,,,14.392852783203125,75.4486083984375,512.4902343750001,0.10794625000000001,5.2421875,6.801,
0,0,,,14.392852783203125,75.4486083984375,515.1074218750001,0.10794625000000001,5.2421875,6.835,
0,0,,,14.396095275878908,75.46875000000001,517.7343750000001,0.10796968750000001,5.242382812500001,6.868,
0,0,,,14.389801025390627,75.43273925781251,520.107421875,0.10792312500000001,5.2421875,6.902,
0,0,,,14.389801025390627,75.43273925781251,522.7343750000001,0.10792312500000001,5.2421875,6.936,
0,0,,,14.393806457519531,75.4522705078125,525.3515625,0.1079525,5.2419921875,6.97,
0,0,,,14.394378662109375,75.45837402343751,527.9687500000001,0.10795750000000001,5.2421875,7.004,
0,0,,,14.394378662109375,75.45837402343751,530.3515625,0.10795750000000001,5.2421875,7.038,
0,0,,,14.3890380859375,75.42480468750001,532.9687500000001,0.10791687500000001,5.241796875,7.072,
0,0,,,14.390945434570312,75.4364013671875,535.5859375,0.107930625,5.2419921875,7.106,
0,0,,,14.390945434570312,75.4364013671875,538.2031250000001,0.107930625,5.2419921875,7.14,
0,0,,,14.404678344726564,75.51513671875001,540.8300781250001,0.1080346875,5.242382812500001,7.174,
0,0,,,14.39647674560547,75.467529296875,543.212890625,0.10797218750000001,5.2421875,7.208,
0,0,,,14.39647674560547,75.467529296875,545.8300781250001,0.10797218750000001,5.2421875,7.242,
0,0,,,14.40410614013672,75.50781250000001,548.447265625,0.10803000000000001,5.2421875,7.277,
0,0,,,14.392852783203125,75.4498291015625,551.0644531250001,0.107945625,5.2421875,7.311,
0,0,,,14.392852783203125,75.4498291015625,553.69140625,0.107945625,5.2421875,7.345,
0,0,,,14.39800262451172,75.48095703125001,556.0742187500001,0.10798375,5.2425781250000005,7.379,
0,0,,,14.396858215332031,75.47058105468751,558.69140625,0.107975625,5.2421875,7.413,
0,0,,,14.396858215332031,75.47058105468751,561.3085937500001,0.107975625,5.2421875,7.447,
0,0,,,14.40410614013672,75.50354003906251,563.9355468750001,0.10802937500000001,5.241796875,7.481,
0,0,,,14.397811889648438,75.4791259765625,566.30859375,0.10798250000000001,5.242382812500001,7.515,
0,0,,,14.397811889648438,75.4791259765625,568.92578125,0.10798250000000001,5.242382812500001,7.549,
0,0,,,14.390945434570312,75.44189453125001,571.5527343750001,0.10793156250000001,5.242382812500001,7.583,
0,0,,,14.403152465820314,75.50659179687501,574.169921875,0.1080221875,5.242382812500001,7.617,
0,0,,,14.403152465820314,75.50659179687501,576.5527343750001,0.1080221875,5.242382812500001,7.651,
0,0,,,14.392852783203125,75.44799804687501,579.169921875,0.107945625,5.2421875,7.685,
0,0,,,14.39647674560547,75.46936035156251,581.7968750000001,0.107973125,5.2421875,7.719,
0,0,,,14.39647674560547,75.46936035156251,584.4140625,0.107973125,5.2421875,7.753,
0,0,,,14.402198791503908,75.49987792968751,587.0312500000001,0.1080159375,5.2421875,7.787,
0,0,,,14.39933776855469,75.4803466796875,589.4140625000001,0.1079946875,5.2419921875,7.821,
0,0,,,14.39933776855469,75.4803466796875,592.0312500000001,0.1079946875,5.2425781250000005,7.855,
0,0,,,14.393806457519531,75.45898437500001,594.6582031250001,0.10795281250000001,5.2425781250000005,7.889,
0,0,,,14.396286010742188,75.46325683593751,597.275390625,0.10797187500000001,5.241796875,7.923,
0,0,,,14.396286010742188,75.46325683593751,599.6484375000001,0.10797187500000001,5.242382812500001,7.957,
0,0,,,14.38560485839844,75.41564941406251,602.275390625,0.10789187500000001,5.242382812500001,7.991,
0,0,,,14.394950866699219,75.465087890625,604.8925781250001,0.10796187500000001,5.2425781250000005,8.025,
0,0,,,14.394950866699219,75.465087890625,607.5097656250001,0.10793625000000001,5.242382812500001,8.059,
0,0,,,14.391517639160156,75.44555664062501,610.1269531250001,0.10793625000000001,5.242382812500001,8.093,
0,0,,,14.392471313476562,75.44555664062501,612.509765625,0.10794281250000001,5.2419921875,8.127,
0,0,,,14.392471313476562,75.44555664062501,615.1269531250001,0.10790718750000002,5.242382812500001,8.161,
0,0,,,14.387702941894531,75.4241943359375,617.7441406250001,0.10790718750000002,5.242382812500001,8.195,
0,0,,,14.3890380859375,75.42968750000001,620.361328125,0.10791687500000001,5.2421875,8.229,
0,0,,,14.3890380859375,75.42968750000001,622.98828125,0.107988125,5.2421875,8.263,
0,0,,,14.398574829101562,75.4779052734375,625.3710937500001,0.107988125,5.2421875,8.297,
0,0,,,14.395713806152344,75.46936035156251,627.9882812500001,0.107966875,5.2425781250000005,8.332,
0,0,,,14.389801025390627,75.43579101562501,630.6054687500001,0.1079228125,5.242382812500001,8.366,
0,0,,,14.389801025390627,75.43579101562501,633.2226562500001,0.1079228125,5.242382812500001,8.4,
0,0,,,14.393615722656252,75.45959472656251,635.83984375,0.10795156250000001,5.2425781250000005,8.434,
0,0,,,14.390945434570312,75.44067382812501,638.2226562500001,0.107930625,5.242382812500001,8.468,
0,0,,,14.390945434570312,75.44067382812501,640.8398437500001,0.107930625,5.242382812500001,8.502,
0,0,,,14.393615722656252,75.45043945312501,643.4570312500001,0.10795093750000001,5.2419921875,8.536,
0,0,,,14.398193359375,75.47729492187501,646.0839843750001,0.10798500000000001,5.2421875,8.571,
0,0,,,14.398193359375,75.47729492187501,648.7011718750001,0.10798500000000001,5.2421875,8.605,
0,0,,,14.385795593261719,75.41198730468751,651.083984375,0.10789218750000001,5.2421875,8.639,
0,0,,,14.389991760253906,75.4339599609375,653.7011718750001,0.1079246875,5.2421875,8.673,
0,0,,,14.389991760253906,75.4339599609375,656.3183593750001,0.1079246875,5.2421875,8.707,
0,0,,,14.388465881347658,75.42236328125001,658.935546875,0.10791250000000001,5.2419921875,8.741,
0,0,,,14.400100708007812,75.48889160156251,661.5527343750001,0.10800031250000001,5.2421875,8.775,
0,0,,,14.400100708007812,75.48889160156251,663.9355468750001,0.10800031250000001,5.2421875,8.809,
0,0,,,14.398574829101562,75.47180175781251,666.5527343750001,0.107988125,5.2416015625000005,8.843,
0,0,,,14.394569396972658,75.45715332031251,669.1796875000001,0.1079584375,5.2419921875,8.877,
0,0,,,14.394569396972658,75.45715332031251,671.7968750000001,0.1079584375,5.2419921875,8.911,
0,0,,,14.387893676757814,75.42724609375001,674.4140625,0.10790812500000001,5.242382812500001,8.945,
0,0,,,14.400291442871096,75.48889160156251,676.7968750000001,0.10800187500000001,5.2421875,8.979,
0,0,,,14.400291442871096,75.48889160156251,679.4140625000001,0.10800187500000001,5.2421875,9.013,
0,0,,,14.395332336425781,75.46081542968751,682.0312500000001,0.1079646875,5.2419921875,9.047,
0,0,,,14.39971923828125,75.48950195312501,684.6582031250001,0.107996875,5.242382812500001,9.081,
0,0,,,14.39971923828125,75.48950195312501,687.2753906250001,0.107996875,5.242382812500001,9.116,
0,0,,,14.402580261230469,75.50231933593751,689.658203125,0.10801843750000001,5.242382812500001,9.15,
0,0,,,14.398956298828127,75.48400878906251,692.2753906250001,0.10799125000000001,5.242382812500001,9.184,
0,0,,,14.398956298828127,75.48400878906251,694.90234375,0.10799125000000001,5.242382812500001,9.218,
0,0,,,14.399528503417969,75.48645019531251,697.5195312500001,0.10799531250000001,5.242382812500001,9.252,
0,0,,,14.39323425292969,75.44921875,699.90234375,0.10794843750000001,5.2419921875,9.286,
0,0,,,14.39323425292969,75.44921875,702.5195312500001,0.10794843750000001,5.2427734375,9.32,
0,0,,,14.398765563964844,75.48828125000001,705.1367187500001,0.1079903125,5.2427734375,9.354,
0,0,,,14.393997192382812,75.46142578125001,707.763671875,0.107954375,5.2425781250000005,9.389,
0,0,,,14.393997192382812,75.46142578125001,710.3808593750001,0.10797906250000001,5.2421875,9.423,
0,0,,,14.397239685058594,75.47302246093751,712.9980468750001,0.10797906250000001,5.2421875,9.457,
0,0,,,14.39800262451172,75.47607421875001,715.3808593750001,0.10798375,5.2421875,9.491,
0,0,,,14.39800262451172,75.47607421875001,717.998046875,0.10801687500000001,5.242382812500001,9.525,
0,0,,,14.402389526367188,75.50231933593751,720.6250000000001,0.10801687500000001,5.242382812500001,9.559,
0,0,,,14.398765563964844,75.48400878906251,723.2421875,0.10798968750000001,5.242382812500001,9.592,
0,0,,,14.398765563964844,75.48400878906251,725.6250000000001,0.10801062500000001,5.241796875,9.626,
0,0,,,14.401435852050781,75.48950195312501,728.2421875000001,0.10801062500000001,5.241796875,9.66,
0,0,,,14.394569396972658,75.46203613281251,730.8691406250001,0.10795875,5.242382812500001,9.694,
0,0,,,14.394569396972658,75.46203613281251,733.4863281250001,0.107994375,5.2427734375,9.728,
0,0,,,14.39933776855469,75.49133300781251,735.8691406250001,0.107994375,5.2427734375,9.762,
0,0,,,14.395713806152344,75.46875000000001,738.486328125,0.1079671875,5.242382812500001,9.796,
0,0,,,14.395713806152344,75.46325683593751,741.1035156250001,0.10796750000000001,5.2419921875,9.83,
0,0,,,14.395713806152344,75.46325683593751,743.73046875,0.10796750000000001,5.2419921875,9.864,
0,0,,,14.39971923828125,75.48828125000001,746.3476562500001,0.10799750000000001,5.242382812500001,9.898,
0,0,,,14.394569396972658,75.462646484375,748.73046875,0.1079584375,5.242382812500001,9.932,
0,0,,,14.394569396972658,75.462646484375,751.3476562500001,0.1079584375,5.242382812500001,9.966,
0,0,,,14.397048950195314,75.47363281250001,753.9648437500001,0.1079778125,5.242382812500001,10.0,
0,1,,,12.71209716796875,66.68212890625001,1507.4609375000002,0.09534062500000001,5.2455078125000005,21.345,
0,1,,,12.71209716796875,66.68212890625001,1509.7753906250002,0.09534062500000001,5.2455078125000005,21.379,
0,1,,,12.740135192871094,66.83837890625001,1512.0996093750002,0.09555062500000001,5.246289062500001,21.413,
0,1,,,12.751960754394533,66.89636230468751,1514.4238281250002,0.09563937500000001,5.2458984375,21.447,
0,1,,,12.751960754394533,66.89636230468751,1516.5234375,0.09563937500000001,5.2458984375,21.481,
0,1,,,12.74261474609375,66.8487548828125,1518.8476562500002,0.0955684375,5.24609375,21.515,
0,1,,,12.707710266113281,66.6632080078125,1521.162109375,0.0953078125,5.2458984375,21.549,
0,1,,,12.707710266113281,66.6632080078125,1523.4863281250002,0.0953078125,5.2458984375,21.583,
0,1,,,12.74871826171875,66.88049316406251,1525.595703125,0.095614375,5.24609375,21.617,
0,1,,,12.752532958984375,66.89697265625001,1527.9101562500002,0.09564312500000001,5.2458984375,21.651,
0,1,,,12.752532958984375,66.89697265625001,1530.234375,0.09564312500000001,5.2458984375,21.685,
0,1,,,12.75177001953125,66.89392089843751,1532.5585937500002,0.09563687500000001,5.2458984375,21.719,
0,1,,,12.763404846191408,66.9586181640625,1534.8828125000002,0.0957246875,5.24609375,21.754,
0,1,,,12.763404846191408,66.9586181640625,1536.9921875,0.0957246875,5.24609375,21.788,
0,1,,,12.752342224121096,66.8975830078125,1539.3164062500002,0.09564156250000001,5.2458984375,21.822,
0,1,,,12.701606750488281,66.6351318359375,1541.6210937500002,0.09526125,5.246289062500001,21.856,
0,1,,,12.701606750488281,66.6351318359375,1543.9355468750002,0.09526125,5.246289062500001,21.89,
0,1,,,12.720108032226562,66.73095703125001,1546.2597656250002,0.09539968750000001,5.24609375,21.924,
0,1,,,12.733650207519531,66.800537109375,1548.3691406250002,0.0955021875,5.24609375,21.958,
0,1,,,12.733650207519531,66.800537109375,1550.693359375,0.0955021875,5.24609375,21.992,
0,1,,,12.757110595703127,66.92443847656251,1553.0078125000002,0.09567781250000001,5.24609375,22.026,
0,1,,,12.744712829589846,66.8621826171875,1555.33203125,0.095585,5.246289062500001,22.06,
0,1,,,12.744712829589846,66.8621826171875,1557.4414062500002,0.095585,5.246289062500001,22.094,
0,1,,,12.744903564453125,66.8572998046875,1559.765625,0.09558593750000001,5.2458984375,22.128,
0,1,,,12.750625610351562,66.8896484375,1562.0800781250002,0.095629375,5.2458984375,22.162,
0,1,,,12.750625610351562,66.8896484375,1564.404296875,0.095629375,5.2458984375,22.196,
0,1,,,12.730407714843752,66.7816162109375,1566.5136718750002,0.095476875,5.2458984375,22.23,
0,1,,,12.755966186523438,66.91711425781251,1568.8378906250002,0.0956696875,5.2458984375,22.264,
0,1,,,12.755966186523438,66.91711425781251,1571.1621093750002,0.0956696875,5.2458984375,22.298,
0,1,,,12.75787353515625,66.92932128906251,1573.486328125,0.09568375000000001,5.24609375,22.332,
0,1,,,12.738800048828125,66.8280029296875,1575.8007812500002,0.095540625,5.24609375,22.366,
0,1,,,12.738800048828125,66.8280029296875,1577.9101562500002,0.095540625,5.245703125,22.4,
0,1,,,12.759780883789062,66.93359375,1580.234375,0.0956978125,5.245703125,22.434,
0,1,,,12.738800048828125,66.826171875,1582.5585937500002,0.095540625,5.2458984375,22.468,
0,1,,,12.738800048828125,66.826171875,1584.873046875,0.09563625,5.245703125,22.502,
0,1,,,12.751579284667969,66.8902587890625,1586.9921875000002,0.09563625,5.245703125,22.536,
0,1,,,12.747192382812502,66.86889648437501,1589.306640625,0.09560281250000001,5.2458984375,22.57,
0,1,,,12.747192382812502,66.86889648437501,1591.6308593750002,0.0955975,5.2458984375,22.604,
0,1,,,12.746429443359375,66.86645507812501,1593.9453125,0.0955975,5.2458984375,22.638,
0,1,,,12.742233276367188,66.8463134765625,1596.0644531250002,0.09556625,5.24609375,22.672,
0,1,,,12.742233276367188,66.8463134765625,1598.388671875,0.0957253125,5.246289062500001,22.706,
0,1,,,12.763404846191408,66.96105957031251,1600.712890625,0.0957253125,5.246289062500001,22.74,
0,1,,,12.755966186523438,66.91528320312501,1603.02734375,0.095669375,5.2458984375,22.774,
0,1,,,12.755966186523438,66.91528320312501,1605.3515625,0.0955578125,5.245703125,22.808,
0,1,,,12.7410888671875,66.8365478515625,1607.6757812500002,0.0955578125,5.245703125,22.842,
0,1,,,12.743949890136719,66.85302734375001,1609.7753906250002,0.0955784375,5.2458984375,22.876,
0,1,,,12.75291442871094,66.9036865234375,1612.0996093750002,0.0956465625,5.24609375,22.91,
0,1,,,12.75291442871094,66.9036865234375,1614.423828125,0.0956465625,5.24609375,22.944,
0,1,,,12.751007080078127,66.89208984375,1616.7480468750002,0.0956315625,5.24609375,22.978,
0,1,,,12.744522094726562,66.85424804687501,1618.8574218750002,0.09558375000000001,5.245703125,23.012,
0,1,,,12.744522094726562,66.85424804687501,1621.1816406250002,0.09558375000000001,5.245703125,23.046,
0,1,,,12.763404846191408,66.9512939453125,1623.5058593750002,0.0957246875,5.245703125,23.08,
0,1,,,12.740135192871094,66.83288574218751,1625.8203125000002,0.09555062500000001,5.2458984375,23.114,
0,1,,,12.740135192871094,66.83288574218751,1628.1347656250002,0.09555062500000001,5.2458984375,23.148,
0,1,,,12.70713806152344,66.66198730468751,1630.2441406250002,0.09530375,5.24609375,23.182,
0,1,,,12.754440307617188,66.905517578125,1632.568359375,0.095656875,5.245703125,23.216,
0,1,,,12.754440307617188,66.905517578125,1634.8828125000002,0.095656875,5.245703125,23.25,
0,1,,,12.74261474609375,66.84326171875,1637.20703125,0.09556906250000001,5.245703125,23.284,
0,1,,,12.746238708496096,66.8621826171875,1639.3164062500002,0.095595625,5.245703125,23.318,
0,1,,,12.746238708496096,66.8621826171875,1641.6406250000002,0.095595625,5.245703125,23.352,
0,1,,,12.760353088378906,66.93603515625,1643.9550781250002,0.09570218750000001,5.245703125,23.386,
0,1,,,12.747383117675781,66.8719482421875,1646.2792968750002,0.09560531250000001,5.2458984375,23.42,
0,1,,,12.747383117675781,66.8719482421875,1648.388671875,0.09560531250000001,5.2458984375,23.454,
0,1,,,12.72716522216797,66.76391601562501,1650.712890625,0.09545250000000001,5.2458984375,23.488,
0,1,,,12.75634765625,66.922607421875,1653.0371093750002,0.09567250000000001,5.246289062500001,23.522,
0,1,,,12.75634765625,66.922607421875,1655.3515625,0.09567250000000001,5.246289062500001,23.556,
0,1,,,12.746429443359375,66.86767578125001,1657.6757812500002,0.0955978125,5.24609375,23.59,
0,1,,,12.7410888671875,66.84020996093751,1659.7851562500002,0.0955578125,5.24609375,23.624,
0,1,,,12.7410888671875,66.84020996093751,1662.0996093750002,0.0955578125,5.24609375,23.658,
0,1,,,12.735557556152344,66.80969238281251,1664.4238281250002,0.09551593750000001,5.2458984375,23.692,
0,1,,,12.739753723144531,66.83227539062501,1666.7382812500002,0.09554750000000001,5.2458984375,23.726,
0,1,,,12.739753723144531,66.83227539062501,1668.84765625,0.09554750000000001,5.2458984375,23.76,
0,1,,,12.732124328613281,66.790771484375,1671.1621093750002,0.09549031250000001,5.2458984375,23.794,
0,1,,,12.735366821289062,66.80969238281251,1673.486328125,0.09551437500000001,5.24609375,23.828,
0,1,,,12.735366821289062,66.80969238281251,1675.810546875,0.09551437500000001,5.24609375,23.863,
0,1,,,12.743568420410156,66.85241699218751,1678.125,0.09557531250000001,5.24609375,23.897,
0,1,,,12.735366821289062,66.80480957031251,1680.2343750000005,0.09551375000000001,5.245703125,23.931,
0,1,,,12.735366821289062,66.80480957031251,1682.548828125,0.09551375000000001,5.2458984375,23.965,
0,1,,,12.730598449707031,66.7828369140625,1684.8730468750005,0.09547843750000001,5.2458984375,23.999,
0,1,,,12.755012512207031,66.91223144531251,1687.1972656250002,0.09566218750000001,5.2458984375,24.033,
0,1,,,12.755012512207031,66.91223144531251,1689.5214843750002,0.09566218750000001,5.246875,24.067,
0,1,,,12.746429443359375,66.8768310546875,1691.630859375,0.09559718750000001,5.246875,24.101,
0,1,,,12.766838073730469,66.97753906250001,1693.9550781250005,0.09575,5.246289062500001,24.135,
0,1,,,12.766838073730469,66.97753906250001,1696.26953125,0.09553937500000001,5.2458984375,24.169,
0,1,,,12.738609313964846,66.82495117187501,1698.5937500000005,0.09553937500000001,5.2458984375,24.203,
0,1,,,12.731552124023438,66.79504394531251,1700.7031250000002,0.09548656250000001,5.2464843750000005,24.237,
0,1,,,12.731552124023438,66.79504394531251,1703.02734375,0.09570468750000001,5.24609375,24.271,
0,1,,,12.760734558105469,66.94274902343751,1705.3417968750002,0.09570468750000001,5.24609375,24.305,
0,1,,,12.757110595703127,66.9195556640625,1707.666015625,0.09567750000000001,5.245703125,24.339,
0,1,,,12.757110595703127,66.9195556640625,1709.7851562500002,0.09573906250000001,5.2458984375,24.373,
0,1,,,12.76531219482422,66.964111328125,1712.0996093750002,0.09573906250000001,5.2458984375,24.406,
0,1,,,12.725830078125,66.76513671875,1714.4238281250002,0.09544250000000001,5.2464843750000005,24.441,
0,1,,,12.725830078125,66.76513671875,1716.748046875,0.09580125,5.2458984375,24.475,
0,1,,,12.773513793945312,67.00805664062501,1718.8574218750005,0.09580125,5.2458984375,24.508,
0,1,,,12.760162353515625,66.9378662109375,1721.1816406250002,0.09570093750000001,5.2458984375,24.542,
0,1,,,12.760162353515625,66.9207763671875,1723.5058593750002,0.09567250000000001,5.24609375,24.576,
0,1,,,12.75634765625,66.9207763671875,1725.830078125,0.09567250000000001,5.24609375,24.61,
0,1,,,12.749099731445314,66.87805175781251,1728.154296875,0.09561750000000001,5.245703125,24.644,
0,1,,,12.75768280029297,66.922607421875,1730.2636718750002,0.0956828125,5.245703125,24.678,
0,1,,,12.75768280029297,66.922607421875,1732.5781250000002,0.0956828125,5.245703125,24.712,
0,1,,,12.7349853515625,66.8035888671875,1734.9023437500002,0.09551187500000001,5.245703125,24.746,
0,1,,,12.747383117675781,66.8768310546875,1737.2265625,0.09560500000000001,5.246289062500001,24.78,
0,1,,,12.747383117675781,66.8768310546875,1739.3359375,0.09560500000000001,5.246289062500001,24.814,
0,1,,,12.748336791992188,66.875,1741.6601562500002,0.09561156250000001,5.2458984375,24.848,
0,1,,,12.766075134277344,66.971435546875,1743.9843750000002,0.09574500000000001,5.24609375,24.882,
0,1,,,12.766075134277344,66.971435546875,1746.3085937500002,0.09574500000000001,5.24609375,24.917,
0,1,,,12.765121459960938,66.96228027343751,1748.6328125000002,0.0957375,5.245703125,24.951,
0,1,,,12.738418579101562,66.82006835937501,1750.9472656250002,0.09553781250000001,5.2455078125000005,24.985,
0,1,,,12.738418579101562,66.82006835937501,1753.0664062500002,0.09553781250000001,5.2455078125000005,25.019,
0,1,,,12.776184082031252,67.02026367187501,1755.3808593750002,0.09582125000000001,5.245703125,25.053,
0,1,,,12.72850036621094,66.77185058593751,1757.7050781250002,0.09546281250000001,5.2458984375,25.087,
0,1,,,12.72850036621094,66.77185058593751,1760.0292968750002,0.09546281250000001,5.2458984375,25.121,
0,1,,,12.747383117675781,66.86889648437501,1762.138671875,0.09560500000000001,5.245703125,25.155,
0,1,,,12.747955322265625,66.873779296875,1764.4531250000002,0.0956084375,5.2458984375,25.189,
0,1,,,12.747955322265625,66.873779296875,1766.77734375,0.0956084375,5.2458984375,25.223,
0,1,,,12.762832641601564,66.95556640625,1769.1015625000005,0.0957203125,5.246289062500001,25.257,
0,1,,,12.74528503417969,66.86340332031251,1771.2109375000002,0.09558875000000001,5.246289062500001,25.291,
0,1,,,12.74528503417969,66.86340332031251,1773.5351562500002,0.09558875000000001,5.246289062500001,25.325,
0,1,,,12.75901794433594,66.93054199218751,1775.8496093750002,0.09569250000000001,5.245703125,25.359,
0,1,,,12.730979919433596,66.7828369140625,1778.1738281250002,0.09548125,5.245703125,25.393,
0,1,,,12.730979919433596,66.7828369140625,1780.2832031250002,0.09548125,5.245703125,25.427,
0,1,,,12.743186950683594,66.85241699218751,1782.6074218750002,0.09557343750000001,5.24609375,25.461,
0,1,,,12.751197814941406,66.89331054687501,1784.9316406250002,0.0956334375,5.24609375,25.495,
0,1,,,12.751197814941406,66.89331054687501,1787.255859375,0.0956334375,5.24609375,25.529,
0,1,,,12.759208679199219,66.93176269531251,1789.5703125000002,0.0956928125,5.2458984375,25.563,
0,1,,,12.739181518554688,66.82983398437501,1791.6796875,0.095543125,5.24609375,25.597,
0,1,,,12.739181518554688,66.82983398437501,1794.0039062500005,0.095543125,5.245703125,25.631,
0,1,,,12.75177001953125,66.89208984375,1796.318359375,0.09563718750000001,5.245703125,25.665,
0,1,,,12.761878967285158,66.943359375,1798.6523437500002,0.0957140625,5.2455078125000005,25.699,
0,1,,,12.761878967285158,66.943359375,1800.76171875,0.0957140625,5.2458984375,25.733,
0,1,,,12.749862670898438,66.88415527343751,1803.0761718750002,0.0956234375,5.2458984375,25.767,
0,1,,,12.739944458007814,66.83227539062501,1805.400390625,0.09554968750000001,5.2458984375,25.801,
0,1,,,12.739944458007814,66.83227539062501,1807.7148437500002,0.09553156250000001,5.2458984375,25.835,
0,1,,,12.73765563964844,66.82067871093751,1810.0292968750002,0.09553156250000001,5.2458984375,25.869,
0,1,,,12.70427703857422,66.6455078125,1812.138671875,0.09528125000000001,5.2458984375,25.903,
0,1,,,12.70427703857422,66.6455078125,1814.4628906250002,0.09560312500000001,5.2458984375,25.937,
0,1,,,12.747192382812502,66.86889648437501,1816.7871093750002,0.09560312500000001,5.2458984375,25.972,
0,1,,,12.749290466308594,66.8798828125,1819.1015625000002,0.09561968750000001,5.245703125,26.006,
0,1,,,12.749290466308594,66.8798828125,1821.4257812500002,0.09566437500000001,5.2458984375,26.04,
0,1,,,12.755393981933594,66.91345214843751,1823.5351562500002,0.09566437500000001,5.2458984375,26.074,
0,1,,,12.749671936035156,66.88293457031251,1825.859375,0.0956215625,5.2458984375,26.108,
0,1,,,12.749671936035156,66.88293457031251,1828.1835937500005,0.0956278125,5.246289062500001,26.142,
0,1,,,12.750434875488283,66.89331054687501,1830.498046875,0.0956278125,5.246289062500001,26.176,
0,1,,,12.729263305664062,66.77734375000001,1832.6074218750002,0.09546875,5.24609375,26.21,
0,1,,,12.739753723144531,66.8341064453125,1834.9316406250002,0.09554812500000001,5.24609375,26.244,
0,1,,,12.739753723144531,66.8341064453125,1837.2460937500002,0.09554812500000001,5.24609375,26.278,
0,1,,,12.755584716796875,66.9189453125,1839.5703125000002,0.0956659375,5.246289062500001,26.312,
0,1,,,12.745666503906252,66.85607910156251,1841.8945312500002,0.0955915625,5.2455078125000005,26.345,
0,1,,,12.745666503906252,66.85607910156251,1844.0039062500002,0.0955915625,5.2455078125000005,26.38,
0,1,,,12.762832641601564,66.95190429687501,1846.3281250000002,0.0957203125,5.2458984375,26.414,
0,1,,,12.747001647949219,66.86889648437501,1848.6523437500002,0.0956021875,5.2458984375,26.448,
0,1,,,12.747001647949219,66.86889648437501,1850.9765625,0.0956021875,5.2458984375,26.482,
0,1,,,12.753486633300781,66.90124511718751,1853.0761718750002,0.09564968750000001,5.245703125,26.516,
0,1,,,12.736320495605469,66.80541992187501,1855.400390625,0.095521875,5.245312500000001,26.55,
0,1,,,12.736320495605469,66.80541992187501,1857.7246093750005,0.095521875,5.245312500000001,26.584,
0,1,,,12.742996215820312,66.84509277343751,1860.0390625,0.09557187500000001,5.245703125,26.618,
0,1,,,12.743377685546877,66.85607910156251,1862.1484375000002,0.09557500000000001,5.246289062500001,26.652,
0,1,,,12.743377685546877,66.85607910156251,1864.4628906250002,0.09557500000000001,5.246289062500001,26.686,
0,1,,,12.734031677246094,66.8011474609375,1866.7871093750002,0.095504375,5.2458984375,26.72,
0,1,,,12.726974487304688,66.76513671875,1869.1015625000002,0.09545125,5.2458984375,26.754,
0,1,,,12.726974487304688,66.76513671875,1871.4257812500002,0.09545125,5.2458984375,26.788,
0,1,,,12.74871826171875,66.88110351562501,1873.53515625,0.09561531250000001,5.24609375,26.822,
0,1,,,12.730789184570312,66.785888671875,1875.8496093750002,0.09548062500000001,5.24609375,26.856,
0,1,,,12.730789184570312,66.785888671875,1878.173828125,0.09548062500000001,5.24609375,26.89,
0,1,,,12.733078002929688,66.7999267578125,1880.4882812500002,0.0954978125,5.24609375,26.924,
0,1,,,12.729072570800783,66.77612304687501,1882.59765625,0.095466875,5.24609375,26.958,
0,1,,,12.729072570800783,66.77612304687501,1884.9218750000002,0.095466875,5.24609375,26.992,
0,1,,,12.752723693847656,66.89697265625001,1887.236328125,0.09564500000000001,5.245703125,27.026,
0,1,,,12.729454040527346,66.7755126953125,1889.5605468750002,0.09547000000000001,5.245703125,27.06,
0,1,,,12.729454040527346,66.7755126953125,1891.875,0.09547000000000001,5.245703125,27.094,
0,1,,,12.746429443359375,66.861572265625,1893.994140625,0.09559718750000001,5.2455078125000005,27.128,
0,1,,,12.785911560058594,67.08129882812501,1896.318359375,0.0958940625,5.2464843750000005,27.162,
0,1,,,12.785911560058594,67.08129882812501,1898.6328125,0.0958940625,5.2464843750000005,27.196,
0,1,,,12.72850036621094,66.7657470703125,1900.95703125,0.09546343750000001,5.245312500000001,27.23,
0,1,,,12.745666503906252,66.8609619140625,1903.2812500000002,0.09559218750000001,5.245703125,27.264,
0,1,,,12.745666503906252,66.8609619140625,1905.3906250000002,0.09559218750000001,5.246289062500001,27.298,
0,1,,,12.754440307617188,66.912841796875,1907.71484375,0.0956571875,5.246289062500001,27.332,
0,1,,,12.743568420410156,66.85302734375001,1910.0292968750002,0.0955765625,5.24609375,27.366,
0,1,,,12.743568420410156,66.85302734375001,1912.3632812500002,0.09578,5.24609375,27.4,
0,1,,,12.770843505859375,66.9964599609375,1914.47265625,0.09578,5.24609375,27.434,
0,1,,,12.750816345214844,66.89208984375,1916.7968750000002,0.09563062500000001,5.24609375,27.468,
0,1,,,12.750816345214844,66.89208984375,1919.111328125,0.0956503125,5.24609375,27.502,
0,1,,,12.753486633300781,66.9049072265625,1921.4355468750002,0.0956503125,5.24609375,27.536,
0,1,,,12.757110595703127,66.917724609375,1923.5449218750002,0.095678125,5.2455078125000005,27.57,
0,1,,,12.757110595703127,66.917724609375,1925.8691406250002,0.0957146875,5.24609375,27.604,
0,1,,,12.762069702148438,66.95190429687501,1928.1933593750002,0.0957146875,5.24609375,27.638,
0,1,,,12.733840942382814,66.8060302734375,1930.5078125000002,0.09550406250000001,5.246289062500001,27.672,
0,1,,,12.733840942382814,66.8060302734375,1932.8320312500002,0.095583125,5.24609375,27.706,
0,1,,,12.744522094726562,66.85791015625,1934.9414062500002,0.095583125,5.24609375,27.74,
0,1,,,12.753868103027346,66.910400390625,1937.2656250000002,0.09565343750000001,5.246289062500001,27.774,
0,1,,,12.753868103027346,66.910400390625,1939.5800781250002,0.0954259375,5.2458984375,27.808,
0,1,,,12.723541259765625,66.74682617187501,1941.9140625000002,0.0954259375,5.2458984375,27.842,
0,1,,,12.772750854492188,66.9989013671875,1944.013671875,0.095794375,5.2455078125000005,27.876,
0,1,,,12.742996215820312,66.84753417968751,1946.3378906250002,0.09557125000000001,5.2458984375,27.91,
0,1,,,12.742996215820312,66.84753417968751,1948.6621093750002,0.09557125000000001,5.2458984375,27.944,
0,1,,,12.726974487304688,66.75659179687501,1950.9765625000002,0.09545125,5.245312500000001,27.978,
0,1,,,12.74261474609375,66.84509277343751,1953.291015625,0.09556906250000001,5.2458984375,28.012,
0,1,,,12.74261474609375,66.84509277343751,1955.4003906250005,0.09556906250000001,5.2458984375,28.046,
0,1,,,12.743377685546877,66.84997558593751,1957.7246093750002,0.0955740625,5.2458984375,28.081,
0,1,,,12.75138854980469,66.89636230468751,1960.0488281250002,0.09563500000000001,5.246289062500001,28.115,
0,1,,,12.75138854980469,66.89636230468751,1962.3730468750002,0.09563500000000001,5.246289062500001,28.149,
0,1,,,12.7593994140625,66.93237304687501,1964.6972656250002,0.0956953125,5.245703125,28.183,
0,1,,,12.73345947265625,66.80236816406251,1966.796875,0.0955,5.246289062500001,28.217,
0,1,,,12.73345947265625,66.80236816406251,1969.1210937500002,0.0955,5.246289062500001,28.251,
0,1,,,12.734603881835938,66.802978515625,1971.435546875,0.0955084375,5.2458984375,28.285,
0,1,,,12.739562988281252,66.827392578125,1973.7597656250002,0.09554625000000001,5.245703125,28.319,
0,1,,,12.739562988281252,66.827392578125,1975.8691406250002,0.09554625000000001,5.245703125,28.353,
0,1,,,12.72125244140625,66.7376708984375,1978.193359375,0.09540812500000001,5.246289062500001,28.387,
0,1,,,12.766838073730469,66.97570800781251,1980.5078125000002,0.09575093750000001,5.24609375,28.421,
0,1,,,12.766838073730469,66.97570800781251,1982.83203125,0.09575093750000001,5.24609375,28.455,
0,1,,,12.752532958984375,66.89575195312501,1985.1562500000002,0.09564281250000001,5.245703125,28.489,
0,1,,,12.774085998535156,67.01293945312501,1987.2753906250002,0.09580468750000001,5.24609375,28.523,
0,1,,,12.774085998535156,67.01293945312501,1989.5996093750002,0.09580468750000001,5.24609375,28.557,
0,1,,,12.759208679199219,66.9329833984375,1991.9140625000002,0.09569375000000001,5.2458984375,28.591,
0,1,,,12.719917297363283,66.7266845703125,1994.2285156250002,0.0953990625,5.2458984375,28.625,
0,1,,,12.719917297363283,66.7266845703125,1996.3476562500002,0.0953990625,5.2458984375,28.659,
0,1,,,12.757492065429688,66.9207763671875,1998.6718750000002,0.09568093750000001,5.245703125,28.693,
0,1,,,12.766265869140627,66.97021484375001,2000.9863281250002,0.09574625,5.2458984375,28.727,
0,1,,,12.766265869140627,66.97021484375001,2003.3105468750002,0.09574625,5.2458984375,28.76,
0,1,,,12.744331359863283,66.85791015625,2005.4199218750002,0.09558187500000001,5.24609375,28.794,
0,1,,,12.764167785644531,66.96166992187501,2007.75390625,0.09573125,5.24609375,28.828,
0,1,,,12.764167785644531,66.96166992187501,2010.0781250000002,0.09573125,5.24609375,28.862,
0,1,,,12.771034240722658,66.99340820312501,2012.392578125,0.0957821875,5.245703125,28.896,
0,1,,,12.749099731445314,66.87805175781251,2014.5117187500002,0.09561750000000001,5.245703125,28.93,
0,1,,,12.749099731445314,66.87805175781251,2016.8261718750005,0.09561750000000001,5.24609375,28.964,
0,1,,,12.73651123046875,66.81640625,2019.1503906250002,0.09552312500000001,5.24609375,28.998,
0,1,,,12.738800048828125,66.82861328125,2021.4648437500005,0.09553968750000001,5.24609375,29.032,
0,1,,,12.738800048828125,66.82861328125,2023.779296875,0.09525812500000001,5.2455078125000005,29.066,
0,1,,,12.701225280761719,66.62414550781251,2025.8496093750002,0.09525812500000001,5.2455078125000005,29.1,
0,1,,,12.521934509277344,65.69274902343751,2028.1347656250005,0.09391375,5.246289062500001,29.135,
0,1,,,12.521934509277344,65.69274902343751,2030.4101562500002,0.0940028125,5.24609375,29.169,
0,1,,,12.533760070800781,65.75378417968751,2032.6953125000005,0.0940028125,5.24609375,29.203,
0,1,,,12.523460388183596,65.704345703125,2034.9707031250005,0.0939259375,5.2464843750000005,29.237,
0,1,,,12.523460388183596,65.704345703125,2037.03125,0.09335937500000001,5.2464843750000005,29.271,
0,1,,,12.448120117187502,65.3076171875,2039.306640625,0.09335937500000001,5.2464843750000005,29.305,
0,1,,,12.482070922851564,65.4876708984375,2041.5820312500005,0.09361562500000001,5.2464843750000005,29.339,
0,1,,,12.482070922851564,65.4876708984375,2043.8574218750002,0.09396,5.2464843750000005,29.373,
0,1,,,12.528038024902344,65.728759765625,2045.9277343750002,0.09396,5.2464843750000005,29.407,
0,1,,,12.538909912109375,65.7806396484375,2048.2226562500005,0.094040625,5.24609375,29.441,
0,1,,,12.538909912109375,65.9161376953125,2050.5078125000005,0.0942315625,5.246289062500001,29.475,
0,1,,,12.564277648925781,65.9161376953125,2052.802734375,0.0942315625,5.246289062500001,29.509,
0,1,,,12.568855285644533,65.93872070312501,2055.0878906250005,0.0942653125,5.246289062500001,29.543,
0,1,,,12.562561035156252,65.91064453125,2057.1679687500005,0.09421812500000001,5.2466796875,29.577,
0,1,,,12.562561035156252,65.91064453125,2059.4531250000005,0.09421812500000001,5.2466796875,29.611,
0,1,,,12.549209594726564,65.84289550781251,2061.7382812500005,0.09411781250000001,5.246875,29.645,
0,1,,,12.58068084716797,66.00158691406251,2064.033203125,0.0943540625,5.246289062500001,29.679,
0,1,,,12.58068084716797,66.00158691406251,2066.1230468750005,0.0943540625,5.246289062500001,29.713,
0,1,,,12.584495544433596,66.01562500000001,2068.3984375000005,0.09438250000000001,5.2458984375,29.747,
0,1,,,12.52880096435547,65.7281494140625,2070.6835937500005,0.09396531250000001,5.246289062500001,29.781,
0,1,,,12.52880096435547,65.7281494140625,2072.9687500000005,0.09396531250000001,5.246289062500001,29.815,
0,1,,,12.533187866210938,65.75378417968751,2075.0390625,0.093998125,5.2464843750000005,29.849,
0,1,,,12.522697448730469,65.69580078125001,2077.3242187500005,0.09391937500000001,5.246289062500001,29.883,
0,1,,,12.522697448730469,65.69580078125001,2079.609375,0.09391937500000001,5.246289062500001,29.917,
0,1,,,12.53166198730469,65.74890136718751,2081.884765625,0.0939875,5.2466796875,29.951,
0,1,,,12.51201629638672,65.6414794921875,2084.1601562500005,0.0938396875,5.246289062500001,29.985,
0,1,,,12.51201629638672,65.6414794921875,2086.23046875,0.0938396875,5.246289062500001,30.019,
0,1,,,12.494468688964846,65.55358886718751,2088.5058593750005,0.0937084375,5.2466796875,30.053,
0,1,,,12.511634826660158,65.64270019531251,2090.7910156250005,0.09383687500000001,5.2464843750000005,30.087,
0,1,,,12.511634826660158,65.64270019531251,2093.06640625,0.09383687500000001,5.2464843750000005,30.121,
0,1,,,12.518882751464844,65.6829833984375,2095.13671875,0.093890625,5.2466796875,30.155,
0,1,,,12.49065399169922,65.531005859375,2097.412109375,0.09367968750000001,5.2464843750000005,30.19,
0,1,,,12.49065399169922,65.531005859375,2099.697265625,0.09367968750000001,5.2464843750000005,30.224,
0,1,,,12.528419494628906,65.7305908203125,2101.97265625,0.09396187500000001,5.2464843750000005,30.258,
0,1,,,12.522125244140627,65.697021484375,2104.2578125,0.093915625,5.2464843750000005,30.292,
0,1,,,12.522125244140627,65.697021484375,2106.3281250000005,0.093915625,5.2464843750000005,30.326,
0,1,,,12.526130676269531,65.7122802734375,2108.6132812500005,0.09394625000000001,5.2458984375,30.36,
0,1,,,12.528610229492188,65.73364257812501,2110.888671875,0.09396406250000001,5.2466796875,30.394,
0,1,,,12.528610229492188,65.73364257812501,2113.1738281250005,0.09396406250000001,5.2466796875,30.428,
0,1,,,12.5274658203125,65.72570800781251,2115.4589843750005,0.0939559375,5.2464843750000005,30.462,
0,1,,,12.549209594726564,65.838623046875,2117.529296875,0.09411781250000001,5.2464843750000005,30.496,
0,1,,,12.549209594726564,65.838623046875,2119.814453125,0.09411781250000001,5.2466796875,30.53,
0,1,,,12.529182434082033,65.73669433593751,2122.099609375,0.09396750000000001,5.2466796875,30.564,
0,1,,,12.54425048828125,65.80993652343751,2124.375,0.09408187500000001,5.246289062500001,30.598,
0,1,,,12.54425048828125,65.80993652343751,2126.46484375,0.09408187500000001,5.2466796875,30.632,
0,1,,,12.555885314941408,65.87768554687501,2128.75,0.09416843750000001,5.2466796875,30.666,
0,1,,,12.553787231445312,65.8551025390625,2131.0351562500005,0.0941528125,5.2458984375,30.7,
0,1,,,12.553787231445312,65.8551025390625,2133.3203125,0.0941934375,5.246289062500001,30.734,
0,1,,,12.559127807617188,65.88989257812501,2135.60546875,0.0941934375,5.246289062500001,30.768,
0,1,,,12.556648254394531,65.8721923828125,2137.6855468750005,0.09417375000000001,5.24609375,30.802,
0,1,,,12.556648254394531,65.8721923828125,2139.9707031250005,0.09392500000000001,5.2458984375,30.836,
0,1,,,12.523460388183596,65.697021484375,2142.255859375,0.09392500000000001,5.2458984375,30.87,
0,1,,,12.571716308593752,65.95703125,2144.541015625,0.09428781250000001,5.2464843750000005,30.904,
0,1,,,12.571716308593752,65.95703125,2146.630859375,0.09438,5.2464843750000005,30.938,
0,1,,,12.584114074707033,66.021728515625,2148.9160156250005,0.09438,5.2464843750000005,30.972,
0,1,,,12.55340576171875,65.84899902343751,2151.2011718750005,0.09414968750000001,5.2455078125000005,31.006,
0,1,,,12.55340576171875,65.84899902343751,2153.486328125,0.09410718750000001,5.2458984375,31.04,
0,1,,,12.547683715820312,65.823974609375,2155.56640625,0.09410718750000001,5.2458984375,31.074,
0,1,,,12.582969665527344,66.01684570312501,2157.861328125,0.09437218750000001,5.2464843750000005,31.108,
0,1,,,12.582969665527344,65.96740722656251,2160.1464843750005,0.0943053125,5.246289062500001,31.142,
0,1,,,12.574195861816406,65.96740722656251,2162.4316406250005,0.0943053125,5.246289062500001,31.176,
0,1,,,12.555694580078125,65.86669921875,2164.7265625000005,0.09416687500000001,5.24609375,31.21,
0,1,,,12.540435791015625,65.791015625,2167.001953125,0.09405281250000001,5.246289062500001,31.244,
0,1,,,12.540435791015625,65.791015625,2169.0820312500005,0.09405281250000001,5.246289062500001,31.278,
0,1,,,12.554740905761719,65.8660888671875,2171.3671875000005,0.09416062500000001,5.246289062500001,31.312,
0,2,,,10.032272338867188,52.6849365234375,2775.5761718750005,0.075241875,5.2515625,42.657,
0,2,,,10.032272338867188,52.6849365234375,2777.412109375,0.075241875,5.2515625,42.691,
0,2,,,10.096931457519533,53.0267333984375,2779.2578125000005,0.07572687500000001,5.2517578125,42.725,
0,2,,,10.08872985839844,52.97973632812501,2781.09375,0.07566531250000001,5.2513671875000005,42.76,
0,2,,,10.08872985839844,52.97973632812501,2782.9296875000005,0.07566531250000001,5.2513671875000005,42.794,
0,2,,,10.087013244628906,52.97729492187501,2784.7753906250005,0.07565218750000001,5.252148437500001,42.828,
0,2,,,10.096168518066406,53.02734375000001,2786.4453125,0.07572125,5.2523437500000005,42.862,
0,2,,,10.096168518066406,53.02734375000001,2788.2812500000005,0.07572125,5.2523437500000005,42.896,
0,2,,,10.085487365722658,52.96691894531251,2790.126953125,0.075640625,5.2517578125,42.93,
0,2,,,10.083007812500002,52.9473876953125,2791.9628906250005,0.07562281250000001,5.251171875000001,42.964,
0,2,,,10.083007812500002,52.9473876953125,2793.623046875,0.07562281250000001,5.251171875000001,42.998,
0,2,,,10.064697265625,52.85888671875,2795.458984375,0.075484375,5.251953125,43.032,
0,2,,,10.0799560546875,52.93945312500001,2797.3046875000005,0.07559875,5.251953125,43.066,
0,2,,,10.0799560546875,52.93945312500001,2799.140625,0.07559875,5.251953125,43.1,
0,2,,,10.078620910644531,52.9296875,2800.8105468750005,0.07558906250000001,5.2517578125,43.134,
0,2,,,10.087013244628906,52.974853515625,2802.6464843750005,0.07565218750000001,5.251953125,43.168,
0,2,,,10.087013244628906,52.974853515625,2804.4921875,0.07565218750000001,5.251953125,43.202,
0,2,,,10.09368896484375,53.01025390625001,2806.3281250000005,0.075701875,5.251953125,43.236,
0,2,,,10.080146789550783,52.9351806640625,2808.1640625000005,0.07560156250000001,5.2513671875000005,43.27,
0,2,,,10.080146789550783,52.9351806640625,2809.8339843750005,0.07560156250000001,5.2513671875000005,43.304,
0,2,,,10.087776184082033,52.974243164062514,2811.6796875000005,0.07565843750000001,5.2513671875000005,43.338,
0,2,,,10.092353820800781,52.9998779296875,2813.5156250000005,0.0756915625,5.2515625,43.372,
0,2,,,10.092353820800781,52.9998779296875,2815.3515625,0.0756915625,5.2515625,43.405,
0,2,,,10.073280334472656,52.90527343750001,2817.0214843750005,0.0755496875,5.251953125,43.439,
0,2,,,10.079574584960938,52.94006347656251,2818.857421875,0.07559687500000001,5.252148437500001,43.473,
0,2,,,10.079574584960938,52.94006347656251,2820.6933593750005,0.07559687500000001,5.252148437500001,43.507,
0,2,,,10.085105895996094,52.96386718750001,2822.5292968750005,0.07563875,5.2517578125,43.541,
0,2,,,10.073089599609377,52.90283203125001,2824.1992187500005,0.0755475,5.251953125,43.575,
0,2,,,10.073089599609377,52.90283203125001,2826.0351562500005,0.0755475,5.2517578125,43.61,
0,2,,,10.076904296875002,52.92053222656251,2827.880859375,0.07557593750000001,5.2517578125,43.644,
0,2,,,10.090637207031252,52.99255371093751,2829.7167968750005,0.07567875,5.2517578125,43.678,
0,2,,,10.090637207031252,52.99255371093751,2831.552734375,0.0756871875,5.251953125,43.712,
0,2,,,10.091590881347658,53.00109863281251,2833.2324218750005,0.0756871875,5.251953125,43.746,
0,2,,,10.098648071289062,53.03161621093751,2835.0683593750005,0.07573937500000001,5.2513671875000005,43.78,
0,2,,,10.098648071289062,53.03161621093751,2836.9042968750005,0.0756071875,5.2515625,43.814,
0,2,,,10.08110046386719,52.9412841796875,2838.7500000000005,0.0756071875,5.2515625,43.848,
0,2,,,10.093116760253908,53.00781250000001,2840.5859375,0.0756975,5.251953125,43.882,
0,2,,,10.093116760253908,53.00781250000001,2842.2656250000005,0.07575875,5.251953125,43.916,
0,2,,,10.10112762451172,53.050537109375014,2844.1015625000005,0.07575875,5.251953125,43.95,
0,2,,,10.081672668457033,52.95166015625001,2845.9375000000005,0.07561187500000001,5.2523437500000005,43.984,
0,2,,,10.081672668457033,52.95166015625001,2847.7734375000005,0.0756325,5.2517578125,44.018,
0,2,,,10.084342956542969,52.96142578125001,2849.4433593750005,0.0756325,5.2517578125,44.052,
0,2,,,10.088539123535156,52.97729492187501,2851.2890625000005,0.07566375,5.2513671875000005,44.086,
0,2,,,10.088539123535156,52.97729492187501,2853.1250000000005,0.0756578125,5.2513671875000005,44.12,
0,2,,,10.087776184082033,52.974853515625,2854.9609375000005,0.0756578125,5.2513671875000005,44.154,
0,2,,,10.074615478515625,52.90771484375,2856.6308593750005,0.0755596875,5.2515625,44.188,
0,2,,,10.077667236328125,52.926025390625,2858.466796875,0.07558250000000001,5.2517578125,44.222,
0,2,,,10.077667236328125,52.926025390625,2860.3125000000005,0.07558250000000001,5.2517578125,44.256,
0,2,,,10.084724426269531,52.965087890625014,2862.1484375,0.07563562500000001,5.251953125,44.29,
0,2,,,10.094642639160156,53.0145263671875,2863.818359375,0.07570906250000001,5.2517578125,44.323,
0,2,,,10.094642639160156,53.0145263671875,2865.6542968750005,0.07570906250000001,5.2517578125,44.358,
0,2,,,10.086631774902344,52.97058105468751,2867.5,0.07565000000000001,5.2515625,44.392,
0,2,,,10.1043701171875,53.0670166015625,2869.3457031250005,0.0757828125,5.251953125,44.425,
0,2,,,10.1043701171875,53.0670166015625,2871.181640625,0.0757828125,5.251953125,44.459,
0,2,,,10.094070434570314,53.01391601562501,2872.8515625,0.07570500000000001,5.251953125,44.494,
0,2,,,10.079193115234377,52.93640136718751,2874.6875000000005,0.07559343750000001,5.252148437500001,44.528,
0,2,,,10.079193115234377,52.93640136718751,2876.533203125,0.07559343750000001,5.252148437500001,44.562,
0,2,,,10.083770751953125,52.94921875000001,2878.3691406250005,0.0756278125,5.2509765625,44.595,
0,2,,,10.084342956542969,52.958984375000014,2880.0390625000005,0.07563156250000001,5.2515625,44.629,
0,2,,,10.084342956542969,52.958984375000014,2881.8750000000005,0.07563156250000001,5.2515625,44.664,
0,2,,,10.085105895996094,52.95837402343751,2883.7109375,0.0756384375,5.251171875000001,44.698,
0,2,,,10.069274902343752,52.88146972656251,2885.546875,0.07552,5.2517578125,44.732,
0,2,,,10.069274902343752,52.88146972656251,2887.3828125000005,0.07552,5.2517578125,44.766,
0,2,,,10.087013244628906,52.97119140625001,2889.0625,0.07565187500000001,5.2515625,44.8,
0,2,,,10.092544555664064,53.004760742187514,2890.8984375000005,0.0756940625,5.251953125,44.834,
0,2,,,10.092544555664064,53.004760742187514,2892.7343750000005,0.0756940625,5.251953125,44.868,
0,2,,,10.073661804199219,52.9022216796875,2894.5703125000005,0.07555250000000001,5.2515625,44.902,
0,2,,,10.089683532714846,52.98645019531251,2896.40625,0.0756721875,5.2515625,44.936,
0,2,,,10.089683532714846,52.98645019531251,2898.0761718750005,0.0756721875,5.2515625,44.97,
0,2,,,10.07347106933594,52.904052734375014,2899.9218750000005,0.07555062500000001,5.251953125,45.004,
0,2,,,10.0799560546875,52.94067382812501,2901.7578125,0.0756,5.251953125,45.038,
0,2,,,10.0799560546875,52.94067382812501,2903.5937500000005,0.0756,5.251953125,45.072,
0,2,,,10.086822509765627,52.97058105468751,2905.2636718750005,0.0756515625,5.2513671875000005,45.106,
0,2,,,10.069465637207031,52.88330078125,2907.0996093750005,0.0755203125,5.251953125,45.14,
0,2,,,10.069465637207031,52.88330078125,2908.935546875,0.0755203125,5.251953125,45.174,
0,2,,,10.084533691406252,52.960205078125,2910.7714843750005,0.07563312500000001,5.2517578125,45.208,
0,2,,,10.081863403320312,52.94921875000001,2912.44140625,0.0756134375,5.251953125,45.242,
0,2,,,10.081863403320312,52.94921875000001,2914.2773437500005,0.0756134375,5.2517578125,45.276,
0,2,,,10.077476501464844,52.9229736328125,2916.1230468750005,0.07558062500000001,5.2517578125,45.31,
0,2,,,10.097694396972656,53.03222656250001,2917.96875,0.07573312500000001,5.251953125,45.344,
0,2,,,10.097694396972656,53.03222656250001,2919.6289062500005,0.07573312500000001,5.2517578125,45.378,
0,2,,,10.081291198730469,52.94311523437501,2921.474609375,0.0756084375,5.2517578125,45.412,
0,2,,,10.076332092285158,52.91809082031251,2923.3105468750005,0.0755725,5.2517578125,45.446,
0,2,,,10.076332092285158,52.91809082031251,2925.1464843750005,0.0754921875,5.2517578125,45.479,
0,2,,,10.065650939941406,52.862548828125,2926.8164062500005,0.0754921875,5.2517578125,45.513,
0,2,,,10.089302062988283,52.9901123046875,2928.6523437500005,0.07566937500000001,5.252148437500001,45.547,
0,2,,,10.089302062988283,52.9901123046875,2930.48828125,0.075625625,5.2517578125,45.581,
0,2,,,10.083389282226562,52.95471191406251,2932.3339843750005,0.075625625,5.2517578125,45.616,
0,2,,,10.098457336425781,53.03405761718751,2934.169921875,0.0757378125,5.2517578125,45.65,
0,2,,,10.098457336425781,53.03405761718751,2935.83984375,0.0756340625,5.252148437500001,45.684,
0,2,,,10.084533691406252,52.9656982421875,2937.6757812500005,0.0756340625,5.252148437500001,45.718,
0,2,,,10.082817077636719,52.95104980468751,2939.521484375,0.07562125,5.2515625,45.752,
0,2,,,10.082817077636719,52.95104980468751,2941.3574218750005,0.0756596875,5.2517578125,45.786,
0,2,,,10.087966918945312,52.978515625,2943.1933593750005,0.0756596875,5.2517578125,45.82,
0,2,,,10.065650939941406,52.858276367187514,2944.8632812500005,0.07549125000000001,5.2513671875000005,45.854,
0,2,,,10.079002380371094,52.93090820312501,2946.69921875,0.07559125000000001,5.2517578125,45.888,
0,2,,,10.079002380371094,52.93090820312501,2948.53515625,0.07559125000000001,5.2517578125,45.922,
0,2,,,10.088348388671877,52.987060546875,2950.3710937500005,0.0756621875,5.2523437500000005,45.956,
0,2,,,10.087203979492188,52.97363281250001,2952.05078125,0.07565375,5.2515625,45.99,
0,2,,,10.087203979492188,52.97363281250001,2953.8867187500005,0.07565375,5.2515625,46.024,
0,2,,,10.081291198730469,52.93762207031251,2955.7226562500005,0.0756084375,5.251171875000001,46.058,
0,2,,,10.082054138183596,52.95288085937501,2957.5585937500005,0.07561593750000001,5.252148437500001,46.092,
0,2,,,10.082054138183596,52.95288085937501,2959.4042968750005,0.07561593750000001,5.252148437500001,46.126,
0,2,,,10.08758544921875,52.97607421875,2961.0742187500005,0.07565625000000001,5.2515625,46.16,
0,2,,,10.087013244628906,52.97058105468751,2962.9101562500005,0.07565187500000001,5.2513671875000005,46.194,
0,2,,,10.087013244628906,52.97058105468751,2964.74609375,0.07565187500000001,5.2513671875000005,46.228,
0,2,,,10.092735290527344,53.00170898437501,2966.5820312500005,0.07569468750000001,5.2515625,46.262,
0,2,,,10.069084167480469,52.8802490234375,2968.2519531250005,0.0755171875,5.2517578125,46.296,
0,2,,,10.069084167480469,52.8802490234375,2970.0976562500005,0.0755171875,5.2517578125,46.33,
0,2,,,10.109329223632814,53.08959960937501,2971.9433593750005,0.07582000000000001,5.2515625,46.364,
0,2,,,10.094261169433594,53.009033203125,2973.779296875,0.07570625,5.2513671875000005,46.398,
0,2,,,10.094261169433594,53.009033203125,2975.4492187500005,0.07570625,5.2513671875000005,46.432,
0,2,,,10.107231140136719,53.081054687500014,2977.294921875,0.0758040625,5.251953125,46.466,
0,2,,,10.088920593261719,52.98095703125,2979.1308593750005,0.07566625,5.2513671875000005,46.5,
0,2,,,10.088920593261719,52.98095703125,2980.966796875,0.07566625,5.2513671875000005,46.534,
0,2,,,10.07843017578125,52.92541503906251,2982.6464843750005,0.0755878125,5.2513671875000005,46.568,
0,2,,,10.089492797851562,52.98522949218751,2984.4824218750005,0.075670625,5.2515625,46.602,
0,2,,,10.089492797851562,52.98522949218751,2986.328125,0.075670625,5.2515625,46.636,
0,2,,,10.114669799804688,53.11706542968751,2988.1640625000005,0.075859375,5.2515625,46.67,
0,2,,,10.084724426269531,52.965087890625014,2990.0097656250005,0.07563500000000001,5.251953125,46.704,
0,2,,,10.084724426269531,52.965087890625014,2991.6796875000005,0.07563500000000001,5.251953125,46.738,
0,2,,,10.101890563964844,53.04992675781251,2993.5156250000005,0.0757634375,5.2515625,46.772,
0,2,,,10.082817077636719,52.95166015625001,2995.3515625000005,0.07562062500000001,5.2517578125,46.806,
0,2,,,10.082817077636719,52.95166015625001,2997.1972656250005,0.07562062500000001,5.2517578125,46.84,
0,2,,,10.106277465820312,53.07983398437501,2999.0429687500005,0.075796875,5.252148437500001,46.874,
0,2,,,10.09635925292969,53.021240234375,3000.7128906250005,0.07572187500000001,5.2515625,46.908,
0,2,,,10.09635925292969,53.021240234375,3002.5585937500005,0.07572187500000001,5.2515625,46.942,
0,2,,,10.107231140136719,53.07800292968751,3004.39453125,0.0758034375,5.2515625,46.976,
0,2,,,10.109138488769531,53.0914306640625,3006.2402343750005,0.0758184375,5.2517578125,47.01,
0,2,,,10.109138488769531,53.0914306640625,3007.9101562500005,0.0758184375,5.2517578125,47.044,
0,2,,,10.089302062988283,52.98522949218751,3009.7558593750005,0.07566937500000001,5.2517578125,47.078,
0,2,,,10.099792480468752,53.03771972656251,3011.5917968750005,0.07574781250000001,5.2513671875000005,47.112,
0,2,,,10.099792480468752,53.03771972656251,3013.4375,0.07572375,5.2517578125,47.146,
0,2,,,10.096549987792969,53.02490234375001,3015.2734375000005,0.07572375,5.2517578125,47.18,
0,2,,,10.102081298828127,53.05358886718751,3016.9531250000005,0.07576500000000001,5.2517578125,47.214,
0,2,,,10.102081298828127,53.05358886718751,3018.7890625000005,0.07567812500000001,5.2509765625,47.248,
0,2,,,10.090446472167969,52.98522949218751,3020.6250000000005,0.07567812500000001,5.2509765625,47.282,
0,2,,,10.097122192382812,53.02917480468751,3022.470703125,0.0757278125,5.251953125,47.316,
0,2,,,10.097122192382812,53.02917480468751,3024.1406250000005,0.07560593750000001,5.251953125,47.35,
0,2,,,10.080909729003906,52.943725585937514,3025.9765625000005,0.07560593750000001,5.251953125,47.384,
0,2,,,10.094833374023438,53.01391601562501,3027.8222656250005,0.075710625,5.2515625,47.418,
0,2,,,10.094833374023438,53.01391601562501,3029.6582031250005,0.07572000000000001,5.251171875000001,47.452,
0,2,,,10.095977783203127,53.01635742187501,3031.3281250000005,0.07572000000000001,5.251171875000001,47.486,
0,2,,,10.090827941894531,52.995605468750014,3033.1738281250005,0.0756803125,5.251953125,47.52,
0,2,,,10.090827941894531,53.05297851562501,3035.0097656250005,0.0757675,5.2515625,47.554,
0,2,,,10.102462768554688,53.05297851562501,3036.8554687500005,0.0757675,5.2515625,47.588,
0,2,,,10.101318359375,53.04931640625001,3038.6914062500005,0.0757596875,5.2517578125,47.622,
0,2,,,10.11028289794922,53.09570312500001,3040.37109375,0.07582625000000001,5.2517578125,47.656,
0,2,,,10.11028289794922,53.09570312500001,3042.2070312500005,0.07582625000000001,5.2517578125,47.69,
0,2,,,10.101318359375,53.04992675781251,3044.0527343750005,0.0757596875,5.2517578125,47.724,
0,2,,,10.105133056640625,53.065795898437514,3045.8984375,0.07578781250000001,5.2513671875000005,47.758,
0,2,,,10.105133056640625,53.065795898437514,3047.5683593750005,0.07578781250000001,5.2513671875000005,47.792,
0,2,,,10.088348388671877,52.98217773437501,3049.4140625000005,0.0756621875,5.2517578125,47.827,
0,2,,,10.103034973144533,53.05603027343751,3051.2500000000005,0.0757725,5.2515625,47.861,
0,2,,,10.103034973144533,53.05603027343751,3053.0957031250005,0.0757725,5.2515625,47.895,
0,2,,,10.104560852050783,53.0694580078125,3054.931640625,0.07578343750000001,5.252148437500001,47.929,
0,2,,,10.110092163085938,53.096923828125,3056.7773437500005,0.075825,5.251953125,47.963,
0,2,,,10.110092163085938,53.096923828125,3058.4472656250005,0.075825,5.251953125,47.997,
0,2,,,10.086822509765627,52.97302246093751,3060.2929687500005,0.0756509375,5.2517578125,48.031,
0,2,,,10.092163085937502,52.99865722656251,3062.1289062500005,0.0756909375,5.2515625,48.065,
0,2,,,10.092163085937502,52.99865722656251,3063.96484375,0.0756909375,5.2515625,48.099,
0,2,,,10.075378417968752,52.913208007812514,3065.6347656250005,0.07556500000000001,5.2517578125,48.133,
0,2,,,10.086250305175781,52.96813964843751,3067.470703125,0.0756465625,5.2515625,48.167,
0,2,,,10.086250305175781,52.96813964843751,3069.3164062500005,0.0756465625,5.2515625,48.201,
0,2,,,10.09349822998047,53.010864257812514,3071.1523437500005,0.07570093750000001,5.251953125,48.235,
0,2,,,10.107040405273438,53.07678222656251,3072.8320312500005,0.075801875,5.2515625,48.269,
0,2,,,10.107040405273438,53.07678222656251,3074.6679687500005,0.075801875,5.2515625,48.303,
0,2,,,10.094261169433594,53.010864257812514,3076.5136718750005,0.0757065625,5.2515625,48.337,
0,2,,,10.113906860351562,53.1182861328125,3078.3593750000005,0.07585375000000001,5.251953125,48.371,
0,2,,,10.113906860351562,53.1182861328125,3080.0292968750005,0.07585375000000001,5.251953125,48.405,
0,2,,,10.100746154785158,53.04260253906251,3081.875,0.0757553125,5.2513671875000005,48.438,
0,2,,,10.109329223632814,53.09204101562501,3083.7109375000005,0.07581968750000001,5.2517578125,48.472,
0,2,,,10.109329223632814,53.09204101562501,3085.5566406250005,0.07581968750000001,5.2517578125,48.506,
0,2,,,10.098838806152346,53.03955078125,3087.2265625,0.075740625,5.252148437500001,48.54,
0,2,,,10.099029541015625,53.035888671875,3089.0722656250005,0.0757425,5.2515625,48.574,
0,2,,,10.099029541015625,53.035888671875,3090.908203125,0.0757425,5.2515625,48.608,
0,2,,,10.09788513183594,53.02490234375001,3092.7539062500005,0.0757334375,5.251171875000001,48.642,
0,2,,,10.110855102539062,53.09814453125,3094.5898437500005,0.07583031250000001,5.2517578125,48.676,
0,2,,,10.110855102539062,53.09814453125,3096.2695312500005,0.07583031250000001,5.2517578125,48.71,
0,2,,,10.110092163085938,53.096923828125,3098.1152343750005,0.07582625000000001,5.2517578125,48.744,
0,2,,,10.108184814453125,53.081054687500014,3099.9511718750005,0.07581156250000001,5.2513671875000005,48.778,
0,2,,,10.108184814453125,53.081054687500014,3101.7968750000005,0.07571625000000001,5.251953125,48.812,
0,2,,,10.095596313476562,53.0206298828125,3103.4667968750005,0.07571625000000001,5.251953125,48.846,
0,2,,,10.09674072265625,53.02490234375001,3105.3125,0.075725,5.2517578125,48.881,
0,2,,,10.09674072265625,53.02490234375001,3107.1484375000005,0.07568625000000001,5.251953125,48.915,
0,2,,,10.091590881347658,52.999267578125,3108.9843750000005,0.07568625000000001,5.251953125,48.949,
0,2,,,10.092544555664064,53.00048828125001,3110.8300781250005,0.0756934375,5.2515625,48.983,
0,2,,,10.092544555664064,53.00048828125001,3112.5000000000005,0.0757909375,5.2513671875000005,49.017,
0,2,,,10.10551452636719,53.0670166015625,3114.345703125,0.0757909375,5.2513671875000005,49.051,
0,2,,,10.10112762451172,53.04748535156251,3116.1816406250005,0.07575781250000001,5.2517578125,49.085,
0,2,,,10.10112762451172,53.04748535156251,3118.0273437500005,0.0756975,5.251953125,49.119,
0,2,,,10.093116760253908,53.0084228515625,3119.697265625,0.0756975,5.251953125,49.153,
0,2,,,10.103034973144533,53.0572509765625,3121.5429687500005,0.07577281250000001,5.2515625,49.187,
0,2,,,10.103034973144533,52.98217773437501,3123.37890625,0.07566031250000001,5.251953125,49.221,
0,2,,,10.088157653808594,52.98217773437501,3125.2148437500005,0.07566031250000001,5.251953125,49.255,
0,2,,,10.080718994140627,52.93579101562501,3127.0507812500005,0.075605,5.251171875000001,49.289,
0,2,,,10.08586883544922,52.97241210937501,3128.73046875,0.075644375,5.252148437500001,49.323,
0,2,,,10.08586883544922,52.97241210937501,3130.5664062500005,0.075644375,5.252148437500001,49.357,
0,2,,,10.091209411621096,52.99072265625,3132.4023437500005,0.07568437500000001,5.251171875000001,49.39,
0,2,,,10.104942321777346,53.06823730468751,3134.2480468750005,0.0757865625,5.2517578125,49.424,
0,2,,,10.104942321777346,53.06823730468751,3135.9179687500005,0.0757865625,5.2517578125,49.458,
0,2,,,10.09674072265625,53.02490234375001,3137.763671875,0.075725,5.2517578125,49.492,
0,2,,,10.120010375976562,53.15002441406251,3139.6093750000005,0.07589968750000001,5.251953125,49.526,
0,2,,,10.120010375976562,53.15002441406251,3141.4453125,0.07589968750000001,5.251953125,49.56,
0,2,,,10.081291198730469,52.94250488281251,3143.1250000000005,0.075609375,5.2515625,49.594,
0,2,,,10.103225708007812,53.06152343750001,3144.9609375000005,0.0757740625,5.251953125,49.628,
0,2,,,10.103225708007812,53.06152343750001,3146.796875,0.0757740625,5.251953125,49.662,
0,2,,,10.087966918945312,52.974243164062514,3148.6425781250005,0.075659375,5.2513671875000005,49.696,
0,2,,,10.098075866699219,53.037109375,3150.3125,0.0757359375,5.252148437500001,49.73,
0,2,,,10.098075866699219,53.037109375,3152.1484375,0.0757359375,5.252148437500001,49.764,
0,2,,,10.092353820800781,53.00415039062501,3153.9941406250005,0.07569281250000001,5.251953125,49.798,
0,2,,,10.092926025390625,53.0084228515625,3155.830078125,0.07569625,5.252148437500001,49.832,
0,2,,,10.092926025390625,53.0084228515625,3157.6660156250005,0.07569625,5.252148437500001,49.866,
0,2,,,10.089683532714846,52.989501953125014,3159.345703125,0.0756725,5.251953125,49.9,
0,2,,,10.098838806152346,53.03833007812501,3161.181640625,0.07574156250000001,5.251953125,49.935,
0,2,,,10.098838806152346,53.03833007812501,3163.0273437500005,0.07574156250000001,5.251953125,49.969,
0,2,,,10.099792480468752,53.041381835937514,3164.8730468750005,0.07574750000000001,5.2517578125,50.003,
0,2,,,10.114479064941408,53.11706542968751,3166.7089843750005,0.07585812500000001,5.2517578125,50.037,
0,2,,,10.114479064941408,53.11706542968751,3168.3886718750005,0.07585812500000001,5.2517578125,50.071,
0,2,,,10.106277465820312,53.07495117187501,3170.234375,0.075796875,5.2517578125,50.105,
0,2,,,10.128974914550781,53.19274902343751,3172.0800781250005,0.07596625000000001,5.2515625,50.139,
0,2,,,10.128974914550781,53.19274902343751,3173.9257812500005,0.07596625000000001,5.2515625,50.173,
0,2,,,10.113334655761719,53.111572265625014,3175.5957031250005,0.0758503125,5.2515625,50.207,
0,2,,,10.116767883300781,53.131103515625,3177.4414062500005,0.0758759375,5.2517578125,50.241,
0,2,,,10.116767883300781,53.131103515625,3179.287109375,0.0758759375,5.2517578125,50.275,
0,2,,,10.101699829101564,53.05603027343751,3181.1230468750005,0.07576281250000001,5.252148437500001,50.309,
0,2,,,10.120582580566406,53.15185546875,3182.8027343750005,0.07590406250000001,5.251953125,50.343,
0,2,,,10.120582580566406,53.15185546875,3184.638671875,0.07590406250000001,5.2517578125,50.377,
0,2,,,10.09349822998047,53.00720214843751,3186.4843750000005,0.07570062500000001,5.2517578125,50.41,
0,2,,,10.102272033691406,53.05786132812501,3188.3300781250005,0.07576625000000001,5.252148437500001,50.444,
0,2,,,10.102272033691406,53.05786132812501,3190.0000000000005,0.07576625000000001,5.2515625,50.478,
0,2,,,10.091209411621096,52.99438476562501,3191.8359375000005,0.07568437500000001,5.2515625,50.512,
0,2,,,10.116195678710938,53.128662109375,3193.6816406250005,0.07587093750000001,5.251953125,50.546,
0,2,,,10.116195678710938,53.128662109375,3195.5371093750005,0.07598375,5.251171875000001,50.581,
0,2,,,10.131263732910158,53.20068359375,3197.3730468750005,0.07598375,5.251171875000001,50.615,
0,2,,,10.117340087890627,53.13415527343751,3199.0527343750005,0.0758803125,5.2517578125,50.649,
0,2,,,10.117340087890627,53.13415527343751,3200.898437500001,0.07581312500000001,5.251953125,50.683,
0,2,,,10.108566284179688,53.08959960937501,3202.744140625,0.07581312500000001,5.251953125,50.717,
0,2,,,10.10875701904297,53.0853271484375,3204.5800781250005,0.07581500000000001,5.2513671875000005,50.751,
0,2,,,10.10875701904297,53.0853271484375,3206.259765625,0.075925,5.2517578125,50.784,
0,2,,,10.123443603515625,53.16467285156251,3208.1054687500005,0.075925,5.2517578125,50.818,
0,2,,,10.129165649414062,53.19274902343751,3209.9511718750005,0.07596875,5.2515625,50.852,
0,2,,,10.129165649414062,53.19274902343751,3211.7968750000005,0.07580906250000001,5.2515625,50.886,
0,2,,,10.107994079589844,53.082275390625,3213.6328125,0.07580906250000001,5.2515625,50.92,
0,2,,,10.122108459472658,53.157348632812514,3215.3125000000005,0.0759159375,5.2515625,50.954,
0,2,,,10.118293762207033,53.13476562500001,3217.158203125001,0.075886875,5.2513671875000005,50.989,
0,2,,,10.118293762207033,53.13476562500001,3219.00390625,0.075886875,5.2513671875000005,51.023,
0,2,,,10.13336181640625,53.21777343750001,3220.849609375,0.07600000000000001,5.2517578125,51.057,
0,2,,,10.123252868652344,53.16162109375,3222.6953125000005,0.07592343750000001,5.2515625,51.091,
0,2,,,10.123252868652344,53.16162109375,3224.375,0.07592343750000001,5.2515625,51.125,
0,2,,,10.129737854003908,53.19519042968751,3226.23046875,0.07597250000000001,5.2513671875000005,51.159,
0,2,,,10.151672363281252,53.31787109375001,3228.076171875,0.07613781250000001,5.252148437500001,51.193,
0,2,,,10.151672363281252,53.31787109375001,3229.9218750000005,0.07613781250000001,5.252148437500001,51.227,
0,2,,,10.130310058593752,53.20617675781251,3231.6015625,0.0759771875,5.252148437500001,51.261,
0,2,,,10.11638641357422,53.12561035156251,3233.447265625,0.075871875,5.2515625,51.295,
0,2,,,10.11638641357422,53.12561035156251,3235.2929687500005,0.075871875,5.2515625,51.329,
0,2,,,10.1409912109375,53.25683593750001,3237.1386718750005,0.07605656250000001,5.2517578125,51.363,
0,2,,,10.130882263183594,53.20068359375,3238.818359375,0.07598062500000001,5.2513671875000005,51.397,
0,2,,,10.130882263183594,53.20068359375,3240.6640625000005,0.07598062500000001,5.2513671875000005,51.431,
0,2,,,10.128021240234375,53.19519042968751,3242.5097656250005,0.07595968750000001,5.2523437500000005,51.465,
0,2,,,10.138702392578125,53.24462890625001,3244.3652343750005,0.07604031250000001,5.2515625,51.499,
0,2,,,10.138702392578125,53.24462890625001,3246.201171875,0.07604031250000001,5.2515625,51.533,
0,2,,,10.128021240234375,53.18603515625001,3247.8808593750005,0.07595937500000001,5.2515625,51.567,
0,2,,,10.119819641113283,53.1439208984375,3249.726562500001,0.07589843750000001,5.2515625,51.601,
0,2,,,10.119819641113283,53.1439208984375,3251.572265625,0.07589843750000001,5.2515625,51.635,
0,2,,,10.128974914550781,53.194580078125,3253.41796875,0.07596625000000001,5.2517578125,51.669,
0,2,,,10.111427307128906,53.09936523437501,3255.097656250001,0.0758359375,5.2513671875000005,51.703,
0,2,,,10.111427307128906,53.09936523437501,3256.9335937500005,0.0758359375,5.2513671875000005,51.737,
0,2,,,10.112762451171875,53.10791015625001,3258.7792968750005,0.07584531250000001,5.2515625,51.77,
0,2,,,10.116767883300781,53.1304931640625,3260.6250000000005,0.075875625,5.2517578125,51.804,
0,2,,,10.116767883300781,53.1304931640625,3262.294921875,0.075875625,5.2517578125,51.838,
0,2,,,10.094070434570314,53.009033203125,3264.1406250000005,0.07570500000000001,5.2515625,51.872,
0,2,,,10.11810302734375,53.13537597656251,3265.986328125001,0.07588562500000001,5.2515625,51.906,
0,2,,,10.11810302734375,53.13537597656251,3267.8417968750005,0.07588562500000001,5.2515625,51.94,
0,2,,,10.144615173339846,53.2745361328125,3269.5117187500005,0.07608468750000001,5.2515625,51.974,
0,2,,,10.118865966796877,53.13720703125,3271.357421875001,0.0758909375,5.2513671875000005,52.008,
0,2,,,10.118865966796877,53.13720703125,3273.2128906250005,0.0758909375,5.2515625,52.043,
0,2,,,10.139846801757814,53.24951171875,3275.048828125,0.076049375,5.2515625,52.077,
0,2,,,10.129928588867188,53.20129394531251,3276.8945312500005,0.0759734375,5.251953125,52.111,
0,2,,,10.129928588867188,53.20129394531251,3278.7402343750005,0.0759734375,5.2513671875000005,52.145,
0,2,,,10.114097595214846,53.11279296875,3280.419921875,0.07585593750000001,5.2513671875000005,52.179,
0,2,,,10.12554168701172,53.17199707031251,3282.2656250000005,0.075941875,5.2513671875000005,52.213,
0,2,,,10.12554168701172,53.17199707031251,3284.1113281250005,0.07598906250000001,5.251953125,52.247,
0,2,,,10.1318359375,53.21228027343751,3285.9570312500005,0.07598906250000001,5.251953125,52.281,
0,2,,,10.117340087890627,53.13232421875001,3287.6367187500005,0.07587937500000001,5.2517578125,52.315,
0,2,,,10.117340087890627,53.13232421875001,3289.4824218750005,0.07595750000000001,5.251953125,52.349,
0,2,,,10.127639770507812,53.189697265625,3291.3281250000005,0.07595750000000001,5.251953125,52.383,
0,2,,,10.11962890625,53.14514160156251,3293.173828125,0.0758971875,5.2517578125,52.417,
0,2,,,10.11962890625,53.14514160156251,3294.8437500000005,0.07579250000000001,5.2515625,52.451,
0,2,,,10.105705261230469,53.07067871093751,3296.689453125,0.07579250000000001,5.2515625,52.485,
0,2,,,10.133743286132812,53.21777343750001,3298.5351562500005,0.0760025,5.2515625,52.519,
0,2,,,10.133743286132812,53.21777343750001,3300.380859375,0.07587468750000001,5.251953125,52.553,
0,2,,,10.1165771484375,53.131103515625,3302.060546875,0.07587468750000001,5.251953125,52.587,
0,2,,,10.11314392089844,53.111572265625014,3303.8964843750005,0.0758478125,5.2517578125,52.621,
0,3,,,8.161735534667969,42.8985595703125,3798.583984375,0.0613575,5.256054687500001,63.965,
0,3,,,8.180999755859375,42.99987792968751,3799.951171875,0.0613575,5.256054687500001,63.999,
0,3,,,8.214569091796875,43.17443847656251,3801.4453125000005,0.06160937500000001,5.255859375,64.033,
0,3,,,8.214569091796875,43.17443847656251,3802.949218750001,0.06165687500000001,5.25546875,64.067,
0,3,,,8.220863342285156,43.20495605468751,3804.443359375,0.06165687500000001,5.25546875,64.101,
0,3,,,8.228302001953125,43.25012207031251,3805.810546875,0.061711875000000006,5.2562500000000005,64.135,
0,3,,,8.21990966796875,43.2025146484375,3807.3144531250005,0.061649062500000004,5.255859375,64.169,
0,3,,,8.21990966796875,43.2025146484375,3808.808593750001,0.061649062500000004,5.255859375,64.203,
0,3,,,8.216476440429688,43.18054199218751,3810.302734375,0.061623750000000005,5.2552734375000005,64.237,
0,3,,,8.209609985351562,43.14697265625001,3811.669921875,0.0615715625,5.2556640625,64.271,
0,3,,,8.209609985351562,43.14697265625001,3813.1640625000005,0.0615715625,5.2556640625,64.306,
0,3,,,8.212471008300781,43.16284179687501,3814.667968750001,0.06159250000000001,5.255859375,64.34,
0,3,,,8.218193054199219,43.1939697265625,3816.162109375,0.061636250000000004,5.255859375,64.374,
0,3,,,8.218193054199219,43.1939697265625,3817.6660156250005,0.061636250000000004,5.255859375,64.408,
0,3,,,8.222007751464844,43.21105957031251,3819.1699218750005,0.0616646875,5.2556640625,64.442,
0,3,,,8.225822448730469,43.22937011718751,3820.527343750001,0.06169406250000001,5.2552734375000005,64.476,
0,3,,,8.225822448730469,43.22937011718751,3822.03125,0.06169406250000001,5.2552734375000005,64.51,
0,3,,,8.234214782714844,43.27636718750001,3823.53515625,0.06175656250000001,5.2556640625,64.544,
0,3,,,8.219718933105469,43.20190429687501,3825.0292968750005,0.061648125000000005,5.255859375,64.578,
0,3,,,8.219718933105469,43.20190429687501,3826.3964843750005,0.061648125000000005,5.255859375,64.612,
0,3,,,8.229637145996094,43.255615234375,3827.9003906250005,0.061721875,5.256054687500001,64.646,
0,3,,,8.237266540527344,43.29162597656251,3829.404296875,0.061779375000000004,5.2556640625,64.68,
0,3,,,8.237266540527344,43.29162597656251,3830.8984375,0.061779375000000004,5.2556640625,64.714,
0,3,,,8.222770690917969,43.21472167968751,3832.4023437500005,0.061670312500000005,5.2556640625,64.748,
0,3,,,8.223342895507814,43.21960449218751,3833.7597656250005,0.061674375000000003,5.255859375,64.782,
0,3,,,8.223342895507814,43.21960449218751,3835.263671875,0.061674375000000003,5.255859375,64.816,
0,3,,,8.225631713867188,43.22937011718751,3836.7675781250005,0.061692500000000004,5.25546875,64.85,
0,3,,,8.230018615722658,43.25256347656251,3838.2617187500005,0.06172468750000001,5.25546875,64.884,
0,3,,,8.230018615722658,43.25256347656251,3839.6289062500005,0.06172468750000001,5.25546875,64.918,
0,3,,,8.219718933105469,43.19946289062501,3841.1328125000005,0.06164750000000001,5.2556640625,64.952,
0,3,,,8.228492736816406,43.240966796875,3842.6269531250005,0.0617134375,5.255078125000001,64.986,
0,3,,,8.228492736816406,43.240966796875,3844.1308593750005,0.0617134375,5.255078125000001,65.02,
0,3,,,8.225250244140627,43.2269287109375,3845.4882812500005,0.06168968750000001,5.2552734375000005,65.054,
0,3,,,8.221626281738281,43.21105957031251,3846.9921875000005,0.0616625,5.255859375,65.088,
0,3,,,8.221626281738281,43.21105957031251,3848.4960937500005,0.0616625,5.255859375,65.122,
0,3,,,8.224678039550781,43.22387695312501,3849.9902343750005,0.061685312500000006,5.25546875,65.156,
0,3,,,8.224105834960938,43.22509765625,3851.4941406250005,0.061680937500000005,5.255859375,65.19,
0,3,,,8.224105834960938,43.22509765625,3852.8613281250005,0.061680937500000005,5.255859375,65.224,
0,3,,,8.227920532226562,43.24462890625001,3854.365234375001,0.061709687500000006,5.255859375,65.258,
0,3,,,8.231735229492188,43.26293945312501,3855.859375,0.06173750000000001,5.2556640625,65.292,
0,3,,,8.231735229492188,43.26293945312501,3857.3632812500005,0.06161156250000001,5.256054687500001,65.326,
0,3,,,8.214950561523438,43.17810058593751,3858.7207031250005,0.06161156250000001,5.256054687500001,65.36,
0,3,,,8.228302001953125,43.24401855468751,3860.224609375001,0.061711562500000004,5.2556640625,65.394,
0,3,,,8.228302001953125,43.24401855468751,3861.728515625001,0.061748750000000005,5.255859375,65.428,
0,3,,,8.233261108398438,43.272705078125,3863.2226562500005,0.061748750000000005,5.255859375,65.462,
0,3,,,8.223915100097656,43.22387695312501,3864.7363281250005,0.061678750000000004,5.255859375,65.496,
0,3,,,8.223915100097656,43.22387695312501,3866.0937500000005,0.061687187500000004,5.255859375,65.53,
0,3,,,8.224868774414062,43.22937011718751,3867.5976562500005,0.061687187500000004,5.255859375,65.564,
0,3,,,8.230018615722658,43.25683593750001,3869.0917968750005,0.06172593750000001,5.256054687500001,65.598,
0,3,,,8.230018615722658,43.25683593750001,3870.5957031250005,0.061701875,5.2556640625,65.632,
0,3,,,8.226966857910156,43.23791503906251,3871.9628906250005,0.061701875,5.2556640625,65.666,
0,3,,,8.222579956054688,43.212890625,3873.4570312500005,0.0616690625,5.25546875,65.7,
0,3,,,8.222579956054688,43.26782226562501,3874.960937500001,0.06174593750000001,5.2556640625,65.734,
0,3,,,8.232879638671877,43.26782226562501,3876.4550781250005,0.06174593750000001,5.2556640625,65.768,
0,3,,,8.213233947753906,43.16650390625001,3877.9589843750005,0.0615990625,5.2556640625,65.802,
0,3,,,8.21952819824219,43.2025146484375,3879.3261718750005,0.06164625000000001,5.2562500000000005,65.836,
0,3,,,8.21952819824219,43.2025146484375,3880.820312500001,0.06164625000000001,5.2562500000000005,65.87,
0,3,,,8.217239379882812,43.18542480468751,3882.32421875,0.06162937500000001,5.25546875,65.904,
0,3,,,8.221626281738281,43.212890625,3883.8183593750005,0.061661875000000005,5.256054687500001,65.938,
0,3,,,8.221626281738281,43.212890625,3885.1855468750005,0.061661875000000005,5.256054687500001,65.972,
0,3,,,8.235359191894531,43.28063964843751,3886.689453125001,0.0617653125,5.25546875,66.006,
0,3,,,8.218002319335938,43.18908691406251,3888.18359375,0.061635,5.25546875,66.04,
0,3,,,8.218002319335938,43.18908691406251,3889.6875000000005,0.061635,5.25546875,66.074,
0,3,,,8.216094970703125,43.18359375000001,3891.0449218750005,0.06162093750000001,5.256054687500001,66.108,
0,3,,,8.223724365234375,43.22204589843751,3892.548828125001,0.0616784375,5.255859375,66.142,
0,3,,,8.223724365234375,43.22204589843751,3894.04296875,0.0616784375,5.255859375,66.176,
0,3,,,8.220672607421875,43.20800781250001,3895.5468750000005,0.0616540625,5.256054687500001,66.21,
0,3,,,8.218765258789062,43.194580078125,3896.9140625000005,0.0616403125,5.2556640625,66.244,
0,3,,,8.218765258789062,43.194580078125,3898.408203125001,0.0616403125,5.2556640625,66.278,
0,3,,,8.228874206542969,43.25073242187501,3899.9121093750005,0.061715937500000005,5.256054687500001,66.312,
0,3,,,8.2183837890625,43.19335937500001,3901.416015625,0.061638125,5.2556640625,66.346,
0,3,,,8.2183837890625,43.19335937500001,3902.9101562500005,0.061638125,5.2556640625,66.38,
0,3,,,8.221626281738281,43.21411132812501,3904.2773437500005,0.0616625,5.256054687500001,66.414,
0,3,,,8.21533203125,43.1787109375,3905.7714843750005,0.061615,5.255859375,66.448,
0,3,,,8.21533203125,43.1787109375,3907.275390625,0.061615,5.255859375,66.482,
0,3,,,8.232498168945312,43.26965332031251,3908.7695312500005,0.061743437500000005,5.256054687500001,66.517,
0,3,,,8.223152160644531,43.22021484375001,3910.273437500001,0.061673750000000006,5.255859375,66.551,
0,3,,,8.223152160644531,43.22021484375001,3911.6406250000005,0.061673750000000006,5.255859375,66.585,
0,3,,,8.215141296386719,43.1787109375,3913.134765625,0.06161375,5.256054687500001,66.619,
0,3,,,8.226966857910156,43.240966796875,3914.638671875,0.06170250000000001,5.256054687500001,66.653,
0,3,,,8.226966857910156,43.240966796875,3916.132812500001,0.06170250000000001,5.256054687500001,66.686,
0,3,,,8.215522766113281,43.1793212890625,3917.5000000000005,0.06161687500000001,5.255859375,66.72,
0,3,,,8.213996887207031,43.17138671875001,3918.994140625,0.06160406250000001,5.255859375,66.754,
0,3,,,8.213996887207031,43.17138671875001,3920.498046875,0.06160406250000001,5.255859375,66.788,
0,3,,,8.211326599121094,43.157958984375,3921.992187500001,0.06158500000000001,5.255859375,66.822,
0,3,,,8.222007751464844,43.21228027343751,3923.3593750000005,0.06166437500000001,5.255859375,66.856,
0,3,,,8.222007751464844,43.21228027343751,3924.853515625,0.06166437500000001,5.2562500000000005,66.89,
0,3,,,8.217048645019531,43.19091796875001,3926.357421875,0.061627812500000004,5.2562500000000005,66.924,
0,3,,,8.217620849609377,43.18786621093751,3927.851562500001,0.0616328125,5.25546875,66.958,
0,3,,,8.217620849609377,43.18786621093751,3929.355468750001,0.0616328125,5.2562500000000005,66.992,
0,3,,,8.217048645019531,43.19091796875001,3930.722656250001,0.061628125000000006,5.2562500000000005,67.026,
0,3,,,8.232498168945312,43.26965332031251,3932.216796875,0.06174375000000001,5.256054687500001,67.06,
0,3,,,8.232498168945312,43.26965332031251,3933.7207031250005,0.061656562500000005,5.256054687500001,67.094,
0,3,,,8.220863342285156,43.20861816406251,3935.2246093750005,0.061656562500000005,5.256054687500001,67.128,
0,3,,,8.219718933105469,43.20068359375001,3936.582031250001,0.061646875000000004,5.255859375,67.162,
0,3,,,8.219718933105469,43.20068359375001,3938.0859375000005,0.061688437500000005,5.2556640625,67.196,
0,3,,,8.225059509277344,43.22875976562501,3939.5800781250005,0.061688437500000005,5.2556640625,67.23,
0,3,,,8.216285705566406,43.18542480468751,3941.0839843750005,0.061621562500000004,5.256054687500001,67.264,
0,3,,,8.216285705566406,43.18542480468751,3942.441406250001,0.061634375000000005,5.25546875,67.298,
0,3,,,8.218002319335938,43.18969726562501,3943.9453125000005,0.061634375000000005,5.25546875,67.332,
0,3,,,8.223915100097656,43.22021484375001,3945.4492187500005,0.061679062500000006,5.25546875,67.366,
0,3,,,8.223915100097656,43.22021484375001,3946.9433593750005,0.0616678125,5.256054687500001,67.4,
0,3,,,8.222389221191408,43.21655273437501,3948.3105468750005,0.0616678125,5.256054687500001,67.434,
0,3,,,8.216476440429688,43.18359375000001,3949.8046875000005,0.061623750000000005,5.2556640625,67.468,
0,3,,,8.216476440429688,43.23974609375,3951.3085937500005,0.0617059375,5.25546875,67.502,
0,3,,,8.2275390625,43.23974609375,3952.8027343750005,0.0617059375,5.25546875,67.536,
0,3,,,8.221817016601562,43.212890625,3954.306640625001,0.061664062500000005,5.255859375,67.571,
0,3,,,8.228683471679688,43.248291015625,3955.810546875,0.061714375,5.255859375,67.605,
0,3,,,8.228683471679688,43.248291015625,3957.177734375,0.061714375,5.255859375,67.639,
0,3,,,8.23211669921875,43.26599121093751,3958.6718750000005,0.061741250000000004,5.255859375,67.673,
0,3,,,8.231735229492188,43.26782226562501,3960.175781250001,0.061738125000000005,5.2562500000000005,67.706,
0,3,,,8.231735229492188,43.26782226562501,3961.6796875000005,0.061738125000000005,5.2562500000000005,67.74,
0,3,,,8.220291137695312,43.20312500000001,3963.037109375,0.06165281250000001,5.2556640625,67.774,
0,3,,,8.222389221191408,43.21594238281251,3964.5410156250005,0.061668125000000004,5.255859375,67.808,
0,3,,,8.222389221191408,43.21594238281251,3966.035156250001,0.061668125000000004,5.255859375,67.842,
0,3,,,8.213233947753906,43.17138671875001,3967.5390625000005,0.0615990625,5.2564453125,67.876,
0,3,,,8.224868774414062,43.2269287109375,3968.906250000001,0.0616859375,5.2556640625,67.91,
0,3,,,8.224868774414062,43.2269287109375,3970.4003906250005,0.0616859375,5.2556640625,67.944,
0,3,,,8.228492736816406,43.24768066406251,3971.9042968750005,0.061712812500000006,5.255859375,67.978,
0,3,,,8.22429656982422,43.2269287109375,3973.4082031250005,0.061681875000000004,5.256054687500001,68.012,
0,3,,,8.22429656982422,43.2269287109375,3974.765625000001,0.061681875000000004,5.256054687500001,68.046,
0,3,,,8.225250244140627,43.22998046875001,3976.2695312500005,0.061689375000000005,5.255859375,68.08,
0,3,,,8.226203918457033,43.22875976562501,3977.7734375000005,0.061695937500000006,5.255078125000001,68.114,
0,3,,,8.226203918457033,43.22875976562501,3979.2675781250005,0.061695937500000006,5.255078125000001,68.148,
0,3,,,8.218765258789062,43.194580078125,3980.6347656250005,0.061640625000000004,5.2556640625,68.182,
0,3,,,8.221626281738281,43.21044921875,3982.1289062500005,0.061661875000000005,5.2556640625,68.216,
0,3,,,8.221626281738281,43.21044921875,3983.6328125000005,0.061661875000000005,5.2556640625,68.25,
0,3,,,8.236312866210938,43.28857421875001,3985.1367187500005,0.061771875000000004,5.255859375,68.284,
0,3,,,8.221435546875002,43.21105957031251,3986.630859375001,0.06166125000000001,5.255859375,68.318,
0,3,,,8.221435546875002,43.21105957031251,3987.998046875001,0.06166125000000001,5.255859375,68.352,
0,3,,,8.216285705566406,43.18298339843751,3989.4921875000005,0.06162125,5.255859375,68.386,
0,3,,,8.222770690917969,43.21350097656251,3990.9960937500005,0.06167062500000001,5.25546875,68.42,
0,3,,,8.222770690917969,43.21350097656251,3992.5000000000005,0.06167062500000001,5.25546875,68.454,
0,3,,,8.224105834960938,43.22387695312501,3993.857421875001,0.061680000000000006,5.255859375,68.488,
0,3,,,8.217620849609377,43.18969726562501,3995.361328125,0.06163156250000001,5.255859375,68.522,
0,3,,,8.217620849609377,43.18969726562501,3996.8554687500005,0.06163156250000001,5.255859375,68.556,
0,3,,,8.221817016601562,43.212890625,3998.3593750000005,0.061662812500000004,5.256054687500001,68.59,
0,3,,,8.228492736816406,43.24768066406251,3999.8632812500005,0.061714375,5.255859375,68.624,
0,3,,,8.228492736816406,43.24768066406251,4001.220703125,0.061714375,5.2556640625,68.658,
0,3,,,8.219718933105469,43.20007324218751,4002.724609375,0.0616478125,5.2556640625,68.692,
0,3,,,8.218574523925783,43.19091796875001,4004.2187500000005,0.061639375,5.2552734375000005,68.726,
0,3,,,8.218574523925783,43.19091796875001,4005.7226562500005,0.06173000000000001,5.255859375,68.76,
0,3,,,8.230781555175781,43.2586669921875,4007.089843750001,0.06173000000000001,5.255859375,68.794,
0,3,,,8.235931396484375,43.28369140625001,4008.59375,0.06176937500000001,5.25546875,68.828,
0,3,,,8.235931396484375,43.28369140625001,4010.09765625,0.061718125000000006,5.25546875,68.862,
0,3,,,8.229064941406252,43.248291015625,4011.591796875001,0.061718125000000006,5.25546875,68.896,
0,3,,,8.21666717529297,43.18542480468751,4013.095703125001,0.061624687500000004,5.255859375,68.93,
0,3,,,8.21666717529297,43.18542480468751,4014.453125,0.06175875000000001,5.2556640625,68.964,
0,3,,,8.234596252441406,43.27758789062501,4015.95703125,0.06175875000000001,5.2556640625,68.998,
0,3,,,8.223152160644531,43.22021484375001,4017.4609375,0.061673750000000006,5.255859375,69.032,
0,3,,,8.223152160644531,43.22021484375001,4018.955078125001,0.06168781250000001,5.2556640625,69.066,
0,3,,,8.225059509277344,43.22753906250001,4020.3222656250005,0.06168781250000001,5.2556640625,69.1,
0,3,,,8.221054077148438,43.20495605468751,4021.8261718750005,0.0616571875,5.25546875,69.134,
0,3,,,8.221054077148438,43.20495605468751,4023.3300781250005,0.06177781250000001,5.2552734375000005,69.168,
0,3,,,8.237075805664062,43.2879638671875,4024.824218750001,0.06177781250000001,5.2552734375000005,69.202,
0,3,,,8.218002319335938,43.19274902343751,4026.1914062500005,0.06163468750000001,5.255859375,69.236,
0,3,,,8.224678039550781,43.2269287109375,4027.6855468750005,0.061685312500000006,5.255859375,69.27,
0,3,,,8.224678039550781,43.2269287109375,4029.1894531250005,0.061685312500000006,5.255859375,69.304,
0,3,,,8.240318298339844,43.30993652343751,4030.6933593750005,0.061801562500000004,5.255859375,69.338,
0,3,,,8.225440979003906,43.23059082031251,4032.060546875001,0.06169093750000001,5.255859375,69.372,
0,3,,,8.225440979003906,43.23059082031251,4033.5546875000005,0.06169093750000001,5.255859375,69.406,
0,3,,,8.227920532226562,43.2421875,4035.0585937500005,0.06171000000000001,5.25546875,69.44,
0,3,,,8.225631713867188,43.2330322265625,4036.5625000000005,0.06169187500000001,5.255859375,69.474,
0,3,,,8.225631713867188,43.2330322265625,4038.0566406250005,0.06169187500000001,5.255859375,69.508,
0,3,,,8.228302001953125,43.24890136718751,4039.423828125001,0.06171218750000001,5.256054687500001,69.542,
0,3,,,8.231735229492188,43.26721191406251,4040.927734375001,0.06173843750000001,5.256054687500001,69.576,
0,3,,,8.231735229492188,43.26721191406251,4042.431640625,0.06173843750000001,5.256054687500001,69.61,
0,3,,,8.229446411132812,43.25317382812501,4043.9355468750005,0.0617209375,5.255859375,69.644,
0,3,,,8.23974609375,43.30566406250001,4045.4394531250005,0.061798437500000004,5.2556640625,69.678,
0,3,,,8.23974609375,43.30566406250001,4046.796875000001,0.061798437500000004,5.2556640625,69.712,
0,3,,,8.229827880859375,43.2562255859375,4048.300781250001,0.061723437500000006,5.256054687500001,69.746,
0,3,,,8.229827880859375,43.25134277343751,4049.8046875,0.0617240625,5.25546875,69.78,
0,3,,,8.229827880859375,43.25134277343751,4051.2988281250005,0.0617240625,5.25546875,69.814,
0,3,,,8.228683471679688,43.24645996093751,4052.6660156250005,0.061714687500000004,5.2556640625,69.848,
0,3,,,8.22715759277344,43.23730468750001,4054.1699218750005,0.06170375,5.25546875,69.882,
0,3,,,8.22715759277344,43.23730468750001,4055.6640625,0.06170375,5.25546875,69.916,
0,3,,,8.231163024902344,43.26660156250001,4057.16796875,0.061733750000000004,5.2564453125,69.95,
0,3,,,8.216094970703125,43.179931640625,4058.5253906250005,0.061620625000000005,5.2556640625,69.984,
0,3,,,8.216094970703125,43.179931640625,4060.0292968750005,0.061620625000000005,5.2556640625,70.018,
0,3,,,8.223342895507814,43.22021484375001,4061.533203125001,0.0616753125,5.255859375,70.052,
0,3,,,8.223533630371094,43.22143554687501,4063.02734375,0.061676562500000004,5.255859375,70.086,
0,3,,,8.223533630371094,43.22143554687501,4064.3945312500005,0.061676562500000004,5.255859375,70.12,
0,3,,,8.2275390625,43.24401855468751,4065.8984375000005,0.061706562500000006,5.256054687500001,70.154,
0,3,,,8.232688903808594,43.2708740234375,4067.4023437500005,0.0617453125,5.256054687500001,70.188,
0,3,,,8.232688903808594,43.2708740234375,4068.896484375,0.0617453125,5.256054687500001,70.222,
0,3,,,8.225059509277344,43.22753906250001,4070.263671875,0.061688125,5.2556640625,70.256,
0,3,,,8.230209350585938,43.25805664062501,4071.7675781250005,0.06172625,5.256054687500001,70.29,
0,3,,,8.230209350585938,43.25805664062501,4073.2714843750005,0.06172625,5.256054687500001,70.324,
0,3,,,8.233261108398438,43.270263671875,4074.7753906250005,0.06174906250000001,5.2556640625,70.358,
0,3,,,8.232498168945312,43.26843261718751,4076.2695312500005,0.06174375000000001,5.255859375,70.392,
0,3,,,8.232498168945312,43.26843261718751,4077.63671875,0.06174375000000001,5.255859375,70.426,
0,3,,,8.229255676269531,43.25256347656251,4079.1308593750005,0.061720000000000004,5.255859375,70.46,
0,3,,,8.219718933105469,43.2037353515625,4080.6347656250005,0.06164750000000001,5.2562500000000005,70.494,
0,3,,,8.219718933105469,43.2037353515625,4082.1386718750005,0.061596875,5.25546875,70.528,
0,3,,,8.212852478027346,43.16223144531251,4083.49609375,0.061596875,5.25546875,70.562,
0,3,,,8.216285705566406,43.18298339843751,4084.9902343750005,0.061622500000000004,5.255859375,70.596,
0,3,,,8.216285705566406,43.18298339843751,4086.4941406250005,0.061669375000000005,5.255859375,70.63,
0,3,,,8.222579956054688,43.21594238281251,4087.9980468750005,0.061669375000000005,5.255859375,70.664,
0,3,,,8.218002319335938,43.1939697265625,4089.35546875,0.061635,5.256054687500001,70.698,
0,3,,,8.218002319335938,43.1939697265625,4090.859375,0.061666250000000006,5.256054687500001,70.732,
0,3,,,8.222198486328125,43.21533203125001,4092.3535156250005,0.061666250000000006,5.256054687500001,70.766,
0,3,,,8.228111267089846,43.24157714843751,4093.8574218750005,0.061710625000000005,5.25546875,70.8,
0,3,,,8.228111267089846,43.24157714843751,4095.3613281250005,0.061640937500000006,5.255859375,70.834,
0,3,,,8.218765258789062,43.1964111328125,4096.85546875,0.061640937500000006,5.255859375,70.868,
0,3,,,8.228683471679688,43.24707031250001,4098.222656250001,0.061714687500000004,5.2556640625,70.902,
0,3,,,8.228683471679688,43.1793212890625,4099.716796875001,0.061617500000000006,5.2556640625,70.936,
0,3,,,8.215713500976564,43.1793212890625,4101.220703125001,0.061617500000000006,5.2556640625,70.97,
0,3,,,8.223533630371094,43.22143554687501,4102.724609375001,0.06167593750000001,5.255859375,71.004,
0,3,,,8.226394653320312,43.2342529296875,4104.082031250001,0.0616975,5.2556640625,71.038,
0,3,,,8.226394653320312,43.2342529296875,4105.585937500001,0.0616975,5.2556640625,71.072,
0,3,,,8.218955993652344,43.1964111328125,4107.080078125001,0.061642812500000005,5.2556640625,71.106,
0,3,,,8.220100402832031,43.2037353515625,4108.583984375001,0.061651250000000005,5.255859375,71.14,
0,3,,,8.220100402832031,43.2037353515625,4109.941406250001,0.061651250000000005,5.255859375,71.174,
0,3,,,8.217620849609377,43.18969726562501,4111.445312500001,0.06163156250000001,5.255859375,71.208,
0,3,,,8.221435546875002,43.209228515625,4112.949218750001,0.06166125000000001,5.2556640625,71.242,
0,3,,,8.221435546875002,43.209228515625,4114.443359375001,0.06166125000000001,5.2556640625,71.276,
0,3,,,8.221435546875002,43.211669921875,4115.947265625001,0.061660000000000006,5.256054687500001,71.31,
0,3,,,8.2275390625,43.24157714843751,4117.314453125,0.061706250000000004,5.255859375,71.344,
0,3,,,8.2275390625,43.24157714843751,4118.808593750001,0.061706250000000004,5.255859375,71.378,
0,3,,,8.221244812011719,43.21044921875,4120.3125,0.06165906250000001,5.256054687500001,71.412,
0,3,,,8.225440979003906,43.23181152343751,4121.816406250001,0.061690625000000006,5.255859375,71.446,
0,3,,,8.225440979003906,43.23181152343751,4123.173828125,0.061690625000000006,5.255859375,71.48,
0,3,,,8.234977722167969,43.28125000000001,4124.677734375001,0.061762500000000005,5.255859375,71.514,
0,3,,,8.217048645019531,43.18969726562501,4126.181640625001,0.06162843750000001,5.256054687500001,71.548,
0,3,,,8.217048645019531,43.18969726562501,4127.675781250001,0.06162843750000001,5.256054687500001,71.582,
0,3,,,8.221054077148438,43.20800781250001,4129.033203125,0.061657812500000006,5.255859375,71.616,
0,3,,,8.209609985351562,43.14514160156251,4130.537109375001,0.06157125000000001,5.25546875,71.65,
0,3,,,8.209609985351562,43.14514160156251,4132.03125,0.06157125000000001,5.25546875,71.684,
0,3,,,8.223724365234375,43.22204589843751,4133.535156250001,0.06167812500000001,5.2556640625,71.718,
0,3,,,8.230972290039064,43.25805664062501,4134.90234375,0.0617315625,5.2556640625,71.752,
0,3,,,8.230972290039064,43.25805664062501,4136.40625,0.0617315625,5.2556640625,71.786,
0,3,,,8.221435546875002,43.21044921875,4137.900390625001,0.06166125000000001,5.255859375,71.82,
0,3,,,8.22601318359375,43.22998046875001,4139.404296875,0.061695625000000004,5.2552734375000005,71.854,
0,3,,,8.22601318359375,43.22998046875001,4140.908203125,0.061695625000000004,5.2552734375000005,71.888,
0,3,,,8.223533630371094,43.218994140625,4142.402343750001,0.061676562500000004,5.25546875,71.922,
0,3,,,8.218574523925783,43.1939697265625,4143.76953125,0.06163906250000001,5.2556640625,71.956,
0,3,,,8.218574523925783,43.1939697265625,4145.263671875,0.06163906250000001,5.2556640625,71.99,
0,3,,,8.232307434082031,43.272705078125,4146.767578125,0.061742500000000006,5.2564453125,72.024,
0,3,,,8.221054077148438,43.20739746093751,4148.271484375001,0.061657500000000004,5.2556640625,72.058,
0,3,,,8.221054077148438,43.20739746093751,4149.62890625,0.061657500000000004,5.25546875,72.092,
0,3,,,8.219718933105469,43.19885253906251,4151.132812500001,0.0616478125,5.25546875,72.126,
0,3,,,8.224105834960938,43.22326660156251,4152.626953125,0.061680937500000005,5.2556640625,72.16,
0,3,,,8.224105834960938,43.22326660156251,4154.130859375001,0.061643750000000004,5.256054687500001,72.194,
0,3,,,8.219146728515625,43.19946289062501,4155.48828125,0.061643750000000004,5.256054687500001,72.228,
0,3,,,8.2183837890625,43.19152832031251,4156.992187500001,0.061637500000000005,5.25546875,72.262,
0,3,,,8.2183837890625,43.19152832031251,4158.486328125,0.061622812500000006,5.2564453125,72.296,
0,3,,,8.216476440429688,43.18908691406251,4159.990234375001,0.061622812500000006,5.2564453125,72.33,
0,3,,,8.218574523925783,43.1951904296875,4161.357421875001,0.06163906250000001,5.255859375,72.364,
0,3,,,8.218574523925783,43.1951904296875,4162.851562500001,0.06166343750000001,5.256054687500001,72.398,
0,3,,,8.221817016601562,43.212890625,4164.35546875,0.06166343750000001,5.256054687500001,72.432,
0,3,,,8.2275390625,43.24157714843751,4165.859375,0.06170687500000001,5.2556640625,72.466,
0,3,,,8.2275390625,43.24157714843751,4167.216796875001,0.061674687500000006,5.256054687500001,72.5,
0,3,,,8.223342895507814,43.22204589843751,4168.720703125,0.061674687500000006,5.256054687500001,72.534,
0,3,,,8.224678039550781,43.22937011718751,4170.21484375,0.061685000000000004,5.256054687500001,72.568,
0,3,,,8.224678039550781,43.22937011718751,4171.71875,0.061625625,5.2552734375000005,72.602,
0,3,,,8.21685791015625,43.18115234375,4173.22265625,0.061625625,5.2552734375000005,72.636,
0,3,,,8.234977722167969,43.28186035156251,4174.580078125,0.061762500000000005,5.255859375,72.67,
0,3,,,8.234977722167969,43.19091796875001,4176.083984375,0.061637500000000005,5.25546875,72.704,
0,3,,,8.2183837890625,43.19091796875001,4177.578125,0.061637500000000005,5.25546875,72.738,
0,3,,,8.216476440429688,43.18115234375,4179.08203125,0.061622812500000006,5.25546875,72.772,
0,3,,,8.216476440429688,43.1884765625,4180.439453125,0.061623750000000005,5.2562500000000005,72.806,
0,3,,,8.216476440429688,43.1884765625,4181.943359375,0.061623750000000005,5.2562500000000005,72.84,
0,3,,,8.21952819824219,43.20068359375001,4183.4375,0.0616465625,5.255859375,72.874,
0,3,,,8.228492736816406,43.24523925781251,4184.94140625,0.0617134375,5.2556640625,72.908,
0,3,,,8.228492736816406,43.24523925781251,4186.445312500001,0.0617134375,5.2556640625,72.942,
0,3,,,8.220100402832031,43.20190429687501,4187.802734375,0.061650312500000005,5.2556640625,72.976,
0,3,,,8.223152160644531,43.2177734375,4189.306640625,0.06167406250000001,5.2556640625,73.01,
0,3,,,8.223152160644531,43.2177734375,4190.810546875,0.06167406250000001,5.2556640625,73.044,
0,3,,,8.233070373535156,43.26904296875001,4192.304687500001,0.061747812500000006,5.25546875,73.078,
0,3,,,8.214950561523438,43.17565917968751,4193.671875000001,0.061611875,5.255859375,73.112,
0,3,,,8.214950561523438,43.17565917968751,4195.175781250001,0.061611875,5.255859375,73.146,
0,3,,,8.224678039550781,43.2257080078125,4196.669921875,0.0616846875,5.2556640625,73.18,
0,3,,,8.225822448730469,43.23852539062501,4198.173828125,0.061693750000000006,5.2564453125,73.214,
0,3,,,8.225822448730469,43.23852539062501,4199.667968750001,0.061693750000000006,5.2564453125,73.248,
0,3,,,8.221054077148438,43.20556640625001,4201.035156250001,0.0616584375,5.25546875,73.282,
0,3,,,8.227729797363281,43.24157714843751,4202.539062500001,0.061708125,5.2556640625,73.316,
0,3,,,8.227729797363281,43.24157714843751,4204.033203125,0.061708125,5.2556640625,73.35,
0,3,,,8.220100402832031,43.20312500000001,4205.537109375,0.06165062500000001,5.255859375,73.384,
0,3,,,8.227920532226562,43.24462890625001,4206.904296875001,0.061709687500000006,5.255859375,73.418,
0,3,,,8.227920532226562,43.24462890625001,4208.408203125001,0.061709687500000006,5.255859375,73.452,
0,3,,,8.23192596435547,43.26538085937501,4209.902343750001,0.06173875,5.255859375,73.486,
0,3,,,8.230781555175781,43.25927734375001,4211.406250000001,0.061730937500000006,5.255859375,73.52,
0,3,,,8.230781555175781,43.25927734375001,4212.7734375,0.061730937500000006,5.255859375,73.554,
0,3,,,8.227729797363281,43.23852539062501,4214.267578125001,0.0617071875,5.2552734375000005,73.588,
0,3,,,8.220291137695312,43.20312500000001,4215.771484375,0.061652500000000006,5.2556640625,73.622,
0,3,,,8.220291137695312,43.20312500000001,4217.265625000001,0.061652500000000006,5.2556640625,73.656,
0,3,,,8.220672607421875,43.20495605468751,4218.6328125,0.061655312500000004,5.2556640625,73.69,
0,3,,,8.224678039550781,43.22265625000001,4220.136718750001,0.0616846875,5.2552734375000005,73.724,
0,3,,,8.224678039550781,43.22265625000001,4221.630859375,0.0616846875,5.2552734375000005,73.758,
0,3,,,8.219337463378906,43.20129394531251,4223.134765625001,0.061645625,5.256054687500001,73.792,
0,3,,,8.223915100097656,43.2244873046875,4224.4921875,0.061678750000000004,5.256054687500001,73.826,
0,3,,,8.223915100097656,43.2244873046875,4225.996093750001,0.061678750000000004,5.25546875,73.86,
0,3,,,8.221817016601562,43.2098388671875,4227.500000000001,0.061664062500000005,5.25546875,73.894,
0,3,,,8.229064941406252,43.24768066406251,4228.994140625001,0.061717812500000004,5.25546875,73.928,
0,3,,,8.229064941406252,43.24768066406251,4230.498046875001,0.061645625,5.2556640625,73.962,
0,4,,,6.365203857421876,33.4820556640625,4619.062500000001,0.0477384375,5.2603515625,85.307,
0,4,,,6.409835815429688,33.714599609375,4620.234375000001,0.048073750000000005,5.259765625,85.341,
0,4,,,6.409835815429688,33.714599609375,4621.406250000001,0.0481759375,5.259765625,85.375,
0,4,,,6.423377990722657,33.78601074218751,4622.578125,0.0481759375,5.259765625,85.409,
0,4,,,6.3999176025390625,33.66455078125001,4623.6328125,0.047999375000000004,5.2601562500000005,85.443,
0,4,,,6.3999176025390625,33.66455078125001,4624.8046875,0.04791187500000001,5.259960937500001,85.477,
0,4,,,6.388282775878906,33.60168457031251,4625.966796875001,0.04791187500000001,5.259960937500001,85.511,
0,4,,,6.397438049316407,33.64868164062501,4627.12890625,0.047980312500000004,5.259765625,85.545,
0,4,,,6.397438049316407,33.64868164062501,4628.193359375,0.047836875,5.2595703125,85.579,
0,4,,,6.378173828125,33.54614257812501,4629.365234375,0.047836875,5.2595703125,85.613,
0,4,,,6.406402587890625,33.6968994140625,4630.537109375001,0.04804750000000001,5.259960937500001,85.648,
0,4,,,6.406402587890625,33.6968994140625,4631.699218750001,0.048010000000000004,5.259765625,85.682,
0,4,,,6.401252746582032,33.66943359375001,4632.87109375,0.048010000000000004,5.259765625,85.715,
0,4,,,6.408882141113282,33.70910644531251,4633.935546875001,0.04806656250000001,5.259765625,85.75,
0,4,,,6.398391723632813,33.65539550781251,4635.09765625,0.047987812500000004,5.259960937500001,85.784,
0,4,,,6.398391723632813,33.65539550781251,4636.26953125,0.047987812500000004,5.259960937500001,85.818,
0,4,,,6.398963928222656,33.65661621093751,4637.431640625001,0.047992187500000005,5.259765625,85.852,
0,4,,,6.390571594238281,33.6138916015625,4638.496093750001,0.0479290625,5.259960937500001,85.885,
0,4,,,6.390571594238281,33.6138916015625,4639.658203125001,0.0479290625,5.259960937500001,85.919,
0,4,,,6.3915252685546875,33.61877441406251,4640.830078125001,0.047936875000000004,5.259960937500001,85.953,
0,4,,,6.392478942871094,33.62609863281251,4642.001953125001,0.0479440625,5.2603515625,85.987,
0,4,,,6.392478942871094,33.62609863281251,4643.1640625,0.0479440625,5.2603515625,86.021,
0,4,,,6.392097473144531,33.6212158203125,4644.228515625001,0.047941250000000005,5.259765625,86.056,
0,4,,,6.387519836425781,33.59558105468751,4645.390625,0.0479059375,5.259765625,86.09,
0,4,,,6.387519836425781,33.59558105468751,4646.552734375001,0.0479059375,5.259765625,86.124,
0,4,,,6.385040283203126,33.5809326171875,4647.724609375,0.047887187500000004,5.259375,86.158,
0,4,,,6.390762329101563,33.6090087890625,4648.779296875,0.0479303125,5.2591796875000005,86.191,
0,4,,,6.390762329101563,33.6090087890625,4649.951171875,0.0479303125,5.2591796875000005,86.225,
0,4,,,6.405448913574219,33.68957519531251,4651.113281250001,0.04804125,5.2595703125,86.26,
0,4,,,6.36749267578125,33.4930419921875,4652.285156250001,0.047756875000000004,5.259960937500001,86.294,
0,4,,,6.36749267578125,33.4930419921875,4653.447265625,0.047756875000000004,5.259960937500001,86.328,
0,4,,,6.393814086914063,33.63159179687501,4654.51171875,0.0479534375,5.2601562500000005,86.362,
0,4,,,6.392478942871094,33.621826171875,4655.673828125001,0.047943437500000005,5.259765625,86.396,
0,4,,,6.392478942871094,33.621826171875,4656.845703125001,0.047943437500000005,5.259765625,86.43,
0,4,,,6.420326232910157,33.76892089843751,4658.017578125,0.0481525,5.259765625,86.464,
0,4,,,6.391906738281251,33.61877441406251,4659.082031250001,0.0479396875,5.2595703125,86.498,
0,4,,,6.391906738281251,33.61877441406251,4660.25390625,0.0479396875,5.2595703125,86.532,
0,4,,,6.400108337402344,33.66210937500001,4661.416015625,0.0480003125,5.259765625,86.566,
0,4,,,6.390190124511719,33.61450195312501,4662.587890625001,0.047926562500000006,5.2603515625,86.6,
0,4,,,6.390190124511719,33.61450195312501,4663.75,0.047926562500000006,5.2603515625,86.634,
0,4,,,6.410408020019531,33.71826171875,4664.814453125,0.048078125000000006,5.259960937500001,86.668,
0,4,,,6.411933898925782,33.72497558593751,4665.986328125,0.04809,5.259765625,86.702,
0,4,,,6.411933898925782,33.72497558593751,4667.158203125001,0.04809,5.259765625,86.736,
0,4,,,6.398200988769531,33.653564453125,4668.320312500001,0.047986875000000005,5.259765625,86.77,
0,4,,,6.39476776123047,33.63342285156251,4669.384765625,0.0479609375,5.2595703125,86.804,
0,4,,,6.39476776123047,33.63342285156251,4670.546875,0.0479609375,5.259960937500001,86.838,
0,4,,,6.397819519042969,33.65234375,4671.71875,0.047983750000000006,5.259960937500001,86.872,
0,4,,,6.411933898925782,33.72558593750001,4672.890625,0.048089687500000006,5.259960937500001,86.906,
0,4,,,6.411933898925782,33.72558593750001,4674.052734375001,0.048089687500000006,5.259960937500001,86.94,
0,4,,,6.382369995117188,33.56994628906251,4675.117187500001,0.04786750000000001,5.259960937500001,86.974,
0,4,,,6.426429748535156,33.8031005859375,4676.2890625,0.048198750000000005,5.2601562500000005,87.008,
0,4,,,6.426429748535156,33.8031005859375,4677.4609375,0.048084062500000004,5.259765625,87.042,
0,4,,,6.411170959472656,33.720703125,4678.632812500001,0.048084062500000004,5.259765625,87.076,
0,4,,,6.397819519042969,33.65234375,4679.794921875001,0.047983750000000006,5.259960937500001,87.11,
0,4,,,6.397819519042969,33.65234375,4680.859375,0.048124687500000006,5.2591796875000005,87.144,
0,4,,,6.416702270507813,33.74572753906251,4682.031250000001,0.048124687500000006,5.2591796875000005,87.178,
0,4,,,6.410789489746095,33.719482421875,4683.203125,0.048081250000000006,5.259765625,87.212,
0,4,,,6.410789489746095,33.719482421875,4684.375,0.048084375000000006,5.259960937500001,87.246,
0,4,,,6.4113616943359375,33.72253417968751,4685.4296875,0.048084375000000006,5.259960937500001,87.28,
0,4,,,6.390190124511719,33.60961914062501,4686.601562500001,0.0479259375,5.2595703125,87.315,
0,4,,,6.3915252685546875,33.61755371093751,4687.763671875,0.0479365625,5.259765625,87.349,
0,4,,,6.3915252685546875,33.61755371093751,4688.945312500001,0.0479365625,5.259765625,87.383,
0,4,,,6.417274475097656,33.75427246093751,4690.107421875001,0.048129687500000004,5.259960937500001,87.417,
0,4,,,6.411933898925782,33.72558593750001,4691.171875000001,0.048089375000000004,5.259960937500001,87.451,
0,4,,,6.411933898925782,33.72558593750001,4692.343750000001,0.048089375000000004,5.259960937500001,87.485,
0,4,,,6.437683105468751,33.8592529296875,4693.515625000001,0.048282500000000006,5.259765625,87.519,
0,4,,,6.4239501953125,33.78601074218751,4694.697265625001,0.048179375,5.2595703125,87.553,
0,4,,,6.4239501953125,33.78601074218751,4695.761718750001,0.048179375,5.2595703125,87.587,
0,4,,,6.416511535644532,33.7493896484375,4696.933593750001,0.048123437500000005,5.259765625,87.621,
0,4,,,6.41632080078125,33.74450683593751,4698.105468750001,0.048121875,5.259375,87.655,
0,4,,,6.41632080078125,33.74450683593751,4699.27734375,0.048121875,5.259375,87.689,
0,4,,,6.4144134521484375,33.73962402343751,4700.439453125,0.048108437500000004,5.259960937500001,87.723,
0,4,,,6.3999176025390625,33.66333007812501,4701.50390625,0.0479990625,5.259960937500001,87.757,
0,4,,,6.3999176025390625,33.66333007812501,4702.67578125,0.0479990625,5.259960937500001,87.791,
0,4,,,6.4178466796875,33.7567138671875,4703.847656250001,0.0481334375,5.259960937500001,87.825,
0,4,,,6.434822082519532,33.8409423828125,4705.029296875,0.0482615625,5.258984375000001,87.859,
0,4,,,6.434822082519532,33.8409423828125,4706.09375,0.0482615625,5.258984375000001,87.893,
0,4,,,6.417465209960938,33.75732421875,4707.265625000001,0.04813125000000001,5.2601562500000005,87.927,
0,4,,,6.414222717285156,33.73779296875001,4708.427734375,0.048107500000000004,5.259765625,87.961,
0,4,,,6.414222717285156,33.73779296875001,4709.599609375,0.048107500000000004,5.259765625,87.995,
0,4,,,6.392097473144531,33.62060546875,4710.6640625,0.047940625,5.259765625,88.029,
0,4,,,6.407356262207031,33.70483398437501,4711.835937500001,0.048055,5.2603515625,88.063,
0,4,,,6.407356262207031,33.70483398437501,4712.998046875001,0.048055,5.2603515625,88.097,
0,4,,,6.392097473144531,33.62060546875,4714.169921875,0.047940625,5.259765625,88.131,
0,4,,,6.425094604492188,33.7921142578125,4715.341796875001,0.04818843750000001,5.2595703125,88.165,
0,4,,,6.425094604492188,33.7921142578125,4716.40625,0.04818843750000001,5.2595703125,88.199,
0,4,,,6.4334869384765625,33.83728027343751,4717.578125,0.04825093750000001,5.2595703125,88.233,
0,4,,,6.443977355957031,33.89343261718751,4718.759765625001,0.04833031250000001,5.259765625,88.267,
0,4,,,6.443977355957031,33.89343261718751,4719.931640625001,0.04833031250000001,5.259765625,88.301,
0,4,,,6.416702270507813,33.751220703125,4720.99609375,0.04812593750000001,5.259765625,88.335,
0,4,,,6.428146362304688,33.812255859375,4722.16796875,0.048211250000000004,5.2601562500000005,88.369,
0,4,,,6.428146362304688,33.812255859375,4723.33984375,0.048211250000000004,5.2591796875000005,88.403,
0,4,,,6.416702270507813,33.746337890625,4724.511718750001,0.048124687500000006,5.2591796875000005,88.437,
0,4,,,6.419944763183594,33.7677001953125,4725.68359375,0.048150000000000005,5.259960937500001,88.471,
0,4,,,6.419944763183594,33.7677001953125,4726.748046875001,0.048150000000000005,5.259960937500001,88.505,
0,4,,,6.419181823730469,33.7646484375,4727.929687500001,0.0481440625,5.259960937500001,88.539,
0,4,,,6.423759460449219,33.78601074218751,4729.091796875,0.048178125,5.2595703125,88.573,
0,4,,,6.423759460449219,33.78601074218751,4730.263671875,0.0479728125,5.259960937500001,88.607,
0,4,,,6.396293640136719,33.64379882812501,4731.328125,0.0479728125,5.259960937500001,88.641,
0,4,,,6.41460418701172,33.74023437500001,4732.500000000001,0.04811000000000001,5.259960937500001,88.675,
0,4,,,6.41460418701172,33.74023437500001,4733.671875000001,0.04818843750000001,5.259765625,88.709,
0,4,,,6.425094604492188,33.79394531250001,4734.853515625001,0.04818843750000001,5.259765625,88.743,
0,4,,,6.42852783203125,33.809814453125,4735.908203125001,0.04821375000000001,5.259375,88.777,
0,4,,,6.42852783203125,33.809814453125,4737.080078125,0.047998437500000005,5.2595703125,88.811,
0,4,,,6.399726867675781,33.66027832031251,4738.251953125,0.047998437500000005,5.2595703125,88.845,
0,4,,,6.429290771484375,33.81652832031251,4739.423828125001,0.048220000000000006,5.259765625,88.879,
0,4,,,6.429290771484375,33.81652832031251,4740.595703125001,0.048115000000000005,5.259765625,88.913,
0,4,,,6.415367126464844,33.74267578125,4741.660156250001,0.048115000000000005,5.259765625,88.947,
0,4,,,6.424903869628906,33.7908935546875,4742.832031250001,0.0481865625,5.259375,88.981,
0,4,,,6.424903869628906,33.7908935546875,4744.013671875001,0.04834125,5.259765625,89.015,
0,4,,,6.445503234863281,33.90075683593751,4745.185546875001,0.04834125,5.259765625,89.049,
0,4,,,6.452941894531251,33.941650390625,4746.259765625001,0.0483971875,5.259765625,89.083,
0,4,,,6.455612182617188,33.955078125,4747.44140625,0.04841718750000001,5.259765625,89.117,
0,4,,,6.455612182617188,33.955078125,4748.613281250001,0.04841718750000001,5.259765625,89.151,
0,4,,,6.442451477050782,33.88427734375001,4749.785156250001,0.04831875,5.2595703125,89.185,
0,4,,,6.4189910888671875,33.76098632812501,4750.957031250001,0.048141875,5.2595703125,89.219,
0,4,,,6.4189910888671875,33.76098632812501,4752.031250000001,0.048141875,5.2595703125,89.253,
0,4,,,6.454658508300782,33.94409179687501,4753.203125000001,0.048410625000000006,5.2587890625,89.287,
0,4,,,6.410980224609376,33.720703125,4754.375000000001,0.04808250000000001,5.259960937500001,89.321,
0,4,,,6.410980224609376,33.720703125,4755.546875,0.04808250000000001,5.259960937500001,89.355,
0,4,,,6.426048278808595,33.7982177734375,4756.621093750001,0.0481959375,5.2595703125,89.389,
0,4,,,6.441688537597656,33.880615234375,4757.792968750001,0.0483125,5.259765625,89.423,
0,4,,,6.441688537597656,33.880615234375,4758.96484375,0.0483125,5.259765625,89.457,
0,4,,,6.430053710937501,33.8189697265625,4760.13671875,0.048225312500000006,5.2595703125,89.491,
0,4,,,6.408500671386719,33.70788574218751,4761.308593750001,0.04806343750000001,5.259960937500001,89.525,
0,4,,,6.408500671386719,33.70788574218751,4762.373046875001,0.04806343750000001,5.259960937500001,89.559,
0,4,,,6.404876708984375,33.68713378906251,4763.544921875001,0.048036562500000005,5.259765625,89.593,
0,4,,,6.432151794433594,33.83056640625001,4764.716796875001,0.048240937500000004,5.259765625,89.627,
0,4,,,6.432151794433594,33.83056640625001,4765.888671875,0.048240937500000004,5.259765625,89.661,
0,4,,,6.413650512695313,33.73168945312501,4767.060546875,0.048102187500000004,5.2595703125,89.695,
0,4,,,6.402778625488281,33.67797851562501,4768.115234375,0.04802125,5.259960937500001,89.729,
0,4,,,6.402778625488281,33.67797851562501,4769.296875000001,0.04802125,5.259960937500001,89.764,
0,4,,,6.417083740234375,33.75183105468751,4770.458984375,0.048128125,5.259765625,89.797,
0,4,,,6.428337097167969,33.80920410156251,4771.640625000001,0.048212500000000005,5.259375,89.831,
0,4,,,6.428337097167969,33.80920410156251,4772.705078125,0.048212500000000005,5.259375,89.866,
0,4,,,6.440925598144531,33.8787841796875,4773.886718750001,0.048306875000000006,5.259960937500001,89.9,
0,4,,,6.443405151367188,33.88793945312501,4775.058593750001,0.04832625,5.259375,89.933,
0,4,,,6.443405151367188,33.88793945312501,4776.230468750001,0.04832625,5.259375,89.968,
0,4,,,6.406211853027345,33.6956787109375,4777.40234375,0.0480465625,5.259765625,90.001,
0,4,,,6.42986297607422,33.8189697265625,4778.466796875001,0.0482234375,5.259765625,90.035,
0,4,,,6.42986297607422,33.8189697265625,4779.638671875,0.0482234375,5.259765625,90.069,
0,4,,,6.404685974121094,33.687744140625,4780.810546875,0.048035625000000005,5.259765625,90.104,
0,4,,,6.439971923828125,33.873291015625,4781.982421875,0.048300312500000005,5.259765625,90.138,
0,4,,,6.439971923828125,33.873291015625,4783.046875,0.048300312500000005,5.259375,90.171,
0,4,,,6.424331665039063,33.787841796875,4784.21875,0.048182812500000005,5.259375,90.205,
0,4,,,6.408119201660157,33.70483398437501,4785.390625000001,0.04806125000000001,5.259765625,90.239,
0,4,,,6.408119201660157,33.70483398437501,4786.562500000001,0.048244062500000004,5.2595703125,90.273,
0,4,,,6.432533264160156,33.83178710937501,4787.626953125001,0.048244062500000004,5.2595703125,90.307,
0,4,,,6.418418884277345,33.75976562500001,4788.798828125001,0.048138437500000006,5.259765625,90.341,
0,4,,,6.418418884277345,33.75976562500001,4789.970703125,0.0481740625,5.2595703125,90.375,
0,4,,,6.423187255859376,33.78356933593751,4791.15234375,0.0481740625,5.2595703125,90.409,
0,4,,,6.4296722412109375,33.81591796875001,4792.32421875,0.048222187500000006,5.259375,90.443,
0,4,,,6.4296722412109375,33.81591796875001,4793.49609375,0.048339687500000006,5.259960937500001,90.478,
0,4,,,6.445312500000001,33.9013671875,4794.560546875,0.048339687500000006,5.259960937500001,90.512,
0,4,,,6.40869140625,33.7066650390625,4795.732421875001,0.048065312500000006,5.2595703125,90.546,
0,4,,,6.40869140625,33.7066650390625,4796.904296875001,0.0481528125,5.259375,90.58,
0,4,,,6.420326232910157,33.76708984375001,4798.076171875001,0.0481528125,5.259375,90.614,
0,4,,,6.397247314453125,33.64685058593751,4799.140625000001,0.0479790625,5.2595703125,90.648,
0,4,,,6.406593322753906,33.697509765625,4800.302734375001,0.0480490625,5.259960937500001,90.682,
0,4,,,6.406593322753906,33.697509765625,4801.474609375001,0.0480490625,5.259960937500001,90.716,
0,4,,,6.426811218261719,33.804931640625,4802.656250000001,0.0482015625,5.259960937500001,90.75,
0,4,,,6.419944763183594,33.7677001953125,4803.720703125001,0.04815031250000001,5.259765625,90.784,
0,4,,,6.419944763183594,33.7677001953125,4804.892578125001,0.04815031250000001,5.259765625,90.818,
0,4,,,6.432342529296875,33.83117675781251,4806.064453125001,0.048241875000000004,5.2595703125,90.852,
0,4,,,6.434440612792969,33.843994140625,4807.236328125001,0.048257812500000004,5.259960937500001,90.886,
0,4,,,6.434440612792969,33.843994140625,4808.310546875001,0.048257812500000004,5.259960937500001,90.92,
0,4,,,6.425094604492188,33.7969970703125,4809.482421875001,0.048189062500000004,5.2601562500000005,90.954,
0,4,,,6.4258575439453125,33.79882812500001,4810.654296875001,0.048194375000000005,5.259765625,90.988,
0,4,,,6.4258575439453125,33.79882812500001,4811.826171875001,0.048194375000000005,5.259765625,91.022,
0,4,,,6.418418884277345,33.7567138671875,4812.998046875001,0.04813750000000001,5.2595703125,91.056,
0,4,,,6.438636779785157,33.86291503906251,4814.0625,0.048289687500000004,5.259375,91.09,
0,4,,,6.438636779785157,33.86291503906251,4815.234375,0.048289687500000004,5.259375,91.124,
0,4,,,6.414985656738281,33.73779296875001,4816.40625,0.048112812500000005,5.2591796875000005,91.158,
0,4,,,6.41002655029297,33.7158203125,4817.578125000001,0.04807500000000001,5.259960937500001,91.192,
0,4,,,6.41002655029297,33.7158203125,4818.642578125001,0.04807500000000001,5.259960937500001,91.226,
0,4,,,6.403923034667969,33.68347167968751,4819.804687500001,0.048029062500000004,5.259960937500001,91.26,
0,4,,,6.4144134521484375,33.73657226562501,4820.9765625,0.048107500000000004,5.2595703125,91.294,
0,4,,,6.4144134521484375,33.73657226562501,4822.158203125,0.048107500000000004,5.2595703125,91.328,
0,4,,,6.4296722412109375,33.81591796875001,4823.222656250001,0.048222187500000006,5.259375,91.362,
0,4,,,6.42852783203125,33.8134765625,4824.39453125,0.048214375000000004,5.259765625,91.396,
0,4,,,6.42852783203125,33.8134765625,4825.566406250001,0.048214375000000004,5.259765625,91.43,
0,4,,,6.410980224609376,33.71826171875,4826.728515625001,0.048082187500000005,5.2595703125,91.464,
0,4,,,6.395721435546876,33.6395263671875,4827.792968750001,0.0479675,5.259765625,91.498,
0,4,,,6.395721435546876,33.6395263671875,4828.974609375001,0.0479675,5.259765625,91.532,
0,4,,,6.43310546875,33.83728027343751,4830.146484375001,0.0482478125,5.259960937500001,91.566,
0,4,,,6.424522399902344,33.79272460937501,4831.318359375,0.048183750000000004,5.259960937500001,91.6,
0,4,,,6.424522399902344,33.79272460937501,4832.490234375001,0.048183750000000004,5.259960937500001,91.634,
0,4,,,6.412506103515625,33.7274169921875,4833.662109375001,0.048094375,5.2595703125,91.668,
0,4,,,6.426048278808595,33.7982177734375,4834.726562500001,0.04819468750000001,5.259765625,91.702,
0,4,,,6.426048278808595,33.7982177734375,4835.898437500001,0.04819468750000001,5.2595703125,91.736,
0,4,,,6.421852111816406,33.77624511718751,4837.070312500001,0.048164375,5.2595703125,91.77,
0,4,,,6.424903869628906,33.795166015625,4838.242187500001,0.0481865625,5.2601562500000005,91.804,
0,4,,,6.424903869628906,33.795166015625,4839.306640625001,0.0481865625,5.259765625,91.838,
0,4,,,6.413078308105469,33.73168945312501,4840.478515625001,0.048098125000000005,5.259765625,91.872,
0,4,,,6.39171600341797,33.62060546875,4841.640625,0.047937187500000006,5.2601562500000005,91.906,
0,4,,,6.39171600341797,33.62060546875,4842.812500000001,0.048122187500000004,5.259765625,91.94,
0,4,,,6.41632080078125,33.74694824218751,4843.876953125001,0.048122187500000004,5.259765625,91.974,
0,4,,,6.423187255859376,33.78601074218751,4845.048828125001,0.04817375,5.259960937500001,92.008,
0,4,,,6.423187255859376,33.78601074218751,4846.220703125001,0.04813437500000001,5.2591796875000005,92.042,
0,4,,,6.4178466796875,33.75244140625,4847.392578125001,0.04813437500000001,5.2591796875000005,92.076,
0,4,,,6.416130065917969,33.741455078125,4848.564453125,0.048121562500000006,5.2587890625,92.11,
0,4,,,6.416130065917969,33.741455078125,4849.638671875001,0.048313125000000005,5.259765625,92.144,
0,4,,,6.441688537597656,33.88183593750001,4850.810546875001,0.048313125000000005,5.259765625,92.178,
0,4,,,6.4220428466796875,33.78112792968751,4851.982421875,0.04816625,5.2601562500000005,92.212,
0,4,,,6.4220428466796875,33.78112792968751,4853.1640625,0.04840375,5.2595703125,92.246,
0,4,,,6.453895568847657,33.9447021484375,4854.228515625001,0.04840375,5.2595703125,92.28,
0,4,,,6.426239013671876,33.79943847656251,4855.400390625,0.04819625,5.259765625,92.314,
0,4,,,6.426239013671876,33.79943847656251,4856.572265625001,0.0480646875,5.259375,92.348,
0,4,,,6.40869140625,33.7054443359375,4857.744140625001,0.0480646875,5.259375,92.382,
0,4,,,6.428337097167969,33.80798339843751,4858.808593750001,0.048211875,5.259375,92.416,
0,4,,,6.42223358154297,33.782958984375,4859.980468750001,0.04816718750000001,5.2603515625,92.45,
0,4,,,6.42223358154297,33.782958984375,4861.152343750001,0.04816718750000001,5.2603515625,92.484,
0,4,,,6.4373016357421875,33.8568115234375,4862.32421875,0.048279375000000006,5.2595703125,92.518,
0,4,,,6.395721435546876,33.6395263671875,4863.496093750001,0.047967812500000005,5.259765625,92.552,
0,4,,,6.395721435546876,33.6395263671875,4864.667968750001,0.047967812500000005,5.259765625,92.587,
0,4,,,6.408882141113282,33.71032714843751,4865.732421875001,0.048067187500000004,5.259960937500001,92.62,
0,4,,,6.433677673339845,33.837890625,4866.904296875001,0.048252812500000006,5.2595703125,92.654,
0,4,,,6.433677673339845,33.837890625,4868.076171875001,0.048252812500000006,5.2595703125,92.688,
0,4,,,6.422615051269531,33.779296875,4869.248046875001,0.0481696875,5.2595703125,92.722,
0,4,,,6.419563293457032,33.76953125000001,4870.322265625001,0.04814625,5.260546875,92.756,
0,4,,,6.419563293457032,33.76953125000001,4871.484375000001,0.04814625,5.260546875,92.79,
0,4,,,6.421470642089845,33.773193359375,4872.666015625001,0.048160625000000006,5.2595703125,92.824,
0,4,,,6.452369689941406,33.93737792968751,4873.847656250001,0.04839281250000001,5.259765625,92.858,
0,4,,,6.452369689941406,33.93737792968751,4874.912109375001,0.04839281250000001,5.259765625,92.892,
0,4,,,6.422996520996094,33.780517578125,4876.07421875,0.048172187500000005,5.259375,92.926,
0,4,,,6.397628784179688,33.65234375,4877.24609375,0.04798187500000001,5.2601562500000005,92.96,
0,4,,,6.397628784179688,33.65234375,4878.41796875,0.04798187500000001,5.2601562500000005,92.994,
0,4,,,6.4342498779296875,33.841552734375,4879.4921875,0.0482565625,5.259765625,93.028,
0,4,,,6.443214416503907,33.88916015625001,4880.6640625,0.048324687500000005,5.2595703125,93.062,
0,4,,,6.443214416503907,33.88916015625001,4881.845703125001,0.048324687500000005,5.2595703125,93.096,
0,4,,,6.433677673339845,33.83605957031251,4883.007812500001,0.0482534375,5.2591796875000005,93.13,
0,4,,,6.422996520996094,33.78112792968751,4884.08203125,0.048173125000000004,5.259375,93.164,
0,4,,,6.422996520996094,33.78112792968751,4885.25390625,0.048173125000000004,5.259375,93.198,
0,4,,,6.42852783203125,33.812255859375,4886.425781250001,0.0482140625,5.259765625,93.232,
0,4,,,6.422996520996094,33.787841796875,4887.597656250001,0.04817250000000001,5.260546875,93.266,
0,4,,,6.422996520996094,33.787841796875,4888.779296875001,0.04817250000000001,5.260546875,93.3,
0,4,,,6.466102600097657,34.01123046875001,4889.853515625001,0.0484959375,5.259960937500001,93.334,
0,4,,,6.455230712890625,33.95385742187501,4891.025390625001,0.048414375,5.259960937500001,93.368,
0,4,,,6.455230712890625,33.95385742187501,4892.197265625001,0.048414375,5.259960937500001,93.402,
0,4,,,6.4273834228515625,33.80859375000001,4893.369140625001,0.048205000000000005,5.2601562500000005,93.436,
0,4,,,6.419944763183594,33.7652587890625,4894.443359375001,0.0481496875,5.259375,93.47,
0,4,,,6.419944763183594,33.7652587890625,4895.615234375001,0.0481496875,5.2603515625,93.504,
0,4,,,6.415748596191407,33.748779296875,4896.77734375,0.04811875,5.2603515625,93.538,
0,4,,,6.430816650390626,33.82080078125001,4897.958984375001,0.048230625000000006,5.2591796875000005,93.572,
0,4,,,6.430816650390626,33.82080078125001,4899.0234375,0.048230625000000006,5.2595703125,93.606,
0,4,,,6.41002655029297,33.714599609375,4900.1953125,0.048075625000000004,5.2595703125,93.64,
0,4,,,6.4273834228515625,33.80554199218751,4901.3671875,0.04820531250000001,5.2595703125,93.674,
0,4,,,6.4273834228515625,33.80554199218751,4902.539062500001,0.048102500000000006,5.259960937500001,93.708,
0,4,,,6.413650512695313,33.73535156250001,4903.710937500001,0.048102500000000006,5.259960937500001,93.742,
0,4,,,6.427955627441407,33.80859375000001,4904.775390625001,0.048210312500000005,5.2595703125,93.776,
0,4,,,6.427955627441407,33.80859375000001,4905.957031250001,0.048309062500000007,5.2601562500000005,93.81,
0,4,,,6.441307067871095,33.88183593750001,4907.128906250001,0.048309062500000007,5.2601562500000005,93.844,
0,4,,,6.4411163330078125,33.87756347656251,4908.30078125,0.04830812500000001,5.2595703125,93.878,
0,4,,,6.4411163330078125,33.87756347656251,4909.47265625,0.048186875000000004,5.259375,93.912,
0,4,,,6.424903869628906,33.7908935546875,4910.546875000001,0.048186875000000004,5.259375,93.946,
0,4,,,6.4533233642578125,33.94531250000001,4911.728515625001,0.048399687500000003,5.2601562500000005,93.98,
0,4,,,6.4533233642578125,33.94531250000001,4912.900390625001,0.048377812500000006,5.259960937500001,94.014,
0,4,,,6.450462341308594,33.92822265625,4914.072265625001,0.048377812500000006,5.259960937500001,94.048,
0,4,,,6.400299072265626,33.66271972656251,4915.13671875,0.048002500000000003,5.2595703125,94.082,
0,4,,,6.4502716064453125,33.92578125,4916.318359375001,0.04837687500000001,5.259765625,94.116,
0,4,,,6.4502716064453125,33.92578125,4917.490234375001,0.04837687500000001,5.259765625,94.15,
0,4,,,6.4273834228515625,33.80554199218751,4918.662109375001,0.048205000000000005,5.259765625,94.184,
0,4,,,6.4418792724609375,33.87817382812501,4919.7265625,0.048314062500000005,5.2591796875000005,94.218,
0,4,,,6.4418792724609375,33.87817382812501,4920.908203125001,0.048314062500000005,5.2591796875000005,94.252,
0,4,,,6.447982788085938,33.917236328125,4922.080078125001,0.048359375,5.2601562500000005,94.286,
0,4,,,6.435585021972657,33.8482666015625,4923.261718750001,0.048266250000000004,5.2595703125,94.32,
0,4,,,6.435585021972657,33.8482666015625,4924.326171875001,0.048266250000000004,5.2595703125,94.354,
0,4,,,6.434631347656251,33.84704589843751,4925.498046875001,0.0482596875,5.2601562500000005,94.388,
0,4,,,6.44054412841797,33.87695312500001,4926.679687500001,0.048303750000000006,5.259960937500001,94.422,
0,4,,,6.44054412841797,33.87695312500001,4927.851562500001,0.048303750000000006,5.259960937500001,94.456,
0,4,,,6.429481506347656,33.8189697265625,4928.916015625001,0.04822125000000001,5.259960937500001,94.49,
0,4,,,6.4350128173828125,33.84643554687501,4930.087890625001,0.04826250000000001,5.259765625,94.524,
0,4,,,6.4350128173828125,33.84643554687501,4931.259765625001,0.04826250000000001,5.259765625,94.558,
0,4,,,6.433296203613281,33.836669921875,4932.441406250001,0.048249375000000004,5.259765625,94.592,
0,4,,,6.424331665039063,33.79028320312501,4933.61328125,0.0481821875,5.259765625,94.626,
0,4,,,6.424331665039063,33.79028320312501,4934.677734375001,0.0481821875,5.259765625,94.66,
0,4,,,6.418037414550781,33.75610351562501,4935.849609375001,0.0481359375,5.2595703125,94.694,
0,4,,,6.43291473388672,33.8330078125,4937.03125,0.048246562500000006,5.2595703125,94.728,
0,4,,,6.43291473388672,33.8330078125,4938.203125000001,0.048246562500000006,5.2595703125,94.762,
0,4,,,6.432151794433594,33.83117675781251,4939.375000000001,0.0482415625,5.259765625,94.796,
0,4,,,6.441307067871095,33.87939453125,4940.439453125001,0.048310000000000006,5.259765625,94.83,
0,4,,,6.441307067871095,33.87939453125,4941.621093750001,0.048310000000000006,5.259765625,94.864,
0,4,,,6.429100036621095,33.81469726562501,4942.792968750001,0.048218125,5.259765625,94.898,
0,4,,,6.4105987548828125,33.719482421875,4943.955078125001,0.048080000000000005,5.259960937500001,94.932,
0,4,,,6.4105987548828125,33.719482421875,4945.029296875001,0.048080000000000005,5.259960937500001,94.966,
0,4,,,6.4266204833984375,33.802490234375,4946.201171875001,0.048199375,5.259765625,95.0,
0,4,,,6.44054412841797,33.87390136718751,4947.373046875001,0.0483040625,5.2595703125,95.034,
0,4,,,6.44054412841797,33.87390136718751,4948.544921875001,0.0483040625,5.2595703125,95.068,
0,4,,,6.413650512695313,33.73046875000001,4949.716796875001,0.048102500000000006,5.2591796875000005,95.102,
0,4,,,6.418037414550781,33.75976562500001,4950.78125,0.048135625,5.2601562500000005,95.136,
0,4,,,6.418037414550781,33.75976562500001,4951.953125,0.048135625,5.2595703125,95.17,
0,4,,,6.4113616943359375,33.72009277343751,4953.125,0.048085,5.2595703125,95.204,
0,4,,,6.419563293457032,33.76281738281251,4954.296875000001,0.04814625,5.2595703125,95.238,
0,4,,,6.419563293457032,33.76281738281251,4955.361328125001,0.04814625,5.2595703125,95.272,
0,0,,,,,,,,,10000085
0,1,,,,,,,,,10000084
0,2,,,,,,,,,10000085
0,3,,,,,,,,,10000090
0,4,,,,,,,,,10000084
