iteration_num,expe_num,validation_result,clock_freq,current_sample,power_sample,energy_sample,shunt_voltage_sample,bus_voltage_sample,current_timestamp,timing_sample
0,0,,,14.341163635253908,75.281982421875,1.9042968750000002,0.10755750000000001,5.248828125,0.032,
0,0,,,14.364624023437502,75.39672851562501,4.287109375000001,0.10773343750000001,5.248828125,0.066,
0,0,,,14.38446044921875,75.50231933593751,6.904296875,0.10788125000000001,5.2490234375,0.1,
0,0,,,14.38446044921875,75.50231933593751,9.521484375,0.10782000000000001,5.2486328125,0.134,
0,0,,,14.376258850097656,75.45593261718751,12.148437500000002,0.10782000000000001,5.2486328125,0.168,
0,0,,,14.381599426269531,75.47485351562501,14.521484375000004,0.10786000000000001,5.248046875,0.202,
0,0,,,14.381599426269531,75.47485351562501,17.148437500000004,0.107825,5.248828125,0.236,
0,0,,,14.3768310546875,75.462646484375,19.765625000000004,0.107825,5.248828125,0.27,
0,0,,,14.378547668457031,75.47729492187501,22.3828125,0.107838125,5.2494140625000005,0.304,
0,0,,,14.378547668457031,75.47729492187501,25.0,0.1077209375,5.2486328125,0.338,
0,0,,,14.362907409667969,75.3863525390625,27.382812500000007,0.1077209375,5.2486328125,0.372,
0,0,,,14.3829345703125,75.49072265625001,30.000000000000007,0.10787093750000001,5.2486328125,0.406,
0,0,,,14.3829345703125,75.49072265625001,32.6171875,0.10779250000000001,5.248828125,0.44,
0,0,,,14.372444152832031,75.439453125,35.244140625,0.10779250000000001,5.248828125,0.474,
0,0,,,14.382553100585938,75.4852294921875,37.86132812500001,0.1078675,5.2484375000000005,0.508,
0,0,,,14.364433288574219,75.39306640625001,40.234375,0.1077315625,5.2486328125,0.542,
0,0,,,14.364433288574219,75.39306640625001,42.8515625,0.1077315625,5.2486328125,0.576,
0,0,,,14.365386962890625,75.401611328125,45.46875,0.10773875000000001,5.248828125,0.61,
0,0,,,14.377403259277346,75.462646484375,48.095703125,0.1078290625,5.2486328125,0.644,
0,0,,,14.377403259277346,75.462646484375,50.478515625,0.1078290625,5.2486328125,0.678,
0,0,,,14.376068115234377,75.4669189453125,53.09570312500001,0.1078190625,5.249609375,0.712,
0,0,,,14.365005493164064,75.40466308593751,55.71289062500001,0.10773656250000001,5.249218750000001,0.746,
0,0,,,14.365005493164064,75.40466308593751,58.330078125000014,0.10773656250000001,5.249218750000001,0.78,
0,0,,,14.37530517578125,75.45288085937501,60.94726562500001,0.10781343750000001,5.248828125,0.814,
0,0,,,14.392471313476562,75.54260253906251,63.33007812500001,0.107941875,5.248828125,0.848,
0,0,,,14.392471313476562,75.54260253906251,65.95703125,0.107941875,5.248828125,0.882,
0,0,,,14.373207092285158,75.44677734375001,68.57421875000001,0.10779812500000001,5.249218750000001,0.916,
0,0,,,14.37530517578125,75.45349121093751,71.66992187500001,0.10781375000000001,5.248828125,0.957,
0,0,,,14.37530517578125,75.45349121093751,74.28710937500001,0.107854375,5.2486328125,0.991,
0,0,,,14.380836486816408,75.4779052734375,76.669921875,0.107854375,5.2486328125,1.025,
0,0,,,14.374923706054688,75.45166015625,79.28710937500001,0.1078103125,5.248828125,1.059,
0,0,,,14.374923706054688,75.45166015625,81.91406250000001,0.10789812500000001,5.2486328125,1.093,
0,0,,,14.386558532714846,75.5108642578125,84.53125,0.10789812500000001,5.2486328125,1.127,
0,0,,,14.374542236328127,75.44250488281251,86.9140625,0.10780718750000001,5.2484375000000005,1.161,
0,0,,,14.374542236328127,75.44250488281251,89.53125,0.107799375,5.2484375000000005,1.195,
0,0,,,14.373397827148438,75.43823242187501,92.14843750000001,0.107799375,5.2484375000000005,1.229,
0,0,,,14.378166198730469,75.47485351562501,94.76562500000001,0.10783406250000001,5.2494140625000005,1.263,
0,0,,,14.378166198730469,75.47485351562501,97.39257812500001,0.10783718750000001,5.2486328125,1.297,
0,0,,,14.378547668457031,75.467529296875,99.77539062500001,0.10783718750000001,5.2486328125,1.331,
0,0,,,14.389228820800781,75.52001953125001,102.39257812500001,0.1079184375,5.2484375000000005,1.365,
0,0,,,14.389228820800781,75.52001953125001,105.009765625,0.10789875000000002,5.2486328125,1.399,
0,0,,,14.386749267578125,75.51025390625,107.62695312500003,0.10789875000000002,5.2486328125,1.433,
0,0,,,14.371681213378908,75.43518066406251,110.009765625,0.10778562500000001,5.2490234375,1.467,
0,0,,,14.377593994140625,75.467529296875,112.63671875000001,0.10783125,5.2490234375,1.501,
0,0,,,14.377593994140625,75.467529296875,115.25390625000001,0.10783125,5.2490234375,1.535,
0,0,,,14.379692077636719,75.47668457031251,117.87109375,0.1078459375,5.248828125,1.569,
0,0,,,14.371490478515625,75.4364013671875,120.25390625000001,0.10778531250000001,5.2490234375,1.603,
0,0,,,14.371490478515625,75.4364013671875,122.88085937500003,0.10778531250000001,5.2490234375,1.637,
0,0,,,14.382553100585938,75.494384765625,125.48828125,0.10786781250000001,5.2490234375,1.671,
0,0,,,14.384269714355469,75.50292968750001,128.11523437500003,0.10788,5.2490234375,1.705,
0,0,,,14.384269714355469,75.50292968750001,130.49804687500003,0.10788,5.2490234375,1.739,
0,0,,,14.38121795654297,75.48583984375001,133.11523437500003,0.10785781250000001,5.248828125,1.773,
0,0,,,14.378356933593752,75.46325683593751,135.732421875,0.10783625000000001,5.2484375000000005,1.807,
0,0,,,14.378356933593752,75.46325683593751,138.35937500000003,0.10783625000000001,5.2484375000000005,1.841,
0,0,,,14.379501342773438,75.47424316406251,140.9765625,0.10784531250000001,5.248828125,1.875,
0,0,,,14.360809326171877,75.36987304687501,143.34960937500003,0.10770500000000001,5.248242187500001,1.909,
0,0,,,14.360809326171877,75.36987304687501,145.97656250000003,0.10770500000000001,5.248242187500001,1.943,
0,0,,,14.38446044921875,75.49926757812501,148.59375000000003,0.10788156250000001,5.2486328125,1.978,
0,0,,,14.371681213378908,75.4339599609375,151.21093750000003,0.10778562500000001,5.248828125,2.012,
0,0,,,14.371681213378908,75.4339599609375,153.828125,0.10778562500000001,5.248828125,2.046,
0,0,,,14.383697509765627,75.49865722656251,156.22070312500003,0.10787625,5.248828125,2.08,
0,0,,,14.379119873046875,75.467529296875,158.837890625,0.10784125000000001,5.2484375000000005,2.114,
0,0,,,14.379119873046875,75.467529296875,161.45507812500003,0.10784125000000001,5.2484375000000005,2.148,
0,0,,,14.369583129882812,75.4193115234375,164.07226562500003,0.10777,5.2486328125,2.182,
0,0,,,14.383888244628906,75.4949951171875,166.68945312500003,0.107878125,5.2486328125,2.216,
0,0,,,14.383888244628906,75.4949951171875,169.08203125000003,0.107878125,5.2486328125,2.25,
0,0,,,14.393615722656252,75.54260253906251,171.69921875000003,0.10795093750000001,5.2484375000000005,2.284,
0,0,,,14.36748504638672,75.41015625000001,174.31640625,0.10775468750000002,5.2486328125,2.318,
0,0,,,14.36748504638672,75.41015625000001,176.93359375000003,0.10775468750000002,5.2486328125,2.352,
0,0,,,14.378356933593752,75.46936035156251,179.31640625,0.1078359375,5.248828125,2.386,
0,0,,,14.377403259277346,75.45715332031251,181.93359375,0.1078290625,5.248242187500001,2.42,
0,0,,,14.377403259277346,75.45715332031251,184.55078125000003,0.1078290625,5.248242187500001,2.454,
0,0,,,14.356422424316408,75.3570556640625,187.16796875000003,0.10767125000000001,5.2490234375,2.488,
0,0,,,14.363288879394531,75.39245605468751,189.54101562500003,0.10772250000000001,5.2490234375,2.522,
0,0,,,14.363288879394531,75.39245605468751,192.16796875000003,0.10772250000000001,5.248828125,2.556,
0,0,,,14.372825622558594,75.439453125,194.78515625000003,0.10779437500000001,5.248828125,2.59,
0,0,,,14.37511444091797,75.44616699218751,197.40234375000003,0.10781187500000002,5.2484375000000005,2.624,
0,0,,,14.37511444091797,75.44616699218751,200.01953125000006,0.10781187500000002,5.2484375000000005,2.658,
0,0,,,14.377784729003906,75.46020507812501,202.40234375,0.1078315625,5.2484375000000005,2.692,
0,0,,,14.378356933593752,75.46936035156251,205.01953125000003,0.10783656250000001,5.248828125,2.726,
0,0,,,14.378356933593752,75.46936035156251,207.63671875000003,0.10778750000000001,5.248828125,2.76,
0,0,,,14.371871948242188,75.4339599609375,210.263671875,0.10778750000000001,5.248828125,2.794,
0,0,,,14.37530517578125,75.45654296875001,212.646484375,0.10781375000000001,5.2490234375,2.828,
0,0,,,14.37530517578125,75.45654296875001,215.26367187500003,0.10785843750000002,5.2484375000000005,2.862,
0,0,,,14.38121795654297,75.4803466796875,217.880859375,0.10785843750000002,5.2484375000000005,2.896,
0,0,,,14.370155334472656,75.42541503906251,220.49804687500003,0.10777468750000001,5.248828125,2.93,
0,0,,,14.370155334472656,75.42541503906251,222.88085937500003,0.1077971875,5.2490234375,2.964,
0,0,,,14.373207092285158,75.44433593750001,225.498046875,0.1077971875,5.2490234375,2.998,
0,0,,,14.388084411621094,75.52246093750001,228.11523437500003,0.10790906250000001,5.2490234375,3.033,
0,0,,,14.388084411621094,75.49377441406251,230.74218750000003,0.10787281250000001,5.248828125,3.066,
0,0,,,14.383125305175783,75.49377441406251,233.359375,0.10787281250000001,5.248828125,3.1,
0,0,,,14.385795593261719,75.50659179687501,235.986328125,0.10789125000000001,5.248828125,3.134,
0,0,,,14.377403259277346,75.45654296875001,238.35937500000003,0.10782875000000001,5.248242187500001,3.168,
0,0,,,14.377403259277346,75.45654296875001,240.98632812500003,0.10782875000000001,5.248242187500001,3.202,
0,0,,,14.383125305175783,75.49072265625001,243.60351562500003,0.1078715625,5.2486328125,3.236,
0,0,,,14.380264282226564,75.4852294921875,246.22070312500003,0.107850625,5.249218750000001,3.27,
0,0,,,14.380264282226564,75.4852294921875,248.60351562500006,0.107850625,5.249218750000001,3.304,
0,0,,,14.385414123535156,75.5084228515625,251.23046875000006,0.10788875,5.2490234375,3.338,
0,0,,,14.38884735107422,75.523681640625,253.84765625,0.10791500000000001,5.248828125,3.372,
0,0,,,14.38884735107422,75.523681640625,256.47460937500006,0.10791500000000001,5.248828125,3.406,
0,0,,,14.385223388671875,75.51208496093751,259.09179687500006,0.10788812500000002,5.249218750000001,3.44,
0,0,,,14.386367797851562,75.50659179687501,261.474609375,0.107896875,5.2484375000000005,3.474,
0,0,,,14.386367797851562,75.50659179687501,264.1015625,0.107896875,5.2484375000000005,3.508,
0,0,,,14.387893676757814,75.526123046875,266.71875000000006,0.10790812500000001,5.249218750000001,3.542,
0,0,,,14.390945434570312,75.53466796875001,269.34570312500006,0.10793125,5.248828125,3.576,
0,0,,,14.390945434570312,75.53466796875001,271.728515625,0.10793125,5.248828125,3.61,
0,0,,,14.388656616210938,75.526123046875,274.345703125,0.10791343750000001,5.2490234375,3.644,
0,0,,,14.388656616210938,75.52246093750001,276.96289062500006,0.1079140625,5.248828125,3.678,
0,0,,,14.388656616210938,75.52246093750001,279.58984375,0.1079140625,5.248828125,3.712,
0,0,,,14.374923706054688,75.462646484375,281.962890625,0.1078103125,5.249609375,3.746,
0,0,,,14.38407897949219,75.50598144531251,284.58984375,0.10787875000000001,5.249218750000001,3.78,
0,0,,,14.38407897949219,75.50598144531251,287.21679687500006,0.10787875000000001,5.249218750000001,3.814,
0,0,,,14.397430419921877,75.56640625000001,289.833984375,0.10797906250000001,5.2486328125,3.848,
0,0,,,14.385414123535156,75.50415039062501,292.216796875,0.10788875,5.2486328125,3.882,
0,0,,,14.385414123535156,75.50415039062501,294.833984375,0.10788875,5.2486328125,3.916,
0,0,,,14.378738403320312,75.47485351562501,297.4609375,0.10783906250000001,5.2490234375,3.95,
0,0,,,14.380073547363281,75.48339843750001,300.07812500000006,0.10784937500000001,5.249218750000001,3.984,
0,0,,,14.380073547363281,75.48339843750001,302.69531250000006,0.10784937500000001,5.249218750000001,4.018,
0,0,,,14.368629455566406,75.4217529296875,305.07812500000006,0.10776250000000001,5.249218750000001,4.052,
0,0,,,14.380645751953125,75.4803466796875,307.69531250000006,0.1078528125,5.248828125,4.087,
0,0,,,14.380645751953125,75.4803466796875,310.32226562500006,0.1078528125,5.2490234375,4.121,
0,0,,,14.394950866699219,75.5584716796875,312.93945312500006,0.1079609375,5.2490234375,4.155,
0,0,,,14.397239685058594,75.5706787109375,315.56640625000006,0.1079778125,5.2490234375,4.189,
0,0,,,14.397239685058594,75.5706787109375,317.94921875000006,0.1079778125,5.2490234375,4.223,
0,0,,,14.388275146484375,75.52307128906251,320.56640625000006,0.10791031250000001,5.2490234375,4.257,
0,0,,,14.393615722656252,75.54870605468751,323.19335937500006,0.10795062500000001,5.248828125,4.291,
0,0,,,14.393615722656252,75.54870605468751,325.82031250000006,0.1079478125,5.248828125,4.325,
0,0,,,14.39323425292969,75.54687500000001,328.43750000000006,0.1079478125,5.248828125,4.359,
0,0,,,14.386367797851562,75.5126953125,330.82031250000006,0.10789562500000001,5.2490234375,4.393,
0,0,,,14.386367797851562,75.5126953125,333.43750000000006,0.107786875,5.248242187500001,4.427,
0,0,,,14.371681213378908,75.42724609375001,336.05468750000006,0.107786875,5.248242187500001,4.461,
0,0,,,14.394378662109375,75.55297851562501,338.68164062500006,0.10795625,5.248828125,4.495,
0,0,,,14.394378662109375,75.55297851562501,341.064453125,0.1078671875,5.2490234375,4.529,
0,0,,,14.382553100585938,75.4931640625,343.69140625000006,0.1078671875,5.2490234375,4.563,
0,0,,,14.393043518066406,75.54504394531251,346.30859375000006,0.107945625,5.248828125,4.597,
0,0,,,14.393043518066406,75.54504394531251,348.92578125,0.1078353125,5.2486328125,4.631,
0,0,,,14.378166198730469,75.465087890625,351.30859375,0.1078353125,5.2486328125,4.665,
0,0,,,14.380455017089844,75.47851562500001,353.92578125000006,0.1078525,5.2486328125,4.699,
0,0,,,14.380455017089844,75.43762207031251,356.54296875,0.107795,5.2486328125,4.733,
0,0,,,14.372825622558594,75.43762207031251,359.16015625000006,0.107795,5.2486328125,4.767,
0,0,,,14.368438720703127,75.42358398437501,361.787109375,0.1077615625,5.249218750000001,4.801,
0,0,,,14.395904541015625,75.56518554687501,364.16992187500006,0.1079671875,5.249218750000001,4.835,
0,0,,,14.395904541015625,75.56518554687501,366.796875,0.1079671875,5.249218750000001,4.869,
0,0,,,14.402580261230469,75.5889892578125,369.41406250000006,0.1080175,5.2484375000000005,4.903,
0,0,,,14.372634887695314,75.43762207031251,372.03125000000006,0.10779375000000001,5.2486328125,4.937,
0,0,,,14.372634887695314,75.43762207031251,374.41406250000006,0.10779375000000001,5.2486328125,4.971,
0,0,,,14.378356933593752,75.47058105468751,377.03125000000006,0.107835625,5.2490234375,5.004,
0,0,,,14.387893676757814,75.51818847656251,379.65820312500006,0.10790718750000002,5.248828125,5.038,
0,0,,,14.387893676757814,75.51818847656251,382.27539062500006,0.10790718750000002,5.248828125,5.072,
0,0,,,14.385795593261719,75.51025390625,384.65820312500006,0.10789156250000001,5.2490234375,5.106,
0,0,,,14.373970031738281,75.4486083984375,387.27539062500006,0.10780281250000001,5.2490234375,5.141,
0,0,,,14.373970031738281,75.4486083984375,389.90234375000006,0.10780281250000001,5.2490234375,5.175,
0,0,,,14.385032653808596,75.5084228515625,392.51953125000006,0.10788625,5.2490234375,5.209,
0,0,,,14.384841918945312,75.50476074218751,395.14648437500006,0.10788500000000001,5.2490234375,5.243,
0,0,,,14.384841918945312,75.50476074218751,397.52929687500006,0.10788500000000001,5.2490234375,5.277,
0,0,,,14.389991760253906,75.52978515625001,400.146484375,0.10792406250000001,5.248828125,5.311,
0,0,,,14.399909973144533,75.58288574218751,402.77343750000006,0.10799812500000001,5.248828125,5.345,
0,0,,,14.399909973144533,75.58288574218751,405.390625,0.10799812500000001,5.248828125,5.379,
0,0,,,14.384651184082033,75.49987792968751,408.01757812500006,0.10788375000000001,5.2486328125,5.413,
0,0,,,14.39037322998047,75.53833007812501,410.400390625,0.1079265625,5.249218750000001,5.447,
0,0,,,14.39037322998047,75.53833007812501,413.01757812500006,0.1079265625,5.249218750000001,5.481,
0,0,,,14.398956298828127,75.57556152343751,415.64453125,0.10799125000000001,5.2486328125,5.515,
0,0,,,14.378547668457031,75.4669189453125,418.26171875,0.1078378125,5.2486328125,5.549,
0,0,,,14.378547668457031,75.4669189453125,420.64453125000006,0.1078378125,5.2486328125,5.583,
0,0,,,14.37644958496094,75.462646484375,423.26171875,0.10782125000000001,5.2490234375,5.617,
0,0,,,14.394760131835938,75.55358886718751,425.88867187500006,0.10795875,5.248828125,5.651,
0,0,,,14.394760131835938,75.55358886718751,428.515625,0.10795875,5.248828125,5.685,
0,0,,,14.406394958496094,75.62194824218751,430.89843750000006,0.10804656250000001,5.249218750000001,5.719,
0,0,,,14.379882812500002,75.4791259765625,433.515625,0.10784781250000001,5.2490234375,5.753,
0,0,,,14.379882812500002,75.4791259765625,436.14257812500006,0.10784781250000001,5.2490234375,5.787,
0,0,,,14.39647674560547,75.56762695312501,438.75976562500006,0.10797218750000001,5.2490234375,5.821,
0,0,,,14.39971923828125,75.58227539062501,441.15234375000006,0.10799718750000001,5.248828125,5.855,
0,0,,,14.39971923828125,75.58227539062501,443.76953125,0.10799718750000001,5.248828125,5.889,
0,0,,,14.387702941894531,75.51818847656251,446.38671875,0.10790593750000001,5.248828125,5.923,
0,0,,,14.375877380371094,75.45959472656251,449.00390625000006,0.10781812500000001,5.2490234375,5.957,
0,0,,,14.375877380371094,75.45959472656251,451.630859375,0.10781812500000001,5.2490234375,5.991,
0,0,,,14.374160766601564,75.4498291015625,454.01367187500006,0.10780468750000001,5.2490234375,6.025,
0,0,,,14.393615722656252,75.5462646484375,456.6308593750001,0.1079503125,5.2486328125,6.059,
0,0,,,14.393615722656252,75.5462646484375,459.25781250000006,0.10789968750000001,5.2490234375,6.093,
0,0,,,14.386749267578125,75.51696777343751,461.87500000000006,0.10789968750000001,5.2490234375,6.127,
0,0,,,14.394378662109375,75.5584716796875,464.26757812500006,0.10795625,5.249218750000001,6.161,
0,0,,,14.394378662109375,75.5584716796875,466.8847656250001,0.1079775,5.2490234375,6.195,
0,0,,,14.397239685058594,75.5718994140625,469.51171875000006,0.1079775,5.2490234375,6.23,
0,0,,,14.397048950195314,75.56396484375001,472.12890625000006,0.10797656250000001,5.2486328125,6.264,
0,0,,,14.397048950195314,75.56396484375001,474.7460937500001,0.107825,5.2490234375,6.298,
0,0,,,14.3768310546875,75.462646484375,477.37304687500006,0.107825,5.2490234375,6.332,
0,0,,,14.392280578613283,75.53833007812501,479.755859375,0.10794093750000001,5.2486328125,6.366,
0,0,,,14.392280578613283,75.55053710937501,482.38281250000006,0.10795750000000001,5.2486328125,6.4,
0,0,,,14.394569396972658,75.55053710937501,485.0000000000001,0.10795750000000001,5.2486328125,6.434,
0,0,,,14.401054382324219,75.59326171875001,487.62695312500006,0.10800593750000001,5.249218750000001,6.468,
0,0,,,14.37530517578125,75.45410156250001,490.00000000000006,0.10781281250000001,5.248828125,6.502,
0,0,,,14.37530517578125,75.45410156250001,492.62695312500006,0.10781281250000001,5.248828125,6.536,
0,0,,,14.385223388671875,75.50903320312501,495.24414062500006,0.10788812500000002,5.2490234375,6.57,
0,0,,,14.40086364746094,75.59082031250001,497.8710937500001,0.108005,5.2490234375,6.604,
0,0,,,14.40086364746094,75.59082031250001,500.48828125,0.108005,5.2490234375,6.638,
0,0,,,14.373397827148438,75.43884277343751,502.87109375000006,0.10779875000000001,5.2486328125,6.672,
0,0,,,14.389419555664064,75.52917480468751,505.498046875,0.10791906250000001,5.2490234375,6.706,
0,0,,,14.389419555664064,75.52917480468751,508.11523437500006,0.10791906250000001,5.2490234375,6.74,
0,0,,,14.380264282226564,75.47180175781251,510.7324218750001,0.10784968750000001,5.2484375000000005,6.774,
0,0,,,14.381790161132814,75.48889160156251,513.1152343750001,0.10786250000000001,5.2490234375,6.808,
0,0,,,14.381790161132814,75.48889160156251,515.732421875,0.10786250000000001,5.2490234375,6.842,
0,0,,,14.378166198730469,75.467529296875,518.3593750000001,0.10783500000000001,5.248828125,6.876,
0,0,,,14.387130737304688,75.51513671875001,520.9765625,0.10790187500000001,5.248828125,6.91,
0,0,,,14.387130737304688,75.51513671875001,523.3593750000001,0.10790187500000001,5.248828125,6.944,
0,0,,,14.400672912597656,75.58349609375001,525.986328125,0.10800406250000001,5.2486328125,6.978,
0,0,,,14.382553100585938,75.4974365234375,528.6035156250001,0.10786687500000001,5.249218750000001,7.012,
0,0,,,14.382553100585938,75.4974365234375,531.23046875,0.10786687500000001,5.249218750000001,7.046,
0,0,,,14.388275146484375,75.523681640625,533.8476562500001,0.10791031250000001,5.2490234375,7.08,
0,0,,,14.383125305175783,75.4931640625,536.23046875,0.10787250000000001,5.248828125,7.114,
0,0,,,14.383125305175783,75.4931640625,538.8476562500001,0.10787250000000001,5.248828125,7.148,
0,0,,,14.385414123535156,75.50231933593751,541.4746093750001,0.10788937500000001,5.2486328125,7.182,
0,0,,,14.38140869140625,75.49011230468751,544.091796875,0.1078590625,5.249218750000001,7.216,
0,0,,,14.38140869140625,75.49011230468751,546.71875,0.1078590625,5.249218750000001,7.25,
0,0,,,14.390945434570312,75.53649902343751,549.1015625000001,0.10793125,5.248828125,7.284,
0,0,,,14.37530517578125,75.44921875,551.71875,0.10781281250000001,5.2486328125,7.318,
0,0,,,14.37530517578125,75.44921875,554.3359375000001,0.10781281250000001,5.2486328125,7.352,
0,0,,,14.39933776855469,75.57739257812501,556.962890625,0.10799312500000001,5.2486328125,7.386,
0,0,,,14.385223388671875,75.51208496093751,559.3457031250001,0.10788718750000001,5.2494140625000005,7.42,
0,0,,,14.385223388671875,75.51208496093751,561.962890625,0.10788718750000001,5.248242187500001,7.454,
0,0,,,14.379882812500002,75.47058105468751,564.5898437500001,0.107848125,5.248242187500001,7.488,
0,0,,,14.389610290527344,75.528564453125,567.20703125,0.1079203125,5.248828125,7.522,
0,0,,,14.389610290527344,75.528564453125,569.82421875,0.1079203125,5.2486328125,7.556,
0,0,,,14.370155334472656,75.42358398437501,572.20703125,0.10777500000000001,5.2486328125,7.59,
0,0,,,14.38560485839844,75.51452636718751,574.833984375,0.10789000000000001,5.2494140625000005,7.624,
0,0,,,14.38560485839844,75.51452636718751,577.4511718750001,0.10791312500000001,5.2486328125,7.658,
0,0,,,14.388656616210938,75.52062988281251,580.0683593750001,0.10791312500000001,5.2486328125,7.692,
0,0,,,14.383316040039062,75.4949951171875,582.4511718750001,0.10787375,5.248828125,7.726,
0,0,,,14.383316040039062,75.4949951171875,585.0781250000001,0.1079671875,5.2486328125,7.76,
0,0,,,14.395713806152344,75.55786132812501,587.6953125000001,0.1079671875,5.2486328125,7.794,
0,0,,,14.380836486816408,75.47851562500001,590.3222656250001,0.1078546875,5.2486328125,7.828,
0,0,,,14.380836486816408,75.47851562500001,592.7050781250001,0.10792125000000001,5.2494140625000005,7.862,
0,0,,,14.389610290527344,75.53649902343751,595.322265625,0.10792125000000001,5.2494140625000005,7.896,
0,0,,,14.395523071289064,75.55908203125,597.9492187500001,0.10796562500000001,5.248828125,7.93,
0,0,,,14.395523071289064,75.55908203125,600.56640625,0.10780687500000001,5.248828125,7.964,
0,0,,,14.374351501464844,75.4473876953125,603.1835937500001,0.10780687500000001,5.248828125,7.998,
0,0,,,14.386749267578125,75.5133056640625,605.5761718750001,0.107899375,5.248828125,8.032,
0,0,,,14.406013488769533,75.61767578125,608.1933593750001,0.10804375000000001,5.2490234375,8.066,
0,0,,,14.406013488769533,75.61767578125,610.8105468750001,0.10804375000000001,5.2490234375,8.1,
0,0,,,14.384841918945312,75.50659179687501,613.4375000000001,0.10788500000000001,5.2490234375,8.134,
0,0,,,14.387130737304688,75.51635742187501,615.8203125,0.10790250000000001,5.248828125,8.168,
0,0,,,14.387130737304688,75.51635742187501,618.4375000000001,0.10790250000000001,5.248828125,8.202,
0,0,,,14.382362365722656,75.49133300781251,621.0546875,0.10786656250000001,5.248828125,8.236,
0,0,,,14.369583129882812,75.4217529296875,623.6816406250001,0.10777,5.248828125,8.27,
0,0,,,14.369583129882812,75.4217529296875,626.298828125,0.10777,5.248828125,8.305,
0,0,,,14.38884735107422,75.52734375000001,628.6816406250001,0.10791562500000002,5.2490234375,8.339,
0,0,,,14.381790161132814,75.4949951171875,631.298828125,0.1078628125,5.2494140625000005,8.373,
0,0,,,14.381790161132814,75.4949951171875,633.9257812500001,0.1078628125,5.2494140625000005,8.407,
0,0,,,14.398956298828127,75.57312011718751,636.552734375,0.10799125000000001,5.2484375000000005,8.441,
0,0,,,14.40849304199219,75.63110351562501,639.1796875000001,0.1080625,5.2490234375,8.475,
0,0,,,14.40849304199219,75.63110351562501,641.5625,0.1080625,5.2490234375,8.509,
0,0,,,14.408683776855469,75.62927246093751,644.1796875000001,0.1080640625,5.248828125,8.543,
0,0,,,14.388275146484375,75.52490234375,646.806640625,0.10791062500000001,5.2490234375,8.577,
0,0,,,14.388275146484375,75.52490234375,649.4238281250001,0.10791062500000001,5.2490234375,8.611,
0,0,,,14.384269714355469,75.49865722656251,651.806640625,0.10788093750000001,5.2486328125,8.645,
0,0,,,14.38274383544922,75.49133300781251,654.4335937500001,0.107869375,5.248828125,8.679,
0,0,,,14.38274383544922,75.49133300781251,657.0507812500001,0.107869375,5.248828125,8.713,
0,0,,,14.372825622558594,75.43212890625,659.66796875,0.10779468750000001,5.248242187500001,8.747,
0,0,,,14.368057250976562,75.41564941406251,662.05078125,0.107759375,5.248828125,8.781,
0,0,,,14.368057250976562,75.41564941406251,664.6679687500001,0.107759375,5.248828125,8.815,
0,0,,,14.390182495117188,75.5279541015625,667.2949218750001,0.1079246875,5.2486328125,8.849,
0,0,,,14.389228820800781,75.5255126953125,669.9121093750001,0.10791750000000001,5.248828125,8.883,
0,0,,,14.389228820800781,75.5255126953125,672.5292968750001,0.10791750000000001,5.248828125,8.916,
0,0,,,14.379119873046875,75.47607421875001,674.9121093750001,0.10784156250000002,5.2490234375,8.95,
0,0,,,14.379882812500002,75.4827880859375,677.5390625000001,0.10784781250000001,5.249218750000001,8.984,
0,0,,,14.379882812500002,75.4827880859375,680.1464843750001,0.10784781250000001,5.249218750000001,9.018,
0,0,,,14.37034606933594,75.43029785156251,682.7734375000001,0.10777687500000001,5.2490234375,9.052,
0,0,,,14.377403259277346,75.462646484375,685.15625,0.10782843750000001,5.248828125,9.086,
0,0,,,14.377403259277346,75.462646484375,687.7734375000001,0.10782843750000001,5.248242187500001,9.12,
0,0,,,14.395713806152344,75.55175781250001,690.4003906250001,0.10796593750000001,5.248242187500001,9.154,
0,0,,,14.38560485839844,75.5096435546875,693.0175781250001,0.10788968750000001,5.2490234375,9.188,
0,0,,,14.38560485839844,75.5096435546875,695.4003906250001,0.10788968750000001,5.2486328125,9.222,
0,0,,,14.377593994140625,75.4638671875,698.0175781250001,0.10783125,5.2486328125,9.256,
0,0,,,14.36920166015625,75.4217529296875,700.634765625,0.1077678125,5.248828125,9.29,
0,0,,,14.36920166015625,75.4217529296875,703.2519531250001,0.10783187500000001,5.2486328125,9.324,
0,0,,,14.377784729003906,75.4644775390625,705.8789062500001,0.10783187500000001,5.2486328125,9.359,
0,0,,,14.373779296875,75.43518066406251,708.251953125,0.10780093750000001,5.248242187500001,9.393,
0,0,,,14.373779296875,75.43518066406251,710.8691406250001,0.1077971875,5.2486328125,9.427,
0,0,,,14.373207092285158,75.44006347656251,713.4960937500001,0.1077971875,5.2486328125,9.461,
0,0,,,14.38884735107422,75.52307128906251,716.1230468750001,0.10791562500000002,5.2486328125,9.495,
0,0,,,14.38884735107422,75.52307128906251,718.7402343750001,0.10786062500000002,5.2484375000000005,9.529,
0,0,,,14.381599426269531,75.48095703125001,721.1230468750001,0.10786062500000002,5.2484375000000005,9.563,
0,0,,,14.393424987792969,75.54748535156251,723.7402343750001,0.10794937500000001,5.248828125,9.597,
0,0,,,14.393424987792969,75.54748535156251,726.3671875000001,0.1079925,5.2490234375,9.631,
0,0,,,14.399147033691406,75.58166503906251,728.984375,0.1079925,5.2490234375,9.665,
0,0,,,14.381790161132814,75.48645019531251,731.3671875000001,0.10786250000000001,5.248828125,9.699,
0,0,,,14.370918273925781,75.433349609375,733.984375,0.10778000000000001,5.2490234375,9.733,
0,0,,,14.370918273925781,75.433349609375,736.6015625000001,0.10778000000000001,5.2490234375,9.767,
0,0,,,14.37644958496094,75.45593261718751,739.2285156250001,0.10782218750000001,5.2486328125,9.801,
0,0,,,14.399528503417969,75.57617187500001,741.6113281250001,0.107994375,5.2486328125,9.835,
0,0,,,14.399528503417969,75.57617187500001,744.23828125,0.107994375,5.2486328125,9.869,
0,0,,,14.39933776855469,75.58105468750001,746.8554687500001,0.10799281250000001,5.2490234375,9.903,
0,0,,,14.389419555664064,75.52429199218751,749.4824218750001,0.10791906250000001,5.2486328125,9.937,
0,0,,,14.389419555664064,75.52429199218751,751.8652343750001,0.10791906250000001,5.2486328125,9.97,
0,0,,,14.406013488769533,75.615234375,754.4921875,0.10804406250000001,5.248828125,10.005,
0,1,,,14.345550537109377,75.30029296875001,762.7832031250001,0.1075896875,5.2490234375,10.114,
0,1,,,14.051055908203125,73.758544921875,765.3125000000001,0.1053821875,5.2494140625000005,10.148,
0,1,,,14.051055908203125,73.758544921875,767.6074218750001,0.1053821875,5.249609375,10.182,
0,1,,,13.880729675292969,72.86743164062501,770.1464843750001,0.10410375000000001,5.249609375,10.216,
0,1,,,13.906288146972658,73.0072021484375,772.6757812500001,0.10429531250000001,5.25,10.25,
0,1,,,13.906288146972658,73.0072021484375,775.2148437500001,0.10426718750000001,5.249609375,10.284,
0,1,,,13.902473449707033,72.9833984375,777.7441406250001,0.10426718750000001,5.249609375,10.318,
0,1,,,13.892745971679688,72.9345703125,780.0488281250001,0.10419468750000001,5.2498046875,10.352,
0,1,,,13.892745971679688,72.9345703125,782.5878906250001,0.10441343750000001,5.2498046875,10.386,
0,1,,,13.921928405761719,73.08837890625001,785.1171875,0.10441343750000001,5.2498046875,10.42,
0,1,,,13.914299011230469,73.05053710937501,787.6562500000001,0.10435593750000001,5.25,10.454,
0,1,,,13.914299011230469,73.05053710937501,790.1855468750001,0.1042515625,5.25,10.489,
0,1,,,13.900375366210938,72.9754638671875,792.4902343750001,0.1042515625,5.25,10.523,
0,1,,,13.884925842285158,72.8839111328125,795.01953125,0.10413625000000001,5.249218750000001,10.557,
0,1,,,13.884925842285158,72.9949951171875,797.55859375,0.10429000000000001,5.2494140625000005,10.591,
0,1,,,13.905525207519531,72.9949951171875,800.087890625,0.10429000000000001,5.2494140625000005,10.625,
0,1,,,13.896942138671875,72.95349121093751,802.6171875000001,0.10422531250000001,5.249609375,10.659,
0,1,,,13.91105651855469,73.03405761718751,804.921875,0.10433093750000001,5.250195312500001,10.693,
0,1,,,13.91105651855469,73.03405761718751,807.4609375,0.10433093750000001,5.250195312500001,10.727,
0,1,,,13.895034790039062,72.94128417968751,809.9902343750002,0.10421187500000001,5.2494140625000005,10.761,
0,1,,,13.915634155273438,73.05419921875,812.5292968750002,0.10436625000000001,5.2498046875,10.795,
0,1,,,13.915634155273438,73.05419921875,814.833984375,0.10436625000000001,5.2498046875,10.829,
0,1,,,13.899803161621094,72.96875000000001,817.3632812500001,0.1042471875,5.249609375,10.863,
0,1,,,13.903617858886719,72.98522949218751,819.8925781250001,0.10427593750000001,5.2494140625000005,10.897,
0,1,,,13.903617858886719,72.98522949218751,822.4218750000001,0.10427593750000001,5.2494140625000005,10.931,
0,1,,,13.875770568847658,72.84484863281251,824.7265625000001,0.10406625000000001,5.2498046875,10.965,
0,1,,,13.902473449707033,72.98400878906251,827.2558593750001,0.10426750000000001,5.2498046875,10.999,
0,1,,,13.902473449707033,72.98400878906251,829.794921875,0.10426750000000001,5.2498046875,11.033,
0,1,,,13.901901245117188,72.97607421875,832.3242187500001,0.10426250000000001,5.2494140625000005,11.067,
0,1,,,13.890266418457031,72.91809082031251,834.853515625,0.10417562500000001,5.249609375,11.101,
0,1,,,13.890266418457031,72.91809082031251,837.158203125,0.10417562500000001,5.249609375,11.135,
0,1,,,13.898086547851562,72.95837402343751,839.6875,0.1042346875,5.249609375,11.169,
0,1,,,13.904190063476562,72.99072265625,842.2265625,0.10428031250000001,5.249609375,11.203,
0,1,,,13.904190063476562,72.99072265625,844.7558593750002,0.10428031250000001,5.249609375,11.236,
0,1,,,13.889503479003906,72.9168701171875,847.0507812500001,0.10416937500000001,5.2498046875,11.27,
0,2,,,14.633941650390627,76.79565429687501,857.3535156250002,0.1097528125,5.2478515625,11.405,
0,2,,,14.633941650390627,76.79565429687501,860.1171875000001,0.1097528125,5.2478515625,11.439,
0,2,,,15.188217163085938,79.70153808593751,862.646484375,0.11391031250000001,5.24765625,11.473,
0,2,,,15.268898010253906,80.11535644531251,865.4296875,0.11451593750000001,5.246875,11.507,
0,2,,,15.268898010253906,80.11535644531251,868.2128906250001,0.11451593750000001,5.246875,11.541,
0,2,,,15.291404724121094,80.242919921875,871.0058593750001,0.11468343750000001,5.24765625,11.575,
0,2,,,15.290069580078127,80.23010253906251,873.779296875,0.11467437500000001,5.247265625000001,11.609,
0,2,,,15.290069580078127,80.23010253906251,876.5332031250001,0.11467437500000001,5.247265625000001,11.644,
0,2,,,15.155029296875,79.52087402343751,879.04296875,0.11366062500000002,5.247265625000001,11.678,
0,2,,,14.869117736816408,78.026123046875,881.6601562500001,0.11151625000000001,5.24765625,11.712,
0,2,,,14.869117736816408,78.026123046875,884.169921875,0.11151625000000001,5.24765625,11.746,
0,2,,,13.747215270996094,72.174072265625,886.669921875,0.1031034375,5.25,11.78,
0,2,,,13.752746582031252,72.19604492187501,888.9453125000002,0.10314375,5.249609375,11.814,
0,2,,,13.752746582031252,72.19604492187501,891.455078125,0.10314375,5.250195312500001,11.848,
0,2,,,13.735771179199219,72.11547851562501,893.9648437500001,0.10301781250000001,5.250195312500001,11.882,
0,2,,,13.757514953613283,72.22534179687501,896.4648437500001,0.10318000000000001,5.2498046875,11.916,
0,2,,,13.757514953613283,72.22534179687501,898.7402343750001,0.10318000000000001,5.249609375,11.95,
0,2,,,13.751792907714846,72.19116210937501,901.2500000000001,0.1031371875,5.249609375,11.984,
0,2,,,13.760948181152346,72.23999023437501,903.759765625,0.10320625000000001,5.249609375,12.018,
0,2,,,13.760948181152346,72.23999023437501,906.2695312500001,0.10317468750000001,5.250195312500001,12.052,
0,2,,,13.756752014160156,72.22656250000001,908.7695312500001,0.10317468750000001,5.250195312500001,12.086,
0,2,,,13.761329650878908,72.247314453125,911.0546875000001,0.1032090625,5.25,12.12,
0,2,,,13.761329650878908,72.247314453125,913.5546875000001,0.10313375000000001,5.25,12.154,
0,2,,,13.751411437988283,72.19299316406251,916.0644531250001,0.10313375000000001,5.25,12.188,
0,2,,,13.765335083007812,72.26745605468751,918.5742187500001,0.1032384375,5.25,12.222,
0,2,,,13.765335083007812,72.26745605468751,920.859375,0.10333281250000001,5.249609375,12.256,
0,3,,,14.357757568359375,75.36621093750001,931.0546875000001,0.10768187500000001,5.249218750000001,12.39,
0,3,,,14.810752868652344,77.71972656250001,933.798828125,0.11107937500000001,5.2474609375000005,12.425,
0,4,,,14.373397827148438,75.44372558593751,944.1503906250001,0.1096915625,5.2484375000000005,12.559,
0,4,,,14.625740051269531,76.761474609375,946.5917968750001,0.1096915625,5.2484375000000005,12.593,
0,4,,,14.7552490234375,77.43713378906251,949.2578125,0.11066250000000001,5.248242187500001,12.627,
0,4,,,14.7552490234375,77.0037841796875,951.943359375,0.11005218750000001,5.24765625,12.661,
0,4,,,14.673805236816406,77.0037841796875,954.6386718750001,0.11005218750000001,5.24765625,12.696,
0,4,,,14.71366882324219,77.22534179687501,957.3242187500001,0.11035125000000001,5.2486328125,12.73,
0,5,,,14.415550231933596,75.6658935546875,967.3925781250001,0.10811468750000001,5.2490234375,12.864,
0,5,,,14.415550231933596,75.6658935546875,970.1171875000001,0.10811468750000001,5.2490234375,12.898,
0,5,,,15.002250671386719,78.72314453125001,972.8515625,0.11251562500000001,5.2474609375000005,12.932,
0,5,,,14.96257781982422,78.51989746093751,975.5761718750002,0.11221812500000002,5.2478515625,12.966,
0,6,,,12.425613403320312,65.262451171875,0.41015625000000006,0.09319031250000001,5.2523437500000005,0.017,
0,6,,,12.3931884765625,65.0921630859375,2.67578125,0.0929478125,5.2523437500000005,0.051,
0,6,,,12.438392639160156,65.32409667968751,4.941406250000001,0.09328593750000001,5.251953125,0.085,
0,6,,,12.438392639160156,65.32409667968751,7.2265625,0.09328593750000001,5.251953125,0.119,
0,6,,,12.528228759765627,65.79772949218751,9.511718750000002,0.09396,5.251953125,0.153,
0,6,,,12.476921081542969,65.5322265625,11.562500000000002,0.09357625000000001,5.2523437500000005,0.187,
0,6,,,12.476921081542969,65.5322265625,13.80859375,0.09357625000000001,5.2523437500000005,0.221,
0,6,,,12.305068969726564,64.630126953125,16.074218750000004,0.09228625000000001,5.2523437500000005,0.255,
0,6,,,12.418174743652346,65.22155761718751,18.330078125000004,0.09313531250000001,5.252148437500001,0.289,
0,6,,,12.418174743652346,65.22155761718751,20.380859375000004,0.09313531250000001,5.252148437500001,0.323,
0,6,,,12.413978576660156,65.1953125,22.646484375,0.09310375000000001,5.2517578125,0.357,
0,6,,,12.3687744140625,64.96215820312501,24.90234375,0.0927653125,5.252148437500001,0.392,
0,6,,,12.3687744140625,64.96215820312501,27.158203125000004,0.0927653125,5.252148437500001,0.426,
0,6,,,12.372589111328125,64.98779296875,29.4140625,0.0927928125,5.2525390625,0.46,
0,6,,,12.373161315917969,64.984130859375,31.464843750000007,0.0927971875,5.252148437500001,0.494,
0,6,,,12.373161315917969,64.984130859375,33.74023437500001,0.0927971875,5.252148437500001,0.528,
0,6,,,12.449455261230469,65.3936767578125,36.015625,0.09337000000000001,5.252734375,0.562,
0,6,,,12.466049194335938,65.47668457031251,38.27148437500001,0.093494375,5.2523437500000005,0.596,
0,6,,,12.466049194335938,65.47668457031251,40.53710937500001,0.093494375,5.2523437500000005,0.63,
0,6,,,12.409400939941406,65.1702880859375,42.58789062500001,0.09306906250000001,5.2517578125,0.664,
0,6,,,12.402534484863281,65.14160156250001,44.85351562500001,0.0930178125,5.2523437500000005,0.698,
0,6,,,12.402534484863281,65.14160156250001,47.13867187500001,0.0930178125,5.2523437500000005,0.732,
0,6,,,12.490081787109377,65.60546875,49.39453125000001,0.093674375,5.2525390625,0.766,
0,6,,,12.392425537109377,65.0872802734375,51.66992187500001,0.09294250000000001,5.252148437500001,0.8,
0,6,,,12.392425537109377,65.0872802734375,53.74023437500001,0.09294250000000001,5.2523437500000005,0.834,
0,6,,,12.498855590820312,65.64697265625001,56.005859375,0.09374062500000001,5.2523437500000005,0.868,
0,6,,,12.380599975585938,65.0274658203125,58.26171875000001,0.09285343750000001,5.2523437500000005,0.902,
0,6,,,12.380599975585938,65.0274658203125,60.527343750000014,0.09318125000000001,5.2523437500000005,0.936,
0,6,,,12.424278259277346,65.255126953125,62.79296875,0.09318125000000001,5.2523437500000005,0.97,
0,6,,,12.417793273925781,65.22277832031251,64.84375,0.09313250000000001,5.2523437500000005,1.005,
0,6,,,12.417793273925781,65.22277832031251,67.119140625,0.0935003125,5.2523437500000005,1.04,
0,6,,,12.466812133789064,65.48034667968751,69.39453125,0.0935003125,5.2523437500000005,1.074,
0,6,,,12.494659423828125,65.6256103515625,71.6796875,0.09370906250000001,5.2523437500000005,1.108,
0,6,,,12.494659423828125,65.6256103515625,73.94531250000001,0.093320625,5.2525390625,1.142,
0,6,,,12.442970275878908,65.35766601562501,76.20117187500001,0.093320625,5.2525390625,1.176,
0,6,,,12.40959167480469,65.17395019531251,78.26171875000001,0.09307156250000001,5.251953125,1.21,
0,6,,,12.392997741699219,65.09887695312501,80.517578125,0.09294687500000001,5.2529296875,1.244,
0,6,,,12.392997741699219,65.09887695312501,82.80273437500001,0.09294687500000001,5.2529296875,1.278,
0,6,,,12.450408935546875,65.39001464843751,85.05859375000001,0.09337656250000001,5.252148437500001,1.312,
0,6,,,12.365722656250002,64.94689941406251,87.09960937500001,0.0927421875,5.252148437500001,1.346,
0,6,,,12.365722656250002,64.94689941406251,89.365234375,0.0927421875,5.252148437500001,1.38,
0,6,,,12.437629699707033,65.325927734375,91.64062500000001,0.09328093750000001,5.2523437500000005,1.414,
0,6,,,12.43572235107422,65.3167724609375,93.896484375,0.09326625000000001,5.2523437500000005,1.448,
0,6,,,12.43572235107422,65.3167724609375,96.17187500000001,0.09326625000000001,5.2523437500000005,1.482,
0,6,,,12.410163879394531,65.18432617187501,98.22265625000001,0.093075,5.2525390625,1.516,
0,6,,,12.44659423828125,65.37475585937501,100.49804687500003,0.0933478125,5.2525390625,1.55,
0,6,,,12.44659423828125,65.37475585937501,102.75390625000001,0.0933478125,5.2525390625,1.584,
0,6,,,12.424278259277346,65.25085449218751,105.02929687500001,0.0931809375,5.251953125,1.618,
0,6,,,12.475013732910156,65.52246093750001,107.09960937500001,0.09356062500000001,5.2523437500000005,1.652,
0,6,,,12.475013732910156,65.52246093750001,109.36523437500001,0.09356062500000001,5.2523437500000005,1.686,
0,6,,,12.428855895996094,65.274658203125,111.63085937500001,0.09321562500000001,5.251953125,1.72,
0,6,,,12.466049194335938,65.472412109375,113.90625000000001,0.0934946875,5.252148437500001,1.754,
0,6,,,12.466049194335938,65.472412109375,116.162109375,0.0934946875,5.252148437500001,1.788,
0,6,,,12.402534484863281,65.1397705078125,118.21289062500001,0.0930175,5.252148437500001,1.822,
0,6,,,12.421226501464844,65.240478515625,120.48828125000003,0.0931575,5.2523437500000005,1.856,
0,6,,,12.421226501464844,65.240478515625,122.76367187500003,0.0931575,5.2523437500000005,1.89,
0,6,,,12.466812133789064,65.4833984375,125.02929687500003,0.09349968750000001,5.252734375,1.924,
0,6,,,12.426567077636719,65.272216796875,127.08984375000001,0.0931975,5.252734375,1.958,
0,6,,,12.426567077636719,65.272216796875,129.365234375,0.0931975,5.252734375,1.992,
0,6,,,12.468338012695312,65.4876708984375,131.63085937500003,0.0935109375,5.2523437500000005,2.026,
0,6,,,12.395668029785158,65.10986328125,133.88671875,0.0929665625,5.252734375,2.06,
0,6,,,12.395668029785158,65.10986328125,135.92773437500003,0.0929665625,5.252734375,2.095,
0,6,,,12.359046936035158,64.9090576171875,138.388671875,0.09269218750000001,5.251953125,2.129,
0,6,,,12.37754821777344,65.00793457031251,140.44921875000003,0.0928309375,5.252148437500001,2.163,
0,6,,,12.37754821777344,65.00793457031251,142.724609375,0.0928309375,5.2517578125,2.197,
0,6,,,12.456321716308596,65.41809082031251,144.98046875,0.09342156250000001,5.2517578125,2.231,
0,6,,,12.4053955078125,65.15441894531251,147.24609375000003,0.09303968750000001,5.252148437500001,2.265,
0,6,,,12.4053955078125,65.15441894531251,149.31640625,0.09303968750000001,5.252148437500001,2.299,
0,6,,,12.448883056640625,65.3839111328125,151.57226562500003,0.093365,5.252148437500001,2.333,
0,6,,,12.432861328125002,65.302734375,153.83789062500003,0.09324562500000001,5.2525390625,2.367,
0,6,,,12.432861328125002,65.302734375,156.09375000000003,0.09260593750000001,5.252148437500001,2.401,
0,6,,,12.347602844238283,64.85107421875001,158.15429687500003,0.09260593750000001,5.252148437500001,2.435,
0,6,,,12.40959167480469,65.179443359375,160.400390625,0.093070625,5.2523437500000005,2.469,
0,6,,,12.40959167480469,65.179443359375,162.68554687500003,0.09340125,5.251953125,2.503,
0,6,,,12.453651428222656,65.40466308593751,164.94140625,0.09340125,5.251953125,2.537,
0,6,,,12.457084655761719,65.4266357421875,167.2265625,0.09342718750000001,5.252148437500001,2.571,
0,6,,,12.457084655761719,65.4266357421875,169.28710937500003,0.09346093750000001,5.252148437500001,2.605,
0,6,,,12.461662292480469,65.44982910156251,171.55273437500003,0.09346093750000001,5.252148437500001,2.639,
0,6,,,12.410545349121096,65.17822265625,173.818359375,0.09307812500000001,5.251953125,2.673,
0,6,,,12.410545349121096,65.17822265625,176.10351562500003,0.0938334375,5.251953125,2.707,
0,6,,,12.511253356933594,65.70861816406251,178.16406250000003,0.0938334375,5.251953125,2.741,
0,6,,,12.407112121582033,65.15930175781251,180.42968750000003,0.09305218750000001,5.2517578125,2.775,
0,6,,,12.407112121582033,65.15930175781251,182.71484375000003,0.0937609375,5.2525390625,2.809,
0,6,,,12.501716613769531,65.66528320312501,184.98046875000003,0.0937609375,5.2525390625,2.843,
0,6,,,12.46299743652344,65.4608154296875,187.05078125000003,0.09347187500000001,5.2523437500000005,2.877,
0,6,,,12.495231628417969,65.628662109375,189.326171875,0.09371375000000001,5.2523437500000005,2.911,
0,6,,,12.495231628417969,65.628662109375,191.59179687500003,0.09371375000000001,5.2523437500000005,2.945,
0,6,,,12.385940551757812,65.05310058593751,193.84765625,0.09289312500000001,5.252148437500001,2.979,
0,6,,,12.447357177734375,65.37231445312501,196.11328125000003,0.09335343750000001,5.251953125,3.013,
0,6,,,12.447357177734375,65.37231445312501,198.17382812500003,0.09335343750000001,5.251953125,3.047,
0,6,,,12.425994873046875,65.2587890625,200.4296875,0.09319375,5.2517578125,3.081,
0,6,,,12.3382568359375,64.80346679687501,202.685546875,0.09253625000000001,5.252148437500001,3.115,
0,6,,,12.3382568359375,64.80346679687501,204.94140625,0.09253625000000001,5.252148437500001,3.15,
0,6,,,12.40673065185547,65.16357421875,207.20703125000003,0.093049375,5.2523437500000005,3.184,
0,6,,,12.40673065185547,65.1654052734375,209.47265625,0.0930490625,5.2525390625,3.218,
0,6,,,12.40673065185547,65.1654052734375,211.533203125,0.0930490625,5.2525390625,3.252,
0,6,,,12.404632568359375,65.150146484375,213.78906250000006,0.09303406250000001,5.252148437500001,3.286,
0,6,,,12.376976013183594,65.00915527343751,216.0546875,0.0928265625,5.2525390625,3.32,
0,6,,,12.376976013183594,65.00915527343751,218.33007812500006,0.0928265625,5.2525390625,3.354,
0,6,,,12.475776672363283,65.52490234375001,220.37109375,0.09356687500000001,5.252148437500001,3.388,
0,6,,,12.409019470214846,65.179443359375,222.646484375,0.0930659375,5.2525390625,3.422,
0,6,,,12.409019470214846,65.179443359375,224.92187500000006,0.0930659375,5.2525390625,3.456,
0,6,,,12.462234497070312,65.4541015625,227.17773437500003,0.09346562500000001,5.252148437500001,3.49,
0,6,,,12.455558776855469,65.41809082031251,229.248046875,0.093415625,5.252148437500001,3.524,
0,6,,,12.455558776855469,65.41809082031251,231.51367187500006,0.093415625,5.252148437500001,3.558,
0,6,,,12.435150146484375,65.3106689453125,233.77929687500003,0.09326250000000001,5.252148437500001,3.592,
0,6,,,12.415313720703127,65.2105712890625,236.044921875,0.09311406250000001,5.2525390625,3.626,
0,6,,,12.415313720703127,65.2105712890625,238.11523437500003,0.09311406250000001,5.2525390625,3.66,
0,6,,,12.426948547363281,65.2740478515625,240.37109375000003,0.09320062500000001,5.252734375,3.694,
0,6,,,12.483787536621094,65.5670166015625,242.64648437500003,0.09362656250000001,5.252148437500001,3.727,
0,6,,,12.483787536621094,65.5670166015625,244.921875,0.09362656250000001,5.252148437500001,3.761,
0,6,,,12.433052062988281,65.30029296875,247.18750000000003,0.093246875,5.252148437500001,3.795,
0,6,,,12.425804138183596,65.264892578125,249.24804687500003,0.09319281250000001,5.2523437500000005,3.829,
0,6,,,12.425804138183596,65.264892578125,251.513671875,0.09319281250000001,5.251953125,3.863,
0,6,,,12.398529052734377,65.1171875,253.76953125000006,0.0929884375,5.251953125,3.897,
0,6,,,12.403678894042969,65.150146484375,256.03515625,0.0930265625,5.2525390625,3.931,
0,6,,,12.403678894042969,65.150146484375,258.10546875,0.0930265625,5.2523437500000005,3.965,
0,6,,,12.499237060546877,65.64819335937501,260.37109375000006,0.0937425,5.2523437500000005,3.999,
0,6,,,12.477493286132812,65.5340576171875,262.666015625,0.093579375,5.252148437500001,4.033,
0,6,,,12.477493286132812,65.5340576171875,264.94140625,0.0938075,5.2517578125,4.067,
0,6,,,12.507820129394533,65.68847656250001,267.001953125,0.0938075,5.2517578125,4.101,
0,6,,,12.432670593261719,65.29846191406251,269.267578125,0.09324375000000001,5.252148437500001,4.135,
0,6,,,12.432670593261719,65.29846191406251,271.54296875000006,0.09376125,5.2515625,4.17,
0,6,,,12.501716613769531,65.654296875,273.82812500000006,0.09376125,5.2515625,4.204,
0,6,,,12.459564208984377,65.43457031250001,276.09375,0.0934459375,5.2517578125,4.238,
0,6,,,12.459564208984377,65.43457031250001,278.37890625000006,0.0938675,5.2523437500000005,4.272,
0,6,,,12.515830993652346,65.7379150390625,280.458984375,0.0938675,5.2523437500000005,4.306,
0,6,,,12.53509521484375,65.8367919921875,282.74414062500006,0.09401250000000001,5.252148437500001,4.34,
0,6,,,12.53509521484375,65.8367919921875,285.009765625,0.09363531250000001,5.2523437500000005,4.374,
0,6,,,12.484931945800783,65.5755615234375,287.28515625,0.09363531250000001,5.2523437500000005,4.408,
0,6,,,12.418365478515625,65.22216796875001,289.35546875,0.09313718750000001,5.251953125,4.442,
0,6,,,12.483787536621094,65.565185546875,291.62109375000006,0.09362687500000001,5.252148437500001,4.476,
0,6,,,12.483787536621094,65.565185546875,293.88671875,0.09362687500000001,5.252148437500001,4.51,
0,6,,,12.447929382324219,65.37841796875,296.15234375000006,0.09335875,5.252148437500001,4.544,
0,6,,,12.427330017089844,65.27099609375,298.42773437500006,0.093204375,5.252148437500001,4.578,
0,6,,,12.427330017089844,65.27099609375,300.48828125000006,0.093204375,5.252148437500001,4.612,
0,6,,,12.49198913574219,65.61218261718751,302.7734375,0.09368843750000001,5.2523437500000005,4.646,
0,6,,,12.457275390625002,65.42602539062501,305.029296875,0.0934284375,5.252148437500001,4.68,
0,6,,,12.457275390625002,65.42602539062501,307.30468750000006,0.0934284375,5.252148437500001,4.714,
0,6,,,12.435150146484375,65.31188964843751,309.365234375,0.09326218750000001,5.2523437500000005,4.748,
0,6,,,12.43095397949219,65.29052734375,311.63085937500006,0.09323031250000001,5.2523437500000005,4.782,
0,6,,,12.43095397949219,65.29052734375,313.89648437500006,0.09323031250000001,5.2523437500000005,4.816,
0,6,,,12.471389770507812,65.50476074218751,316.162109375,0.0935340625,5.2525390625,4.85,
0,6,,,12.378501892089846,65.0128173828125,318.22265625000006,0.0928378125,5.252148437500001,4.884,
0,6,,,12.378501892089846,65.0128173828125,320.49804687500006,0.0928378125,5.252148437500001,4.918,
0,6,,,12.436103820800781,65.3204345703125,322.75390625,0.09326906250000001,5.2525390625,4.952,
0,6,,,12.459564208984377,65.443115234375,325.02929687500006,0.0934453125,5.2525390625,4.986,
0,6,,,12.459564208984377,65.443115234375,327.28515625000006,0.0934453125,5.2525390625,5.02,
0,6,,,12.409782409667969,65.17700195312501,329.36523437500006,0.0930725,5.252148437500001,5.054,
0,6,,,12.515830993652346,65.7318115234375,331.640625,0.09386812500000001,5.251953125,5.088,
0,6,,,12.515830993652346,65.7318115234375,333.90625000000006,0.09386812500000001,5.251953125,5.122,
0,6,,,12.425613403320312,65.262451171875,336.171875,0.09319125,5.252148437500001,5.156,
0,6,,,12.433052062988281,65.29724121093751,338.232421875,0.09324718750000001,5.251953125,5.19,
0,6,,,12.433052062988281,65.29724121093751,340.49804687500006,0.09324718750000001,5.251953125,5.225,
0,6,,,12.476921081542969,65.53527832031251,342.7734375,0.09357625000000001,5.2525390625,5.259,
0,6,,,12.435340881347658,65.3179931640625,345.04882812500006,0.09326468750000001,5.2525390625,5.293,
0,6,,,12.435340881347658,65.3179931640625,347.32421875000006,0.09326468750000001,5.2525390625,5.327,
0,6,,,12.464141845703125,65.46142578125001,349.38476562500006,0.093479375,5.251953125,5.361,
0,6,,,12.457275390625002,65.4254150390625,351.65039062500006,0.0934284375,5.251953125,5.395,
0,6,,,12.457275390625002,65.4254150390625,353.91601562500006,0.0934284375,5.251953125,5.429,
0,6,,,12.438201904296877,65.32958984375001,356.19140625,0.093285,5.2523437500000005,5.463,
0,6,,,12.430381774902344,65.2850341796875,358.45703125000006,0.09322625000000001,5.252148437500001,5.497,
0,6,,,12.430381774902344,65.2850341796875,360.51757812500006,0.09322625000000001,5.2523437500000005,5.531,
0,6,,,12.457656860351564,65.43151855468751,362.79296875,0.09343125000000001,5.2523437500000005,5.565,
0,6,,,12.458419799804688,65.43579101562501,365.05859375000006,0.09343656250000001,5.2523437500000005,5.599,
0,6,,,12.458419799804688,65.43579101562501,367.32421875000006,0.09328562500000001,5.252148437500001,5.633,
0,6,,,12.438201904296877,65.32653808593751,369.40429687500006,0.09328562500000001,5.252148437500001,5.667,
0,6,,,12.539482116699219,65.8544921875,371.68945312500006,0.094045,5.2517578125,5.701,
0,6,,,12.539482116699219,65.8544921875,373.95507812500006,0.09343218750000001,5.2525390625,5.735,
0,6,,,12.457847595214844,65.43334960937501,376.2109375,0.09343218750000001,5.2525390625,5.769,
0,6,,,12.386512756347656,65.05493164062501,378.271484375,0.09289812500000001,5.252148437500001,5.803,
0,6,,,12.386512756347656,65.05493164062501,380.54687500000006,0.09355437500000001,5.2523437500000005,5.837,
0,6,,,12.47406005859375,65.51757812500001,382.802734375,0.09355437500000001,5.2523437500000005,5.871,
0,6,,,12.455940246582031,65.41870117187501,385.08789062500006,0.0934178125,5.252148437500001,5.905,
0,6,,,12.455940246582031,65.41870117187501,387.35351562500006,0.09334281250000001,5.252148437500001,5.939,
0,6,,,12.445831298828127,65.36743164062501,389.41406250000006,0.09334281250000001,5.252148437500001,5.973,
0,6,,,12.395668029785158,65.10131835937501,391.66992187500006,0.0929665625,5.251953125,6.007,
0,6,,,12.395668029785158,65.10131835937501,393.94531250000006,0.09338093750000001,5.2523437500000005,6.041,
0,6,,,12.45098114013672,65.3961181640625,396.220703125,0.09338093750000001,5.2523437500000005,6.075,
0,6,,,12.444114685058594,65.35705566406251,398.28125000000006,0.09333031250000001,5.251953125,6.109,
0,6,,,12.45269775390625,65.40588378906251,400.54687500000006,0.09339375000000001,5.2523437500000005,6.143,
0,6,,,12.45269775390625,65.40588378906251,402.8125,0.09339375000000001,5.2523437500000005,6.177,
0,6,,,12.44773864746094,65.37597656250001,405.08789062500006,0.093356875,5.252148437500001,6.211,
0,6,,,12.367439270019531,64.96093750000001,407.33398437500006,0.092755,5.2525390625,6.245,
0,6,,,12.367439270019531,64.96093750000001,409.59960937500006,0.092755,5.2525390625,6.28,
0,6,,,12.444686889648438,65.35705566406251,411.66015625000006,0.09333406250000001,5.2517578125,6.314,
0,6,,,12.371253967285156,64.98046875,413.916015625,0.09278375000000001,5.2525390625,6.348,
0,6,,,12.371253967285156,64.98046875,416.20117187500006,0.09278375000000001,5.2525390625,6.382,
0,6,,,12.509155273437502,65.699462890625,418.46679687500006,0.09381781250000001,5.252148437500001,6.416,
0,6,,,12.398338317871094,65.1177978515625,420.52734375,0.09298687500000001,5.252148437500001,6.45,
0,6,,,12.398338317871094,65.1177978515625,422.79296875000006,0.09298687500000001,5.252148437500001,6.484,
0,6,,,12.490272521972656,65.59997558593751,425.068359375,0.09367593750000001,5.252148437500001,6.518,
0,6,,,12.42198944091797,65.2447509765625,427.32421875000006,0.09316375,5.2523437500000005,6.552,
0,6,,,12.42198944091797,65.2447509765625,429.59960937500006,0.09316375,5.2523437500000005,6.586,
0,6,,,12.439727783203125,65.335693359375,431.66015625,0.09329656250000001,5.252148437500001,6.62,
0,6,,,12.42961883544922,65.28259277343751,433.935546875,0.0932209375,5.252148437500001,6.654,
0,6,,,12.42961883544922,65.28259277343751,436.22070312500006,0.0932209375,5.252148437500001,6.687,
0,6,,,12.551307678222656,65.92224121093751,438.49609375,0.0941340625,5.252148437500001,6.721,
0,6,,,12.418746948242188,65.2252197265625,440.55664062500006,0.09314000000000001,5.252148437500001,6.755,
0,6,,,12.418746948242188,65.2252197265625,442.83203125000006,0.09314000000000001,5.252148437500001,6.789,
0,6,,,12.464714050292969,65.47119140625,445.07812500000006,0.09348500000000001,5.2525390625,6.823,
0,6,,,12.399482727050783,65.12573242187501,447.34375000000006,0.0929946875,5.2523437500000005,6.857,
0,6,,,12.399482727050783,65.12573242187501,449.39453125000006,0.0929946875,5.2523437500000005,6.891,
0,6,,,12.41569519042969,65.2130126953125,451.6796875,0.09311593750000001,5.2525390625,6.925,
0,6,,,12.408447265625,65.17578125000001,453.92578125,0.09306156250000001,5.2525390625,6.959,
0,6,,,12.408447265625,65.17578125000001,456.21093750000006,0.09306156250000001,5.2525390625,6.993,
0,6,,,12.489700317382814,65.59692382812501,458.48632812500006,0.0936721875,5.252148437500001,7.028,
0,6,,,12.457084655761719,65.42724609375,460.546875,0.093426875,5.252148437500001,7.062,
0,6,,,12.457084655761719,65.42724609375,462.82226562500006,0.093426875,5.252148437500001,7.096,
0,6,,,12.457275390625002,65.4278564453125,465.087890625,0.093428125,5.252148437500001,7.13,
0,6,,,12.419128417968752,65.2264404296875,467.34375000000006,0.0931428125,5.252148437500001,7.164,
0,6,,,12.419128417968752,65.2264404296875,469.41406250000006,0.0931428125,5.252148437500001,7.198,
0,6,,,12.461090087890627,65.44677734375001,471.6796875,0.0934565625,5.252148437500001,7.232,
0,6,,,12.405014038085938,65.1531982421875,473.9453125,0.09303625,5.252148437500001,7.266,
0,6,,,12.405014038085938,65.1531982421875,476.2109375000001,0.093293125,5.252734375,7.3,
0,6,,,12.439155578613283,65.3387451171875,478.49609375,0.093293125,5.252734375,7.335,
0,6,,,12.557029724121094,65.95031738281251,480.79101562500006,0.09417718750000001,5.252148437500001,7.369,
0,6,,,12.557029724121094,65.95031738281251,482.86132812500006,0.093685,5.252148437500001,7.403,
0,6,,,12.491416931152344,65.606689453125,485.13671875000006,0.093685,5.252148437500001,7.437,
0,6,,,12.482070922851564,65.54931640625,487.40234375,0.09361406250000001,5.2515625,7.471,
0,6,,,12.482070922851564,65.54931640625,489.69726562500006,0.0939434375,5.251953125,7.505,
0,6,,,12.525939941406252,65.78491210937501,491.748046875,0.0939434375,5.251953125,7.539,
0,6,,,12.393569946289062,65.091552734375,494.0136718750001,0.09295093750000001,5.252148437500001,7.573,
0,6,,,12.393569946289062,65.33447265625001,496.27929687500006,0.0932928125,5.2523437500000005,7.607,
0,6,,,12.439155578613283,65.33447265625001,498.54492187500006,0.0932928125,5.2523437500000005,7.641,
0,6,,,12.430191040039062,65.28259277343751,500.80078125000006,0.0932253125,5.251953125,7.674,
0,6,,,12.456130981445312,65.423583984375,502.88085937500006,0.0934203125,5.2523437500000005,7.708,
0,6,,,12.456130981445312,65.423583984375,505.1464843750001,0.0934203125,5.2523437500000005,7.742,
0,6,,,12.445831298828127,65.3668212890625,507.40234375000006,0.09334281250000001,5.252148437500001,7.776,
0,6,,,12.412643432617188,65.19165039062501,509.67773437500006,0.0930934375,5.252148437500001,7.81,
0,6,,,12.412643432617188,65.19165039062501,511.7382812500001,0.0930934375,5.252148437500001,7.845,
0,6,,,12.411117553710938,65.1861572265625,513.994140625,0.09308187500000001,5.2523437500000005,7.879,
0,6,,,12.407112121582033,65.16906738281251,516.2500000000001,0.09305250000000001,5.2525390625,7.913,
0,6,,,12.407112121582033,65.16906738281251,518.515625,0.09305250000000001,5.2525390625,7.947,
0,6,,,12.358283996582031,64.9053955078125,520.7812500000001,0.09268562500000001,5.251953125,7.981,
0,6,,,12.42485046386719,65.260009765625,522.83203125,0.093185,5.2523437500000005,8.015,
0,6,,,12.42485046386719,65.260009765625,525.087890625,0.093185,5.2523437500000005,8.049,
0,6,,,12.40196228027344,65.1324462890625,527.34375,0.093013125,5.251953125,8.083,
0,6,,,12.372016906738281,64.97924804687501,529.5996093750001,0.0927890625,5.252148437500001,8.117,
0,6,,,12.372016906738281,64.97924804687501,531.6601562500001,0.0927890625,5.252148437500001,8.151,
0,6,,,12.411880493164064,65.18981933593751,533.9257812500001,0.0930875,5.2523437500000005,8.185,
0,6,,,12.425994873046875,65.26611328125001,536.1914062500001,0.09319375,5.2523437500000005,8.219,
0,6,,,12.425994873046875,65.26611328125001,538.45703125,0.09319375,5.2523437500000005,8.253,
0,6,,,12.408447265625,65.17517089843751,540.5078125,0.09306156250000001,5.2525390625,8.287,
0,6,,,12.404441833496094,65.1531982421875,542.7734375000001,0.0930328125,5.2523437500000005,8.321,
0,6,,,12.404441833496094,65.1531982421875,545.0390625000001,0.0930328125,5.2523437500000005,8.356,
0,6,,,12.398338317871094,65.1220703125,547.2851562500001,0.09298625,5.2525390625,8.39,
0,6,,,12.373733520507814,64.98962402343751,549.541015625,0.09280125,5.2523437500000005,8.424,
0,6,,,12.373733520507814,64.98962402343751,551.8164062500001,0.09280125,5.2523437500000005,8.458,
0,6,,,12.433242797851562,65.302734375,553.8769531250001,0.09324781250000001,5.2523437500000005,8.492,
0,6,,,12.463569641113281,65.46142578125001,556.1425781250001,0.0934753125,5.2523437500000005,8.526,
0,6,,,12.463569641113281,65.46142578125001,558.41796875,0.0934753125,5.251953125,8.56,
0,6,,,12.42961883544922,65.27893066406251,560.673828125,0.09322156250000001,5.251953125,8.594,
0,6,,,12.45250701904297,65.40100097656251,562.94921875,0.0933928125,5.251953125,8.628,
0,6,,,12.45250701904297,65.40100097656251,565.0000000000001,0.0933928125,5.252148437500001,8.662,
0,6,,,12.361335754394533,64.923095703125,567.2558593750001,0.092708125,5.252148437500001,8.696,
0,6,,,12.434387207031252,65.3082275390625,569.53125,0.0932565625,5.2523437500000005,8.73,
0,6,,,12.434387207031252,65.3082275390625,571.7871093750001,0.0929396875,5.252148437500001,8.764,
0,6,,,12.392044067382812,65.08422851562501,574.04296875,0.0929396875,5.252148437500001,8.798,
0,6,,,12.391090393066406,65.0762939453125,576.1035156250001,0.0929325,5.251953125,8.833,
0,6,,,12.391090393066406,65.0762939453125,578.3886718750001,0.09389593750000001,5.252148437500001,8.867,
0,6,,,12.51964569091797,65.75378417968751,580.6640625,0.09389593750000001,5.252148437500001,8.901,
0,6,,,12.466812133789064,65.47607421875,582.9199218750001,0.09350000000000001,5.252148437500001,8.935,
0,6,,,12.466812133789064,65.47607421875,585.166015625,0.09229593750000001,5.2525390625,8.969,
0,6,,,12.30621337890625,64.63806152343751,587.2070312500001,0.09229593750000001,5.2525390625,9.003,
0,6,,,12.36858367919922,64.9566650390625,589.4726562500001,0.0927634375,5.2517578125,9.037,
0,6,,,12.36858367919922,65.2874755859375,591.73828125,0.09322000000000001,5.252734375,9.071,
0,6,,,12.429428100585938,65.2874755859375,593.994140625,0.09322000000000001,5.252734375,9.105,
0,6,,,12.39166259765625,65.08605957031251,596.259765625,0.09293656250000001,5.2523437500000005,9.139,
0,6,,,12.384033203125,65.042724609375,598.3105468750001,0.09287875000000001,5.252148437500001,9.173,
0,6,,,12.384033203125,65.042724609375,600.56640625,0.09287875000000001,5.252148437500001,9.207,
0,6,,,12.398529052734377,65.12695312500001,602.8222656250001,0.0929884375,5.252734375,9.241,
0,6,,,12.426185607910158,65.26367187500001,605.0976562500001,0.0931953125,5.252148437500001,9.276,
0,6,,,12.426185607910158,65.26367187500001,607.3437500000001,0.0931953125,5.252148437500001,9.31,
0,6,,,12.355422973632812,64.8931884765625,609.4140625000001,0.09266500000000001,5.252148437500001,9.344,
0,6,,,12.43896484375,65.33691406250001,611.6796875000001,0.0932909375,5.2525390625,9.378,
0,6,,,12.43896484375,65.33691406250001,613.9355468750001,0.0932909375,5.2525390625,9.413,
0,6,,,12.409019470214846,65.17333984375,616.2011718750001,0.09306625,5.252148437500001,9.447,
0,6,,,12.406539916992188,65.16052246093751,618.4570312500001,0.09304781250000001,5.252148437500001,9.481,
0,6,,,12.406539916992188,65.16052246093751,620.7128906250001,0.09304781250000001,5.252148437500001,9.515,
0,6,,,12.384223937988283,65.0433349609375,622.763671875,0.09288093750000001,5.252148437500001,9.549,
0,6,,,12.35504150390625,64.89196777343751,625.0195312500001,0.092661875,5.2523437500000005,9.583,
0,6,,,12.35504150390625,64.89196777343751,627.275390625,0.092661875,5.2523437500000005,9.617,
0,6,,,12.335395812988281,64.78759765625001,629.5312500000001,0.09251500000000001,5.252148437500001,9.651,
0,6,,,12.453269958496094,65.408935546875,631.591796875,0.0933990625,5.2523437500000005,9.685,
0,6,,,12.453269958496094,65.408935546875,633.8671875,0.0933990625,5.2523437500000005,9.719,
0,6,,,12.428474426269531,65.2703857421875,636.1328125000001,0.09321187500000001,5.2517578125,9.753,
0,6,,,12.427330017089844,65.27343750000001,638.388671875,0.09320312500000001,5.2525390625,9.787,
0,6,,,12.427330017089844,65.27343750000001,640.6640625000001,0.09320312500000001,5.2525390625,9.821,
0,6,,,12.44010925292969,65.33935546875001,642.7343750000001,0.09330031250000001,5.2523437500000005,9.855,
0,6,,,12.434959411621094,65.30517578125,644.9902343750001,0.0932609375,5.2517578125,9.889,
0,6,,,12.434959411621094,65.30517578125,647.2558593750001,0.0932609375,5.2517578125,9.923,
0,6,,,12.458038330078125,65.4302978515625,649.5214843750001,0.09343343750000001,5.252148437500001,9.957,
0,6,,,12.403488159179688,65.1495361328125,651.572265625,0.09302500000000001,5.2525390625,9.991,
0,7,,,12.261390686035156,64.39880371093751,660.25390625,0.09195875,5.252148437500001,10.125,
0,7,,,11.923789978027344,62.63122558593751,662.3632812500001,0.08942750000000001,5.252734375,10.159,
0,7,,,11.591529846191406,60.89660644531251,664.287109375,0.0869353125,5.253515625,10.193,
0,7,,,11.591529846191406,60.89660644531251,666.4062500000001,0.0869353125,5.2533203125000005,10.227,
0,7,,,11.600303649902346,60.93994140625001,668.5156250000001,0.08700031250000001,5.2533203125000005,10.261,
0,7,,,11.609840393066408,60.99304199218751,670.634765625,0.08707281250000001,5.253515625,10.295,
0,7,,,11.609840393066408,60.99304199218751,672.7636718750001,0.08707281250000001,5.2533203125000005,10.329,
0,7,,,11.622810363769533,61.05834960937501,674.6875000000001,0.08717000000000001,5.2533203125000005,10.363,
0,7,,,11.602401733398438,60.952148437500014,676.7968750000001,0.08701718750000001,5.253515625,10.397,
0,7,,,11.602401733398438,60.952148437500014,678.916015625,0.08706812500000001,5.25390625,10.431,
0,7,,,11.609268188476562,60.99304199218751,681.0351562500001,0.08706812500000001,5.25390625,10.465,
0,7,,,11.612510681152344,61.01013183593751,682.958984375,0.08709312500000001,5.25390625,10.499,
0,7,,,11.612510681152344,61.01013183593751,685.0781250000001,0.08700843750000001,5.253515625,10.533,
0,7,,,11.601257324218752,60.94787597656251,687.197265625,0.08700843750000001,5.253515625,10.568,
0,7,,,11.620140075683594,61.04858398437501,689.306640625,0.08715062500000001,5.2537109375,10.602,
0,7,,,11.620140075683594,61.04858398437501,691.4257812500001,0.08706156250000001,5.25390625,10.636,
0,7,,,11.608314514160156,60.9893798828125,693.3496093750001,0.08706156250000001,5.25390625,10.67,
0,7,,,11.609268188476562,60.99243164062501,695.4687500000001,0.08706781250000001,5.25390625,10.704,
0,7,,,11.609268188476562,60.98449707031251,697.587890625,0.0870628125,5.253515625,10.738,
0,7,,,11.60850524902344,60.98449707031251,699.70703125,0.0870628125,5.253515625,10.772,
0,7,,,11.61327362060547,61.01196289062501,701.8261718750001,0.0870990625,5.2537109375,10.806,
0,7,,,11.608886718750002,60.98449707031251,703.7500000000001,0.087065,5.2533203125000005,10.84,
0,7,,,11.608886718750002,60.98449707031251,705.8593750000001,0.087065,5.2533203125000005,10.873,
0,7,,,11.60697937011719,60.97778320312501,707.9785156250001,0.087051875,5.253515625,10.907,
0,7,,,11.620521545410156,61.0504150390625,710.0976562500001,0.08715281250000001,5.2537109375,10.941,
0,7,,,11.620521545410156,61.0504150390625,712.0214843750001,0.08715281250000001,5.2537109375,10.975,
0,7,,,11.613845825195312,61.0174560546875,714.1406250000001,0.0871028125,5.25390625,11.009,
0,7,,,11.616897583007812,61.03820800781251,716.259765625,0.08712625,5.2542968750000005,11.043,
0,7,,,11.616897583007812,61.03820800781251,718.3886718750001,0.08712625,5.2542968750000005,11.077,
0,7,,,11.630630493164062,61.10168457031251,720.3125,0.08722906250000001,5.253515625,11.111,
0,7,,,11.61174774169922,61.00280761718751,722.4218750000001,0.0870878125,5.253515625,11.145,
0,7,,,11.61174774169922,61.00280761718751,724.5410156250001,0.0870878125,5.253515625,11.179,
0,7,,,11.62223815917969,61.068115234375014,726.66015625,0.08716625,5.2544921875,11.213,
0,7,,,11.642646789550781,61.16699218750001,728.7890625000001,0.0873190625,5.2537109375,11.247,
0,7,,,11.642646789550781,61.16699218750001,730.7226562500001,0.0873190625,5.2537109375,11.281,
0,7,,,11.631965637207031,61.1114501953125,732.8417968750001,0.08723937500000001,5.2537109375,11.315,
0,7,,,11.60564422607422,60.9710693359375,734.9511718750001,0.08704125,5.253515625,11.349,
0,7,,,11.60564422607422,60.9710693359375,737.0703125000001,0.08704125,5.253515625,11.383,
0,7,,,11.604499816894531,60.96679687500001,738.994140625,0.08703187500000001,5.2537109375,11.417,
0,7,,,11.609458923339846,60.9869384765625,741.1132812500001,0.0870696875,5.253125000000001,11.451,
0,7,,,11.609458923339846,60.9869384765625,743.2324218750001,0.0870696875,5.253125000000001,11.485,
0,8,,,12.241554260253906,64.300537109375,751.689453125,0.09181125000000001,5.2525390625,11.62,
0,8,,,12.95623779296875,68.03466796875,754.130859375,0.09717062500000001,5.251171875000001,11.654,
0,8,,,12.95623779296875,68.03466796875,756.572265625,0.09717062500000001,5.251171875000001,11.689,
0,8,,,13.416290283203125,70.43884277343751,759.0234375000001,0.10062093750000001,5.250195312500001,11.723,
0,8,,,13.438224792480469,70.55297851562501,761.4648437500001,0.1007859375,5.250195312500001,11.757,
0,8,,,13.438224792480469,70.55297851562501,763.9257812500001,0.1007859375,5.250195312500001,11.791,
0,8,,,13.44432830810547,70.5828857421875,766.1523437500001,0.10083093750000001,5.25,11.825,
0,8,,,13.465118408203125,70.6939697265625,768.6035156250001,0.1009871875,5.250195312500001,11.858,
0,8,,,13.465118408203125,70.6939697265625,771.0546875000001,0.1009871875,5.250195312500001,11.892,
0,8,,,13.42926025390625,70.51452636718751,773.4960937500001,0.100718125,5.25078125,11.926,
0,8,,,13.426780700683594,70.50231933593751,775.7226562500001,0.1006990625,5.2509765625,11.96,
0,8,,,13.426780700683594,70.50231933593751,778.1152343750001,0.1006990625,5.2517578125,11.994,
0,8,,,12.960624694824219,68.0645751953125,780.21484375,0.097203125,5.2517578125,12.028,
0,8,,,11.546897888183596,60.664672851562514,782.32421875,0.086600625,5.25390625,12.062,
0,8,,,11.546897888183596,60.664672851562514,784.423828125,0.086600625,5.2542968750000005,12.096,
0,8,,,11.540031433105469,60.63354492187501,786.337890625,0.08654937500000001,5.2542968750000005,12.13,
0,8,,,11.538887023925783,60.6201171875,788.4472656250001,0.08654031250000001,5.253515625,12.165,
0,8,,,11.538887023925783,60.6201171875,790.5468750000001,0.08656875000000001,5.253125000000001,12.199,
0,8,,,11.542701721191408,60.63354492187501,792.6562500000001,0.08656875000000001,5.253125000000001,12.233,
0,8,,,11.540222167968752,60.625000000000014,794.5605468750001,0.08655125000000001,5.2533203125000005,12.267,
0,8,,,11.540222167968752,60.625000000000014,796.6699218750001,0.0865909375,5.2542968750000005,12.301,
0,8,,,11.545562744140627,60.66284179687501,798.779296875,0.0865909375,5.2542968750000005,12.335,
0,8,,,11.557388305664064,60.72631835937501,800.8886718750001,0.0866796875,5.2542968750000005,12.369,
0,8,,,11.557388305664064,60.72631835937501,802.7929687500001,0.08651343750000001,5.253515625,12.402,
0,8,,,11.535263061523438,60.601196289062514,804.9023437500001,0.08651343750000001,5.253515625,12.437,
0,8,,,11.553955078125,60.70434570312501,807.0117187500001,0.0866540625,5.25390625,12.471,
0,8,,,11.553955078125,60.70434570312501,809.1113281250002,0.08650875000000001,5.254101562500001,12.505,
0,8,,,11.534690856933594,60.60302734375001,811.220703125,0.08650875000000001,5.254101562500001,12.539,
0,8,,,11.538505554199219,60.61157226562501,813.1347656250001,0.0865378125,5.2529296875,12.573,
0,8,,,11.539459228515625,60.62622070312501,815.2343750000001,0.08654500000000001,5.25390625,12.607,
0,8,,,11.539459228515625,60.62622070312501,817.34375,0.08654500000000001,5.25390625,12.641,
0,8,,,11.536598205566406,60.607299804687514,819.4433593750001,0.086523125,5.253515625,12.675,
0,9,,,12.598609924316406,66.16577148437501,828.017578125,0.094488125,5.251953125,12.809,
0,9,,,12.598609924316406,66.16577148437501,830.4296875000001,0.094488125,5.251953125,12.844,
0,10,,,12.350273132324219,64.86572265625,839.3750000000001,0.0926259375,5.252148437500001,12.979,
0,10,,,12.893295288085938,67.70996093750001,841.7187500000001,0.0966990625,5.2515625,13.013,
0,10,,,12.893295288085938,67.70996093750001,844.0722656250001,0.0966990625,5.2515625,13.047,
0,10,,,12.848281860351564,67.4725341796875,846.2011718750001,0.096360625,5.2515625,13.081,
0,10,,,12.86296844482422,67.547607421875,848.5351562500001,0.09647125000000001,5.2513671875000005,13.115,
0,10,,,12.86296844482422,67.547607421875,850.8593750000002,0.09647125000000001,5.2513671875000005,13.149,
0,10,,,12.825202941894531,67.35107421875001,853.22265625,0.09618781250000001,5.2515625,13.183,
0,10,,,12.85552978515625,67.50976562500001,855.3417968750001,0.0964153125,5.2513671875000005,13.217,
0,11,,,12.407493591308594,65.166015625,864.2773437500001,0.0930553125,5.252148437500001,13.351,
0,11,,,12.842369079589844,67.44628906250001,866.66015625,0.0963159375,5.251953125,13.385,
0,11,,,13.076400756835938,68.66394042968751,869.0527343750001,0.09807156250000001,5.2509765625,13.419,
0,11,,,13.076400756835938,68.66394042968751,871.2207031250001,0.09807156250000001,5.2509765625,13.453,
0,12,,,10.038375854492188,52.766723632812514,1.3281250000000002,0.0755371875,5.2562500000000005,0.032,
0,12,,,10.071754455566406,52.93945312500001,3.0078125,0.0755371875,5.2562500000000005,0.066,
0,12,,,10.111236572265627,53.14697265625001,4.853515625000001,0.07583375,5.2562500000000005,0.1,
0,12,,,10.111236572265627,53.14697265625001,6.699218750000001,0.07583656250000001,5.2564453125,0.134,
0,12,,,10.11161804199219,53.15124511718751,8.544921875,0.07583656250000001,5.2564453125,0.168,
0,12,,,10.104560852050783,53.11035156250001,10.390625,0.0757828125,5.256054687500001,0.202,
0,12,,,10.104560852050783,53.11035156250001,12.060546875000002,0.07567750000000001,5.2564453125,0.237,
0,12,,,10.090446472167969,53.03955078125,13.906250000000002,0.07567750000000001,5.2564453125,0.271,
0,12,,,10.100555419921875,53.08593750000001,15.742187500000002,0.0757528125,5.255859375,0.305,
0,12,,,10.100555419921875,53.08593750000001,17.587890625,0.07579187500000001,5.2562500000000005,0.339,
0,12,,,10.105705261230469,53.1182861328125,19.433593750000004,0.07579187500000001,5.2562500000000005,0.373,
0,12,,,10.090065002441406,53.03833007812501,21.103515625000004,0.0756740625,5.256640625,0.407,
0,12,,,10.10284423828125,53.10424804687501,22.94921875,0.07577062500000001,5.2564453125,0.441,
0,12,,,10.10284423828125,53.10424804687501,24.785156250000004,0.07577062500000001,5.2564453125,0.475,
0,12,,,10.09025573730469,53.04016113281251,26.630859375,0.07567593750000001,5.256640625,0.509,
0,12,,,10.108566284179688,53.13476562500001,28.476562500000004,0.07581343750000001,5.2564453125,0.543,
0,12,,,10.108566284179688,53.13476562500001,30.146484375000004,0.07581343750000001,5.2564453125,0.577,
0,12,,,10.101509094238281,53.09448242187501,31.992187500000004,0.07576000000000001,5.2562500000000005,0.612,
0,12,,,10.11810302734375,53.1854248046875,33.837890625,0.07588531250000001,5.2564453125,0.646,
0,12,,,10.11810302734375,53.1854248046875,35.68359375000001,0.07588531250000001,5.2564453125,0.68,
0,12,,,10.12077331542969,53.1982421875,37.52929687500001,0.07590468750000001,5.2564453125,0.714,
0,12,,,10.097312927246096,53.07739257812501,39.20898437500001,0.0757290625,5.256640625,0.748,
0,12,,,10.097312927246096,53.07739257812501,41.044921875,0.0757290625,5.256640625,0.782,
0,12,,,10.100746154785158,53.09326171875001,42.89062500000001,0.07575437500000001,5.2564453125,0.816,
0,12,,,10.118293762207033,53.18115234375001,44.736328125,0.075886875,5.256054687500001,0.85,
0,12,,,10.118293762207033,53.18115234375001,46.416015625,0.075886875,5.256054687500001,0.884,
0,12,,,10.10875701904297,53.13598632812501,48.26171875000001,0.07581531250000001,5.2564453125,0.918,
0,12,,,10.120391845703125,53.1976318359375,50.107421875,0.0759015625,5.256640625,0.952,
0,12,,,10.120391845703125,53.1976318359375,51.953125,0.0759015625,5.256640625,0.986,
0,12,,,10.10875701904297,53.133544921875,53.798828125,0.07581500000000001,5.2562500000000005,1.02,
0,12,,,10.123062133789064,53.212890625,55.478515625,0.0759221875,5.256640625,1.054,
0,12,,,10.123062133789064,53.212890625,57.32421875,0.0759221875,5.256640625,1.088,
0,12,,,10.124588012695314,53.21472167968751,59.169921875,0.0759334375,5.256054687500001,1.122,
0,12,,,10.105133056640625,53.11645507812501,61.015625000000014,0.07578781250000001,5.2564453125,1.156,
0,12,,,10.105133056640625,53.11645507812501,62.6953125,0.07578781250000001,5.2564453125,1.19,
0,12,,,10.10551452636719,53.11401367187501,64.54101562500001,0.075790625,5.256054687500001,1.224,
0,12,,,10.117340087890627,53.1793212890625,66.37695312500001,0.07587906250000001,5.2562500000000005,1.258,
0,12,,,10.117340087890627,53.1793212890625,68.22265625,0.07587906250000001,5.2562500000000005,1.292,
0,12,,,10.089302062988283,53.035278320312514,69.89257812500001,0.07566906250000001,5.256640625,1.326,
0,12,,,10.103225708007812,53.109130859375,71.73828125000001,0.0757740625,5.256640625,1.36,
0,12,,,10.103225708007812,53.109130859375,73.58398437500001,0.0757740625,5.256640625,1.394,
0,12,,,10.096549987792969,53.0694580078125,75.41992187500001,0.0757234375,5.2562500000000005,1.428,
0,12,,,10.104560852050783,53.10974121093751,77.265625,0.07578343750000001,5.256054687500001,1.462,
0,12,,,10.104560852050783,53.10974121093751,78.94531250000001,0.07578343750000001,5.2564453125,1.496,
0,12,,,10.126304626464844,53.22753906250001,80.79101562500001,0.07594656250000001,5.2564453125,1.53,
0,12,,,10.101318359375,53.1005859375,82.63671875,0.0757596875,5.2568359375,1.564,
0,12,,,10.101318359375,53.1005859375,84.47265625,0.07574156250000001,5.2564453125,1.598,
0,12,,,10.099029541015625,53.084716796875,86.15234375000001,0.07574156250000001,5.2564453125,1.632,
0,12,,,10.111045837402344,53.14758300781251,87.99804687500001,0.07583250000000001,5.2564453125,1.666,
0,12,,,10.111045837402344,53.14758300781251,89.84375,0.0758375,5.2568359375,1.7,
0,12,,,10.111808776855469,53.1549072265625,91.68945312500001,0.0758375,5.2568359375,1.734,
0,12,,,10.104751586914062,53.11645507812501,93.52539062500001,0.075785,5.256640625,1.768,
0,12,,,10.104751586914062,53.11645507812501,95.37109375000001,0.0757228125,5.256640625,1.802,
0,12,,,10.09635925292969,53.072509765625,97.05078125000001,0.0757228125,5.256640625,1.836,
0,12,,,10.110855102539062,53.143310546875,98.89648437500001,0.07583000000000001,5.256054687500001,1.87,
0,12,,,10.110855102539062,53.143310546875,100.74218750000003,0.075810625,5.2564453125,1.904,
0,12,,,10.108184814453125,53.133544921875,102.58789062500001,0.075810625,5.2564453125,1.938,
0,12,,,10.105895996093752,53.11706542968751,104.25781250000001,0.07579406250000001,5.256054687500001,1.972,
0,12,,,10.096549987792969,53.0694580078125,106.103515625,0.07572250000000001,5.2562500000000005,2.006,
0,12,,,10.096549987792969,53.0694580078125,107.939453125,0.07572250000000001,5.2562500000000005,2.04,
0,12,,,10.102081298828127,53.09936523437501,109.78515625000001,0.0757640625,5.2562500000000005,2.074,
0,12,,,10.088920593261719,53.02856445312501,111.455078125,0.07566625,5.256054687500001,2.108,
0,12,,,10.088920593261719,53.02856445312501,113.30078125000001,0.07566625,5.256054687500001,2.142,
0,12,,,10.09635925292969,53.06640625,115.14648437500003,0.07572125,5.256054687500001,2.176,
0,12,,,10.095596313476562,53.06518554687501,116.98242187500001,0.07571562500000001,5.2564453125,2.21,
0,12,,,10.095596313476562,53.06518554687501,118.828125,0.07571562500000001,5.2564453125,2.244,
0,12,,,10.095977783203127,53.0670166015625,120.49804687500001,0.0757184375,5.2562500000000005,2.278,
0,12,,,10.106277465820312,53.12255859375001,122.34375000000003,0.075795625,5.2564453125,2.312,
0,12,,,10.106277465820312,53.12255859375001,124.17968750000003,0.075795625,5.2564453125,2.346,
0,12,,,10.088539123535156,53.02978515625,126.02539062500001,0.0756634375,5.2564453125,2.38,
0,12,,,10.100173950195314,53.08898925781251,127.70507812500001,0.075750625,5.2562500000000005,2.414,
0,12,,,10.100173950195314,53.08898925781251,129.55078125000003,0.075750625,5.2562500000000005,2.448,
0,12,,,10.096931457519533,53.0670166015625,131.38671875000003,0.075725625,5.255859375,2.482,
0,12,,,10.10875701904297,53.133544921875,133.23242187500003,0.0758146875,5.2562500000000005,2.516,
0,12,,,10.10875701904297,53.133544921875,134.912109375,0.0758146875,5.2562500000000005,2.55,
0,12,,,10.111045837402344,53.14514160156251,136.75781250000003,0.07583281250000001,5.256054687500001,2.584,
0,12,,,10.106658935546875,53.12377929687501,138.59375000000003,0.075799375,5.2564453125,2.618,
0,12,,,10.106658935546875,53.12377929687501,140.43945312500003,0.075799375,5.2564453125,2.652,
0,12,,,10.088157653808594,53.02856445312501,142.27539062500003,0.07566062500000001,5.2564453125,2.686,
0,12,,,10.086822509765627,53.023681640625,143.95507812500003,0.0756496875,5.2568359375,2.721,
0,12,,,10.086822509765627,53.023681640625,145.79101562500003,0.0756496875,5.2568359375,2.755,
0,12,,,10.09788513183594,53.07922363281251,147.63671875000003,0.0757334375,5.2564453125,2.789,
0,12,,,10.101509094238281,53.0914306640625,149.48242187500003,0.07576031250000001,5.255859375,2.823,
0,12,,,10.101509094238281,53.0914306640625,151.32812500000003,0.07576031250000001,5.255859375,2.857,
0,12,,,10.111808776855469,53.15368652343751,152.99804687500003,0.0758375,5.256640625,2.891,
0,12,,,10.075378417968752,52.9534912109375,154.833984375,0.0755646875,5.255859375,2.925,
0,12,,,10.075378417968752,52.9534912109375,156.67968750000003,0.0755646875,5.255859375,2.959,
0,12,,,10.112953186035156,53.1610107421875,158.52539062500003,0.0758459375,5.2568359375,2.993,
0,12,,,10.10265350341797,53.09875488281251,160.205078125,0.0757696875,5.255859375,3.027,
0,12,,,10.10265350341797,53.09875488281251,162.05078125000003,0.0757696875,5.256054687500001,3.061,
0,12,,,10.109519958496094,53.13598632812501,163.88671875000003,0.0758203125,5.256054687500001,3.095,
0,12,,,10.09502410888672,53.06274414062501,165.73242187500003,0.07571125000000001,5.2564453125,3.129,
0,12,,,10.09502410888672,53.06274414062501,167.40234375000003,0.07571125000000001,5.2562500000000005,3.163,
0,12,,,10.097694396972656,53.076171875,169.24804687500003,0.075731875,5.2562500000000005,3.197,
0,12,,,10.10265350341797,53.10424804687501,171.09375000000003,0.07576843750000001,5.256640625,3.231,
0,12,,,10.10265350341797,53.10424804687501,172.93945312500003,0.07577468750000001,5.256054687500001,3.264,
0,12,,,10.103416442871094,53.10424804687501,174.77539062500003,0.07577468750000001,5.256054687500001,3.298,
0,12,,,10.109138488769531,53.13903808593751,176.45507812500003,0.07581750000000001,5.256640625,3.332,
0,12,,,10.109138488769531,53.13903808593751,178.30078125000003,0.07577875,5.256054687500001,3.366,
0,12,,,10.10398864746094,53.1060791015625,180.13671875000003,0.07577875,5.256054687500001,3.4,
0,12,,,10.094261169433594,53.060302734375,181.98242187500003,0.07570625,5.2564453125,3.434,
0,12,,,10.094261169433594,53.060302734375,183.66210937500003,0.0757671875,5.256640625,3.468,
0,12,,,10.102462768554688,53.10363769531251,185.49804687500003,0.0757671875,5.256640625,3.502,
0,12,,,10.09368896484375,53.0572509765625,187.34375000000003,0.0757021875,5.2564453125,3.536,
0,12,,,10.09368896484375,53.0572509765625,189.18945312500003,0.0758903125,5.2564453125,3.57,
0,12,,,10.118865966796877,53.187866210937514,190.86914062500003,0.0758903125,5.2564453125,3.604,
0,12,,,10.092735290527344,53.04931640625001,192.70507812500003,0.07569437500000001,5.2562500000000005,3.638,
0,12,,,10.092735290527344,53.0059814453125,194.55078125000003,0.0756303125,5.2564453125,3.672,
0,12,,,10.084152221679688,53.0059814453125,196.38671875000003,0.0756303125,5.2564453125,3.706,
0,12,,,10.11199951171875,53.15551757812501,198.232421875,0.07583843750000001,5.2568359375,3.74,
0,12,,,10.113525390625002,53.1610107421875,199.91210937500003,0.0758503125,5.2564453125,3.775,
0,12,,,10.113525390625002,53.1610107421875,201.75781250000003,0.0758503125,5.2564453125,3.809,
0,12,,,10.099029541015625,53.0853271484375,203.603515625,0.0757421875,5.2564453125,3.843,
0,12,,,10.109710693359377,53.13781738281251,205.44921875000003,0.07582156250000001,5.2562500000000005,3.877,
0,12,,,10.109710693359377,53.13781738281251,207.29492187500003,0.07582156250000001,5.2562500000000005,3.911,
0,12,,,10.121726989746096,53.20556640625001,208.96484375000003,0.07591281250000001,5.256640625,3.945,
0,12,,,10.094261169433594,53.05969238281251,210.81054687500003,0.07570562500000001,5.2564453125,3.979,
0,12,,,10.094261169433594,53.05969238281251,212.65625,0.07570562500000001,5.2564453125,4.013,
0,12,,,10.104751586914062,53.1121826171875,214.49218750000003,0.075785,5.2562500000000005,4.047,
0,12,,,10.100936889648438,53.09020996093751,216.171875,0.07575562500000001,5.256054687500001,4.081,
0,12,,,10.100936889648438,53.09020996093751,218.017578125,0.07575562500000001,5.256054687500001,4.115,
0,12,,,10.105133056640625,53.11401367187501,219.85351562500003,0.0757884375,5.256054687500001,4.149,
0,12,,,10.087013244628906,53.0242919921875,221.69921875000003,0.07565187500000001,5.2568359375,4.183,
0,12,,,10.087013244628906,53.0242919921875,223.544921875,0.07565187500000001,5.2568359375,4.217,
0,12,,,10.115051269531252,53.16528320312501,225.22460937500003,0.0758628125,5.256054687500001,4.251,
0,12,,,10.128784179687502,53.23486328125,227.07031250000003,0.075964375,5.255859375,4.285,
0,12,,,10.128784179687502,53.23486328125,228.916015625,0.075964375,5.255859375,4.319,
0,12,,,10.099411010742188,53.081054687500014,230.75195312500003,0.07574531250000001,5.255859375,4.353,
0,12,,,10.112762451171875,53.1591796875,232.431640625,0.07584531250000001,5.256640625,4.387,
0,12,,,10.112762451171875,53.1591796875,234.27734375,0.07584531250000001,5.256640625,4.421,
0,12,,,10.084915161132814,53.006591796875,236.11328125000003,0.07563625,5.256054687500001,4.455,
0,12,,,10.091209411621096,53.04260253906251,237.95898437500006,0.07568375000000001,5.2562500000000005,4.489,
0,12,,,10.091209411621096,53.04260253906251,239.8046875,0.07568375000000001,5.2562500000000005,4.523,
0,12,,,10.111045837402344,53.1463623046875,241.47460937500003,0.075831875,5.2562500000000005,4.557,
0,12,,,10.112190246582033,53.14941406250001,243.32031250000006,0.0758403125,5.256054687500001,4.591,
0,12,,,10.112190246582033,53.14941406250001,245.166015625,0.0758403125,5.256054687500001,4.625,
0,12,,,10.112190246582033,53.15002441406251,247.01171875000003,0.0758403125,5.256054687500001,4.659,
0,12,,,10.108566284179688,53.133544921875,248.69140625000006,0.07581312500000001,5.2564453125,4.693,
0,12,,,10.108566284179688,53.133544921875,250.537109375,0.07581312500000001,5.2562500000000005,4.727,
0,12,,,10.11199951171875,53.15185546875,252.373046875,0.0758396875,5.2562500000000005,4.761,
0,12,,,10.091209411621096,53.04382324218751,254.21875000000006,0.0756825,5.2564453125,4.795,
0,12,,,10.091209411621096,53.04382324218751,255.88867187500003,0.0756825,5.256054687500001,4.83,
0,12,,,10.095977783203127,53.065795898437514,257.734375,0.075719375,5.256054687500001,4.864,
0,12,,,10.084724426269531,53.009033203125,259.5703125,0.0756340625,5.2564453125,4.898,
0,12,,,10.084724426269531,53.009033203125,261.416015625,0.07577718750000001,5.2562500000000005,4.932,
0,12,,,10.103797912597656,53.10729980468751,263.26171875000006,0.07577718750000001,5.2562500000000005,4.966,
0,12,,,10.095787048339844,53.06396484375001,265.09765625000006,0.0757171875,5.256054687500001,5.0,
0,12,,,10.095787048339844,53.06396484375001,266.77734375,0.075740625,5.2564453125,5.034,
0,12,,,10.098838806152346,53.084716796875,268.62304687500006,0.075740625,5.2564453125,5.068,
0,12,,,10.098838806152346,53.0828857421875,270.458984375,0.07574,5.2564453125,5.102,
0,12,,,10.098838806152346,53.0828857421875,272.30468750000006,0.07573718750000001,5.2562500000000005,5.136,
0,12,,,10.098457336425781,53.07922363281251,273.974609375,0.07573718750000001,5.2562500000000005,5.17,
0,12,,,10.094833374023438,53.06396484375001,275.8203125,0.07570968750000001,5.256640625,5.204,
0,12,,,10.094833374023438,53.06396484375001,277.65625000000006,0.07569656250000001,5.2562500000000005,5.238,
0,12,,,10.092926025390625,53.0517578125,279.50195312500006,0.07569656250000001,5.2562500000000005,5.272,
0,12,,,10.098838806152346,53.07861328125,281.171875,0.07574,5.256054687500001,5.306,
0,12,,,10.094070434570314,53.05358886718751,283.01757812500006,0.0757046875,5.255859375,5.34,
0,12,,,10.094070434570314,53.05358886718751,284.86328125,0.0757046875,5.255859375,5.374,
0,12,,,10.112762451171875,53.15551757812501,286.70898437500006,0.07584531250000001,5.2562500000000005,5.408,
0,12,,,10.099029541015625,53.08837890625001,288.544921875,0.0757425,5.2568359375,5.442,
0,12,,,10.099029541015625,53.08837890625001,290.224609375,0.0757425,5.2568359375,5.476,
0,12,,,10.099220275878908,53.084716796875,292.06054687500006,0.0757428125,5.2564453125,5.51,
0,12,,,10.082054138183596,52.99255371093751,293.90625000000006,0.0756146875,5.2562500000000005,5.544,
0,12,,,10.082054138183596,52.99255371093751,295.751953125,0.0756146875,5.2562500000000005,5.578,
0,12,,,10.09674072265625,53.072509765625,297.42187500000006,0.075725,5.2564453125,5.612,
0,12,,,10.098838806152346,53.08654785156251,299.267578125,0.07574,5.2568359375,5.646,
0,12,,,10.098838806152346,53.08654785156251,301.11328125000006,0.07574,5.2568359375,5.68,
0,12,,,10.114860534667969,53.16650390625001,302.94921875,0.07586000000000001,5.2562500000000005,5.714,
0,12,,,10.086250305175781,53.020019531250014,304.79492187500006,0.07564593750000001,5.256640625,5.748,
0,12,,,10.086250305175781,53.020019531250014,306.46484375000006,0.07564593750000001,5.256640625,5.782,
0,12,,,10.101318359375,53.0975341796875,308.31054687500006,0.0757590625,5.2564453125,5.816,
0,12,,,10.101509094238281,53.09204101562501,310.15625,0.07576062500000001,5.255859375,5.85,
0,12,,,10.101509094238281,53.09204101562501,311.9921875,0.07576062500000001,5.255859375,5.884,
0,12,,,10.087776184082033,53.02307128906251,313.83789062500006,0.075658125,5.2562500000000005,5.918,
0,12,,,10.103034973144533,53.10363769531251,315.51757812500006,0.0757715625,5.2562500000000005,5.952,
0,12,,,10.103034973144533,53.10363769531251,317.353515625,0.0757715625,5.2562500000000005,5.986,
0,12,,,10.083198547363281,52.99743652343751,319.189453125,0.07562250000000001,5.256054687500001,6.02,
0,12,,,10.106468200683596,53.12561035156251,321.03515625,0.0757975,5.256640625,6.054,
0,12,,,10.106468200683596,53.12561035156251,322.71484375000006,0.0757975,5.256640625,6.088,
0,12,,,10.110664367675783,53.14147949218751,324.560546875,0.075829375,5.256054687500001,6.122,
0,12,,,10.110855102539062,53.14941406250001,326.40625,0.0758309375,5.256640625,6.156,
0,12,,,10.110855102539062,53.14941406250001,328.25195312500006,0.0758309375,5.256640625,6.19,
0,12,,,10.107803344726564,53.12988281250001,330.08789062500006,0.0758075,5.2564453125,6.224,
0,12,,,10.095787048339844,53.067626953125,331.767578125,0.07571812500000001,5.2564453125,6.258,
0,12,,,10.095787048339844,53.067626953125,333.61328125000006,0.07571812500000001,5.2564453125,6.292,
0,12,,,10.099601745605469,53.08837890625001,335.44921875,0.07574593750000001,5.2564453125,6.326,
0,12,,,10.091018676757812,53.04077148437501,337.29492187500006,0.07568187500000001,5.2562500000000005,6.36,
0,12,,,10.091018676757812,53.04077148437501,338.96484375,0.07568187500000001,5.256054687500001,6.394,
0,12,,,10.090446472167969,53.035278320312514,340.810546875,0.07567781250000001,5.256054687500001,6.428,
0,12,,,10.101318359375,53.09265136718751,342.64648437500006,0.0757590625,5.256054687500001,6.462,
0,12,,,10.101318359375,53.09265136718751,344.49218750000006,0.0757928125,5.256054687500001,6.496,
0,12,,,10.105895996093752,53.11706542968751,346.171875,0.0757928125,5.256054687500001,6.53,
0,12,,,10.098838806152346,53.081054687500014,348.00781250000006,0.07574,5.2562500000000005,6.564,
0,12,,,10.098838806152346,53.081054687500014,349.853515625,0.07564187500000001,5.256054687500001,6.598,
0,12,,,10.085678100585938,53.010864257812514,351.68945312500006,0.07564187500000001,5.256054687500001,6.632,
0,12,,,10.106658935546875,53.1182861328125,353.369140625,0.075799375,5.255859375,6.666,
0,12,,,10.106658935546875,53.1182861328125,355.21484375,0.07573281250000001,5.256640625,6.7,
0,12,,,10.09788513183594,53.07922363281251,357.05078125000006,0.07573281250000001,5.256640625,6.734,
0,12,,,10.100555419921875,53.08959960937501,358.89648437500006,0.0757534375,5.2562500000000005,6.768,
0,12,,,10.100555419921875,53.08959960937501,360.74218750000006,0.075716875,5.255859375,6.802,
0,12,,,10.095787048339844,53.06152343750001,362.41210937500006,0.075716875,5.255859375,6.836,
0,12,,,10.100555419921875,53.0908203125,364.2578125,0.07575375000000001,5.2562500000000005,6.87,
0,12,,,10.100555419921875,53.0908203125,366.10351562500006,0.075716875,5.256640625,6.904,
0,12,,,10.095596313476562,53.06884765625001,367.93945312500006,0.075716875,5.256640625,6.939,
0,12,,,10.106849670410158,53.12561035156251,369.78515625000006,0.07580093750000001,5.2564453125,6.973,
0,12,,,10.092926025390625,53.05358886718751,371.45507812500006,0.07569656250000001,5.2564453125,7.007,
0,12,,,10.092926025390625,53.05358886718751,373.30078125000006,0.07569656250000001,5.2564453125,7.041,
0,12,,,10.099411010742188,53.08959960937501,375.14648437500006,0.0757446875,5.2568359375,7.075,
0,12,,,10.10894775390625,53.1396484375,376.9921875,0.07581562500000001,5.2568359375,7.109,
0,12,,,10.10894775390625,53.1396484375,378.662109375,0.07581562500000001,5.2568359375,7.143,
0,12,,,10.101890563964844,53.096313476562514,380.50781250000006,0.07576250000000001,5.2562500000000005,7.177,
0,12,,,10.09025573730469,53.037109375,382.35351562500006,0.07567593750000001,5.2562500000000005,7.211,
0,12,,,10.09025573730469,53.037109375,384.18945312500006,0.07567593750000001,5.2562500000000005,7.245,
0,12,,,10.089111328125,53.03100585937501,386.025390625,0.07566687500000001,5.2562500000000005,7.278,
0,12,,,10.09788513183594,53.07495117187501,387.70507812500006,0.0757340625,5.256054687500001,7.313,
0,12,,,10.09788513183594,53.07495117187501,389.55078125000006,0.0757340625,5.256054687500001,7.346,
0,12,,,10.109138488769531,53.1396484375,391.396484375,0.07581750000000001,5.256640625,7.38,
0,12,,,10.10112762451172,53.096923828125,393.23242187500006,0.0757575,5.256640625,7.414,
0,12,,,10.10112762451172,53.096923828125,394.91210937500006,0.0757575,5.256640625,7.448,
0,12,,,10.096549987792969,53.0694580078125,396.75781250000006,0.07572406250000001,5.2562500000000005,7.482,
0,12,,,10.095405578613283,53.067626953125,398.59375000000006,0.0757146875,5.256640625,7.516,
0,12,,,10.095405578613283,53.067626953125,400.439453125,0.0757146875,5.256640625,7.55,
0,12,,,10.099411010742188,53.08654785156251,402.10937500000006,0.075745,5.2564453125,7.584,
0,12,,,10.099792480468752,53.08654785156251,403.95507812500006,0.07574718750000001,5.2562500000000005,7.618,
0,12,,,10.099792480468752,53.08654785156251,405.80078125000006,0.07574718750000001,5.2562500000000005,7.652,
0,12,,,10.083580017089846,52.999267578125,407.63671875,0.07562656250000001,5.256054687500001,7.686,
0,12,,,10.099983215332031,53.0828857421875,409.3164062500001,0.0757484375,5.255859375,7.72,
0,12,,,10.099983215332031,53.0828857421875,411.15234375,0.0757484375,5.255859375,7.754,
0,12,,,10.100555419921875,53.0975341796875,412.99804687500006,0.07575375000000001,5.2568359375,7.788,
0,12,,,10.087203979492188,53.01940917968751,414.83398437500006,0.0756528125,5.256054687500001,7.822,
0,12,,,10.087203979492188,53.01940917968751,416.67968750000006,0.0756528125,5.256054687500001,7.856,
0,12,,,10.085487365722658,53.01330566406251,418.3496093750001,0.07564000000000001,5.2564453125,7.89,
0,12,,,10.105705261230469,53.12011718750001,420.19531250000006,0.07579125,5.2564453125,7.924,
0,12,,,10.105705261230469,53.12011718750001,422.041015625,0.07579125,5.2564453125,7.958,
0,12,,,10.09349822998047,53.05358886718751,423.876953125,0.0757003125,5.2562500000000005,7.993,
0,12,,,10.091590881347658,53.04016113281251,425.72265625000006,0.07568593750000001,5.255859375,8.027,
0,12,,,10.091590881347658,53.04016113281251,427.40234375000006,0.07568593750000001,5.2564453125,8.061,
0,12,,,10.115432739257814,53.170166015625,429.23828125000006,0.0758646875,5.2564453125,8.095,
0,12,,,10.093307495117188,53.0548095703125,431.08398437500006,0.075699375,5.2564453125,8.129,
0,12,,,10.093307495117188,53.0548095703125,432.9296875,0.07571781250000001,5.2562500000000005,8.163,
0,12,,,10.095787048339844,53.06640625,434.76562500000006,0.07571781250000001,5.2562500000000005,8.197,
0,12,,,10.09349822998047,53.05419921875,436.43554687500006,0.07570062500000001,5.2562500000000005,8.231,
0,12,,,10.09349822998047,53.05419921875,438.28125,0.07561187500000001,5.2562500000000005,8.265,
0,12,,,10.081672668457033,52.99072265625,440.11718750000006,0.07561187500000001,5.2562500000000005,8.299,
0,12,,,10.094451904296877,53.05969238281251,441.962890625,0.07570718750000001,5.2564453125,8.333,
0,12,,,10.094451904296877,53.05969238281251,443.63281250000006,0.07561031250000001,5.2564453125,8.367,
0,12,,,10.08148193359375,52.9931640625,445.478515625,0.07561031250000001,5.2564453125,8.401,
0,12,,,10.088157653808594,53.02795410156251,447.314453125,0.07566,5.2564453125,8.435,
0,12,,,10.088157653808594,53.02795410156251,449.15039062500006,0.075595625,5.2562500000000005,8.469,
0,12,,,10.079574584960938,52.980346679687514,450.83007812500006,0.075595625,5.2562500000000005,8.503,
0,12,,,10.085105895996094,53.0145263671875,452.66601562500006,0.07563718750000001,5.2568359375,8.537,
0,12,,,10.085105895996094,52.9693603515625,454.50195312500006,0.0755853125,5.255859375,8.571,
0,12,,,10.07823944091797,52.9693603515625,456.34765625,0.0755853125,5.255859375,8.605,
0,12,,,10.089302062988283,53.0303955078125,458.18359375000006,0.07566875,5.256054687500001,8.639,
0,12,,,10.090065002441406,53.03466796875001,459.86328125000006,0.075674375,5.2562500000000005,8.673,
0,12,,,10.090065002441406,53.03466796875001,461.69921875000006,0.075674375,5.2562500000000005,8.707,
0,12,,,10.07843017578125,52.9754638671875,463.53515625000006,0.0755878125,5.2564453125,8.741,
0,12,,,10.10284423828125,53.09875488281251,465.380859375,0.0757703125,5.255859375,8.775,
0,12,,,10.10284423828125,53.09875488281251,467.05078125000006,0.0757703125,5.255859375,8.809,
0,12,,,10.08586883544922,53.011474609375,468.89648437500006,0.0756425,5.256054687500001,8.843,
0,12,,,10.091590881347658,53.050537109375014,470.73242187500006,0.075685625,5.257031250000001,8.877,
0,12,,,10.091590881347658,53.050537109375014,472.578125,0.075685625,5.257031250000001,8.911,
0,12,,,10.081672668457033,52.99438476562501,474.4140625,0.07561250000000001,5.2564453125,8.945,
0,12,,,10.083961486816408,53.0059814453125,476.08398437500006,0.07562937500000001,5.2564453125,8.979,
0,12,,,10.083961486816408,53.0059814453125,477.92968750000006,0.07562937500000001,5.2564453125,9.013,
0,12,,,10.091590881347658,53.0450439453125,479.77539062500006,0.07568625000000001,5.2564453125,9.048,
0,12,,,10.113525390625002,53.15185546875,481.61132812500006,0.07585125000000001,5.25546875,9.082,
0,12,,,10.113525390625002,53.15185546875,483.45703125000006,0.07585125000000001,5.25546875,9.116,
0,12,,,10.087013244628906,53.023681640625,485.1269531250001,0.0756509375,5.256640625,9.15,
0,12,,,10.098075866699219,53.07434082031251,486.97265625000006,0.0757340625,5.256054687500001,9.184,
0,12,,,10.098075866699219,53.07434082031251,488.818359375,0.0757340625,5.256054687500001,9.218,
0,12,,,10.105323791503906,53.115234375,490.66406250000006,0.0757884375,5.2562500000000005,9.252,
0,12,,,10.101509094238281,53.0999755859375,492.5000000000001,0.0757609375,5.256640625,9.286,
0,12,,,10.101509094238281,53.0999755859375,494.17968750000006,0.0757609375,5.256640625,9.32,
0,12,,,10.103416442871094,53.10546875000001,496.02539062500006,0.075774375,5.2562500000000005,9.354,
0,12,,,10.089302062988283,53.0328369140625,497.86132812500006,0.0756684375,5.2564453125,9.388,
0,12,,,10.089302062988283,53.0328369140625,499.69726562500006,0.0756684375,5.2564453125,9.422,
0,12,,,10.074043273925783,52.95471191406251,501.37695312500006,0.07555468750000001,5.2564453125,9.456,
0,12,,,10.103416442871094,53.10791015625001,503.21289062500006,0.075774375,5.2564453125,9.49,
0,12,,,10.103416442871094,53.10791015625001,505.05859375000006,0.075774375,5.2564453125,9.524,
0,12,,,10.091209411621096,53.04260253906251,506.90429687500006,0.07568406250000001,5.2562500000000005,9.558,
0,12,,,10.094642639160156,53.06152343750001,508.57421875000006,0.07570937500000001,5.2564453125,9.592,
0,12,,,10.094642639160156,53.06152343750001,510.41015625000006,0.07570937500000001,5.2562500000000005,9.626,
0,12,,,10.091590881347658,53.04443359375001,512.2558593750001,0.07568593750000001,5.2562500000000005,9.66,
0,12,,,10.100173950195314,53.0877685546875,514.1015625,0.0757509375,5.256054687500001,9.694,
0,12,,,10.100173950195314,53.0877685546875,515.771484375,0.0757509375,5.256054687500001,9.728,
0,12,,,10.083961486816408,53.00048828125001,517.6171875000001,0.07562875000000001,5.256054687500001,9.762,
0,12,,,10.114669799804688,53.1671142578125,519.4628906250001,0.075859375,5.2564453125,9.796,
0,12,,,10.114669799804688,53.1671142578125,521.2988281250001,0.0757484375,5.256054687500001,9.83,
0,12,,,10.099983215332031,53.08593750000001,523.14453125,0.0757484375,5.256054687500001,9.864,
0,12,,,10.091018676757812,53.04260253906251,524.8144531250001,0.07568156250000001,5.2564453125,9.898,
0,12,,,10.091018676757812,53.04260253906251,526.6601562500001,0.07569468750000001,5.2564453125,9.932,
0,12,,,10.092735290527344,53.0523681640625,528.505859375,0.07569468750000001,5.2564453125,9.966,
0,12,,,10.101890563964844,53.09570312500001,530.341796875,0.07576375,5.256054687500001,10.0,
0,13,,,10.070991516113281,52.93640136718751,536.015625,0.07553187500000001,5.2562500000000005,10.109,
0,13,,,9.922599792480469,52.16247558593751,537.8125000000001,0.0744184375,5.257031250000001,10.143,
0,13,,,9.922599792480469,52.16247558593751,539.5996093750001,0.0744184375,5.257031250000001,10.178,
0,13,,,9.807205200195312,51.55334472656251,541.38671875,0.07355312500000001,5.256640625,10.212,
0,13,,,9.823036193847656,51.63452148437501,543.1835937500001,0.07367125000000001,5.256640625,10.246,
0,13,,,9.823036193847656,51.63452148437501,544.9707031250001,0.07367125000000001,5.256640625,10.28,
0,13,,,9.822845458984375,51.637573242187514,546.6015625000001,0.0736703125,5.2568359375,10.314,
0,13,,,9.813117980957033,51.583251953125,548.3886718750001,0.07359718750000001,5.256640625,10.349,
0,13,,,9.813117980957033,51.583251953125,550.1855468750001,0.07359718750000001,5.256640625,10.383,
0,13,,,9.82322692871094,51.64245605468751,551.982421875,0.07367375000000001,5.2572265625000005,10.417,
0,13,,,9.821319580078127,51.63024902343751,553.7695312500001,0.073659375,5.257031250000001,10.451,
0,13,,,9.821319580078127,51.63024902343751,555.400390625,0.073659375,5.256640625,10.485,
0,13,,,9.813117980957033,51.58386230468751,557.1875000000001,0.07359750000000001,5.256640625,10.519,
0,13,,,9.811782836914064,51.57897949218751,558.9746093750001,0.0735878125,5.2568359375,10.553,
0,13,,,9.811782836914064,51.57897949218751,560.771484375,0.073605,5.2562500000000005,10.587,
0,13,,,9.81407165527344,51.58508300781251,562.5585937500001,0.073605,5.2562500000000005,10.621,
0,13,,,9.807014465332033,51.5557861328125,564.1796875000001,0.07355125000000001,5.257031250000001,10.655,
0,13,,,9.807014465332033,51.5557861328125,565.9765625000001,0.07362937500000001,5.256640625,10.689,
0,13,,,9.817314147949219,51.605224609375,567.7636718750001,0.07362937500000001,5.256640625,10.723,
0,13,,,9.807586669921875,51.555175781250014,569.560546875,0.07355625,5.256640625,10.758,
0,13,,,9.807586669921875,51.555175781250014,571.3476562500001,0.073673125,5.2568359375,10.792,
0,13,,,9.82322692871094,51.63818359375,572.978515625,0.073673125,5.2568359375,10.826,
0,13,,,9.806632995605469,51.55395507812501,574.7656250000001,0.0735496875,5.257031250000001,10.86,
0,13,,,9.806632995605469,51.55395507812501,576.5527343750001,0.07356562500000001,5.256640625,10.894,
0,13,,,9.808921813964846,51.5618896484375,578.349609375,0.07356562500000001,5.256640625,10.928,
0,13,,,9.815406799316406,51.59729003906251,580.1367187500001,0.07361468750000001,5.2568359375,10.962,
0,13,,,9.81273651123047,51.5863037109375,581.767578125,0.07359500000000001,5.257031250000001,10.996,
0,13,,,9.81273651123047,51.5863037109375,583.5546875000001,0.07359500000000001,5.257031250000001,11.03,
0,13,,,9.809303283691408,51.56494140625,585.3417968750001,0.073569375,5.2568359375,11.064,
0,13,,,9.809494018554688,51.5655517578125,587.1289062500001,0.0735709375,5.256640625,11.098,
0,13,,,9.809494018554688,51.5655517578125,588.7597656250001,0.0735709375,5.256640625,11.132,
0,13,,,9.821891784667969,51.63391113281251,590.556640625,0.07366343750000001,5.257031250000001,11.166,
0,13,,,9.811973571777344,51.57775878906251,592.3437500000001,0.07358875000000001,5.256640625,11.2,
0,13,,,9.811973571777344,51.57775878906251,594.140625,0.07358875000000001,5.256640625,11.235,
0,13,,,9.816360473632812,51.60400390625001,595.927734375,0.073621875,5.257031250000001,11.269,
0,13,,,9.825897216796875,51.65405273437501,597.7148437500001,0.07369281250000001,5.257031250000001,11.303,
0,13,,,9.825897216796875,51.65405273437501,599.345703125,0.07369281250000001,5.257031250000001,11.337,
0,13,,,9.806251525878906,51.54907226562501,601.1425781250001,0.07354625000000001,5.2568359375,11.371,
0,13,,,9.824562072753908,51.64062500000001,602.9296875000001,0.073683125,5.2562500000000005,11.405,
0,13,,,9.824562072753908,51.64062500000001,604.7265625000001,0.073683125,5.2562500000000005,11.439,
0,13,,,9.841346740722658,51.73217773437501,606.5234375,0.07380875,5.256640625,11.473,
0,13,,,9.82933044433594,51.66931152343751,608.154296875,0.073719375,5.256640625,11.507,
0,13,,,9.82933044433594,51.66931152343751,609.94140625,0.073719375,5.256640625,11.541,
0,13,,,9.82208251953125,51.62963867187501,611.7382812500001,0.073664375,5.256640625,11.575,
0,13,,,9.814453125,51.591796875000014,613.525390625,0.07360812500000001,5.256640625,11.609,
0,13,,,9.814453125,51.591796875000014,615.1562500000001,0.07360812500000001,5.256640625,11.643,
0,13,,,9.834671020507814,51.698608398437514,616.943359375,0.073759375,5.2568359375,11.677,
0,13,,,9.811592102050781,51.5771484375,618.7402343750001,0.07358625,5.2568359375,11.711,
0,13,,,9.811592102050781,51.5771484375,620.5371093750001,0.07358625,5.2568359375,11.745,
0,13,,,9.82818603515625,51.666259765625,622.1582031250001,0.0737109375,5.257031250000001,11.779,
0,13,,,9.801101684570312,51.524658203125014,623.9453125000001,0.073506875,5.257031250000001,11.813,
0,13,,,9.801101684570312,51.524658203125014,625.7421875000001,0.073506875,5.257031250000001,11.847,
0,14,,,10.041236877441406,52.7777099609375,632.9492187500001,0.0753084375,5.256054687500001,11.982,
0,14,,,10.623359680175783,55.82580566406251,634.7363281250001,0.07967468750000001,5.255078125000001,12.016,
0,14,,,10.623359680175783,55.82580566406251,636.71875,0.07967468750000001,5.2552734375000005,12.05,
0,14,,,10.825729370117188,56.890869140625,638.6914062500001,0.08119156250000001,5.2552734375000005,12.084,
0,14,,,10.848236083984375,57.00439453125,640.6738281250001,0.08136125000000001,5.2546875,12.118,
0,14,,,10.848236083984375,57.00439453125,642.4707031250001,0.08136125000000001,5.255078125000001,12.152,
0,14,,,10.839843750000002,56.9635009765625,644.4531250000001,0.08129812500000001,5.255078125000001,12.186,
0,14,,,10.869598388671875,57.115478515625014,646.435546875,0.08152062500000001,5.2546875,12.22,
0,14,,,10.869598388671875,57.115478515625014,648.41796875,0.0816590625,5.2544921875,12.254,
0,14,,,10.887908935546877,57.2113037109375,650.4003906250001,0.0816590625,5.2544921875,12.288,
0,14,,,10.857772827148438,57.05993652343751,652.197265625,0.0814321875,5.2552734375000005,12.322,
0,14,,,10.857772827148438,57.05993652343751,654.1796875000001,0.08126781250000001,5.2552734375000005,12.356,
0,14,,,10.835838317871094,56.9451904296875,656.1523437500001,0.08126781250000001,5.2552734375000005,12.39,
0,14,,,10.835456848144533,56.94458007812501,658.1347656250001,0.0812653125,5.25546875,12.424,
0,14,,,10.835456848144533,56.94458007812501,659.9609375000001,0.07724968750000001,5.2564453125,12.458,
0,14,,,10.300064086914064,54.140014648437514,661.58203125,0.07724968750000001,5.2564453125,12.492,
0,14,,,9.721565246582033,51.10290527343751,663.3593750000001,0.07291093750000001,5.256640625,12.526,
0,14,,,9.721565246582033,51.358642578125,665.13671875,0.0732675,5.2572265625000005,12.56,
0,14,,,9.769058227539062,51.358642578125,666.9140625000001,0.0732675,5.2572265625000005,12.594,
0,14,,,9.748840332031252,51.24816894531251,668.701171875,0.073115,5.2568359375,12.628,
0,14,,,9.755134582519531,51.27685546875001,670.3125000000001,0.07316343750000001,5.2564453125,12.662,
0,14,,,9.755134582519531,51.27685546875001,672.0898437500001,0.07316343750000001,5.2564453125,12.696,
0,14,,,9.749603271484375,51.2518310546875,673.8769531250001,0.0731215625,5.2568359375,12.73,
0,14,,,9.762573242187502,51.32080078125,675.6542968750001,0.07321843750000001,5.2568359375,12.764,
0,14,,,9.762573242187502,51.32080078125,677.2753906250001,0.07321843750000001,5.2568359375,12.798,
0,14,,,9.750938415527344,51.253662109375,679.052734375,0.0731309375,5.2562500000000005,12.832,
0,14,,,9.760093688964844,51.30676269531251,680.8300781250001,0.073200625,5.2568359375,12.866,
0,14,,,9.760093688964844,51.30676269531251,682.6074218750001,0.073200625,5.2568359375,12.9,
0,14,,,9.725570678710938,51.12731933593751,684.2187500000001,0.0729403125,5.257031250000001,12.934,
0,14,,,9.739112854003906,51.1993408203125,685.99609375,0.07304250000000001,5.257031250000001,12.968,
0,14,,,9.739112854003906,51.1993408203125,687.7832031250001,0.07304250000000001,5.257031250000001,13.002,
0,14,,,9.773826599121094,51.38061523437501,689.5605468750001,0.0733021875,5.257031250000001,13.036,
0,14,,,9.75933074951172,51.30126953125001,691.34765625,0.0731940625,5.256640625,13.07,
0,14,,,9.75933074951172,51.30126953125001,692.9589843750001,0.0731940625,5.256640625,13.104,
0,14,,,9.753990173339846,51.2750244140625,694.7460937500001,0.07315437500000001,5.2568359375,13.138,
0,14,,,9.76219177246094,51.32446289062501,696.5234375000001,0.073215,5.2576171875,13.172,
0,14,,,9.76219177246094,51.32446289062501,698.3007812500001,0.073215,5.2576171875,13.206,
0,14,,,9.751510620117188,51.2567138671875,699.9218750000001,0.07313625,5.2562500000000005,13.24,
0,14,,,9.755325317382812,51.28173828125,701.6992187500001,0.0731646875,5.2568359375,13.274,
0,14,,,9.755325317382812,51.28173828125,703.4863281250001,0.0731646875,5.2568359375,13.308,
0,15,,,10.117530822753906,53.1768798828125,710.7421875000001,0.07588093750000001,5.255859375,13.443,
0,15,,,10.670280456542969,56.07421875000001,712.5097656250001,0.0800259375,5.2552734375000005,13.477,
0,16,,,10.082435607910156,52.9962158203125,719.8144531250001,0.07561656250000001,5.2564453125,13.611,
0,16,,,10.23235321044922,53.77685546875001,721.6992187500001,0.076741875,5.2556640625,13.646,
0,16,,,10.393333435058594,54.62646484375,723.59375,0.077949375,5.255859375,13.68,
0,16,,,10.393333435058594,54.62646484375,725.3125000000001,0.077949375,5.255859375,13.714,
0,16,,,10.350608825683596,54.4036865234375,727.2070312500001,0.077628125,5.2562500000000005,13.748,
0,16,,,10.39543151855469,54.63684082031251,729.1015625,0.077965,5.255859375,13.782,
0,16,,,10.39543151855469,54.63684082031251,730.9863281250001,0.077965,5.255859375,13.816,
0,16,,,10.358619689941408,54.44091796875,732.8808593750001,0.07768843750000001,5.2556640625,13.85,
0,16,,,10.394096374511719,54.63562011718751,734.6093750000001,0.077954375,5.2564453125,13.884,
0,16,,,10.394096374511719,54.63562011718751,736.4941406250001,0.077954375,5.255859375,13.918,
0,17,,,10.080718994140627,52.984619140625,743.7207031250001,0.075605,5.256054687500001,14.052,
0,17,,,10.395812988281252,54.63684082031251,745.4687500000001,0.07796812500000001,5.2556640625,14.086,
0,17,,,10.395812988281252,54.63684082031251,747.3828125000001,0.07796812500000001,5.255859375,14.12,
0,17,,,10.493850708007812,55.15319824218751,749.3066406250001,0.07870281250000001,5.255859375,14.154,
0,17,,,10.5438232421875,55.41137695312501,751.2109375000001,0.07907812500000001,5.2552734375000005,14.188,
0,18,,,8.19377899169922,43.09448242187501,0.8203125000000001,0.0614528125,5.259375,0.025,
0,18,,,8.24127197265625,43.34350585937501,2.3242187500000004,0.06180937500000001,5.259375,0.059,
0,18,,,8.24127197265625,43.34350585937501,3.8281250000000004,0.06180937500000001,5.259375,0.093,
0,18,,,8.243751525878906,43.35876464843751,5.1953125,0.061828125000000005,5.2595703125,0.127,
0,18,,,8.24718475341797,43.3795166015625,6.699218750000001,0.06185281250000001,5.259960937500001,0.161,
0,18,,,8.24718475341797,43.3795166015625,8.203125,0.06185281250000001,5.259960937500001,0.195,
0,18,,,8.243560791015625,43.36059570312501,9.707031250000002,0.06182656250000001,5.259960937500001,0.229,
0,18,,,8.249092102050783,43.38928222656251,11.083984375000002,0.06186781250000001,5.259960937500001,0.263,
0,18,,,8.249092102050783,43.38928222656251,12.587890625,0.06186781250000001,5.259960937500001,0.297,
0,18,,,8.250808715820312,43.39843750000001,14.091796875000002,0.061880312500000006,5.259960937500001,0.331,
0,18,,,8.238029479980469,43.33007812500001,15.595703125000002,0.061784375,5.259765625,0.365,
0,18,,,8.238029479980469,43.33007812500001,16.962890625,0.061784375,5.259765625,0.399,
0,18,,,8.243560791015625,43.35693359375001,18.466796875000004,0.061826250000000006,5.2595703125,0.433,
0,18,,,8.246040344238281,43.36791992187501,19.970703125000004,0.0618446875,5.2591796875000005,0.467,
0,18,,,8.246040344238281,43.36791992187501,21.474609375000004,0.0618446875,5.2591796875000005,0.501,
0,18,,,8.244132995605469,43.3624267578125,22.978515625,0.06183,5.259765625,0.535,
0,18,,,8.253097534179688,43.41064453125001,24.35546875,0.061898125000000005,5.259960937500001,0.569,
0,18,,,8.253097534179688,43.41064453125001,25.859375000000004,0.061898125000000005,5.259960937500001,0.603,
0,18,,,8.2489013671875,43.3856201171875,27.36328125,0.06186656250000001,5.2595703125,0.637,
0,18,,,8.245086669921875,43.36364746093751,28.867187500000004,0.06183718750000001,5.259375,0.671,
0,18,,,8.245086669921875,43.36364746093751,30.380859375000004,0.06183718750000001,5.259375,0.705,
0,18,,,8.255577087402344,43.4228515625,31.748046875000004,0.061915937500000004,5.259960937500001,0.739,
0,18,,,8.2427978515625,43.35266113281251,33.25195312500001,0.061819687500000005,5.2595703125,0.773,
0,18,,,8.2427978515625,43.35266113281251,34.755859375,0.061819687500000005,5.2595703125,0.808,
0,18,,,8.241653442382812,43.34472656250001,36.259765625,0.061811875,5.2591796875000005,0.842,
0,18,,,8.237648010253908,43.32519531250001,37.76367187500001,0.0617821875,5.259375,0.876,
0,18,,,8.237648010253908,43.32519531250001,39.13085937500001,0.0617821875,5.258984375000001,0.91,
0,18,,,8.244895935058594,43.35998535156251,40.63476562500001,0.06183625,5.258984375000001,0.944,
0,18,,,8.251190185546875,43.39782714843751,42.13867187500001,0.061883125000000004,5.2595703125,0.978,
0,18,,,8.251190185546875,43.39782714843751,43.65234375,0.061853437500000004,5.2595703125,1.012,
0,18,,,8.24718475341797,43.37646484375001,45.15625000000001,0.061853437500000004,5.2595703125,1.046,
0,18,,,8.246040344238281,43.37219238281251,46.52343750000001,0.061844062500000005,5.259765625,1.08,
0,18,,,8.246040344238281,43.37219238281251,48.02734375000001,0.0618596875,5.2595703125,1.114,
0,18,,,8.247947692871094,43.3807373046875,49.53125000000001,0.0618596875,5.2595703125,1.148,
0,18,,,8.243942260742188,43.36181640625,51.03515625000001,0.06182875,5.259960937500001,1.182,
0,18,,,8.243942260742188,43.36181640625,52.40234375000001,0.061810312500000006,5.259375,1.216,
0,18,,,8.241462707519533,43.34411621093751,53.90625,0.061810312500000006,5.259375,1.25,
0,18,,,8.238792419433594,43.3349609375,55.419921875,0.061790000000000005,5.259960937500001,1.285,
0,18,,,8.238792419433594,43.3349609375,56.923828125,0.0618340625,5.2595703125,1.318,
0,18,,,8.244514465332031,43.363037109375,58.427734375000014,0.0618340625,5.2595703125,1.353,
0,18,,,8.235931396484375,43.31787109375001,59.794921875000014,0.061769062500000006,5.2595703125,1.387,
0,18,,,8.25004577636719,43.392333984375,61.29882812500001,0.061875000000000006,5.2595703125,1.421,
0,18,,,8.25004577636719,43.392333984375,62.802734375,0.061875000000000006,5.2595703125,1.455,
0,18,,,8.252334594726562,43.40148925781251,64.30664062500001,0.061891875000000006,5.259375,1.489,
0,18,,,8.256912231445312,43.4234619140625,65.68359375,0.06192593750000001,5.2591796875000005,1.523,
0,18,,,8.256912231445312,43.4234619140625,67.1875,0.06192593750000001,5.2591796875000005,1.557,
0,18,,,8.252334594726562,43.40515136718751,68.69140625000001,0.061891562500000004,5.259765625,1.591,
0,18,,,8.246803283691406,43.37280273437501,70.19531250000001,0.061850312500000004,5.259375,1.625,
0,18,,,8.246803283691406,43.37280273437501,71.708984375,0.061850312500000004,5.259375,1.659,
0,18,,,8.251380920410156,43.39599609375,73.21289062500001,0.061885,5.2591796875000005,1.693,
0,18,,,8.23955535888672,43.33557128906251,74.580078125,0.0617959375,5.2595703125,1.727,
0,18,,,8.23955535888672,43.33557128906251,76.08398437500001,0.0617959375,5.2595703125,1.761,
0,18,,,8.252906799316408,43.40454101562501,77.587890625,0.061895937500000005,5.259375,1.795,
0,18,,,8.247947692871094,43.38195800781251,79.09179687500001,0.0618596875,5.259765625,1.829,
0,18,,,8.247947692871094,43.38195800781251,80.46875,0.0618596875,5.259765625,1.863,
0,18,,,8.248519897460938,43.38256835937501,81.97265625000001,0.06186375,5.2595703125,1.897,
0,18,,,8.2427978515625,43.35144042968751,83.47656250000001,0.06182000000000001,5.259375,1.931,
0,18,,,8.2427978515625,43.35144042968751,84.98046875000001,0.06182000000000001,5.259375,1.965,
0,18,,,8.242988586425781,43.35754394531251,86.34765625000001,0.06182218750000001,5.259960937500001,1.999,
0,18,,,8.254241943359375,43.41552734375001,87.85156250000001,0.06190593750000001,5.259960937500001,2.033,
0,18,,,8.254241943359375,43.41552734375001,89.365234375,0.06190593750000001,5.259960937500001,2.067,
0,18,,,8.247756958007812,43.37890625000001,90.86914062500001,0.0618575,5.2595703125,2.101,
0,18,,,8.242607116699219,43.35693359375001,92.37304687500001,0.061818750000000006,5.2601562500000005,2.135,
0,18,,,8.242607116699219,43.35693359375001,93.74023437500001,0.061818750000000006,5.2601562500000005,2.169,
0,18,,,8.258247375488281,43.43078613281251,95.24414062500001,0.06193656250000001,5.2591796875000005,2.203,
0,18,,,8.251953125000002,43.40087890625,96.75781250000001,0.06188906250000001,5.2595703125,2.237,
0,18,,,8.251953125000002,43.40087890625,98.26171875,0.06188906250000001,5.2595703125,2.271,
0,18,,,8.255767822265627,43.42224121093751,99.62890625000001,0.0619178125,5.2595703125,2.305,
0,18,,,8.243560791015625,43.35266113281251,101.13281250000001,0.061826250000000006,5.258984375000001,2.339,
0,18,,,8.243560791015625,43.35266113281251,102.63671875000001,0.061826250000000006,5.258984375000001,2.373,
0,18,,,8.239173889160156,43.333740234375,104.150390625,0.06179375000000001,5.2595703125,2.407,
0,18,,,8.24737548828125,43.3770751953125,105.65429687500001,0.0618553125,5.259375,2.441,
0,18,,,8.24737548828125,43.3770751953125,107.02148437500001,0.0618553125,5.2595703125,2.475,
0,18,,,8.244323730468752,43.36059570312501,108.525390625,0.061831250000000004,5.2595703125,2.509,
0,18,,,8.249282836914062,43.39111328125001,110.02929687500001,0.061869375000000004,5.259960937500001,2.543,
0,18,,,8.249282836914062,43.39111328125001,111.53320312500003,0.061803750000000005,5.2595703125,2.577,
0,18,,,8.240509033203127,43.341064453125,112.90039062500001,0.061803750000000005,5.2595703125,2.611,
0,18,,,8.243751525878906,43.35571289062501,114.404296875,0.061828125000000005,5.2591796875000005,2.645,
0,18,,,8.243751525878906,43.35571289062501,115.90820312500001,0.0617653125,5.259765625,2.679,
0,18,,,8.235359191894531,43.316650390625,117.412109375,0.0617653125,5.259765625,2.714,
0,18,,,8.252143859863281,43.40393066406251,118.91601562500001,0.06189125,5.259765625,2.748,
0,18,,,8.252143859863281,43.40393066406251,120.29296875000001,0.061852500000000005,5.259375,2.782,
0,18,,,8.246994018554688,43.37463378906251,121.79687500000001,0.061852500000000005,5.259375,2.816,
0,18,,,8.25004577636719,43.38867187500001,123.30078125000001,0.061875000000000006,5.2591796875000005,2.85,
0,18,,,8.25004577636719,43.38867187500001,124.80468750000001,0.061794062500000004,5.259960937500001,2.884,
0,18,,,8.239364624023438,43.33740234375001,126.17187500000001,0.061794062500000004,5.259960937500001,2.918,
0,18,,,8.245658874511719,43.36975097656251,127.67578125000001,0.0618425,5.259765625,2.952,
0,18,,,8.245658874511719,43.33618164062501,129.17968750000003,0.06179781250000001,5.259375,2.986,
0,18,,,8.23974609375,43.33618164062501,130.68359375000003,0.06179781250000001,5.259375,3.02,
0,18,,,8.246803283691406,43.37402343750001,132.197265625,0.061850312500000004,5.2595703125,3.054,
0,18,,,8.25347900390625,43.40515136718751,133.564453125,0.06190062500000001,5.258984375000001,3.088,
0,18,,,8.25347900390625,43.40515136718751,135.06835937500003,0.06190062500000001,5.258984375000001,3.122,
0,18,,,8.242225646972656,43.3502197265625,136.572265625,0.061816562500000005,5.2595703125,3.155,
0,18,,,8.251380920410156,43.40026855468751,138.07617187500003,0.061885312500000005,5.259765625,3.189,
0,18,,,8.251380920410156,43.40026855468751,139.453125,0.061885312500000005,5.259765625,3.223,
0,18,,,8.242988586425781,43.35327148437501,140.95703125,0.061821875000000005,5.2595703125,3.257,
0,18,,,8.244323730468752,43.36181640625,142.46093750000003,0.061831562500000006,5.2595703125,3.291,
0,18,,,8.244323730468752,43.36181640625,143.96484375000003,0.061831562500000006,5.2595703125,3.325,
0,18,,,8.24241638183594,43.35144042968751,145.33203125000003,0.06181812500000001,5.2595703125,3.359,
0,18,,,8.24737548828125,43.377685546875,146.8359375,0.06185406250000001,5.259765625,3.393,
0,18,,,8.24737548828125,43.377685546875,148.33984375,0.06185406250000001,5.259765625,3.427,
0,18,,,8.248138427734377,43.38195800781251,149.84375000000003,0.06186031250000001,5.2595703125,3.461,
0,18,,,8.248138427734377,43.38195800781251,151.357421875,0.06186031250000001,5.259765625,3.495,
0,18,,,8.248138427734377,43.38195800781251,152.72460937500003,0.06186031250000001,5.259765625,3.529,
0,18,,,8.244132995605469,43.35815429687501,154.22851562500003,0.061830312500000005,5.259375,3.563,
0,18,,,8.249664306640625,43.38989257812501,155.73242187500003,0.06187187500000001,5.2595703125,3.597,
0,18,,,8.249664306640625,43.38989257812501,157.23632812500003,0.06187187500000001,5.2595703125,3.631,
0,18,,,8.240890502929688,43.34045410156251,158.60351562500003,0.0618065625,5.2591796875000005,3.665,
0,18,,,8.238983154296875,43.33251953125,160.10742187500003,0.06179250000000001,5.259375,3.699,
0,18,,,8.238983154296875,43.33251953125,161.611328125,0.06179250000000001,5.259375,3.733,
0,18,,,8.247756958007812,43.3807373046875,163.12500000000003,0.06185812500000001,5.2595703125,3.768,
0,18,,,8.250999450683596,43.39599609375,164.62890625000003,0.061882187500000005,5.2595703125,3.802,
0,18,,,8.250999450683596,43.39599609375,165.99609375000003,0.061882187500000005,5.2595703125,3.836,
0,18,,,8.243370056152346,43.35388183593751,167.5,0.061824062500000006,5.259375,3.87,
0,18,,,8.2427978515625,43.35754394531251,169.00390625000003,0.061820625000000004,5.259960937500001,3.904,
0,18,,,8.2427978515625,43.35754394531251,170.50781250000003,0.061820625000000004,5.259960937500001,3.938,
0,18,,,8.248329162597656,43.37524414062501,172.01171875000003,0.061862187500000006,5.2587890625,3.972,
0,18,,,8.244514465332031,43.363037109375,173.37890625000003,0.06183375000000001,5.2595703125,4.006,
0,18,,,8.244514465332031,43.363037109375,174.88281250000003,0.06183375000000001,5.259960937500001,4.04,
0,18,,,8.23822021484375,43.3319091796875,176.39648437500003,0.061786875000000005,5.259960937500001,4.074,
0,18,,,8.257865905761719,43.43017578125001,177.90039062500003,0.061933125000000006,5.259375,4.108,
0,18,,,8.257865905761719,43.43017578125001,179.26757812500003,0.061933125000000006,5.2595703125,4.142,
0,18,,,8.245468139648438,43.36669921875001,180.771484375,0.061840000000000006,5.2595703125,4.176,
0,18,,,8.245468139648438,43.36669921875001,182.275390625,0.061840937500000005,5.259375,4.21,
0,18,,,8.245468139648438,43.36669921875001,183.77929687500003,0.061825937500000004,5.2601562500000005,4.244,
0,18,,,8.243560791015625,43.36120605468751,185.14648437500003,0.061825937500000004,5.2601562500000005,4.278,
0,18,,,8.237648010253908,43.32702636718751,186.66015625000003,0.061781562500000005,5.259765625,4.312,
0,18,,,8.237648010253908,43.32702636718751,188.16406250000003,0.0619346875,5.259960937500001,4.346,
0,18,,,8.258056640625,43.43688964843751,189.66796875000003,0.0619346875,5.259960937500001,4.38,
0,18,,,8.241653442382812,43.3465576171875,191.17187500000003,0.061811875,5.2595703125,4.414,
0,18,,,8.241653442382812,43.3465576171875,192.53906250000003,0.061785625000000004,5.2595703125,4.448,
0,18,,,8.23822021484375,43.32885742187501,194.04296875000003,0.061785625000000004,5.2595703125,4.482,
0,18,,,8.251380920410156,43.40332031250001,195.556640625,0.06188562500000001,5.2601562500000005,4.516,
0,18,,,8.251380920410156,43.40332031250001,197.06054687500003,0.061801562500000004,5.259765625,4.55,
0,18,,,8.240318298339844,43.34228515625001,198.42773437500003,0.061801562500000004,5.259765625,4.584,
0,18,,,8.244705200195312,43.3642578125,199.93164062500003,0.06183500000000001,5.259765625,4.618,
0,18,,,8.244705200195312,43.42529296875,201.43554687500003,0.061919062500000004,5.259960937500001,4.652,
0,18,,,8.255958557128906,43.42529296875,202.939453125,0.061919062500000004,5.259960937500001,4.686,
0,18,,,8.253097534179688,43.40454101562501,204.453125,0.06189843750000001,5.2591796875000005,4.72,
0,18,,,8.257484436035156,43.42956542968751,205.8203125,0.061930937500000005,5.259375,4.754,
0,18,,,8.257484436035156,43.42956542968751,207.32421875,0.061930937500000005,5.259375,4.788,
0,18,,,8.248710632324219,43.38439941406251,208.82812500000003,0.061864375000000006,5.2595703125,4.823,
0,18,,,8.24718475341797,43.37463378906251,210.34179687500003,0.061853125,5.259375,4.857,
0,18,,,8.24718475341797,43.37463378906251,211.84570312500003,0.061853125,5.259375,4.891,
0,18,,,8.246231079101564,43.370361328125,213.21289062500003,0.061846250000000005,5.259375,4.925,
0,18,,,8.246803283691406,43.37463378906251,214.71679687500003,0.06185,5.2595703125,4.959,
0,18,,,8.246803283691406,43.37463378906251,216.220703125,0.06185,5.2595703125,4.993,
0,18,,,8.234405517578125,43.309326171875,217.72460937500003,0.06175750000000001,5.2595703125,5.027,
0,18,,,8.243751525878906,43.3551025390625,219.09179687500003,0.0618278125,5.2591796875000005,5.061,
0,18,,,8.243751525878906,43.3551025390625,220.59570312500003,0.0618278125,5.2591796875000005,5.095,
0,18,,,8.236503601074219,43.32214355468751,222.09960937500003,0.061774062500000004,5.259765625,5.129,
0,18,,,8.25653076171875,43.42590332031251,223.61328125000003,0.061923125,5.259765625,5.163,
0,18,,,8.25653076171875,43.42590332031251,225.11718750000003,0.061923125,5.259765625,5.197,
0,18,,,8.253669738769531,43.4075927734375,226.48437500000006,0.061901875,5.2591796875000005,5.231,
0,18,,,8.258628845214846,43.43444824218751,227.99804687500003,0.06193968750000001,5.259375,5.265,
0,18,,,8.258628845214846,43.43444824218751,229.501953125,0.06193968750000001,5.259375,5.299,
0,18,,,8.252716064453125,43.4088134765625,231.005859375,0.061894687500000004,5.259960937500001,5.333,
0,18,,,8.258056640625,43.43200683593751,232.3828125,0.061934062500000005,5.259375,5.367,
0,18,,,8.258056640625,43.43200683593751,233.88671875,0.061934062500000005,5.259375,5.401,
0,18,,,8.24718475341797,43.37524414062501,235.39062500000003,0.061853750000000006,5.259375,5.435,
0,18,,,8.253288269042969,43.4088134765625,236.89453125000003,0.061899375000000006,5.2595703125,5.469,
0,18,,,8.253288269042969,43.4088134765625,238.39843750000003,0.061899375000000006,5.2595703125,5.503,
0,18,,,8.24127197265625,43.34472656250001,239.76562500000003,0.06180937500000001,5.2595703125,5.537,
0,18,,,8.229827880859375,43.2855224609375,241.26953125000006,0.061723437500000006,5.2595703125,5.571,
0,18,,,8.229827880859375,43.2855224609375,242.77343750000003,0.061723437500000006,5.2595703125,5.605,
0,18,,,8.244895935058594,43.363037109375,244.27734375000003,0.061835625000000005,5.259375,5.639,
0,18,,,8.244323730468752,43.36059570312501,245.64453125000003,0.0618321875,5.2595703125,5.673,
0,18,,,8.244323730468752,43.36059570312501,247.15820312500003,0.0618321875,5.259765625,5.707,
0,18,,,8.247947692871094,43.38195800781251,248.66210937500003,0.06185937500000001,5.259765625,5.741,
0,18,,,8.269119262695314,43.48999023437501,250.17578125,0.062017812500000005,5.259375,5.775,
0,18,,,8.269119262695314,43.48999023437501,251.67968750000003,0.061904375000000005,5.259765625,5.809,
0,18,,,8.254051208496094,43.41369628906251,253.04687500000006,0.061904375000000005,5.259765625,5.843,
0,18,,,8.254051208496094,43.41308593750001,254.55078125000003,0.061905312500000004,5.2595703125,5.878,
0,18,,,8.254051208496094,43.41308593750001,256.06445312500006,0.06187531250000001,5.2595703125,5.912,
0,18,,,8.25004577636719,43.39111328125001,257.568359375,0.06187531250000001,5.2595703125,5.946,
0,18,,,8.25004577636719,43.392333984375,259.072265625,0.061874375,5.259765625,5.98,
0,18,,,8.25004577636719,43.392333984375,260.439453125,0.06176500000000001,5.259960937500001,6.014,
0,18,,,8.235359191894531,43.316650390625,261.943359375,0.06176500000000001,5.259960937500001,6.048,
0,18,,,8.245658874511719,43.36914062500001,263.44726562500006,0.0618415625,5.259765625,6.082,
0,18,,,8.245658874511719,43.36914062500001,264.96093750000006,0.0619465625,5.259375,6.116,
0,18,,,8.259582519531252,43.43994140625001,266.328125,0.0619465625,5.259375,6.15,
0,18,,,8.245468139648438,43.36608886718751,267.83203125000006,0.061840937500000005,5.259375,6.184,
0,18,,,8.245468139648438,43.43383789062501,269.3359375,0.061938125000000004,5.259375,6.218,
0,18,,,8.258438110351562,43.43383789062501,270.849609375,0.061938125000000004,5.259375,6.252,
0,18,,,8.252716064453125,43.40332031250001,272.35351562500006,0.061894687500000004,5.259375,6.286,
0,18,,,8.245658874511719,43.36914062500001,273.720703125,0.061842187500000007,5.259765625,6.319,
0,18,,,8.245658874511719,43.36914062500001,275.22460937500006,0.061842187500000007,5.259765625,6.353,
0,18,,,8.251380920410156,43.40148925781251,276.73828125000006,0.061885312500000005,5.259960937500001,6.387,
0,18,,,8.254051208496094,43.41369628906251,278.2421875,0.061905312500000004,5.2595703125,6.421,
0,18,,,8.254051208496094,43.41369628906251,279.60937500000006,0.061905312500000004,5.2595703125,6.455,
0,18,,,8.257293701171875,43.43078613281251,281.11328125000006,0.061928750000000005,5.259765625,6.489,
0,18,,,8.245086669921875,43.36791992187501,282.61718750000006,0.061837500000000004,5.259960937500001,6.523,
0,18,,,8.245086669921875,43.36791992187501,284.130859375,0.061837500000000004,5.259960937500001,6.557,
0,18,,,8.252143859863281,43.40270996093751,285.498046875,0.06189000000000001,5.2595703125,6.591,
0,18,,,8.239173889160156,43.33801269531251,287.00195312500006,0.06179250000000001,5.2601562500000005,6.625,
0,18,,,8.239173889160156,43.33801269531251,288.505859375,0.06179250000000001,5.2601562500000005,6.659,
0,18,,,8.2489013671875,43.3868408203125,290.009765625,0.06186656250000001,5.259765625,6.693,
0,18,,,8.236503601074219,43.32397460937501,291.51367187500006,0.061774062500000004,5.259960937500001,6.727,
0,18,,,8.236503601074219,43.32397460937501,292.890625,0.061774062500000004,5.259960937500001,6.761,
0,18,,,8.250617980957031,43.3929443359375,294.39453125000006,0.061878125000000006,5.259375,6.795,
0,18,,,8.245849609375,43.36853027343751,295.8984375,0.061842812500000004,5.2595703125,6.829,
0,18,,,8.245849609375,43.36853027343751,297.40234375,0.061842812500000004,5.2595703125,6.863,
0,18,,,8.241653442382812,43.34716796875,298.76953125,0.061812187500000004,5.2595703125,6.897,
0,18,,,8.255958557128906,43.4228515625,300.2734375,0.06191968750000001,5.2595703125,6.932,
0,18,,,8.255958557128906,43.4228515625,301.77734375000006,0.06191968750000001,5.2595703125,6.966,
0,18,,,8.236312866210938,43.3172607421875,303.28125000000006,0.061772187500000006,5.259375,7.0,
0,18,,,8.258819580078125,43.43688964843751,304.79492187500006,0.06194093750000001,5.2595703125,7.034,
0,18,,,8.258819580078125,43.43688964843751,306.16210937500006,0.06194093750000001,5.2595703125,7.068,
0,18,,,8.244514465332031,43.363037109375,307.666015625,0.061832500000000006,5.259765625,7.102,
0,18,,,8.245658874511719,43.36608886718751,309.16992187500006,0.061842187500000007,5.2591796875000005,7.136,
0,18,,,8.245658874511719,43.36608886718751,310.67382812500006,0.061842187500000007,5.2591796875000005,7.17,
0,18,,,8.234596252441406,43.30993652343751,312.17773437500006,0.061759375000000005,5.2595703125,7.204,
0,18,,,8.247756958007812,43.38012695312501,313.55468750000006,0.061857812500000005,5.2595703125,7.238,
0,18,,,8.247756958007812,43.38012695312501,315.05859375000006,0.061857812500000005,5.258984375000001,7.272,
0,18,,,8.249092102050783,43.38195800781251,316.56250000000006,0.061868125,5.258984375000001,7.306,
0,18,,,8.240127563476562,43.33862304687501,318.06640625000006,0.06180000000000001,5.2595703125,7.34,
0,18,,,8.240127563476562,43.33862304687501,319.43359375,0.06180000000000001,5.259765625,7.374,
0,18,,,8.24718475341797,43.3782958984375,320.93750000000006,0.061853125,5.259765625,7.408,
0,18,,,8.251571655273438,43.39904785156251,322.44140625000006,0.061886562500000006,5.259375,7.442,
0,18,,,8.251571655273438,43.39904785156251,323.955078125,0.061907500000000004,5.259765625,7.476,
0,18,,,8.254432678222656,43.41552734375001,325.32226562500006,0.061907500000000004,5.259765625,7.51,
0,18,,,8.252143859863281,43.40393066406251,326.82617187500006,0.061890625000000005,5.259765625,7.544,
0,18,,,8.252143859863281,43.40393066406251,328.33007812500006,0.0618234375,5.259375,7.578,
0,18,,,8.243179321289062,43.35266113281251,329.833984375,0.0618234375,5.259375,7.612,
0,18,,,8.246994018554688,43.37585449218751,331.34765625,0.06185125,5.259765625,7.646,
0,18,,,8.246994018554688,43.37585449218751,332.71484375000006,0.061840000000000006,5.259375,7.68,
0,18,,,8.245468139648438,43.365478515625,334.21875,0.061840000000000006,5.259375,7.714,
0,18,,,8.245277404785158,43.37097167968751,335.72265625000006,0.061839375,5.2601562500000005,7.748,
0,18,,,8.245277404785158,43.37097167968751,337.22656250000006,0.0618234375,5.259375,7.782,
0,18,,,8.243179321289062,43.35449218750001,338.59375,0.0618234375,5.259375,7.816,
0,18,,,8.246040344238281,43.370361328125,340.09765625000006,0.0618446875,5.2595703125,7.85,
0,18,,,8.246040344238281,43.3563232421875,341.6015625,0.06182875,5.2591796875000005,7.884,
0,18,,,8.243942260742188,43.3563232421875,343.115234375,0.06182875,5.2591796875000005,7.918,
0,18,,,8.245086669921875,43.3624267578125,344.61914062500006,0.06183718750000001,5.259375,7.952,
0,18,,,8.25481414794922,43.41796875000001,345.986328125,0.0619103125,5.259765625,7.987,
0,18,,,8.25481414794922,43.41796875000001,347.49023437500006,0.0619103125,5.259765625,8.021,
0,18,,,8.249664306640625,43.38745117187501,348.99414062500006,0.061872500000000004,5.259375,8.055,
0,18,,,8.240699768066406,43.341064453125,350.50781250000006,0.061805000000000006,5.259375,8.089,
0,18,,,8.240699768066406,43.341064453125,352.01171875000006,0.061805000000000006,5.259375,8.123,
0,18,,,8.250617980957031,43.39599609375,353.37890625000006,0.0618796875,5.259765625,8.157,
0,18,,,8.246231079101564,43.370361328125,354.88281250000006,0.06184562500000001,5.2595703125,8.191,
0,18,,,8.246231079101564,43.370361328125,356.38671875000006,0.06184562500000001,5.2595703125,8.225,
0,18,,,8.238983154296875,43.333740234375,357.890625,0.061791250000000006,5.2595703125,8.259,
0,18,,,8.25004577636719,43.392333984375,359.25781250000006,0.06187406250000001,5.259765625,8.293,
0,18,,,8.25004577636719,43.392333984375,360.77148437500006,0.06187406250000001,5.259765625,8.327,
0,18,,,8.255577087402344,43.41979980468751,362.275390625,0.061915937500000004,5.2595703125,8.361,
0,18,,,8.248138427734377,43.38439941406251,363.77929687500006,0.061861250000000007,5.259960937500001,8.395,
0,18,,,8.248138427734377,43.38439941406251,365.14648437500006,0.061861250000000007,5.259960937500001,8.429,
0,18,,,8.249855041503906,43.38806152343751,366.66015625000006,0.06187312500000001,5.259375,8.462,
0,18,,,8.25481414794922,43.41674804687501,368.1640625,0.061910937500000006,5.2595703125,8.496,
0,18,,,8.25481414794922,43.41674804687501,369.66796875,0.061910937500000006,5.2595703125,8.53,
0,18,,,8.241462707519533,43.3465576171875,371.17187500000006,0.0618109375,5.2595703125,8.564,
0,18,,,8.237075805664062,43.32397460937501,372.5390625,0.061777500000000006,5.2595703125,8.598,
0,18,,,8.237075805664062,43.32397460937501,374.04296875000006,0.061777500000000006,5.2595703125,8.632,
0,18,,,8.251953125000002,43.39904785156251,375.54687500000006,0.061889375,5.2591796875000005,8.666,
0,18,,,8.24241638183594,43.35205078125001,377.05078125,0.061817500000000004,5.259765625,8.7,
0,18,,,8.24241638183594,43.35205078125001,378.41796875,0.061817500000000004,5.259765625,8.734,
0,18,,,8.238792419433594,43.333740234375,379.931640625,0.061790000000000005,5.259765625,8.768,
0,18,,,8.252334594726562,43.40332031250001,381.43554687500006,0.06189218750000001,5.2595703125,8.802,
0,18,,,8.252334594726562,43.40332031250001,382.93945312500006,0.06189218750000001,5.2595703125,8.836,
0,18,,,8.240318298339844,43.33618164062501,384.30664062500006,0.06180125,5.2591796875000005,8.87,
0,18,,,8.247947692871094,43.38134765625001,385.81054687500006,0.06185937500000001,5.259765625,8.904,
0,18,,,8.247947692871094,43.38134765625001,387.31445312500006,0.06185937500000001,5.259765625,8.938,
0,18,,,8.249092102050783,43.38256835937501,388.81835937500006,0.061867500000000006,5.2591796875000005,8.972,
0,18,,,8.24241638183594,43.35083007812501,390.185546875,0.06181687500000001,5.2595703125,9.006,
0,18,,,8.24241638183594,43.35083007812501,391.69921875,0.06181687500000001,5.2595703125,9.041,
0,18,,,8.246040344238281,43.370361328125,393.20312500000006,0.06184437500000001,5.2595703125,9.075,
0,18,,,8.249282836914062,43.38500976562501,394.70703125000006,0.06186875000000001,5.259375,9.109,
0,18,,,8.249282836914062,43.38500976562501,396.2109375,0.061850625000000006,5.2595703125,9.143,
0,18,,,8.246803283691406,43.37402343750001,397.71484375000006,0.061850625000000006,5.2595703125,9.177,
0,18,,,8.248710632324219,43.38256835937501,399.08203125000006,0.061864062500000004,5.259375,9.211,
0,18,,,8.248710632324219,43.38256835937501,400.59570312500006,0.061825000000000005,5.2595703125,9.245,
0,18,,,8.243370056152346,43.35693359375001,402.099609375,0.061825000000000005,5.2595703125,9.279,
0,18,,,8.244705200195312,43.365478515625,403.60351562500006,0.06183500000000001,5.259765625,9.313,
0,18,,,8.244705200195312,43.365478515625,404.97070312500006,0.06188375000000001,5.258984375000001,9.347,
0,18,,,8.251190185546875,43.3929443359375,406.474609375,0.06188375000000001,5.258984375000001,9.381,
0,18,,,8.251380920410156,43.39904785156251,407.978515625,0.06188468750000001,5.2595703125,9.415,
0,18,,,8.251380920410156,43.39904785156251,409.4921875,0.06183625,5.259765625,9.449,
0,18,,,8.244895935058594,43.36669921875001,410.859375,0.06183625,5.259765625,9.483,
0,18,,,8.25004577636719,43.39111328125001,412.36328125000006,0.06187406250000001,5.2595703125,9.517,
0,18,,,8.25004577636719,43.36486816406251,413.8671875,0.061837500000000004,5.2595703125,9.551,
0,18,,,8.245086669921875,43.36486816406251,415.3710937500001,0.061837500000000004,5.2595703125,9.585,
0,18,,,8.247566223144531,43.3770751953125,416.87500000000006,0.061856562500000004,5.259375,9.619,
0,18,,,8.24241638183594,43.34960937500001,418.24218750000006,0.061817500000000004,5.259375,9.653,
0,18,,,8.24241638183594,43.34960937500001,419.75585937500006,0.061817500000000004,5.259375,9.687,
0,18,,,8.244514465332031,43.35876464843751,421.259765625,0.061833125,5.2591796875000005,9.721,
0,18,,,8.245849609375,43.370361328125,422.76367187500006,0.06184375,5.2595703125,9.755,
0,18,,,8.245849609375,43.370361328125,424.13085937500006,0.06184375,5.2595703125,9.789,
0,18,,,8.238410949707031,43.33068847656251,425.634765625,0.06178718750000001,5.259765625,9.823,
0,18,,,8.250617980957031,43.3935546875,427.1386718750001,0.06187937500000001,5.259375,9.857,
0,18,,,8.250617980957031,43.3935546875,428.64257812500006,0.06187937500000001,5.259375,9.891,
0,18,,,8.250999450683596,43.39843750000001,430.15625,0.061882187500000005,5.259765625,9.925,
0,18,,,8.250999450683596,43.39416503906251,431.52343750000006,0.061882187500000005,5.2591796875000005,9.959,
0,18,,,8.250999450683596,43.39416503906251,433.02734375,0.061882187500000005,5.2591796875000005,9.993,
0,19,,,8.199882507324219,43.12866210937501,438.8574218750001,0.061498750000000005,5.259765625,10.127,
0,19,,,7.943153381347656,41.78283691406251,440.166015625,0.0595728125,5.2603515625,10.161,
0,19,,,7.943153381347656,41.78283691406251,441.62109375,0.0595728125,5.2603515625,10.196,
0,19,,,7.93609619140625,41.74316406250001,443.06640625000006,0.0595196875,5.259960937500001,10.23,
0,19,,,7.936286926269532,41.74255371093751,444.52148437500006,0.059522187500000004,5.259765625,10.264,
0,19,,,7.936286926269532,41.74255371093751,445.966796875,0.059522187500000004,5.259765625,10.298,
0,19,,,7.939338684082031,41.76269531250001,447.42187500000006,0.0595440625,5.2603515625,10.332,
0,19,,,7.93437957763672,41.73217773437501,448.73046875,0.059506562500000006,5.259765625,10.366,
0,19,,,7.93437957763672,41.73217773437501,450.18554687500006,0.059506562500000006,5.259765625,10.4,
0,19,,,7.9559326171875,41.8524169921875,451.640625,0.059668437500000004,5.260546875,10.434,
0,19,,,7.941055297851563,41.76879882812501,453.08593750000006,0.059556875,5.259960937500001,10.468,
0,19,,,7.941055297851563,41.76879882812501,454.4140625,0.059556875,5.259960937500001,10.502,
0,19,,,7.953453063964845,41.83837890625,455.859375,0.059649687500000007,5.260546875,10.536,
0,19,,,7.950782775878906,41.82373046875001,457.31445312500006,0.0596309375,5.2603515625,10.57,
0,19,,,7.950782775878906,41.82373046875001,458.759765625,0.0596309375,5.2603515625,10.604,
0,19,,,7.946014404296875,41.79626464843751,460.21484375000006,0.05959375000000001,5.2601562500000005,10.638,
0,19,,,7.9578399658203125,41.8609619140625,461.53320312500006,0.0596840625,5.2603515625,10.672,
0,19,,,7.9578399658203125,41.8609619140625,462.98828125,0.0596840625,5.2601562500000005,10.706,
0,19,,,7.951545715332032,41.82617187500001,464.43359375000006,0.05963625,5.2601562500000005,10.74,
0,19,,,7.953643798828125,41.8365478515625,465.888671875,0.0596521875,5.2601562500000005,10.774,
0,19,,,7.953643798828125,41.8365478515625,467.20703125,0.0596521875,5.2601562500000005,10.808,
0,19,,,7.940673828125,41.7681884765625,468.66210937500006,0.05955437500000001,5.2601562500000005,10.842,
0,19,,,7.943534851074219,41.78466796875,470.1074218750001,0.059576250000000004,5.2601562500000005,10.876,
0,19,,,7.943534851074219,41.78466796875,471.56250000000006,0.059619687500000004,5.259960937500001,10.91,
0,19,,,7.9494476318359375,41.81335449218751,472.880859375,0.059619687500000004,5.259960937500001,10.944,
0,19,,,7.954788208007813,41.84387207031251,474.3359375,0.059660625,5.2601562500000005,10.978,
0,19,,,7.954788208007813,41.84387207031251,475.78125000000006,0.059595625000000006,5.259765625,11.012,
0,19,,,7.946205139160157,41.79504394531251,477.23632812500006,0.059595625000000006,5.259765625,11.046,
0,19,,,7.947158813476563,41.80358886718751,478.681640625,0.0596034375,5.2601562500000005,11.08,
0,19,,,7.947158813476563,41.80358886718751,480.00976562500006,0.05969312500000001,5.259765625,11.114,
0,19,,,7.959175109863282,41.86340332031251,481.45507812500006,0.05969312500000001,5.259765625,11.148,
0,19,,,7.9540252685546875,41.83837890625,482.91015625,0.059654687500000005,5.2601562500000005,11.182,
0,19,,,7.9540252685546875,41.83837890625,484.36523437500006,0.05973781250000001,5.259960937500001,11.216,
0,19,,,7.965087890625,41.89636230468751,485.6835937500001,0.05973781250000001,5.259960937500001,11.251,
0,19,,,7.94219970703125,41.7755126953125,487.13867187500006,0.0595653125,5.2601562500000005,11.285,
0,19,,,7.9498291015625,41.815185546875,488.58398437500006,0.05962343750000001,5.259960937500001,11.319,
0,19,,,7.9498291015625,41.815185546875,490.0390625,0.05962343750000001,5.259960937500001,11.353,
0,19,,,7.957649230957032,41.86035156250001,491.49414062500006,0.0596828125,5.2603515625,11.387,
0,19,,,7.953643798828125,41.8359375,492.8125000000001,0.05965187500000001,5.259960937500001,11.421,
0,19,,,7.953643798828125,41.8359375,494.26757812500006,0.05965187500000001,5.259960937500001,11.455,
0,19,,,7.951927185058595,41.82800292968751,495.71289062500006,0.059639062500000006,5.2601562500000005,11.489,
0,19,,,7.947731018066407,41.805419921875,497.16796875,0.05960750000000001,5.2601562500000005,11.523,
0,19,,,7.947731018066407,41.805419921875,498.6230468750001,0.05960750000000001,5.2601562500000005,11.557,
0,19,,,7.957649230957032,41.85913085937501,499.94140625000006,0.059682187500000004,5.2601562500000005,11.591,
0,19,,,7.952499389648438,41.83105468750001,501.38671875000006,0.05964375,5.2601562500000005,11.625,
0,19,,,7.952499389648438,41.83105468750001,502.84179687500006,0.05964375,5.2601562500000005,11.659,
0,19,,,7.9654693603515625,41.8975830078125,504.296875,0.05974093750000001,5.259960937500001,11.693,
0,19,,,7.94811248779297,41.8060302734375,505.615234375,0.059610312500000005,5.259960937500001,11.727,
0,19,,,7.94811248779297,41.8060302734375,507.0703125000001,0.059610312500000005,5.259960937500001,11.761,
0,19,,,7.951545715332032,41.8231201171875,508.5156250000001,0.059636875000000006,5.259765625,11.795,
0,19,,,7.952117919921875,41.83105468750001,509.97070312500006,0.059640937500000005,5.2603515625,11.829,
0,19,,,7.952117919921875,41.83105468750001,511.28906250000006,0.059640937500000005,5.2603515625,11.862,
0,19,,,7.954216003417969,41.839599609375,512.7441406250001,0.05965625000000001,5.2601562500000005,11.896,
0,19,,,7.9349517822265625,41.73645019531251,514.1894531250001,0.05951218750000001,5.259765625,11.93,
0,19,,,7.9349517822265625,41.73645019531251,515.6445312500001,0.05951218750000001,5.259765625,11.964,
0,19,,,7.9498291015625,41.81213378906251,517.0996093750001,0.05962375,5.2595703125,11.998,
0,19,,,7.9570770263671875,41.85546875000001,518.41796875,0.059677187500000006,5.2601562500000005,12.032,
0,19,,,7.9570770263671875,41.85546875000001,519.86328125,0.059677187500000006,5.2601562500000005,12.066,
0,19,,,7.9456329345703125,41.79687500000001,521.318359375,0.05959156250000001,5.2603515625,12.1,
0,19,,,7.954216003417969,41.839599609375,522.7734375,0.05965625000000001,5.259960937500001,12.134,
0,19,,,7.954216003417969,41.839599609375,524.0917968750001,0.05965625000000001,5.259960937500001,12.168,
0,19,,,7.952499389648438,41.8292236328125,525.5468750000001,0.0596428125,5.259960937500001,12.202,
0,19,,,7.966423034667969,41.90307617187501,527.001953125,0.05974718750000001,5.259960937500001,12.236,
0,19,,,7.966423034667969,41.90307617187501,528.447265625,0.05974718750000001,5.259960937500001,12.27,
0,19,,,7.949066162109376,41.81457519531251,529.765625,0.059617812500000006,5.2603515625,12.305,
0,19,,,7.944869995117188,41.7913818359375,531.2207031250001,0.059585937500000005,5.2601562500000005,12.339,
0,19,,,7.944869995117188,41.7913818359375,532.666015625,0.059585937500000005,5.2603515625,12.373,
0,19,,,7.95726776123047,41.85791015625001,534.12109375,0.05967843750000001,5.2603515625,12.407,
0,19,,,7.955360412597657,41.839599609375,535.5761718750001,0.059665,5.259375,12.441,
0,20,,,8.188819885253906,43.072509765625,541.337890625,0.061415937500000004,5.258984375000001,12.575,
0,20,,,8.545112609863281,44.93835449218751,542.9589843750001,0.06408812500000001,5.258984375000001,12.609,
0,20,,,8.854675292968752,46.55883789062501,544.5703125000001,0.0664090625,5.2582031250000005,12.643,
0,20,,,8.854675292968752,46.55883789062501,546.2011718750001,0.0667584375,5.2587890625,12.677,
0,20,,,8.901214599609375,46.80847167968751,547.67578125,0.0667584375,5.2587890625,12.711,
0,20,,,8.892059326171875,46.76086425781251,549.296875,0.06668968750000001,5.2587890625,12.745,
0,20,,,8.892059326171875,46.76086425781251,550.9179687500001,0.06660250000000001,5.25859375,12.779,
0,20,,,8.88042449951172,46.69738769531251,552.5390625000001,0.06660250000000001,5.25859375,12.813,
0,20,,,8.88328552246094,46.71691894531251,554.16015625,0.06662375000000001,5.258984375000001,12.847,
0,20,,,8.88328552246094,46.71691894531251,555.64453125,0.06676812500000001,5.2582031250000005,12.881,
0,20,,,8.902549743652344,46.8109130859375,557.2656250000001,0.06676812500000001,5.2582031250000005,12.915,
0,20,,,8.917236328125,46.88964843750001,558.8867187500001,0.066879375,5.2583984375,12.949,
0,20,,,8.917236328125,46.88964843750001,560.5078125,0.0664890625,5.2587890625,12.983,
0,20,,,8.8653564453125,46.6204833984375,561.97265625,0.0664890625,5.2587890625,13.017,
0,20,,,8.856201171875,46.57470703125,563.5937500000001,0.06642125,5.258984375000001,13.051,
0,20,,,8.856201171875,46.57470703125,565.2050781250001,0.066376875,5.25859375,13.085,
0,20,,,8.850288391113281,46.53991699218751,566.8261718750001,0.066376875,5.25859375,13.119,
0,20,,,8.868408203125,46.63269042968751,568.30078125,0.06651187500000001,5.2583984375,13.153,
0,20,,,8.690452575683594,45.70190429687501,569.8730468750001,0.0651778125,5.258984375000001,13.187,
0,20,,,8.690452575683594,45.70190429687501,571.3183593750001,0.0651778125,5.258984375000001,13.221,
0,20,,,7.908058166503907,41.59973144531251,572.75390625,0.059309687500000006,5.2603515625,13.255,
0,20,,,7.897377014160156,41.53747558593751,574.072265625,0.05923031250000001,5.2595703125,13.289,
0,20,,,7.897377014160156,41.53747558593751,575.5078125,0.05923031250000001,5.2595703125,13.323,
0,20,,,7.904052734375,41.57287597656251,576.9531250000001,0.0592803125,5.259765625,13.357,
0,20,,,7.89470672607422,41.52465820312501,578.3984375000001,0.05921031250000001,5.259765625,13.391,
0,20,,,7.89470672607422,41.52465820312501,579.8437500000001,0.05921031250000001,5.259765625,13.425,
0,20,,,7.917976379394531,41.64855957031251,581.15234375,0.05938500000000001,5.259960937500001,13.46,
0,20,,,7.9021453857421875,41.56555175781251,582.59765625,0.059265625,5.2601562500000005,13.494,
0,20,,,7.9021453857421875,41.56555175781251,584.0429687500001,0.059265625,5.2601562500000005,13.528,
0,20,,,7.905006408691406,41.58325195312501,585.4785156250001,0.05928750000000001,5.2603515625,13.562,
0,20,,,7.90996551513672,41.607666015625,586.9238281250001,0.05932468750000001,5.2601562500000005,13.596,
0,20,,,7.90996551513672,41.607666015625,588.2421875,0.05932468750000001,5.2601562500000005,13.63,
0,20,,,7.900810241699219,41.55517578125001,589.677734375,0.059255,5.259765625,13.664,
0,20,,,7.903480529785156,41.57165527343751,591.1230468750001,0.05927593750000001,5.259960937500001,13.698,
0,20,,,7.903480529785156,41.57165527343751,592.5683593750001,0.05927593750000001,5.259960937500001,13.732,
0,20,,,7.901382446289063,41.561279296875,593.876953125,0.0592603125,5.259960937500001,13.766,
0,20,,,7.905387878417969,41.58752441406251,595.322265625,0.059290625000000007,5.2607421875,13.8,
0,20,,,7.905387878417969,41.58752441406251,596.7578125,0.059290625000000007,5.2607421875,13.833,
0,20,,,7.893943786621094,41.5240478515625,598.2031250000001,0.0592040625,5.2603515625,13.867,
0,20,,,7.90386199951172,41.5789794921875,599.5214843750001,0.0592784375,5.2607421875,13.901,
0,20,,,7.90386199951172,41.5789794921875,600.9570312500001,0.0592784375,5.2607421875,13.935,
0,20,,,7.905387878417969,41.5802001953125,602.4023437500001,0.059290312500000004,5.259765625,13.969,
0,20,,,7.898139953613282,41.54785156250001,603.8476562500001,0.05923562500000001,5.260546875,14.003,
0,20,,,7.898139953613282,41.54785156250001,605.2929687500001,0.05923562500000001,5.260546875,14.037,
0,20,,,7.916641235351563,41.6387939453125,606.6015625000001,0.059374062500000005,5.259765625,14.071,
0,20,,,7.892417907714845,41.51245117187501,608.0371093750001,0.0591925,5.259765625,14.105,
0,20,,,7.892417907714845,41.51245117187501,609.4824218750001,0.0591925,5.259765625,14.139,
0,20,,,7.8983306884765625,41.54479980468751,610.9277343750001,0.059236562500000006,5.2601562500000005,14.173,
0,20,,,7.899093627929688,41.54907226562501,612.2363281250001,0.059242500000000003,5.259960937500001,14.207,
0,20,,,7.899093627929688,41.54907226562501,613.6816406250001,0.059242500000000003,5.2601562500000005,14.241,
0,20,,,7.906341552734375,41.58874511718751,615.1269531250001,0.05929718750000001,5.2601562500000005,14.275,
0,20,,,7.9132080078125,41.62536621093751,616.5722656250001,0.05934906250000001,5.2603515625,14.309,
0,20,,,7.9132080078125,41.62536621093751,617.880859375,0.05934906250000001,5.2595703125,14.343,
0,21,,,8.211517333984375,43.18786621093751,623.7890625000001,0.06158500000000001,5.2595703125,14.478,
0,21,,,8.664703369140625,45.56884765625,625.3710937500001,0.0649846875,5.2591796875000005,14.512,
0,21,,,8.664703369140625,45.56884765625,626.9628906250001,0.06525281250000001,5.2587890625,14.546,
0,22,,,8.21189880371094,43.19091796875001,632.7734375,0.061588750000000005,5.2595703125,14.68,
0,22,,,8.42437744140625,44.30297851562501,634.3066406250001,0.063181875,5.258984375000001,14.715,
0,22,,,8.42437744140625,44.30297851562501,635.8496093750001,0.0634203125,5.258984375000001,14.749,
0,22,,,8.45603942871094,44.47082519531251,637.40234375,0.0634203125,5.258984375000001,14.783,
0,22,,,8.449172973632812,44.43420410156251,638.8085937500001,0.06336812500000001,5.258984375000001,14.817,
0,22,,,8.449172973632812,44.43420410156251,640.341796875,0.06384875000000001,5.2591796875000005,14.851,
0,22,,,8.513259887695314,44.77172851562501,641.8847656250001,0.06384875000000001,5.2591796875000005,14.885,
0,22,,,8.49418640136719,44.67285156250001,643.4375000000001,0.0637053125,5.259375,14.919,
0,22,,,8.49418640136719,44.67285156250001,644.9902343750001,0.0633965625,5.259765625,14.953,
0,22,,,8.452987670898438,44.46044921875,646.3964843750001,0.0633965625,5.259765625,14.987,
0,22,,,8.46405029296875,44.51416015625001,647.9296875,0.063479375,5.259375,15.021,
0,22,,,8.46405029296875,44.51416015625001,649.4726562500001,0.06320468750000001,5.2591796875000005,15.055,
0,22,,,8.427429199218752,44.32006835937501,651.0253906250001,0.06320468750000001,5.2591796875000005,15.089,
0,23,,,8.201217651367188,43.13232421875001,656.7773437500001,0.06150875000000001,5.2591796875000005,15.223,
0,23,,,8.201217651367188,43.13232421875001,658.3398437500001,0.0639875,5.2587890625,15.257,
0,23,,,8.531761169433594,44.86572265625,659.9023437500001,0.0639875,5.2587890625,15.291,
0,23,,,8.551406860351564,44.97436523437501,661.328125,0.06413500000000001,5.259375,15.325,
0,23,,,8.569145202636719,45.06225585937501,662.8906250000001,0.06426781250000001,5.2587890625,15.359,
0,23,,,8.569145202636719,45.06225585937501,664.4628906250001,0.06426781250000001,5.2587890625,15.393,
0,23,,,8.589363098144531,45.1708984375,666.0253906250001,0.0644196875,5.258984375000001,15.427,
0,24,,,6.337738037109375,33.355712890625,0.634765625,0.04753281250000001,5.2630859375000005,0.026,
0,24,,,6.392669677734376,33.6444091796875,1.806640625,0.047945312500000004,5.262890625000001,0.06,
0,24,,,6.392669677734376,33.6444091796875,2.9687500000000004,0.047945312500000004,5.262890625000001,0.094,
0,24,,,6.397819519042969,33.66821289062501,4.140625000000001,0.047983125,5.2625,0.128,
0,24,,,6.387519836425781,33.61816406250001,5.1953125,0.0479059375,5.26328125,0.162,
0,24,,,6.387519836425781,33.61816406250001,6.367187500000001,0.0479059375,5.2625,0.196,
0,24,,,6.378173828125,33.56506347656251,7.529296875000001,0.047836562500000006,5.2625,0.23,
0,24,,,6.355094909667969,33.44787597656251,8.69140625,0.047663750000000005,5.2630859375000005,0.264,
0,24,,,6.355094909667969,33.44787597656251,9.853515625000002,0.047663750000000005,5.2630859375000005,0.298,
0,24,,,6.388854980468751,33.624267578125,10.908203125000002,0.047915937500000005,5.2630859375000005,0.332,
0,24,,,6.3724517822265625,33.53759765625,12.080078125000002,0.0477925,5.2630859375000005,0.366,
0,24,,,6.3724517822265625,33.53759765625,13.2421875,0.04782406250000001,5.2630859375000005,0.4,
0,24,,,6.376647949218751,33.5601806640625,14.4140625,0.04782406250000001,5.2630859375000005,0.435,
0,24,,,6.394386291503906,33.653564453125,15.576171875000002,0.0479578125,5.2630859375000005,0.47,
0,24,,,6.394386291503906,33.653564453125,16.748046875000004,0.04802125,5.262890625000001,0.504,
0,24,,,6.402778625488281,33.6968994140625,17.812500000000004,0.04802125,5.262890625000001,0.538,
0,24,,,6.377601623535157,33.56506347656251,18.974609375000004,0.047831250000000006,5.2630859375000005,0.572,
0,24,,,6.377601623535157,33.68957519531251,20.146484375000004,0.048007187500000006,5.26328125,0.606,
0,24,,,6.40106201171875,33.68957519531251,21.308593750000004,0.048007187500000006,5.26328125,0.64,
0,24,,,6.386756896972656,33.612060546875,22.470703125000004,0.047900000000000005,5.262890625000001,0.674,
0,24,,,6.362152099609376,33.4820556640625,23.53515625,0.047715,5.262890625000001,0.708,
0,24,,,6.362152099609376,33.4820556640625,24.697265625000004,0.047715,5.262890625000001,0.742,
0,24,,,6.375312805175781,33.5528564453125,25.859375000000004,0.047815312500000005,5.262890625000001,0.776,
0,24,,,6.369781494140626,33.52294921875001,27.021484375,0.0477725,5.262890625000001,0.81,
0,24,,,6.369781494140626,33.52294921875001,28.085937500000004,0.0477725,5.262890625000001,0.844,
0,24,,,6.375503540039063,33.5504150390625,29.248046875000004,0.0478159375,5.2625,0.878,
0,24,,,6.390190124511719,33.63159179687501,30.419921875000004,0.047925625000000006,5.2630859375000005,0.912,
0,24,,,6.390190124511719,33.63159179687501,31.582031250000004,0.047925625000000006,5.2630859375000005,0.945,
0,24,,,6.384277343750001,33.59802246093751,32.63671875000001,0.0478825,5.2626953125,0.979,
0,24,,,6.393814086914063,33.64990234375,33.80859375000001,0.0479534375,5.262890625000001,1.013,
0,24,,,6.393814086914063,33.64990234375,34.970703125,0.0479534375,5.262890625000001,1.048,
0,24,,,6.394386291503906,33.6517333984375,36.14257812500001,0.04795750000000001,5.262890625000001,1.082,
0,24,,,6.381034851074219,33.58032226562501,37.314453125,0.04785687500000001,5.2625,1.116,
0,24,,,6.381034851074219,33.58032226562501,38.36914062500001,0.04785687500000001,5.2625,1.15,
0,24,,,6.391906738281251,33.6419677734375,39.54101562500001,0.04793843750000001,5.26328125,1.184,
0,24,,,6.37645721435547,33.55529785156251,40.70312500000001,0.047822812500000006,5.2625,1.218,
0,24,,,6.37645721435547,33.55529785156251,41.86523437500001,0.047822812500000006,5.2625,1.252,
0,24,,,6.391906738281251,33.64135742187501,42.92968750000001,0.047939375000000006,5.2630859375000005,1.286,
0,24,,,6.379318237304688,33.5748291015625,44.09179687500001,0.047844375,5.26328125,1.32,
0,24,,,6.379318237304688,33.5748291015625,45.263671875,0.047844375,5.26328125,1.354,
0,24,,,6.373786926269532,33.543701171875,46.42578125000001,0.04780281250000001,5.262890625000001,1.388,
0,24,,,6.377983093261719,33.56750488281251,47.58789062500001,0.047835,5.2630859375000005,1.422,
0,24,,,6.377983093261719,33.56750488281251,48.65234375000001,0.047835,5.2630859375000005,1.456,
0,24,,,6.407356262207031,33.72253417968751,49.82421875000001,0.048055625000000005,5.2630859375000005,1.49,
0,24,,,6.382369995117188,33.58764648437501,50.98632812500001,0.04786750000000001,5.2626953125,1.524,
0,24,,,6.382369995117188,33.58764648437501,52.15820312500001,0.04786750000000001,5.2626953125,1.558,
0,24,,,6.393241882324219,33.6456298828125,53.3203125,0.04794906250000001,5.2626953125,1.592,
0,24,,,6.376075744628906,33.55529785156251,54.37500000000001,0.047820625000000005,5.2626953125,1.626,
0,24,,,6.376075744628906,33.55529785156251,55.53710937500001,0.047820625000000005,5.2630859375000005,1.66,
0,24,,,6.37187957763672,33.53454589843751,56.70898437500001,0.047788750000000005,5.2630859375000005,1.694,
0,24,,,6.39171600341797,33.63891601562501,57.87109375000001,0.047937187500000006,5.262890625000001,1.728,
0,24,,,6.39171600341797,33.63891601562501,58.935546875,0.047937187500000006,5.2625,1.762,
0,24,,,6.363105773925782,33.48632812500001,60.097656250000014,0.04772375,5.2625,1.796,
0,24,,,6.390571594238281,33.63098144531251,61.259765625000014,0.047928750000000006,5.2626953125,1.83,
0,24,,,6.390571594238281,33.63098144531251,62.43164062500001,0.047849062500000004,5.262890625000001,1.864,
0,24,,,6.379890441894531,33.5772705078125,63.48632812500001,0.047849062500000004,5.262890625000001,1.898,
0,24,,,6.380462646484376,33.5833740234375,64.6484375,0.0478528125,5.2634765625,1.932,
0,24,,,6.380462646484376,33.5833740234375,65.8203125,0.047832187500000005,5.2626953125,1.966,
0,24,,,6.377601623535157,33.563232421875,66.98242187500001,0.047832187500000005,5.2626953125,2.0,
0,24,,,6.374168395996094,33.5430908203125,68.046875,0.047806562500000004,5.2623046875,2.034,
0,24,,,6.374168395996094,33.5430908203125,69.208984375,0.047909375000000004,5.2621093750000005,2.068,
0,24,,,6.387901306152345,33.6138916015625,70.37109375,0.047909375000000004,5.2621093750000005,2.102,
0,24,,,6.371498107910156,33.53271484375,71.54296875,0.047785625000000005,5.2630859375000005,2.136,
0,24,,,6.371498107910156,33.53271484375,72.705078125,0.04790375,5.262890625000001,2.17,
0,24,,,6.38713836669922,33.6151123046875,73.75976562500001,0.04790375,5.262890625000001,2.204,
0,24,,,6.376075744628906,33.55468750000001,74.931640625,0.047820625000000005,5.2626953125,2.238,
0,24,,,6.376075744628906,33.55468750000001,76.09375000000001,0.047785,5.2625,2.272,
0,24,,,6.371307373046875,33.529052734375,77.25585937500001,0.047785,5.2625,2.306,
0,24,,,6.384468078613281,33.59924316406251,78.3203125,0.0478825,5.262890625000001,2.34,
0,24,,,6.3854217529296875,33.6053466796875,79.48242187500001,0.04788968750000001,5.2630859375000005,2.374,
0,24,,,6.3854217529296875,33.6053466796875,80.65429687500001,0.04788968750000001,5.2630859375000005,2.408,
0,24,,,6.392860412597657,33.64624023437501,81.81640625000001,0.047946562500000005,5.2630859375000005,2.442,
0,24,,,6.374168395996094,33.544921875,82.98828125000001,0.04780625,5.2626953125,2.476,
0,24,,,6.374168395996094,33.544921875,84.04296875,0.04780625,5.2626953125,2.51,
0,24,,,6.398391723632813,33.67187500000001,85.21484375,0.04798718750000001,5.2626953125,2.544,
0,24,,,6.4075469970703125,33.7188720703125,86.38671875000001,0.04805625,5.2625,2.578,
0,24,,,6.4075469970703125,33.7188720703125,87.548828125,0.04805625,5.2625,2.612,
0,24,,,6.378364562988282,33.56384277343751,88.72070312500001,0.047837500000000005,5.2623046875,2.646,
0,24,,,6.384468078613281,33.599853515625,89.775390625,0.0478825,5.262890625000001,2.68,
0,24,,,6.384468078613281,33.599853515625,90.9375,0.0478825,5.262890625000001,2.714,
0,24,,,6.383323669433595,33.59375,92.10937500000001,0.047874687500000006,5.2626953125,2.748,
0,24,,,6.369590759277344,33.5223388671875,93.271484375,0.047771875000000005,5.262890625000001,2.782,
0,24,,,6.369590759277344,33.5223388671875,94.33593750000001,0.047771875000000005,5.262890625000001,2.816,
0,24,,,6.397438049316407,33.6651611328125,95.49804687500001,0.047980312500000004,5.2623046875,2.85,
0,24,,,6.388664245605469,33.621826171875,96.66992187500001,0.047915000000000006,5.2626953125,2.884,
0,24,,,6.388664245605469,33.621826171875,97.83203125,0.047915000000000006,5.2626953125,2.918,
0,24,,,6.384277343750001,33.60168457031251,98.89648437500001,0.0478815625,5.26328125,2.952,
0,24,,,6.3934326171875,33.651123046875,100.05859375000003,0.0479503125,5.2634765625,2.986,
0,24,,,6.3934326171875,33.651123046875,101.23046875000003,0.0479503125,5.2634765625,3.02,
0,24,,,6.390571594238281,33.62854003906251,102.39257812500001,0.0479290625,5.2623046875,3.054,
0,24,,,6.395912170410156,33.6572265625,103.56445312500001,0.0479684375,5.2625,3.088,
0,24,,,6.395912170410156,33.6572265625,104.62890625000001,0.0479684375,5.2625,3.122,
0,24,,,6.385231018066407,33.60290527343751,105.791015625,0.047888437500000006,5.2626953125,3.156,
0,24,,,6.382369995117188,33.5894775390625,106.95312500000001,0.047866875,5.262890625000001,3.19,
0,24,,,6.382369995117188,33.5894775390625,108.11523437500003,0.047866875,5.262890625000001,3.224,
0,24,,,6.374549865722657,33.5479736328125,109.17968750000001,0.0478084375,5.262890625000001,3.258,
0,24,,,6.359672546386719,33.4716796875,110.34179687500001,0.0476971875,5.26328125,3.292,
0,24,,,6.359672546386719,33.4716796875,111.50390625,0.0476971875,5.26328125,3.326,
0,24,,,6.391906738281251,33.6370849609375,112.67578125,0.047939062500000004,5.2625,3.36,
0,24,,,6.397819519042969,33.6676025390625,113.74023437500001,0.047983125,5.2625,3.394,
0,24,,,6.397819519042969,33.6676025390625,114.90234375000003,0.047983125,5.2630859375000005,3.428,
0,24,,,6.386184692382813,33.6114501953125,116.07421875000001,0.04789625,5.2630859375000005,3.462,
0,24,,,6.397247314453125,33.6669921875,117.23632812500001,0.04798,5.2626953125,3.496,
0,24,,,6.397247314453125,33.6669921875,118.408203125,0.04798,5.2625,3.53,
0,24,,,6.412315368652344,33.74450683593751,119.47265625000001,0.048091875000000006,5.2625,3.564,
0,24,,,6.3922882080078125,33.6456298828125,120.64453125000001,0.047941250000000005,5.263671875,3.599,
0,24,,,6.3922882080078125,33.6456298828125,121.80664062500001,0.047995312500000005,5.262890625000001,3.633,
0,24,,,6.39934539794922,33.67858886718751,122.97851562500001,0.047995312500000005,5.262890625000001,3.667,
0,24,,,6.392097473144531,33.64074707031251,124.15039062500003,0.0479409375,5.262890625000001,3.701,
0,24,,,6.392097473144531,33.64074707031251,125.31250000000001,0.047836562500000006,5.2625,3.735,
0,24,,,6.378173828125,33.56506347656251,126.37695312500003,0.047836562500000006,5.2625,3.769,
0,24,,,6.397819519042969,33.66821289062501,127.5390625,0.047983125,5.2625,3.803,
0,24,,,6.397819519042969,33.66821289062501,128.7109375,0.048141875,5.262890625000001,3.837,
0,24,,,6.4189910888671875,33.78173828125,129.8828125,0.048141875,5.262890625000001,3.872,
0,24,,,6.409072875976563,33.72924804687501,130.947265625,0.048068125,5.2626953125,3.906,
0,24,,,6.397247314453125,33.665771484375,132.11914062500003,0.04797875,5.2626953125,3.94,
0,24,,,6.397247314453125,33.665771484375,133.28125000000003,0.04797875,5.2626953125,3.974,
0,24,,,6.395912170410156,33.66149902343751,134.45312500000003,0.047969687500000004,5.262890625000001,4.008,
0,24,,,6.4105987548828125,33.7359619140625,135.62500000000003,0.0480796875,5.2625,4.042,
0,24,,,6.4105987548828125,33.7359619140625,136.689453125,0.0480796875,5.2625,4.076,
0,24,,,6.39801025390625,33.67065429687501,137.86132812500003,0.0479853125,5.2626953125,4.11,
0,24,,,6.400489807128907,33.682861328125,139.0234375,0.048003125,5.2626953125,4.144,
0,24,,,6.400489807128907,33.682861328125,140.19531250000003,0.048003125,5.2626953125,4.178,
0,24,,,6.40697479248047,33.7158203125,141.36718750000003,0.04805281250000001,5.2623046875,4.212,
0,24,,,6.399726867675781,33.681640625,142.431640625,0.047996875,5.2630859375000005,4.246,
0,24,,,6.399726867675781,33.681640625,143.59375000000003,0.047996875,5.2630859375000005,4.28,
0,24,,,6.382942199707031,33.59130859375,144.75585937500003,0.0478721875,5.2626953125,4.314,
0,24,,,6.4037322998046875,33.6993408203125,145.92773437500003,0.048028125000000005,5.2625,4.348,
0,24,,,6.4037322998046875,33.6993408203125,147.09960937500003,0.048028125000000005,5.2625,4.382,
0,24,,,6.39171600341797,33.63769531250001,148.154296875,0.0479378125,5.2626953125,4.416,
0,24,,,6.394577026367188,33.6517333984375,149.32617187500003,0.04795875,5.2626953125,4.45,
0,24,,,6.394577026367188,33.6517333984375,150.498046875,0.04795875,5.2626953125,4.485,
0,24,,,6.397628784179688,33.67126464843751,151.66015625,0.04798187500000001,5.2630859375000005,4.519,
0,24,,,6.397247314453125,33.6669921875,152.83203125,0.047979375000000005,5.2626953125,4.553,
0,24,,,6.397247314453125,33.6669921875,153.88671875000003,0.047979375000000005,5.2626953125,4.587,
0,24,,,6.376075744628906,33.55529785156251,155.05859375000003,0.04782,5.2626953125,4.621,
0,24,,,6.380271911621095,33.57666015625001,156.22070312500003,0.047852187500000004,5.2626953125,4.656,
0,24,,,6.380271911621095,33.57666015625001,157.38281250000003,0.047852187500000004,5.2626953125,4.69,
0,24,,,6.382560729980469,33.58642578125001,158.5546875,0.047868437500000006,5.2623046875,4.724,
0,24,,,6.393623352050782,33.64990234375,159.60937500000003,0.047951875000000005,5.2630859375000005,4.758,
0,24,,,6.393623352050782,33.64990234375,160.78125000000003,0.047951875000000005,5.262890625000001,4.792,
0,24,,,6.37187957763672,33.53393554687501,161.95312500000003,0.047788750000000005,5.262890625000001,4.826,
0,24,,,6.405067443847657,33.70605468750001,163.11523437500003,0.0480371875,5.2625,4.86,
0,24,,,6.405067443847657,33.70605468750001,164.27734375000003,0.0480371875,5.2626953125,4.894,
0,24,,,6.373023986816406,33.53820800781251,165.34179687500003,0.047796875,5.2626953125,4.928,
0,24,,,6.395721435546876,33.65966796875,166.50390625,0.0479671875,5.262890625000001,4.962,
0,24,,,6.395721435546876,33.65966796875,167.67578125000003,0.04790343750000001,5.2630859375000005,4.996,
0,24,,,6.38713836669922,33.61572265625001,168.84765625,0.04790343750000001,5.2630859375000005,5.03,
0,24,,,6.374931335449219,33.5504150390625,169.90234375000003,0.0478115625,5.262890625000001,5.064,
0,24,,,6.374931335449219,33.5504150390625,171.06445312500003,0.047830312500000007,5.262890625000001,5.098,
0,24,,,6.377410888671876,33.56384277343751,172.2265625,0.047830312500000007,5.262890625000001,5.132,
0,24,,,6.36882781982422,33.51806640625001,173.39843750000003,0.047765312500000004,5.262890625000001,5.166,
0,24,,,6.36882781982422,33.51806640625001,174.45312500000003,0.047894687500000005,5.2626953125,5.199,
0,24,,,6.385993957519532,33.6065673828125,175.61523437500003,0.047894687500000005,5.2626953125,5.233,
0,24,,,6.361961364746094,33.48083496093751,176.77734375,0.047714687500000005,5.2626953125,5.267,
0,24,,,6.361961364746094,33.48083496093751,177.94921875000003,0.047956250000000006,5.2626953125,5.301,
0,24,,,6.394195556640625,33.64990234375,179.00390625,0.047956250000000006,5.2626953125,5.335,
0,24,,,6.374359130859375,33.54614257812501,180.17578125,0.0478071875,5.2626953125,5.369,
0,24,,,6.374359130859375,33.64624023437501,181.33789062500003,0.0479484375,5.262890625000001,5.403,
0,24,,,6.393241882324219,33.64624023437501,182.50000000000003,0.0479484375,5.262890625000001,5.437,
0,24,,,6.370735168457032,33.5235595703125,183.66210937500003,0.0477796875,5.2623046875,5.471,
0,24,,,6.379127502441406,33.57421875,184.72656250000003,0.047843750000000004,5.26328125,5.505,
0,24,,,6.379127502441406,33.57421875,185.8984375,0.047843750000000004,5.26328125,5.539,
0,24,,,6.400108337402344,33.680419921875,187.060546875,0.04800125,5.2625,5.573,
0,24,,,6.396293640136719,33.6663818359375,188.232421875,0.0479725,5.2634765625,5.607,
0,24,,,6.396293640136719,33.6663818359375,189.28710937500003,0.0479725,5.2634765625,5.641,
0,24,,,6.381416320800782,33.5821533203125,190.45898437500003,0.04786000000000001,5.2626953125,5.675,
0,24,,,6.3892364501953125,33.62487792968751,191.62109375000003,0.047919062500000005,5.262890625000001,5.71,
0,24,,,6.3892364501953125,33.62487792968751,192.78320312500003,0.047919062500000005,5.262890625000001,5.744,
0,24,,,6.369018554687501,33.51867675781251,193.955078125,0.047767500000000004,5.2626953125,5.778,
0,24,,,6.364631652832031,33.49487304687501,195.00976562500003,0.0477353125,5.2626953125,5.812,
0,24,,,6.364631652832031,33.49487304687501,196.17187500000003,0.0477353125,5.2626953125,5.846,
0,24,,,6.375312805175781,33.54858398437501,197.34375000000003,0.04781375,5.2623046875,5.88,
0,24,,,6.392860412597657,33.6431884765625,198.505859375,0.0479459375,5.2626953125,5.914,
0,24,,,6.392860412597657,33.6431884765625,199.66796875000003,0.0479459375,5.2626953125,5.948,
0,24,,,6.373786926269532,33.54003906250001,200.732421875,0.047803125,5.2623046875,5.982,
0,24,,,6.4037322998046875,33.6993408203125,201.904296875,0.0480275,5.2625,6.016,
0,24,,,6.4037322998046875,33.6993408203125,203.06640625000003,0.0480275,5.2625,6.05,
0,24,,,6.387519836425781,33.6138916015625,204.23828125000003,0.04790562500000001,5.2625,6.084,
0,24,,,6.378936767578125,33.57116699218751,205.29296875000003,0.0478421875,5.2626953125,6.118,
0,24,,,6.378936767578125,33.57116699218751,206.455078125,0.0478421875,5.2626953125,6.152,
0,24,,,6.39171600341797,33.636474609375,207.626953125,0.047937187500000006,5.2625,6.186,
0,24,,,6.3915252685546875,33.63769531250001,208.798828125,0.0479365625,5.262890625000001,6.22,
0,24,,,6.3915252685546875,33.63769531250001,209.85351562500003,0.0479365625,5.262890625000001,6.254,
0,24,,,6.37950897216797,33.5760498046875,211.01562500000003,0.047845937500000005,5.26328125,6.288,
0,24,,,6.360816955566406,33.47717285156251,212.17773437500003,0.0477065625,5.262890625000001,6.322,
0,24,,,6.360816955566406,33.47717285156251,213.34960937500003,0.0477065625,5.262890625000001,6.356,
0,24,,,6.390571594238281,33.63220214843751,214.4140625,0.047929375,5.262890625000001,6.389,
0,24,,,6.389808654785157,33.629150390625,215.576171875,0.0479240625,5.262890625000001,6.423,
0,24,,,6.389808654785157,33.629150390625,216.73828125000003,0.0479240625,5.262890625000001,6.457,
0,24,,,6.374740600585938,33.54919433593751,217.90039062500003,0.047810000000000005,5.262890625000001,6.491,
0,24,,,6.371307373046875,33.53088378906251,219.07226562500003,0.047784687500000006,5.262890625000001,6.525,
0,24,,,6.371307373046875,33.53088378906251,220.126953125,0.047784687500000006,5.262890625000001,6.559,
0,24,,,6.390380859375,33.63098144531251,221.298828125,0.047926875,5.262890625000001,6.593,
0,24,,,6.3816070556640625,33.5845947265625,222.4609375,0.04786218750000001,5.2626953125,6.627,
0,24,,,6.3816070556640625,33.5845947265625,223.6328125,0.04797125000000001,5.2626953125,6.661,
0,24,,,6.3961029052734375,33.66027832031251,224.68750000000003,0.04797125000000001,5.2626953125,6.695,
0,24,,,6.373786926269532,33.54736328125001,225.84960937500003,0.047803750000000006,5.26328125,6.729,
0,24,,,6.373786926269532,33.54736328125001,227.02148437500003,0.047841562500000004,5.2630859375000005,6.764,
0,24,,,6.378936767578125,33.57177734375001,228.18359375,0.047841562500000004,5.2630859375000005,6.798,
0,24,,,6.3770294189453125,33.5595703125,229.34570312500003,0.047828125000000006,5.2625,6.832,
0,24,,,6.3770294189453125,33.5595703125,230.41015625000003,0.04793625000000001,5.262890625000001,6.866,
0,24,,,6.3915252685546875,33.6370849609375,231.57226562500003,0.04793625000000001,5.262890625000001,6.9,
0,24,,,6.389427185058594,33.62609863281251,232.74414062500003,0.047920625,5.262890625000001,6.934,
0,24,,,6.389427185058594,33.62609863281251,233.90625000000003,0.047874687500000006,5.262890625000001,6.968,
0,24,,,6.383323669433595,33.59375,234.970703125,0.047874687500000006,5.262890625000001,7.002,
0,24,,,6.373023986816406,33.538818359375,236.1328125,0.047797187500000005,5.2626953125,7.036,
0,24,,,6.3838958740234375,33.59619140625,237.294921875,0.0478784375,5.2626953125,7.07,
0,24,,,6.3838958740234375,33.59619140625,238.46679687500003,0.0478784375,5.2626953125,7.104,
0,24,,,6.389427185058594,33.62854003906251,239.62890625000003,0.047921250000000006,5.2630859375000005,7.138,
0,24,,,6.3751220703125,33.5516357421875,240.69335937500003,0.0478128125,5.262890625000001,7.172,
0,24,,,6.3751220703125,33.5516357421875,241.85546875000006,0.0478128125,5.262890625000001,7.206,
0,24,,,6.377983093261719,33.565673828125,243.01757812500003,0.0478346875,5.2626953125,7.24,
0,24,,,6.382560729980469,33.5888671875,244.189453125,0.04786875,5.2626953125,7.274,
0,24,,,6.382560729980469,33.5888671875,245.24414062500003,0.04786875,5.2626953125,7.308,
0,24,,,6.3720703125,33.53698730468751,246.40625000000006,0.047790937500000005,5.2630859375000005,7.342,
0,24,,,6.379127502441406,33.57238769531251,247.57812500000003,0.0478434375,5.262890625000001,7.376,
0,24,,,6.379127502441406,33.57238769531251,248.74023437500003,0.0478434375,5.262890625000001,7.41,
0,24,,,6.378936767578125,33.57299804687501,249.90234375,0.04784125,5.26328125,7.444,
0,24,,,6.384277343750001,33.59924316406251,250.966796875,0.04788125000000001,5.262890625000001,7.478,
0,24,,,6.384277343750001,33.59924316406251,252.12890625,0.04788125000000001,5.262890625000001,7.512,
0,24,,,6.383514404296875,33.59558105468751,253.29101562500006,0.04787625,5.262890625000001,7.546,
0,24,,,6.380653381347656,33.5821533203125,254.46289062500006,0.047854375000000005,5.26328125,7.58,
0,24,,,6.380653381347656,33.5821533203125,255.51757812500003,0.047854375000000005,5.26328125,7.614,
0,24,,,6.370925903320313,33.53332519531251,256.67968750000006,0.047782187500000003,5.2634765625,7.648,
0,24,,,6.35986328125,33.47106933593751,257.84179687500006,0.0476984375,5.262890625000001,7.682,
0,24,,,6.35986328125,33.47106933593751,259.00390625,0.0476984375,5.262890625000001,7.716,
0,24,,,6.374359130859375,33.543701171875,260.06835937500006,0.047807812500000005,5.2623046875,7.75,
0,24,,,6.376647949218751,33.558349609375,261.23046875,0.047824687500000004,5.262890625000001,7.784,
0,24,,,6.376647949218751,33.558349609375,262.40234375,0.047824687500000004,5.262890625000001,7.818,
0,24,,,6.401443481445313,33.69079589843751,263.57421875000006,0.048010625,5.2630859375000005,7.852,
0,24,,,6.40239715576172,33.69201660156251,264.73632812500006,0.04801781250000001,5.2625,7.886,
0,24,,,6.40239715576172,33.69201660156251,265.791015625,0.04801781250000001,5.2625,7.92,
0,24,,,6.369781494140626,33.52416992187501,266.95312500000006,0.04777312500000001,5.2630859375000005,7.954,
0,24,,,6.3541412353515625,33.44177246093751,268.12500000000006,0.04765562500000001,5.2630859375000005,7.988,
0,24,,,6.3541412353515625,33.44177246093751,269.287109375,0.04765562500000001,5.2630859375000005,8.022,
0,24,,,6.363296508789063,33.489990234375,270.34179687500006,0.047724062500000004,5.2630859375000005,8.056,
0,24,,,6.390953063964845,33.6358642578125,271.50390625000006,0.0479325,5.2630859375000005,8.09,
0,24,,,6.390953063964845,33.6358642578125,272.66601562500006,0.0479325,5.2630859375000005,8.124,
0,24,,,6.368446350097656,33.5137939453125,273.837890625,0.047763437500000006,5.2625,8.158,
0,24,,,6.383132934570313,33.59191894531251,275.0,0.047872500000000005,5.2626953125,8.192,
0,24,,,6.383132934570313,33.59191894531251,276.064453125,0.047872500000000005,5.2626953125,8.226,
0,24,,,6.3838958740234375,33.5968017578125,277.22656250000006,0.047879375,5.2626953125,8.26,
0,24,,,6.3877105712890625,33.61572265625001,278.39843750000006,0.047906875,5.2626953125,8.294,
0,24,,,6.3877105712890625,33.61572265625001,279.56054687500006,0.047805937500000006,5.2626953125,8.328,
0,24,,,6.374168395996094,33.5455322265625,280.615234375,0.047805937500000006,5.2626953125,8.362,
0,24,,,6.355857849121094,33.44970703125001,281.77734375,0.0476684375,5.262890625000001,8.396,
0,24,,,6.355857849121094,33.44970703125001,282.94921875,0.047914687500000004,5.2625,8.43,
0,24,,,6.388664245605469,33.6199951171875,284.111328125,0.047914687500000004,5.2625,8.464,
0,24,,,6.386184692382813,33.6065673828125,285.17578125000006,0.0478965625,5.2623046875,8.498,
0,24,,,6.386184692382813,33.6065673828125,286.33789062500006,0.0479440625,5.2625,8.532,
0,24,,,6.392478942871094,33.64074707031251,287.50000000000006,0.0479440625,5.2625,8.566,
0,24,,,6.35662078857422,33.45031738281251,288.66210937500006,0.04767468750000001,5.2623046875,8.6,
0,24,,,6.35662078857422,33.45031738281251,289.833984375,0.047901875000000003,5.262890625000001,8.634,
0,24,,,6.386947631835938,33.61328125000001,290.88867187500006,0.047901875000000003,5.262890625000001,8.668,
0,24,,,6.38580322265625,33.6065673828125,292.06054687500006,0.047893437500000004,5.2626953125,8.702,
0,24,,,6.38580322265625,33.6065673828125,293.22265625000006,0.047945625000000006,5.2630859375000005,8.736,
0,24,,,6.392860412597657,33.6456298828125,294.39453125000006,0.047945625000000006,5.2630859375000005,8.77,
0,24,,,6.379890441894531,33.57971191406251,295.44921875,0.047849375000000006,5.2634765625,8.804,
0,24,,,6.3884735107421875,33.619384765625,296.62109375,0.04791406250000001,5.2625,8.838,
0,24,,,6.3884735107421875,33.619384765625,297.783203125,0.04791406250000001,5.2625,8.872,
0,24,,,6.381225585937501,33.58276367187501,298.94531250000006,0.0478584375,5.262890625000001,8.906,
0,24,,,6.39495849609375,33.65539550781251,300.11718750000006,0.047961562500000006,5.262890625000001,8.94,
0,24,,,6.39495849609375,33.65539550781251,301.18164062500006,0.047961562500000006,5.262890625000001,8.974,
0,24,,,6.371307373046875,33.5302734375,302.34375,0.047785,5.2626953125,9.008,
0,24,,,6.4037322998046875,33.70117187500001,303.515625,0.048028125000000005,5.2626953125,9.042,
0,24,,,6.4037322998046875,33.70117187500001,304.677734375,0.048028125000000005,5.2626953125,9.076,
0,24,,,6.40106201171875,33.68408203125,305.74218750000006,0.0480075,5.2623046875,9.11,
0,24,,,6.358146667480469,33.46069335937501,306.90429687500006,0.047685625,5.2626953125,9.144,
0,24,,,6.358146667480469,33.46069335937501,308.06640625000006,0.047685625,5.2626953125,9.178,
0,24,,,6.393623352050782,33.651123046875,309.23828125000006,0.04795125,5.26328125,9.212,
0,24,,,6.411933898925782,33.7451171875,310.302734375,0.048089687500000006,5.262890625000001,9.246,
0,24,,,6.411933898925782,33.7451171875,311.47460937500006,0.048089687500000006,5.262890625000001,9.28,
0,24,,,6.39476776123047,33.65295410156251,312.64648437500006,0.04796062500000001,5.2625,9.314,
0,24,,,6.397056579589844,33.6669921875,313.80859375000006,0.047977500000000006,5.2630859375000005,9.348,
0,24,,,6.397056579589844,33.6669921875,314.87304687500006,0.047977500000000006,5.2630859375000005,9.382,
0,24,,,6.3724517822265625,33.53698730468751,316.03515625000006,0.0477934375,5.262890625000001,9.416,
0,24,,,6.398200988769531,33.673095703125,317.19726562500006,0.047986875000000005,5.262890625000001,9.45,
0,24,,,6.398200988769531,33.673095703125,318.36914062500006,0.047986875000000005,5.262890625000001,9.484,
0,24,,,6.398582458496095,33.6737060546875,319.54101562500006,0.0479884375,5.2626953125,9.518,
0,24,,,6.38275146484375,33.59191894531251,320.595703125,0.04787062500000001,5.262890625000001,9.552,
0,24,,,6.38275146484375,33.59191894531251,321.767578125,0.04787062500000001,5.262890625000001,9.586,
0,24,,,6.396293640136719,33.66271972656251,322.93945312500006,0.047972187500000006,5.262890625000001,9.62,
0,24,,,6.397819519042969,33.67187500000001,324.10156250000006,0.047983750000000006,5.2630859375000005,9.654,
0,24,,,6.397819519042969,33.67187500000001,325.166015625,0.047983750000000006,5.2630859375000005,9.688,
0,24,,,6.380653381347656,33.5760498046875,326.32812500000006,0.04785468750000001,5.2623046875,9.722,
0,24,,,6.381225585937501,33.58276367187501,327.490234375,0.0478584375,5.262890625000001,9.755,
0,24,,,6.381225585937501,33.58276367187501,328.65234375,0.0478584375,5.262890625000001,9.789,
0,24,,,6.368064880371095,33.5162353515625,329.71679687500006,0.047760312500000006,5.26328125,9.823,
0,24,,,6.385612487792969,33.60595703125,330.87890625000006,0.0478921875,5.2626953125,9.857,
0,24,,,6.385612487792969,33.60595703125,332.04101562500006,0.0478921875,5.2626953125,9.891,
0,24,,,6.376647949218751,33.55529785156251,333.21289062500006,0.04782406250000001,5.2623046875,9.926,
0,24,,,6.3892364501953125,33.623046875,334.38476562500006,0.04791875,5.2625,9.96,
0,24,,,6.3892364501953125,33.623046875,335.439453125,0.04791875,5.2626953125,9.994,
0,25,,,6.343078613281251,33.382568359375,339.96093750000006,0.047572812500000006,5.262890625000001,10.128,
0,25,,,6.25743865966797,32.9339599609375,341.103515625,0.046930000000000006,5.26328125,10.162,
0,25,,,6.25743865966797,32.9339599609375,342.24609375000006,0.046770625,5.2630859375000005,10.196,
0,25,,,6.236076354980469,32.8216552734375,343.28125000000006,0.046770625,5.2630859375000005,10.23,
0,25,,,6.223487854003906,32.7532958984375,344.41406250000006,0.0466759375,5.262890625000001,10.264,
0,25,,,6.223487854003906,32.7532958984375,345.556640625,0.046834687500000007,5.26328125,10.298,
0,25,,,6.244659423828125,32.86682128906251,346.69921875000006,0.046834687500000007,5.26328125,10.332,
0,25,,,6.233024597167969,32.80456542968751,347.73437500000006,0.046747812500000006,5.2630859375000005,10.366,
0,25,,,6.233024597167969,32.80456542968751,348.876953125,0.046979375000000004,5.262890625000001,10.4,
0,25,,,6.263923645019532,32.9656982421875,350.01953125000006,0.046979375000000004,5.262890625000001,10.434,
0,25,,,6.25,32.894287109375,351.16210937500006,0.04687500000000001,5.2630859375000005,10.468,
0,25,,,6.25,32.894287109375,352.294921875,0.04679656250000001,5.2630859375000005,10.502,
0,25,,,6.239509582519531,32.83935546875001,353.33007812500006,0.04679656250000001,5.2630859375000005,10.536,
0,25,,,6.241035461425782,32.84545898437501,354.47265625,0.046808125000000006,5.262890625000001,10.57,
0,25,,,6.241035461425782,32.84545898437501,355.61523437500006,0.04676625,5.262890625000001,10.604,
0,25,,,6.235504150390626,32.81616210937501,356.74804687500006,0.04676625,5.262890625000001,10.638,
0,25,,,6.230735778808595,32.7911376953125,357.78320312500006,0.046729375000000004,5.262890625000001,10.672,
0,25,,,6.2347412109375,32.8125,358.92578125,0.04676062500000001,5.262890625000001,10.706,
0,25,,,6.2347412109375,32.8125,360.06835937500006,0.04676062500000001,5.262890625000001,10.74,
0,25,,,6.246948242187501,32.87841796875001,361.21093750000006,0.046851562500000006,5.26328125,10.774,
0,25,,,6.222343444824219,32.74780273437501,362.23632812500006,0.046666875000000003,5.2630859375000005,10.808,
0,25,,,6.222343444824219,32.74780273437501,363.37890625,0.046666875000000003,5.2630859375000005,10.842,
0,25,,,6.246948242187501,32.87841796875001,364.52148437500006,0.046851875,5.2630859375000005,10.876,
0,25,,,6.231117248535156,32.79541015625,365.65429687500006,0.046732812500000005,5.26328125,10.91,
0,25,,,6.231117248535156,32.79541015625,366.796875,0.046732812500000005,5.26328125,10.944,
0,25,,,6.228446960449219,32.7801513671875,367.83203125000006,0.0467134375,5.2630859375000005,10.978,
0,25,,,6.256866455078125,32.92907714843751,368.97460937500006,0.04692625,5.262890625000001,11.012,
0,25,,,6.256866455078125,32.92907714843751,370.1171875,0.04692625,5.262890625000001,11.046,
0,25,,,6.244659423828125,32.864990234375,371.25000000000006,0.046835,5.262890625000001,11.081,
0,25,,,6.2351226806640625,32.81616210937501,372.39257812500006,0.04676375000000001,5.2630859375000005,11.115,
0,25,,,6.2351226806640625,32.81616210937501,373.42773437500006,0.04676375000000001,5.2630859375000005,11.149,
0,25,,,6.2427520751953125,32.85400390625001,374.57031250000006,0.04682,5.262890625000001,11.183,
0,25,,,6.243324279785156,32.857666015625,375.712890625,0.046824062500000006,5.262890625000001,11.217,
0,25,,,6.243324279785156,32.857666015625,376.84570312500006,0.046824062500000006,5.262890625000001,11.251,
0,25,,,6.24237060546875,32.85400390625001,377.98828125000006,0.046818125,5.2630859375000005,11.285,
0,25,,,6.246185302734375,32.8729248046875,379.02343750000006,0.046845937500000004,5.262890625000001,11.319,
0,25,,,6.246185302734375,32.8729248046875,380.166015625,0.046845937500000004,5.262890625000001,11.353,
0,25,,,6.25743865966797,32.9339599609375,381.30859375000006,0.0469303125,5.26328125,11.387,
0,25,,,6.237220764160157,32.833251953125,382.45117187500006,0.046778437500000006,5.2642578125,11.421,
0,25,,,6.237220764160157,32.833251953125,383.48632812500006,0.046778437500000006,5.2642578125,11.455,
0,25,,,6.248664855957032,32.889404296875,384.62890625000006,0.046864062500000005,5.2634765625,11.489,
0,25,,,6.256294250488282,32.92358398437501,385.77148437500006,0.04692156250000001,5.2625,11.523,
0,25,,,6.256294250488282,32.92358398437501,386.90429687500006,0.04692156250000001,5.2625,11.557,
0,25,,,6.22711181640625,32.7728271484375,387.94921875000006,0.04670343750000001,5.262890625000001,11.591,
0,25,,,6.240653991699219,32.8436279296875,389.08203125000006,0.046805000000000006,5.262890625000001,11.625,
0,25,,,6.240653991699219,32.8436279296875,390.22460937500006,0.046805000000000006,5.262890625000001,11.659,
0,25,,,6.246376037597656,32.872314453125,391.36718750000006,0.0468478125,5.2626953125,11.693,
0,25,,,6.243133544921876,32.8570556640625,392.50976562500006,0.0468234375,5.262890625000001,11.727,
0,25,,,6.243133544921876,32.8570556640625,393.544921875,0.0468234375,5.2625,11.761,
0,25,,,6.232261657714844,32.7978515625,394.67773437500006,0.046741875,5.2625,11.795,
0,25,,,6.248855590820313,32.88818359375,395.83007812500006,0.04686656250000001,5.2630859375000005,11.829,
0,25,,,6.248855590820313,32.88818359375,396.97265625,0.04686656250000001,5.262890625000001,11.863,
0,25,,,6.254005432128906,32.91381835937501,397.998046875,0.046905,5.262890625000001,11.897,
0,25,,,6.221199035644532,32.744140625,399.140625,0.046659375,5.26328125,11.931,
0,25,,,6.221199035644532,32.744140625,400.2832031250001,0.0468359375,5.2630859375000005,11.965,
0,25,,,6.244850158691407,32.86682128906251,401.42578125000006,0.0468359375,5.2630859375000005,11.999,
0,25,,,6.2427520751953125,32.85583496093751,402.4609375,0.04682,5.2630859375000005,12.033,
0,25,,,6.2427520751953125,32.85583496093751,403.60351562500006,0.04688562500000001,5.26328125,12.067,
0,25,,,6.251525878906251,32.90283203125,404.73632812500006,0.04688562500000001,5.26328125,12.101,
0,25,,,6.225776672363282,32.7655029296875,405.87890625,0.046692500000000005,5.262890625000001,12.135,
0,25,,,6.225776672363282,32.7655029296875,407.02148437500006,0.046936250000000006,5.26328125,12.169,
0,25,,,6.258201599121095,32.93823242187501,408.056640625,0.046936250000000006,5.26328125,12.203,
0,25,,,6.241607666015625,32.8509521484375,409.19921875,0.046811875,5.26328125,12.237,
0,25,,,6.241607666015625,32.8509521484375,410.34179687500006,0.046840937500000006,5.26328125,12.271,
0,25,,,6.24542236328125,32.8717041015625,411.48437500000006,0.046840937500000006,5.26328125,12.305,
0,25,,,6.244087219238282,32.86315917968751,412.51953125,0.046830312500000006,5.2630859375000005,12.339,
0,25,,,6.262397766113281,32.96142578125001,413.6621093750001,0.046968125000000006,5.2634765625,12.373,
0,25,,,6.262397766113281,32.96142578125001,414.794921875,0.046968125000000006,5.2634765625,12.407,
0,25,,,6.2290191650390625,32.78320312500001,415.9375,0.046717812500000004,5.262890625000001,12.441,
0,25,,,6.241798400878906,32.8509521484375,417.0800781250001,0.046813437500000006,5.2630859375000005,12.475,
0,25,,,6.241798400878906,32.8509521484375,418.11523437500006,0.046813437500000006,5.2630859375000005,12.509,
0,25,,,6.235694885253906,32.8155517578125,419.24804687500006,0.046767812500000006,5.2625,12.543,
0,25,,,6.2408447265625,32.8424072265625,420.390625,0.0468065625,5.2625,12.577,
0,25,,,6.2408447265625,32.8424072265625,421.5234375000001,0.0468065625,5.2625,12.611,
0,25,,,6.21929168701172,32.73071289062501,422.55859375000006,0.046644687500000004,5.2626953125,12.645,
0,25,,,6.225395202636719,32.7606201171875,423.701171875,0.046690312500000004,5.2625,12.679,
0,25,,,6.225395202636719,32.7606201171875,424.84375000000006,0.046690312500000004,5.2625,12.713,
0,25,,,6.257820129394531,32.9339599609375,425.98632812500006,0.046932812500000004,5.262890625000001,12.747,
0,25,,,6.2519073486328125,32.904052734375,427.021484375,0.046889687500000006,5.2630859375000005,12.781,
0,25,,,6.2519073486328125,32.904052734375,428.16406250000006,0.046889687500000006,5.2630859375000005,12.815,
0,25,,,6.266784667968751,32.9833984375,429.30664062500006,0.0470003125,5.26328125,12.849,
0,25,,,6.237030029296875,32.8271484375,430.44921875000006,0.046776875,5.2634765625,12.883,
0,25,,,6.237030029296875,32.8271484375,431.4843750000001,0.046776875,5.2634765625,12.917,
0,25,,,6.2595367431640625,32.9425048828125,432.62695312500006,0.046946562500000004,5.262890625000001,12.951,
0,25,,,6.233406066894532,32.80944824218751,433.76953125000006,0.04675000000000001,5.263671875,12.985,
0,25,,,6.233406066894532,32.80944824218751,434.9023437500001,0.04675000000000001,5.263671875,13.019,
0,25,,,6.218910217285156,32.7301025390625,436.04492187500006,0.0466421875,5.2630859375000005,13.053,
0,25,,,6.252288818359375,32.90771484375001,437.080078125,0.046891875000000006,5.2634765625,13.087,
0,25,,,6.252288818359375,32.90771484375001,438.22265625000006,0.046891875000000006,5.2634765625,13.121,
0,25,,,6.229209899902344,32.78442382812501,439.35546875000006,0.046719375,5.2630859375000005,13.155,
0,25,,,6.239891052246094,32.84057617187501,440.498046875,0.046798437500000005,5.2630859375000005,13.189,
0,25,,,6.239891052246094,32.84057617187501,441.64062500000006,0.046798437500000005,5.2630859375000005,13.223,
0,25,,,6.243133544921876,32.8564453125,442.67578125,0.046823750000000004,5.2626953125,13.257,
0,25,,,6.242561340332031,32.85339355468751,443.818359375,0.046819687500000005,5.2626953125,13.291,
0,25,,,6.242561340332031,32.85339355468751,444.9609375000001,0.046819687500000005,5.2626953125,13.325,
0,25,,,6.254768371582031,32.9193115234375,446.10351562500006,0.04691000000000001,5.2630859375000005,13.359,
0,25,,,6.243896484375001,32.860107421875,447.138671875,0.046829062500000004,5.262890625000001,13.393,
0,25,,,6.243896484375001,32.860107421875,448.27148437500006,0.046829062500000004,5.26328125,13.427,
0,25,,,6.232643127441407,32.80456542968751,449.41406250000006,0.04674468750000001,5.26328125,13.461,
0,25,,,6.241416931152344,32.85034179687501,450.556640625,0.046810937500000004,5.26328125,13.495,
0,25,,,6.241416931152344,32.85034179687501,451.59179687500006,0.046810937500000004,5.26328125,13.529,
0,25,,,6.239509582519531,32.83996582031251,452.7246093750001,0.046795312500000005,5.26328125,13.563,
0,25,,,6.231880187988281,32.796630859375,453.86718750000006,0.04673875,5.2626953125,13.597,
0,26,,,6.346893310546876,33.40270996093751,458.39843750000006,0.048195312500000004,5.2630859375000005,13.731,
0,26,,,6.426048278808595,33.8201904296875,459.51171875000006,0.048195312500000004,5.2630859375000005,13.765,
0,26,,,6.699180603027344,35.25085449218751,460.73242187500006,0.0502434375,5.261914062500001,13.799,
0,26,,,6.699180603027344,35.25085449218751,461.95312500000006,0.050175625,5.261914062500001,13.833,
0,26,,,6.690216064453126,35.2020263671875,463.18359375,0.050175625,5.261914062500001,13.867,
0,26,,,6.6905975341796875,35.2099609375,464.29687500000006,0.050178437500000006,5.2626953125,13.901,
0,26,,,6.6905975341796875,35.2099609375,465.51757812500006,0.05032375000000001,5.26171875,13.935,
0,26,,,6.709861755371094,35.30517578125,466.74804687500006,0.05032375000000001,5.26171875,13.969,
0,26,,,6.7325592041015625,35.42724609375,467.96875000000006,0.0504934375,5.2621093750000005,14.003,
0,26,,,6.7325592041015625,35.42724609375,469.091796875,0.050344375000000004,5.2623046875,14.037,
0,26,,,6.7127227783203125,35.3228759765625,470.3125,0.050344375000000004,5.2623046875,14.071,
0,26,,,6.716156005859376,35.34057617187501,471.54296875000006,0.0503715625,5.261914062500001,14.105,
0,26,,,6.716156005859376,35.34057617187501,472.7734375,0.050501250000000004,5.2625,14.139,
0,26,,,6.733512878417969,35.43457031250001,474.00390625000006,0.050501250000000004,5.2625,14.173,
0,26,,,6.729698181152344,35.40893554687501,475.1171875,0.0504721875,5.26171875,14.207,
0,26,,,6.729698181152344,35.49133300781251,476.34765625000006,0.050584375,5.2621093750000005,14.241,
0,26,,,6.744575500488282,35.49133300781251,477.587890625,0.050584375,5.2621093750000005,14.275,
0,26,,,6.7424774169921875,35.48034667968751,478.81835937500006,0.05056875,5.2623046875,14.309,
0,26,,,6.755638122558594,35.550537109375,480.0488281250001,0.050667812500000006,5.2623046875,14.344,
0,26,,,6.755638122558594,35.550537109375,481.16210937500006,0.050667812500000006,5.2623046875,14.378,
0,26,,,6.710433959960938,35.31066894531251,482.39257812500006,0.050327500000000004,5.2621093750000005,14.412,
0,26,,,6.705474853515626,35.2862548828125,483.61328125000006,0.050290625000000005,5.2623046875,14.446,
0,26,,,6.705474853515626,35.2862548828125,484.84375,0.050290625000000005,5.2623046875,14.48,
0,26,,,6.706809997558594,35.29052734375,485.94726562500006,0.050301250000000006,5.261914062500001,14.514,
0,26,,,6.696128845214845,35.23620605468751,487.1777343750001,0.0502203125,5.2623046875,14.548,
0,26,,,6.696128845214845,35.23620605468751,488.3984375000001,0.0502203125,5.2623046875,14.582,
0,26,,,6.70318603515625,35.272216796875,489.6191406250001,0.0502740625,5.261914062500001,14.615,
0,26,,,6.68487548828125,35.1776123046875,490.73242187500006,0.050136875000000004,5.2623046875,14.649,
0,26,,,6.68487548828125,35.1776123046875,491.89453125000006,0.050136875000000004,5.2623046875,14.683,
0,26,,,6.3751220703125,33.55224609375001,493.0371093750001,0.0478128125,5.2630859375000005,14.717,
0,26,,,6.221199035644532,32.74108886718751,494.16992187500006,0.046658750000000006,5.262890625000001,14.751,
0,26,,,6.221199035644532,32.74108886718751,495.2050781250001,0.046658750000000006,5.262890625000001,14.785,
0,26,,,6.192588806152345,32.59033203125,496.337890625,0.046443437500000004,5.262890625000001,14.819,
0,26,,,6.221199035644532,32.74108886718751,497.47070312500006,0.046658437500000004,5.262890625000001,14.853,
0,26,,,6.221199035644532,32.74108886718751,498.6035156250001,0.046658437500000004,5.262890625000001,14.887,
0,26,,,6.206703186035157,32.66418457031251,499.736328125,0.046549687500000006,5.262890625000001,14.921,
0,26,,,6.214714050292969,32.708740234375,500.77148437500006,0.046610625,5.2630859375000005,14.955,
0,26,,,6.214714050292969,32.708740234375,501.90429687500006,0.046610625,5.2630859375000005,14.989,
0,26,,,6.225395202636719,32.7667236328125,503.037109375,0.046690625000000006,5.26328125,15.023,
0,26,,,6.206512451171875,32.6666259765625,504.17968750000006,0.046548437500000005,5.26328125,15.057,
0,26,,,6.206512451171875,32.6666259765625,505.21484375000006,0.046548437500000005,5.26328125,15.091,
0,26,,,6.232643127441407,32.803955078125,506.34765625,0.04674468750000001,5.26328125,15.125,
0,26,,,6.208038330078125,32.67333984375,507.48046875000006,0.046560625,5.2630859375000005,15.159,
0,26,,,6.208038330078125,32.67333984375,508.61328125000006,0.046560625,5.2630859375000005,15.193,
0,26,,,6.198120117187501,32.6202392578125,509.6484375,0.0464853125,5.2630859375000005,15.227,
0,26,,,6.222915649414063,32.75146484375,510.78125000000006,0.046671875,5.2630859375000005,15.261,
0,26,,,6.222915649414063,32.75146484375,511.91406250000006,0.046671875,5.2630859375000005,15.295,
0,26,,,6.229400634765625,32.78320312500001,513.06640625,0.04672031250000001,5.2626953125,15.329,
0,26,,,6.235504150390626,32.81616210937501,514.0917968750001,0.046766875000000006,5.262890625000001,15.363,
0,26,,,6.235504150390626,32.81616210937501,515.234375,0.046766875000000006,5.2630859375000005,15.398,
0,26,,,6.2244415283203125,32.76000976562501,516.3671875000001,0.0466834375,5.2630859375000005,15.432,
0,26,,,6.2129974365234375,32.696533203125,517.5000000000001,0.046597187500000005,5.2626953125,15.466,
0,26,,,6.2129974365234375,32.696533203125,518.642578125,0.046646875000000004,5.262890625000001,15.499,
0,26,,,6.219673156738281,32.73254394531251,519.775390625,0.046646875000000004,5.262890625000001,15.534,
0,26,,,6.229591369628907,32.78625488281251,520.8105468750001,0.046720937500000004,5.2630859375000005,15.567,
0,26,,,6.229591369628907,32.78625488281251,521.9433593750001,0.046480625000000005,5.26328125,15.601,
0,26,,,6.197357177734376,32.61840820312501,523.0664062500001,0.046480625000000005,5.26328125,15.635,
0,26,,,6.182098388671876,32.5360107421875,524.1992187500001,0.046365625,5.2630859375000005,15.669,
0,26,,,6.182098388671876,32.5360107421875,525.224609375,0.046393125,5.262890625000001,15.703,
0,26,,,6.18572235107422,32.554931640625,526.3574218750001,0.046393125,5.262890625000001,15.737,
0,26,,,6.2168121337890625,32.71667480468751,527.5000000000001,0.046625625000000004,5.2626953125,15.771,
0,26,,,6.2168121337890625,32.71667480468751,528.6328125,0.0465375,5.2630859375000005,15.805,
0,26,,,6.204986572265626,32.65686035156251,529.66796875,0.0465375,5.2630859375000005,15.839,
0,26,,,6.215095520019531,32.70935058593751,530.7910156250001,0.0466128125,5.262890625000001,15.873,
0,26,,,6.215095520019531,32.63061523437501,531.923828125,0.046494375000000004,5.263671875,15.907,
0,26,,,6.199264526367188,32.63061523437501,533.06640625,0.046494375000000004,5.263671875,15.941,
0,26,,,6.2198638916015625,32.7349853515625,534.0917968750001,0.04664937500000001,5.2630859375000005,15.975,
0,26,,,6.189537048339845,32.5762939453125,535.224609375,0.046421250000000004,5.2630859375000005,16.009,
0,26,,,6.189537048339845,32.5762939453125,536.357421875,0.046421250000000004,5.2630859375000005,16.043,
0,26,,,6.188392639160156,32.5701904296875,537.48046875,0.04641218750000001,5.26328125,16.077,
0,26,,,6.178474426269531,32.51831054687501,538.6132812500001,0.046337812500000006,5.26328125,16.111,
0,26,,,6.178474426269531,32.51831054687501,539.6484375,0.046337812500000006,5.26328125,16.145,
0,26,,,6.21490478515625,32.708740234375,540.7812500000001,0.046612187500000006,5.262890625000001,16.179,
0,26,,,6.219482421875,32.73315429687501,541.9140625000001,0.04664625000000001,5.2630859375000005,16.213,
0,26,,,6.219482421875,32.73315429687501,543.046875,0.04664625000000001,5.2630859375000005,16.247,
0,26,,,6.194114685058594,32.60009765625001,544.072265625,0.046456250000000004,5.2630859375000005,16.281,
0,26,,,6.18438720703125,32.54760742187501,545.2050781250001,0.046383125000000004,5.262890625000001,16.315,
0,26,,,6.18438720703125,32.54760742187501,546.337890625,0.046383125000000004,5.262890625000001,16.349,
0,26,,,6.214714050292969,32.70812988281251,547.4804687500001,0.046610937500000005,5.262890625000001,16.383,
0,26,,,6.210136413574219,32.68554687500001,548.5058593750001,0.0465753125,5.2634765625,16.417,
0,27,,,6.337928771972656,33.35632324218751,553.0859375,0.0475340625,5.2630859375000005,16.552,
0,27,,,6.60858154296875,34.77844238281251,554.296875,0.049564375,5.2626953125,16.586,
0,27,,,6.6013336181640625,34.7369384765625,555.5078125,0.0495096875,5.2621093750000005,16.62,
0,27,,,6.6013336181640625,34.7369384765625,556.708984375,0.0495096875,5.2621093750000005,16.654,
0,27,,,6.621551513671876,34.847412109375,557.802734375,0.049661250000000004,5.2626953125,16.688,
0,28,,,6.473350524902344,34.0704345703125,562.3925781250001,0.048550312500000005,5.26328125,16.822,
0,28,,,6.473350524902344,34.0704345703125,563.564453125,0.048550312500000005,5.26328125,16.856,
0,28,,,6.459426879882813,33.994140625,564.6484375,0.048445312500000004,5.2626953125,16.89,
0,28,,,6.513023376464845,34.27368164062501,565.8300781250001,0.048846875000000005,5.2625,16.924,
0,28,,,6.513023376464845,34.27368164062501,567.0312500000001,0.048846875000000005,5.2625,16.958,
0,28,,,6.529808044433594,34.36340332031251,568.212890625,0.048974062500000005,5.2625,16.992,
0,28,,,6.534957885742188,34.3902587890625,569.4140625,0.04901250000000001,5.2625,17.026,
0,28,,,6.534957885742188,34.3902587890625,570.4785156250001,0.04901250000000001,5.2625,17.06,
0,28,,,6.4884185791015625,34.14489746093751,571.6894531250001,0.0486621875,5.2625,17.094,
0,28,,,6.50157928466797,34.21752929687501,572.861328125,0.048761250000000006,5.2630859375000005,17.128,
0,28,,,6.50157928466797,34.21752929687501,574.0625,0.048761250000000006,5.2630859375000005,17.162,
0,28,,,6.535530090332031,34.39453125000001,575.13671875,0.0490159375,5.2626953125,17.196,
0,28,,,6.5685272216796875,34.566650390625,576.3476562500001,0.049263125000000005,5.2625,17.23,
0,28,,,6.5685272216796875,34.566650390625,577.51953125,0.049263125000000005,5.2625,17.264,
0,28,,,6.48326873779297,34.117431640625,578.720703125,0.048624375000000004,5.2625,17.298,
0,28,,,6.50920867919922,34.25415039062501,579.794921875,0.0488190625,5.2625,17.332,
0,28,,,6.50920867919922,34.25415039062501,580.99609375,0.0488190625,5.2625,17.366,
0,28,,,6.535530090332031,34.39208984375,582.177734375,0.04901562500000001,5.2625,17.4,
0,28,,,6.542205810546875,34.42504882812501,583.37890625,0.049065625,5.2621093750000005,17.434,
0,28,,,6.542205810546875,34.42504882812501,584.560546875,0.048446562500000005,5.2625,17.469,
0,29,,,6.426239013671876,33.82446289062501,588.1738281250001,0.0481971875,5.2634765625,17.578,
0,29,,,6.426239013671876,33.82446289062501,589.3750000000001,0.0481971875,5.2634765625,17.612,
0,29,,,6.572532653808594,34.5880126953125,590.5664062500001,0.04929312500000001,5.2626953125,17.646,
0,29,,,6.565666198730469,34.5526123046875,591.7675781250001,0.049242187500000006,5.2626953125,17.68,
0,29,,,6.565666198730469,34.5526123046875,592.861328125,0.049242187500000006,5.2626953125,17.714,
0,29,,,6.575012207031251,34.5977783203125,594.0625,0.049311875000000005,5.2621093750000005,17.748,
0,29,,,6.575202941894531,34.600830078125,595.2636718750001,0.049314062500000005,5.2623046875,17.782,
0,29,,,6.575202941894531,34.600830078125,596.4648437500001,0.049314062500000005,5.2623046875,17.816,
0,29,,,6.5670013427734375,34.55688476562501,597.6660156250001,0.049251562500000005,5.2623046875,17.85,
0,29,,,6.582069396972656,34.642333984375,598.7500000000001,0.049365000000000006,5.26328125,17.884,
0,29,,,6.582069396972656,34.642333984375,599.951171875,0.049365000000000006,5.26328125,17.918,
0,0,,,,,,,,,10000085
0,1,,,,,,,,,1173795
0,2,,,,,,,,,899070
0,3,,,,,,,,,57560
0,4,,,,,,,,,223745
0,5,,,,,,,,,120540
0,6,,,,,,,,,10000085
0,7,,,,,,,,,1408555
0,8,,,,,,,,,1078885
0,9,,,,,,,,,69070
0,10,,,,,,,,,268495
0,11,,,,,,,,,144650
0,12,,,,,,,,,10000084
0,13,,,,,,,,,1760690
0,14,,,,,,,,,1348600
0,15,,,,,,,,,86340
0,16,,,,,,,,,335615
0,17,,,,,,,,,180810
0,18,,,,,,,,,10000084
0,19,,,,,,,,,2347585
0,20,,,,,,,,,1798135
0,21,,,,,,,,,115120
0,22,,,,,,,,,447490
0,23,,,,,,,,,241080
0,24,,,,,,,,,10000090
0,25,,,,,,,,,3521380
0,26,,,,,,,,,2697204
0,27,,,,,,,,,172680
0,28,,,,,,,,,671235
0,29,,,,,,,,,361619
