iteration_num,expe_num,validation_result,clock_freq,current_sample,power_sample,energy_sample,shunt_voltage_sample,bus_voltage_sample,current_timestamp,timing_sample
0,0,,,14.499282836914062,75.88012695312501,1.4355468750000002,0.10874343750000001,5.2333984375,0.026,
0,0,,,14.499282836914062,75.88012695312501,3.8281250000000004,0.10874343750000001,5.2330078125,0.06,
0,0,,,14.501953125000002,75.88745117187501,6.464843750000001,0.10876281250000001,5.2330078125,0.094,
0,0,,,14.497947692871094,75.86486816406251,9.091796875,0.10873375,5.2328125000000005,0.128,
0,0,,,14.497947692871094,75.86486816406251,11.71875,0.1084434375,5.2322265625,0.162,
0,0,,,14.459419250488283,75.65490722656251,14.345703125000002,0.1084434375,5.2322265625,0.196,
0,0,,,14.448738098144531,75.61218261718751,16.728515625000004,0.10836406250000001,5.233203125,0.23,
0,0,,,14.448738098144531,75.61218261718751,19.345703125000004,0.108115625,5.2333984375,0.264,
0,0,,,14.415550231933596,75.44189453125001,21.962890625000004,0.108115625,5.2333984375,0.298,
0,0,,,14.413070678710938,75.42480468750001,24.580078125,0.10809687500000001,5.2330078125,0.332,
0,0,,,14.413070678710938,75.42480468750001,26.962890625000004,0.10796437500000002,5.2333984375,0.366,
0,0,,,14.395523071289064,75.33569335937501,29.5703125,0.10796437500000002,5.2333984375,0.4,
0,0,,,14.398193359375,75.347900390625,32.1875,0.10798531250000001,5.233203125,0.434,
0,0,,,14.398193359375,75.347900390625,34.814453125,0.10817718750000001,5.2328125000000005,0.468,
0,0,,,14.42375183105469,75.47729492187501,37.43164062500001,0.10817718750000001,5.2328125000000005,0.502,
0,0,,,14.425849914550781,75.49255371093751,39.81445312500001,0.10819281250000001,5.233203125,0.536,
0,0,,,14.423370361328125,75.482177734375,42.431640625,0.10817343750000001,5.2333984375,0.57,
0,0,,,14.423370361328125,75.482177734375,45.05859375000001,0.10817343750000001,5.2333984375,0.604,
0,0,,,14.419746398925781,75.462646484375,47.67578125000001,0.108146875,5.2333984375,0.638,
0,0,,,14.424324035644531,75.48400878906251,50.05859375000001,0.10818156250000001,5.2330078125,0.672,
0,0,,,14.424324035644531,75.48400878906251,52.67578125,0.10818156250000001,5.2330078125,0.706,
0,0,,,14.431190490722656,75.52307128906251,55.29296875000001,0.10823250000000001,5.2333984375,0.74,
0,0,,,14.422035217285156,75.469970703125,57.919921875,0.10816375,5.2330078125,0.774,
0,0,,,14.422035217285156,75.469970703125,60.302734375,0.10816375,5.2330078125,0.808,
0,0,,,14.426040649414064,75.49377441406251,62.91992187500001,0.10819375,5.233203125,0.842,
0,0,,,14.421653747558594,75.47180175781251,65.537109375,0.10816031250000001,5.233203125,0.876,
0,0,,,14.421653747558594,75.47180175781251,68.1640625,0.10816031250000001,5.233203125,0.91,
0,0,,,14.431762695312502,75.528564453125,71.25976562500001,0.10823625,5.233593750000001,0.951,
0,0,,,14.429283142089844,75.5133056640625,73.876953125,0.10821875,5.2333984375,0.985,
0,0,,,14.429283142089844,75.5133056640625,76.25976562500001,0.10821875,5.2333984375,1.019,
0,0,,,14.4134521484375,75.43212890625,78.87695312500001,0.10810000000000002,5.2333984375,1.053,
0,0,,,14.412689208984377,75.42846679687501,81.494140625,0.10809375,5.233593750000001,1.087,
0,0,,,14.412689208984377,75.42846679687501,84.11132812500001,0.1081196875,5.233203125,1.121,
0,0,,,14.41612243652344,75.44372558593751,86.49414062500001,0.1081196875,5.233203125,1.155,
0,0,,,14.386367797851562,75.284423828125,89.10156250000001,0.10789562500000001,5.233203125,1.189,
0,0,,,14.386367797851562,75.284423828125,91.71875000000001,0.10791687500000001,5.2330078125,1.223,
0,0,,,14.3890380859375,75.299072265625,94.32617187500001,0.10791687500000001,5.2330078125,1.257,
0,0,,,14.35356140136719,75.11718750000001,96.69921875000001,0.10765000000000001,5.2333984375,1.291,
0,0,,,14.35356140136719,75.11718750000001,99.296875,0.10742812500000001,5.233593750000001,1.325,
0,0,,,14.323997497558596,74.9664306640625,101.89453125000001,0.10742812500000001,5.233593750000001,1.359,
0,0,,,14.326858520507814,74.9755859375,104.50195312500001,0.10744937500000001,5.233203125,1.393,
0,0,,,14.326858520507814,74.9755859375,107.09960937500001,0.10740468750000001,5.2330078125,1.427,
0,0,,,14.320755004882814,74.94079589843751,109.46289062500001,0.10740468750000001,5.2330078125,1.461,
0,0,,,14.307975769042969,74.87976074218751,112.07031250000001,0.1073078125,5.2333984375,1.495,
0,0,,,14.307975769042969,74.87976074218751,114.66796875000001,0.10742812500000001,5.2333984375,1.529,
0,0,,,14.323997497558596,74.96276855468751,117.265625,0.10742812500000001,5.2333984375,1.563,
0,0,,,14.314460754394533,74.91699218750001,119.63867187500001,0.10735625000000001,5.2337890625000005,1.597,
0,0,,,14.318084716796875,74.9359130859375,122.23632812500001,0.1073840625,5.233593750000001,1.631,
0,0,,,14.318084716796875,74.9359130859375,124.83398437500003,0.1073840625,5.233593750000001,1.665,
0,0,,,14.316558837890625,74.9237060546875,127.43164062500001,0.10737250000000001,5.2333984375,1.699,
0,0,,,14.322280883789062,74.94750976562501,129.80468750000003,0.10741625,5.2330078125,1.733,
0,0,,,14.322280883789062,74.94750976562501,132.40234375,0.10741625,5.2330078125,1.767,
0,0,,,14.300918579101562,74.844970703125,135.0,0.10725562500000001,5.233593750000001,1.801,
0,0,,,14.332962036132812,75.01647949218751,137.60742187500003,0.10749593750000001,5.2337890625000005,1.834,
0,0,,,14.332962036132812,75.01647949218751,139.970703125,0.10749593750000001,5.2337890625000005,1.868,
0,0,,,14.332008361816406,75.00427246093751,142.578125,0.10748906250000001,5.2333984375,1.902,
0,0,,,14.306259155273438,74.87548828125,145.17578125000003,0.1072953125,5.2337890625000005,1.936,
0,0,,,14.306259155273438,74.87548828125,147.77343750000003,0.1072953125,5.2337890625000005,1.971,
0,0,,,14.337348937988283,75.0274658203125,150.380859375,0.1075284375,5.2330078125,2.005,
0,0,,,14.330101013183594,74.99938964843751,152.98828125000003,0.10747375,5.2337890625000005,2.039,
0,0,,,14.330101013183594,74.99938964843751,155.35156250000003,0.10747375,5.2337890625000005,2.073,
0,0,,,14.315605163574219,74.92553710937501,157.94921875,0.10736593750000001,5.2337890625000005,2.107,
0,0,,,14.314651489257812,74.9151611328125,160.546875,0.10735843750000001,5.2333984375,2.141,
0,0,,,14.314651489257812,74.9151611328125,163.15429687500003,0.10735843750000001,5.2333984375,2.175,
0,0,,,14.328384399414064,74.98352050781251,165.517578125,0.10746187500000001,5.233203125,2.209,
0,0,,,14.32781219482422,74.98779296875001,168.12500000000003,0.1074565625,5.2337890625000005,2.243,
0,0,,,14.32781219482422,74.98779296875001,170.72265625000003,0.1074565625,5.2337890625000005,2.277,
0,0,,,14.319229125976564,74.93896484375,173.32031250000003,0.10739218750000001,5.233593750000001,2.311,
0,0,,,14.313316345214844,74.9139404296875,175.927734375,0.10734781250000001,5.233984375,2.345,
0,0,,,14.313316345214844,74.9139404296875,178.29101562500003,0.10734781250000001,5.233984375,2.379,
0,0,,,14.308357238769533,74.88098144531251,180.88867187500003,0.10731093750000001,5.2333984375,2.414,
0,0,,,14.325332641601562,74.97375488281251,183.48632812500003,0.10743812500000001,5.233593750000001,2.448,
0,0,,,14.325332641601562,74.97375488281251,186.09375000000003,0.10743812500000001,5.233593750000001,2.482,
0,0,,,14.310455322265625,74.89196777343751,188.69140625000003,0.1073275,5.2333984375,2.516,
0,0,,,14.305686950683594,74.86511230468751,191.05468750000003,0.10729125,5.233203125,2.55,
0,0,,,14.305686950683594,74.86511230468751,193.65234375,0.10729125,5.2333984375,2.584,
0,0,,,14.321327209472656,74.94995117187501,196.25000000000003,0.10740875000000001,5.2333984375,2.618,
0,0,,,14.313507080078127,74.908447265625,198.85742187500003,0.10735000000000001,5.2333984375,2.652,
0,0,,,14.313507080078127,74.908447265625,201.45507812500003,0.10735000000000001,5.2341796875,2.686,
0,0,,,14.32037353515625,74.95361328125001,203.818359375,0.10740093750000002,5.2341796875,2.72,
0,0,,,14.317131042480469,74.92736816406251,206.42578125000003,0.10737718750000001,5.2333984375,2.754,
0,0,,,14.317131042480469,74.92736816406251,209.02343750000003,0.10737250000000001,5.2333984375,2.788,
0,0,,,14.316558837890625,74.92431640625001,211.630859375,0.10737250000000001,5.2333984375,2.822,
0,0,,,14.334297180175781,75.01098632812501,213.99414062500003,0.10750562500000001,5.2330078125,2.856,
0,0,,,14.334297180175781,75.01098632812501,216.59179687500003,0.10742343750000001,5.2330078125,2.89,
0,0,,,14.323234558105469,74.95483398437501,219.19921875,0.10742343750000001,5.2330078125,2.924,
0,0,,,14.322471618652344,74.9615478515625,221.79687500000003,0.1074165625,5.233984375,2.959,
0,0,,,14.322471618652344,74.9615478515625,224.40429687500003,0.10743250000000001,5.2337890625000005,2.993,
0,0,,,14.32456970214844,74.97131347656251,227.01171875,0.10743250000000001,5.2337890625000005,3.028,
0,0,,,14.331626892089846,75.00854492187501,229.60937500000003,0.10748625,5.2337890625000005,3.062,
0,0,,,14.32170867919922,74.95361328125001,231.97265625000003,0.107411875,5.233593750000001,3.096,
0,0,,,14.32170867919922,74.95361328125001,234.57031250000003,0.107411875,5.233593750000001,3.13,
0,0,,,14.313888549804688,74.91699218750001,237.17773437500003,0.1073528125,5.233984375,3.164,
0,0,,,14.3280029296875,74.98352050781251,239.77539062500003,0.1074584375,5.2333984375,3.198,
0,0,,,14.3280029296875,74.98352050781251,242.14843750000003,0.1074584375,5.2333984375,3.232,
0,0,,,14.323616027832033,74.964599609375,244.74609375000003,0.1074265625,5.233593750000001,3.266,
0,0,,,14.325141906738281,74.96826171875001,247.35351562500003,0.10743781250000001,5.2333984375,3.3,
0,0,,,14.325141906738281,74.96826171875001,249.95117187500003,0.10743781250000001,5.2333984375,3.334,
0,0,,,14.316749572753906,74.9151611328125,252.54882812500006,0.10737437500000001,5.2328125000000005,3.368,
0,0,,,14.333915710449219,75.01159667968751,254.92187500000003,0.10750343750000001,5.233203125,3.402,
0,0,,,14.333915710449219,75.01159667968751,257.51953125,0.10750343750000001,5.233203125,3.436,
0,0,,,14.344978332519533,75.06958007812501,260.12695312500006,0.1075859375,5.233203125,3.47,
0,0,,,14.3157958984375,74.92248535156251,262.72460937500006,0.1073675,5.233593750000001,3.504,
0,0,,,14.3157958984375,74.92248535156251,265.33203125,0.1073675,5.233593750000001,3.538,
0,0,,,14.345169067382812,75.07812500000001,267.70507812500006,0.10758656250000001,5.2337890625000005,3.572,
0,0,,,14.3463134765625,75.07751464843751,270.3125,0.10759625,5.233203125,3.607,
0,0,,,14.3463134765625,75.07751464843751,272.919921875,0.10759625,5.233203125,3.641,
0,0,,,14.343643188476564,75.0677490234375,275.51757812500006,0.10757625000000001,5.233593750000001,3.675,
0,0,,,14.34459686279297,75.07446289062501,278.125,0.1075834375,5.233593750000001,3.709,
0,0,,,14.34459686279297,75.07446289062501,280.498046875,0.1075834375,5.233593750000001,3.743,
0,0,,,14.3524169921875,75.1129150390625,283.10546875000006,0.10764125000000001,5.233593750000001,3.777,
0,0,,,14.349937438964844,75.1007080078125,285.71289062500006,0.10762281250000001,5.233593750000001,3.811,
0,0,,,14.349937438964844,75.1007080078125,288.3203125,0.10762281250000001,5.233593750000001,3.845,
0,0,,,14.348411560058596,75.09704589843751,290.693359375,0.10761156250000001,5.2337890625000005,3.879,
0,0,,,14.356422424316408,75.13427734375,293.30078125000006,0.1076721875,5.233593750000001,3.913,
0,0,,,14.356422424316408,75.13427734375,295.90820312500006,0.1076721875,5.233984375,3.947,
0,0,,,14.35222625732422,75.11840820312501,298.515625,0.107640625,5.233984375,3.981,
0,0,,,14.351081848144531,75.101318359375,301.11328125000006,0.10763125000000001,5.233203125,4.015,
0,0,,,14.351081848144531,75.101318359375,303.48632812500006,0.10763125000000001,5.233593750000001,4.049,
0,0,,,14.340019226074219,75.04882812500001,306.09375000000006,0.10754812500000001,5.233593750000001,4.084,
0,0,,,14.351272583007814,75.1007080078125,308.70117187500006,0.10763281250000001,5.2330078125,4.118,
0,0,,,14.351272583007814,75.1007080078125,311.30859375000006,0.1076409375,5.2333984375,4.152,
0,0,,,14.35222625732422,75.10986328125001,313.91601562500006,0.1076409375,5.2333984375,4.186,
0,0,,,14.359283447265627,75.15258789062501,316.28906250000006,0.10769250000000001,5.2337890625000005,4.22,
0,0,,,14.359283447265627,75.15258789062501,318.896484375,0.10771875,5.233984375,4.254,
0,0,,,14.36271667480469,75.1727294921875,321.50390625,0.10771875,5.233984375,4.288,
0,0,,,14.371299743652346,75.21362304687501,324.12109375000006,0.10778343750000001,5.233593750000001,4.322,
0,0,,,14.371299743652346,75.21362304687501,326.72851562500006,0.10770281250000001,5.2337890625000005,4.356,
0,0,,,14.360618591308594,75.15869140625,329.091796875,0.10770281250000001,5.2337890625000005,4.39,
0,0,,,14.336204528808594,75.02868652343751,331.69921875000006,0.1075196875,5.233593750000001,4.424,
0,0,,,14.336204528808594,75.02868652343751,334.30664062500006,0.10747125,5.233593750000001,4.458,
0,0,,,14.329719543457033,74.9951171875,336.904296875,0.10747125,5.233593750000001,4.492,
0,0,,,14.34307098388672,75.068359375,339.27734375000006,0.1075709375,5.2337890625000005,4.526,
0,0,,,14.34593200683594,75.07690429687501,341.88476562500006,0.10759250000000001,5.2333984375,4.56,
0,0,,,14.34593200683594,75.07690429687501,344.482421875,0.10759250000000001,5.2333984375,4.594,
0,0,,,14.342498779296875,75.06225585937501,347.09960937500006,0.10756718750000001,5.233593750000001,4.628,
0,0,,,14.344024658203127,75.06530761718751,349.69726562500006,0.10757812500000001,5.233203125,4.662,
0,0,,,14.344024658203127,75.06530761718751,352.07031250000006,0.10757812500000001,5.233203125,4.696,
0,0,,,14.334297180175781,75.01037597656251,354.66796875000006,0.10750593750000001,5.2330078125,4.73,
0,0,,,14.339637756347656,75.04577636718751,357.275390625,0.107545625,5.2333984375,4.764,
0,0,,,14.339637756347656,75.04577636718751,359.88281250000006,0.107545625,5.2333984375,4.798,
0,0,,,14.352798461914062,75.1129150390625,362.25585937500006,0.107645,5.2333984375,4.832,
0,0,,,14.355850219726562,75.1312255859375,364.86328125000006,0.10766687500000001,5.233593750000001,4.866,
0,0,,,14.355850219726562,75.1312255859375,367.470703125,0.10766687500000001,5.233593750000001,4.9,
0,0,,,14.365196228027344,75.1800537109375,370.07812500000006,0.10773750000000001,5.233593750000001,4.934,
0,0,,,14.348030090332031,75.0860595703125,372.45117187500006,0.1076090625,5.233203125,4.968,
0,0,,,14.348030090332031,75.0860595703125,375.05859375000006,0.1076090625,5.233203125,5.002,
0,0,,,14.358901977539064,75.13854980468751,377.666015625,0.10769031250000001,5.2330078125,5.036,
0,0,,,14.357376098632814,75.13793945312501,380.27343750000006,0.10767843750000002,5.2333984375,5.07,
0,0,,,14.357376098632814,75.13793945312501,382.88085937500006,0.10767843750000002,5.2333984375,5.104,
0,0,,,14.354324340820312,75.12268066406251,385.48828125,0.10765625000000001,5.2333984375,5.138,
0,0,,,14.356422424316408,75.13427734375,387.86132812500006,0.10767187500000001,5.233593750000001,5.172,
0,0,,,14.356422424316408,75.13427734375,390.46875000000006,0.10767187500000001,5.233593750000001,5.206,
0,0,,,14.358901977539064,75.14282226562501,393.07617187500006,0.1076896875,5.233203125,5.24,
0,0,,,14.343452453613281,75.06591796875,395.68359375000006,0.10757375000000001,5.233593750000001,5.274,
0,0,,,14.343452453613281,75.06591796875,398.05664062500006,0.10757375000000001,5.233593750000001,5.308,
0,0,,,14.358711242675781,75.1422119140625,400.66406250000006,0.10768875000000001,5.233203125,5.342,
0,0,,,14.378166198730469,75.250244140625,403.27148437500006,0.107835625,5.233593750000001,5.376,
0,0,,,14.378166198730469,75.250244140625,405.87890625,0.107835625,5.233593750000001,5.41,
0,0,,,14.343452453613281,75.06164550781251,408.251953125,0.10757437500000001,5.233203125,5.444,
0,0,,,14.337730407714844,75.0396728515625,410.84960937500006,0.1075309375,5.2337890625000005,5.478,
0,0,,,14.337730407714844,75.0396728515625,413.45703125000006,0.1075309375,5.2337890625000005,5.512,
0,0,,,14.332771301269531,75.01708984375001,416.064453125,0.1074946875,5.233984375,5.546,
0,0,,,14.34307098388672,75.06347656250001,418.427734375,0.10757187500000001,5.2333984375,5.58,
0,0,,,14.34307098388672,75.06347656250001,421.04492187500006,0.10757187500000001,5.2330078125,5.614,
0,0,,,14.371299743652346,75.205078125,423.65234375,0.10778375000000001,5.2330078125,5.648,
0,0,,,14.359092712402344,75.14160156250001,426.25976562500006,0.10769125,5.233203125,5.682,
0,0,,,14.359092712402344,75.14160156250001,428.86718750000006,0.10769125,5.233593750000001,5.716,
0,0,,,14.350509643554688,75.103759765625,431.2402343750001,0.1076278125,5.233593750000001,5.75,
0,0,,,14.342117309570314,75.05859375000001,433.837890625,0.10756500000000001,5.2333984375,5.784,
0,0,,,14.342117309570314,75.05859375000001,436.4453125,0.10762312500000001,5.2337890625000005,5.818,
0,0,,,14.349937438964844,75.10498046875001,439.0527343750001,0.10762312500000001,5.2337890625000005,5.852,
0,0,,,14.357757568359375,75.13671875000001,441.42578125,0.1076809375,5.233203125,5.886,
0,0,,,14.357757568359375,75.13671875000001,444.03320312500006,0.10754062500000001,5.233593750000001,5.92,
0,0,,,14.338874816894533,75.04455566406251,446.630859375,0.10754062500000001,5.233593750000001,5.954,
0,0,,,14.347648620605469,75.08972167968751,449.24804687500006,0.10760562500000001,5.233593750000001,5.988,
0,0,,,14.347648620605469,75.08972167968751,451.61132812500006,0.10759531250000001,5.2333984375,6.022,
0,0,,,14.3463134765625,75.07812500000001,454.21875,0.10759531250000001,5.2333984375,6.056,
0,0,,,14.36882019042969,75.1953125,456.82617187500006,0.10776531250000002,5.233203125,6.09,
0,0,,,14.36882019042969,75.1953125,459.443359375,0.10765500000000001,5.233203125,6.124,
0,0,,,14.354133605957033,75.1165771484375,461.8066406250001,0.10765500000000001,5.233203125,6.158,
0,0,,,14.327430725097658,74.981689453125,464.41406250000006,0.10745500000000001,5.2333984375,6.192,
0,0,,,14.34593200683594,75.07995605468751,467.01171875,0.10759375,5.233593750000001,6.226,
0,0,,,14.34593200683594,75.07995605468751,469.6191406250001,0.10759375,5.233593750000001,6.26,
0,0,,,14.337539672851562,75.03112792968751,472.22656250000006,0.1075303125,5.233203125,6.294,
0,0,,,14.336776733398438,75.02929687500001,474.82421875,0.10752468750000001,5.2333984375,6.329,
0,0,,,14.336776733398438,75.02929687500001,477.19726562500006,0.10752468750000001,5.2333984375,6.363,
0,0,,,14.332771301269531,75.01586914062501,479.8046875,0.107494375,5.233984375,6.397,
0,0,,,14.331626892089846,75.00366210937501,482.40234375,0.10748625,5.2333984375,6.431,
0,0,,,14.331626892089846,75.00366210937501,485.00976562500006,0.10748625,5.2333984375,6.465,
0,0,,,14.331817626953125,75.00122070312501,487.60742187500006,0.10748718750000001,5.233203125,6.499,
0,0,,,14.313316345214844,74.90417480468751,489.970703125,0.10734750000000001,5.233203125,6.533,
0,0,,,14.313316345214844,74.90417480468751,492.57812500000006,0.10734750000000001,5.233203125,6.567,
0,0,,,14.328575134277344,74.9908447265625,495.17578125000006,0.10746218750000001,5.2337890625000005,6.601,
0,0,,,14.323806762695312,74.9639892578125,497.783203125,0.10742718750000001,5.233593750000001,6.635,
0,0,,,14.323806762695312,74.9639892578125,500.1367187500001,0.10742718750000001,5.233593750000001,6.669,
0,0,,,14.310073852539062,74.88891601562501,502.74414062500006,0.107325,5.233203125,6.703,
0,0,,,14.32170867919922,74.95605468750001,505.3417968750001,0.107411875,5.2337890625000005,6.737,
0,0,,,14.32170867919922,74.95605468750001,507.939453125,0.107411875,5.2337890625000005,6.771,
0,0,,,14.294815063476562,74.808349609375,510.53710937500006,0.10721000000000001,5.233203125,6.805,
0,0,,,14.32037353515625,74.94873046875,512.9101562500001,0.10740093750000002,5.2337890625000005,6.839,
0,0,,,14.32037353515625,74.94873046875,515.5078125,0.10740093750000002,5.2337890625000005,6.873,
0,0,,,14.3157958984375,74.91271972656251,518.1054687500001,0.1073671875,5.2328125000000005,6.907,
0,0,,,14.324378967285156,74.96765136718751,520.712890625,0.10743187500000001,5.233593750000001,6.941,
0,0,,,14.324378967285156,74.96765136718751,523.076171875,0.10743187500000001,5.233593750000001,6.975,
0,0,,,14.328193664550781,74.9847412109375,525.6835937500001,0.10746000000000001,5.2333984375,7.009,
0,0,,,14.340782165527346,75.0531005859375,528.2910156250001,0.10755468750000001,5.233593750000001,7.043,
0,0,,,14.340782165527346,75.0531005859375,530.888671875,0.10755468750000001,5.233593750000001,7.077,
0,0,,,14.322090148925783,74.9591064453125,533.4863281250001,0.1074140625,5.2337890625000005,7.111,
0,0,,,14.318466186523438,74.9359130859375,535.8593750000001,0.10738750000000001,5.233593750000001,7.145,
0,0,,,14.318466186523438,74.9359130859375,538.45703125,0.10738750000000001,5.2333984375,7.179,
0,0,,,14.333915710449219,75.01525878906251,541.0644531250001,0.10750343750000001,5.2333984375,7.213,
0,0,,,14.331436157226562,75.00549316406251,543.662109375,0.10748375,5.2337890625000005,7.248,
0,0,,,14.331436157226562,75.00549316406251,546.2597656250001,0.1072915625,5.233203125,7.282,
0,0,,,14.305686950683594,74.86511230468751,548.6328125000001,0.1072915625,5.233203125,7.316,
0,0,,,14.34307098388672,75.07080078125,551.23046875,0.10757125000000001,5.233984375,7.35,
0,0,,,14.34307098388672,75.07080078125,553.837890625,0.1074625,5.233203125,7.384,
0,0,,,14.328575134277344,74.98291015625001,556.4453125000001,0.1074625,5.233203125,7.418,
0,0,,,14.307212829589844,74.8724365234375,558.8085937500001,0.1073021875,5.233203125,7.452,
0,0,,,14.307212829589844,74.8724365234375,561.40625,0.10760343750000001,5.2337890625000005,7.486,
0,0,,,14.347267150878906,75.08972167968751,564.0136718750001,0.10760343750000001,5.2337890625000005,7.52,
0,0,,,14.322471618652344,74.95605468750001,566.611328125,0.1074165625,5.2333984375,7.554,
0,0,,,14.322471618652344,74.95605468750001,569.2089843750001,0.107323125,5.2333984375,7.588,
0,0,,,14.309883117675781,74.89013671875,571.5820312500001,0.107323125,5.2333984375,7.622,
0,0,,,14.3218994140625,74.95361328125001,574.1796875,0.10741281250000001,5.233593750000001,7.656,
0,0,,,14.3218994140625,74.95361328125001,576.7773437500001,0.10737281250000001,5.2333984375,7.69,
0,0,,,14.316558837890625,74.92431640625001,579.3847656250001,0.10737281250000001,5.2333984375,7.724,
0,0,,,14.32781219482422,74.9822998046875,581.748046875,0.1074565625,5.2333984375,7.758,
0,0,,,14.327049255371094,74.9822998046875,584.35546875,0.107451875,5.233593750000001,7.792,
0,0,,,14.327049255371094,74.9822998046875,586.9531250000001,0.107451875,5.233593750000001,7.826,
0,0,,,14.333724975585938,75.00427246093751,589.560546875,0.10750156250000001,5.2328125000000005,7.86,
0,0,,,14.339256286621096,75.05004882812501,591.9335937500001,0.1075434375,5.2337890625000005,7.894,
0,0,,,14.339256286621096,75.05004882812501,594.5312500000001,0.1075434375,5.2337890625000005,7.928,
0,0,,,14.317703247070312,74.931640625,597.1386718750001,0.10738125000000001,5.233593750000001,7.961,
0,0,,,14.326286315917969,74.97375488281251,599.736328125,0.10744500000000001,5.2333984375,7.995,
0,0,,,14.326286315917969,74.97375488281251,602.0996093750001,0.10744500000000001,5.2333984375,8.029,
0,0,,,14.340972900390625,75.0555419921875,604.7070312500001,0.107555625,5.2337890625000005,8.063,
0,0,,,14.335823059082031,75.03051757812501,607.3144531250001,0.1075175,5.2337890625000005,8.097,
0,0,,,14.335823059082031,75.03051757812501,609.9121093750001,0.1075175,5.2337890625000005,8.131,
0,0,,,14.334297180175781,75.01831054687501,612.5195312500001,0.10750593750000001,5.233593750000001,8.165,
0,0,,,14.340782165527346,75.06042480468751,614.8925781250001,0.10755437500000001,5.233984375,8.199,
0,0,,,14.340782165527346,75.06042480468751,617.4902343750001,0.10755437500000001,5.233984375,8.233,
0,0,,,14.334297180175781,75.01892089843751,620.09765625,0.10750562500000001,5.233593750000001,8.267,
0,0,,,14.35089111328125,75.10498046875001,622.7050781250001,0.10762968750000002,5.233593750000001,8.302,
0,0,,,14.35089111328125,75.10498046875001,625.3125000000001,0.10762968750000002,5.233593750000001,8.336,
0,0,,,14.349555969238281,75.09704589843751,627.685546875,0.1076196875,5.2333984375,8.37,
0,0,,,14.33696746826172,75.02685546875001,630.2832031250001,0.10752625,5.233203125,8.404,
0,0,,,14.33696746826172,75.02685546875001,632.890625,0.10752625,5.233203125,8.438,
0,0,,,14.342498779296875,75.05859375000001,635.498046875,0.10756781250000001,5.2333984375,8.472,
0,0,,,14.352798461914062,75.11840820312501,637.8710937500001,0.1076446875,5.2337890625000005,8.506,
0,0,,,14.352798461914062,75.11840820312501,640.478515625,0.1076446875,5.2337890625000005,8.54,
0,0,,,14.362525939941406,75.15380859375001,643.0859375000001,0.10771781250000001,5.232617187500001,8.574,
0,0,,,14.341545104980469,75.0579833984375,645.693359375,0.107560625,5.233593750000001,8.608,
0,0,,,14.341545104980469,75.0579833984375,648.0566406250001,0.107560625,5.233593750000001,8.642,
0,0,,,14.344024658203127,75.07141113281251,650.6640625000001,0.1075790625,5.233593750000001,8.676,
0,0,,,14.336585998535156,75.02929687500001,653.26171875,0.10752343750000001,5.2333984375,8.71,
0,0,,,14.336585998535156,75.02929687500001,655.8691406250001,0.10752343750000001,5.2333984375,8.744,
0,0,,,14.323234558105469,74.959716796875,658.4765625000001,0.1074228125,5.2333984375,8.778,
0,0,,,14.332962036132812,75.009765625,660.83984375,0.10749562500000001,5.2333984375,8.812,
0,0,,,14.332962036132812,75.009765625,663.4472656250001,0.10749562500000001,5.233593750000001,8.846,
0,0,,,14.354705810546875,75.12512207031251,666.0546875000001,0.10765875000000001,5.233593750000001,8.88,
0,0,,,14.369583129882812,75.20751953125,668.662109375,0.10777,5.2337890625000005,8.914,
0,0,,,14.369583129882812,75.20751953125,671.0351562500001,0.10777,5.2333984375,8.948,
0,0,,,14.328575134277344,74.98596191406251,673.6425781250001,0.10746218750000001,5.2333984375,8.981,
0,0,,,14.340400695800781,75.04394531250001,676.2402343750001,0.1075515625,5.2330078125,9.015,
0,0,,,14.340400695800781,75.04394531250001,678.8476562500001,0.10761062500000002,5.233984375,9.049,
0,0,,,14.348220825195312,75.09704589843751,681.2207031250001,0.10761062500000002,5.233984375,9.083,
0,0,,,14.34307098388672,75.06042480468751,683.8281250000001,0.1075709375,5.233203125,9.117,
0,0,,,14.34307098388672,75.06042480468751,686.4355468750001,0.10758187500000001,5.233593750000001,9.151,
0,0,,,14.344406127929688,75.07385253906251,689.0332031250001,0.10758187500000001,5.233593750000001,9.185,
0,0,,,14.338874816894533,75.03234863281251,691.40625,0.10754031250000001,5.2328125000000005,9.219,
0,0,,,14.338874816894533,75.03234863281251,694.0039062500001,0.10753312500000001,5.233593750000001,9.253,
0,0,,,14.337921142578127,75.0372314453125,696.611328125,0.10753312500000001,5.233593750000001,9.287,
0,0,,,14.335060119628908,75.02380371093751,699.21875,0.1075115625,5.233593750000001,9.321,
0,0,,,14.335060119628908,75.02380371093751,701.8261718750001,0.1076065625,5.233203125,9.356,
0,0,,,14.347648620605469,75.0830078125,704.1894531250001,0.1076065625,5.233203125,9.39,
0,0,,,14.345169067382812,75.0732421875,706.7968750000001,0.10758718750000001,5.2333984375,9.424,
0,0,,,14.345169067382812,75.11108398437501,709.4042968750001,0.10763,5.233984375,9.458,
0,0,,,14.35089111328125,75.11108398437501,712.01171875,0.10763,5.233984375,9.492,
0,0,,,14.350318908691408,75.101318359375,714.6191406250001,0.107625625,5.2333984375,9.526,
0,0,,,14.363288879394531,75.17333984375001,716.9921875,0.10772375000000001,5.2337890625000005,9.56,
0,0,,,14.363288879394531,75.17333984375001,719.6093750000001,0.10772375000000001,5.2337890625000005,9.594,
0,0,,,14.357948303222658,75.146484375,722.2070312500001,0.10768250000000001,5.2337890625000005,9.628,
0,0,,,14.35394287109375,75.1190185546875,724.814453125,0.10765250000000001,5.2333984375,9.662,
0,0,,,14.35394287109375,75.1190185546875,727.1875000000001,0.10765250000000001,5.2333984375,9.696,
0,0,,,14.334678649902344,75.0213623046875,729.7949218750001,0.10750875000000001,5.233593750000001,9.73,
0,0,,,14.348030090332031,75.09155273437501,732.3925781250001,0.10760968750000001,5.233593750000001,9.764,
0,0,,,14.348030090332031,75.09155273437501,735.0097656250001,0.10760968750000001,5.233593750000001,9.798,
0,0,,,14.365196228027344,75.1751708984375,737.3828125,0.10773687500000001,5.233203125,9.831,
0,0,,,14.350509643554688,75.10742187500001,739.9804687500001,0.10762750000000001,5.2337890625000005,9.865,
0,0,,,14.350509643554688,75.10742187500001,742.5878906250001,0.10762750000000001,5.2337890625000005,9.899,
0,0,,,14.3463134765625,75.07690429687501,745.1953125,0.1075959375,5.233203125,9.933,
0,0,,,14.325523376464846,74.9639892578125,747.55859375,0.10744000000000001,5.2330078125,9.967,
0,0,,,14.325523376464846,74.9639892578125,750.1757812500001,0.10744000000000001,5.2330078125,10.001,
0,1,,,14.34478759765625,75.07141113281251,758.4472656250001,0.10673031250000001,5.233984375,10.111,
0,1,,,14.230918884277344,74.48303222656251,760.966796875,0.10673031250000001,5.233984375,10.145,
0,1,,,13.898086547851562,72.7484130859375,763.26171875,0.1042340625,5.234375,10.179,
0,1,,,13.898086547851562,72.7484130859375,765.7910156250001,0.10410218750000001,5.23515625,10.213,
0,1,,,13.88053894042969,72.66601562500001,768.310546875,0.10410218750000001,5.23515625,10.247,
0,1,,,13.890838623046875,72.7178955078125,770.830078125,0.104179375,5.2349609375,10.281,
0,1,,,13.890838623046875,72.7178955078125,773.1250000000001,0.10413218750000001,5.2347656250000005,10.315,
0,1,,,13.884544372558594,72.68127441406251,775.6542968750001,0.10413218750000001,5.2347656250000005,10.349,
0,1,,,13.899993896484375,72.763671875,778.173828125,0.10424875000000002,5.2347656250000005,10.383,
0,1,,,13.899993896484375,72.763671875,780.703125,0.10423593750000001,5.2353515625,10.417,
0,1,,,13.898277282714846,72.762451171875,783.2324218750001,0.10423593750000001,5.2353515625,10.451,
0,1,,,13.886642456054688,72.68798828125,785.7519531250001,0.10414875000000001,5.234375,10.485,
0,1,,,13.900947570800781,72.767333984375,788.046875,0.1042553125,5.2347656250000005,10.519,
0,1,,,13.900947570800781,72.767333984375,790.5664062500001,0.1042553125,5.2347656250000005,10.553,
0,1,,,13.876724243164064,72.63793945312501,793.0859375000001,0.1040734375,5.234570312500001,10.587,
0,1,,,13.882255554199219,72.672119140625,795.615234375,0.104115625,5.2349609375,10.621,
0,1,,,13.882255554199219,72.672119140625,797.9101562500001,0.104115625,5.2349609375,10.655,
0,1,,,13.893890380859377,72.73071289062501,800.4296875,0.10420312500000001,5.2347656250000005,10.689,
0,1,,,13.899421691894531,72.75878906250001,802.9589843750001,0.10424375000000001,5.2347656250000005,10.723,
0,1,,,13.899421691894531,72.75878906250001,805.4882812500001,0.10424375000000001,5.2347656250000005,10.757,
0,1,,,13.901329040527344,72.77038574218751,807.7832031250001,0.10425812500000001,5.2347656250000005,10.791,
0,1,,,13.89579772949219,72.74230957031251,810.3125000000001,0.1042178125,5.2347656250000005,10.825,
0,1,,,13.89579772949219,72.74230957031251,812.83203125,0.1042178125,5.2347656250000005,10.859,
0,1,,,13.884353637695314,72.68493652343751,815.3515625000001,0.10413125000000001,5.23515625,10.893,
0,1,,,13.88092041015625,72.657470703125,817.87109375,0.10410625000000001,5.234375,10.927,
0,1,,,13.88092041015625,72.657470703125,820.166015625,0.10410625000000001,5.234375,10.961,
0,1,,,13.890457153320312,72.71972656250001,822.6953125,0.1041775,5.23515625,10.995,
0,1,,,13.864517211914062,72.5811767578125,825.2050781250001,0.10398281250000001,5.2349609375,11.029,
0,1,,,13.864517211914062,72.5811767578125,827.734375,0.10398281250000001,5.2349609375,11.063,
0,1,,,13.876152038574219,72.63916015625001,830.029296875,0.10406968750000001,5.2347656250000005,11.097,
0,1,,,13.88092041015625,72.66723632812501,832.5488281250002,0.10410562500000001,5.2349609375,11.131,
0,1,,,13.88092041015625,72.66723632812501,835.0683593750001,0.10410562500000001,5.2349609375,11.165,
0,1,,,13.887214660644533,72.69287109375,837.587890625,0.10415281250000001,5.234570312500001,11.199,
0,1,,,13.876342773437502,72.63854980468751,840.1171875000002,0.1040709375,5.2347656250000005,11.233,
0,1,,,13.876342773437502,72.63854980468751,842.4121093750001,0.1040709375,5.2347656250000005,11.267,
0,2,,,14.291572570800783,74.79064941406251,852.6562500000001,0.1071853125,5.233203125,11.402,
0,2,,,15.311050415039064,80.08483886718751,855.458984375,0.11483187500000001,5.23046875,11.435,
0,2,,,15.311050415039064,80.08483886718751,857.998046875,0.11483187500000001,5.23046875,11.469,
0,2,,,15.403366088867188,80.56518554687501,860.791015625,0.11552375000000001,5.23046875,11.503,
0,2,,,15.414619445800783,80.62744140625,863.5937500000001,0.11560750000000002,5.230664062500001,11.537,
0,2,,,15.414619445800783,80.62744140625,866.396484375,0.11560750000000002,5.230664062500001,11.571,
0,2,,,15.445709228515625,80.7879638671875,868.9453125000001,0.11584156250000001,5.23046875,11.605,
0,2,,,15.412139892578127,80.61584472656251,871.7480468750001,0.11558968750000001,5.230664062500001,11.64,
0,2,,,15.412139892578127,80.61584472656251,874.5410156250002,0.11558968750000001,5.230078125,11.674,
0,2,,,15.421485900878906,80.6549072265625,877.197265625,0.11566000000000001,5.230078125,11.708,
0,2,,,14.14146423339844,74.013671875,879.6972656250001,0.10605968750000001,5.233984375,11.742,
0,2,,,14.14146423339844,74.013671875,882.1875000000001,0.10605968750000001,5.2349609375,11.776,
0,2,,,13.719367980957033,71.8206787109375,884.4531250000002,0.10289437500000001,5.2349609375,11.81,
0,2,,,13.709449768066408,71.7706298828125,886.9433593750001,0.10282000000000001,5.23515625,11.844,
0,2,,,13.709449768066408,71.7706298828125,889.443359375,0.10289437500000001,5.235546875000001,11.878,
0,2,,,13.719367980957033,71.82922363281251,891.9238281250001,0.10289437500000001,5.235546875000001,11.912,
0,2,,,13.679122924804688,71.61499023437501,894.1894531250001,0.1025925,5.2353515625,11.946,
0,2,,,13.679122924804688,71.61499023437501,896.6796875,0.10283781250000001,5.23515625,11.98,
0,2,,,13.711929321289062,71.78222656250001,899.169921875,0.10283781250000001,5.23515625,12.014,
0,2,,,13.701820373535158,71.73034667968751,901.6601562500001,0.10276281250000001,5.23515625,12.048,
0,2,,,13.701820373535158,71.73034667968751,903.9257812500001,0.102751875,5.23515625,12.082,
0,2,,,13.700485229492188,71.72363281250001,906.4160156250001,0.102751875,5.23515625,12.116,
0,2,,,13.704490661621094,71.7437744140625,908.9062500000001,0.10278281250000001,5.23515625,12.15,
0,2,,,13.704490661621094,71.7437744140625,911.3867187500001,0.10265125000000001,5.2353515625,12.184,
0,2,,,13.68694305419922,71.65649414062501,913.6523437500001,0.10265125000000001,5.2353515625,12.218,
0,2,,,13.700294494628908,71.72180175781251,916.1425781250001,0.10275031250000001,5.23515625,12.252,
0,3,,,14.308929443359375,74.87731933593751,926.2500000000001,0.10841375,5.2328125000000005,12.386,
0,3,,,14.455413818359375,75.64025878906251,929.0039062500001,0.10841375,5.2328125000000005,12.42,
0,4,,,14.365577697753908,75.18432617187501,939.052734375,0.1077403125,5.233593750000001,12.554,
0,4,,,14.365577697753908,75.18432617187501,941.73828125,0.1107184375,5.231640625000001,12.588,
0,4,,,14.76268768310547,77.232666015625,944.3945312500001,0.1107184375,5.231640625000001,12.622,
0,4,,,14.664840698242188,76.74011230468751,946.8261718750001,0.10998437500000001,5.2330078125,12.656,
0,4,,,14.722824096679688,77.03735351562501,949.501953125,0.1104196875,5.232617187500001,12.69,
0,4,,,14.722824096679688,77.03735351562501,952.2167968750001,0.1104196875,5.232617187500001,12.724,
0,4,,,14.908218383789064,78.00048828125,954.8925781250001,0.11181062500000001,5.23203125,12.759,
0,5,,,14.318466186523438,74.93530273437501,962.9687500000001,0.10738781250000001,5.2333984375,12.868,
0,5,,,14.71977233886719,77.021484375,965.673828125,0.11039718750000001,5.232617187500001,12.902,
0,5,,,14.71977233886719,77.021484375,968.4179687500001,0.11039718750000001,5.232617187500001,12.936,
0,5,,,15.040016174316406,78.67309570312501,971.1328125000001,0.11279843750000002,5.2308593750000005,12.97,
0,6,,,12.036895751953125,63.07250976562501,0.5957031250000001,0.09027531250000001,5.2400390625,0.018,
0,6,,,12.036895751953125,63.07250976562501,2.7929687500000004,0.09027531250000001,5.2400390625,0.052,
0,6,,,12.090682983398438,63.34899902343751,4.990234375,0.090679375,5.239453125000001,0.086,
0,6,,,12.093353271484377,63.36669921875,7.001953125000001,0.09069937500000001,5.23984375,0.12,
0,6,,,12.093353271484377,63.36669921875,9.19921875,0.09069937500000001,5.2400390625,0.154,
0,6,,,12.126731872558596,63.54309082031251,11.396484375000002,0.09094906250000001,5.2400390625,0.188,
0,6,,,12.085533142089844,63.322753906250014,13.593750000000002,0.09063968750000001,5.2396484375000005,0.222,
0,6,,,12.085533142089844,63.322753906250014,15.595703125000002,0.09063968750000001,5.240234375,0.256,
0,6,,,12.087249755859377,63.340454101562514,17.802734375,0.090653125,5.240234375,0.29,
0,6,,,12.10174560546875,63.40820312500001,20.000000000000004,0.09076125,5.2396484375000005,0.324,
0,6,,,12.10174560546875,63.40820312500001,22.197265625000004,0.09061625000000001,5.23984375,0.358,
0,6,,,12.082290649414062,63.3087158203125,24.394531250000004,0.09061625000000001,5.23984375,0.392,
0,6,,,12.081336975097656,63.2965087890625,26.38671875,0.09060843750000001,5.2392578125,0.426,
0,6,,,12.081336975097656,63.2965087890625,28.583984375,0.090744375,5.239453125000001,0.46,
0,6,,,12.099456787109375,63.39416503906251,30.791015625,0.090744375,5.239453125000001,0.494,
0,6,,,12.087249755859377,63.33007812500001,32.98828125,0.090653125,5.239453125000001,0.528,
0,6,,,12.087249755859377,63.33007812500001,34.98046875000001,0.0906134375,5.2400390625,0.562,
0,6,,,12.081909179687502,63.309326171875,37.18750000000001,0.0906134375,5.2400390625,0.596,
0,6,,,12.089347839355469,63.34289550781251,39.38476562500001,0.09066906250000001,5.2396484375000005,0.63,
0,6,,,12.089347839355469,63.34289550781251,41.58203125000001,0.09065125,5.23984375,0.664,
0,6,,,12.086868286132812,63.33435058593751,43.57421875000001,0.09065125,5.23984375,0.698,
0,6,,,12.08477020263672,63.322753906250014,45.78125,0.0906340625,5.2400390625,0.732,
0,6,,,12.08477020263672,63.307495117187514,47.978515625,0.09060812500000001,5.240234375,0.766,
0,6,,,12.081146240234375,63.307495117187514,50.17578125000001,0.09060812500000001,5.240234375,0.8,
0,6,,,12.086677551269533,63.335571289062514,52.37304687500001,0.0906490625,5.240234375,0.834,
0,6,,,12.0880126953125,63.341064453125014,54.36523437500001,0.09065875000000001,5.2400390625,0.868,
0,6,,,12.0880126953125,63.341064453125014,56.57226562500001,0.09065875000000001,5.2400390625,0.902,
0,6,,,12.10784912109375,63.446044921875,58.76953125000001,0.09080750000000001,5.2400390625,0.936,
0,6,,,12.09259033203125,63.36059570312501,60.96679687500001,0.09069281250000001,5.2396484375000005,0.97,
0,6,,,12.09259033203125,63.36059570312501,62.96875000000001,0.09069281250000001,5.2396484375000005,1.005,
0,6,,,12.083435058593752,63.31237792968751,65.166015625,0.0906240625,5.2396484375000005,1.039,
0,6,,,12.088584899902346,63.34350585937501,67.36328125,0.09066250000000001,5.2400390625,1.073,
0,6,,,12.088584899902346,63.34350585937501,69.560546875,0.09066250000000001,5.2400390625,1.107,
0,6,,,12.085914611816406,63.326416015625014,71.76757812500001,0.09064343750000001,5.2396484375000005,1.141,
0,6,,,12.091445922851564,63.356323242187514,73.75976562500001,0.0906853125,5.23984375,1.175,
0,6,,,12.091445922851564,63.356323242187514,75.96679687500001,0.0906853125,5.23984375,1.209,
0,6,,,12.090492248535158,63.3526611328125,78.16406250000001,0.09067812500000001,5.23984375,1.243,
0,6,,,12.088203430175783,63.34350585937501,80.36132812500001,0.0906603125,5.240234375,1.277,
0,6,,,12.088203430175783,63.34350585937501,82.55859375000001,0.0906603125,5.240234375,1.311,
0,6,,,12.096214294433596,63.381347656250014,84.56054687500001,0.09072000000000001,5.23984375,1.345,
0,6,,,12.104797363281252,63.429565429687514,86.76757812500001,0.0907846875,5.2400390625,1.379,
0,6,,,12.104797363281252,63.429565429687514,88.96484375000001,0.0907846875,5.2400390625,1.413,
0,6,,,12.097549438476562,63.3880615234375,91.16210937500001,0.09073,5.23984375,1.447,
0,6,,,12.109375,63.447875976562514,93.1640625,0.0908190625,5.2396484375000005,1.48,
0,6,,,12.109375,63.447875976562514,95.37109375000001,0.0908190625,5.2396484375000005,1.514,
0,6,,,12.100410461425781,63.401489257812514,97.56835937500001,0.09075187500000001,5.2396484375000005,1.548,
0,6,,,12.094306945800783,63.37402343750001,99.76562500000001,0.09070593750000001,5.2400390625,1.582,
0,6,,,12.094306945800783,63.37402343750001,101.76757812500003,0.09070593750000001,5.2400390625,1.616,
0,6,,,12.102317810058594,63.411865234375014,103.97460937500001,0.090765625,5.2396484375000005,1.65,
0,6,,,12.100410461425781,63.40454101562501,106.17187500000001,0.09075187500000001,5.23984375,1.684,
0,6,,,12.100410461425781,63.40454101562501,108.37890625,0.09075187500000001,5.23984375,1.718,
0,6,,,12.116432189941406,63.48449707031251,110.380859375,0.0908721875,5.2396484375000005,1.752,
0,6,,,12.127876281738281,63.54614257812501,112.58789062500001,0.09095781250000001,5.2396484375000005,1.786,
0,6,,,12.127876281738281,63.54614257812501,114.79492187500001,0.09095781250000001,5.2396484375000005,1.82,
0,6,,,12.123489379882814,63.525390625,116.99218750000001,0.09092562500000001,5.23984375,1.854,
0,6,,,12.109375,63.45214843750001,119.19921875000001,0.09081937500000001,5.23984375,1.888,
0,6,,,12.109375,63.45214843750001,121.20117187500001,0.09081937500000001,5.239453125000001,1.922,
0,6,,,12.1185302734375,63.494262695312514,123.408203125,0.0908884375,5.239453125000001,1.956,
0,6,,,12.119483947753906,63.49792480468751,125.60546875,0.090895,5.2392578125,1.99,
0,6,,,12.119483947753906,63.49792480468751,127.81250000000003,0.090979375,5.2396484375000005,2.024,
0,6,,,12.1307373046875,63.56018066406251,129.82421875000003,0.090979375,5.2396484375000005,2.059,
0,6,,,12.128829956054688,63.54858398437501,132.2265625,0.0909653125,5.239453125000001,2.093,
0,6,,,12.128829956054688,63.54858398437501,134.22851562500003,0.090855,5.240234375,2.127,
0,6,,,12.114143371582031,63.4796142578125,136.435546875,0.090855,5.240234375,2.161,
0,6,,,12.111854553222656,63.4619140625,138.6328125,0.0908375,5.2396484375000005,2.195,
0,6,,,12.111854553222656,63.4619140625,140.83984375,0.0907828125,5.2396484375000005,2.229,
0,6,,,12.104606628417969,63.42224121093751,142.841796875,0.0907828125,5.2396484375000005,2.263,
0,6,,,12.127685546875002,63.54370117187501,145.04882812500003,0.09095593750000001,5.2396484375000005,2.297,
0,6,,,12.127685546875002,63.54370117187501,147.25585937500003,0.09099625,5.2406250000000005,2.331,
0,6,,,12.133026123046877,63.5833740234375,149.462890625,0.09099625,5.2406250000000005,2.365,
0,6,,,12.14866638183594,63.661499023437514,151.46484375000003,0.09111468750000001,5.240234375,2.399,
0,6,,,12.117385864257812,63.493652343750014,153.671875,0.09087937500000001,5.23984375,2.433,
0,6,,,12.117385864257812,63.493652343750014,155.87890625,0.09087937500000001,5.23984375,2.467,
0,6,,,12.124061584472656,63.52844238281251,158.08593750000003,0.09093000000000001,5.23984375,2.501,
0,6,,,12.144470214843752,63.627929687500014,160.09765625000003,0.091081875,5.2392578125,2.535,
0,6,,,12.144470214843752,63.627929687500014,162.29492187500003,0.091081875,5.2392578125,2.569,
0,6,,,12.122344970703125,63.5205078125,164.50195312500003,0.09091718750000001,5.2400390625,2.603,
0,6,,,12.137985229492188,63.600463867187514,166.71875000000003,0.09103375000000001,5.23984375,2.637,
0,6,,,12.137985229492188,63.600463867187514,168.92578125000003,0.09103375000000001,5.23984375,2.671,
0,6,,,12.129783630371094,63.555908203125,170.92773437500003,0.09097218750000001,5.2396484375000005,2.705,
0,6,,,12.147140502929688,63.643798828125014,173.13476562500003,0.09110187500000001,5.239453125000001,2.739,
0,6,,,12.147140502929688,63.643798828125014,175.341796875,0.09110187500000001,5.239453125000001,2.773,
0,6,,,12.132835388183594,63.570556640625014,177.54882812500003,0.09099562500000001,5.2396484375000005,2.807,
0,6,,,12.11528778076172,63.48083496093751,179.55078125,0.09086375000000001,5.2396484375000005,2.841,
0,6,,,12.11528778076172,63.48083496093751,181.7578125,0.09086375000000001,5.2396484375000005,2.875,
0,6,,,12.11700439453125,63.493041992187514,183.96484375000003,0.09087656250000001,5.2400390625,2.909,
0,6,,,12.13493347167969,63.58642578125,186.17187500000003,0.0910115625,5.2400390625,2.943,
0,6,,,12.13493347167969,63.58642578125,188.17382812500003,0.0910115625,5.2400390625,2.977,
0,6,,,12.126350402832033,63.538818359375014,190.37109375000003,0.0909459375,5.23984375,3.011,
0,6,,,12.103080749511719,63.414916992187514,192.57812500000003,0.090771875,5.2396484375000005,3.045,
0,6,,,12.103080749511719,63.414916992187514,194.78515625000003,0.090771875,5.2396484375000005,3.079,
0,6,,,12.14256286621094,63.62121582031251,197.00195312500003,0.09106812500000001,5.2396484375000005,3.114,
0,6,,,12.155532836914062,63.687744140625,199.208984375,0.09116500000000001,5.239453125000001,3.148,
0,6,,,12.155532836914062,63.687744140625,201.21093750000003,0.09116500000000001,5.239453125000001,3.182,
0,6,,,12.128257751464846,63.54736328125001,203.41796875,0.09096125000000001,5.2396484375000005,3.216,
0,6,,,12.112998962402346,63.46984863281251,205.615234375,0.09084625,5.23984375,3.25,
0,6,,,12.112998962402346,63.46984863281251,207.822265625,0.09084625,5.23984375,3.284,
0,6,,,12.113952636718752,63.46801757812501,209.82421875,0.09085406250000001,5.2392578125,3.318,
0,6,,,12.13340759277344,63.57299804687501,212.03125000000003,0.09100000000000001,5.239453125000001,3.352,
0,6,,,12.13340759277344,63.57299804687501,214.22851562500003,0.09100000000000001,5.239453125000001,3.386,
0,6,,,12.09564208984375,63.38012695312501,216.43554687500003,0.09071656250000001,5.23984375,3.42,
0,6,,,12.118911743164062,63.50097656250001,218.64257812500003,0.09089000000000001,5.23984375,3.454,
0,6,,,12.118911743164062,63.50097656250001,220.63476562500003,0.09089000000000001,5.2396484375000005,3.488,
0,6,,,12.10784912109375,63.43994140625001,222.84179687500003,0.090808125,5.2396484375000005,3.522,
0,6,,,12.12730407714844,63.54248046875001,225.04882812500003,0.09095343750000001,5.2396484375000005,3.556,
0,6,,,12.12730407714844,63.54248046875001,227.26562500000003,0.09095343750000001,5.2396484375000005,3.59,
0,6,,,12.150382995605469,63.66333007812501,229.26757812500003,0.09112625,5.2396484375000005,3.624,
0,6,,,12.137413024902344,63.60351562500001,231.47460937500003,0.09102906250000001,5.240429687500001,3.658,
0,6,,,12.137413024902344,63.60351562500001,233.69140625,0.09126468750000001,5.23984375,3.692,
0,6,,,12.16888427734375,63.762817382812514,235.90820312500006,0.09126468750000001,5.23984375,3.726,
0,6,,,12.163162231445312,63.72985839843751,237.91015625000003,0.09122218750000001,5.2396484375000005,3.76,
0,6,,,12.163162231445312,63.72985839843751,240.12695312500003,0.09130968750000001,5.2396484375000005,3.794,
0,6,,,12.174797058105469,63.79150390625001,242.333984375,0.09130968750000001,5.2396484375000005,3.827,
0,6,,,12.175369262695314,63.795166015625,244.57031250000003,0.0913140625,5.2396484375000005,3.862,
0,6,,,12.175369262695314,63.795166015625,246.58203125,0.09152562500000001,5.2396484375000005,3.895,
0,6,,,12.20359802246094,63.94287109375001,248.79882812500003,0.09152562500000001,5.2396484375000005,3.929,
0,6,,,12.145042419433594,63.63708496093751,250.99609375000003,0.09108687500000001,5.23984375,3.963,
0,6,,,12.145042419433594,63.63708496093751,253.20312500000003,0.09104375,5.23984375,3.997,
0,6,,,12.139320373535156,63.60717773437501,255.419921875,0.09104375,5.23984375,4.031,
0,6,,,12.188529968261719,63.86352539062501,257.43164062500006,0.09141343750000001,5.2396484375000005,4.065,
0,6,,,12.188529968261719,63.616333007812514,259.63867187500006,0.091054375,5.23984375,4.099,
0,6,,,12.140655517578127,63.616333007812514,261.86523437500006,0.091054375,5.23984375,4.134,
0,6,,,12.192726135253906,63.8861083984375,264.072265625,0.0914440625,5.23984375,4.168,
0,6,,,12.205314636230469,63.9495849609375,266.298828125,0.091539375,5.239453125000001,4.202,
0,6,,,12.205314636230469,63.9495849609375,268.32031250000006,0.091539375,5.239453125000001,4.236,
0,6,,,12.227058410644531,64.0667724609375,270.53710937500006,0.0917021875,5.23984375,4.27,
0,6,,,12.145614624023438,63.643798828125014,272.75390625,0.0910903125,5.2400390625,4.304,
0,6,,,12.145614624023438,63.643798828125014,274.97070312500006,0.0910903125,5.2400390625,4.338,
0,6,,,12.19158172607422,63.87695312500001,277.18750000000006,0.09143625000000001,5.239453125000001,4.372,
0,6,,,12.199974060058594,63.922119140625,279.19921875000006,0.09149875,5.2396484375000005,4.406,
0,6,,,12.199974060058594,63.922119140625,281.416015625,0.09149875,5.2396484375000005,4.44,
0,6,,,12.174606323242188,63.79211425781251,283.6328125,0.09130875000000001,5.23984375,4.474,
0,6,,,12.149429321289062,63.659057617187514,285.83984375,0.09111906250000001,5.2396484375000005,4.508,
0,6,,,12.149429321289062,63.659057617187514,287.85156250000006,0.09111906250000001,5.2396484375000005,4.542,
0,6,,,12.182235717773438,63.8275146484375,290.078125,0.091365625,5.239453125000001,4.576,
0,6,,,12.232398986816406,64.0966796875,292.29492187500006,0.09174156250000001,5.2400390625,4.61,
0,6,,,12.232398986816406,64.0966796875,294.52148437500006,0.09174156250000001,5.2400390625,4.644,
0,6,,,12.22209930419922,64.0411376953125,296.53320312500006,0.09166468750000001,5.23984375,4.678,
0,6,,,12.249183654785156,64.178466796875,298.76953125,0.0918675,5.239453125000001,4.712,
0,6,,,12.249183654785156,64.178466796875,300.98632812500006,0.0918675,5.239453125000001,4.746,
0,6,,,12.190628051757814,63.870849609375,303.22265625,0.09142781250000001,5.239453125000001,4.78,
0,6,,,12.2528076171875,64.19738769531251,305.43945312500006,0.09189562500000001,5.239453125000001,4.814,
0,6,,,12.2528076171875,64.19738769531251,307.45117187500006,0.09189562500000001,5.239453125000001,4.848,
0,6,,,12.188148498535156,63.8580322265625,309.68750000000006,0.09141062500000001,5.2392578125,4.882,
0,6,,,12.301826477050783,64.4537353515625,311.92382812500006,0.09226250000000001,5.239453125000001,4.916,
0,6,,,12.301826477050783,64.4537353515625,314.16015625000006,0.09226250000000001,5.239453125000001,4.95,
0,6,,,12.29839324951172,64.43908691406251,316.19140625000006,0.09223656250000001,5.2396484375000005,4.984,
0,6,,,12.236785888671875,64.1131591796875,318.41796875000006,0.09177531250000001,5.239453125000001,5.018,
0,6,,,12.236785888671875,64.1131591796875,320.63476562500006,0.09177531250000001,5.239453125000001,5.052,
0,6,,,12.269020080566406,64.28161621093751,322.86132812500006,0.09201687500000001,5.2392578125,5.086,
0,6,,,12.244796752929688,64.1583251953125,325.08789062500006,0.091835625,5.2396484375000005,5.12,
0,6,,,12.244796752929688,64.1583251953125,327.10937500000006,0.091835625,5.2390625,5.154,
0,6,,,12.215423583984377,63.997802734375014,329.3359375,0.091615,5.2390625,5.189,
0,6,,,12.247085571289062,64.16931152343751,331.57226562500006,0.0918521875,5.2396484375000005,5.223,
0,6,,,12.247085571289062,64.16931152343751,333.81835937500006,0.0926790625,5.239453125000001,5.257,
0,6,,,12.357330322265625,64.74487304687501,336.04492187500006,0.0926790625,5.239453125000001,5.291,
0,6,,,12.21446990966797,63.9923095703125,338.06640625000006,0.09160781250000001,5.2390625,5.325,
0,6,,,12.21446990966797,63.9923095703125,340.29296875000006,0.09186250000000001,5.2390625,5.359,
0,6,,,12.248420715332033,64.171142578125,342.509765625,0.09186250000000001,5.2390625,5.393,
0,6,,,12.169647216796877,63.75793457031251,344.7265625,0.09127125000000001,5.2390625,5.427,
0,6,,,12.169647216796877,63.75793457031251,346.95312500000006,0.09182562500000001,5.239453125000001,5.461,
0,6,,,12.243652343750002,64.1485595703125,348.974609375,0.09182562500000001,5.239453125000001,5.495,
0,6,,,12.251472473144531,64.19311523437501,351.21093750000006,0.0918840625,5.2396484375000005,5.529,
0,6,,,12.251472473144531,64.19311523437501,353.42773437500006,0.09163125000000001,5.2400390625,5.563,
0,6,,,12.21771240234375,64.0203857421875,355.65429687500006,0.09163125000000001,5.2400390625,5.597,
0,6,,,12.243652343750002,64.14978027343751,357.67578125000006,0.09182593750000001,5.239453125000001,5.631,
0,6,,,12.22648620605469,64.0643310546875,359.90234375,0.09169718750000001,5.23984375,5.665,
0,6,,,12.22648620605469,64.0643310546875,362.11914062500006,0.09169718750000001,5.23984375,5.699,
0,6,,,12.182426452636719,63.828735351562514,364.32617187500006,0.0913675,5.239453125000001,5.733,
0,6,,,12.142944335937502,63.626708984375,366.33789062500006,0.091070625,5.23984375,5.767,
0,6,,,12.142944335937502,63.626708984375,368.55468750000006,0.091070625,5.23984375,5.801,
0,6,,,12.188720703125002,63.86352539062501,370.77148437500006,0.091414375,5.2396484375000005,5.835,
0,6,,,12.19940185546875,63.92272949218751,372.98828125000006,0.091494375,5.23984375,5.869,
0,6,,,12.19940185546875,63.92272949218751,375.18554687500006,0.091494375,5.23984375,5.903,
0,6,,,12.109756469726562,63.45153808593751,377.1875,0.09082156250000001,5.23984375,5.937,
0,6,,,12.155532836914062,63.686523437500014,379.40429687500006,0.09116500000000001,5.2392578125,5.971,
0,6,,,12.155532836914062,63.686523437500014,381.630859375,0.09116500000000001,5.2392578125,6.005,
0,6,,,12.190437316894531,63.869628906250014,383.84765625000006,0.09142781250000001,5.2392578125,6.039,
0,6,,,12.199020385742188,63.91235351562501,385.85937500000006,0.09149125000000001,5.2392578125,6.073,
0,6,,,12.199020385742188,63.91235351562501,388.06640625000006,0.09149125000000001,5.2392578125,6.107,
0,6,,,12.124252319335938,63.52844238281251,390.28320312500006,0.09093031250000001,5.23984375,6.141,
0,6,,,12.189292907714846,63.86657714843751,392.49023437500006,0.09141906250000001,5.2396484375000005,6.175,
0,6,,,12.189292907714846,63.86657714843751,394.501953125,0.09141906250000001,5.2396484375000005,6.209,
0,6,,,12.150955200195312,63.671264648437514,396.708984375,0.09113156250000001,5.2400390625,6.244,
0,6,,,12.11681365966797,63.489990234375,398.916015625,0.090875625,5.23984375,6.278,
0,6,,,12.11681365966797,63.489990234375,401.123046875,0.090875625,5.23984375,6.312,
0,6,,,12.135887145996096,63.585815429687514,403.33007812500006,0.0910175,5.2396484375000005,6.346,
0,6,,,12.164497375488283,63.737182617187514,405.54687500000006,0.09123312500000001,5.2396484375000005,6.38,
0,6,,,12.164497375488283,63.737182617187514,407.54882812500006,0.09123312500000001,5.2396484375000005,6.414,
0,6,,,12.152481079101564,63.676147460937514,409.765625,0.0911425,5.23984375,6.448,
0,6,,,12.190055847167969,63.87878417968751,411.982421875,0.0914246875,5.240234375,6.482,
0,6,,,12.190055847167969,63.87878417968751,414.1796875,0.0914246875,5.240234375,6.516,
0,6,,,12.10174560546875,63.41064453125001,416.181640625,0.0907615625,5.23984375,6.55,
0,6,,,12.120819091796875,63.509521484375014,418.38867187500006,0.09090437500000001,5.23984375,6.583,
0,6,,,12.120819091796875,63.509521484375014,420.58593750000006,0.09090437500000001,5.23984375,6.617,
0,6,,,12.108421325683594,63.447875976562514,422.80273437500006,0.0908125,5.2400390625,6.651,
0,6,,,12.136650085449219,63.582153320312514,424.8046875,0.09102343750000001,5.2388671875,6.685,
0,6,,,12.136650085449219,63.582153320312514,427.001953125,0.09102343750000001,5.23984375,6.719,
0,6,,,12.109756469726562,63.45153808593751,429.20898437500006,0.09082187500000001,5.23984375,6.753,
0,6,,,12.102508544921877,63.41918945312501,431.40625000000006,0.09076843750000001,5.240234375,6.787,
0,6,,,12.102508544921877,63.41918945312501,433.40820312500006,0.09076843750000001,5.23984375,6.821,
0,6,,,12.103843688964846,63.42041015625001,435.60546875000006,0.09077718750000001,5.23984375,6.855,
0,6,,,12.105560302734375,63.4307861328125,437.8125,0.09079000000000001,5.23984375,6.889,
0,6,,,12.105560302734375,63.4307861328125,440.009765625,0.09084375,5.23984375,6.923,
0,6,,,12.112617492675781,63.46679687500001,442.02148437500006,0.09084375,5.23984375,6.957,
0,6,,,12.132453918457033,63.57849121093751,444.2285156250001,0.09099187500000001,5.240429687500001,6.991,
0,6,,,12.132453918457033,63.57849121093751,446.43554687500006,0.09101500000000001,5.2396484375000005,7.025,
0,6,,,12.135505676269531,63.583984375,448.63281250000006,0.09101500000000001,5.2396484375000005,7.059,
0,6,,,12.101936340332033,63.4124755859375,450.83984375000006,0.09076375,5.23984375,7.093,
0,6,,,12.101936340332033,63.4124755859375,452.84179687500006,0.090833125,5.23984375,7.127,
0,6,,,12.111282348632812,63.4619140625,455.03906250000006,0.090833125,5.23984375,7.161,
0,6,,,12.11967468261719,63.49853515625001,457.24609375,0.090896875,5.2392578125,7.195,
0,6,,,12.11967468261719,63.49853515625001,459.443359375,0.090738125,5.2388671875,7.229,
0,6,,,12.098503112792969,63.3831787109375,461.45507812500006,0.090738125,5.2388671875,7.264,
0,6,,,12.110137939453127,63.45336914062501,463.65234375000006,0.0908246875,5.23984375,7.298,
0,6,,,12.095451354980469,63.37585449218751,465.84960937500006,0.090715,5.2396484375000005,7.332,
0,6,,,12.095451354980469,63.37585449218751,468.05664062500006,0.090715,5.2396484375000005,7.366,
0,6,,,12.106132507324219,63.433837890625,470.25390625000006,0.090795,5.23984375,7.4,
0,6,,,12.099266052246094,63.3978271484375,472.2558593750001,0.09074375000000001,5.23984375,7.434,
0,6,,,12.099266052246094,63.3978271484375,474.462890625,0.09074375000000001,5.23984375,7.468,
0,6,,,12.126541137695312,63.54125976562501,476.66992187500006,0.09094718750000001,5.23984375,7.502,
0,6,,,12.120628356933596,63.507080078125,478.86718750000006,0.09090406250000001,5.2396484375000005,7.536,
0,6,,,12.120628356933596,63.507080078125,481.0742187500001,0.09090406250000001,5.2396484375000005,7.57,
0,6,,,12.090682983398438,63.356933593750014,483.06640625000006,0.09067843750000001,5.240234375,7.604,
0,6,,,12.106323242187502,63.43444824218751,485.27343750000006,0.09079625000000001,5.23984375,7.637,
0,6,,,12.106323242187502,63.43444824218751,487.47070312500006,0.09079625000000001,5.23984375,7.671,
0,6,,,12.097358703613281,63.384399414062514,489.66796875000006,0.09072906250000001,5.2396484375000005,7.705,
0,6,,,12.113571166992188,63.47045898437501,491.6796875,0.090850625,5.2396484375000005,7.739,
0,6,,,12.113571166992188,63.47045898437501,493.876953125,0.090850625,5.2396484375000005,7.773,
0,6,,,12.100982666015627,63.40515136718751,496.07421875,0.090756875,5.2396484375000005,7.807,
0,6,,,12.104988098144531,63.43444824218751,498.28125000000006,0.09078593750000001,5.240429687500001,7.841,
0,6,,,12.104988098144531,63.43444824218751,500.27343750000006,0.09078593750000001,5.240429687500001,7.875,
0,6,,,12.08629608154297,63.32763671875001,502.48046875000006,0.09064593750000001,5.2396484375000005,7.909,
0,6,,,12.106132507324219,63.43627929687501,504.67773437500006,0.09079437500000001,5.2400390625,7.943,
0,6,,,12.106132507324219,63.43627929687501,506.88476562500006,0.09079437500000001,5.2400390625,7.977,
0,6,,,12.113761901855469,63.477783203125014,508.88671875,0.09085156250000001,5.240234375,8.011,
0,6,,,12.11814880371094,63.49731445312501,511.09375,0.09088500000000001,5.23984375,8.045,
0,6,,,12.11814880371094,63.49731445312501,513.291015625,0.09088500000000001,5.23984375,8.079,
0,6,,,12.106895446777344,63.43688964843751,515.4980468750001,0.09080062500000001,5.23984375,8.113,
0,6,,,12.109565734863283,63.446044921875,517.6953125000001,0.09082031250000001,5.239453125000001,8.147,
0,6,,,12.109565734863283,63.446044921875,519.6972656250001,0.09082031250000001,5.239453125000001,8.181,
0,6,,,12.103080749511719,63.4136962890625,521.9042968750001,0.09077125000000001,5.2396484375000005,8.215,
0,6,,,12.131309509277344,63.569335937500014,524.111328125,0.09098343750000001,5.2400390625,8.249,
0,6,,,12.131309509277344,63.569335937500014,526.30859375,0.09098343750000001,5.2400390625,8.283,
0,6,,,12.11051940917969,63.45703125000001,528.3105468750001,0.09082843750000001,5.23984375,8.318,
0,6,,,12.10289001464844,63.417358398437514,530.517578125,0.09077093750000001,5.23984375,8.352,
0,6,,,12.10289001464844,63.417358398437514,532.71484375,0.09077093750000001,5.23984375,8.386,
0,6,,,12.100410461425781,63.40393066406251,534.912109375,0.09075156250000001,5.23984375,8.42,
0,6,,,12.101936340332033,63.40942382812501,537.1191406250001,0.09076375,5.2396484375000005,8.454,
0,6,,,12.101936340332033,63.40942382812501,539.1210937500001,0.09076375,5.2396484375000005,8.488,
0,6,,,12.102508544921877,63.411865234375014,541.328125,0.0907678125,5.2396484375000005,8.522,
0,6,,,12.153244018554688,63.67065429687501,543.53515625,0.09114781250000001,5.2390625,8.556,
0,6,,,12.153244018554688,63.67065429687501,545.732421875,0.09073625,5.240234375,8.59,
0,6,,,12.098312377929688,63.3984375,547.734375,0.09073625,5.240234375,8.624,
0,6,,,12.099075317382814,63.39294433593751,549.9414062500001,0.0907421875,5.239453125000001,8.658,
0,6,,,12.099075317382814,63.39294433593751,552.1386718750001,0.09094031250000001,5.2400390625,8.692,
0,6,,,12.125587463378906,63.536987304687514,554.345703125,0.09094031250000001,5.2400390625,8.726,
0,6,,,12.116432189941406,63.490600585937514,556.54296875,0.09087250000000001,5.2400390625,8.759,
0,6,,,12.116432189941406,63.490600585937514,558.544921875,0.09074406250000001,5.2396484375000005,8.793,
0,6,,,12.099266052246094,63.396606445312514,560.751953125,0.09074406250000001,5.2396484375000005,8.827,
0,6,,,12.125205993652344,63.536376953125014,562.9589843750001,0.0909378125,5.2400390625,8.861,
0,6,,,12.125205993652344,63.536376953125014,565.1562500000001,0.09083125,5.239453125000001,8.895,
0,6,,,12.11090087890625,63.45336914062501,567.1582031250001,0.09083125,5.239453125000001,8.929,
0,6,,,12.12310791015625,63.5205078125,569.3652343750001,0.0909228125,5.2396484375000005,8.963,
0,6,,,12.12310791015625,63.5205078125,571.5722656250001,0.09087437500000001,5.2396484375000005,8.997,
0,6,,,12.116622924804688,63.48632812500001,573.7695312500001,0.09087437500000001,5.2396484375000005,9.031,
0,6,,,12.100410461425781,63.3984375,575.78125,0.09075218750000001,5.239453125000001,9.065,
0,6,,,12.145423889160158,63.64013671875001,577.98828125,0.0910896875,5.23984375,9.099,
0,6,,,12.145423889160158,63.64013671875001,580.185546875,0.0910896875,5.23984375,9.133,
0,6,,,12.103080749511719,63.417968750000014,582.3925781250001,0.0907725,5.23984375,9.167,
0,6,,,12.10784912109375,63.446044921875,584.3945312500001,0.09080718750000001,5.240234375,9.201,
0,6,,,12.10784912109375,63.446044921875,586.5917968750001,0.09080718750000001,5.240234375,9.235,
0,6,,,12.097930908203125,63.39111328125001,588.7890625000001,0.09073375,5.23984375,9.269,
0,6,,,12.0941162109375,63.36059570312501,590.9960937500001,0.0907040625,5.2390625,9.303,
0,6,,,12.0941162109375,63.36059570312501,593.1933593750001,0.0907040625,5.2390625,9.337,
0,6,,,12.096023559570312,63.382568359375,595.1953125,0.090719375,5.2400390625,9.372,
0,6,,,12.095451354980469,63.384399414062514,597.392578125,0.0907146875,5.240429687500001,9.406,
0,6,,,12.095451354980469,63.384399414062514,599.58984375,0.0907146875,5.240429687500001,9.44,
0,6,,,12.092781066894531,63.36120605468751,601.7968750000001,0.09069468750000001,5.2396484375000005,9.474,
0,6,,,12.11204528808594,63.46740722656251,603.9941406250001,0.0908396875,5.2400390625,9.508,
0,6,,,12.11204528808594,63.46740722656251,605.9960937500001,0.0908396875,5.2400390625,9.542,
0,6,,,12.098693847656252,63.38928222656251,608.1933593750001,0.0907384375,5.239453125000001,9.576,
0,6,,,12.098884582519531,63.3984375,610.4003906250001,0.09074125000000001,5.2400390625,9.61,
0,6,,,12.098884582519531,63.3984375,612.5976562500001,0.09074125000000001,5.2400390625,9.644,
0,6,,,12.096214294433596,63.38012695312501,614.599609375,0.09072062500000001,5.2396484375000005,9.678,
0,6,,,12.092208862304688,63.3575439453125,616.796875,0.09069093750000001,5.2396484375000005,9.712,
0,6,,,12.092208862304688,63.3575439453125,618.994140625,0.09069093750000001,5.2396484375000005,9.745,
0,6,,,12.098884582519531,63.3978271484375,621.2011718750001,0.0907403125,5.2400390625,9.779,
0,6,,,12.108612060546877,63.444824218750014,623.2031250000001,0.09081312500000001,5.2396484375000005,9.813,
0,6,,,12.108612060546877,63.444824218750014,625.4003906250001,0.09081312500000001,5.2396484375000005,9.847,
0,6,,,12.10289001464844,63.417968750000014,627.5976562500001,0.09077125000000001,5.23984375,9.881,
0,6,,,12.093162536621094,63.3697509765625,629.8046875000001,0.090698125,5.240234375,9.915,
0,6,,,12.093162536621094,63.3697509765625,632.0019531250001,0.090698125,5.240234375,9.949,
0,6,,,12.09678649902344,63.3831787109375,634.0039062500001,0.0907253125,5.2396484375000005,9.983,
0,7,,,12.006378173828125,62.92297363281251,642.5390625,0.0900459375,5.2408203125,10.118,
0,7,,,12.006378173828125,62.92297363281251,644.6386718750001,0.0900459375,5.2408203125,10.152,
0,7,,,11.556625366210938,60.57556152343751,646.5429687500001,0.086673125,5.2416015625000005,10.186,
0,7,,,11.529922485351562,60.42785644531251,648.642578125,0.08647281250000001,5.241015625,10.22,
0,7,,,11.529922485351562,60.42785644531251,650.7421875000001,0.08647281250000001,5.241015625,10.254,
0,7,,,11.532402038574219,60.442504882812514,652.8417968750001,0.08649218750000001,5.2412109375,10.288,
0,7,,,11.534500122070314,60.45349121093751,654.74609375,0.0865075,5.2412109375,10.322,
0,7,,,11.534500122070314,60.45349121093751,656.8457031250001,0.0865075,5.241406250000001,10.356,
0,7,,,11.536598205566406,60.467529296875,658.9453125000001,0.0865228125,5.241406250000001,10.39,
0,7,,,11.536407470703127,60.4681396484375,661.0449218750001,0.08652156250000001,5.2416015625000005,10.424,
0,7,,,11.536407470703127,60.4681396484375,663.1445312500001,0.08652156250000001,5.2416015625000005,10.458,
0,7,,,11.531257629394533,60.441894531250014,665.0488281250001,0.08648312500000001,5.2416015625000005,10.492,
0,7,,,11.535835266113281,60.463867187500014,667.1484375000001,0.086518125,5.241406250000001,10.527,
0,7,,,11.535835266113281,60.463867187500014,669.2480468750001,0.08650437500000001,5.2412109375,10.561,
0,7,,,11.534118652343752,60.4522705078125,671.34765625,0.08650437500000001,5.2412109375,10.594,
0,7,,,11.53984069824219,60.4827880859375,673.4472656250001,0.08654718750000001,5.2412109375,10.628,
0,7,,,11.53984069824219,60.4827880859375,675.3515625000001,0.08654281250000001,5.2406250000000005,10.662,
0,7,,,11.539268493652346,60.473022460937514,677.451171875,0.08654281250000001,5.2406250000000005,10.696,
0,7,,,11.537742614746094,60.472412109375014,679.5507812500001,0.08653218750000001,5.2412109375,10.73,
0,7,,,11.537742614746094,60.472412109375014,681.6503906250001,0.08655343750000001,5.2412109375,10.764,
0,7,,,11.540603637695312,60.48706054687501,683.7500000000001,0.08655343750000001,5.2412109375,10.798,
0,7,,,11.539459228515625,60.48095703125001,685.6640625000001,0.08654531250000001,5.2412109375,10.832,
0,7,,,11.539459228515625,60.49011230468751,687.7636718750001,0.0865565625,5.241406250000001,10.866,
0,7,,,11.540985107421875,60.49011230468751,689.8632812500001,0.0865565625,5.241406250000001,10.9,
0,7,,,11.541366577148438,60.49011230468751,691.9628906250001,0.0865584375,5.2412109375,10.934,
0,7,,,11.541938781738281,60.49377441406251,693.8671875000001,0.08656375000000001,5.2412109375,10.968,
0,7,,,11.541938781738281,60.49377441406251,695.9667968750001,0.08656375000000001,5.2412109375,11.002,
0,7,,,11.545372009277344,60.51269531250001,698.0664062500001,0.08658968750000001,5.2412109375,11.036,
0,7,,,11.543655395507814,60.5072021484375,700.1660156250001,0.08657656250000001,5.2416015625000005,11.07,
0,7,,,11.543655395507814,60.5072021484375,702.0800781250001,0.08657656250000001,5.2416015625000005,11.104,
0,7,,,11.539459228515625,60.48461914062501,704.1796875,0.08654500000000001,5.2416015625000005,11.138,
0,7,,,11.538887023925783,60.47607421875001,706.279296875,0.08654031250000001,5.241015625,11.172,
0,7,,,11.538887023925783,60.47607421875001,708.3789062500001,0.08654031250000001,5.241015625,11.206,
0,7,,,11.539077758789062,60.47729492187501,710.283203125,0.086541875,5.241015625,11.24,
0,7,,,11.539077758789062,60.485229492187514,712.3828125,0.08654250000000001,5.241796875,11.274,
0,7,,,11.539077758789062,60.485229492187514,714.4824218750001,0.08654250000000001,5.241796875,11.308,
0,7,,,11.540031433105469,60.485229492187514,716.5820312500001,0.08654968750000001,5.241406250000001,11.342,
0,7,,,11.53831481933594,60.47607421875001,718.4960937500001,0.086535625,5.241406250000001,11.376,
0,7,,,11.53831481933594,60.47607421875001,720.5957031250001,0.086535625,5.241406250000001,11.41,
0,7,,,11.537933349609377,60.47363281250001,722.6855468750001,0.0865334375,5.2412109375,11.444,
0,7,,,11.539077758789062,60.479125976562514,724.7851562500001,0.0865421875,5.2412109375,11.478,
0,7,,,11.539077758789062,60.479125976562514,726.884765625,0.0865421875,5.2412109375,11.512,
0,8,,,12.028694152832031,63.02978515625001,733.6914062500001,0.09229031250000001,5.2390625,11.622,
0,8,,,12.305450439453125,64.46777343750001,736.1523437500001,0.09229031250000001,5.2390625,11.656,
0,8,,,13.536834716796877,70.86853027343751,738.6132812500001,0.1015246875,5.2353515625,11.69,
0,8,,,13.536834716796877,70.86853027343751,741.0742187500001,0.10156250000000001,5.2357421875000005,11.724,
0,8,,,13.541793823242188,70.9002685546875,743.5449218750001,0.10156250000000001,5.2357421875000005,11.758,
0,8,,,13.596725463867188,71.18957519531251,745.80078125,0.10197375,5.2357421875000005,11.792,
0,8,,,13.6444091796875,71.43310546875001,748.2812500000001,0.1023325,5.2353515625,11.826,
0,8,,,13.6444091796875,71.43310546875001,750.7421875000001,0.1023325,5.2353515625,11.86,
0,8,,,13.546562194824219,70.92163085937501,753.2031250000001,0.10159750000000001,5.2353515625,11.894,
0,8,,,13.508987426757812,70.72631835937501,755.4296875000001,0.10131656250000001,5.235546875000001,11.928,
0,8,,,13.508987426757812,70.72631835937501,757.890625,0.10131656250000001,5.235546875000001,11.962,
0,8,,,13.527488708496094,70.823974609375,760.2734375000001,0.10145437500000001,5.235546875000001,11.996,
0,8,,,11.922836303710938,62.48535156250001,762.3535156250001,0.089420625,5.241015625,12.03,
0,8,,,11.922836303710938,62.48535156250001,764.23828125,0.089420625,5.241015625,12.064,
0,8,,,11.402702331542969,59.7662353515625,766.30859375,0.0855190625,5.241406250000001,12.098,
0,8,,,11.406517028808594,59.785766601562514,768.388671875,0.08554718750000001,5.241406250000001,12.132,
0,8,,,11.406517028808594,59.785766601562514,770.458984375,0.08554718750000001,5.241406250000001,12.166,
0,8,,,11.40727996826172,59.79309082031251,772.3437500000001,0.08555375000000001,5.2416015625000005,12.2,
0,8,,,11.41014099121094,59.8077392578125,774.4238281250001,0.0855753125,5.2416015625000005,12.234,
0,8,,,11.41014099121094,59.8077392578125,776.5039062500001,0.0855753125,5.2416015625000005,12.268,
0,8,,,11.40727996826172,59.79370117187501,778.5742187500001,0.0855528125,5.241796875,12.302,
0,8,,,11.408424377441406,59.79736328125001,780.6542968750001,0.08556250000000001,5.2416015625000005,12.336,
0,8,,,11.408424377441406,59.79736328125001,782.5390625000001,0.08556250000000001,5.2416015625000005,12.37,
0,8,,,11.406898498535156,59.7967529296875,784.609375,0.085550625,5.2421875,12.404,
0,8,,,11.410522460937502,59.810180664062514,786.6894531250001,0.0855784375,5.2416015625000005,12.438,
0,8,,,11.410522460937502,59.810180664062514,788.76953125,0.0855784375,5.2416015625000005,12.472,
0,8,,,11.408042907714844,59.7967529296875,790.6542968750001,0.0855590625,5.2416015625000005,12.506,
0,8,,,11.406898498535156,59.79431152343751,792.724609375,0.08555,5.2419921875,12.54,
0,8,,,11.406898498535156,59.79431152343751,794.8046875000001,0.08555,5.2419921875,12.574,
0,8,,,11.408805847167969,59.80224609375001,796.875,0.085565625,5.241796875,12.607,
0,8,,,11.406517028808594,59.79125976562501,798.76953125,0.0855478125,5.2419921875,12.641,
0,8,,,11.406517028808594,59.79125976562501,800.8398437500001,0.0855478125,5.2419921875,12.676,
0,9,,,12.05577850341797,63.1719970703125,809.4335937500001,0.09041687500000001,5.2400390625,12.811,
0,9,,,12.900543212890625,67.56103515625,811.8164062500001,0.09675312500000001,5.237109375,12.845,
0,10,,,12.053871154785158,63.1561279296875,820.556640625,0.09040250000000001,5.2396484375000005,12.979,
0,10,,,12.340736389160156,64.65270996093751,822.607421875,0.09255437500000001,5.2390625,13.013,
0,10,,,12.53509521484375,65.66162109375,824.90234375,0.0940115625,5.23828125,13.047,
0,10,,,12.53509521484375,65.66162109375,827.1875,0.0940115625,5.23828125,13.081,
0,10,,,12.544441223144533,65.70922851562501,829.443359375,0.09408250000000001,5.23828125,13.115,
0,10,,,12.55302429199219,65.75561523437501,831.5234375000001,0.094146875,5.23828125,13.149,
0,10,,,12.55302429199219,65.75561523437501,833.837890625,0.094146875,5.2386718750000005,13.183,
0,10,,,12.57457733154297,65.8721923828125,836.0937500000001,0.09430875000000001,5.2386718750000005,13.217,
0,11,,,12.161636352539064,63.717041015625014,844.5312500000001,0.0912109375,5.2392578125,13.352,
0,11,,,12.161636352539064,63.717041015625014,846.8457031250001,0.0912109375,5.2376953125000005,13.386,
0,11,,,12.765693664550783,66.861572265625,849.1796875000001,0.09574093750000001,5.2376953125000005,13.42,
0,11,,,12.734222412109377,66.70104980468751,851.4843750000001,0.0955046875,5.2380859375,13.454,
0,12,,,10.146522521972658,53.2220458984375,1.337890625,0.0760984375,5.245312500000001,0.033,
0,12,,,10.169410705566408,53.3441162109375,3.1933593750000004,0.07627,5.2455078125000005,0.067,
0,12,,,10.169410705566408,53.3441162109375,5.0390625,0.07627,5.2455078125000005,0.101,
0,12,,,10.163307189941406,53.3050537109375,6.728515625000001,0.0762234375,5.244921875,0.135,
0,12,,,10.18657684326172,53.42773437500001,8.583984375000002,0.07639875,5.244921875,0.169,
0,12,,,10.18657684326172,53.42773437500001,10.439453125000002,0.07639875,5.244921875,0.203,
0,12,,,10.176086425781252,53.37829589843751,12.294921875000002,0.07631937500000001,5.2455078125000005,0.237,
0,12,,,10.182189941406252,53.4051513671875,13.974609375,0.076365,5.2451171875,0.271,
0,12,,,10.182189941406252,53.4051513671875,15.830078125000004,0.076365,5.2451171875,0.305,
0,12,,,10.166931152343752,53.32336425781251,17.67578125,0.07625187500000001,5.2447265625,0.339,
0,12,,,10.172843933105469,53.35876464843751,19.53125,0.076295,5.245312500000001,0.373,
0,12,,,10.172843933105469,53.35876464843751,21.386718750000004,0.076295,5.245312500000001,0.407,
0,12,,,10.192489624023438,53.46130371093751,23.066406250000004,0.07644218750000001,5.245312500000001,0.441,
0,12,,,10.184288024902344,53.41552734375001,24.921875000000004,0.07638125000000001,5.244921875,0.475,
0,12,,,10.184288024902344,53.41552734375001,26.77734375,0.07638125000000001,5.244921875,0.509,
0,12,,,10.184097290039064,53.41979980468751,28.6328125,0.07638,5.2455078125000005,0.543,
0,12,,,10.197639465332031,53.48632812500001,30.488281250000007,0.0764821875,5.244921875,0.577,
0,12,,,10.197639465332031,53.48632812500001,32.177734375,0.0764821875,5.244921875,0.611,
0,12,,,10.194969177246094,53.472900390625,34.033203125,0.076460625,5.2451171875,0.645,
0,12,,,10.19268035888672,53.46557617187501,35.888671875,0.07644500000000001,5.2455078125000005,0.679,
0,12,,,10.19268035888672,53.46557617187501,37.74414062500001,0.07644500000000001,5.2455078125000005,0.713,
0,12,,,10.173988342285156,53.365478515625,39.43359375,0.07630468750000001,5.245312500000001,0.747,
0,12,,,10.198783874511719,53.499145507812514,41.2890625,0.07649,5.245703125,0.781,
0,12,,,10.198783874511719,53.499145507812514,43.14453125000001,0.07649,5.245703125,0.815,
0,12,,,10.192489624023438,53.46130371093751,44.99023437500001,0.076443125,5.2451171875,0.849,
0,12,,,10.18791198730469,53.43994140625001,46.67968750000001,0.07640875000000001,5.2455078125000005,0.883,
0,12,,,10.18791198730469,53.43994140625001,48.53515625,0.07640875000000001,5.244921875,0.917,
0,12,,,10.194015502929688,53.4661865234375,50.40039062500001,0.07645375,5.244921875,0.951,
0,12,,,10.192298889160158,53.46130371093751,52.24609375,0.0764415625,5.245312500000001,0.985,
0,12,,,10.192298889160158,53.46130371093751,54.10156250000001,0.0764415625,5.244921875,1.019,
0,12,,,10.189056396484375,53.44055175781251,55.79101562500001,0.07641656250000001,5.244921875,1.053,
0,12,,,10.189247131347656,53.44482421875,57.64648437500001,0.07641875000000001,5.245312500000001,1.087,
0,12,,,10.189247131347656,53.44482421875,59.50195312500001,0.07653375000000001,5.245312500000001,1.121,
0,12,,,10.20469665527344,53.52661132812501,61.357421875000014,0.07653375000000001,5.245312500000001,1.155,
0,12,,,10.196304321289062,53.47717285156251,63.046875,0.0764715625,5.2447265625,1.189,
0,12,,,10.196304321289062,53.47717285156251,64.90234375000001,0.0764859375,5.2451171875,1.223,
0,12,,,10.198211669921875,53.49121093750001,66.7578125,0.0764859375,5.2451171875,1.257,
0,12,,,10.191917419433594,53.45947265625001,68.61328125,0.07643875,5.245312500000001,1.291,
0,12,,,10.191917419433594,53.45947265625001,70.30273437500001,0.07643000000000001,5.2451171875,1.325,
0,12,,,10.190773010253908,53.45214843750001,72.15820312500001,0.07643000000000001,5.2451171875,1.359,
0,12,,,10.196685791015625,53.4881591796875,74.0234375,0.07647437500000001,5.245703125,1.393,
0,12,,,10.196685791015625,53.4881591796875,75.86914062500001,0.076476875,5.2455078125000005,1.427,
0,12,,,10.19706726074219,53.4881591796875,77.55859375000001,0.076476875,5.2455078125000005,1.461,
0,12,,,10.199546813964844,53.497314453125,79.41406250000001,0.0764959375,5.2451171875,1.494,
0,12,,,10.199546813964844,53.33435058593751,81.26953125000001,0.07626281250000001,5.2451171875,1.528,
0,12,,,10.168457031250002,53.33435058593751,83.125,0.07626281250000001,5.2451171875,1.562,
0,12,,,10.200881958007814,53.49853515625001,84.98046875000001,0.07650625000000001,5.2445312500000005,1.597,
0,12,,,10.1715087890625,53.34960937500001,86.66015625000001,0.07628562500000001,5.244921875,1.631,
0,12,,,10.1715087890625,53.34960937500001,88.51562500000001,0.07628562500000001,5.244921875,1.665,
0,12,,,10.171699523925783,53.34838867187501,90.36132812500001,0.076286875,5.2447265625,1.699,
0,12,,,10.191726684570314,53.45642089843751,92.22656250000001,0.076436875,5.2451171875,1.733,
0,12,,,10.191726684570314,53.45642089843751,94.08203125000001,0.076436875,5.2451171875,1.767,
0,12,,,10.178375244140627,53.386230468750014,95.76171875,0.0763375,5.2451171875,1.801,
0,12,,,10.169029235839844,53.33679199218751,97.607421875,0.0762671875,5.2451171875,1.835,
0,12,,,10.169029235839844,53.33679199218751,99.46289062500001,0.0762671875,5.2451171875,1.869,
0,12,,,10.192489624023438,53.46130371093751,101.318359375,0.076443125,5.2451171875,1.903,
0,12,,,10.192298889160158,53.45886230468751,103.0078125,0.0764409375,5.2451171875,1.937,
0,12,,,10.192298889160158,53.45886230468751,104.86328125,0.0764409375,5.2451171875,1.971,
0,12,,,10.180854797363283,53.3966064453125,106.70898437500001,0.07635593750000001,5.2447265625,2.005,
0,12,,,10.158729553222656,53.28491210937501,108.56445312500001,0.076189375,5.245312500000001,2.039,
0,12,,,10.158729553222656,53.28491210937501,110.24414062500001,0.076189375,5.245312500000001,2.073,
0,12,,,10.178756713867188,53.38928222656251,112.09960937500001,0.07634031250000001,5.2451171875,2.107,
0,12,,,10.20355224609375,53.51806640625,113.96484375,0.07652625,5.2451171875,2.141,
0,12,,,10.20355224609375,53.51806640625,115.81054687500001,0.07652625,5.2451171875,2.175,
0,12,,,10.17742156982422,53.38317871093751,117.66601562500001,0.07633031250000001,5.245312500000001,2.209,
0,12,,,10.184478759765625,53.4173583984375,119.35546875000001,0.0763825,5.2451171875,2.243,
0,12,,,10.184478759765625,53.4173583984375,121.2109375,0.0763825,5.2451171875,2.277,
0,12,,,10.18028259277344,53.401489257812514,123.05664062500001,0.07635125000000001,5.2455078125000005,2.311,
0,12,,,10.180473327636719,53.401489257812514,124.91210937500003,0.0763521875,5.2455078125000005,2.345,
0,12,,,10.180473327636719,53.401489257812514,126.60156250000001,0.0763521875,5.2455078125000005,2.379,
0,12,,,10.181999206542969,53.4033203125,128.44726562500003,0.076365,5.244921875,2.413,
0,12,,,10.157585144042969,53.2806396484375,130.30273437500003,0.07618156250000001,5.245312500000001,2.447,
0,12,,,10.157585144042969,53.2806396484375,132.14843750000003,0.07618156250000001,5.245312500000001,2.481,
0,12,,,10.179710388183594,53.39538574218751,133.837890625,0.07634750000000001,5.245312500000001,2.515,
0,12,,,10.181427001953125,53.4027099609375,135.69335937500003,0.07636000000000001,5.2451171875,2.549,
0,12,,,10.181427001953125,53.4027099609375,137.548828125,0.07636000000000001,5.2451171875,2.582,
0,12,,,10.185623168945314,53.41918945312501,139.404296875,0.07639125000000001,5.2445312500000005,2.617,
0,12,,,10.181427001953125,53.40454101562501,141.083984375,0.07635937500000001,5.245312500000001,2.651,
0,12,,,10.181427001953125,53.40454101562501,142.939453125,0.07635937500000001,5.2451171875,2.685,
0,12,,,10.165977478027346,53.32153320312501,144.78515625000003,0.0762446875,5.2451171875,2.719,
0,12,,,10.189819335937502,53.44604492187501,146.64062500000003,0.07642312500000001,5.2451171875,2.753,
0,12,,,10.189819335937502,53.44604492187501,148.49609375000003,0.07623875000000001,5.2447265625,2.787,
0,12,,,10.165214538574219,53.314208984375,150.34179687500003,0.07623875000000001,5.2447265625,2.821,
0,12,,,10.165977478027346,53.3197021484375,152.03125000000003,0.07624375000000001,5.244921875,2.855,
0,12,,,10.165977478027346,53.3197021484375,153.88671875000003,0.07637218750000001,5.245312500000001,2.889,
0,12,,,10.183143615722658,53.41247558593751,155.73242187500003,0.07637218750000001,5.245312500000001,2.923,
0,12,,,10.172080993652344,53.3563232421875,157.587890625,0.07628968750000001,5.2455078125000005,2.957,
0,12,,,10.172080993652344,53.3563232421875,159.26757812500003,0.07626656250000001,5.245312500000001,2.991,
0,12,,,10.169029235839844,53.33862304687501,161.123046875,0.07626656250000001,5.245312500000001,3.025,
0,12,,,10.160827636718752,53.29406738281251,162.96875000000003,0.0762046875,5.2451171875,3.059,
0,12,,,10.160827636718752,53.29406738281251,164.814453125,0.0762109375,5.244921875,3.093,
0,12,,,10.161590576171875,53.29711914062501,166.50390625,0.0762109375,5.244921875,3.127,
0,12,,,10.1776123046875,53.38562011718751,168.359375,0.07633062500000001,5.2455078125000005,3.161,
0,12,,,10.1776123046875,53.38562011718751,170.21484375,0.07638062500000001,5.2458984375,3.195,
0,12,,,10.184097290039064,53.42407226562501,172.06054687500003,0.07638062500000001,5.2458984375,3.229,
0,12,,,10.149383544921877,53.23242187500001,173.74023437500003,0.0761196875,5.244921875,3.263,
0,12,,,10.178565979003906,53.3880615234375,175.59570312500003,0.0763378125,5.245312500000001,3.297,
0,12,,,10.178565979003906,53.3880615234375,177.44140625000003,0.0763378125,5.245312500000001,3.331,
0,12,,,10.171699523925783,53.35388183593751,179.29687500000003,0.07628750000000001,5.245312500000001,3.365,
0,12,,,10.1776123046875,53.3868408203125,181.15234375,0.0763315625,5.2455078125000005,3.399,
0,12,,,10.1776123046875,53.3868408203125,182.83203125000003,0.0763315625,5.2455078125000005,3.433,
0,12,,,10.1715087890625,53.34960937500001,184.6875,0.07628531250000001,5.2451171875,3.467,
0,12,,,10.177040100097658,53.38256835937501,186.54296875,0.0763271875,5.245312500000001,3.501,
0,12,,,10.177040100097658,53.38256835937501,188.38867187500003,0.0763271875,5.245312500000001,3.535,
0,12,,,10.163116455078127,53.30261230468751,190.06835937500003,0.07622250000000001,5.2447265625,3.569,
0,12,,,10.168647766113281,53.3380126953125,191.92382812500003,0.07626468750000001,5.245312500000001,3.603,
0,12,,,10.168647766113281,53.3380126953125,193.76953125000003,0.07626468750000001,5.245312500000001,3.637,
0,12,,,10.152053833007812,53.2501220703125,195.62500000000003,0.07614,5.245312500000001,3.671,
0,12,,,10.164833068847656,53.31909179687501,197.30468750000003,0.076235625,5.2455078125000005,3.705,
0,12,,,10.164833068847656,53.31909179687501,199.15039062500003,0.076235625,5.2455078125000005,3.739,
0,12,,,10.165977478027346,53.32214355468751,201.00585937500003,0.07624343750000001,5.245312500000001,3.773,
0,12,,,10.149955749511719,53.23669433593751,202.85156250000003,0.07612375,5.2451171875,3.807,
0,12,,,10.149955749511719,53.23669433593751,204.697265625,0.07612375,5.2451171875,3.841,
0,12,,,10.146522521972658,53.2220458984375,206.37695312500003,0.07609750000000001,5.2455078125000005,3.875,
0,12,,,10.161590576171875,53.300781250000014,208.23242187500003,0.076210625,5.245312500000001,3.909,
0,12,,,10.161590576171875,53.300781250000014,210.07812500000003,0.076210625,5.245312500000001,3.943,
0,12,,,10.157585144042969,53.27819824218751,211.923828125,0.07618156250000001,5.2451171875,3.977,
0,12,,,10.171127319335938,53.34533691406251,213.779296875,0.0762828125,5.2447265625,4.011,
0,12,,,10.171127319335938,53.34533691406251,215.46875000000003,0.0762828125,5.2447265625,4.045,
0,12,,,10.170745849609377,53.34777832031251,217.31445312500003,0.07627937500000001,5.245312500000001,4.079,
0,12,,,10.157203674316406,53.2769775390625,219.16992187500003,0.07617781250000001,5.245312500000001,4.113,
0,12,,,10.157203674316406,53.2769775390625,221.01562500000006,0.07617781250000001,5.245312500000001,4.147,
0,12,,,10.151100158691406,53.23852539062501,222.69531250000003,0.07613312500000001,5.2445312500000005,4.181,
0,12,,,10.162734985351564,53.30627441406251,224.54101562500003,0.07621968750000001,5.245312500000001,4.215,
0,12,,,10.162734985351564,53.30627441406251,226.39648437500003,0.07621968750000001,5.245312500000001,4.249,
0,12,,,10.158538818359375,53.28796386718751,228.24218750000003,0.07618843750000001,5.245703125,4.283,
0,12,,,10.15625,53.26660156250001,229.92187500000003,0.076170625,5.2447265625,4.317,
0,12,,,10.15625,53.26660156250001,231.77734375000003,0.076170625,5.2455078125000005,4.351,
0,12,,,10.183715820312502,53.41796875,233.6328125,0.07637687500000001,5.2455078125000005,4.385,
0,12,,,10.183906555175781,53.41491699218751,235.48828125000003,0.07637875000000001,5.2451171875,4.419,
0,12,,,10.183906555175781,53.41491699218751,237.16796875,0.07637875000000001,5.2455078125000005,4.453,
0,12,,,10.170745849609377,53.34899902343751,239.0234375,0.07627906250000001,5.2455078125000005,4.486,
0,12,,,10.1715087890625,53.36303710937501,240.869140625,0.07628531250000001,5.246289062500001,4.52,
0,12,,,10.1715087890625,53.36303710937501,242.724609375,0.0762465625,5.244921875,4.554,
0,12,,,10.166358947753906,53.32092285156251,244.40429687500003,0.0762465625,5.244921875,4.588,
0,12,,,10.162544250488281,53.304443359375,246.25976562500006,0.07621781250000001,5.245312500000001,4.622,
0,12,,,10.162544250488281,53.304443359375,248.10546875000006,0.0761890625,5.244921875,4.656,
0,12,,,10.158729553222656,53.28186035156251,249.96093750000003,0.0761890625,5.244921875,4.69,
0,12,,,10.174560546875002,53.3660888671875,251.640625,0.0763084375,5.2451171875,4.724,
0,12,,,10.174560546875002,53.3660888671875,253.49609375000003,0.07632625000000001,5.2451171875,4.759,
0,12,,,10.177040100097658,53.37890625000001,255.35156250000003,0.07632625000000001,5.2451171875,4.793,
0,12,,,10.1715087890625,53.35144042968751,257.19726562500006,0.07628593750000001,5.245312500000001,4.827,
0,12,,,10.1715087890625,53.35144042968751,259.05273437500006,0.0762440625,5.2447265625,4.861,
0,12,,,10.165977478027346,53.31726074218751,260.8984375,0.0762440625,5.2447265625,4.895,
0,12,,,10.17265319824219,53.353271484375,262.58789062500006,0.07629406250000001,5.2447265625,4.929,
0,12,,,10.169601440429688,53.34350585937501,264.43359375000006,0.07627093750000001,5.2455078125000005,4.963,
0,12,,,10.169601440429688,53.34350585937501,266.2890625,0.07627093750000001,5.2455078125000005,4.997,
0,12,,,10.179328918457033,53.39599609375,268.14453125000006,0.07634500000000001,5.2455078125000005,5.031,
0,12,,,10.160827636718752,53.29345703125001,269.82421875,0.0762059375,5.244921875,5.065,
0,12,,,10.160827636718752,53.29345703125001,271.6796875,0.0762059375,5.244921875,5.099,
0,12,,,10.188102722167969,53.43994140625001,273.53515625,0.0764096875,5.245312500000001,5.133,
0,12,,,10.197257995605469,53.487548828125,275.390625,0.07647812500000001,5.245312500000001,5.167,
0,12,,,10.197257995605469,53.487548828125,277.0703125,0.07647812500000001,5.245312500000001,5.201,
0,12,,,10.152053833007812,53.248901367187514,278.91601562500006,0.07614,5.2451171875,5.235,
0,12,,,10.164260864257812,53.3135986328125,280.77148437500006,0.0762315625,5.2451171875,5.268,
0,12,,,10.164260864257812,53.3135986328125,282.61718750000006,0.0762315625,5.2451171875,5.302,
0,12,,,10.166740417480469,53.32824707031251,284.30664062500006,0.07625000000000001,5.245312500000001,5.336,
0,12,,,10.174560546875002,53.36975097656251,286.15234375000006,0.07630906250000001,5.245312500000001,5.37,
0,12,,,10.174560546875002,53.36975097656251,288.0078125,0.07630906250000001,5.245312500000001,5.404,
0,12,,,10.163116455078127,53.30627441406251,289.85351562500006,0.07622187500000001,5.2451171875,5.438,
0,12,,,10.177040100097658,53.38134765625,291.70898437500006,0.0763275,5.245312500000001,5.472,
0,12,,,10.177040100097658,53.38134765625,293.3984375,0.0763275,5.245312500000001,5.506,
0,12,,,10.176086425781252,53.37646484375001,295.25390625000006,0.07631968750000001,5.245312500000001,5.54,
0,12,,,10.18524169921875,53.42529296875001,297.109375,0.07638906250000001,5.245312500000001,5.574,
0,12,,,10.18524169921875,53.42529296875001,298.95507812500006,0.07638906250000001,5.245312500000001,5.608,
0,12,,,10.178565979003906,53.386230468750014,300.64453125000006,0.07633843750000001,5.244921875,5.642,
0,12,,,10.179328918457033,53.39355468750001,302.50000000000006,0.0763440625,5.245312500000001,5.676,
0,12,,,10.179328918457033,53.39355468750001,304.34570312500006,0.0763440625,5.245312500000001,5.71,
0,12,,,10.183334350585938,53.41491699218751,306.201171875,0.0763734375,5.245312500000001,5.744,
0,12,,,10.163497924804688,53.3135986328125,307.88085937500006,0.076225625,5.2455078125000005,5.778,
0,12,,,10.163497924804688,53.3135986328125,309.73632812500006,0.076225625,5.2455078125000005,5.813,
0,12,,,10.192489624023438,53.45703125,311.59179687500006,0.07644250000000001,5.2447265625,5.847,
0,12,,,10.179328918457033,53.38867187500001,313.447265625,0.0763434375,5.244921875,5.881,
0,12,,,10.179328918457033,53.38867187500001,315.29296875000006,0.0763434375,5.244921875,5.915,
0,12,,,10.173797607421875,53.36669921875001,316.98242187500006,0.07630281250000001,5.2455078125000005,5.949,
0,12,,,10.163497924804688,53.3135986328125,318.828125,0.07622593750000001,5.2455078125000005,5.983,
0,12,,,10.163497924804688,53.3135986328125,320.68359375000006,0.07622593750000001,5.2455078125000005,6.016,
0,12,,,10.173797607421875,53.3599853515625,322.53906250000006,0.076303125,5.244921875,6.05,
0,12,,,10.173797607421875,53.36120605468751,324.21875,0.076303125,5.244921875,6.084,
0,12,,,10.173797607421875,53.36120605468751,326.07421875000006,0.076303125,5.2447265625,6.118,
0,12,,,10.163307189941406,53.304443359375,327.919921875,0.07622437500000001,5.2447265625,6.152,
0,12,,,10.191917419433594,53.45886230468751,329.77539062500006,0.07643875,5.245312500000001,6.186,
0,12,,,10.191917419433594,53.45886230468751,331.46484375000006,0.07643875,5.2451171875,6.22,
0,12,,,10.176277160644531,53.37585449218751,333.32031250000006,0.07632156250000001,5.2451171875,6.254,
0,12,,,10.1806640625,53.40087890625001,335.16601562500006,0.0763540625,5.245312500000001,6.288,
0,12,,,10.1806640625,53.40087890625001,337.03125000000006,0.076473125,5.245312500000001,6.322,
0,12,,,10.196495056152346,53.48327636718751,338.87695312500006,0.076473125,5.245312500000001,6.356,
0,12,,,10.168838500976564,53.33618164062501,340.56640625,0.0762653125,5.2451171875,6.39,
0,12,,,10.168838500976564,53.33618164062501,342.41210937500006,0.0762971875,5.2451171875,6.424,
0,12,,,10.17303466796875,53.35815429687501,344.26757812500006,0.0762971875,5.2451171875,6.458,
0,12,,,10.183334350585938,53.414306640625,346.12304687500006,0.07637437500000001,5.245312500000001,6.492,
0,12,,,10.183334350585938,53.414306640625,347.80273437500006,0.07618406250000001,5.244921875,6.526,
0,12,,,10.157966613769533,53.27819824218751,349.6484375,0.07618406250000001,5.244921875,6.56,
0,12,,,10.161972045898438,53.30322265625001,351.50390625000006,0.07621406250000001,5.2455078125000005,6.594,
0,12,,,10.161972045898438,53.30322265625001,353.34960937500006,0.0761765625,5.245703125,6.628,
0,12,,,10.157012939453127,53.279418945312514,355.029296875,0.0761765625,5.245703125,6.662,
0,12,,,10.156440734863283,53.26965332031251,356.88476562500006,0.0761725,5.244921875,6.696,
0,12,,,10.156440734863283,53.311767578125,358.73046875000006,0.076223125,5.245703125,6.73,
0,12,,,10.163116455078127,53.311767578125,360.576171875,0.076223125,5.245703125,6.764,
0,12,,,10.15472412109375,53.26293945312501,362.43164062500006,0.0761590625,5.2451171875,6.798,
0,12,,,10.129547119140625,53.128662109375,364.10156250000006,0.07597031250000001,5.244921875,6.832,
0,12,,,10.129547119140625,53.128662109375,365.95703125,0.07597031250000001,5.244921875,6.867,
0,12,,,10.166931152343752,53.32336425781251,367.80273437500006,0.07625187500000001,5.2447265625,6.901,
0,12,,,10.15625,53.27209472656251,369.65820312500006,0.07617125000000001,5.245312500000001,6.935,
0,12,,,10.15625,53.27209472656251,371.50390625000006,0.07617125000000001,5.245312500000001,6.969,
0,12,,,10.151672363281252,53.24462890625001,373.18359375000006,0.07613718750000001,5.244921875,7.003,
0,12,,,10.169029235839844,53.3380126953125,375.0390625,0.0762675,5.2451171875,7.037,
0,12,,,10.169029235839844,53.3380126953125,376.88476562500006,0.0762675,5.2451171875,7.071,
0,12,,,10.155677795410156,53.26721191406251,378.73046875000006,0.07616625,5.2451171875,7.105,
0,12,,,10.155296325683594,53.26354980468751,380.41015625,0.0761634375,5.244921875,7.138,
0,12,,,10.155296325683594,53.26354980468751,382.26562500000006,0.0761634375,5.244921875,7.172,
0,12,,,10.160827636718752,53.2958984375,384.11132812500006,0.0762059375,5.2451171875,7.206,
0,12,,,10.161209106445314,53.29833984375,385.966796875,0.0762078125,5.245312500000001,7.24,
0,12,,,10.161209106445314,53.29833984375,387.64648437500006,0.0762078125,5.245312500000001,7.274,
0,12,,,10.176658630371094,53.37890625000001,389.501953125,0.07632375000000001,5.245312500000001,7.308,
0,12,,,10.153579711914064,53.25622558593751,391.34765625,0.076150625,5.2451171875,7.342,
0,12,,,10.153579711914064,53.25622558593751,393.19335937500006,0.076150625,5.2451171875,7.376,
0,12,,,10.16216278076172,53.30200195312501,395.04882812500006,0.0762146875,5.245312500000001,7.41,
0,12,,,10.160827636718752,53.29833984375,396.728515625,0.0762059375,5.2455078125000005,7.444,
0,12,,,10.160827636718752,53.29833984375,398.57421875000006,0.0762059375,5.2455078125000005,7.478,
0,12,,,10.155296325683594,53.26293945312501,400.42968750000006,0.07616375,5.244921875,7.512,
0,12,,,10.154342651367188,53.26660156250001,402.27539062500006,0.07615656250000001,5.245703125,7.546,
0,12,,,10.154342651367188,53.26660156250001,403.95507812500006,0.07615656250000001,5.245703125,7.58,
0,12,,,10.137939453125002,53.1744384765625,405.80078125000006,0.07603406250000001,5.2451171875,7.614,
0,12,,,10.157012939453127,53.2745361328125,407.64648437500006,0.07617750000000001,5.2451171875,7.648,
0,12,,,10.157012939453127,53.2745361328125,409.50195312500006,0.07617750000000001,5.2451171875,7.682,
0,12,,,10.152435302734375,53.2525634765625,411.17187500000006,0.07614187500000001,5.245312500000001,7.716,
0,12,,,10.15129089355469,53.24279785156251,413.02734375000006,0.07613343750000001,5.244921875,7.75,
0,12,,,10.15129089355469,53.24279785156251,414.87304687500006,0.07613343750000001,5.244921875,7.784,
0,12,,,10.15892028808594,53.28796386718751,416.728515625,0.07619125,5.2455078125000005,7.818,
0,12,,,10.173797607421875,53.361816406250014,418.57421875,0.07630250000000001,5.2451171875,7.852,
0,12,,,10.173797607421875,53.361816406250014,420.263671875,0.07630250000000001,5.244921875,7.886,
0,12,,,10.156440734863283,53.26965332031251,422.10937500000006,0.0761721875,5.244921875,7.921,
0,12,,,10.153007507324219,53.2586669921875,423.95507812500006,0.076146875,5.245703125,7.955,
0,12,,,10.153007507324219,53.2586669921875,425.80078125,0.07614,5.245312500000001,7.989,
0,12,,,10.152053833007812,53.25134277343751,427.65625,0.07614,5.245312500000001,8.023,
0,12,,,10.15892028808594,53.29101562500001,429.3359375000001,0.076191875,5.245703125,8.057,
0,12,,,10.15892028808594,53.29101562500001,431.18164062500006,0.0760934375,5.244921875,8.091,
0,12,,,10.145950317382814,53.21472167968751,433.02734375,0.0760934375,5.244921875,8.125,
0,12,,,10.150527954101562,53.2440185546875,434.8828125,0.0761278125,5.2455078125000005,8.159,
0,12,,,10.150527954101562,53.2440185546875,436.56250000000006,0.07619000000000001,5.2455078125000005,8.193,
0,12,,,10.158729553222656,53.28735351562501,438.40820312500006,0.07619000000000001,5.2455078125000005,8.227,
0,12,,,10.159683227539062,53.29162597656251,440.26367187500006,0.07619656250000001,5.2455078125000005,8.261,
0,12,,,10.159683227539062,53.29162597656251,442.109375,0.0761446875,5.245312500000001,8.295,
0,12,,,10.152816772460938,53.253173828125,443.78906250000006,0.0761446875,5.245312500000001,8.329,
0,12,,,10.179519653320312,53.3929443359375,445.6445312500001,0.07634531250000001,5.2451171875,8.362,
0,12,,,10.179519653320312,53.316040039062514,447.50000000000006,0.07623031250000001,5.2455078125000005,8.396,
0,12,,,10.164070129394533,53.316040039062514,449.34570312500006,0.07623031250000001,5.2455078125000005,8.43,
0,12,,,10.14366149902344,53.20129394531251,451.025390625,0.076076875,5.2447265625,8.464,
0,12,,,10.163116455078127,53.3074951171875,452.87109375000006,0.07622218750000001,5.245312500000001,8.498,
0,12,,,10.163116455078127,53.3074951171875,454.7265625000001,0.07622218750000001,5.245312500000001,8.532,
0,12,,,10.173988342285156,53.35876464843751,456.57226562500006,0.0763040625,5.2447265625,8.566,
0,12,,,10.166931152343752,53.3258056640625,458.42773437500006,0.076250625,5.2451171875,8.6,
0,12,,,10.166931152343752,53.3258056640625,460.11718750000006,0.076250625,5.2451171875,8.634,
0,12,,,10.176086425781252,53.3746337890625,461.962890625,0.07631937500000001,5.2451171875,8.668,
0,12,,,10.165214538574219,53.316040039062514,463.81835937500006,0.0762384375,5.244921875,8.702,
0,12,,,10.165214538574219,53.316040039062514,465.6640625000001,0.0762384375,5.244921875,8.736,
0,12,,,10.17131805419922,53.3502197265625,467.34375000000006,0.0762840625,5.2451171875,8.77,
0,12,,,10.156631469726562,53.270263671875014,469.19921875000006,0.0761740625,5.244921875,8.804,
0,12,,,10.156631469726562,53.270263671875014,471.044921875,0.0761740625,5.244921875,8.838,
0,12,,,10.13317108154297,53.15185546875,472.89062500000006,0.07599781250000001,5.245312500000001,8.872,
0,12,,,10.153198242187502,53.25744628906251,474.57031250000006,0.0761475,5.2455078125000005,8.906,
0,12,,,10.153198242187502,53.25744628906251,476.416015625,0.0761475,5.2455078125000005,8.94,
0,12,,,10.155868530273438,53.27636718750001,478.271484375,0.076168125,5.2458984375,8.975,
0,12,,,10.168266296386719,53.33312988281251,480.1171875000001,0.0762615625,5.2451171875,9.009,
0,12,,,10.168266296386719,53.33312988281251,481.97265625000006,0.0762615625,5.2451171875,9.042,
0,12,,,10.175514221191408,53.37036132812501,483.65234375000006,0.0763159375,5.244921875,9.076,
0,12,,,10.1470947265625,53.224487304687514,485.49804687500006,0.0761025,5.245312500000001,9.11,
0,12,,,10.1470947265625,53.224487304687514,487.34375000000006,0.0761025,5.245312500000001,9.144,
0,12,,,10.139656066894531,53.1793212890625,489.19921875000006,0.0760471875,5.2447265625,9.178,
0,12,,,10.145568847656252,53.2135009765625,490.86914062500006,0.07609125000000001,5.244921875,9.212,
0,12,,,10.145568847656252,53.2135009765625,492.724609375,0.07609125000000001,5.244921875,9.246,
0,12,,,10.156631469726562,53.2745361328125,494.57031250000006,0.07617375000000001,5.245312500000001,9.28,
0,12,,,10.155296325683594,53.2684326171875,496.41601562500006,0.07616312500000001,5.2455078125000005,9.314,
0,12,,,10.155296325683594,53.2684326171875,498.271484375,0.07616312500000001,5.2455078125000005,9.348,
0,12,,,10.14690399169922,53.218994140625,499.94140625000006,0.076100625,5.244921875,9.382,
0,12,,,10.144042968750002,53.209228515625014,501.79687500000006,0.07608000000000001,5.245312500000001,9.416,
0,12,,,10.144042968750002,53.209228515625014,503.642578125,0.07608000000000001,5.245312500000001,9.45,
0,12,,,10.142707824707033,53.20190429687501,505.4882812500001,0.07606875,5.2455078125000005,9.484,
0,12,,,10.149002075195312,53.231201171875,507.16796875000006,0.076116875,5.244921875,9.518,
0,12,,,10.149002075195312,53.231201171875,509.013671875,0.076116875,5.245312500000001,9.552,
0,12,,,10.140037536621094,53.187866210937514,510.8593750000001,0.07605031250000001,5.245312500000001,9.586,
0,12,,,10.149383544921877,53.233642578125014,512.7050781250001,0.07612000000000001,5.2451171875,9.62,
0,12,,,10.149383544921877,53.233642578125014,514.384765625,0.07612000000000001,5.2455078125000005,9.654,
0,12,,,10.144615173339846,53.2135009765625,516.2304687500001,0.07608437500000001,5.2455078125000005,9.688,
0,12,,,10.147285461425781,53.22753906250001,518.0761718750001,0.07610312500000001,5.2455078125000005,9.722,
0,12,,,10.147285461425781,53.22753906250001,519.9316406250001,0.07609750000000001,5.245312500000001,9.756,
0,12,,,10.146522521972658,53.22143554687501,521.7773437500001,0.07609750000000001,5.245312500000001,9.79,
0,12,,,10.147285461425781,53.22265625,523.4570312500001,0.07610343750000001,5.2451171875,9.824,
0,12,,,10.147285461425781,53.22265625,525.3027343750001,0.076088125,5.244921875,9.858,
0,12,,,10.145187377929688,53.2098388671875,527.1484375000001,0.076088125,5.244921875,9.892,
0,12,,,10.146331787109375,53.21472167968751,528.994140625,0.07609625,5.2447265625,9.926,
0,12,,,10.146331787109375,53.21472167968751,530.6738281250001,0.0760903125,5.245312500000001,9.96,
0,12,,,10.145568847656252,53.21533203125001,532.5292968750001,0.0760903125,5.245312500000001,9.994,
0,13,,,10.09025573730469,52.9302978515625,539.697265625,0.0756765625,5.245703125,10.129,
0,13,,,10.09025573730469,52.9302978515625,541.4941406250001,0.07403156250000001,5.2458984375,10.163,
0,13,,,9.870910644531252,51.78100585937501,543.1250000000001,0.07403156250000001,5.2458984375,10.197,
0,13,,,9.866905212402344,51.76513671875001,544.921875,0.07400187500000001,5.246289062500001,10.231,
0,13,,,9.866905212402344,51.76513671875001,546.71875,0.074066875,5.2458984375,10.265,
0,13,,,9.875679016113283,51.80725097656251,548.5156250000001,0.074066875,5.2458984375,10.299,
0,13,,,9.871101379394531,51.778564453125,550.15625,0.074033125,5.2455078125000005,10.333,
0,13,,,9.884834289550781,51.85791015625,551.953125,0.07413562500000001,5.246289062500001,10.367,
0,13,,,9.884834289550781,51.85791015625,553.7500000000001,0.07413562500000001,5.246289062500001,10.401,
0,13,,,9.88922119140625,51.8768310546875,555.5566406250001,0.074168125,5.2458984375,10.435,
0,13,,,9.890556335449219,51.88720703125001,557.353515625,0.07417875,5.24609375,10.469,
0,13,,,9.890556335449219,51.88720703125001,558.9941406250001,0.07417875,5.24609375,10.503,
0,13,,,9.883308410644533,51.84997558593751,560.791015625,0.07412468750000001,5.246289062500001,10.537,
0,13,,,9.8968505859375,51.9158935546875,562.59765625,0.074225625,5.245703125,10.571,
0,13,,,9.8968505859375,51.9158935546875,564.39453125,0.074225625,5.245703125,10.605,
0,13,,,9.884452819824219,51.84997558593751,566.0351562500001,0.07413312500000001,5.2455078125000005,10.639,
0,13,,,9.901046752929688,51.94213867187501,567.83203125,0.0742571875,5.24609375,10.673,
0,13,,,9.901046752929688,51.94213867187501,569.6386718750001,0.0742571875,5.24609375,10.707,
0,13,,,9.89513397216797,51.9073486328125,571.435546875,0.0742125,5.245703125,10.741,
0,13,,,9.873580932617188,51.79443359375,573.06640625,0.07405093750000001,5.2458984375,10.775,
0,13,,,9.873580932617188,51.79443359375,574.8730468750001,0.07405093750000001,5.2458984375,10.809,
0,13,,,9.888648986816406,51.88415527343751,576.6699218750001,0.0741646875,5.246875,10.843,
0,13,,,9.879302978515625,51.82922363281251,578.4765625,0.07409375,5.246289062500001,10.877,
0,13,,,9.879302978515625,51.82922363281251,580.2734375,0.07409375,5.246289062500001,10.911,
0,13,,,9.909629821777344,51.99035644531251,581.9140625,0.07432125,5.2464843750000005,10.945,
0,13,,,9.894752502441408,51.90856933593751,583.7109375000001,0.0742103125,5.24609375,10.979,
0,13,,,9.894752502441408,51.90856933593751,585.517578125,0.0742103125,5.24609375,11.013,
0,13,,,9.894752502441408,51.90551757812501,587.3144531250001,0.07420968750000001,5.2458984375,11.047,
0,13,,,9.878540039062502,51.82373046875001,588.955078125,0.074088125,5.24609375,11.08,
0,13,,,9.878540039062502,51.82373046875001,590.7519531250001,0.074088125,5.24609375,11.114,
0,13,,,9.897613525390627,51.92382812500001,592.5585937500001,0.0742315625,5.24609375,11.148,
0,13,,,9.876060485839846,51.805419921875014,594.3554687500001,0.07407031250000001,5.2455078125000005,11.183,
0,13,,,9.876060485839846,51.805419921875014,596.15234375,0.07407031250000001,5.2455078125000005,11.217,
0,13,,,9.900093078613281,51.9317626953125,597.7929687500001,0.07425031250000001,5.245703125,11.251,
0,13,,,9.883880615234375,51.84753417968751,599.5996093750001,0.0741284375,5.245703125,11.285,
0,13,,,9.883880615234375,51.84753417968751,601.396484375,0.0741284375,5.245703125,11.319,
0,13,,,9.918975830078127,52.02697753906251,603.2031250000001,0.07439125,5.245312500000001,11.353,
0,13,,,9.884071350097656,51.85058593750001,604.8437500000001,0.0741303125,5.2458984375,11.387,
0,13,,,9.884071350097656,51.85058593750001,606.640625,0.0741303125,5.245703125,11.421,
0,13,,,9.902191162109375,51.94396972656251,608.4472656250001,0.074265625,5.245703125,11.455,
0,13,,,9.893798828125002,51.900634765625,610.2441406250001,0.07420343750000001,5.245703125,11.489,
0,13,,,9.893798828125002,51.900634765625,611.8750000000001,0.07420343750000001,5.2458984375,11.523,
0,13,,,9.879302978515625,51.8243408203125,613.6816406250001,0.0740940625,5.2458984375,11.557,
0,13,,,9.901809692382814,51.94152832031251,615.4882812500001,0.07426250000000001,5.245703125,11.591,
0,13,,,9.901809692382814,51.94152832031251,617.2949218750001,0.07440625000000001,5.24609375,11.625,
0,13,,,9.921073913574219,52.04589843750001,619.091796875,0.07440625000000001,5.24609375,11.659,
0,13,,,9.885215759277346,51.85729980468751,620.7324218750001,0.074138125,5.24609375,11.693,
0,13,,,9.885215759277346,51.85729980468751,622.5390625,0.074333125,5.24609375,11.727,
0,13,,,9.911155700683594,51.9952392578125,624.3359375000001,0.074333125,5.24609375,11.76,
0,13,,,9.904670715332033,51.96044921875001,626.1425781250001,0.074285,5.24609375,11.794,
0,13,,,9.904670715332033,51.96044921875001,627.783203125,0.0743775,5.24609375,11.828,
0,13,,,9.917068481445314,52.02636718750001,629.58984375,0.0743775,5.24609375,11.862,
0,14,,,10.12687683105469,53.1158447265625,635.478515625,0.0759503125,5.2451171875,11.972,
0,14,,,10.364341735839846,54.35974121093751,637.2753906250001,0.0777315625,5.244921875,12.006,
0,14,,,10.861778259277346,56.95251464843751,639.2480468750001,0.0814621875,5.2435546875000005,12.04,
0,14,,,10.861778259277346,56.95251464843751,641.2304687500001,0.0814621875,5.2435546875000005,12.074,
0,14,,,10.896682739257812,57.12646484375,643.2226562500001,0.0817240625,5.2425781250000005,12.108,
0,14,,,10.906028747558596,57.18444824218751,645.205078125,0.0817940625,5.243359375000001,12.142,
0,14,,,10.906028747558596,57.18444824218751,647.0019531250001,0.0817940625,5.243359375000001,12.176,
0,14,,,10.89744567871094,57.1343994140625,648.9941406250001,0.08172968750000001,5.24296875,12.21,
0,14,,,10.919189453125,57.2442626953125,650.9765625,0.08189281250000001,5.2425781250000005,12.244,
0,14,,,10.919189453125,57.2442626953125,652.9687500000001,0.08189281250000001,5.2425781250000005,12.278,
0,14,,,10.91423034667969,57.222290039062514,654.765625,0.0818559375,5.24296875,12.312,
0,14,,,10.894966125488281,57.12646484375,656.7480468750001,0.081711875,5.243359375000001,12.346,
0,14,,,10.894966125488281,57.12646484375,658.7304687500001,0.081711875,5.2431640625,12.38,
0,14,,,10.890579223632812,57.100830078125,660.7128906250001,0.0816784375,5.2431640625,12.414,
0,14,,,10.826873779296877,56.76330566406251,662.59765625,0.08120125,5.2427734375,12.448,
0,14,,,10.826873779296877,56.76330566406251,664.2187500000001,0.08120125,5.2464843750000005,12.482,
0,14,,,9.753608703613283,51.17187500000001,665.99609375,0.073151875,5.2464843750000005,12.516,
0,14,,,9.784507751464846,51.3360595703125,667.7832031250001,0.07338343750000001,5.2466796875,12.55,
0,14,,,9.784507751464846,51.3360595703125,669.5605468750001,0.07317343750000001,5.245703125,12.584,
0,14,,,9.756469726562502,51.179809570312514,671.337890625,0.07317343750000001,5.245703125,12.618,
0,14,,,9.778404235839846,51.29882812500001,672.94921875,0.07333656250000001,5.246289062500001,12.652,
0,14,,,9.778404235839846,51.29882812500001,674.7363281250001,0.073301875,5.246289062500001,12.686,
0,14,,,9.773635864257814,51.275634765625,676.513671875,0.073301875,5.246289062500001,12.72,
0,14,,,9.770202636718752,51.2603759765625,678.2910156250001,0.0732759375,5.2466796875,12.754,
0,14,,,9.770202636718752,51.2603759765625,679.912109375,0.073253125,5.246289062500001,12.788,
0,14,,,9.76715087890625,51.241455078125,681.6894531250001,0.073253125,5.246289062500001,12.822,
0,14,,,9.800529479980469,51.41601562500001,683.4765625000001,0.0735034375,5.246289062500001,12.856,
0,14,,,9.800529479980469,51.41601562500001,685.244140625,0.072984375,5.24609375,12.89,
0,14,,,9.731292724609375,51.051635742187514,686.865234375,0.072984375,5.24609375,12.924,
0,14,,,9.777641296386719,51.297607421875,688.6425781250001,0.07333125,5.2464843750000005,12.958,
0,14,,,9.777641296386719,51.297607421875,690.4199218750001,0.07331125000000001,5.246289062500001,12.992,
0,14,,,9.774971008300783,51.2823486328125,692.1972656250001,0.07331125000000001,5.246289062500001,13.026,
0,14,,,9.763526916503908,51.2213134765625,693.8183593750001,0.0732259375,5.24609375,13.06,
0,14,,,9.771156311035158,51.26159667968751,695.5957031250001,0.07328218750000001,5.246289062500001,13.094,
0,14,,,9.771156311035158,51.26159667968751,697.3730468750001,0.07328218750000001,5.246289062500001,13.128,
0,14,,,9.753990173339846,51.1749267578125,699.1503906250001,0.07315437500000001,5.2466796875,13.162,
0,14,,,9.759902954101562,51.20300292968751,700.7714843750001,0.07319875,5.246289062500001,13.196,
0,14,,,9.759902954101562,51.20300292968751,702.5488281250001,0.07319875,5.246289062500001,13.23,
0,14,,,9.795761108398438,51.39221191406251,704.3359375000001,0.073466875,5.2464843750000005,13.264,
0,14,,,9.770202636718752,51.25305175781251,706.1132812500001,0.07327625,5.2458984375,13.298,
0,15,,,10.137367248535158,53.172607421875014,713.1738281250001,0.07602937500000001,5.245312500000001,13.432,
0,15,,,10.503959655761719,55.08544921875001,715.1171875000001,0.07877937500000001,5.244335937500001,13.467,
0,15,,,10.655975341796875,55.875244140625,717.0605468750001,0.07991875000000001,5.2435546875000005,13.501,
0,16,,,10.153007507324219,53.25927734375,722.9687500000001,0.07614625000000001,5.245703125,13.61,
0,16,,,10.153007507324219,53.25927734375,724.8632812500001,0.07855656250000001,5.244335937500001,13.644,
0,16,,,10.474395751953125,54.9310302734375,726.5917968750001,0.07855656250000001,5.244335937500001,13.678,
0,16,,,10.37578582763672,54.41162109375001,728.49609375,0.077818125,5.244140625,13.712,
0,16,,,10.37578582763672,54.41162109375001,730.3808593750001,0.078430625,5.2439453125,13.746,
0,16,,,10.457611083984375,54.83886718750001,732.275390625,0.078430625,5.2439453125,13.78,
0,16,,,10.381889343261719,54.45251464843751,734.0136718750001,0.077863125,5.2451171875,13.814,
0,16,,,10.381889343261719,54.45251464843751,735.9082031250001,0.078545,5.244335937500001,13.848,
0,16,,,10.472869873046875,54.92309570312501,737.8027343750001,0.078545,5.244335937500001,13.882,
0,16,,,10.385704040527344,54.46655273437501,739.697265625,0.0778921875,5.244335937500001,13.916,
0,17,,,10.145378112792969,53.2098388671875,746.806640625,0.07728375000000001,5.244335937500001,14.051,
0,17,,,10.304641723632812,54.0399169921875,748.7109375000001,0.07728375000000001,5.244335937500001,14.084,
0,17,,,10.545921325683594,55.2972412109375,750.6445312500001,0.07909281250000001,5.2435546875000005,14.118,
0,17,,,10.545921325683594,55.2972412109375,752.5585937500001,0.079138125,5.24375,14.152,
0,17,,,10.551834106445314,55.330200195312514,754.3164062500001,0.079138125,5.24375,14.186,
0,18,,,10.559463500976564,55.37292480468751,756.2207031250001,0.079195,5.2439453125,14.22,
0,18,,,8.185195922851564,42.97790527343751,1.083984375,0.061633437500000006,5.25078125,0.032,
0,18,,,8.217811584472656,43.15002441406251,2.4511718750000004,0.061633437500000006,5.25078125,0.066,
0,18,,,8.235549926757812,43.23974609375,3.955078125,0.061766875000000006,5.2503906250000005,0.1,
0,18,,,8.235549926757812,43.23974609375,5.449218750000001,0.061782812500000006,5.2505859375,0.134,
0,18,,,8.237838745117188,43.25195312500001,6.962890625,0.061782812500000006,5.2505859375,0.168,
0,18,,,8.259963989257812,43.36608886718751,8.320312500000002,0.061949062500000006,5.250195312500001,0.202,
0,18,,,8.241081237792969,43.26904296875001,9.824218750000002,0.061807187500000006,5.2505859375,0.236,
0,18,,,8.241081237792969,43.26904296875001,11.328125000000002,0.061807187500000006,5.2505859375,0.27,
0,18,,,8.235359191894531,43.243408203125,12.83203125,0.06176406250000001,5.2509765625,0.304,
0,18,,,8.251190185546875,43.32275390625001,14.199218750000002,0.061883125000000004,5.2505859375,0.338,
0,18,,,8.251190185546875,43.32275390625001,15.703125000000002,0.061883125000000004,5.2505859375,0.371,
0,18,,,8.240318298339844,43.26904296875001,17.197265625000004,0.061801562500000004,5.2509765625,0.406,
0,18,,,8.233261108398438,43.23120117187501,18.701171875000004,0.061749375,5.25078125,0.439,
0,18,,,8.233261108398438,43.23120117187501,20.205078125,0.061749375,5.25078125,0.474,
0,18,,,8.229637145996094,43.20861816406251,21.699218750000004,0.061721875,5.2503906250000005,0.508,
0,18,,,8.235549926757812,43.24279785156251,23.066406250000004,0.061765625000000005,5.2509765625,0.542,
0,18,,,8.235549926757812,43.24279785156251,24.570312500000004,0.061765625000000005,5.2509765625,0.576,
0,18,,,8.245086669921875,43.29040527343751,26.074218750000004,0.061837500000000004,5.2503906250000005,0.61,
0,18,,,8.236312866210938,43.24645996093751,27.568359375000004,0.061771875000000004,5.25078125,0.644,
0,18,,,8.236312866210938,43.24645996093751,28.935546875000004,0.061771875000000004,5.25078125,0.678,
0,18,,,8.250808715820312,43.32092285156251,30.439453125000004,0.061880625,5.2505859375,0.712,
0,18,,,8.25347900390625,43.33740234375001,31.943359375,0.061900312500000006,5.2509765625,0.746,
0,18,,,8.25347900390625,43.33740234375001,33.447265625,0.061900312500000006,5.2509765625,0.78,
0,18,,,8.228683471679688,43.20495605468751,34.80468750000001,0.06171406250000001,5.2505859375,0.814,
0,18,,,8.234024047851562,43.22937011718751,36.30859375,0.061755000000000004,5.250195312500001,0.848,
0,18,,,8.234024047851562,43.22937011718751,37.81250000000001,0.061755000000000004,5.250195312500001,0.882,
0,18,,,8.248329162597656,43.309326171875,39.31640625000001,0.061861875000000004,5.25078125,0.916,
0,18,,,8.246040344238281,43.29467773437501,40.68359375000001,0.0618446875,5.2503906250000005,0.95,
0,18,,,8.246040344238281,43.29467773437501,42.17773437500001,0.0618446875,5.2503906250000005,0.984,
0,18,,,8.23822021484375,43.2586669921875,43.68164062500001,0.061785937500000006,5.2509765625,1.018,
0,18,,,8.241844177246094,43.272705078125,45.18554687500001,0.061813125000000003,5.2503906250000005,1.052,
0,18,,,8.241844177246094,43.272705078125,46.55273437500001,0.061813125000000003,5.2503906250000005,1.086,
0,18,,,8.242225646972656,43.27880859375,48.05664062500001,0.061815625000000006,5.2509765625,1.12,
0,18,,,8.244705200195312,43.28979492187501,49.560546875,0.0618353125,5.2505859375,1.153,
0,18,,,8.244705200195312,43.28979492187501,51.064453125,0.0618353125,5.2505859375,1.187,
0,18,,,8.255958557128906,43.35205078125001,52.431640625,0.06191875000000001,5.2509765625,1.221,
0,18,,,8.25347900390625,43.33618164062501,53.935546875000014,0.06190062500000001,5.2505859375,1.255,
0,18,,,8.25347900390625,43.33618164062501,55.42968750000001,0.06190062500000001,5.2505859375,1.289,
0,18,,,8.233451843261719,43.22937011718751,56.93359375000001,0.061749687500000004,5.2505859375,1.323,
0,18,,,8.24737548828125,43.30383300781251,58.4375,0.061854687500000005,5.25078125,1.357,
0,18,,,8.24737548828125,43.30383300781251,59.8046875,0.061854687500000005,5.2503906250000005,1.391,
0,18,,,8.249282836914062,43.31237792968751,61.30859375000001,0.0618690625,5.2503906250000005,1.425,
0,18,,,8.25042724609375,43.31909179687501,62.81250000000001,0.061876875000000005,5.2505859375,1.459,
0,18,,,8.25042724609375,43.31909179687501,64.31640625,0.061852500000000005,5.250195312500001,1.493,
0,18,,,8.246994018554688,43.29895019531251,65.68359375,0.061852500000000005,5.250195312500001,1.528,
0,18,,,8.23955535888672,43.26049804687501,67.1875,0.061796562500000006,5.2503906250000005,1.562,
0,18,,,8.23955535888672,43.26049804687501,68.68164062500001,0.061883125000000004,5.2503906250000005,1.596,
0,18,,,8.251190185546875,43.32214355468751,70.185546875,0.061883125000000004,5.2503906250000005,1.63,
0,18,,,8.243179321289062,43.28063964843751,71.68945312500001,0.06182312500000001,5.2505859375,1.664,
0,18,,,8.243179321289062,43.28063964843751,73.056640625,0.061837812500000006,5.2503906250000005,1.698,
0,18,,,8.245086669921875,43.29040527343751,74.56054687500001,0.061837812500000006,5.2503906250000005,1.732,
0,18,,,8.237075805664062,43.25439453125001,76.05468750000001,0.061777187500000004,5.2513671875000005,1.766,
0,18,,,8.237075805664062,43.25439453125001,77.55859375000001,0.061808125000000005,5.25078125,1.8,
0,18,,,8.241081237792969,43.271484375,78.93554687500001,0.061808125000000005,5.25078125,1.834,
0,18,,,8.265495300292969,43.39965820312501,80.439453125,0.061990312500000005,5.25078125,1.868,
0,18,,,8.265495300292969,43.32214355468751,81.94335937500001,0.061880000000000004,5.25078125,1.902,
0,18,,,8.250808715820312,43.32214355468751,83.447265625,0.061880000000000004,5.25078125,1.936,
0,18,,,8.257102966308594,43.3551025390625,84.95117187500001,0.0619275,5.2505859375,1.97,
0,18,,,8.251190185546875,43.32275390625001,86.31835937500001,0.0618828125,5.2505859375,2.004,
0,18,,,8.251190185546875,43.32275390625001,87.822265625,0.0618828125,5.2505859375,2.037,
0,18,,,8.255958557128906,43.3502197265625,89.32617187500001,0.06191968750000001,5.25078125,2.071,
0,18,,,8.238029479980469,43.25317382812501,90.8203125,0.06178500000000001,5.2503906250000005,2.105,
0,18,,,8.238029479980469,43.25317382812501,92.1875,0.06178500000000001,5.2503906250000005,2.139,
0,18,,,8.243560791015625,43.280029296875,93.69140625000001,0.061826250000000006,5.250195312500001,2.173,
0,18,,,8.258247375488281,43.36181640625,95.19531250000001,0.06193562500000001,5.25078125,2.207,
0,18,,,8.258247375488281,43.36181640625,96.69921875000001,0.06193562500000001,5.25078125,2.241,
0,18,,,8.244895935058594,43.2891845703125,98.06640625000001,0.06183625,5.2503906250000005,2.275,
0,18,,,8.239173889160156,43.25988769531251,99.57031250000001,0.061793125000000004,5.2505859375,2.309,
0,18,,,8.239173889160156,43.25988769531251,101.06445312500001,0.061793125000000004,5.2505859375,2.343,
0,18,,,8.227920532226562,43.20129394531251,102.568359375,0.06170875000000001,5.2505859375,2.377,
0,18,,,8.240127563476562,43.26416015625001,103.935546875,0.06180093750000001,5.2503906250000005,2.411,
0,18,,,8.240127563476562,43.26416015625001,105.42968750000003,0.06180093750000001,5.2503906250000005,2.445,
0,18,,,8.23516845703125,43.23913574218751,106.93359375,0.06176281250000001,5.2505859375,2.479,
0,18,,,8.239173889160156,43.26110839843751,108.43750000000001,0.061793437500000006,5.2505859375,2.513,
0,18,,,8.239173889160156,43.26110839843751,109.80468750000001,0.061793437500000006,5.2505859375,2.547,
0,18,,,8.238410949707031,43.25012207031251,111.29882812500001,0.061788125000000006,5.2498046875,2.582,
0,18,,,8.23822021484375,43.2562255859375,112.80273437500001,0.06178625000000001,5.25078125,2.616,
0,18,,,8.23822021484375,43.2562255859375,114.30664062500001,0.06178625000000001,5.25078125,2.65,
0,18,,,8.239936828613281,43.26599121093751,115.81054687500001,0.061798750000000006,5.25078125,2.684,
0,18,,,8.224868774414062,43.187255859375,117.3046875,0.0616859375,5.25078125,2.718,
0,18,,,8.224868774414062,43.187255859375,118.67187500000001,0.0616859375,5.25078125,2.752,
0,18,,,8.238410949707031,43.255615234375,120.17578125000001,0.0617875,5.2505859375,2.786,
0,18,,,8.248329162597656,43.30627441406251,121.66992187500001,0.061861875000000004,5.2503906250000005,2.82,
0,18,,,8.248329162597656,43.30627441406251,123.17382812500003,0.061861875000000004,5.2503906250000005,2.853,
0,18,,,8.222579956054688,43.17443847656251,124.54101562500003,0.061668125000000004,5.25078125,2.887,
0,18,,,8.243751525878906,43.2867431640625,126.04492187500001,0.061828125000000005,5.25078125,2.921,
0,18,,,8.243751525878906,43.2867431640625,127.5390625,0.061828125000000005,5.25078125,2.955,
0,18,,,8.237648010253908,43.25012207031251,129.04296875000003,0.06178187500000001,5.2503906250000005,2.989,
0,18,,,8.239173889160156,43.26049804687501,130.41015625000003,0.061793125000000004,5.2505859375,3.023,
0,18,,,8.239173889160156,43.26049804687501,131.9140625,0.061793125000000004,5.2505859375,3.057,
0,18,,,8.24737548828125,43.30322265625,133.41796875,0.06185500000000001,5.2505859375,3.091,
0,18,,,8.23516845703125,43.240966796875,134.912109375,0.061763125,5.25078125,3.125,
0,18,,,8.23516845703125,43.240966796875,136.279296875,0.061763125,5.25078125,3.159,
0,18,,,8.236312866210938,43.24645996093751,137.783203125,0.06177125000000001,5.25078125,3.193,
0,18,,,8.242034912109375,43.27331542968751,139.28710937500003,0.061814375000000005,5.2503906250000005,3.227,
0,18,,,8.242034912109375,43.27331542968751,140.79101562500003,0.061898125000000005,5.2503906250000005,3.261,
0,18,,,8.253097534179688,43.33251953125,142.294921875,0.061898125000000005,5.2503906250000005,3.295,
0,18,,,8.25481414794922,43.34350585937501,143.662109375,0.061910625000000004,5.25078125,3.329,
0,18,,,8.25481414794922,43.34350585937501,145.15625000000003,0.06178625000000001,5.25078125,3.363,
0,18,,,8.23822021484375,43.2574462890625,146.66015625000003,0.06178625000000001,5.25078125,3.397,
0,18,,,8.23822021484375,43.2550048828125,148.1640625,0.061785625000000004,5.2505859375,3.431,
0,18,,,8.23822021484375,43.2550048828125,149.53125,0.0618459375,5.2505859375,3.465,
0,18,,,8.246231079101564,43.29772949218751,151.03515625000003,0.0618459375,5.2505859375,3.499,
0,18,,,8.239936828613281,43.2647705078125,152.52929687500003,0.06179906250000001,5.2505859375,3.533,
0,18,,,8.239936828613281,43.2647705078125,154.03320312500003,0.06184343750000001,5.2505859375,3.567,
0,18,,,8.245849609375,43.29467773437501,155.40039062500003,0.06184343750000001,5.2505859375,3.601,
0,18,,,8.237075805664062,43.24890136718751,156.90429687500003,0.06177781250000001,5.2505859375,3.636,
0,18,,,8.240699768066406,43.271484375,158.39843750000003,0.061805000000000006,5.2509765625,3.67,
0,18,,,8.240699768066406,43.271484375,159.90234375,0.061805000000000006,5.2509765625,3.704,
0,18,,,8.245658874511719,43.2940673828125,161.40625000000003,0.06184125000000001,5.2505859375,3.738,
0,18,,,8.247756958007812,43.30566406250001,162.77343750000003,0.06185718750000001,5.25078125,3.771,
0,18,,,8.247756958007812,43.30566406250001,164.27734375000003,0.06185718750000001,5.25078125,3.805,
0,18,,,8.249664306640625,43.32031250000001,165.78125000000003,0.06187125,5.251171875000001,3.839,
0,18,,,8.23822021484375,43.25439453125001,167.28515625,0.06178625000000001,5.2503906250000005,3.873,
0,18,,,8.23822021484375,43.25439453125001,168.65234375000003,0.06178625000000001,5.2503906250000005,3.907,
0,18,,,8.250999450683596,43.32275390625001,170.15625,0.06188250000000001,5.2505859375,3.941,
0,18,,,8.228492736816406,43.209228515625,171.650390625,0.061713750000000005,5.251171875000001,3.975,
0,18,,,8.228492736816406,43.209228515625,173.15429687500003,0.061713750000000005,5.251171875000001,4.009,
0,18,,,8.246994018554688,43.30261230468751,174.52148437500003,0.061851562500000005,5.25078125,4.043,
0,18,,,8.226585388183594,43.19335937500001,176.015625,0.06169937500000001,5.2505859375,4.077,
0,18,,,8.226585388183594,43.19335937500001,177.51953125000003,0.06169937500000001,5.2505859375,4.111,
0,18,,,8.256721496582033,43.35144042968751,179.03320312500003,0.0619240625,5.2505859375,4.145,
0,18,,,8.253669738769531,43.3349609375,180.52734375,0.06190156250000001,5.2503906250000005,4.179,
0,18,,,8.253669738769531,43.3349609375,181.89453125000003,0.06190156250000001,5.2503906250000005,4.213,
0,18,,,8.24718475341797,43.29895019531251,183.3984375,0.06185281250000001,5.250195312500001,4.247,
0,18,,,8.243942260742188,43.28735351562501,184.90234375000003,0.06182875,5.25078125,4.281,
0,18,,,8.243942260742188,43.28735351562501,186.40625000000003,0.06182875,5.25078125,4.315,
0,18,,,8.245468139648438,43.29345703125001,187.77343750000003,0.061840937500000005,5.2505859375,4.349,
0,18,,,8.241844177246094,43.280029296875,189.27734375000003,0.06181375000000001,5.251171875000001,4.383,
0,18,,,8.241844177246094,43.280029296875,190.77148437500003,0.06181375000000001,5.251171875000001,4.417,
0,18,,,8.234977722167969,43.23913574218751,192.27539062500003,0.061761562500000006,5.25078125,4.451,
0,18,,,8.249473571777344,43.31787109375001,193.64257812500003,0.06187000000000001,5.251171875000001,4.485,
0,18,,,8.249473571777344,43.31787109375001,195.14648437500003,0.06187000000000001,5.251171875000001,4.519,
0,18,,,8.228874206542969,43.20678710937501,196.640625,0.061715625,5.25078125,4.553,
0,18,,,8.238983154296875,43.25683593750001,198.14453125,0.06179156250000001,5.2503906250000005,4.587,
0,18,,,8.238983154296875,43.25683593750001,199.51171875,0.06179156250000001,5.2503906250000005,4.621,
0,18,,,8.242034912109375,43.27880859375,201.01562500000003,0.06181468750000001,5.2509765625,4.655,
0,18,,,8.233451843261719,43.22937011718751,202.50976562500003,0.061750000000000006,5.2505859375,4.689,
0,18,,,8.233451843261719,43.22937011718751,204.02343750000006,0.061750000000000006,5.2505859375,4.723,
0,18,,,8.261871337890625,43.38134765625001,205.51757812500003,0.06196406250000001,5.25078125,4.757,
0,18,,,8.233642578125,43.23242187500001,206.88476562500003,0.061751875000000005,5.25078125,4.791,
0,18,,,8.233642578125,43.23242187500001,208.38867187500003,0.061751875000000005,5.25078125,4.825,
0,18,,,8.25347900390625,43.33679199218751,209.89257812500003,0.061900312500000006,5.25078125,4.859,
0,18,,,8.245277404785158,43.29650878906251,211.39648437500003,0.061839375,5.251171875000001,4.893,
0,18,,,8.245277404785158,43.29650878906251,212.890625,0.061839375,5.2505859375,4.927,
0,18,,,8.237266540527344,43.24951171875,214.2578125,0.06177875000000001,5.2505859375,4.961,
0,18,,,8.229637145996094,43.21044921875,215.76171875000003,0.061721250000000005,5.2505859375,4.995,
0,18,,,8.229637145996094,43.21044921875,217.26562500000003,0.061793125000000004,5.2505859375,5.029,
0,18,,,8.239173889160156,43.26049804687501,218.759765625,0.061793125000000004,5.2505859375,5.063,
0,18,,,8.235931396484375,43.24523925781251,220.126953125,0.0617684375,5.2509765625,5.097,
0,18,,,8.235931396484375,43.24523925781251,221.63085937500003,0.061779375000000004,5.2505859375,5.131,
0,18,,,8.237266540527344,43.25073242187501,223.134765625,0.061779375000000004,5.2505859375,5.165,
0,18,,,8.248710632324219,43.31481933593751,224.63867187500003,0.06186562500000001,5.2509765625,5.199,
0,18,,,8.248710632324219,43.31481933593751,226.00585937500003,0.06186656250000001,5.2505859375,5.233,
0,18,,,8.2489013671875,43.31115722656251,227.5,0.06186656250000001,5.2505859375,5.267,
0,18,,,8.239173889160156,43.2562255859375,229.00390625,0.061793437500000006,5.250195312500001,5.301,
0,18,,,8.239173889160156,43.2562255859375,230.50781250000003,0.061754062500000005,5.25078125,5.335,
0,18,,,8.233833312988283,43.23364257812501,231.87500000000003,0.061754062500000005,5.25078125,5.369,
0,18,,,8.254241943359375,43.33984375,233.37890625000003,0.061906562500000005,5.2505859375,5.403,
0,18,,,8.254241943359375,43.270263671875,234.873046875,0.061808125000000005,5.2505859375,5.437,
0,18,,,8.24127197265625,43.270263671875,236.376953125,0.061808125000000005,5.2505859375,5.471,
0,18,,,8.244514465332031,43.29162597656251,237.74414062500003,0.061833125,5.2509765625,5.505,
0,18,,,8.238410949707031,43.25439453125001,239.248046875,0.061786875000000005,5.2503906250000005,5.539,
0,18,,,8.238410949707031,43.25439453125001,240.75195312500003,0.061786875000000005,5.2503906250000005,5.573,
0,18,,,8.246803283691406,43.30261230468751,242.25585937500006,0.061850312500000004,5.2509765625,5.607,
0,18,,,8.242988586425781,43.280029296875,243.75000000000003,0.06182125000000001,5.2505859375,5.641,
0,18,,,8.242988586425781,43.280029296875,245.1171875,0.06182125000000001,5.2505859375,5.675,
0,18,,,8.240699768066406,43.270263671875,246.62109375000003,0.061805000000000006,5.25078125,5.709,
0,18,,,8.23516845703125,43.2403564453125,248.12500000000003,0.06176281250000001,5.25078125,5.743,
0,18,,,8.23516845703125,43.2403564453125,249.61914062500003,0.06176281250000001,5.25078125,5.777,
0,18,,,8.238410949707031,43.25683593750001,251.12304687500003,0.06178718750000001,5.2505859375,5.811,
0,18,,,8.2427978515625,43.28430175781251,252.490234375,0.06182125000000001,5.251171875000001,5.845,
0,18,,,8.2427978515625,43.28430175781251,253.99414062500003,0.06182125000000001,5.251171875000001,5.879,
0,18,,,8.251762390136719,43.32641601562501,255.49804687500006,0.06188687500000001,5.2505859375,5.913,
0,18,,,8.245086669921875,43.2891845703125,257.001953125,0.06183812500000001,5.2503906250000005,5.947,
0,18,,,8.245086669921875,43.2891845703125,258.50585937500006,0.06183812500000001,5.2503906250000005,5.981,
0,18,,,8.242607116699219,43.27758789062501,259.87304687500006,0.061819375,5.2505859375,6.015,
0,18,,,8.25653076171875,43.35205078125001,261.37695312500006,0.061923125,5.25078125,6.049,
0,18,,,8.25653076171875,43.35205078125001,262.880859375,0.061923125,5.25078125,6.083,
0,18,,,8.25347900390625,43.33923339843751,264.384765625,0.061900000000000004,5.251171875000001,6.117,
0,18,,,8.234024047851562,43.23120117187501,265.74218750000006,0.06175437500000001,5.2503906250000005,6.151,
0,18,,,8.234024047851562,43.23120117187501,267.24609375,0.06175437500000001,5.2503906250000005,6.185,
0,18,,,8.254051208496094,43.33740234375001,268.75,0.061905,5.2503906250000005,6.219,
0,18,,,8.239936828613281,43.26904296875001,270.25390625,0.06179906250000001,5.251171875000001,6.253,
0,18,,,8.239936828613281,43.26904296875001,271.62109375000006,0.06179906250000001,5.251171875000001,6.287,
0,18,,,8.244895935058594,43.29284667968751,273.125,0.06183625,5.25078125,6.321,
0,18,,,8.231163024902344,43.21655273437501,274.61914062500006,0.06173312500000001,5.2503906250000005,6.355,
0,18,,,8.231163024902344,43.21655273437501,276.123046875,0.06173312500000001,5.2503906250000005,6.389,
0,18,,,8.235549926757812,43.2403564453125,277.49023437500006,0.06176625,5.2505859375,6.423,
0,18,,,8.241844177246094,43.26782226562501,278.984375,0.061812500000000006,5.2498046875,6.457,
0,18,,,8.241844177246094,43.26782226562501,280.48828125,0.061812500000000006,5.2498046875,6.491,
0,18,,,8.243179321289062,43.28369140625001,281.99218750000006,0.0618234375,5.2509765625,6.525,
0,18,,,8.234024047851562,43.23120117187501,283.34960937500006,0.06175437500000001,5.2503906250000005,6.559,
0,18,,,8.234024047851562,43.23120117187501,284.853515625,0.06175437500000001,5.2505859375,6.593,
0,18,,,8.240127563476562,43.26538085937501,286.357421875,0.06180093750000001,5.2505859375,6.627,
0,18,,,8.252334594726562,43.32885742187501,287.86132812500006,0.06189125,5.2505859375,6.661,
0,18,,,8.252334594726562,43.32885742187501,289.36523437500006,0.06189125,5.2509765625,6.695,
0,18,,,8.252716064453125,43.33435058593751,290.73242187500006,0.06189437500000001,5.2509765625,6.729,
0,18,,,8.232307434082031,43.22265625000001,292.236328125,0.061741250000000004,5.2503906250000005,6.763,
0,18,,,8.232307434082031,43.22265625000001,293.740234375,0.061932187500000006,5.2505859375,6.797,
0,18,,,8.25767517089844,43.35754394531251,295.24414062500006,0.061932187500000006,5.2505859375,6.831,
0,18,,,8.24718475341797,43.30017089843751,296.74804687500006,0.061853750000000006,5.2503906250000005,6.865,
0,18,,,8.24718475341797,43.30017089843751,298.11523437500006,0.06185125,5.25078125,6.899,
0,18,,,8.246994018554688,43.302001953125,299.609375,0.06185125,5.25078125,6.933,
0,18,,,8.240890502929688,43.270263671875,301.11328125000006,0.061805937500000005,5.25078125,6.967,
0,18,,,8.240890502929688,43.270263671875,302.61718750000006,0.061840000000000006,5.2513671875000005,7.001,
0,18,,,8.245277404785158,43.30017089843751,303.98437500000006,0.061840000000000006,5.2513671875000005,7.035,
0,18,,,8.2305908203125,43.21655273437501,305.47851562500006,0.061728437500000004,5.25078125,7.069,
0,18,,,8.2305908203125,43.27514648437501,306.982421875,0.061815,5.2505859375,7.103,
0,18,,,8.242034912109375,43.27514648437501,308.48632812500006,0.061815,5.2505859375,7.137,
0,18,,,8.245468139648438,43.2952880859375,309.99023437500006,0.061840000000000006,5.25078125,7.171,
0,18,,,8.2489013671875,43.30749511718751,311.35742187500006,0.0618659375,5.250195312500001,7.205,
0,18,,,8.2489013671875,43.30749511718751,312.86132812500006,0.0618659375,5.250195312500001,7.239,
0,18,,,8.24241638183594,43.27758789062501,314.36523437500006,0.06181812500000001,5.2505859375,7.273,
0,18,,,8.24718475341797,43.30261230468751,315.86914062500006,0.061853750000000006,5.2505859375,7.307,
0,18,,,8.24718475341797,43.30261230468751,317.236328125,0.061853750000000006,5.2505859375,7.341,
0,18,,,8.246612548828125,43.29589843750001,318.74023437500006,0.0618490625,5.250195312500001,7.375,
0,18,,,8.251380920410156,43.3245849609375,320.24414062500006,0.061885312500000005,5.2505859375,7.409,
0,18,,,8.251380920410156,43.3245849609375,321.73828125000006,0.061885312500000005,5.2505859375,7.443,
0,18,,,8.249664306640625,43.31420898437501,323.10546875000006,0.061871562500000005,5.2503906250000005,7.477,
0,18,,,8.244514465332031,43.28979492187501,324.60937500000006,0.061833125,5.25078125,7.511,
0,18,,,8.244514465332031,43.28979492187501,326.11328125000006,0.061833125,5.25078125,7.545,
0,18,,,8.233833312988283,43.23486328125001,327.607421875,0.061753125000000006,5.2509765625,7.579,
0,18,,,8.234214782714844,43.23791503906251,328.97460937500006,0.061756250000000006,5.2509765625,7.613,
0,18,,,8.234214782714844,43.23791503906251,330.47851562500006,0.061756250000000006,5.2509765625,7.647,
0,18,,,8.231353759765625,43.22021484375001,331.98242187500006,0.06173437500000001,5.25078125,7.681,
0,18,,,8.250808715820312,43.32153320312501,333.4765625,0.061880312500000006,5.2505859375,7.715,
0,18,,,8.250808715820312,43.32153320312501,334.85351562500006,0.061880312500000006,5.2505859375,7.749,
0,18,,,8.248329162597656,43.30566406250001,336.35742187500006,0.061861250000000007,5.2503906250000005,7.783,
0,18,,,8.252906799316408,43.331298828125,337.861328125,0.061895937500000005,5.2505859375,7.817,
0,18,,,8.252906799316408,43.331298828125,339.36523437500006,0.061895937500000005,5.2505859375,7.851,
0,18,,,8.257102966308594,43.35693359375001,340.859375,0.06192812500000001,5.25078125,7.885,
0,18,,,8.227920532226562,43.1976318359375,342.36328125000006,0.061708437500000005,5.250195312500001,7.919,
0,18,,,8.227920532226562,43.1976318359375,343.73046875,0.061708437500000005,5.250195312500001,7.953,
0,18,,,8.243942260742188,43.28247070312501,345.22460937500006,0.06182875,5.2503906250000005,7.987,
0,18,,,8.229827880859375,43.21105957031251,346.728515625,0.061723125000000004,5.2505859375,8.021,
0,18,,,8.229827880859375,43.21105957031251,348.23242187500006,0.061723125000000004,5.2505859375,8.055,
0,18,,,8.258247375488281,43.3642578125,349.599609375,0.061936875,5.2509765625,8.089,
0,18,,,8.253860473632814,43.33923339843751,351.10351562500006,0.061903437500000005,5.25078125,8.123,
0,18,,,8.253860473632814,43.33923339843751,352.60742187500006,0.061903437500000005,5.25078125,8.157,
0,18,,,8.249855041503906,43.31542968750001,354.11132812500006,0.06187312500000001,5.2505859375,8.191,
0,18,,,8.250236511230469,43.3160400390625,355.47851562500006,0.061876875000000005,5.250195312500001,8.225,
0,18,,,8.250236511230469,43.3160400390625,356.982421875,0.061876875000000005,5.2505859375,8.259,
0,18,,,8.24737548828125,43.30322265625,358.48632812500006,0.06185500000000001,5.2505859375,8.293,
0,18,,,8.242034912109375,43.27697753906251,359.99023437500006,0.061814375000000005,5.25078125,8.327,
0,18,,,8.242034912109375,43.27697753906251,361.49414062500006,0.061814375000000005,5.25078125,8.361,
0,18,,,8.243560791015625,43.28430175781251,362.85156250000006,0.061825937500000004,5.25078125,8.395,
0,18,,,8.234977722167969,43.23791503906251,364.35546875,0.061761562500000006,5.2505859375,8.429,
0,18,,,8.234977722167969,43.23791503906251,365.85937500000006,0.06190625,5.25078125,8.463,
0,18,,,8.254241943359375,43.34045410156251,367.36328125000006,0.06190625,5.25078125,8.497,
0,18,,,8.24127197265625,43.2708740234375,368.73046875000006,0.0618096875,5.2505859375,8.531,
0,18,,,8.24127197265625,43.2708740234375,370.23437500000006,0.061803750000000005,5.2509765625,8.565,
0,18,,,8.240509033203127,43.270263671875,371.72851562500006,0.061803750000000005,5.2509765625,8.599,
0,18,,,8.238029479980469,43.2562255859375,373.23242187500006,0.061784375,5.25078125,8.633,
0,18,,,8.238029479980469,43.2562255859375,374.59960937500006,0.06180875,5.2505859375,8.667,
0,18,,,8.24127197265625,43.270263671875,376.10351562500006,0.06180875,5.2505859375,8.701,
0,18,,,8.254241943359375,43.33923339843751,377.60742187500006,0.061905625000000006,5.2505859375,8.735,
0,18,,,8.254241943359375,43.33923339843751,379.11132812500006,0.06196125,5.25078125,8.769,
0,18,,,8.261489868164064,43.3795166015625,380.47851562500006,0.06196125,5.25078125,8.803,
0,18,,,8.257484436035156,43.35693359375001,381.98242187500006,0.061930937500000005,5.2505859375,8.837,
0,18,,,8.257484436035156,43.32397460937501,383.48632812500006,0.0618828125,5.25078125,8.871,
0,18,,,8.251190185546875,43.32397460937501,384.990234375,0.0618828125,5.25078125,8.905,
0,18,,,8.241081237792969,43.27392578125,386.49414062500006,0.061808125000000005,5.2509765625,8.939,
0,18,,,8.257102966308594,43.35388183593751,387.86132812500006,0.0619275,5.2505859375,8.973,
0,18,,,8.257102966308594,43.35388183593751,389.36523437500006,0.0619275,5.2505859375,9.007,
0,18,,,8.260726928710938,43.37097167968751,390.869140625,0.061955312500000005,5.250195312500001,9.041,
0,18,,,8.258247375488281,43.35998535156251,392.3828125,0.06193562500000001,5.2505859375,9.075,
0,18,,,8.258247375488281,43.35998535156251,393.88671875000006,0.06193562500000001,5.2505859375,9.109,
0,18,,,8.251762390136719,43.3258056640625,395.244140625,0.06188781250000001,5.2505859375,9.143,
0,18,,,8.240127563476562,43.26721191406251,396.74804687500006,0.0618003125,5.25078125,9.177,
0,18,,,8.240127563476562,43.26721191406251,398.25195312500006,0.0618003125,5.25078125,9.211,
0,18,,,8.243560791015625,43.2855224609375,399.755859375,0.06182656250000001,5.25078125,9.245,
0,18,,,8.255386352539062,43.3477783203125,401.123046875,0.061915000000000005,5.2509765625,9.279,
0,18,,,8.255386352539062,43.3477783203125,402.62695312500006,0.061915000000000005,5.2509765625,9.313,
0,18,,,8.240890502929688,43.26965332031251,404.13085937500006,0.06180531250000001,5.25078125,9.347,
0,18,,,8.244514465332031,43.29101562500001,405.634765625,0.061833125,5.2509765625,9.381,
0,18,,,8.244514465332031,43.29101562500001,407.001953125,0.061833125,5.2509765625,9.415,
0,18,,,8.25004577636719,43.3197021484375,408.49609375,0.06187531250000001,5.25078125,9.449,
0,18,,,8.239173889160156,43.26232910156251,410.0000000000001,0.061793437500000006,5.25078125,9.483,
0,18,,,8.239173889160156,43.26232910156251,411.50390625000006,0.061793437500000006,5.25078125,9.517,
0,18,,,8.242607116699219,43.27575683593751,412.87109375000006,0.061818750000000006,5.2503906250000005,9.551,
0,18,,,8.24718475341797,43.30383300781251,414.375,0.061853125,5.25078125,9.585,
0,18,,,8.24718475341797,43.30383300781251,415.87890625000006,0.061853125,5.25078125,9.619,
0,18,,,8.244132995605469,43.2855224609375,417.3730468750001,0.06183062500000001,5.2503906250000005,9.653,
0,18,,,8.246421813964844,43.29833984375001,418.74023437500006,0.0618478125,5.2505859375,9.687,
0,18,,,8.246421813964844,43.29833984375001,420.24414062500006,0.0618478125,5.2505859375,9.721,
0,18,,,8.243751525878906,43.28430175781251,421.748046875,0.061827187500000005,5.2505859375,9.755,
0,18,,,8.245849609375,43.2952880859375,423.25195312500006,0.061843125000000006,5.2505859375,9.789,
0,18,,,8.245849609375,43.2952880859375,424.75585937500006,0.061843125000000006,5.2505859375,9.823,
0,18,,,8.236885070800781,43.248291015625,426.123046875,0.061776250000000005,5.2505859375,9.857,
0,18,,,8.253288269042969,43.33251953125,427.6269531250001,0.06189875,5.2503906250000005,9.891,
0,18,,,8.253288269042969,43.33251953125,429.12109375,0.06189875,5.2503906250000005,9.925,
0,18,,,8.236885070800781,43.24768066406251,430.62500000000006,0.061776250000000005,5.2505859375,9.959,
0,18,,,8.254051208496094,43.33923339843751,432.12890625,0.06190468750000001,5.25078125,9.993,
0,19,,,8.198928833007812,43.04809570312501,437.8125,0.061491250000000004,5.251171875000001,10.128,
0,19,,,8.078193664550781,42.42065429687501,439.27734375,0.0605865625,5.251171875000001,10.162,
0,19,,,8.000755310058594,42.01293945312501,440.73242187500006,0.06000562500000001,5.251171875000001,10.196,
0,19,,,8.000755310058594,42.01293945312501,442.19726562500006,0.06000562500000001,5.251171875000001,10.23,
0,19,,,8.00933837890625,42.05871582031251,443.525390625,0.060070000000000005,5.251171875000001,10.264,
0,19,,,8.00628662109375,42.04650878906251,444.98046875000006,0.060047500000000004,5.2517578125,10.297,
0,19,,,8.00628662109375,42.04650878906251,446.43554687500006,0.060046875000000006,5.251171875000001,10.331,
0,19,,,8.00628662109375,42.04162597656251,447.8906250000001,0.060046875000000006,5.251171875000001,10.365,
0,19,,,7.992744445800781,41.96960449218751,449.21875,0.059945000000000005,5.2509765625,10.399,
0,19,,,7.992744445800781,41.96960449218751,450.67382812500006,0.060008750000000007,5.251171875000001,10.433,
0,19,,,8.001136779785158,42.01538085937501,452.13867187500006,0.060008750000000007,5.251171875000001,10.467,
0,19,,,8.000373840332031,42.01293945312501,453.59375,0.060001875,5.2515625,10.501,
0,19,,,8.000373840332031,42.01293945312501,454.9218750000001,0.06012531250000001,5.2515625,10.535,
0,19,,,8.016777038574219,42.10021972656251,456.37695312500006,0.06012531250000001,5.2515625,10.569,
0,19,,,7.99407958984375,41.97998046875001,457.84179687500006,0.059954375000000004,5.2513671875000005,10.603,
0,19,,,7.99407958984375,41.97998046875001,459.296875,0.060014375,5.251171875000001,10.637,
0,19,,,8.002090454101564,42.020263671875,460.62500000000006,0.060014375,5.251171875000001,10.671,
0,19,,,8.020973205566406,42.12219238281251,462.08984375000006,0.0601565625,5.2515625,10.705,
0,19,,,8.020973205566406,42.03369140625001,463.544921875,0.06003437500000001,5.251171875000001,10.739,
0,19,,,8.004570007324219,42.03369140625001,465.009765625,0.06003437500000001,5.251171875000001,10.773,
0,19,,,8.013153076171875,42.07763671875001,466.33789062500006,0.06009781250000001,5.251171875000001,10.807,
0,19,,,7.998657226562501,42.0037841796875,467.79296875,0.05999,5.2513671875000005,10.841,
0,19,,,7.998657226562501,42.0037841796875,469.24804687500006,0.05999,5.2513671875000005,10.875,
0,19,,,7.990264892578125,41.95678710937501,470.703125,0.059926875000000004,5.2509765625,10.909,
0,19,,,8.005142211914062,42.03918457031251,472.16796875,0.0600378125,5.2515625,10.943,
0,19,,,8.005142211914062,42.03918457031251,473.486328125,0.0600378125,5.2515625,10.977,
0,19,,,7.989692687988282,41.95373535156251,474.9414062500001,0.059922812500000006,5.2509765625,11.011,
0,19,,,8.0108642578125,42.0660400390625,476.4062500000001,0.060080312500000004,5.251171875000001,11.045,
0,19,,,8.0108642578125,42.0660400390625,477.8710937500001,0.060080312500000004,5.251171875000001,11.079,
0,19,,,8.01849365234375,42.10205078125001,479.19921875000006,0.0601375,5.25078125,11.113,
0,19,,,8.013343811035156,42.07824707031251,480.65429687500006,0.06009906250000001,5.251171875000001,11.147,
0,19,,,8.013343811035156,42.07824707031251,482.11914062500006,0.06009906250000001,5.251171875000001,11.181,
0,19,,,8.014297485351562,42.08923339843751,483.57421875000006,0.060106875000000004,5.2517578125,11.215,
0,19,,,8.007621765136719,42.0501708984375,485.03906250000006,0.06005656250000001,5.2513671875000005,11.249,
0,19,,,8.007621765136719,42.0501708984375,486.36718750000006,0.06005656250000001,5.2513671875000005,11.283,
0,19,,,8.02154541015625,42.12463378906251,487.82226562500006,0.060160937500000004,5.2515625,11.317,
0,19,,,8.009529113769531,42.06054687500001,489.28710937500006,0.06007031250000001,5.2513671875000005,11.351,
0,19,,,8.009529113769531,42.06054687500001,490.7421875000001,0.06007031250000001,5.2513671875000005,11.385,
0,19,,,8.003997802734377,42.0355224609375,492.07031250000006,0.060029375,5.251953125,11.419,
0,19,,,7.99560546875,41.98486328125001,493.53515625000006,0.059965937500000004,5.251171875000001,11.453,
0,19,,,7.99560546875,41.98486328125001,494.9902343750001,0.059965937500000004,5.251171875000001,11.487,
0,19,,,8.02001953125,42.11730957031251,496.4550781250001,0.06014968750000001,5.2515625,11.522,
0,19,,,8.018112182617188,42.10083007812501,497.91015625000006,0.06013500000000001,5.25078125,11.556,
0,19,,,8.018112182617188,42.10083007812501,499.23828125000006,0.06013500000000001,5.25078125,11.59,
0,19,,,8.0047607421875,42.034912109375,500.7031250000001,0.06003531250000001,5.2513671875000005,11.624,
0,19,,,8.023262023925781,42.13073730468751,502.1679687500001,0.060173750000000005,5.251171875000001,11.658,
0,19,,,8.023262023925781,42.13073730468751,503.62304687500006,0.060173750000000005,5.251171875000001,11.692,
0,19,,,8.016395568847658,42.09411621093751,505.08789062500006,0.0601225,5.2509765625,11.726,
0,19,,,8.003807067871094,42.03308105468751,506.41601562500006,0.060028750000000006,5.2515625,11.76,
0,19,,,8.003807067871094,42.03308105468751,507.87109375000006,0.060028750000000006,5.2515625,11.794,
0,19,,,8.023071289062502,42.13134765625001,509.32617187500006,0.060172500000000004,5.2513671875000005,11.828,
0,19,,,8.010101318359375,42.06054687500001,510.79101562500006,0.060075312500000005,5.2509765625,11.862,
0,19,,,8.010101318359375,42.06054687500001,512.1191406250001,0.060075312500000005,5.2509765625,11.895,
0,19,,,8.019447326660156,42.10998535156251,513.5839843750001,0.060145312500000006,5.2509765625,11.929,
0,19,,,8.010482788085938,42.06237792968751,515.0390625,0.06007875000000001,5.2509765625,11.963,
0,19,,,8.010482788085938,42.06237792968751,516.50390625,0.060045625000000005,5.2515625,11.997,
0,19,,,8.006095886230469,42.0440673828125,517.8320312500001,0.060045625000000005,5.2515625,12.031,
0,19,,,7.990837097167969,41.96228027343751,519.287109375,0.059930312500000006,5.2513671875000005,12.065,
0,19,,,7.990837097167969,41.96228027343751,520.751953125,0.06020062500000001,5.251171875000001,12.099,
0,19,,,8.026885986328127,42.15026855468751,522.2070312500001,0.06020062500000001,5.251171875000001,12.133,
0,19,,,8.008575439453125,42.05566406250001,523.53515625,0.060063750000000006,5.2513671875000005,12.168,
0,19,,,8.008575439453125,42.05566406250001,524.990234375,0.06003531250000001,5.251171875000001,12.202,
0,19,,,8.0047607421875,42.03369140625001,526.455078125,0.06003531250000001,5.251171875000001,12.236,
0,19,,,8.000183105468752,42.01049804687501,527.91015625,0.06000156250000001,5.251171875000001,12.27,
0,19,,,8.000183105468752,42.01049804687501,529.375,0.060071875000000004,5.2513671875000005,12.304,
0,19,,,8.009719848632814,42.06176757812501,530.830078125,0.060071875000000004,5.2513671875000005,12.338,
0,19,,,7.992362976074219,41.96899414062501,532.1484375000001,0.05994218750000001,5.251171875000001,12.372,
0,19,,,7.992362976074219,41.9891357421875,533.6132812500001,0.059969375000000005,5.2513671875000005,12.406,
0,19,,,7.9959869384765625,41.9891357421875,535.0683593750001,0.059969375000000005,5.2513671875000005,12.44,
0,20,,,8.226585388183594,43.19213867187501,540.8007812500001,0.06169937500000001,5.2503906250000005,12.574,
0,20,,,8.663558959960938,45.47485351562501,542.3828125,0.0649765625,5.2490234375,12.608,
0,20,,,8.663558959960938,45.47485351562501,543.9550781250001,0.0649765625,5.2490234375,12.642,
0,20,,,8.659934997558594,45.4608154296875,545.5468750000001,0.06494875,5.249609375,12.676,
0,20,,,8.739280700683596,45.86914062500001,546.9921875000001,0.065544375,5.2486328125,12.71,
0,20,,,8.739280700683596,45.86914062500001,548.583984375,0.065544375,5.2486328125,12.744,
0,20,,,8.715248107910156,45.74707031250001,550.1660156250001,0.06536343750000001,5.249218750000001,12.778,
0,20,,,8.719253540039064,45.77209472656251,551.7578125,0.06539312500000001,5.249609375,12.812,
0,20,,,8.719253540039064,45.77209472656251,553.2128906250001,0.06539312500000001,5.249609375,12.846,
0,20,,,8.755874633789062,45.96435546875,554.8046875000001,0.06566875000000001,5.249609375,12.88,
0,20,,,8.754158020019531,45.9503173828125,556.396484375,0.06565531250000001,5.2490234375,12.914,
0,20,,,8.754158020019531,45.9503173828125,557.98828125,0.06565531250000001,5.2490234375,12.948,
0,20,,,8.752632141113283,45.9405517578125,559.5800781250001,0.0656446875,5.248828125,12.982,
0,20,,,8.678054809570312,45.55419921875001,561.015625,0.0650846875,5.2494140625000005,13.016,
0,20,,,8.678054809570312,45.55419921875001,562.59765625,0.0650846875,5.2494140625000005,13.05,
0,20,,,8.665084838867188,45.48706054687501,564.169921875,0.0649871875,5.249609375,13.084,
0,20,,,8.666038513183594,45.49072265625001,565.751953125,0.0649940625,5.2494140625000005,13.118,
0,20,,,8.666038513183594,45.49072265625001,567.1875000000001,0.0649940625,5.2494140625000005,13.152,
0,20,,,8.658790588378906,45.45166015625001,568.73046875,0.0649409375,5.249218750000001,13.186,
0,20,,,8.127593994140625,42.6751708984375,570.17578125,0.060956562500000006,5.25078125,13.22,
0,20,,,8.127593994140625,42.6751708984375,571.62109375,0.060956562500000006,5.25078125,13.254,
0,20,,,7.931327819824219,41.65466308593751,572.939453125,0.059485,5.251953125,13.288,
0,20,,,7.9326629638671875,41.66015625000001,574.3847656250001,0.059495000000000006,5.2517578125,13.322,
0,20,,,7.9326629638671875,41.66015625000001,575.830078125,0.059495000000000006,5.2517578125,13.356,
0,20,,,7.9463958740234375,41.729736328125,577.2851562500001,0.05959687500000001,5.2515625,13.39,
0,20,,,7.9498291015625,41.75109863281251,578.7304687500001,0.059623125000000006,5.2517578125,13.424,
0,20,,,7.9498291015625,41.75109863281251,580.0488281250001,0.059623125000000006,5.2517578125,13.458,
0,20,,,7.946014404296875,41.72729492187501,581.494140625,0.059595,5.2513671875000005,13.492,
0,20,,,7.9425811767578125,41.7071533203125,582.9394531250001,0.0595684375,5.251171875000001,13.526,
0,20,,,7.9425811767578125,41.7071533203125,584.3945312500001,0.0595684375,5.251171875000001,13.56,
0,20,,,7.945060729980469,41.72119140625001,585.7031250000001,0.059587187500000006,5.251171875000001,13.594,
0,20,,,7.935333251953126,41.67419433593751,587.1484375000001,0.059515000000000005,5.2517578125,13.628,
0,20,,,7.935333251953126,41.67419433593751,588.603515625,0.059515000000000005,5.2517578125,13.662,
0,20,,,7.9437255859375,41.715087890625,590.048828125,0.059577500000000005,5.2513671875000005,13.696,
0,20,,,7.955360412597657,41.7755126953125,591.494140625,0.059665312500000005,5.251171875000001,13.73,
0,20,,,7.955360412597657,41.7755126953125,592.8125000000001,0.059665312500000005,5.251171875000001,13.764,
0,20,,,7.952880859375001,41.7620849609375,594.2675781250001,0.0596459375,5.251171875000001,13.798,
0,20,,,7.93437957763672,41.6705322265625,595.7128906250001,0.05950781250000001,5.251953125,13.832,
0,20,,,7.93437957763672,41.6705322265625,597.1582031250001,0.05958000000000001,5.2515625,13.866,
0,20,,,7.9441070556640625,41.71875000000001,598.4765625,0.05958000000000001,5.2515625,13.9,
0,20,,,7.9418182373046875,41.70898437500001,599.921875,0.059562812500000006,5.251953125,13.934,
0,20,,,7.9418182373046875,41.70898437500001,601.3671875000001,0.05955250000000001,5.2515625,13.968,
0,20,,,7.94048309326172,41.6998291015625,602.8222656250001,0.05955250000000001,5.2515625,14.002,
0,20,,,7.945823669433595,41.7303466796875,604.2675781250001,0.05959375000000001,5.2517578125,14.036,
0,20,,,7.945823669433595,41.7303466796875,605.5761718750001,0.0595165625,5.2513671875000005,14.07,
0,20,,,7.935714721679688,41.67297363281251,607.03125,0.0595165625,5.2513671875000005,14.104,
0,20,,,7.939147949218751,41.68945312500001,608.4765625,0.0595421875,5.251171875000001,14.138,
0,20,,,7.939147949218751,41.68945312500001,609.9218750000001,0.0595928125,5.2515625,14.172,
0,20,,,7.945823669433595,41.72790527343751,611.2402343750001,0.0595928125,5.2515625,14.206,
0,20,,,7.956314086914063,41.78161621093751,612.6953125000001,0.05967218750000001,5.2513671875000005,14.24,
0,20,,,7.956314086914063,41.78161621093751,614.1406250000001,0.05963062500000001,5.2515625,14.274,
0,20,,,7.950782775878906,41.75354003906251,615.5859375000001,0.05963062500000001,5.2515625,14.308,
0,20,,,7.933425903320313,41.66015625000001,616.904296875,0.059500312500000006,5.2513671875000005,14.342,
0,21,,,8.218193054199219,44.317626953125,622.802734375,0.06331281250000001,5.2498046875,14.477,
0,21,,,8.441734313964846,44.317626953125,624.3750000000001,0.06331281250000001,5.2498046875,14.511,
0,21,,,8.667182922363281,45.4986572265625,625.95703125,0.0650025,5.249609375,14.545,
0,22,,,8.344268798828125,43.81103515625001,631.7675781250001,0.0625809375,5.2505859375,14.679,
0,22,,,8.344268798828125,43.81103515625001,633.2910156250001,0.0625809375,5.2505859375,14.713,
0,22,,,8.436775207519531,44.293212890625,634.8339843750001,0.0632759375,5.25,14.747,
0,22,,,8.437538146972656,44.29565429687501,636.3769531250001,0.06328093750000001,5.25,14.781,
0,22,,,8.437538146972656,44.29565429687501,637.79296875,0.06328093750000001,5.25,14.815,
0,22,,,8.472251892089846,44.47998046875001,639.3261718750001,0.06354125000000001,5.250195312500001,14.849,
0,22,,,8.441925048828125,44.32006835937501,640.8593750000001,0.06331375,5.25,14.883,
0,22,,,8.441925048828125,44.32006835937501,642.412109375,0.06331375,5.25,14.917,
0,22,,,8.469009399414062,44.45739746093751,643.8183593750001,0.063516875,5.2494140625000005,14.951,
0,22,,,8.45317840576172,44.38110351562501,645.3515625000001,0.06339875,5.250195312500001,14.985,
0,22,,,8.45317840576172,44.38110351562501,646.8847656250001,0.06339875,5.250195312500001,15.019,
0,22,,,8.500289916992188,44.62524414062501,648.4277343750001,0.06375093750000001,5.25,15.053,
0,22,,,8.470344543457033,44.47204589843751,649.98046875,0.0635275,5.2503906250000005,15.087,
0,23,,,8.197975158691406,43.04809570312501,655.72265625,0.06148437500000001,5.2509765625,15.221,
0,23,,,8.341407775878906,43.797607421875,657.2753906250001,0.0625596875,5.2505859375,15.255,
0,23,,,8.576583862304688,45.02380371093751,658.8378906250001,0.0643228125,5.249609375,15.289,
0,23,,,8.576583862304688,45.02380371093751,660.25390625,0.0643228125,5.249609375,15.323,
0,23,,,8.526802062988281,44.76196289062501,661.81640625,0.0639509375,5.249609375,15.357,
0,23,,,8.580780029296875,45.04577636718751,663.3789062500001,0.0643559375,5.249609375,15.391,
0,23,,,8.580780029296875,45.04577636718751,664.9316406250001,0.0643559375,5.249609375,15.425,
0,24,,,6.4449310302734375,33.8720703125,0.634765625,0.048155,5.256054687500001,0.025,
0,24,,,6.420707702636719,33.74694824218751,1.8164062500000002,0.048155,5.256054687500001,0.059,
0,24,,,6.458091735839844,33.93920898437501,2.9882812500000004,0.048435000000000006,5.25546875,0.093,
0,24,,,6.458091735839844,33.93920898437501,4.0625,0.048594375,5.256054687500001,0.127,
0,24,,,6.4792633056640625,34.0545654296875,5.253906250000001,0.048594375,5.256054687500001,0.162,
0,24,,,6.462860107421875,33.966064453125,6.42578125,0.048470937500000005,5.2556640625,0.196,
0,24,,,6.462860107421875,33.966064453125,7.597656250000001,0.048344687500000004,5.2552734375000005,0.23,
0,24,,,6.446075439453126,33.87573242187501,8.779296875,0.048344687500000004,5.2552734375000005,0.264,
0,24,,,6.477546691894532,34.04357910156251,9.960937500000002,0.0485815625,5.2556640625,0.299,
0,24,,,6.453514099121094,33.9190673828125,11.03515625,0.04840125000000001,5.255859375,0.333,
0,24,,,6.453514099121094,33.9190673828125,12.20703125,0.04840125000000001,5.255859375,0.367,
0,24,,,6.46209716796875,33.96423339843751,13.388671875,0.04846593750000001,5.255859375,0.401,
0,24,,,6.466102600097657,33.98315429687501,14.570312500000002,0.048495,5.2556640625,0.435,
0,24,,,6.466102600097657,33.98315429687501,15.751953125000002,0.048495,5.2556640625,0.469,
0,24,,,6.4762115478515625,34.03747558593751,16.826171875,0.04857125,5.255859375,0.503,
0,24,,,6.475257873535156,34.03076171875001,18.0078125,0.04856437500000001,5.25546875,0.537,
0,24,,,6.475257873535156,34.03076171875001,19.1796875,0.04856437500000001,5.25546875,0.571,
0,24,,,6.449890136718751,33.8958740234375,20.361328125,0.0483740625,5.2552734375000005,0.605,
0,24,,,6.462669372558594,33.963623046875,21.533203125,0.0484703125,5.25546875,0.639,
0,24,,,6.462669372558594,33.963623046875,22.607421875000004,0.0484703125,5.25546875,0.673,
0,24,,,6.467628479003906,33.98986816406251,23.789062500000004,0.0485075,5.25546875,0.707,
0,24,,,6.468200683593751,33.99475097656251,24.970703125000004,0.048510937500000004,5.2556640625,0.741,
0,24,,,6.468200683593751,33.99475097656251,26.15234375,0.048510937500000004,5.2556640625,0.775,
0,24,,,6.493186950683594,34.12902832031251,27.226562500000004,0.048699375,5.256054687500001,0.809,
0,24,,,6.463623046875,33.970947265625,28.408203125000004,0.048476250000000005,5.255859375,0.843,
0,24,,,6.463623046875,33.970947265625,29.580078125000007,0.048476250000000005,5.255859375,0.877,
0,24,,,6.450843811035157,33.89892578125,30.76171875,0.0483815625,5.2548828125,0.911,
0,24,,,6.4716339111328125,34.0118408203125,31.943359375,0.048536562500000005,5.2556640625,0.945,
0,24,,,6.4716339111328125,34.0118408203125,33.017578125,0.048536562500000005,5.2556640625,0.979,
0,24,,,6.46343231201172,33.96789550781251,34.19921875,0.048475625,5.25546875,1.013,
0,24,,,6.46209716796875,33.966064453125,35.37109375000001,0.04846593750000001,5.2562500000000005,1.047,
0,24,,,6.46209716796875,33.966064453125,36.552734375,0.04846593750000001,5.2562500000000005,1.081,
0,24,,,6.47563934326172,34.0325927734375,37.61718750000001,0.048567187500000004,5.25546875,1.115,
0,24,,,6.451988220214845,33.90869140625001,38.79882812500001,0.048389375000000005,5.2556640625,1.149,
0,24,,,6.451988220214845,33.90869140625001,39.98046875000001,0.048389375000000005,5.2556640625,1.183,
0,24,,,6.443214416503907,33.86474609375,41.15234375000001,0.0483240625,5.255859375,1.217,
0,24,,,6.444358825683595,33.86962890625001,42.22656250000001,0.04833250000000001,5.255859375,1.251,
0,24,,,6.444358825683595,33.86962890625001,43.39843750000001,0.04833250000000001,5.2552734375000005,1.285,
0,24,,,6.462669372558594,33.96240234375,44.58007812500001,0.048469375,5.2552734375000005,1.319,
0,24,,,6.479072570800781,34.05029296875,45.76171875000001,0.0485921875,5.25546875,1.354,
0,24,,,6.479072570800781,34.05029296875,46.94335937500001,0.048552500000000005,5.2556640625,1.388,
0,24,,,6.473731994628907,34.0234375,48.125,0.048552500000000005,5.2556640625,1.422,
0,24,,,6.4716339111328125,34.0106201171875,49.19921875,0.0485371875,5.25546875,1.456,
0,24,,,6.4716339111328125,34.0106201171875,50.371093750000014,0.048516562500000006,5.2556640625,1.49,
0,24,,,6.468963623046876,33.99780273437501,51.552734375,0.048516562500000006,5.2556640625,1.524,
0,24,,,6.477546691894532,34.0411376953125,52.74414062500001,0.0485815625,5.2552734375000005,1.558,
0,24,,,6.477546691894532,34.0411376953125,53.81835937500001,0.048573750000000006,5.255859375,1.592,
0,24,,,6.476593017578126,34.039306640625,55.00000000000001,0.048573750000000006,5.255859375,1.626,
0,24,,,6.4849853515625,34.085693359375,56.18164062500001,0.04863750000000001,5.256054687500001,1.66,
0,24,,,6.4849853515625,34.085693359375,57.353515625000014,0.048445625000000006,5.255859375,1.694,
0,24,,,6.459426879882813,33.9495849609375,58.427734375000014,0.048445625000000006,5.255859375,1.728,
0,24,,,6.4731597900390625,34.017333984375,59.609375,0.048549062500000004,5.255078125000001,1.762,
0,24,,,6.4731597900390625,33.963623046875,60.791015625,0.0484640625,5.256054687500001,1.796,
0,24,,,6.461906433105469,33.963623046875,61.962890625,0.0484640625,5.256054687500001,1.83,
0,24,,,6.443595886230469,33.863525390625,63.14453125000001,0.04832625,5.25546875,1.864,
0,24,,,6.463050842285156,33.96728515625001,64.208984375,0.048473125000000006,5.2556640625,1.898,
0,24,,,6.463050842285156,33.96728515625001,65.39062500000001,0.048473125000000006,5.2556640625,1.932,
0,24,,,6.465721130371094,33.98315429687501,66.572265625,0.0484928125,5.255859375,1.966,
0,24,,,6.460762023925781,33.95324707031251,67.744140625,0.04845531250000001,5.25546875,2.0,
0,24,,,6.460762023925781,33.95324707031251,68.828125,0.04845531250000001,5.25546875,2.034,
0,24,,,6.490516662597656,34.1094970703125,70.00976562500001,0.0486790625,5.2552734375000005,2.067,
0,24,,,6.455421447753906,33.927001953125,71.18164062500001,0.04841500000000001,5.2556640625,2.101,
0,24,,,6.455421447753906,33.927001953125,72.373046875,0.04841500000000001,5.2556640625,2.135,
0,24,,,6.4792633056640625,34.05029296875,73.4375,0.048594687500000004,5.2552734375000005,2.169,
0,24,,,6.471824645996095,34.01367187500001,74.61914062500001,0.0485384375,5.2556640625,2.203,
0,24,,,6.471824645996095,34.01367187500001,75.80078125,0.0485384375,5.2556640625,2.237,
0,24,,,6.472587585449219,34.017333984375,76.98242187500001,0.0485446875,5.25546875,2.271,
0,24,,,6.452941894531251,33.9129638671875,78.04687500000001,0.048396562500000004,5.25546875,2.305,
0,24,,,6.452941894531251,33.9129638671875,79.22851562500001,0.048396562500000004,5.25546875,2.339,
0,24,,,6.452941894531251,33.91540527343751,80.40039062500001,0.04839625,5.255859375,2.373,
0,24,,,6.45904541015625,33.94592285156251,81.58203125000001,0.048443125000000004,5.25546875,2.408,
0,24,,,6.45904541015625,33.94592285156251,82.763671875,0.048443125000000004,5.25546875,2.442,
0,24,,,6.471443176269531,34.0118408203125,83.94531250000001,0.048535625000000006,5.2556640625,2.476,
0,24,,,6.463050842285156,33.96667480468751,85.00976562500001,0.0484734375,5.25546875,2.51,
0,24,,,6.463050842285156,33.96667480468751,86.20117187500001,0.0484734375,5.25546875,2.544,
0,24,,,6.512069702148438,34.22729492187501,87.38281250000001,0.048840312500000004,5.256054687500001,2.578,
0,24,,,6.4666748046875,33.98498535156251,88.56445312500001,0.048499375000000004,5.25546875,2.612,
0,24,,,6.4666748046875,33.98498535156251,89.64843750000001,0.048499375000000004,5.25546875,2.646,
0,24,,,6.501388549804688,34.168701171875,90.8203125,0.048760000000000005,5.2556640625,2.68,
0,24,,,6.4731597900390625,34.02099609375,92.01171875000001,0.04854875,5.2556640625,2.714,
0,24,,,6.4731597900390625,34.02099609375,93.193359375,0.04854875,5.2556640625,2.748,
0,24,,,6.497764587402345,34.14978027343751,94.26757812500001,0.0487321875,5.2556640625,2.782,
0,24,,,6.487274169921876,34.09545898437501,95.458984375,0.048654062500000005,5.255859375,2.816,
0,24,,,6.487274169921876,34.09545898437501,96.630859375,0.048654062500000005,5.255859375,2.85,
0,24,,,6.4792633056640625,34.05334472656251,97.81250000000001,0.048594687500000004,5.255859375,2.884,
0,24,,,6.474876403808595,34.02954101562501,98.89648437500001,0.04856125000000001,5.2556640625,2.918,
0,24,,,6.474876403808595,34.02954101562501,100.078125,0.04856125000000001,5.2552734375000005,2.952,
0,24,,,6.512641906738281,34.22485351562501,101.25976562500001,0.048843750000000005,5.2552734375000005,2.986,
0,24,,,6.501197814941406,34.1705322265625,102.45117187500003,0.048759062500000006,5.256054687500001,3.02,
0,24,,,6.501197814941406,34.1705322265625,103.6328125,0.048759062500000006,5.2556640625,3.054,
0,24,,,6.4807891845703125,34.06005859375001,104.70703125000001,0.048605,5.2556640625,3.088,
0,24,,,6.487083435058595,34.09423828125,105.888671875,0.04865343750000001,5.2556640625,3.121,
0,24,,,6.487083435058595,34.09423828125,107.07031250000001,0.048663750000000006,5.255859375,3.155,
0,24,,,6.488609313964844,34.1021728515625,108.25195312500001,0.048663750000000006,5.255859375,3.189,
0,24,,,6.468200683593751,33.992919921875,109.326171875,0.0485115625,5.25546875,3.223,
0,24,,,6.468200683593751,33.992919921875,110.50781250000003,0.048583125000000005,5.2552734375000005,3.257,
0,24,,,6.477737426757813,34.0423583984375,111.69921875,0.048583125000000005,5.2552734375000005,3.291,
0,24,,,6.5021514892578125,34.1705322265625,112.88085937500001,0.04876562500000001,5.2552734375000005,3.325,
0,24,,,6.5021514892578125,34.1705322265625,113.95507812500001,0.048617187500000006,5.256054687500001,3.359,
0,24,,,6.482315063476563,34.07104492187501,115.13671875,0.048617187500000006,5.256054687500001,3.393,
0,24,,,6.466484069824219,33.98254394531251,116.30859375000001,0.0484978125,5.2552734375000005,3.427,
0,24,,,6.466484069824219,33.98254394531251,117.50000000000001,0.048625625000000006,5.25546875,3.462,
0,24,,,6.483459472656251,34.0728759765625,118.69140625000001,0.048625625000000006,5.25546875,3.496,
0,24,,,6.517601013183595,34.25537109375001,119.76562500000001,0.04888218750000001,5.255859375,3.53,
0,24,,,6.482696533203125,34.0716552734375,120.94726562500001,0.048620000000000003,5.255859375,3.564,
0,24,,,6.482696533203125,34.0716552734375,122.12890625000001,0.048620000000000003,5.255859375,3.598,
0,24,,,6.485748291015625,34.08874511718751,123.31054687500001,0.048643125,5.256054687500001,3.632,
0,24,,,6.463623046875,33.97216796875,124.49218750000001,0.048477187500000005,5.256054687500001,3.666,
0,24,,,6.463623046875,33.97216796875,125.56640625000001,0.048477187500000005,5.256054687500001,3.7,
0,24,,,6.516075134277344,34.24316406250001,126.75781250000001,0.048870312500000006,5.2552734375000005,3.734,
0,24,,,6.454277038574219,33.91967773437501,127.9296875,0.048407500000000006,5.25546875,3.768,
0,24,,,6.454277038574219,33.91967773437501,129.111328125,0.048407500000000006,5.25546875,3.802,
0,24,,,6.472969055175782,34.0167236328125,130.18554687500003,0.0485465625,5.2552734375000005,3.836,
0,24,,,6.473731994628907,34.0234375,131.3671875,0.04855281250000001,5.2556640625,3.87,
0,24,,,6.473731994628907,34.0234375,132.54882812500003,0.04855281250000001,5.2556640625,3.904,
0,24,,,6.485366821289063,34.08630371093751,133.73046875000003,0.0486396875,5.255859375,3.938,
0,24,,,6.492424011230469,34.12353515625,134.80468750000003,0.048693437500000006,5.255859375,3.972,
0,24,,,6.492424011230469,34.12353515625,135.99609375000003,0.048693437500000006,5.255859375,4.006,
0,24,,,6.484413146972657,34.07958984375,137.177734375,0.0486334375,5.2556640625,4.04,
0,24,,,6.4788818359375,34.05029296875,138.35937500000003,0.04859093750000001,5.2556640625,4.074,
0,24,,,6.4788818359375,34.05029296875,139.53125000000003,0.04859093750000001,5.2556640625,4.108,
0,24,,,6.461143493652344,33.95935058593751,140.60546875000003,0.04845875,5.255859375,4.142,
0,24,,,6.494712829589845,34.13208007812501,141.78710937500003,0.04871062500000001,5.25546875,4.176,
0,24,,,6.494712829589845,34.13208007812501,142.96875,0.04871062500000001,5.25546875,4.21,
0,24,,,6.484031677246094,34.0789794921875,144.16015625,0.04863000000000001,5.255859375,4.244,
0,24,,,6.455612182617188,33.93127441406251,145.224609375,0.048416875000000005,5.256054687500001,4.278,
0,24,,,6.455612182617188,33.93127441406251,146.40625000000003,0.048416875000000005,5.256054687500001,4.312,
0,24,,,6.475257873535156,34.02954101562501,147.58789062500003,0.048564062500000005,5.2552734375000005,4.346,
0,24,,,6.460571289062501,33.955078125,148.759765625,0.048453750000000004,5.255859375,4.38,
0,24,,,6.460571289062501,33.955078125,149.84375000000003,0.048453750000000004,5.255859375,4.414,
0,24,,,6.468391418457031,33.99475097656251,151.01562500000003,0.048512187500000005,5.25546875,4.448,
0,24,,,6.470680236816406,34.0093994140625,152.19726562500003,0.048530000000000004,5.255859375,4.482,
0,24,,,6.470680236816406,34.0093994140625,153.38867187500003,0.048530000000000004,5.255859375,4.516,
0,24,,,6.493759155273438,34.12719726562501,154.560546875,0.04870312500000001,5.25546875,4.55,
0,24,,,6.476020812988281,34.03686523437501,155.751953125,0.04857,5.255859375,4.584,
0,24,,,6.476020812988281,34.03686523437501,156.82617187500003,0.04857,5.255078125000001,4.618,
0,24,,,6.480407714843751,34.05517578125,157.99804687500003,0.048603125000000004,5.255078125000001,4.652,
0,24,,,6.481552124023438,34.0655517578125,159.18945312500003,0.048610625000000005,5.255859375,4.686,
0,24,,,6.481552124023438,34.0655517578125,160.37109375000003,0.0486684375,5.256054687500001,4.72,
0,24,,,6.489181518554688,34.10644531250001,161.44531250000003,0.0486684375,5.256054687500001,4.754,
0,24,,,6.463623046875,33.9727783203125,162.62695312500003,0.048476875,5.256054687500001,4.788,
0,24,,,6.463623046875,33.9727783203125,163.80859375,0.048593125,5.25546875,4.822,
0,24,,,6.479072570800781,34.05090332031251,164.98046875000003,0.048593125,5.25546875,4.856,
0,24,,,6.4487457275390625,33.89038085937501,166.05468750000003,0.04836531250000001,5.25546875,4.89,
0,24,,,6.4487457275390625,33.89038085937501,167.2265625,0.04837156250000001,5.2556640625,4.924,
0,24,,,6.4495086669921875,33.89709472656251,168.40820312500003,0.04837156250000001,5.2556640625,4.958,
0,24,,,6.476593017578126,34.0362548828125,169.58984375000003,0.04857500000000001,5.2552734375000005,4.992,
0,24,,,6.476593017578126,34.0362548828125,170.654296875,0.048322500000000004,5.256054687500001,5.026,
0,24,,,6.443023681640625,33.8641357421875,171.83593750000003,0.048322500000000004,5.256054687500001,5.06,
0,24,,,6.4792633056640625,34.05517578125,173.01757812500003,0.048594687500000004,5.256054687500001,5.094,
0,24,,,6.4792633056640625,34.05517578125,174.19921875000003,0.0484503125,5.2552734375000005,5.128,
0,24,,,6.459999084472656,33.9495849609375,175.38085937500003,0.0484503125,5.2552734375000005,5.162,
0,24,,,6.470680236816406,34.00512695312501,176.44531250000003,0.048529062500000004,5.25546875,5.196,
0,24,,,6.4487457275390625,33.89038085937501,177.62695312500003,0.048365937500000004,5.25546875,5.23,
0,24,,,6.4487457275390625,33.89038085937501,178.79882812500003,0.048365937500000004,5.25546875,5.264,
0,24,,,6.447029113769532,33.8824462890625,179.98046875,0.04835250000000001,5.25546875,5.298,
0,24,,,6.469154357910157,33.99780273437501,181.0546875,0.048518125,5.25546875,5.332,
0,24,,,6.469154357910157,33.99780273437501,182.236328125,0.048518125,5.25546875,5.366,
0,24,,,6.470870971679688,34.0087890625,183.40820312500003,0.048531250000000005,5.255859375,5.4,
0,24,,,6.47735595703125,34.04296875000001,184.58984375,0.048579062500000006,5.255859375,5.434,
0,24,,,6.47735595703125,34.04296875000001,185.67382812500003,0.048579062500000006,5.255859375,5.468,
0,24,,,6.492424011230469,34.11987304687501,186.84570312500003,0.048692187500000005,5.25546875,5.502,
0,24,,,6.449317932128906,33.896484375,188.02734375000003,0.048369062500000004,5.255859375,5.536,
0,24,,,6.449317932128906,33.896484375,189.19921875,0.048369062500000004,5.255859375,5.571,
0,24,,,6.444549560546875,33.870849609375,190.38085937500003,0.048334375000000006,5.2556640625,5.605,
0,24,,,6.465148925781251,33.97705078125001,191.56250000000003,0.048487812500000005,5.25546875,5.639,
0,24,,,6.465148925781251,33.97705078125001,192.63671875000003,0.048487812500000005,5.25546875,5.673,
0,24,,,6.47869110107422,34.04968261718751,193.80859375000003,0.04859,5.2556640625,5.706,
0,24,,,6.45904541015625,33.94531250000001,194.99023437500003,0.04844156250000001,5.25546875,5.74,
0,24,,,6.45904541015625,33.94531250000001,196.17187500000003,0.04844156250000001,5.25546875,5.774,
0,24,,,6.4525604248046875,33.9117431640625,197.23632812500003,0.048394375,5.25546875,5.808,
0,24,,,6.481552124023438,34.0618896484375,198.41796875000003,0.048610625000000005,5.2552734375000005,5.842,
0,24,,,6.481552124023438,34.0618896484375,199.59960937500003,0.048610625000000005,5.2552734375000005,5.876,
0,24,,,6.460571289062501,33.9556884765625,200.78125000000003,0.048454062500000006,5.255859375,5.91,
0,24,,,6.4540863037109375,33.92272949218751,201.85546875000003,0.048405000000000004,5.256054687500001,5.944,
0,24,,,6.4540863037109375,33.92272949218751,203.02734375,0.048405000000000004,5.256054687500001,5.978,
0,24,,,6.474113464355469,34.02587890625,204.208984375,0.048555,5.255859375,6.012,
0,24,,,6.461524963378907,33.95812988281251,205.39062500000006,0.04846062500000001,5.25546875,6.046,
0,24,,,6.461524963378907,33.95812988281251,206.56250000000003,0.04846062500000001,5.25546875,6.08,
0,24,,,6.450653076171875,33.897705078125,207.63671875000003,0.048379375,5.255078125000001,6.114,
0,24,,,6.474685668945313,34.02954101562501,208.81835937500003,0.048560000000000006,5.255859375,6.148,
0,24,,,6.474685668945313,34.02954101562501,210.00000000000003,0.048560000000000006,5.255859375,6.182,
0,24,,,6.44683837890625,33.8800048828125,211.171875,0.048351250000000005,5.2552734375000005,6.216,
0,24,,,6.461906433105469,33.9599609375,212.24609375000003,0.0484640625,5.25546875,6.25,
0,24,,,6.461906433105469,33.9599609375,213.41796875000003,0.0484640625,5.255859375,6.284,
0,24,,,6.458473205566407,33.9447021484375,214.599609375,0.0484375,5.255859375,6.318,
0,24,,,6.483650207519531,34.07592773437501,215.79101562500003,0.04862687500000001,5.255859375,6.352,
0,24,,,6.483650207519531,34.07592773437501,216.86523437500006,0.04862687500000001,5.255859375,6.386,
0,24,,,6.4868927001953125,34.0936279296875,218.03710937500003,0.04865125000000001,5.255859375,6.42,
0,24,,,6.449699401855469,33.90075683593751,219.21875000000003,0.048371875,5.2562500000000005,6.454,
0,24,,,6.449699401855469,33.90075683593751,220.39062500000003,0.048467812500000006,5.255859375,6.488,
0,24,,,6.462478637695313,33.96545410156251,221.57226562500003,0.048467812500000006,5.255859375,6.522,
0,24,,,6.465148925781251,33.9813232421875,222.646484375,0.04848812500000001,5.2562500000000005,6.556,
0,24,,,6.465148925781251,33.9813232421875,223.82812500000003,0.048567187500000004,5.2556640625,6.59,
0,24,,,6.47563934326172,34.0338134765625,225.009765625,0.048567187500000004,5.2556640625,6.625,
0,24,,,6.47735595703125,34.04052734375001,226.20117187500003,0.048579062500000006,5.25546875,6.659,
0,24,,,6.47735595703125,34.04052734375001,227.38281250000003,0.048779062500000005,5.25546875,6.693,
0,24,,,6.503868103027344,34.18090820312501,228.44726562500003,0.048779062500000005,5.25546875,6.727,
0,24,,,6.463623046875,33.96972656250001,229.62890625000003,0.048476250000000005,5.2556640625,6.761,
0,24,,,6.463623046875,34.02526855468751,230.81054687500003,0.0485571875,5.25546875,6.795,
0,24,,,6.47430419921875,34.02526855468751,231.9921875,0.0485571875,5.25546875,6.829,
0,24,,,6.465148925781251,33.98071289062501,233.17382812500003,0.048488750000000004,5.256054687500001,6.863,
0,24,,,6.46343231201172,33.96911621093751,234.23828125,0.048475625,5.2556640625,6.897,
0,24,,,6.46343231201172,33.96911621093751,235.42968750000003,0.048475625,5.2556640625,6.931,
0,24,,,6.46343231201172,33.96850585937501,236.60156250000003,0.048475312500000006,5.25546875,6.965,
0,24,,,6.487083435058595,34.08935546875001,237.783203125,0.04865343750000001,5.2548828125,6.999,
0,24,,,6.487083435058595,34.08935546875001,238.85742187500003,0.04865343750000001,5.2548828125,7.033,
0,24,,,6.458854675292969,33.94531250000001,240.02929687500003,0.048441250000000005,5.2556640625,7.067,
0,24,,,6.45904541015625,33.94653320312501,241.2109375,0.048442187500000004,5.2556640625,7.101,
0,24,,,6.45904541015625,33.94653320312501,242.39257812500003,0.048442187500000004,5.2556640625,7.135,
0,24,,,6.463813781738281,33.9715576171875,243.46679687500006,0.04847875,5.2556640625,7.169,
0,24,,,6.485939025878906,34.08752441406251,244.64843750000003,0.048644687500000006,5.2556640625,7.203,
0,24,,,6.485939025878906,34.08752441406251,245.83007812500003,0.048644687500000006,5.2556640625,7.237,
0,24,,,6.462860107421875,33.96545410156251,247.00195312500003,0.04847125000000001,5.25546875,7.271,
0,24,,,6.4487457275390625,33.89038085937501,248.07617187500003,0.0483646875,5.25546875,7.305,
0,24,,,6.4487457275390625,33.89038085937501,249.24804687500003,0.0483646875,5.25546875,7.339,
0,24,,,6.4563751220703125,33.9324951171875,250.4296875,0.04842250000000001,5.2556640625,7.373,
0,24,,,6.495475769042969,34.139404296875,251.62109375000003,0.04871625,5.255859375,7.407,
0,24,,,6.495475769042969,34.139404296875,252.80273437500006,0.04871625,5.255859375,7.441,
0,24,,,6.485557556152344,34.0850830078125,253.87695312500003,0.048641250000000004,5.25546875,7.475,
0,24,,,6.476783752441407,34.04052734375001,255.05859375,0.048575937500000006,5.255859375,7.509,
0,24,,,6.476783752441407,34.04052734375001,256.24023437500006,0.048575937500000006,5.255859375,7.543,
0,24,,,6.480407714843751,34.0576171875,257.421875,0.0486028125,5.25546875,7.577,
0,24,,,6.457710266113282,33.9410400390625,258.486328125,0.0484325,5.255859375,7.611,
0,24,,,6.457710266113282,33.9410400390625,259.66796875000006,0.0484325,5.255859375,7.645,
0,24,,,6.4693450927734375,34.0020751953125,260.84960937500006,0.04852,5.255859375,7.679,
0,24,,,6.460571289062501,33.95385742187501,262.03125000000006,0.048454375,5.2556640625,7.713,
0,24,,,6.460571289062501,33.95385742187501,263.21289062500006,0.048454375,5.2556640625,7.747,
0,24,,,6.487846374511719,34.0972900390625,264.28710937500006,0.0486578125,5.2556640625,7.781,
0,24,,,6.4666748046875,33.988037109375,265.46875000000006,0.048500312500000003,5.255859375,7.815,
0,24,,,6.4666748046875,33.988037109375,266.650390625,0.048500312500000003,5.255859375,7.849,
0,24,,,6.493377685546875,34.1229248046875,267.83203125000006,0.0487003125,5.255078125000001,7.883,
0,24,,,6.471824645996095,34.01245117187501,268.90625000000006,0.0485384375,5.25546875,7.917,
0,24,,,6.471824645996095,34.01245117187501,270.08789062500006,0.0485384375,5.256054687500001,7.951,
0,24,,,6.467247009277345,33.99169921875001,271.25976562500006,0.048504687500000004,5.256054687500001,7.985,
0,24,,,6.454849243164063,33.9251708984375,272.44140625,0.04841125,5.255859375,8.019,
0,24,,,6.454849243164063,33.9251708984375,273.623046875,0.04841125,5.2556640625,8.053,
0,24,,,6.485748291015625,34.085693359375,274.697265625,0.048642500000000005,5.2556640625,8.087,
0,24,,,6.4807891845703125,34.0631103515625,275.87890625,0.048606250000000004,5.256054687500001,8.121,
0,24,,,6.4807891845703125,34.0631103515625,277.06054687500006,0.0484871875,5.255859375,8.155,
0,24,,,6.464958190917969,33.97949218750001,278.2421875,0.0484871875,5.255859375,8.189,
0,24,,,6.48193359375,34.06616210937501,279.31640625000006,0.048615000000000005,5.25546875,8.223,
0,24,,,6.48193359375,34.06616210937501,280.498046875,0.048701562500000004,5.2552734375000005,8.257,
0,24,,,6.493568420410156,34.1253662109375,281.689453125,0.048701562500000004,5.2552734375000005,8.291,
0,24,,,6.477546691894532,34.04357910156251,282.87109375,0.048581250000000006,5.2556640625,8.325,
0,24,,,6.477546691894532,34.04357910156251,283.94531250000006,0.04871906250000001,5.256054687500001,8.359,
0,24,,,6.495857238769532,34.14245605468751,285.126953125,0.04871906250000001,5.256054687500001,8.393,
0,24,,,6.466102600097657,33.98437500000001,286.298828125,0.048495,5.255859375,8.427,
0,24,,,6.466102600097657,33.98437500000001,287.49023437500006,0.04863875,5.255859375,8.461,
0,24,,,6.485176086425782,34.085693359375,288.564453125,0.04863875,5.255859375,8.495,
0,24,,,6.463623046875,33.96728515625001,289.736328125,0.048476875,5.2552734375000005,8.529,
0,24,,,6.463623046875,33.98254394531251,290.91796875000006,0.0484959375,5.25546875,8.563,
0,24,,,6.466102600097657,33.98254394531251,292.09960937500006,0.0484959375,5.25546875,8.597,
0,24,,,6.511878967285157,34.2242431640625,293.29101562500006,0.04883875000000001,5.2556640625,8.631,
0,24,,,6.499671936035157,34.15954589843751,294.375,0.048747500000000006,5.2556640625,8.665,
0,24,,,6.499671936035157,34.15954589843751,295.55664062500006,0.048747500000000006,5.2556640625,8.699,
0,24,,,6.503295898437501,34.178466796875,296.73828125000006,0.04877406250000001,5.2556640625,8.733,
0,24,,,6.491661071777344,34.12109375000001,297.92968750000006,0.0486875,5.2562500000000005,8.767,
0,24,,,6.491661071777344,34.12109375000001,299.111328125,0.0486875,5.2562500000000005,8.801,
0,24,,,6.4792633056640625,34.051513671875,300.18554687500006,0.04859406250000001,5.25546875,8.835,
0,24,,,6.464958190917969,33.97949218750001,301.35742187500006,0.048486562500000004,5.256054687500001,8.869,
0,24,,,6.464958190917969,33.97949218750001,302.5390625,0.048486562500000004,5.256054687500001,8.903,
0,24,,,6.477165222167969,34.0423583984375,303.73046875000006,0.0485784375,5.255859375,8.937,
0,24,,,6.496620178222657,34.1461181640625,304.80468750000006,0.048724062500000005,5.256054687500001,8.971,
0,24,,,6.496620178222657,34.1461181640625,305.97656250000006,0.048724062500000005,5.256054687500001,9.005,
0,24,,,6.468772888183594,33.994140625,307.15820312500006,0.048515,5.2552734375000005,9.039,
0,24,,,6.44073486328125,33.8494873046875,308.33984375,0.048304687500000006,5.2556640625,9.073,
0,24,,,6.44073486328125,33.8494873046875,309.41406250000006,0.048304687500000006,5.2556640625,9.107,
0,24,,,6.490135192871095,34.107666015625,310.595703125,0.048676250000000004,5.2552734375000005,9.141,
0,24,,,6.4830780029296875,34.07470703125001,311.77734375000006,0.0486228125,5.256054687500001,9.175,
0,24,,,6.4830780029296875,34.07470703125001,312.958984375,0.0486228125,5.256054687500001,9.209,
0,24,,,6.4769744873046875,34.0411376953125,314.14062500000006,0.0485765625,5.255859375,9.243,
0,24,,,6.467628479003906,33.99597167968751,315.21484375000006,0.048506875000000005,5.2564453125,9.277,
0,24,,,6.467628479003906,33.99597167968751,316.396484375,0.048506875000000005,5.2564453125,9.311,
0,24,,,6.47735595703125,34.04296875000001,317.56835937500006,0.048579375,5.255859375,9.345,
0,24,,,6.4788818359375,34.051513671875,318.75976562500006,0.048591562500000005,5.2556640625,9.379,
0,24,,,6.4788818359375,34.051513671875,319.83398437500006,0.048591562500000005,5.2556640625,9.413,
0,24,,,6.502342224121095,34.17297363281251,321.015625,0.048768125,5.25546875,9.447,
0,24,,,6.465911865234375,33.98376464843751,322.19726562500006,0.04849375,5.255859375,9.481,
0,24,,,6.465911865234375,33.98376464843751,323.36914062500006,0.04849375,5.255859375,9.515,
0,24,,,6.465911865234375,33.98437500000001,324.453125,0.04849343750000001,5.256054687500001,9.549,
0,24,,,6.488609313964844,34.10278320312501,325.63476562500006,0.0486640625,5.255859375,9.583,
0,24,,,6.488609313964844,34.10278320312501,326.81640625000006,0.0486640625,5.255859375,9.617,
0,24,,,6.466865539550781,33.98498535156251,327.98828125000006,0.04850187500000001,5.2552734375000005,9.651,
0,24,,,6.455612182617188,33.9251708984375,329.06250000000006,0.04841625,5.2552734375000005,9.685,
0,24,,,6.455612182617188,33.9251708984375,330.24414062500006,0.04841625,5.255859375,9.719,
0,24,,,6.488990783691407,34.10461425781251,331.42578125000006,0.048666875000000005,5.255859375,9.753,
0,24,,,6.458473205566407,33.9434814453125,332.60742187500006,0.0484384375,5.2556640625,9.787,
0,24,,,6.458473205566407,33.9434814453125,333.7890625,0.0487478125,5.25546875,9.821,
0,24,,,6.499671936035157,34.1583251953125,334.98046875000006,0.0487478125,5.25546875,9.855,
0,24,,,6.498146057128906,34.15039062500001,336.05468750000006,0.04873625,5.25546875,9.889,
0,24,,,6.498146057128906,34.15039062500001,337.22656250000006,0.048479375000000005,5.2556640625,9.923,
0,24,,,6.4640045166015625,33.9715576171875,338.40820312500006,0.048479375000000005,5.2556640625,9.957,
0,24,,,6.467628479003906,33.990478515625,339.58984375,0.048506875000000005,5.25546875,9.991,
0,25,,,6.4426422119140625,33.85864257812501,344.06250000000006,0.0477584375,5.255859375,10.126,
0,25,,,6.367874145507813,33.468017578125,345.205078125,0.0477584375,5.255859375,10.16,
0,25,,,6.2885284423828125,33.05114746093751,346.35742187500006,0.047164062500000006,5.2556640625,10.194,
0,25,,,6.2885284423828125,33.05114746093751,347.509765625,0.047535,5.255859375,10.228,
0,25,,,6.3381195068359375,33.31115722656251,348.56445312500006,0.047535,5.255859375,10.262,
0,25,,,6.328964233398438,33.26599121093751,349.71679687500006,0.047466875000000006,5.2562500000000005,10.296,
0,25,,,6.328964233398438,33.26599121093751,350.869140625,0.047362812500000004,5.255859375,10.33,
0,25,,,6.315040588378906,33.19091796875001,352.021484375,0.047362812500000004,5.255859375,10.364,
0,25,,,6.313705444335938,33.1878662109375,353.076171875,0.047353125,5.2564453125,10.398,
0,25,,,6.313323974609375,33.1842041015625,354.21875,0.0473496875,5.2562500000000005,10.432,
0,25,,,6.313323974609375,33.1842041015625,355.37109375000006,0.0473496875,5.2562500000000005,10.466,
0,25,,,6.305122375488282,33.1396484375,356.51367187500006,0.0472884375,5.256054687500001,10.5,
0,25,,,6.2862396240234375,33.04504394531251,357.55859375000006,0.047146875000000005,5.256640625,10.534,
0,25,,,6.2862396240234375,33.04504394531251,358.71093750000006,0.047146875000000005,5.256640625,10.568,
0,25,,,6.293296813964844,33.077392578125,359.853515625,0.047198750000000005,5.256054687500001,10.601,
0,25,,,6.310272216796875,33.1634521484375,361.00585937500006,0.04732625000000001,5.25546875,10.635,
0,25,,,6.310272216796875,33.1634521484375,362.060546875,0.04732625000000001,5.25546875,10.669,
0,25,,,6.313133239746094,33.18298339843751,363.20312500000006,0.0473475,5.2562500000000005,10.703,
0,25,,,6.298637390136719,33.10729980468751,364.35546875,0.04723937500000001,5.2564453125,10.737,
0,25,,,6.298637390136719,33.10729980468751,365.49804687500006,0.04723937500000001,5.2564453125,10.771,
0,25,,,6.299591064453125,33.11279296875001,366.66015625000006,0.047246250000000004,5.2564453125,10.805,
0,25,,,6.314277648925781,33.18725585937501,367.70507812500006,0.04735687500000001,5.256054687500001,10.839,
0,25,,,6.314277648925781,33.18725585937501,368.85742187500006,0.04735687500000001,5.256054687500001,10.873,
0,25,,,6.313133239746094,33.18115234375001,370.00976562500006,0.047348125000000005,5.255859375,10.907,
0,25,,,6.330108642578125,33.2733154296875,371.16210937500006,0.047476250000000005,5.2564453125,10.942,
0,25,,,6.330108642578125,33.2733154296875,372.314453125,0.047476250000000005,5.2564453125,10.976,
0,25,,,6.3167572021484375,33.20129394531251,373.35937500000006,0.0473753125,5.256054687500001,11.01,
0,25,,,6.316375732421876,33.199462890625,374.51171875,0.0473721875,5.2562500000000005,11.044,
0,25,,,6.316375732421876,33.199462890625,375.66406250000006,0.0473721875,5.2562500000000005,11.078,
0,25,,,6.320762634277344,33.21899414062501,376.81640625000006,0.0474059375,5.2556640625,11.112,
0,25,,,6.305122375488282,33.13720703125001,377.86132812500006,0.0472875,5.2556640625,11.146,
0,25,,,6.305122375488282,33.13720703125001,379.01367187500006,0.0472875,5.2556640625,11.18,
0,25,,,6.310272216796875,33.16650390625,380.166015625,0.047325937500000005,5.256054687500001,11.214,
0,25,,,6.3140869140625,33.18847656250001,381.318359375,0.0473553125,5.2562500000000005,11.248,
0,25,,,6.3140869140625,33.18847656250001,382.47070312500006,0.0473553125,5.2562500000000005,11.282,
0,25,,,6.299400329589845,33.1103515625,383.50585937500006,0.047245,5.2562500000000005,11.316,
0,25,,,6.3114166259765625,33.17321777343751,384.66796875000006,0.047335312500000004,5.256054687500001,11.35,
0,25,,,6.3114166259765625,33.17321777343751,385.81054687500006,0.047335312500000004,5.256054687500001,11.384,
0,25,,,6.318092346191406,33.2086181640625,386.962890625,0.047385312500000006,5.256054687500001,11.418,
0,25,,,6.304359436035156,33.135986328125,388.01757812500006,0.047282500000000005,5.256054687500001,11.452,
0,25,,,6.304359436035156,33.135986328125,389.16015625,0.047282500000000005,5.2556640625,11.486,
0,25,,,6.306838989257813,33.14697265625,390.32226562500006,0.04730125,5.2556640625,11.52,
0,25,,,6.344795227050781,33.345947265625,391.47460937500006,0.047585312500000004,5.2556640625,11.554,
0,25,,,6.344795227050781,33.345947265625,392.51953125000006,0.047585312500000004,5.255859375,11.588,
0,25,,,6.319618225097656,33.21411132812501,393.68164062500006,0.047395937500000006,5.255859375,11.622,
0,25,,,6.317329406738282,33.203125,394.82421875,0.047379062500000006,5.256054687500001,11.656,
0,25,,,6.317329406738282,33.203125,395.9765625,0.0472278125,5.2562500000000005,11.69,
0,25,,,6.297111511230469,33.09875488281251,397.021484375,0.0472278125,5.2562500000000005,11.724,
0,25,,,6.33068084716797,33.27453613281251,398.173828125,0.047479687500000006,5.256054687500001,11.758,
0,25,,,6.33068084716797,33.27453613281251,399.33593750000006,0.0472875,5.256054687500001,11.792,
0,25,,,6.304931640625001,33.1390380859375,400.4785156250001,0.0472875,5.256054687500001,11.826,
0,25,,,6.31847381591797,33.20617675781251,401.630859375,0.047388125,5.25546875,11.86,
0,25,,,6.31847381591797,33.20617675781251,402.685546875,0.047366250000000006,5.255859375,11.894,
0,25,,,6.315612792968751,33.193359375,403.83789062500006,0.047366250000000006,5.255859375,11.928,
0,25,,,6.317138671875,33.20373535156251,404.99023437500006,0.047379062500000006,5.256054687500001,11.961,
0,25,,,6.317138671875,33.20373535156251,406.13281250000006,0.04734875,5.25546875,11.996,
0,25,,,6.313323974609375,33.1787109375,407.294921875,0.04734875,5.25546875,12.03,
0,25,,,6.308937072753907,33.15673828125001,408.3398437500001,0.047317500000000005,5.25546875,12.064,
0,25,,,6.299400329589845,33.11340332031251,409.48242187500006,0.04724468750000001,5.256640625,12.098,
0,25,,,6.299400329589845,33.11340332031251,410.63476562500006,0.04724468750000001,5.256640625,12.132,
0,25,,,6.299591064453125,33.10974121093751,411.77734375000006,0.0472471875,5.255859375,12.166,
0,25,,,6.317329406738282,33.20129394531251,412.83203125000006,0.047379375,5.2556640625,12.2,
0,25,,,6.317329406738282,33.20129394531251,413.984375,0.047379375,5.2556640625,12.234,
0,25,,,6.299018859863281,33.111572265625,415.1269531250001,0.047243125000000004,5.256640625,12.268,
0,25,,,6.292915344238281,33.074951171875,416.279296875,0.047196562500000004,5.255859375,12.302,
0,25,,,6.292915344238281,33.074951171875,417.3242187500001,0.047196562500000004,5.255859375,12.336,
0,25,,,6.307029724121095,33.1512451171875,418.4765625,0.047302812500000006,5.2562500000000005,12.37,
0,25,,,6.339454650878907,33.31787109375,419.62890625000006,0.047545312500000006,5.255859375,12.404,
0,25,,,6.339454650878907,33.31787109375,420.78125000000006,0.047545312500000006,5.255859375,12.438,
0,25,,,6.3159942626953125,33.194580078125,421.93359375000006,0.04737,5.2556640625,12.472,
0,25,,,6.312751770019532,33.1817626953125,422.97851562500006,0.047345937500000004,5.2562500000000005,12.506,
0,25,,,6.312751770019532,33.1817626953125,424.13085937500006,0.047345937500000004,5.2562500000000005,12.54,
0,25,,,6.289672851562501,33.0548095703125,425.2734375,0.04717156250000001,5.2556640625,12.574,
0,25,,,6.2957763671875,33.0902099609375,426.42578125000006,0.047217812500000005,5.256054687500001,12.608,
0,25,,,6.2957763671875,33.0902099609375,427.48046875000006,0.047217812500000005,5.256054687500001,12.642,
0,25,,,6.321334838867188,33.22814941406251,428.62304687500006,0.0474103125,5.2564453125,12.676,
0,25,,,6.318283081054688,33.2086181640625,429.78515625,0.047387500000000006,5.255859375,12.71,
0,25,,,6.318283081054688,33.2086181640625,430.93750000000006,0.047387500000000006,5.255859375,12.744,
0,25,,,6.32610321044922,33.25012207031251,431.9726562500001,0.047445625000000005,5.256054687500001,12.778,
0,25,,,6.294822692871094,33.087158203125,433.13476562500006,0.04721125,5.2562500000000005,12.812,
0,25,,,6.294822692871094,33.087158203125,434.28710937500006,0.04721125,5.2562500000000005,12.846,
0,25,,,6.34918212890625,33.37036132812501,435.4394531250001,0.0476190625,5.255859375,12.88,
0,25,,,6.3320159912109375,33.28063964843751,436.494140625,0.047490000000000004,5.256054687500001,12.914,
0,25,,,6.3320159912109375,33.28063964843751,437.6367187500001,0.047490000000000004,5.256054687500001,12.948,
0,25,,,6.283378601074219,33.0255126953125,438.7890625,0.047124687500000005,5.256054687500001,12.982,
0,25,,,6.3198089599609375,33.22021484375001,439.94140625,0.047397812500000004,5.256640625,13.016,
0,25,,,6.3198089599609375,33.22021484375001,441.10351562500006,0.047397812500000004,5.256640625,13.05,
0,25,,,6.335639953613282,33.29833984375001,442.24609375000006,0.047516562500000005,5.255859375,13.084,
0,25,,,6.295204162597656,33.0889892578125,443.29101562500006,0.0472140625,5.2562500000000005,13.118,
0,25,,,6.295204162597656,33.0889892578125,444.44335937500006,0.0472140625,5.2562500000000005,13.152,
0,25,,,6.298446655273438,33.10485839843751,445.59570312500006,0.0472375,5.2562500000000005,13.186,
0,25,,,6.29119873046875,33.06640625000001,446.73828125000006,0.04718375,5.256054687500001,13.22,
0,25,,,6.29119873046875,33.06640625000001,447.78320312500006,0.04718375,5.2562500000000005,13.254,
0,25,,,6.322479248046875,33.232421875,448.93554687500006,0.04741875,5.2562500000000005,13.288,
0,25,,,6.307029724121095,33.1488037109375,450.0878906250001,0.04730187500000001,5.256054687500001,13.322,
0,25,,,6.307029724121095,33.1488037109375,451.240234375,0.04729375,5.256054687500001,13.356,
0,25,,,6.305885314941407,33.14331054687501,452.2851562500001,0.04729375,5.256054687500001,13.39,
0,25,,,6.319618225097656,33.21533203125,453.4375,0.0473975,5.255859375,13.424,
0,25,,,6.319618225097656,33.21533203125,454.58984375,0.047276250000000006,5.256640625,13.458,
0,25,,,6.303596496582031,33.134765625,455.74218750000006,0.047276250000000006,5.256640625,13.492,
0,25,,,6.304931640625001,33.140869140625,456.77734375000006,0.0472875,5.2562500000000005,13.526,
0,25,,,6.304931640625001,33.140869140625,457.93945312500006,0.04730718750000001,5.256054687500001,13.56,
0,25,,,6.3076019287109375,33.15246582031251,459.09179687500006,0.04730718750000001,5.256054687500001,13.594,
0,25,,,6.308937072753907,33.15917968750001,460.23437500000006,0.0473171875,5.256054687500001,13.628,
0,26,,,6.449317932128906,33.89892578125,463.89648437500006,0.04837,5.2562500000000005,13.737,
0,26,,,6.767845153808594,35.565185546875,465.15625,0.0507584375,5.255078125000001,13.771,
0,26,,,6.767845153808594,35.565185546875,466.3964843750001,0.0507584375,5.255078125000001,13.805,
0,26,,,6.857490539550781,36.0321044921875,467.646484375,0.05143062500000001,5.2544921875,13.839,
0,26,,,6.845664978027345,35.9698486328125,468.78906250000006,0.051341875,5.2544921875,13.873,
0,26,,,6.845664978027345,35.9698486328125,470.0390625,0.051341875,5.2544921875,13.907,
0,26,,,6.859016418457032,36.04064941406251,471.2792968750001,0.0514425,5.2544921875,13.941,
0,26,,,6.82525634765625,35.8642578125,472.529296875,0.05118906250000001,5.2546875,13.975,
0,26,,,6.82525634765625,35.8642578125,473.77929687500006,0.05118906250000001,5.2546875,14.009,
0,26,,,6.836891174316406,35.9271240234375,474.90234375,0.05127625,5.255078125000001,14.043,
0,26,,,6.822395324707031,35.848388671875,476.15234375000006,0.05116781250000001,5.2544921875,14.077,
0,26,,,6.822395324707031,35.848388671875,477.392578125,0.05116781250000001,5.2544921875,14.111,
0,26,,,6.831169128417969,35.8941650390625,478.64257812500006,0.051234062500000004,5.2544921875,14.145,
0,26,,,6.840133666992188,35.941162109375,479.89257812500006,0.051300625,5.2544921875,14.18,
0,26,,,6.840133666992188,35.941162109375,481.0253906250001,0.051300625,5.2546875,14.214,
0,26,,,6.817436218261719,35.82336425781251,482.2656250000001,0.0511309375,5.2546875,14.248,
0,26,,,6.8416595458984375,35.95092773437501,483.5156250000001,0.051312812500000006,5.2546875,14.282,
0,26,,,6.8416595458984375,35.95092773437501,484.76562500000006,0.051463125000000005,5.2552734375000005,14.316,
0,26,,,6.861877441406251,36.06018066406251,486.01562500000006,0.051463125000000005,5.2552734375000005,14.35,
0,26,,,6.850242614746094,35.9942626953125,487.158203125,0.051377187500000004,5.2544921875,14.384,
0,26,,,6.850242614746094,35.9942626953125,488.40820312500006,0.0513884375,5.2542968750000005,14.418,
0,26,,,6.851768493652344,36.0015869140625,489.65820312500006,0.0513884375,5.2542968750000005,14.452,
0,26,,,6.858253479003907,36.03698730468751,490.89843750000006,0.0514359375,5.2546875,14.486,
0,26,,,6.858253479003907,36.03698730468751,492.041015625,0.051448437500000006,5.255078125000001,14.52,
0,26,,,6.859779357910156,36.0479736328125,493.3007812500001,0.051448437500000006,5.255078125000001,14.554,
0,26,,,6.870079040527344,36.09558105468751,494.55078125000006,0.0515253125,5.254101562500001,14.588,
0,26,,,6.870079040527344,36.09558105468751,495.80078125000006,0.051388750000000004,5.2548828125,14.622,
0,26,,,6.851959228515625,36.00524902343751,496.93359375000006,0.051388750000000004,5.2548828125,14.656,
0,26,,,6.7413330078125,35.42297363281251,498.10546875000006,0.050559687500000006,5.2546875,14.69,
0,26,,,6.7413330078125,35.42297363281251,499.248046875,0.0469790625,5.256054687500001,14.724,
0,26,,,6.263923645019532,32.92297363281251,500.390625,0.0469790625,5.256054687500001,14.758,
0,26,,,6.26201629638672,32.91442871093751,501.42578125000006,0.0469653125,5.2562500000000005,14.792,
0,26,,,6.278419494628907,32.99987792968751,502.5781250000001,0.047088125,5.256054687500001,14.826,
0,26,,,6.278419494628907,32.99987792968751,503.72070312500006,0.047088125,5.256054687500001,14.86,
0,26,,,6.271934509277344,32.9669189453125,504.86328125,0.047039062500000006,5.2562500000000005,14.893,
0,26,,,6.259918212890625,32.9034423828125,506.005859375,0.046950000000000006,5.2562500000000005,14.927,
0,26,,,6.259918212890625,32.9034423828125,507.04101562500006,0.046950000000000006,5.2562500000000005,14.961,
0,26,,,6.245803833007813,32.83020019531251,508.18359375,0.046844062500000005,5.2562500000000005,14.995,
0,26,,,6.251335144042969,32.85461425781251,509.31640625000006,0.046885,5.2556640625,15.029,
0,26,,,6.251335144042969,32.85461425781251,510.45898437500006,0.046885,5.2556640625,15.063,
0,26,,,6.276702880859375,32.99011230468751,511.50390625000006,0.047075000000000006,5.256054687500001,15.097,
0,26,,,6.270599365234376,32.96020507812501,512.646484375,0.04703,5.2562500000000005,15.131,
0,26,,,6.270599365234376,32.96020507812501,513.7890625000001,0.04703,5.2562500000000005,15.165,
0,26,,,6.259727478027344,32.89978027343751,514.9316406250001,0.0469475,5.255859375,15.199,
0,26,,,6.285285949707031,33.03649902343751,516.0839843750001,0.04714,5.2562500000000005,15.234,
0,26,,,6.285285949707031,33.03649902343751,517.1191406250001,0.04714,5.2562500000000005,15.268,
0,26,,,6.259155273437501,32.89794921875,518.26171875,0.0469440625,5.255859375,15.302,
0,26,,,6.278038024902344,32.99804687500001,519.4042968750001,0.047085,5.2562500000000005,15.336,
0,26,,,6.278038024902344,32.99804687500001,520.5468750000001,0.047085,5.2562500000000005,15.37,
0,26,,,6.2435150146484375,32.81616210937501,521.58203125,0.046825625,5.2562500000000005,15.404,
0,26,,,6.246185302734375,32.833251953125,522.7246093750001,0.046845937500000004,5.256640625,15.438,
0,26,,,6.246185302734375,32.833251953125,523.8671875,0.046845937500000004,5.256640625,15.472,
0,26,,,6.258583068847656,32.89611816406251,525.0,0.046939375000000005,5.2562500000000005,15.506,
0,26,,,6.237602233886719,32.7850341796875,526.1425781250001,0.046781875,5.256054687500001,15.54,
0,26,,,6.237602233886719,32.7850341796875,527.177734375,0.046781875,5.256054687500001,15.574,
0,26,,,6.260108947753907,32.90832519531251,528.3203125,0.046949687500000004,5.257031250000001,15.608,
0,26,,,6.250953674316406,32.8570556640625,529.4628906250001,0.046881250000000006,5.2564453125,15.642,
0,26,,,6.250953674316406,32.8570556640625,530.595703125,0.046881250000000006,5.2564453125,15.676,
0,26,,,6.253814697265625,32.86865234375001,531.640625,0.0469028125,5.255859375,15.71,
0,26,,,6.2652587890625,32.9339599609375,532.783203125,0.0469896875,5.256640625,15.744,
0,26,,,6.2652587890625,32.9339599609375,533.9257812500001,0.0469896875,5.256640625,15.778,
0,26,,,6.256294250488282,32.88391113281251,535.0683593750001,0.046922187500000004,5.2562500000000005,15.812,
0,26,,,6.276893615722656,32.99255371093751,536.11328125,0.047075937500000005,5.2562500000000005,15.846,
0,26,,,6.276893615722656,32.99255371093751,537.255859375,0.047075937500000005,5.2562500000000005,15.88,
0,26,,,6.269836425781251,32.955322265625,538.3886718750001,0.0470234375,5.2562500000000005,15.913,
0,26,,,6.247138977050781,32.83813476562501,539.53125,0.046853125,5.256640625,15.947,
0,26,,,6.247138977050781,32.83813476562501,540.5664062500001,0.046853125,5.2562500000000005,15.981,
0,26,,,6.2313079833984375,32.7520751953125,541.708984375,0.046733750000000004,5.2562500000000005,16.015,
0,26,,,6.263923645019532,32.92419433593751,542.8515625,0.0469790625,5.2562500000000005,16.049,
0,26,,,6.263923645019532,32.92419433593751,543.9941406250001,0.046880625,5.2568359375,16.083,
0,26,,,6.250762939453126,32.85888671875,545.1367187500001,0.046880625,5.2568359375,16.117,
0,26,,,6.2671661376953125,32.94311523437501,546.1718750000001,0.047004062500000006,5.2564453125,16.151,
0,26,,,6.2671661376953125,32.94311523437501,547.32421875,0.047231562500000004,5.2568359375,16.185,
0,26,,,6.297492980957032,33.104248046875,548.466796875,0.047231562500000004,5.2568359375,16.219,
0,26,,,6.251716613769532,32.861328125,549.5996093750001,0.046887187500000004,5.2564453125,16.253,
0,26,,,6.251716613769532,32.861328125,550.7421875,0.046934062500000005,5.256640625,16.288,
0,26,,,6.257820129394531,32.8955078125,551.7871093750001,0.046934062500000005,5.256640625,16.322,
0,26,,,6.27288818359375,32.96997070312501,552.9296875,0.047045625,5.256054687500001,16.356,
0,26,,,6.27288818359375,32.96997070312501,554.0625,0.0468203125,5.256054687500001,16.39,
0,26,,,6.2427520751953125,32.811279296875,555.2050781250001,0.0468203125,5.256054687500001,16.424,
0,27,,,6.44378662109375,33.865966796875,558.8476562500001,0.0483284375,5.2556640625,16.533,
0,27,,,6.535148620605469,34.34326171875001,560.0781250000001,0.0490128125,5.2552734375000005,16.567,
0,27,,,6.74266815185547,35.42907714843751,561.3085937500001,0.050569062500000005,5.2544921875,16.601,
0,27,,,6.74266815185547,35.42907714843751,562.5390625000001,0.050569062500000005,5.2544921875,16.635,
0,27,,,6.734657287597656,35.39306640625,563.6523437500001,0.050509375,5.25546875,16.669,
0,28,,,6.4601898193359375,33.95324707031251,568.310546875,0.0484515625,5.255859375,16.804,
0,28,,,6.4601898193359375,33.95324707031251,569.521484375,0.0484515625,5.255859375,16.838,
0,28,,,6.6135406494140625,34.75402832031251,570.6152343750001,0.049600937500000004,5.255078125000001,16.871,
0,28,,,6.649971008300781,34.94567871093751,571.8164062500001,0.0498746875,5.255078125000001,16.905,
0,28,,,6.649971008300781,34.94567871093751,573.0273437500001,0.0498746875,5.255078125000001,16.939,
0,28,,,6.631660461425781,34.84558105468751,574.2382812500001,0.049736562500000005,5.2544921875,16.973,
0,28,,,6.565093994140625,34.50378417968751,575.4492187500001,0.049238125,5.2556640625,17.007,
0,28,,,6.565093994140625,34.50378417968751,576.5527343750001,0.049238125,5.2548828125,17.041,
0,28,,,6.679725646972657,35.101318359375,577.763671875,0.0500975,5.2548828125,17.075,
0,28,,,6.655120849609376,34.97253417968751,578.9746093750001,0.049913437500000005,5.2548828125,17.109,
0,28,,,6.655120849609376,34.97253417968751,580.1953125000001,0.0500315625,5.2552734375000005,17.144,
0,28,,,6.670951843261719,35.057373046875,581.2890625000001,0.0500315625,5.2552734375000005,17.178,
0,28,,,6.586456298828126,34.6148681640625,582.5097656250001,0.049398125,5.25546875,17.212,
0,28,,,6.586456298828126,34.6148681640625,583.7109375000001,0.049875,5.2556640625,17.246,
0,28,,,6.649971008300781,34.94995117187501,584.9316406250001,0.049875,5.2556640625,17.28,
0,28,,,6.660270690917969,35.00244140625,586.123046875,0.0499521875,5.25546875,17.313,
0,28,,,6.660270690917969,35.00244140625,587.236328125,0.049800625,5.2552734375000005,17.347,
0,28,,,6.6402435302734375,34.89501953125001,588.4375000000001,0.049800625,5.2552734375000005,17.381,
0,28,,,6.57024383544922,34.53002929687501,589.6582031250001,0.049275937500000005,5.2556640625,17.415,
0,28,,,6.57024383544922,34.53002929687501,590.8593750000001,0.0500496875,5.25546875,17.449,
0,29,,,6.460762023925781,33.9569091796875,595.3906250000001,0.048455000000000005,5.255859375,17.584,
0,29,,,6.632995605468751,34.85595703125,596.6113281250001,0.049747187500000005,5.2548828125,17.619,
0,29,,,6.632995605468751,34.85595703125,597.8320312500001,0.050198125,5.2548828125,17.653,
0,29,,,6.693077087402345,35.17089843750001,599.0625,0.050198125,5.2548828125,17.687,
0,29,,,6.697273254394531,35.19287109375,600.1660156250001,0.0502296875,5.2548828125,17.72,
0,29,,,6.695556640625,35.186767578125,601.3867187500001,0.050216250000000004,5.2552734375000005,17.754,
0,29,,,6.695556640625,35.186767578125,602.6074218750001,0.050216250000000004,5.2552734375000005,17.788,
0,29,,,6.714630126953125,35.28808593750001,603.8281250000001,0.05036,5.25546875,17.822,
0,29,,,6.678771972656251,35.09765625000001,605.0488281250001,0.050090312500000005,5.2552734375000005,17.856,
0,29,,,6.678771972656251,35.09765625000001,606.15234375,0.050090312500000005,5.2552734375000005,17.89,
0,29,,,6.664085388183594,35.0164794921875,607.373046875,0.049980625,5.2544921875,17.925,
0,0,,,,,,,,,10000085
0,1,,,,,,,,,1173794
0,2,,,,,,,,,899070
0,3,,,,,,,,,57560
0,4,,,,,,,,,223744
0,5,,,,,,,,,120540
0,6,,,,,,,,,10000085
0,7,,,,,,,,,1408555
0,8,,,,,,,,,1078885
0,9,,,,,,,,,69070
0,10,,,,,,,,,268490
0,11,,,,,,,,,144650
0,12,,,,,,,,,10000085
0,13,,,,,,,,,1760690
0,14,,,,,,,,,1348605
0,15,,,,,,,,,86340
0,16,,,,,,,,,335615
0,17,,,,,,,,,180810
0,18,,,,,,,,,10000084
0,19,,,,,,,,,2347585
0,20,,,,,,,,,1798140
0,21,,,,,,,,,115120
0,22,,,,,,,,,447495
0,23,,,,,,,,,241085
0,24,,,,,,,,,10000089
0,25,,,,,,,,,3521380
0,26,,,,,,,,,2697200
0,27,,,,,,,,,172680
0,28,,,,,,,,,671245
0,29,,,,,,,,,361620
