iteration_num,expe_num,validation_result,clock_freq,current_sample,power_sample,energy_sample,shunt_voltage_sample,bus_voltage_sample,current_timestamp,timing_sample
0,0,,,14.574050903320312,76.38793945312501,0.47851562500000006,0.10930312500000001,5.241406250000001,0.014,
0,0,,,14.574050903320312,76.38793945312501,3.1542968750000004,0.10930312500000001,5.241406250000001,0.048,
0,0,,,14.674186706542969,76.91101074218751,5.576171875000001,0.11005406250000001,5.2412109375,0.083,
0,0,,,14.668464660644531,76.87988281250001,8.242187500000002,0.11001187500000001,5.2412109375,0.117,
0,0,,,14.668464660644531,76.87988281250001,10.908203125000002,0.11001187500000001,5.2412109375,0.151,
0,0,,,14.66522216796875,76.86157226562501,13.583984375,0.1099878125,5.241015625,0.185,
0,0,,,14.637184143066406,76.71875,16.25,0.10977750000000001,5.241406250000001,0.22,
0,0,,,14.637184143066406,76.71875,18.916015625000004,0.10977750000000001,5.241406250000001,0.254,
0,0,,,14.668655395507812,76.87927246093751,21.572265625000004,0.11001406250000001,5.241015625,0.288,
0,0,,,14.62860107421875,76.6693115234375,23.994140625000004,0.1097125,5.241015625,0.323,
0,0,,,14.62860107421875,76.6693115234375,26.66015625,0.1097125,5.241015625,0.357,
0,0,,,14.64824676513672,76.77307128906251,29.326171875,0.109860625,5.2412109375,0.391,
0,0,,,14.646720886230469,76.7669677734375,31.992187500000004,0.1098484375,5.2412109375,0.425,
0,0,,,14.646720886230469,76.7669677734375,34.64843750000001,0.1098484375,5.2412109375,0.459,
0,0,,,14.634895324707033,76.70654296875001,37.314453125,0.10975968750000001,5.241406250000001,0.494,
0,0,,,14.64385986328125,76.749267578125,39.98046875000001,0.10982750000000001,5.241015625,0.528,
0,0,,,14.64385986328125,76.749267578125,42.41210937500001,0.10982750000000001,5.2412109375,0.562,
0,0,,,14.67399597167969,76.91040039062501,45.07812500000001,0.11005375,5.2412109375,0.596,
0,0,,,14.638137817382812,76.71997070312501,47.734375,0.1097846875,5.2412109375,0.631,
0,0,,,14.638137817382812,76.71997070312501,50.41015625000001,0.1100703125,5.2412109375,0.665,
0,0,,,14.676284790039062,76.92016601562501,53.076171875,0.1100703125,5.2412109375,0.699,
0,0,,,14.656448364257814,76.81884765625001,55.742187500000014,0.10992156250000001,5.241406250000001,0.734,
0,0,,,14.656448364257814,76.81884765625001,58.408203125,0.10997218750000001,5.2412109375,0.768,
0,0,,,14.663124084472658,76.85180664062501,60.83984375000001,0.10997218750000001,5.2412109375,0.802,
0,0,,,14.646148681640625,76.76574707031251,63.49609375000001,0.10984531250000001,5.241406250000001,0.836,
0,0,,,14.646148681640625,76.746826171875,66.162109375,0.10981625,5.241406250000001,0.87,
0,0,,,14.642333984375,76.746826171875,68.828125,0.10981625,5.241406250000001,0.904,
0,0,,,14.649200439453127,76.7791748046875,71.97265625,0.1098675,5.2412109375,0.946,
0,0,,,14.646339416503908,76.76269531250001,74.638671875,0.10984625,5.241015625,0.98,
0,0,,,14.646339416503908,76.76269531250001,77.06054687500001,0.10984625,5.241015625,1.014,
0,0,,,14.638328552246096,76.72790527343751,79.71679687500001,0.10978625000000002,5.2416015625000005,1.048,
0,0,,,14.629554748535156,76.67419433593751,82.38281250000001,0.10971968750000001,5.241015625,1.082,
0,0,,,14.629554748535156,76.67419433593751,85.04882812500001,0.10971968750000001,5.241015625,1.116,
0,0,,,14.617347717285158,76.6119384765625,87.705078125,0.1096278125,5.2412109375,1.15,
0,0,,,14.637565612792969,76.72119140625,90.37109375000001,0.10978093750000001,5.241406250000001,1.185,
0,0,,,14.637565612792969,76.72119140625,92.79296875000001,0.10978093750000001,5.241406250000001,1.219,
0,0,,,14.627647399902344,76.6680908203125,95.44921875000001,0.10970562500000001,5.241406250000001,1.253,
0,0,,,14.6331787109375,76.68945312500001,98.11523437500001,0.10974750000000001,5.2408203125,1.287,
0,0,,,14.6331787109375,76.68945312500001,100.77148437500001,0.10968406250000001,5.241015625,1.321,
0,0,,,14.624786376953125,76.64794921875001,103.43750000000001,0.10968406250000001,5.241015625,1.356,
0,0,,,14.634132385253906,76.70166015625001,106.09375000000001,0.109755,5.2412109375,1.39,
0,0,,,14.634132385253906,76.70166015625001,108.515625,0.10960375000000001,5.2408203125,1.424,
0,0,,,14.614105224609375,76.58935546875001,111.17187500000001,0.10960375000000001,5.2408203125,1.458,
0,0,,,14.619827270507812,76.63146972656251,113.83789062500001,0.109646875,5.2416015625000005,1.492,
0,0,,,14.619827270507812,76.6241455078125,116.49414062500001,0.10963875000000001,5.2416015625000005,1.527,
0,0,,,14.618682861328127,76.6241455078125,119.15039062500001,0.10963875000000001,5.2416015625000005,1.561,
0,0,,,14.598464965820312,76.5203857421875,121.80664062500001,0.10948656250000001,5.241796875,1.595,
0,0,,,14.618110656738281,76.61865234375001,124.22851562500003,0.109634375,5.241406250000001,1.629,
0,0,,,14.618110656738281,76.61865234375001,126.88476562500003,0.109634375,5.241406250000001,1.663,
0,0,,,14.614105224609375,76.5936279296875,129.541015625,0.10960500000000001,5.241015625,1.697,
0,0,,,14.63470458984375,76.70227050781251,132.20703125000003,0.109759375,5.2412109375,1.731,
0,0,,,14.63470458984375,76.70227050781251,134.86328125,0.109759375,5.2412109375,1.765,
0,0,,,14.618682861328127,76.62292480468751,137.28515625,0.10963875000000001,5.241406250000001,1.798,
0,0,,,14.586830139160158,76.4556884765625,139.93164062500003,0.10939968750000001,5.241406250000001,1.832,
0,0,,,14.586830139160158,76.4556884765625,142.353515625,0.10939968750000001,5.241406250000001,1.865,
0,0,,,14.595413208007814,76.502685546875,145.009765625,0.10946375000000001,5.2416015625000005,1.899,
0,0,,,14.640426635742188,76.73706054687501,147.67578125,0.10980187500000001,5.241406250000001,1.933,
0,0,,,14.640426635742188,76.73706054687501,150.07812500000003,0.10980187500000001,5.241406250000001,1.968,
0,0,,,14.578628540039064,76.41418457031251,152.734375,0.10933812500000001,5.2416015625000005,2.001,
0,0,,,14.589881896972656,76.47583007812501,155.390625,0.10942281250000001,5.2416015625000005,2.034,
0,0,,,14.589881896972656,76.47583007812501,157.80273437500003,0.10942281250000001,5.2416015625000005,2.067,
0,0,,,14.576530456542969,76.40197753906251,160.45898437500003,0.10932187500000001,5.241406250000001,2.101,
0,0,,,14.558601379394533,76.31347656250001,163.10546875,0.10918812500000001,5.241796875,2.135,
0,0,,,14.558601379394533,76.31347656250001,165.76171875,0.10918812500000001,5.241796875,2.169,
0,0,,,14.584159851074219,76.43981933593751,168.17382812500003,0.10937937500000001,5.241406250000001,2.203,
0,0,,,14.603042602539064,76.54357910156251,170.83007812500003,0.109521875,5.2416015625000005,2.237,
0,0,,,14.603042602539064,76.54357910156251,173.47656250000003,0.109521875,5.2416015625000005,2.271,
0,0,,,14.570045471191408,76.35986328125001,176.1328125,0.109274375,5.2408203125,2.305,
0,0,,,14.577865600585938,76.4111328125,178.77929687500003,0.1093315625,5.2416015625000005,2.34,
0,0,,,14.577865600585938,76.4111328125,181.19140625000003,0.1093315625,5.2416015625000005,2.374,
0,0,,,14.578628540039064,76.41235351562501,183.837890625,0.10933843750000001,5.241406250000001,2.407,
0,0,,,14.584159851074219,76.43554687500001,186.25976562500003,0.10937937500000001,5.241015625,2.44,
0,0,,,14.584159851074219,76.43554687500001,188.90625000000003,0.10937937500000001,5.241015625,2.473,
0,0,,,14.563751220703125,76.32995605468751,191.56250000000003,0.10922625000000001,5.2412109375,2.507,
0,0,,,14.583778381347656,76.43676757812501,193.97460937500003,0.10937687500000001,5.2412109375,2.541,
0,0,,,14.583778381347656,76.43676757812501,196.62109375000003,0.10937687500000001,5.2412109375,2.575,
0,0,,,14.573287963867188,76.38916015625001,199.27734375000003,0.10929875000000001,5.241796875,2.609,
0,0,,,14.58873748779297,76.46728515625001,201.93359375000003,0.10941437500000001,5.2416015625000005,2.643,
0,0,,,14.58873748779297,76.46728515625001,204.580078125,0.10941437500000001,5.2416015625000005,2.677,
0,0,,,14.566802978515627,76.35009765625,206.98242187500003,0.10924937500000001,5.241406250000001,2.711,
0,0,,,14.540100097656252,76.21704101562501,209.63867187500006,0.10905000000000001,5.241796875,2.745,
0,0,,,14.540100097656252,76.21704101562501,212.28515625000003,0.10905000000000001,5.241796875,2.779,
0,0,,,14.563369750976564,76.33300781250001,214.93164062500003,0.109223125,5.241406250000001,2.814,
0,0,,,14.558792114257812,76.31347656250001,217.578125,0.10918968750000001,5.241796875,2.848,
0,0,,,14.558792114257812,76.31347656250001,219.99023437500003,0.10918968750000001,5.241796875,2.882,
0,0,,,14.562416076660158,76.33056640625001,222.646484375,0.10921625000000001,5.2416015625000005,2.916,
0,0,,,14.575004577636719,76.38977050781251,225.29296875000003,0.10931093750000001,5.2412109375,2.95,
0,0,,,14.575004577636719,76.38977050781251,227.939453125,0.10931093750000001,5.2412109375,2.984,
0,0,,,14.536857604980469,76.19873046875001,230.58593750000003,0.10902500000000001,5.241796875,3.019,
0,0,,,14.556503295898438,76.30493164062501,233.23242187500003,0.1091725,5.2419921875,3.053,
0,0,,,14.556503295898438,76.30493164062501,235.63476562500003,0.1091725,5.2416015625000005,3.087,
0,0,,,14.548301696777344,76.25549316406251,238.28125,0.109110625,5.2416015625000005,3.121,
0,0,,,14.543914794921877,76.22924804687501,240.92773437500003,0.10907750000000001,5.241406250000001,3.156,
0,0,,,14.543914794921877,76.22924804687501,243.58398437500003,0.1091471875,5.2412109375,3.19,
0,0,,,14.553070068359375,76.275634765625,246.23046875000003,0.1091471875,5.2412109375,3.224,
0,0,,,14.554786682128908,76.29638671875001,248.63281250000003,0.1091596875,5.2419921875,3.258,
0,0,,,14.554786682128908,76.29638671875001,251.27929687500006,0.1090978125,5.241406250000001,3.292,
0,0,,,14.546585083007812,76.2432861328125,253.93554687500003,0.1090978125,5.241406250000001,3.326,
0,0,,,14.583015441894533,76.43371582031251,256.58203125,0.10937093750000002,5.2412109375,3.36,
0,0,,,14.583015441894533,76.43371582031251,259.228515625,0.10909906250000001,5.241015625,3.394,
0,0,,,14.546775817871096,76.23779296875001,261.640625,0.10909906250000001,5.241015625,3.428,
0,0,,,14.56718444824219,76.35009765625,264.28710937500006,0.10925218750000001,5.2412109375,3.462,
0,0,,,14.56718444824219,76.23046875,266.93359375000006,0.10907562500000001,5.2416015625000005,3.496,
0,0,,,14.543533325195312,76.23046875,269.580078125,0.10907562500000001,5.2416015625000005,3.531,
0,0,,,14.552497863769533,76.273193359375,272.22656250000006,0.1091428125,5.2412109375,3.565,
0,0,,,14.543533325195312,76.23168945312501,274.62890625,0.109075,5.2416015625000005,3.599,
0,0,,,14.543533325195312,76.23168945312501,277.28515625,0.109075,5.2416015625000005,3.633,
0,0,,,14.563179016113281,76.336669921875,279.93164062500006,0.1092228125,5.241796875,3.667,
0,0,,,14.536476135253906,76.19262695312501,282.57812500000006,0.1090215625,5.2416015625000005,3.701,
0,0,,,14.536476135253906,76.19262695312501,285.21484375000006,0.1090215625,5.2416015625000005,3.735,
0,0,,,14.536094665527344,76.195068359375,287.62695312500006,0.10901906250000001,5.241796875,3.769,
0,0,,,14.514732360839846,76.080322265625,290.263671875,0.1088590625,5.2416015625000005,3.803,
0,0,,,14.514732360839846,76.080322265625,292.91015625,0.1088590625,5.2416015625000005,3.837,
0,0,,,14.544868469238283,76.24145507812501,295.55664062500006,0.10908500000000002,5.241796875,3.871,
0,0,,,14.53666687011719,76.1962890625,298.20312500000006,0.1090240625,5.2416015625000005,3.905,
0,0,,,14.53666687011719,76.1962890625,300.60546875000006,0.1090240625,5.2416015625000005,3.939,
0,0,,,14.543342590332033,76.226806640625,303.25195312500006,0.10907437500000002,5.241406250000001,3.973,
0,0,,,14.534950256347656,76.19262695312501,305.8984375,0.10901093750000002,5.2419921875,4.007,
0,0,,,14.534950256347656,76.19262695312501,308.53515625000006,0.10901093750000002,5.2419921875,4.042,
0,0,,,14.508819580078125,76.0498046875,311.18164062500006,0.1088146875,5.2416015625000005,4.077,
0,0,,,14.53666687011719,76.18896484375001,313.82812500000006,0.10902312500000001,5.2412109375,4.111,
0,0,,,14.53666687011719,76.18896484375001,316.47460937500006,0.10902312500000001,5.2412109375,4.145,
0,0,,,14.562988281250002,76.3372802734375,318.86718750000006,0.10922062500000002,5.2419921875,4.179,
0,0,,,14.496040344238281,75.97473144531251,321.513671875,0.10871937500000001,5.241015625,4.213,
0,0,,,14.496040344238281,75.97473144531251,324.15039062500006,0.10871937500000001,5.241015625,4.247,
0,0,,,14.500999450683596,76.0040283203125,326.78710937500006,0.10875562500000001,5.241406250000001,4.282,
0,0,,,14.509773254394531,76.05163574218751,329.43359375000006,0.1088225,5.241406250000001,4.316,
0,0,,,14.509773254394531,76.05163574218751,331.826171875,0.1088225,5.241796875,4.35,
0,0,,,14.502525329589844,76.019287109375,334.47265625,0.10876812500000001,5.241796875,4.384,
0,0,,,14.52178955078125,76.11572265625001,337.10937500000006,0.1089115625,5.2416015625000005,4.418,
0,0,,,14.52178955078125,76.11572265625001,339.74609375000006,0.10858875000000001,5.2416015625000005,4.452,
0,0,,,14.478683471679688,75.8917236328125,342.3828125,0.10858875000000001,5.2416015625000005,4.486,
0,0,,,14.51530456542969,76.08154296875001,344.78515625000006,0.10886343750000001,5.241406250000001,4.52,
0,0,,,14.51530456542969,76.08154296875001,347.42187500000006,0.10873625,5.2412109375,4.554,
0,0,,,14.498329162597656,75.98999023437501,350.05859375000006,0.10873625,5.2412109375,4.588,
0,0,,,14.51091766357422,76.06201171875,352.70507812500006,0.1088309375,5.241796875,4.622,
0,0,,,14.51091766357422,76.06201171875,355.34179687500006,0.10885125000000001,5.241796875,4.656,
0,0,,,14.51377868652344,76.07849121093751,357.73437500000006,0.10885125000000001,5.241796875,4.69,
0,0,,,14.487648010253908,75.93505859375001,360.37109375000006,0.108655625,5.241406250000001,4.724,
0,0,,,14.487648010253908,75.93505859375001,363.0078125,0.10867500000000001,5.2412109375,4.758,
0,0,,,14.490127563476562,75.94543457031251,365.65429687500006,0.10867500000000001,5.2412109375,4.792,
0,0,,,14.50328826904297,76.01867675781251,368.04687500000006,0.10877250000000001,5.2416015625000005,4.826,
0,0,,,14.467048645019533,75.83190917968751,370.67382812500006,0.10850125000000001,5.241796875,4.861,
0,0,,,14.467048645019533,75.83190917968751,373.32031250000006,0.10850125000000001,5.241796875,4.895,
0,0,,,14.484214782714846,75.91918945312501,375.947265625,0.1086296875,5.2416015625000005,4.929,
0,0,,,14.48192596435547,75.9063720703125,378.58398437500006,0.1086134375,5.241406250000001,4.963,
0,0,,,14.48192596435547,75.9063720703125,380.97656250000006,0.1086134375,5.241406250000001,4.997,
0,0,,,14.470291137695312,75.8489990234375,383.60351562500006,0.10852531250000001,5.241796875,5.031,
0,0,,,14.458084106445314,75.78247070312501,386.24023437500006,0.10843437500000001,5.2416015625000005,5.065,
0,0,,,14.458084106445314,75.78247070312501,388.86718750000006,0.10843437500000001,5.2416015625000005,5.099,
0,0,,,14.458847045898438,75.79223632812501,391.50390625000006,0.10844062500000001,5.2419921875,5.134,
0,0,,,14.481735229492188,75.90454101562501,394.140625,0.10861187500000001,5.241406250000001,5.168,
0,0,,,14.481735229492188,75.90454101562501,396.77734375,0.10861187500000001,5.241406250000001,5.202,
0,0,,,14.480781555175781,75.90270996093751,399.16015625,0.1086046875,5.2416015625000005,5.236,
0,0,,,14.442825317382814,75.70556640625001,401.79687500000006,0.10832031250000002,5.241796875,5.271,
0,0,,,14.442825317382814,75.70556640625001,404.42382812500006,0.10832031250000002,5.241796875,5.305,
0,0,,,14.453506469726562,75.75012207031251,407.06054687500006,0.108399375,5.241015625,5.339,
0,0,,,14.455986022949219,75.78125000000001,409.67773437500006,0.1084178125,5.2421875,5.373,
0,0,,,14.455986022949219,75.78125000000001,412.07031250000006,0.1084178125,5.2421875,5.407,
0,0,,,14.452934265136719,75.75927734375001,414.69726562500006,0.10839562500000001,5.241796875,5.441,
0,0,,,14.409255981445312,75.53527832031251,417.31445312500006,0.1080684375,5.2421875,5.475,
0,0,,,14.409255981445312,75.53527832031251,419.94140625,0.1080684375,5.2421875,5.51,
0,0,,,14.404487609863281,75.5096435546875,422.56835937500006,0.10803187500000001,5.2421875,5.544,
0,0,,,14.423370361328125,75.60668945312501,425.1855468750001,0.10817406250000001,5.2419921875,5.578,
0,0,,,14.423370361328125,75.60668945312501,427.56835937500006,0.10817406250000001,5.2419921875,5.612,
0,0,,,14.414024353027344,75.55725097656251,430.1953125,0.10810406250000001,5.2419921875,5.646,
0,0,,,14.430999755859375,75.64636230468751,432.82226562500006,0.10823031250000001,5.2419921875,5.68,
0,0,,,14.430999755859375,75.64636230468751,435.44921875000006,0.108244375,5.2421875,5.714,
0,0,,,14.432907104492188,75.65856933593751,438.0761718750001,0.108244375,5.2421875,5.749,
0,0,,,14.408111572265625,75.52490234375,440.45898437500006,0.10805906250000001,5.241796875,5.783,
0,0,,,14.408111572265625,75.52490234375,443.0859375,0.108439375,5.241406250000001,5.817,
0,0,,,14.458847045898438,75.784912109375,445.71289062500006,0.108439375,5.241406250000001,5.851,
0,0,,,14.432716369628908,75.65368652343751,448.33984375,0.10824343750000001,5.241796875,5.885,
0,0,,,14.432716369628908,75.65368652343751,450.96679687500006,0.10826000000000001,5.2416015625000005,5.919,
0,0,,,14.434814453125,75.66162109375001,453.35937500000006,0.10826000000000001,5.2416015625000005,5.953,
0,0,,,14.431953430175781,75.64697265625,455.98632812500006,0.10823875000000001,5.2416015625000005,5.987,
0,0,,,14.431953430175781,75.54870605468751,458.60351562500006,0.108094375,5.241796875,6.021,
0,0,,,14.412689208984377,75.54870605468751,461.23046875,0.108094375,5.241796875,6.055,
0,0,,,14.432334899902346,75.64880371093751,463.84765625,0.10824062500000001,5.2416015625000005,6.089,
0,0,,,14.391326904296877,75.43579101562501,466.23046875,0.1079334375,5.241796875,6.124,
0,0,,,14.391326904296877,75.43579101562501,468.85742187500006,0.1079334375,5.241796875,6.158,
0,0,,,14.422035217285156,75.59265136718751,471.484375,0.10816343750000001,5.241406250000001,6.192,
0,0,,,14.422035217285156,75.59753417968751,474.1015625,0.10816375,5.241796875,6.226,
0,0,,,14.422035217285156,75.59753417968751,476.71875000000006,0.10816375,5.241796875,6.261,
0,0,,,14.394378662109375,75.4522705078125,479.345703125,0.10795625,5.241796875,6.295,
0,0,,,14.394760131835938,75.45776367187501,481.71875000000006,0.10795968750000001,5.2419921875,6.329,
0,0,,,14.394760131835938,75.45776367187501,484.33593750000006,0.10795968750000001,5.2419921875,6.363,
0,0,,,14.403724670410158,75.50170898437501,486.96289062500006,0.10802687500000001,5.241796875,6.397,
0,0,,,14.411354064941408,75.53466796875001,489.5898437500001,0.108083125,5.241406250000001,6.431,
0,0,,,14.411354064941408,75.53466796875001,492.2070312500001,0.108083125,5.241406250000001,6.465,
0,0,,,14.409255981445312,75.53222656250001,494.58984375000006,0.1080684375,5.2419921875,6.499,
0,0,,,14.40849304199219,75.52978515625001,497.21679687500006,0.1080621875,5.2419921875,6.533,
0,0,,,14.40849304199219,75.52978515625001,499.83398437500006,0.1080621875,5.2419921875,6.567,
0,0,,,14.412498474121094,75.54748535156251,502.4511718750001,0.10809281250000001,5.241796875,6.601,
0,0,,,14.390945434570312,75.42541503906251,505.07812500000006,0.1079309375,5.2412109375,6.635,
0,0,,,14.390945434570312,75.42541503906251,507.4609375000001,0.1079309375,5.2412109375,6.669,
0,0,,,14.407157897949219,75.51757812500001,510.07812500000006,0.10805218750000001,5.2416015625000005,6.703,
0,0,,,14.40410614013672,75.50476074218751,512.6953125,0.1080284375,5.2419921875,6.737,
0,0,,,14.40410614013672,75.50476074218751,515.3125000000001,0.1080284375,5.2419921875,6.772,
0,0,,,14.388465881347658,75.4217529296875,517.6953125000001,0.10791281250000001,5.241796875,6.806,
0,0,,,14.404296875,75.50048828125,520.3125000000001,0.10803093750000001,5.2416015625000005,6.84,
0,0,,,14.404296875,75.50048828125,522.9394531250001,0.10803093750000001,5.241796875,6.874,
0,0,,,14.407157897949219,75.52001953125001,525.5664062500001,0.10805218750000001,5.241796875,6.908,
0,0,,,14.421272277832033,75.59875488281251,528.18359375,0.1081578125,5.2421875,6.942,
0,0,,,14.421272277832033,75.59875488281251,530.8007812500001,0.1081578125,5.2421875,6.976,
0,0,,,14.386749267578125,75.41748046875001,533.18359375,0.1078990625,5.2421875,7.01,
0,0,,,14.403152465820314,75.50109863281251,535.8105468750001,0.1080221875,5.2419921875,7.044,
0,0,,,14.403152465820314,75.50109863281251,538.427734375,0.107896875,5.241796875,7.078,
0,0,,,14.386367797851562,75.41076660156251,541.0449218750001,0.107896875,5.241796875,7.112,
0,0,,,14.383697509765627,75.3936767578125,543.41796875,0.10787687500000001,5.2416015625000005,7.146,
0,0,,,14.383697509765627,75.3936767578125,546.044921875,0.10804062500000002,5.241796875,7.181,
0,0,,,14.40563201904297,75.51025390625,548.662109375,0.10804062500000002,5.241796875,7.215,
0,0,,,14.40582275390625,75.51208496093751,551.2792968750001,0.10804187500000001,5.241796875,7.249,
0,0,,,14.40582275390625,75.51208496093751,553.90625,0.1080453125,5.2416015625000005,7.283,
0,0,,,14.406204223632812,75.5108642578125,556.5332031250001,0.1080453125,5.2416015625000005,7.318,
0,0,,,14.427375793457031,75.62377929687501,558.916015625,0.10820343750000001,5.241796875,7.352,
0,0,,,14.409255981445312,75.53710937500001,561.5429687500001,0.10806781250000001,5.242382812500001,7.386,
0,0,,,14.409255981445312,75.53710937500001,564.16015625,0.10806781250000001,5.242382812500001,7.42,
0,0,,,14.414215087890627,75.556640625,566.7871093750001,0.10810531250000001,5.241796875,7.454,
0,0,,,14.417457580566408,75.57373046875,569.404296875,0.10812875000000001,5.241796875,7.488,
0,0,,,14.417457580566408,75.57373046875,571.7871093750001,0.10812875000000001,5.241796875,7.522,
0,0,,,14.398384094238283,75.46875000000001,574.404296875,0.1079859375,5.2416015625000005,7.556,
0,0,,,14.398765563964844,75.46936035156251,577.03125,0.10798875000000001,5.241406250000001,7.59,
0,0,,,14.398765563964844,75.46936035156251,579.6386718750001,0.10798875000000001,5.241406250000001,7.624,
0,0,,,14.383316040039062,75.39733886718751,582.255859375,0.10787312500000001,5.2419921875,7.658,
0,0,,,14.370727539062502,75.32470703125001,584.6386718750001,0.1077784375,5.2416015625000005,7.692,
0,0,,,14.370727539062502,75.32470703125001,587.255859375,0.1077784375,5.2416015625000005,7.726,
0,0,,,14.395141601562502,75.45715332031251,589.8730468750001,0.10796218750000001,5.241796875,7.761,
0,0,,,14.381790161132814,75.38391113281251,592.490234375,0.10786250000000001,5.2416015625000005,7.795,
0,0,,,14.381790161132814,75.38391113281251,595.1074218750001,0.10786250000000001,5.2416015625000005,7.829,
0,0,,,14.373016357421875,75.33569335937501,597.490234375,0.10779656250000001,5.241406250000001,7.863,
0,0,,,14.41612243652344,75.5718994140625,600.1074218750001,0.1081196875,5.2421875,7.897,
0,0,,,14.41612243652344,75.5718994140625,602.724609375,0.1081196875,5.2421875,7.931,
0,0,,,14.38560485839844,75.40100097656251,605.3417968750001,0.10789000000000001,5.241406250000001,7.965,
0,0,,,14.386558532714846,75.41015625000001,607.9687500000001,0.10789750000000001,5.241796875,7.999,
0,0,,,14.386558532714846,75.41015625000001,610.3515625,0.10789750000000001,5.241796875,8.033,
0,0,,,14.423370361328125,75.59692382812501,612.9687500000001,0.10817343750000001,5.241406250000001,8.067,
0,0,,,14.392662048339846,75.44677734375001,615.5859375000001,0.10794312500000001,5.2419921875,8.101,
0,0,,,14.392662048339846,75.44677734375001,618.2031250000001,0.10794312500000001,5.2419921875,8.135,
0,0,,,14.388465881347658,75.42724609375001,620.830078125,0.10791281250000001,5.2421875,8.169,
0,0,,,14.392280578613283,75.44311523437501,623.2128906250001,0.10794000000000001,5.2419921875,8.204,
0,0,,,14.392280578613283,75.44311523437501,625.830078125,0.10794000000000001,5.2416015625000005,8.238,
0,0,,,14.417076110839846,75.5694580078125,628.4570312500001,0.10812687500000001,5.2416015625000005,8.272,
0,0,,,14.404869079589844,75.5108642578125,631.0742187500001,0.1080346875,5.2419921875,8.307,
0,0,,,14.404869079589844,75.5108642578125,633.6914062500001,0.1080859375,5.241406250000001,8.341,
0,0,,,14.411544799804688,75.53833007812501,636.3183593750001,0.1080859375,5.241406250000001,8.375,
0,0,,,14.403152465820314,75.4949951171875,638.7011718750001,0.10802281250000001,5.2416015625000005,8.409,
0,0,,,14.403152465820314,75.4949951171875,641.318359375,0.10804406250000001,5.2416015625000005,8.443,
0,0,,,14.406013488769533,75.50903320312501,643.9453125000001,0.10804406250000001,5.2416015625000005,8.477,
0,0,,,14.408302307128906,75.51940917968751,646.5625,0.10806093750000001,5.241406250000001,8.511,
0,0,,,14.408302307128906,75.51940917968751,649.1796875000001,0.1080009375,5.2416015625000005,8.545,
0,0,,,14.400291442871096,75.48156738281251,651.5625,0.1080009375,5.2416015625000005,8.579,
0,0,,,14.387512207031252,75.41259765625001,654.1796875000001,0.10790500000000001,5.2416015625000005,8.613,
0,0,,,14.387512207031252,75.5438232421875,656.8066406250001,0.10808812500000001,5.241796875,8.647,
0,0,,,14.41192626953125,75.5438232421875,659.423828125,0.10808812500000001,5.241796875,8.681,
0,0,,,14.384651184082033,75.404052734375,662.0410156250001,0.1078840625,5.2419921875,8.715,
0,0,,,14.389419555664064,75.43029785156251,664.4238281250001,0.10791906250000001,5.2419921875,8.749,
0,0,,,14.389419555664064,75.43029785156251,667.0410156250001,0.10791906250000001,5.2419921875,8.784,
0,0,,,14.387702941894531,75.4180908203125,669.658203125,0.107905625,5.2419921875,8.818,
0,0,,,14.390754699707033,75.42663574218751,672.2753906250001,0.1079290625,5.241406250000001,8.852,
0,0,,,14.390754699707033,75.42663574218751,674.8925781250001,0.1079290625,5.241406250000001,8.886,
0,0,,,14.379310607910158,75.37109375,677.2656250000001,0.10784281250000001,5.2416015625000005,8.92,
0,0,,,14.356231689453125,75.25207519531251,679.8828125,0.1076703125,5.241796875,8.954,
0,0,,,14.356231689453125,75.25207519531251,682.5000000000001,0.1076703125,5.241796875,8.988,
0,0,,,14.371299743652346,75.33630371093751,685.1074218750001,0.10778343750000001,5.2421875,9.022,
0,0,,,14.37358856201172,75.345458984375,687.4902343750001,0.10780031250000001,5.2419921875,9.056,
0,0,,,14.37358856201172,75.345458984375,690.0976562500001,0.10780031250000001,5.2419921875,9.09,
0,0,,,14.364814758300781,75.3021240234375,692.7148437500001,0.10773500000000001,5.2421875,9.124,
0,0,,,14.385986328125002,75.41076660156251,695.3320312500001,0.10789375000000001,5.2419921875,9.158,
0,0,,,14.385986328125002,75.41076660156251,697.958984375,0.10789375000000001,5.2419921875,9.192,
0,0,,,14.399528503417969,75.47729492187501,700.5761718750001,0.10799500000000001,5.2416015625000005,9.227,
0,0,,,14.391326904296877,75.4339599609375,702.958984375,0.107933125,5.2416015625000005,9.261,
0,0,,,14.391326904296877,75.4339599609375,705.5761718750001,0.107933125,5.2416015625000005,9.295,
0,0,,,14.411544799804688,75.54565429687501,708.193359375,0.10808500000000001,5.2419921875,9.329,
0,0,,,14.382553100585938,75.38391113281251,710.8105468750001,0.10786843750000001,5.241406250000001,9.364,
0,0,,,14.382553100585938,75.38391113281251,713.4277343750001,0.10786843750000001,5.241406250000001,9.398,
0,0,,,14.355468750000002,75.25512695312501,716.0351562500001,0.10766468750000001,5.242382812500001,9.432,
0,0,,,14.372062683105469,75.32897949218751,718.4179687500001,0.10778843750000001,5.241406250000001,9.466,
0,0,,,14.372062683105469,75.32897949218751,721.0351562500001,0.10778843750000001,5.242382812500001,9.5,
0,0,,,14.390182495117188,75.43762207031251,723.6523437500001,0.10792531250000001,5.242382812500001,9.534,
0,0,,,14.36767578125,75.31066894531251,726.26953125,0.10775593750000001,5.241796875,9.568,
0,0,,,14.36767578125,75.31066894531251,728.8867187500001,0.10801875000000001,5.2416015625000005,9.602,
0,0,,,14.402770996093752,75.49377441406251,731.2695312500001,0.10801875000000001,5.2416015625000005,9.637,
0,0,,,14.395523071289064,75.45532226562501,733.88671875,0.10796531250000001,5.2416015625000005,9.671,
0,0,,,14.395523071289064,75.45532226562501,736.5039062500001,0.10795343750000001,5.241796875,9.705,
0,0,,,14.393997192382812,75.45104980468751,739.1210937500001,0.10795343750000001,5.241796875,9.739,
0,0,,,14.388656616210938,75.421142578125,741.7382812500001,0.10791281250000001,5.241796875,9.773,
0,0,,,14.388656616210938,75.421142578125,744.12109375,0.10781625,5.241796875,9.807,
0,0,,,14.375686645507812,75.35522460937501,746.7382812500001,0.10781625,5.241796875,9.841,
0,0,,,14.39647674560547,75.45959472656251,749.3554687500001,0.10797250000000001,5.2416015625000005,9.875,
0,0,,,14.39647674560547,75.45959472656251,751.9726562500001,0.10791781250000002,5.2419921875,9.91,
0,0,,,14.389228820800781,75.42663574218751,754.599609375,0.10791781250000002,5.2419921875,9.944,
0,0,,,14.400291442871096,75.482177734375,757.2167968750001,0.10800000000000001,5.241796875,9.978,
0,1,,,14.262771606445312,74.7711181640625,767.1582031250001,0.10696968750000001,5.242382812500001,10.112,
0,1,,,14.262771606445312,74.7711181640625,769.6972656250001,0.10696968750000001,5.242382812500001,10.146,
0,1,,,13.903236389160156,72.89672851562501,772.2265625000001,0.10427312500000001,5.2431640625,10.18,
0,1,,,13.90342712402344,72.89794921875001,774.755859375,0.10427375000000001,5.2431640625,10.215,
0,1,,,13.90342712402344,72.89794921875001,777.05078125,0.10427375000000001,5.2431640625,10.249,
0,1,,,13.892745971679688,72.8424072265625,779.5800781250001,0.10419343750000001,5.2431640625,10.283,
0,1,,,13.907623291015625,72.91259765625001,782.1093750000001,0.10430625,5.2425781250000005,10.317,
0,1,,,13.907623291015625,72.91259765625001,784.6484375,0.10430625,5.2425781250000005,10.351,
0,1,,,13.910484313964844,72.93212890625,787.1777343750001,0.10432656250000001,5.24296875,10.385,
0,1,,,13.922882080078125,72.991943359375,789.4824218750001,0.10442000000000001,5.2425781250000005,10.419,
0,1,,,13.922882080078125,72.991943359375,792.0117187500001,0.10442000000000001,5.2425781250000005,10.453,
0,1,,,13.909149169921877,72.92846679687501,794.5410156250001,0.104316875,5.2431640625,10.487,
0,1,,,13.923835754394531,72.99743652343751,797.080078125,0.1044275,5.2425781250000005,10.522,
0,1,,,13.923835754394531,72.99743652343751,799.6289062500001,0.1044275,5.2425781250000005,10.556,
0,1,,,14.057350158691406,73.687744140625,802.001953125,0.105429375,5.2419921875,10.59,
0,1,,,14.511299133300781,76.06811523437501,804.677734375,0.1088334375,5.2419921875,10.624,
0,1,,,14.511299133300781,76.06811523437501,807.3925781250001,0.1088334375,5.2419921875,10.658,
0,1,,,14.943885803222658,78.30993652343751,810.1171875000001,0.11207750000000001,5.240234375,10.692,
0,1,,,14.990615844726564,78.56567382812501,812.841796875,0.11242781250000002,5.241015625,10.726,
0,1,,,14.990615844726564,78.56567382812501,815.3417968750001,0.11242781250000002,5.241015625,10.76,
0,1,,,15.063858032226562,78.93798828125001,818.0859375000001,0.11297781250000001,5.240234375,10.794,
0,1,,,15.097808837890625,79.11926269531251,820.8300781250002,0.11323156250000001,5.240429687500001,10.828,
0,1,,,15.097808837890625,79.11926269531251,823.5644531250001,0.11323156250000001,5.240429687500001,10.863,
0,1,,,15.059471130371094,78.9111328125,826.2988281250001,0.112945,5.2400390625,10.897,
0,1,,,14.969253540039064,78.44665527343751,828.7695312500001,0.11226781250000001,5.2406250000000005,10.931,
0,1,,,14.969253540039064,78.44665527343751,831.4746093750002,0.11226781250000001,5.2406250000000005,10.965,
0,1,,,14.881134033203125,77.9852294921875,834.1601562500002,0.11160625,5.2406250000000005,10.999,
0,1,,,14.868164062500002,77.9193115234375,836.8945312500001,0.1115090625,5.2408203125,11.033,
0,1,,,14.868164062500002,77.9193115234375,839.6191406250001,0.11251187500000001,5.241015625,11.067,
0,1,,,15.001678466796877,78.6224365234375,842.0996093750001,0.11251187500000001,5.241015625,11.101,
0,1,,,15.045738220214844,78.84094238281251,844.8437500000001,0.11284125,5.240234375,11.135,
0,1,,,15.045738220214844,78.84094238281251,847.5878906250002,0.11294812500000001,5.2400390625,11.169,
0,1,,,15.059852600097658,78.9154052734375,850.3125000000001,0.11294812500000001,5.2400390625,11.203,
0,1,,,15.011787414550781,78.66760253906251,853.0468750000001,0.112586875,5.240429687500001,11.237,
0,1,,,15.011787414550781,78.66760253906251,855.5175781250001,0.11241500000000001,5.240429687500001,11.271,
0,2,,,15.395164489746094,80.65979003906251,866.6308593750002,0.1154615625,5.239453125000001,11.406,
0,2,,,16.451072692871094,86.15295410156251,869.6484375000001,0.12338187500000002,5.2369140625,11.44,
0,2,,,16.451072692871094,86.15295410156251,872.6757812500001,0.12473968750000002,5.2367187500000005,11.474,
0,2,,,16.63227081298828,87.09899902343751,875.4199218750002,0.12473968750000002,5.2367187500000005,11.508,
0,2,,,16.643333435058594,87.14599609375001,878.45703125,0.1248228125,5.2361328125,11.542,
0,2,,,16.643333435058594,87.14599609375001,881.5039062500001,0.1255315625,5.2361328125,11.576,
0,2,,,16.737747192382812,87.63977050781251,884.521484375,0.1255315625,5.2361328125,11.61,
0,2,,,16.62406921386719,87.05688476562501,887.2656250000001,0.12467937500000001,5.2367187500000005,11.644,
0,2,,,16.60480499267578,86.95861816406251,890.5566406250002,0.12453406250000001,5.2369140625,11.679,
0,2,,,16.60480499267578,86.95861816406251,893.1250000000001,0.12453406250000001,5.2369140625,11.713,
0,2,,,15.32249450683594,80.2886962890625,895.8007812500001,0.11491656250000001,5.2400390625,11.747,
0,2,,,14.763069152832031,77.37365722656251,898.4863281250001,0.11072218750000001,5.241015625,11.781,
0,2,,,14.763069152832031,77.37365722656251,901.1816406250001,0.11072218750000001,5.241015625,11.815,
0,2,,,14.771461486816406,77.41516113281251,903.8671875000001,0.1107840625,5.2408203125,11.85,
0,2,,,14.780235290527344,77.4627685546875,906.3085937500001,0.11084937500000001,5.241015625,11.884,
0,2,,,14.780235290527344,77.4627685546875,909.0039062500001,0.11084937500000001,5.241015625,11.918,
0,2,,,14.73541259765625,77.22900390625001,911.6796875000001,0.11051437500000001,5.241015625,11.952,
0,2,,,14.909934997558594,78.14331054687501,914.39453125,0.1118225,5.241015625,11.986,
0,2,,,14.909934997558594,78.14331054687501,917.0214843750002,0.1118225,5.241015625,12.02,
0,2,,,14.472579956054688,75.85876464843751,919.4140625000001,0.10854218750000001,5.2416015625000005,12.054,
0,2,,,14.447212219238281,75.72998046875001,922.0410156250001,0.1083528125,5.241796875,12.089,
0,2,,,14.447212219238281,75.72998046875001,924.6777343750001,0.1083528125,5.241796875,12.123,
0,2,,,14.467620849609377,75.83190917968751,927.3144531250001,0.10850593750000001,5.2416015625000005,12.157,
0,2,,,14.52293395996094,76.12670898437501,929.9609375000002,0.10892125000000001,5.241796875,12.191,
0,2,,,14.52293395996094,76.12670898437501,932.5976562500001,0.10892125000000001,5.241796875,12.225,
0,2,,,14.511299133300781,76.05590820312501,934.9902343750002,0.1088334375,5.2412109375,12.259,
0,3,,,15.194511413574219,79.6173095703125,945.76171875,0.11395718750000002,5.23984375,12.394,
0,3,,,15.194511413574219,79.6173095703125,948.6328125000001,0.11395718750000002,5.23984375,12.428,
0,4,,,14.768218994140625,77.4017333984375,959.267578125,0.11076000000000001,5.2412109375,12.563,
0,4,,,15.259361267089844,79.949951171875,961.7578125000001,0.114443125,5.239453125000001,12.597,
0,4,,,15.259361267089844,79.949951171875,964.5117187500001,0.114443125,5.23984375,12.631,
0,4,,,15.093040466308594,79.08508300781251,967.2558593750001,0.113196875,5.23984375,12.665,
0,4,,,15.135002136230469,79.31091308593751,970.0292968750001,0.11351125000000001,5.240234375,12.699,
0,4,,,15.135002136230469,79.31091308593751,972.7832031250001,0.11351125000000001,5.240234375,12.733,
0,5,,,14.5050048828125,76.02539062500001,982.91015625,0.1087865625,5.241406250000001,12.868,
0,5,,,14.775848388671875,77.435302734375,985.6542968750001,0.11081718750000001,5.2408203125,12.902,
0,5,,,14.775848388671875,77.435302734375,988.3984375000001,0.11345625000000001,5.241015625,12.936,
0,5,,,15.127754211425781,79.28283691406251,991.1523437500001,0.11345625000000001,5.241015625,12.971,
0,6,,,12.03899383544922,63.172607421875014,0.9960937500000002,0.09029125,5.247265625000001,0.024,
0,6,,,12.08763122558594,63.41979980468751,3.1933593750000004,0.0906559375,5.2466796875,0.058,
0,6,,,12.08763122558594,63.41979980468751,5.400390625000001,0.0906559375,5.2466796875,0.092,
0,6,,,12.091636657714844,63.44177246093751,7.597656250000001,0.09068687500000001,5.2466796875,0.126,
0,6,,,12.08648681640625,63.42651367187501,9.804687500000002,0.0906475,5.24765625,0.16,
0,6,,,12.08648681640625,63.42651367187501,11.806640625000002,0.0906475,5.24765625,0.194,
0,6,,,12.091064453125002,63.443603515625,14.003906250000002,0.09068156250000001,5.247265625000001,0.228,
0,6,,,12.078475952148438,63.37890625000001,16.201171875,0.09058687500000001,5.247265625000001,0.262,
0,6,,,12.078475952148438,63.37890625000001,18.408203125,0.09058687500000001,5.247265625000001,0.296,
0,6,,,12.08152770996094,63.39538574218751,20.60546875,0.09061031250000001,5.247265625000001,0.33,
0,6,,,12.102127075195312,63.49731445312501,22.607421875000004,0.09076468750000001,5.246875,0.364,
0,6,,,12.102127075195312,63.49731445312501,24.814453125000004,0.09076468750000001,5.246875,0.398,
0,6,,,12.083816528320314,63.40942382812501,27.011718750000004,0.09062718750000001,5.2474609375000005,0.432,
0,6,,,12.087440490722656,63.42346191406251,29.21875,0.09065468750000001,5.2470703125,0.466,
0,6,,,12.087440490722656,63.42346191406251,31.416015625000007,0.09065468750000001,5.2470703125,0.5,
0,6,,,12.087821960449219,63.42590332031251,33.42773437500001,0.09065718750000001,5.2470703125,0.534,
0,6,,,12.121582031250002,63.6016845703125,35.634765625,0.09091125000000001,5.2470703125,0.569,
0,6,,,12.121582031250002,63.6016845703125,37.841796875,0.09091125000000001,5.2470703125,0.603,
0,6,,,12.13340759277344,63.662109375000014,40.04882812500001,0.09100000000000001,5.246875,0.636,
0,6,,,12.128829956054688,63.63525390625001,42.06054687500001,0.09096562500000001,5.2466796875,0.669,
0,6,,,12.128829956054688,63.63525390625001,44.26757812500001,0.09096562500000001,5.2466796875,0.703,
0,6,,,12.116241455078127,63.5687255859375,46.26953125,0.09087062500000001,5.2466796875,0.737,
0,6,,,12.092971801757814,63.45031738281251,48.466796875,0.0906959375,5.246875,0.771,
0,6,,,12.092971801757814,63.45031738281251,50.68359375000001,0.0906959375,5.246875,0.805,
0,6,,,12.121200561523438,63.59375000000001,52.89062500000001,0.0909078125,5.2464843750000005,0.838,
0,6,,,12.127685546875002,63.63342285156251,54.89257812500001,0.090956875,5.246875,0.872,
0,6,,,12.127685546875002,63.63342285156251,57.109375000000014,0.090956875,5.246875,0.905,
0,6,,,12.14752197265625,63.735351562500014,59.12109375,0.091105,5.246875,0.939,
0,6,,,12.147712707519533,63.738403320312514,61.32812500000001,0.09110625000000001,5.2470703125,0.973,
0,6,,,12.147712707519533,63.738403320312514,63.54492187500001,0.09110625000000001,5.2470703125,1.007,
0,6,,,12.166595458984375,63.839111328125014,65.77148437500001,0.0912484375,5.2470703125,1.041,
0,6,,,12.229537963867188,64.173583984375,67.98828125,0.09172000000000001,5.2474609375000005,1.076,
0,6,,,12.229537963867188,64.173583984375,70.20507812500001,0.09172000000000001,5.2474609375000005,1.11,
0,6,,,12.152099609375002,63.75732421875001,72.42187500000001,0.09113937500000001,5.2466796875,1.144,
0,6,,,12.176704406738281,63.88366699218751,74.443359375,0.091325,5.2464843750000005,1.178,
0,6,,,12.176704406738281,63.88366699218751,76.66015625,0.091325,5.246289062500001,1.212,
0,6,,,12.228584289550781,64.15527343750001,78.90625000000001,0.09171343750000001,5.246289062500001,1.247,
0,6,,,12.28485107421875,64.44580078125,81.14257812500001,0.0921346875,5.24609375,1.281,
0,6,,,12.28485107421875,64.44580078125,83.38867187500001,0.092333125,5.246289062500001,1.315,
0,6,,,12.311172485351562,64.588623046875,85.60546875000001,0.092333125,5.246289062500001,1.349,
0,6,,,12.186431884765627,63.93798828125001,87.63671875000001,0.091396875,5.2466796875,1.384,
0,6,,,12.186431884765627,63.93798828125001,89.853515625,0.091610625,5.246875,1.418,
0,6,,,12.214851379394531,64.08935546875001,92.08984375000001,0.091610625,5.246875,1.452,
0,6,,,12.259674072265625,64.32373046875,94.30664062500001,0.09194625000000001,5.246875,1.486,
0,6,,,12.259674072265625,64.32373046875,96.52343750000001,0.09106531250000001,5.2470703125,1.52,
0,6,,,12.142181396484375,63.71032714843751,98.73046875000001,0.09106531250000001,5.2470703125,1.554,
0,6,,,12.165069580078125,63.826293945312514,100.74218750000003,0.09123687500000001,5.2466796875,1.589,
0,6,,,12.137031555175781,63.68286132812501,102.958984375,0.09102687500000001,5.2470703125,1.623,
0,6,,,12.137031555175781,63.68286132812501,105.18554687500003,0.09102687500000001,5.2470703125,1.657,
0,6,,,12.2161865234375,64.09423828125001,107.40234375,0.091619375,5.2466796875,1.691,
0,6,,,12.210655212402346,64.06372070312501,109.62890625000001,0.0915790625,5.2464843750000005,1.725,
0,6,,,12.210655212402346,64.06372070312501,111.86523437500001,0.0915790625,5.2464843750000005,1.759,
0,6,,,12.225723266601562,64.141845703125,113.87695312500001,0.091691875,5.2464843750000005,1.794,
0,6,,,12.163162231445312,63.81713867187501,116.083984375,0.09122250000000001,5.246875,1.828,
0,6,,,12.163162231445312,63.81713867187501,118.310546875,0.09122250000000001,5.246875,1.862,
0,6,,,12.195396423339846,63.98498535156251,120.53710937500001,0.09146375000000001,5.2466796875,1.896,
0,6,,,12.261390686035156,64.33044433593751,122.77343750000001,0.09195968750000001,5.2466796875,1.931,
0,6,,,12.261390686035156,64.33044433593751,125.00976562500001,0.09195968750000001,5.2466796875,1.965,
0,6,,,12.323760986328127,64.65759277343751,127.05078125,0.09242750000000001,5.2466796875,1.999,
0,6,,,12.265014648437502,64.35302734375001,129.28710937500003,0.09198656250000001,5.246875,2.033,
0,6,,,12.265014648437502,64.35302734375001,131.52343750000003,0.09198656250000001,5.246875,2.067,
0,6,,,12.273216247558596,64.39758300781251,133.759765625,0.0920475,5.2470703125,2.101,
0,6,,,12.225151062011719,64.1461181640625,135.9765625,0.091686875,5.2470703125,2.137,
0,6,,,12.225151062011719,64.1461181640625,138.21289062500003,0.091686875,5.2470703125,2.171,
0,6,,,12.280273437500002,64.42871093750001,140.44921875000003,0.09210125000000001,5.2464843750000005,2.205,
0,6,,,12.236213684082031,64.19189453125,142.48046875,0.09177093750000001,5.24609375,2.239,
0,6,,,12.236213684082031,64.19189453125,144.70703125000003,0.09177093750000001,5.246289062500001,2.273,
0,6,,,12.25261688232422,64.28161621093751,146.95312500000003,0.09189375000000001,5.246289062500001,2.307,
0,6,,,12.36114501953125,64.8455810546875,149.19921875000003,0.09270687500000001,5.2458984375,2.342,
0,6,,,12.36114501953125,64.8455810546875,151.45507812500003,0.09273062500000001,5.2458984375,2.376,
0,6,,,12.364196777343752,64.862060546875,153.7109375,0.09273062500000001,5.2458984375,2.41,
0,6,,,12.392997741699219,65.02136230468751,155.76171875,0.092945625,5.2466796875,2.444,
0,6,,,12.392997741699219,65.02136230468751,158.01757812500003,0.09279812500000001,5.2464843750000005,2.478,
0,6,,,12.373161315917969,64.91516113281251,160.28320312500003,0.09279812500000001,5.2464843750000005,2.512,
0,6,,,12.461280822753906,65.3765869140625,162.53906250000003,0.09345906250000001,5.246289062500001,2.546,
0,6,,,12.461280822753906,65.3765869140625,164.5703125,0.09206781250000001,5.246875,2.58,
0,6,,,12.275886535644531,64.410400390625,166.80664062500003,0.09206781250000001,5.246875,2.614,
0,6,,,12.316131591796877,64.6185302734375,169.04296875000003,0.09237000000000001,5.2466796875,2.649,
0,6,,,12.316131591796877,64.47570800781251,171.2890625,0.09216281250000001,5.246875,2.683,
0,6,,,12.288475036621096,64.47570800781251,173.52539062500003,0.09216281250000001,5.246875,2.717,
0,6,,,12.274551391601564,64.40368652343751,175.76171875000003,0.0920584375,5.246875,2.751,
0,6,,,12.252235412597658,64.2791748046875,177.783203125,0.0918903125,5.246289062500001,2.785,
0,6,,,12.252235412597658,64.2791748046875,180.00976562500003,0.0918903125,5.246289062500001,2.819,
0,6,,,12.211608886718752,64.0673828125,182.26562500000003,0.0915853125,5.2464843750000005,2.854,
0,6,,,12.355613708496096,64.82116699218751,184.49218750000003,0.09266656250000001,5.246289062500001,2.888,
0,6,,,12.355613708496096,64.82116699218751,186.74804687500003,0.09266656250000001,5.246289062500001,2.922,
0,6,,,12.349128723144531,64.788818359375,189.013671875,0.0926175,5.2464843750000005,2.956,
0,6,,,12.442970275878908,65.28198242187501,191.064453125,0.09332187500000001,5.2464843750000005,2.99,
0,6,,,12.442970275878908,65.28198242187501,193.31054687500003,0.09332187500000001,5.2464843750000005,3.024,
0,6,,,12.335968017578125,64.720458984375,195.556640625,0.092519375,5.2464843750000005,3.058,
0,6,,,12.33329772949219,64.70397949218751,197.802734375,0.09249812500000001,5.246289062500001,3.093,
0,6,,,12.33329772949219,64.70397949218751,200.05859375,0.09249812500000001,5.246289062500001,3.127,
0,6,,,12.360000610351564,64.8443603515625,202.11914062500003,0.092698125,5.246289062500001,3.161,
0,6,,,12.493324279785156,65.5450439453125,204.599609375,0.09369906250000001,5.2464843750000005,3.196,
0,6,,,12.493324279785156,65.5450439453125,206.650390625,0.09369906250000001,5.2464843750000005,3.23,
0,6,,,12.39776611328125,65.048828125,208.90625000000006,0.09298218750000001,5.246875,3.264,
0,6,,,12.351608276367188,64.8040771484375,211.15234375000003,0.09263687500000001,5.2466796875,3.298,
0,6,,,12.351608276367188,64.8040771484375,213.40820312500003,0.09263687500000001,5.2466796875,3.332,
0,6,,,12.411689758300781,65.11291503906251,215.67382812500003,0.09308593750000001,5.24609375,3.366,
0,6,,,12.441635131835938,65.2740478515625,217.734375,0.09331062500000001,5.2464843750000005,3.401,
0,6,,,12.441635131835938,65.2740478515625,220.00000000000003,0.09331062500000001,5.2464843750000005,3.435,
0,6,,,12.421226501464844,65.16662597656251,222.24609375000003,0.09315812500000001,5.2464843750000005,3.469,
0,6,,,12.346458435058594,64.771728515625,224.49218750000003,0.092598125,5.24609375,3.503,
0,6,,,12.346458435058594,64.771728515625,226.75781250000003,0.0930109375,5.246289062500001,3.537,
0,6,,,12.401580810546875,65.06103515625,228.82812500000006,0.0930109375,5.246289062500001,3.571,
0,6,,,12.461280822753906,65.3765869140625,231.103515625,0.09345906250000001,5.246289062500001,3.605,
0,6,,,12.461280822753906,65.3765869140625,233.388671875,0.0943734375,5.246289062500001,3.639,
0,6,,,12.583351135253906,66.01440429687501,235.66406250000006,0.0943734375,5.246289062500001,3.673,
0,6,,,12.453269958496094,65.32958984375001,237.91992187500003,0.09339781250000001,5.24609375,3.707,
0,6,,,12.453269958496094,65.32958984375001,239.97070312500003,0.09291375,5.24609375,3.741,
0,6,,,12.388610839843752,64.99084472656251,242.24609375000006,0.09291375,5.24609375,3.775,
0,6,,,12.398147583007814,65.0421142578125,244.49218750000003,0.09298437500000001,5.24609375,3.809,
0,6,,,12.398147583007814,65.0421142578125,246.77734375000003,0.0938734375,5.2458984375,3.844,
0,6,,,12.516593933105469,65.66162109375,249.03320312500006,0.0938734375,5.2458984375,3.878,
0,6,,,12.43247985839844,65.228271484375,251.10351562500006,0.093241875,5.2466796875,3.912,
0,6,,,12.500190734863283,65.576171875,253.37890625000003,0.09375000000000001,5.24609375,3.946,
0,6,,,12.500190734863283,65.576171875,255.64453125000003,0.09375000000000001,5.24609375,3.98,
0,6,,,12.4603271484375,65.3668212890625,257.92968750000006,0.09345093750000001,5.24609375,4.014,
0,6,,,12.487792968750002,65.5145263671875,260.1953125,0.09365656250000001,5.246289062500001,4.048,
0,6,,,12.487792968750002,65.5145263671875,262.27539062500006,0.09365656250000001,5.246289062500001,4.082,
0,6,,,12.550926208496094,65.84533691406251,264.55078125000006,0.09413031250000001,5.246289062500001,4.116,
0,6,,,12.487411499023438,65.506591796875,266.8359375,0.09365375000000001,5.2458984375,4.15,
0,6,,,12.487411499023438,65.506591796875,269.11132812500006,0.09365375000000001,5.2458984375,4.184,
0,6,,,12.525367736816408,65.7122802734375,271.37695312500006,0.09393875,5.2464843750000005,4.219,
0,6,,,12.463569641113281,65.3790283203125,273.662109375,0.0934753125,5.245703125,4.253,
0,6,,,12.463569641113281,65.3790283203125,275.732421875,0.0934753125,5.245703125,4.288,
0,6,,,12.576866149902346,65.9735107421875,278.017578125,0.09432593750000001,5.245703125,4.322,
0,6,,,12.486267089843752,65.5029296875,280.30273437500006,0.093645,5.24609375,4.356,
0,6,,,12.486267089843752,65.5029296875,282.58789062500006,0.093645,5.24609375,4.39,
0,6,,,12.572860717773438,65.9588623046875,284.87304687500006,0.09429562500000001,5.24609375,4.424,
0,6,,,12.545967102050783,65.81848144531251,286.95312500000006,0.09409437500000001,5.24609375,4.458,
0,6,,,12.545967102050783,65.81848144531251,289.248046875,0.09409437500000001,5.24609375,4.492,
0,6,,,12.58354187011719,66.007080078125,291.53320312500006,0.094375625,5.2455078125000005,4.526,
0,6,,,12.55950927734375,65.8843994140625,293.81835937500006,0.09419468750000001,5.2458984375,4.56,
0,6,,,12.55950927734375,65.8843994140625,296.11328125,0.09419468750000001,5.2458984375,4.594,
0,6,,,12.60509490966797,66.12548828125,298.193359375,0.0945365625,5.2458984375,4.629,
0,6,,,12.602233886718752,66.1102294921875,300.49804687500006,0.09451625000000001,5.2458984375,4.663,
0,6,,,12.602233886718752,66.1102294921875,302.79296875000006,0.09451625000000001,5.24609375,4.697,
0,6,,,12.596702575683594,66.08215332031251,305.06835937500006,0.094473125,5.24609375,4.731,
0,6,,,12.576484680175783,65.96740722656251,307.373046875,0.0943225,5.245312500000001,4.765,
0,6,,,12.576484680175783,65.96740722656251,309.45312500000006,0.0943225,5.2458984375,4.799,
0,6,,,12.604522705078127,66.12243652343751,311.748046875,0.09453312500000001,5.2458984375,4.833,
0,6,,,12.584877014160156,66.0186767578125,314.04296875000006,0.0943859375,5.2458984375,4.867,
0,6,,,12.584877014160156,66.0186767578125,316.33789062500006,0.09456687500000001,5.2455078125000005,4.901,
0,6,,,12.609100341796875,66.1407470703125,318.63281250000006,0.09456687500000001,5.2455078125000005,4.935,
0,6,,,12.59613037109375,66.07666015625001,320.71289062500006,0.09446937500000001,5.2458984375,4.969,
0,6,,,12.59613037109375,66.07666015625001,323.00781250000006,0.0943415625,5.2455078125000005,5.003,
0,6,,,12.578964233398438,65.98388671875001,325.30273437500006,0.0943415625,5.2455078125000005,5.037,
0,6,,,12.604331970214844,66.11267089843751,327.59765625000006,0.094531875,5.245312500000001,5.071,
0,6,,,12.604331970214844,66.11267089843751,329.8828125,0.0944346875,5.2458984375,5.105,
0,6,,,12.591552734375,66.05224609375,331.97265625000006,0.0944346875,5.2458984375,5.14,
0,6,,,12.595367431640625,66.06994628906251,334.267578125,0.0944640625,5.245703125,5.174,
0,6,,,12.595367431640625,65.99609375000001,336.55273437500006,0.0943653125,5.245312500000001,5.208,
0,6,,,12.58220672607422,65.99609375000001,338.84765625,0.0943653125,5.245312500000001,5.242,
0,6,,,12.593460083007812,66.063232421875,341.14257812500006,0.0944496875,5.2458984375,5.277,
0,6,,,12.572669982910158,65.958251953125,343.42773437500006,0.094293125,5.246289062500001,5.311,
0,6,,,12.572669982910158,65.958251953125,345.72265625000006,0.094293125,5.246289062500001,5.345,
0,6,,,12.605667114257812,66.13098144531251,347.81250000000006,0.09454187500000001,5.24609375,5.379,
0,6,,,12.595176696777344,66.0711669921875,350.09765625,0.09446312500000001,5.245703125,5.413,
0,6,,,12.595176696777344,66.0711669921875,352.392578125,0.09446312500000001,5.245703125,5.447,
0,6,,,12.572479248046875,65.95031738281251,354.68750000000006,0.09429218750000001,5.245703125,5.481,
0,6,,,12.581634521484377,66.00158691406251,356.76757812500006,0.09436187500000001,5.2458984375,5.515,
0,6,,,12.581634521484377,66.00158691406251,359.05273437500006,0.09436187500000001,5.2458984375,5.549,
0,6,,,12.569999694824219,65.93811035156251,361.34765625000006,0.09427437500000001,5.245703125,5.584,
0,6,,,12.586021423339846,66.02722167968751,363.63281250000006,0.0943946875,5.24609375,5.618,
0,6,,,12.586021423339846,66.02722167968751,365.92773437500006,0.0943946875,5.24609375,5.652,
0,6,,,12.582588195800783,66.00891113281251,368.00781250000006,0.09436843750000001,5.24609375,5.686,
0,6,,,12.562751770019531,65.90942382812501,370.29296875000006,0.09421968750000001,5.2464843750000005,5.72,
0,6,,,12.562751770019531,65.90942382812501,372.58789062500006,0.09421968750000001,5.2464843750000005,5.754,
0,6,,,12.569236755371096,65.9307861328125,374.87304687500006,0.09426875000000001,5.245312500000001,5.788,
0,6,,,12.561225891113283,65.89355468750001,377.15820312500006,0.09420750000000001,5.2458984375,5.822,
0,6,,,12.561225891113283,65.89355468750001,379.443359375,0.09420750000000001,5.2458984375,5.856,
0,6,,,12.554359436035156,65.85571289062501,381.52343750000006,0.0941571875,5.245703125,5.89,
0,6,,,12.548446655273438,65.83068847656251,383.80859375000006,0.09411187500000001,5.24609375,5.925,
0,6,,,12.548446655273438,65.83068847656251,386.083984375,0.09411187500000001,5.24609375,5.959,
0,6,,,12.517356872558596,65.66406250000001,388.36914062500006,0.09387875000000001,5.2458984375,5.993,
0,6,,,12.520217895507814,65.68115234375001,390.43945312500006,0.0939009375,5.24609375,6.027,
0,6,,,12.520217895507814,65.68115234375001,392.72460937500006,0.0939009375,5.2458984375,6.061,
0,6,,,12.540626525878908,65.78674316406251,395.0,0.09405406250000001,5.2458984375,6.095,
0,6,,,12.513351440429688,65.64697265625001,397.28515625000006,0.09384906250000001,5.246289062500001,6.129,
0,6,,,12.513351440429688,65.64697265625001,399.56054687500006,0.09398218750000001,5.2458984375,6.163,
0,6,,,12.531089782714846,65.73608398437501,401.64062500000006,0.09398218750000001,5.2458984375,6.197,
0,6,,,12.555885314941408,65.869140625,403.93554687500006,0.094168125,5.24609375,6.231,
0,6,,,12.555885314941408,65.869140625,406.220703125,0.094325,5.2458984375,6.265,
0,6,,,12.576866149902346,65.9765625,408.515625,0.094325,5.2458984375,6.299,
0,6,,,12.58831024169922,66.033935546875,410.80078125000006,0.09441125,5.245703125,6.335,
0,6,,,12.58831024169922,66.033935546875,413.09570312500006,0.09445250000000001,5.245703125,6.369,
0,6,,,12.593841552734375,66.06201171875001,415.39062500000006,0.09445250000000001,5.245703125,6.403,
0,6,,,12.60509490966797,66.12304687500001,417.47070312500006,0.09453718750000001,5.245703125,6.437,
0,6,,,12.528419494628906,65.7275390625,419.75585937500006,0.0939628125,5.246289062500001,6.471,
0,6,,,12.528419494628906,65.7275390625,422.02148437500006,0.0939628125,5.246289062500001,6.505,
0,6,,,12.500572204589846,65.58105468750001,424.30664062500006,0.09375343750000001,5.246289062500001,6.539,
0,6,,,12.442398071289064,65.27648925781251,426.5625,0.09331625,5.246289062500001,6.574,
0,6,,,12.442398071289064,65.27648925781251,428.81835937500006,0.09331625,5.246289062500001,6.608,
0,6,,,12.397956848144531,65.042724609375,430.87890625,0.0929840625,5.246289062500001,6.642,
0,6,,,12.340164184570312,64.7406005859375,433.11523437500006,0.09255000000000001,5.246289062500001,6.676,
0,6,,,12.340164184570312,64.7406005859375,435.36132812500006,0.09255000000000001,5.246289062500001,6.71,
0,6,,,12.311744689941408,64.588623046875,437.60742187500006,0.09233687500000001,5.24609375,6.745,
0,6,,,12.407112121582033,65.09033203125001,439.87304687500006,0.0930515625,5.246289062500001,6.779,
0,6,,,12.407112121582033,65.09033203125001,442.14843750000006,0.0930515625,5.246289062500001,6.813,
0,6,,,12.509155273437502,65.6280517578125,444.21875000000006,0.09381687500000001,5.2464843750000005,6.847,
0,6,,,12.467384338378906,65.40466308593751,446.49414062500006,0.0935046875,5.24609375,6.881,
0,6,,,12.467384338378906,65.40466308593751,448.779296875,0.0935046875,5.24609375,6.916,
0,6,,,12.549972534179688,65.8355712890625,451.05468750000006,0.09412406250000001,5.2458984375,6.95,
0,6,,,12.46013641357422,65.37048339843751,453.33007812500006,0.0934496875,5.2464843750000005,6.984,
0,6,,,12.46013641357422,65.37048339843751,455.615234375,0.0934496875,5.2464843750000005,7.018,
0,6,,,12.529563903808594,65.7354736328125,457.66601562500006,0.093970625,5.2464843750000005,7.052,
0,6,,,12.452316284179688,65.330810546875,459.95117187500006,0.0933909375,5.2464843750000005,7.086,
0,6,,,12.452316284179688,65.330810546875,462.19726562500006,0.0933909375,5.2458984375,7.121,
0,6,,,12.39776611328125,65.03784179687501,464.46289062500006,0.09298250000000001,5.2458984375,7.155,
0,6,,,12.471199035644531,65.42724609375,466.73828125000006,0.0935325,5.246289062500001,7.189,
0,6,,,12.471199035644531,65.42724609375,469.02343750000006,0.0935325,5.2458984375,7.223,
0,6,,,12.534713745117188,65.75561523437501,471.10351562500006,0.09400843750000001,5.2458984375,7.258,
0,6,,,12.552833557128906,65.849609375,473.37890625000006,0.09414531250000001,5.245703125,7.292,
0,6,,,12.552833557128906,65.849609375,475.68359375,0.0944771875,5.246289062500001,7.326,
0,6,,,12.597084045410156,66.08703613281251,477.94921875,0.0944771875,5.246289062500001,7.361,
0,6,,,12.492942810058596,65.53466796875,480.23437500000006,0.0936959375,5.245703125,7.395,
0,6,,,12.492942810058596,65.53466796875,482.51953125,0.09398843750000001,5.246289062500001,7.429,
0,6,,,12.531852722167969,65.74462890625,484.80468750000006,0.09398843750000001,5.246289062500001,7.464,
0,6,,,12.546730041503906,65.821533203125,487.07031250000006,0.09409937500000001,5.24609375,7.498,
0,6,,,12.511444091796875,65.6390380859375,489.1503906250001,0.093835,5.246289062500001,7.532,
0,6,,,12.511444091796875,65.6390380859375,491.435546875,0.093835,5.246289062500001,7.566,
0,6,,,12.545013427734377,65.811767578125,493.73046875000006,0.09408625000000001,5.24609375,7.6,
0,6,,,12.604331970214844,66.11755371093751,496.02539062500006,0.094531875,5.245703125,7.634,
0,6,,,12.604331970214844,66.11755371093751,498.3105468750001,0.094531875,5.245703125,7.668,
0,6,,,12.566184997558594,65.91735839843751,500.390625,0.09424500000000001,5.245703125,7.702,
0,6,,,12.543678283691406,65.809326171875,502.6757812500001,0.09407593750000001,5.2464843750000005,7.737,
0,6,,,12.543678283691406,65.809326171875,504.96093750000006,0.09407593750000001,5.2464843750000005,7.77,
0,6,,,12.58392333984375,66.0198974609375,507.26562500000006,0.09437812500000001,5.2464843750000005,7.803,
0,6,,,12.612152099609377,66.16149902343751,509.34570312500006,0.09459062500000001,5.2458984375,7.837,
0,6,,,12.612152099609377,66.16149902343751,511.64062500000006,0.09459062500000001,5.2458984375,7.87,
0,6,,,12.594985961914064,66.0687255859375,513.7207031250001,0.09446187500000001,5.245703125,7.905,
0,6,,,12.595176696777344,66.07604980468751,516.0253906250001,0.09446312500000001,5.24609375,7.939,
0,6,,,12.595176696777344,66.07604980468751,518.310546875,0.09446312500000001,5.24609375,7.973,
0,6,,,12.603187561035158,66.11328125,520.60546875,0.09452312500000001,5.245703125,8.007,
0,6,,,12.592887878417969,66.058349609375,522.900390625,0.0944453125,5.245703125,8.041,
0,6,,,12.592887878417969,66.058349609375,525.1953125000001,0.0944453125,5.245703125,8.075,
0,6,,,12.598037719726562,66.08825683593751,527.2753906250001,0.09448375,5.2458984375,8.11,
0,6,,,12.590599060058594,66.053466796875,529.5703125000001,0.094428125,5.246289062500001,8.144,
0,6,,,12.590599060058594,66.053466796875,531.8750000000001,0.094428125,5.246289062500001,8.178,
0,6,,,12.617301940917969,66.1859130859375,534.1699218750001,0.09462843750000001,5.245703125,8.212,
0,6,,,12.60528564453125,66.12121582031251,536.46484375,0.09453875,5.2455078125000005,8.246,
0,6,,,12.60528564453125,66.12121582031251,538.5546875,0.09453875,5.2455078125000005,8.28,
0,6,,,12.601661682128908,66.114501953125,540.83984375,0.09451125,5.2464843750000005,8.314,
0,6,,,12.603187561035158,66.11511230468751,543.1445312500001,0.094521875,5.2458984375,8.348,
0,6,,,12.603187561035158,66.11511230468751,545.4296875000001,0.094521875,5.2458984375,8.383,
0,6,,,12.596511840820314,66.07666015625001,547.7246093750001,0.09447187500000001,5.245703125,8.418,
0,6,,,12.593841552734375,66.06201171875001,550.0195312500001,0.09445312500000001,5.2455078125000005,8.452,
0,6,,,12.593841552734375,66.06201171875001,552.314453125,0.09455687500000001,5.2455078125000005,8.486,
0,6,,,12.607765197753906,66.1346435546875,554.404296875,0.09455687500000001,5.2455078125000005,8.52,
0,6,,,12.58983612060547,66.0430908203125,556.6894531250001,0.0944225,5.245703125,8.554,
0,6,,,12.58983612060547,66.0430908203125,558.9941406250001,0.09459531250000001,5.245703125,8.588,
0,6,,,12.6129150390625,66.16394042968751,561.2890625000001,0.09459531250000001,5.245703125,8.623,
0,6,,,12.603759765625,66.1163330078125,563.57421875,0.09452687500000001,5.245703125,8.657,
0,6,,,12.603759765625,66.1163330078125,565.869140625,0.09426406250000001,5.245703125,8.691,
0,6,,,12.56866455078125,65.93200683593751,567.94921875,0.09426406250000001,5.245703125,8.725,
0,6,,,12.614631652832033,66.1749267578125,570.2441406250001,0.09460906250000001,5.2458984375,8.76,
0,6,,,12.572288513183594,65.95703125,572.5390625000001,0.0942909375,5.246289062500001,8.794,
0,6,,,12.572288513183594,65.95703125,574.833984375,0.0942909375,5.246289062500001,8.828,
0,6,,,12.621307373046877,66.2005615234375,577.12890625,0.0946590625,5.2451171875,8.862,
0,6,,,12.564659118652344,65.9136962890625,579.4140625,0.09423437500000001,5.2458984375,8.896,
0,6,,,12.564659118652344,65.9136962890625,581.494140625,0.09423437500000001,5.2458984375,8.93,
0,6,,,12.582015991210938,66.00036621093751,583.7890625000001,0.0943646875,5.2455078125000005,8.965,
0,6,,,12.585258483886719,66.025390625,586.083984375,0.0943884375,5.246289062500001,8.999,
0,6,,,12.585258483886719,66.025390625,588.3691406250001,0.0943884375,5.246289062500001,9.033,
0,6,,,12.574958801269533,65.96618652343751,590.6640625,0.09431062500000001,5.2458984375,9.067,
0,6,,,12.599563598632812,66.09619140625,592.958984375,0.09449625,5.2458984375,9.101,
0,6,,,12.599563598632812,66.09619140625,595.0390625,0.09449625,5.2458984375,9.135,
0,6,,,12.58983612060547,66.04614257812501,597.3339843750001,0.0944225,5.24609375,9.169,
0,6,,,12.575531005859377,65.9637451171875,599.6191406250001,0.0943159375,5.245312500000001,9.203,
0,6,,,12.575531005859377,65.9637451171875,601.9140625000001,0.0943159375,5.245312500000001,9.238,
0,6,,,12.590408325195312,66.0430908203125,604.208984375,0.09442750000000001,5.2455078125000005,9.272,
0,6,,,12.577819824218752,65.98388671875001,606.2890625000001,0.09433156250000001,5.24609375,9.306,
0,6,,,12.577819824218752,65.98388671875001,608.583984375,0.09433156250000001,5.24609375,9.34,
0,6,,,12.602615356445314,66.11267089843751,610.8789062500001,0.09451843750000001,5.2458984375,9.374,
0,6,,,12.552833557128906,65.8502197265625,613.1640625000001,0.094144375,5.2458984375,9.408,
0,6,,,12.552833557128906,65.8502197265625,615.4492187500001,0.094144375,5.2458984375,9.442,
0,6,,,12.572097778320314,65.9515380859375,617.7343750000001,0.09429000000000001,5.2458984375,9.477,
0,6,,,12.565994262695314,65.92285156250001,620.0292968750001,0.09424343750000001,5.24609375,9.511,
0,6,,,12.565994262695314,65.92285156250001,622.0996093750001,0.09424343750000001,5.245703125,9.546,
0,6,,,12.53929138183594,65.777587890625,624.3847656250001,0.09404375000000001,5.245703125,9.58,
0,6,,,12.555313110351562,65.86181640625001,626.669921875,0.09416437500000001,5.245703125,9.614,
0,6,,,12.555313110351562,65.86181640625001,628.9648437500001,0.0943584375,5.24609375,9.648,
0,6,,,12.581253051757814,66.002197265625,631.2500000000001,0.0943584375,5.24609375,9.682,
0,6,,,12.543296813964844,65.804443359375,633.3203125000001,0.09407375000000001,5.246289062500001,9.716,
0,6,,,12.543296813964844,65.804443359375,635.6152343750001,0.09413375,5.24609375,9.75,
0,6,,,12.551307678222656,65.84411621093751,637.900390625,0.09413375,5.24609375,9.784,
0,6,,,12.541961669921875,65.80017089843751,640.1855468750001,0.09406375,5.2464843750000005,9.818,
0,6,,,12.541961669921875,65.80017089843751,642.4707031250001,0.09423875000000001,5.245703125,9.852,
0,6,,,12.56542205810547,65.9136962890625,644.5507812500001,0.09423875000000001,5.245703125,9.887,
0,6,,,12.567329406738283,65.92407226562501,646.8359375000001,0.09425375000000001,5.245703125,9.921,
0,6,,,12.567329406738283,65.8233642578125,649.12109375,0.0940996875,5.246289062500001,9.955,
0,6,,,12.546730041503906,65.8233642578125,651.4062500000001,0.0940996875,5.246289062500001,9.989,
0,7,,,12.506484985351562,65.60791015625,660.0585937500001,0.093796875,5.2458984375,10.123,
0,7,,,11.992263793945314,62.9254150390625,662.2558593750001,0.08994093750000001,5.247265625000001,10.158,
0,7,,,11.992263793945314,62.9254150390625,664.4531250000001,0.08994093750000001,5.247265625000001,10.192,
0,7,,,12.055015563964844,63.250732421875,666.6406250000001,0.0904121875,5.246875,10.226,
0,7,,,12.011146545410156,63.02246093750001,668.8281250000001,0.09008218750000001,5.2470703125,10.26,
0,7,,,12.011146545410156,63.02246093750001,671.0156250000001,0.09008218750000001,5.2470703125,10.294,
0,7,,,12.042999267578125,63.19152832031251,673.0273437500001,0.09032125,5.247265625000001,10.329,
0,7,,,12.080764770507812,63.386840820312514,675.2246093750001,0.090604375,5.2470703125,10.363,
0,7,,,12.080764770507812,63.386840820312514,677.4121093750001,0.090604375,5.2470703125,10.397,
0,7,,,12.055587768554688,63.260498046875,679.6191406250001,0.09041562500000001,5.2474609375000005,10.431,
0,7,,,12.055015563964844,63.25439453125001,681.7968750000001,0.09041125000000001,5.2470703125,10.465,
0,7,,,12.055015563964844,63.25439453125001,683.9843750000001,0.09041125000000001,5.2470703125,10.499,
0,7,,,11.986351013183594,62.898559570312514,685.9667968750001,0.089896875,5.2474609375000005,10.533,
0,7,,,11.812210083007812,61.98486328125001,688.1054687500001,0.08859093750000001,5.2474609375000005,10.568,
0,7,,,11.812210083007812,61.98486328125001,690.2246093750001,0.08859093750000001,5.2474609375000005,10.603,
0,7,,,11.693000793457031,61.36291503906251,692.3828125,0.08769687500000001,5.2478515625,10.638,
0,7,,,11.834716796875,62.10998535156251,694.541015625,0.08876,5.248046875,10.672,
0,7,,,11.834716796875,62.10998535156251,696.6894531250001,0.08876,5.247265625000001,10.706,
0,7,,,11.841583251953127,62.135620117187514,698.8769531250001,0.088810625,5.247265625000001,10.741,
0,7,,,12.061119079589844,63.28491210937501,701.0839843750001,0.09045781250000001,5.2470703125,10.775,
0,7,,,12.061119079589844,63.28491210937501,703.2421875000001,0.0892171875,5.24765625,10.809,
0,7,,,11.895751953125,62.4237060546875,705.3710937500001,0.0892171875,5.24765625,10.844,
0,7,,,11.68365478515625,61.31530761718751,707.2949218750001,0.08762562500000001,5.248046875,10.877,
0,7,,,11.68365478515625,61.31530761718751,709.4140625,0.08712781250000001,5.2484375000000005,10.911,
0,7,,,11.617279052734375,60.9710693359375,711.5234375,0.08712781250000001,5.2484375000000005,10.944,
0,7,,,11.577606201171875,60.762329101562514,713.4375000000001,0.08683125000000001,5.248242187500001,10.978,
0,7,,,11.577606201171875,60.762329101562514,715.556640625,0.08694531250000001,5.248242187500001,11.012,
0,7,,,11.592864990234375,60.84045410156251,717.6660156250001,0.08694531250000001,5.248242187500001,11.046,
0,7,,,11.594963073730469,60.8489990234375,719.7753906250001,0.0869615625,5.2478515625,11.08,
0,7,,,11.594963073730469,60.8489990234375,721.6894531250001,0.08673968750000001,5.2478515625,11.115,
0,7,,,11.565399169921875,60.69396972656251,723.8085937500001,0.08673968750000001,5.2478515625,11.149,
0,7,,,11.610603332519531,60.93383789062501,725.9179687500001,0.08707875000000001,5.248046875,11.183,
0,7,,,11.610603332519531,60.93383789062501,728.0371093750001,0.08711312500000001,5.248046875,11.217,
0,7,,,11.615180969238283,60.958251953125014,730.1464843750001,0.08711312500000001,5.248046875,11.252,
0,7,,,11.579132080078125,60.76538085937501,732.255859375,0.0868425,5.2478515625,11.286,
0,7,,,11.608314514160156,60.92651367187501,734.1796875000001,0.08706125,5.2486328125,11.32,
0,7,,,11.608314514160156,60.92651367187501,736.2988281250001,0.08706125,5.2486328125,11.354,
0,7,,,11.6119384765625,60.93566894531251,738.4082031250001,0.08708906250000001,5.24765625,11.388,
0,7,,,11.570930480957031,60.72387695312501,740.5175781250001,0.08678125,5.248046875,11.423,
0,7,,,11.570930480957031,60.72387695312501,742.65625,0.08678125,5.248046875,11.457,
0,7,,,11.683845520019533,61.32019042968751,744.7656250000001,0.087628125,5.248242187500001,11.491,
0,8,,,12.662124633789062,66.42700195312501,753.3984375,0.0949646875,5.246289062500001,11.626,
0,8,,,12.662124633789062,66.42700195312501,755.859375,0.0949646875,5.246289062500001,11.66,
0,8,,,13.532447814941408,70.966796875,758.3300781250001,0.10149218750000001,5.244140625,11.694,
0,8,,,13.541793823242188,71.00524902343751,760.7910156250001,0.10156187500000001,5.2435546875000005,11.728,
0,8,,,13.541793823242188,71.00524902343751,763.2519531250001,0.10156187500000001,5.2435546875000005,11.763,
0,8,,,13.54351043701172,71.01989746093751,765.72265625,0.101575625,5.24375,11.797,
0,8,,,13.558197021484377,71.09802246093751,768.1933593750001,0.10168500000000001,5.2439453125,11.832,
0,8,,,13.558197021484377,71.09802246093751,770.4394531250001,0.10168500000000001,5.2439453125,11.866,
0,8,,,13.559341430664062,71.09375,772.900390625,0.1016940625,5.2431640625,11.9,
0,8,,,13.51909637451172,70.89172363281251,775.3613281250001,0.10139250000000001,5.24375,11.934,
0,8,,,13.51909637451172,70.89172363281251,777.8222656250001,0.10139250000000001,5.24375,11.969,
0,8,,,13.516235351562502,70.875244140625,780.1562500000001,0.10137,5.24375,12.003,
0,8,,,12.220954895019531,64.11926269531251,782.2851562500001,0.09165625000000001,5.246875,12.037,
0,8,,,12.220954895019531,64.11926269531251,784.4335937500001,0.09165625000000001,5.24765625,12.071,
0,8,,,11.814308166503906,61.99707031250001,786.3867187500001,0.08860562500000001,5.24765625,12.105,
0,8,,,11.805534362792969,61.95373535156251,788.5546875,0.08854062500000001,5.2478515625,12.139,
0,8,,,11.805534362792969,61.95373535156251,790.72265625,0.08917968750000001,5.2474609375000005,12.174,
0,8,,,11.89079284667969,62.395019531250014,792.9003906250001,0.08917968750000001,5.2474609375000005,12.208,
0,8,,,11.937332153320312,62.637939453125,795.0683593750001,0.0895284375,5.247265625000001,12.242,
0,8,,,11.937332153320312,62.637939453125,797.0507812500001,0.08973093750000001,5.2474609375000005,12.276,
0,8,,,11.96422576904297,62.78137207031251,799.2285156250001,0.08973093750000001,5.2474609375000005,12.311,
0,8,,,11.985397338867188,62.88635253906251,801.4160156250001,0.0898890625,5.2470703125,12.345,
0,8,,,11.985397338867188,62.79479980468751,803.5937500000001,0.08975031250000001,5.2474609375000005,12.379,
0,8,,,11.966896057128906,62.79479980468751,805.7714843750001,0.08975031250000001,5.2474609375000005,12.413,
0,8,,,11.9873046875,62.90039062500001,807.958984375,0.0899040625,5.247265625000001,12.447,
0,8,,,11.971282958984377,62.819824218750014,809.9414062500001,0.08978406250000001,5.2474609375000005,12.481,
0,8,,,11.971282958984377,62.819824218750014,812.109375,0.08978406250000001,5.2474609375000005,12.515,
0,8,,,11.936950683593752,62.637939453125,814.2871093750001,0.08952625,5.2474609375000005,12.55,
0,8,,,11.933326721191406,62.61962890625,816.4648437500001,0.08949843750000001,5.2474609375000005,12.584,
0,8,,,11.933326721191406,62.61962890625,818.642578125,0.08949843750000001,5.2474609375000005,12.618,
0,8,,,11.958503723144533,62.75024414062501,820.8203125000001,0.0896875,5.247265625000001,12.652,
0,8,,,11.948585510253906,62.6953125,822.79296875,0.08961281250000001,5.2470703125,12.686,
0,9,,,13.199615478515627,69.229736328125,832.1386718750001,0.0989953125,5.244921875,12.821,
0,9,,,13.751411437988283,72.09716796875001,834.677734375,0.1031346875,5.24296875,12.855,
0,10,,,13.301658630371096,69.7613525390625,844.0625000000001,0.09976156250000001,5.2445312500000005,12.99,
0,10,,,13.301658630371096,69.7613525390625,846.5234375,0.09976156250000001,5.2445312500000005,13.025,
0,10,,,13.464546203613281,70.60668945312501,848.9550781250001,0.100983125,5.2439453125,13.059,
0,10,,,13.466072082519531,70.615234375,851.1816406250001,0.10099437500000001,5.2439453125,13.093,
0,10,,,13.466072082519531,70.615234375,853.6328125000001,0.10099437500000001,5.2439453125,13.128,
0,10,,,13.447380065917969,70.52246093750001,856.0742187500001,0.10085406250000001,5.244335937500001,13.162,
0,10,,,13.419532775878908,70.37231445312501,858.5156250000001,0.100645625,5.2439453125,13.196,
0,10,,,13.419532775878908,70.37231445312501,860.927734375,0.100645625,5.2439453125,13.23,
0,11,,,13.007164001464844,68.2159423828125,868.4570312500001,0.0975528125,5.2445312500000005,13.34,
0,11,,,13.007164001464844,68.2159423828125,870.703125,0.0975528125,5.2445312500000005,13.374,
0,11,,,13.586997985839844,71.243896484375,873.18359375,0.10190062500000001,5.2435546875000005,13.408,
0,11,,,13.64879608154297,71.5728759765625,875.6640625000002,0.10236500000000001,5.2439453125,13.442,
0,11,,,13.64879608154297,71.5728759765625,878.134765625,0.10236500000000001,5.2439453125,13.477,
0,12,,,10.922431945800781,57.34619140625001,1.083984375,0.0819178125,5.250195312500001,0.027,
0,12,,,10.922431945800781,57.318115234375,3.0664062500000004,0.08188218750000001,5.25,0.061,
0,12,,,10.91766357421875,57.318115234375,5.058593750000001,0.08188218750000001,5.25,0.095,
0,12,,,10.938262939453125,57.420654296875014,7.060546875,0.08203625,5.249609375,0.129,
0,12,,,11.04393005371094,57.97241210937501,8.896484375000002,0.08282875,5.249218750000001,0.163,
0,12,,,11.04393005371094,57.97241210937501,10.908203125000002,0.08282875,5.249218750000001,0.197,
0,12,,,11.059379577636719,58.056640625,12.929687500000002,0.08294406250000001,5.249609375,0.231,
0,12,,,11.044502258300781,57.9736328125,14.931640625000002,0.08283312500000001,5.2490234375,0.265,
0,12,,,11.044502258300781,57.9736328125,16.767578125,0.08283312500000001,5.2490234375,0.299,
0,12,,,11.040878295898438,57.95654296875001,18.779296875000004,0.08280562500000001,5.249218750000001,0.333,
0,12,,,11.065864562988283,58.09143066406251,20.80078125,0.08299281250000001,5.249609375,0.367,
0,12,,,11.065864562988283,58.09143066406251,22.812500000000004,0.08299281250000001,5.249609375,0.401,
0,12,,,11.059951782226562,58.05419921875001,24.814453125000004,0.0829490625,5.2490234375,0.435,
0,12,,,10.768890380859375,56.53198242187501,26.58203125,0.08076562500000001,5.249609375,0.469,
0,12,,,10.768890380859375,56.53198242187501,28.583984375,0.08076562500000001,5.249609375,0.503,
0,12,,,11.017227172851564,57.83203125000001,30.585937500000007,0.08262781250000001,5.249218750000001,0.537,
0,12,,,10.95848083496094,57.527465820312514,32.58789062500001,0.0821884375,5.249609375,0.571,
0,12,,,10.95848083496094,57.527465820312514,34.39453125000001,0.0821884375,5.249609375,0.605,
0,12,,,10.965919494628906,57.56408691406251,36.41601562500001,0.08224281250000001,5.2494140625000005,0.64,
0,12,,,11.066436767578125,58.09692382812501,38.427734375,0.0829978125,5.2498046875,0.674,
0,12,,,11.066436767578125,58.09692382812501,40.44921875000001,0.0829978125,5.2498046875,0.708,
0,12,,,11.074256896972656,58.1353759765625,42.46093750000001,0.08305625000000001,5.249609375,0.742,
0,12,,,11.06681823730469,58.09448242187501,44.29687500000001,0.08300062500000001,5.2494140625000005,0.776,
0,12,,,11.06681823730469,58.09448242187501,46.30859375000001,0.08300062500000001,5.2494140625000005,0.81,
0,12,,,11.060714721679688,58.06091308593751,48.32031250000001,0.08295468750000001,5.249218750000001,0.844,
0,12,,,11.031150817871094,57.91076660156251,50.33203125,0.082733125,5.2498046875,0.878,
0,12,,,11.031150817871094,57.91076660156251,52.34375,0.082733125,5.2498046875,0.912,
0,12,,,11.031723022460938,57.908935546875014,54.16992187500001,0.0827375,5.2494140625000005,0.946,
0,12,,,11.034202575683594,57.91687011718751,56.18164062500001,0.08275531250000001,5.248828125,0.98,
0,12,,,11.034202575683594,57.91687011718751,58.193359375,0.08275531250000001,5.248828125,1.014,
0,12,,,11.042594909667969,57.965087890625,60.20507812500001,0.0828178125,5.249218750000001,1.048,
0,12,,,11.072349548339844,58.1201171875,62.04101562500001,0.08304156250000001,5.249218750000001,1.082,
0,12,,,11.072349548339844,58.1201171875,64.06250000000001,0.08304156250000001,5.249609375,1.116,
0,12,,,11.095619201660156,58.24707031250001,66.083984375,0.0832159375,5.249609375,1.15,
0,12,,,11.093711853027344,58.233642578125,68.10546875000001,0.08320187500000001,5.249218750000001,1.184,
0,12,,,11.093711853027344,58.233642578125,69.90234375000001,0.08320187500000001,5.2494140625000005,1.217,
0,12,,,10.923957824707031,57.344360351562514,71.89453125,0.0819284375,5.2494140625000005,1.251,
0,12,,,10.941123962402344,57.43896484375001,73.90625,0.0820571875,5.2498046875,1.285,
0,12,,,10.941123962402344,57.43896484375001,75.89843750000001,0.0825275,5.249609375,1.319,
0,12,,,11.003875732421877,57.76428222656251,77.890625,0.0825275,5.249609375,1.353,
0,12,,,10.891723632812502,57.16918945312501,79.70703125,0.08168750000000001,5.248828125,1.387,
0,12,,,10.891723632812502,57.16918945312501,81.71875,0.0829765625,5.2494140625000005,1.421,
0,12,,,11.063575744628906,58.07800292968751,83.72070312500001,0.0829765625,5.2494140625000005,1.455,
0,12,,,11.008453369140625,57.78808593750001,85.72265625000001,0.0825615625,5.249609375,1.489,
0,12,,,11.008453369140625,57.78808593750001,87.53906250000001,0.08163843750000001,5.2498046875,1.523,
0,12,,,10.885238647460938,57.14477539062501,89.48242187500001,0.08163843750000001,5.2498046875,1.557,
0,12,,,10.680770874023438,56.0736083984375,91.41601562500001,0.08010531250000001,5.25,1.591,
0,12,,,10.680770874023438,56.0736083984375,93.35937500000001,0.0797521875,5.2505859375,1.625,
0,12,,,10.633659362792969,55.8319091796875,95.1171875,0.0797521875,5.2505859375,1.659,
0,12,,,10.622596740722656,55.77148437500001,97.05078125000001,0.07966906250000001,5.250195312500001,1.694,
0,12,,,10.630035400390627,55.80810546875001,98.994140625,0.079725,5.25,1.728,
0,12,,,10.630035400390627,55.80810546875001,100.91796875000001,0.079725,5.25,1.762,
0,12,,,10.576438903808594,55.5328369140625,102.84179687500001,0.07932312500000001,5.2505859375,1.796,
0,12,,,10.520553588867188,55.2337646484375,104.75585937500001,0.0789034375,5.250195312500001,1.83,
0,12,,,10.520553588867188,55.2337646484375,106.49414062500001,0.0789034375,5.250195312500001,1.864,
0,12,,,10.484886169433594,55.0531005859375,108.40820312500001,0.07863531250000001,5.25078125,1.898,
0,12,,,10.459518432617188,54.9139404296875,110.31250000000003,0.07844593750000001,5.250195312500001,1.932,
0,12,,,10.459518432617188,54.9139404296875,112.21679687500003,0.07844593750000001,5.250195312500001,1.966,
0,12,,,10.48259735107422,55.037841796875,113.95507812500001,0.07861843750000001,5.2503906250000005,2.0,
0,12,,,10.466766357421875,54.95605468750001,115.85937500000001,0.07849906250000001,5.2505859375,2.034,
0,12,,,10.466766357421875,54.95605468750001,117.77343750000001,0.07849906250000001,5.2505859375,2.068,
0,12,,,10.480117797851562,55.02746582031251,119.68750000000001,0.07860062500000001,5.2505859375,2.102,
0,12,,,10.505104064941408,55.16357421875001,121.42578125000001,0.07878750000000001,5.251171875000001,2.136,
0,12,,,10.505104064941408,55.16357421875001,123.33984375000001,0.07878750000000001,5.251171875000001,2.17,
0,12,,,10.495758056640625,55.10986328125001,125.244140625,0.0787165625,5.25078125,2.204,
0,12,,,10.485076904296877,55.055541992187514,127.15820312500001,0.0786378125,5.25078125,2.238,
0,12,,,10.485076904296877,55.055541992187514,129.08203125000003,0.0786378125,5.25078125,2.272,
0,12,,,10.506629943847656,55.1629638671875,130.81054687500003,0.0787996875,5.2503906250000005,2.306,
0,12,,,10.469436645507812,54.96948242187501,132.71484375,0.07852,5.2503906250000005,2.34,
0,12,,,10.469436645507812,54.96948242187501,134.638671875,0.07852,5.2503906250000005,2.374,
0,12,,,10.520362854003908,55.2301025390625,136.572265625,0.07890125,5.25,2.408,
0,12,,,10.616493225097656,55.7403564453125,138.330078125,0.0796228125,5.2503906250000005,2.442,
0,12,,,10.616493225097656,55.7403564453125,140.27343750000003,0.0796228125,5.2503906250000005,2.476,
0,12,,,10.656166076660158,55.941162109375,142.22656250000003,0.07992,5.2498046875,2.51,
0,12,,,10.729217529296877,56.32751464843751,144.16992187500003,0.08046875,5.25,2.544,
0,12,,,10.729217529296877,56.32751464843751,146.11328125,0.08046875,5.25,2.578,
0,12,,,10.629844665527344,55.812377929687514,147.88085937500003,0.0797221875,5.2505859375,2.612,
0,12,,,10.665130615234375,55.9906005859375,149.82421875000003,0.07998812500000001,5.2498046875,2.646,
0,12,,,10.665130615234375,55.9906005859375,151.76757812500003,0.07998812500000001,5.2498046875,2.68,
0,12,,,10.68859100341797,56.11145019531251,153.72070312500003,0.0801634375,5.249609375,2.714,
0,12,,,10.695648193359375,56.15295410156251,155.48828125000003,0.0802159375,5.250195312500001,2.749,
0,12,,,10.695648193359375,56.15295410156251,157.44140625000003,0.0802159375,5.2498046875,2.783,
0,12,,,10.696983337402344,56.15661621093751,159.39453125000003,0.08022625000000001,5.2498046875,2.817,
0,12,,,10.698318481445312,56.17248535156251,161.33789062500003,0.08023656250000001,5.2505859375,2.851,
0,12,,,10.698318481445312,56.17248535156251,163.29101562500003,0.0802990625,5.249609375,2.885,
0,12,,,10.70671081542969,56.20605468750001,165.06835937500003,0.0802990625,5.249609375,2.919,
0,12,,,10.710906982421875,56.23229980468751,167.02148437500003,0.080330625,5.25,2.953,
0,12,,,10.710906982421875,56.23229980468751,168.96484375,0.0803140625,5.2505859375,2.987,
0,12,,,10.708618164062502,56.2255859375,170.91796875,0.0803140625,5.2505859375,3.021,
0,12,,,10.72063446044922,56.28234863281251,172.87109375,0.080403125,5.25,3.055,
0,12,,,10.72063446044922,56.28234863281251,174.64843750000003,0.08040843750000001,5.250195312500001,3.089,
0,12,,,10.721206665039062,56.28784179687501,176.60156250000003,0.08040843750000001,5.250195312500001,3.123,
0,12,,,10.722160339355469,56.29272460937501,178.55468750000003,0.0804153125,5.250195312500001,3.157,
0,12,,,10.722160339355469,56.29272460937501,180.51757812500003,0.08043875,5.250195312500001,3.191,
0,12,,,10.725212097167969,56.3104248046875,182.29492187500003,0.08043875,5.250195312500001,3.225,
0,12,,,10.720062255859377,56.27929687500001,184.24804687500003,0.08039937500000001,5.25,3.259,
0,12,,,10.720062255859377,56.27929687500001,186.20117187500003,0.08060125000000001,5.250195312500001,3.293,
0,12,,,10.746955871582031,56.4239501953125,188.16406250000003,0.08060125000000001,5.250195312500001,3.327,
0,12,,,10.719680786132814,56.28112792968751,189.91210937500003,0.0803965625,5.2503906250000005,3.361,
0,12,,,10.57090759277344,55.5078125,191.84570312500003,0.0792815625,5.2509765625,3.395,
0,12,,,10.57090759277344,55.5078125,193.77929687500003,0.0792815625,5.2509765625,3.429,
0,12,,,10.577392578125,55.538330078125,195.703125,0.07933000000000001,5.2505859375,3.463,
0,12,,,10.56041717529297,55.45349121093751,197.626953125,0.07920218750000001,5.251171875000001,3.497,
0,12,,,10.56041717529297,55.45349121093751,199.38476562500003,0.07920218750000001,5.251171875000001,3.531,
0,12,,,10.610008239746096,55.705566406250014,201.318359375,0.07957343750000001,5.2503906250000005,3.565,
0,12,,,10.588264465332031,55.59326171875,203.24218750000003,0.0794109375,5.2505859375,3.598,
0,12,,,10.588264465332031,55.59326171875,205.16601562500003,0.0794109375,5.2505859375,3.633,
0,12,,,10.549163818359375,55.38391113281251,206.91406250000003,0.07911781250000001,5.250195312500001,3.666,
0,12,,,10.470962524414062,54.9798583984375,208.81835937500003,0.07853156250000001,5.25078125,3.7,
0,12,,,10.470962524414062,54.9798583984375,210.73242187500003,0.07853156250000001,5.25078125,3.734,
0,12,,,10.491180419921877,55.08483886718751,212.63671875,0.0786828125,5.2505859375,3.768,
0,12,,,10.470008850097656,54.97009277343751,214.37500000000003,0.0785240625,5.2503906250000005,3.803,
0,12,,,10.470008850097656,54.97009277343751,216.27929687500003,0.0785240625,5.2503906250000005,3.837,
0,12,,,10.494041442871096,55.09765625000001,218.20312500000003,0.07870468750000001,5.2503906250000005,3.871,
0,12,,,10.530853271484377,55.29052734375001,220.1171875,0.07898125,5.2503906250000005,3.905,
0,12,,,10.530853271484377,55.29052734375001,222.05078125000003,0.07898125,5.2503906250000005,3.939,
0,12,,,10.592079162597656,55.6085205078125,223.99414062500003,0.0794390625,5.25,3.973,
0,12,,,10.603523254394531,55.67138671875001,225.7421875,0.079525625,5.2503906250000005,4.007,
0,12,,,10.603523254394531,55.67138671875001,227.66601562500003,0.079525625,5.2503906250000005,4.041,
0,12,,,10.545730590820312,55.3704833984375,229.58984375000003,0.07909281250000001,5.2505859375,4.075,
0,12,,,10.555267333984375,55.421752929687514,231.51367187500006,0.07916375,5.2505859375,4.109,
0,12,,,10.555267333984375,55.421752929687514,233.25195312500003,0.07916375,5.2505859375,4.143,
0,12,,,10.5224609375,55.247802734375014,235.17578125000006,0.07891718750000001,5.2505859375,4.177,
0,12,,,10.542678833007814,55.35400390625001,237.08984375000003,0.07906875000000001,5.2505859375,4.211,
0,12,,,10.542678833007814,55.35400390625001,239.013671875,0.07906875000000001,5.2505859375,4.245,
0,12,,,10.538101196289062,55.33203125000001,240.76171875000003,0.0790346875,5.25078125,4.279,
0,12,,,10.54039001464844,55.34484863281251,242.68554687500006,0.07905250000000001,5.25078125,4.313,
0,12,,,10.54039001464844,55.34484863281251,244.59960937500003,0.07905250000000001,5.25078125,4.347,
0,12,,,10.528564453125,55.2801513671875,246.52343750000003,0.07896343750000001,5.2505859375,4.381,
0,12,,,10.567092895507814,55.48095703125,248.28125,0.0792525,5.2503906250000005,4.415,
0,12,,,10.567092895507814,55.48095703125,250.21484375000003,0.0792525,5.2503906250000005,4.449,
0,12,,,10.617446899414062,55.74523925781251,252.138671875,0.079629375,5.2503906250000005,4.483,
0,12,,,10.54649353027344,55.37109375,254.06250000000003,0.07909843750000001,5.250195312500001,4.517,
0,12,,,10.54649353027344,55.37109375,255.98632812500006,0.07909843750000001,5.2503906250000005,4.551,
0,12,,,10.545730590820312,55.36865234375001,257.724609375,0.07909281250000001,5.2503906250000005,4.585,
0,12,,,10.527992248535158,55.27526855468751,259.64843750000006,0.07895875000000001,5.2503906250000005,4.619,
0,12,,,10.527992248535158,55.27526855468751,261.56250000000006,0.07901250000000001,5.25078125,4.653,
0,12,,,10.535049438476564,55.31677246093751,263.48632812500006,0.07901250000000001,5.25078125,4.687,
0,12,,,10.538482666015627,55.33203125000001,265.234375,0.079038125,5.2505859375,4.721,
0,12,,,10.538482666015627,55.33203125000001,267.14843750000006,0.07896531250000001,5.25,4.755,
0,12,,,10.528755187988281,55.27648925781251,269.07226562500006,0.07896531250000001,5.25,4.789,
0,12,,,10.530662536621094,55.28930664062501,270.986328125,0.078979375,5.2503906250000005,4.823,
0,12,,,10.530662536621094,55.28930664062501,272.73437500000006,0.07909437500000001,5.25078125,4.857,
0,12,,,10.546112060546877,55.3741455078125,274.658203125,0.07909437500000001,5.25078125,4.891,
0,12,,,10.53276062011719,55.30517578125001,276.57226562500006,0.07899500000000001,5.25078125,4.925,
0,12,,,10.53276062011719,55.21545410156251,278.486328125,0.0788728125,5.2503906250000005,4.959,
0,12,,,10.516548156738283,55.21545410156251,280.41015625000006,0.0788728125,5.2503906250000005,4.993,
0,12,,,10.517311096191406,55.22521972656251,282.32421875,0.0788790625,5.2509765625,5.027,
0,12,,,10.52837371826172,55.2801513671875,284.07226562500006,0.0789625,5.2505859375,5.061,
0,12,,,10.52837371826172,55.2801513671875,285.986328125,0.0789625,5.2505859375,5.095,
0,12,,,10.519981384277344,55.23742675781251,287.90039062500006,0.0788990625,5.25078125,5.129,
0,12,,,10.491943359375,55.09338378906251,289.81445312500006,0.07868875,5.2509765625,5.163,
0,12,,,10.491943359375,55.09338378906251,291.552734375,0.07868875,5.2509765625,5.197,
0,12,,,10.476303100585938,55.009765625000014,293.46679687500006,0.07857156250000001,5.2509765625,5.231,
0,12,,,10.50987243652344,55.17883300781251,295.380859375,0.07882343750000001,5.250195312500001,5.265,
0,12,,,10.50987243652344,55.17883300781251,297.28515625,0.07882343750000001,5.250195312500001,5.299,
0,12,,,10.49041748046875,55.0836181640625,299.19921875000006,0.07867718750000001,5.2509765625,5.333,
0,12,,,10.487174987792969,55.06713867187501,300.93750000000006,0.07865218750000001,5.2509765625,5.367,
0,12,,,10.487174987792969,55.06713867187501,302.86132812500006,0.07865218750000001,5.2509765625,5.401,
0,12,,,10.519790649414064,55.23071289062501,304.76562500000006,0.078896875,5.250195312500001,5.435,
0,12,,,10.550880432128908,55.39672851562501,306.69921875000006,0.07913093750000001,5.2503906250000005,5.469,
0,12,,,10.550880432128908,55.39672851562501,308.46679687500006,0.07913093750000001,5.2503906250000005,5.503,
0,12,,,10.655784606933596,55.94665527343751,310.41015625000006,0.0799178125,5.2503906250000005,5.537,
0,12,,,10.66722869873047,56.00646972656251,312.353515625,0.0800025,5.2503906250000005,5.571,
0,12,,,10.66722869873047,56.00646972656251,314.28710937500006,0.0800025,5.2503906250000005,5.605,
0,12,,,10.62145233154297,55.7611083984375,316.04492187500006,0.07966031250000001,5.2498046875,5.639,
0,12,,,10.588264465332031,55.587158203125,317.97851562500006,0.07941062500000001,5.25,5.673,
0,12,,,10.588264465332031,55.587158203125,319.90234375000006,0.07941062500000001,5.25,5.707,
0,12,,,10.590744018554688,55.60729980468751,321.84570312500006,0.07943,5.2505859375,5.741,
0,12,,,10.640907287597658,55.86547851562501,323.779296875,0.079805625,5.250195312500001,5.775,
0,12,,,10.640907287597658,55.86547851562501,325.54687500000006,0.079805625,5.250195312500001,5.809,
0,12,,,10.651397705078127,55.92712402343751,327.490234375,0.07988468750000001,5.25078125,5.843,
0,12,,,10.683250427246094,56.09008789062501,329.43359375000006,0.08012375000000001,5.250195312500001,5.877,
0,12,,,10.683250427246094,56.09008789062501,331.37695312500006,0.08012375000000001,5.250195312500001,5.912,
0,12,,,10.655784606933596,55.9442138671875,333.32031250000006,0.079918125,5.250195312500001,5.946,
0,12,,,10.624885559082031,55.78674316406251,335.07812500000006,0.0796865625,5.2505859375,5.98,
0,12,,,10.624885559082031,55.78674316406251,337.02148437500006,0.0796865625,5.2505859375,6.014,
0,12,,,10.649871826171875,55.91735839843751,338.95507812500006,0.0798728125,5.2505859375,6.048,
0,12,,,10.626602172851564,55.79284667968751,340.88867187500006,0.079699375,5.250195312500001,6.082,
0,12,,,10.626602172851564,55.79284667968751,342.65625000000006,0.079699375,5.2505859375,6.116,
0,12,,,10.619544982910158,55.758056640625,344.58984375000006,0.0796459375,5.2505859375,6.15,
0,12,,,10.634613037109375,55.83740234375,346.533203125,0.0797584375,5.2505859375,6.184,
0,12,,,10.634613037109375,55.83740234375,348.46679687500006,0.07972125000000001,5.2503906250000005,6.218,
0,12,,,10.629653930664062,55.80932617187501,350.40039062500006,0.07972125000000001,5.2503906250000005,6.252,
0,12,,,10.619163513183594,55.75439453125001,352.15820312500006,0.0796421875,5.2503906250000005,6.286,
0,12,,,10.619163513183594,55.75439453125001,354.09179687500006,0.0795765625,5.25,6.32,
0,12,,,10.610389709472658,55.70495605468751,356.02539062500006,0.0795765625,5.25,6.354,
0,12,,,10.60752868652344,55.69274902343751,357.958984375,0.079555625,5.2503906250000005,6.388,
0,12,,,10.60752868652344,55.69274902343751,359.716796875,0.07956906250000001,5.2498046875,6.422,
0,12,,,10.609245300292969,55.697021484375,361.65039062500006,0.07956906250000001,5.2498046875,6.456,
0,12,,,10.601234436035156,55.65673828125001,363.58398437500006,0.0795084375,5.25,6.49,
0,12,,,10.601234436035156,55.65673828125001,365.50781250000006,0.0795065625,5.2503906250000005,6.524,
0,12,,,10.601043701171875,55.65795898437501,367.44140625000006,0.0795065625,5.2503906250000005,6.558,
0,12,,,10.608863830566406,55.69580078125001,369.19921875000006,0.07956500000000001,5.25,6.592,
0,12,,,10.608863830566406,55.63232421875001,371.1328125,0.07946312500000001,5.25078125,6.626,
0,12,,,10.595130920410158,55.63232421875001,373.06640625000006,0.07946312500000001,5.25078125,6.66,
0,12,,,10.603332519531252,55.6640625,375.0,0.07952375,5.2498046875,6.694,
0,12,,,10.594940185546875,55.6268310546875,376.748046875,0.07946093750000001,5.2503906250000005,6.728,
0,12,,,10.594940185546875,55.6268310546875,378.68164062500006,0.07946093750000001,5.2503906250000005,6.762,
0,12,,,10.590171813964844,55.598754882812514,380.615234375,0.0794259375,5.25,6.796,
0,12,,,10.604095458984375,55.6768798828125,382.548828125,0.0795296875,5.2505859375,6.83,
0,12,,,10.604095458984375,55.6768798828125,384.29687500000006,0.0795296875,5.2505859375,6.864,
0,12,,,10.602188110351562,55.6634521484375,386.24023437500006,0.0795153125,5.250195312500001,6.898,
0,12,,,10.65196990966797,55.92468261718751,388.18359375,0.0798884375,5.250195312500001,6.932,
0,12,,,10.65196990966797,55.92468261718751,390.1171875,0.0798884375,5.250195312500001,6.967,
0,12,,,10.663986206054688,55.986328125000014,392.060546875,0.07997875,5.25,7.001,
0,12,,,10.618782043457031,55.74768066406251,393.99414062500006,0.079640625,5.2498046875,7.035,
0,12,,,10.618782043457031,55.74768066406251,395.751953125,0.079640625,5.2498046875,7.069,
0,12,,,10.592460632324219,55.61035156250001,397.685546875,0.0794428125,5.25,7.103,
0,12,,,10.603523254394531,55.67321777343751,399.60937500000006,0.0795259375,5.2503906250000005,7.137,
0,12,,,10.603523254394531,55.67321777343751,401.54296875000006,0.0795259375,5.2503906250000005,7.171,
0,12,,,10.582351684570314,55.556640625,403.291015625,0.0793671875,5.25,7.205,
0,12,,,10.568428039550783,55.48461914062501,405.22460937500006,0.07926187500000001,5.250195312500001,7.239,
0,12,,,10.568428039550783,55.48461914062501,407.1484375,0.07926187500000001,5.250195312500001,7.273,
0,12,,,10.575485229492188,55.51940917968751,409.0722656250001,0.07931531250000001,5.2498046875,7.307,
0,12,,,10.566139221191408,55.4742431640625,410.99609375000006,0.079244375,5.2503906250000005,7.341,
0,12,,,10.566139221191408,55.4742431640625,412.74414062500006,0.079244375,5.2503906250000005,7.375,
0,12,,,10.550117492675781,55.39001464843751,414.66796875,0.07912437500000001,5.250195312500001,7.409,
0,12,,,10.487937927246096,55.06408691406251,416.572265625,0.078659375,5.250195312500001,7.443,
0,12,,,10.487937927246096,55.06408691406251,418.4765625,0.078659375,5.250195312500001,7.477,
0,12,,,10.444068908691408,54.83825683593751,420.21484375,0.078329375,5.25078125,7.511,
0,12,,,10.531997680664062,55.299682617187514,422.12890625000006,0.078989375,5.2505859375,7.545,
0,12,,,10.531997680664062,55.299682617187514,424.04296875,0.078989375,5.2505859375,7.579,
0,12,,,10.505294799804688,55.15869140625001,425.95703125000006,0.07878875,5.2505859375,7.613,
0,12,,,10.499191284179688,55.1275634765625,427.705078125,0.07874281250000001,5.25078125,7.647,
0,12,,,10.499191284179688,55.1275634765625,429.609375,0.07874281250000001,5.2503906250000005,7.681,
0,12,,,10.495758056640625,55.10742187500001,431.52343750000006,0.07871718750000001,5.2503906250000005,7.715,
0,12,,,10.502624511718752,55.142822265625,433.4375000000001,0.07876812500000001,5.2503906250000005,7.749,
0,12,,,10.502624511718752,55.142822265625,435.36132812500006,0.07876812500000001,5.2503906250000005,7.783,
0,12,,,10.509109497070312,55.17639160156251,437.0996093750001,0.07881718750000001,5.2503906250000005,7.817,
0,12,,,10.516929626464846,55.2239990234375,439.013671875,0.078875625,5.2509765625,7.851,
0,12,,,10.516929626464846,55.2239990234375,440.9375,0.07897343750000001,5.2503906250000005,7.885,
0,12,,,10.52989959716797,55.28625488281251,442.841796875,0.07897343750000001,5.2503906250000005,7.919,
0,12,,,10.502433776855469,55.14587402343751,444.58984375000006,0.0787671875,5.25078125,7.953,
0,12,,,10.502433776855469,55.14587402343751,446.513671875,0.0790384375,5.2503906250000005,7.987,
0,12,,,10.538482666015627,55.330810546875,448.43750000000006,0.0790384375,5.2503906250000005,8.021,
0,12,,,10.527038574218752,55.27404785156251,450.35156250000006,0.0789515625,5.25078125,8.055,
0,12,,,10.527038574218752,55.27404785156251,452.25585937500006,0.0786865625,5.25078125,8.089,
0,12,,,10.491561889648438,55.0897216796875,453.9941406250001,0.0786865625,5.25078125,8.123,
0,12,,,10.477447509765627,55.0164794921875,455.908203125,0.078580625,5.2509765625,8.157,
0,12,,,10.477447509765627,55.142822265625,457.82226562500006,0.07876437500000001,5.25078125,8.191,
0,12,,,10.502052307128906,55.142822265625,459.736328125,0.07876437500000001,5.25078125,8.225,
0,12,,,10.53600311279297,55.31677246093751,461.669921875,0.0790190625,5.2503906250000005,8.259,
0,12,,,10.654449462890625,55.94360351562501,463.43750000000006,0.0799075,5.25078125,8.293,
0,12,,,10.654449462890625,55.94360351562501,465.380859375,0.0799075,5.25078125,8.327,
0,12,,,10.639190673828125,55.85632324218751,467.31445312500006,0.079793125,5.25,8.361,
0,12,,,10.633087158203125,55.82275390625,469.2578125,0.07974687500000001,5.25,8.395,
0,12,,,10.633087158203125,55.82275390625,471.015625,0.07974687500000001,5.25,8.429,
0,12,,,10.628128051757814,55.80017089843751,472.94921875,0.07971,5.250195312500001,8.463,
0,12,,,10.627937316894531,55.79589843750001,474.88281250000006,0.07970875000000001,5.25,8.497,
0,12,,,10.627937316894531,55.79589843750001,476.826171875,0.07970875000000001,5.25,8.531,
0,12,,,10.651588439941406,55.92712402343751,478.59375000000006,0.07988656250000001,5.2505859375,8.565,
0,12,,,10.645484924316406,55.889892578125,480.5371093750001,0.07984000000000001,5.250195312500001,8.599,
0,12,,,10.645484924316406,55.889892578125,482.470703125,0.07984000000000001,5.250195312500001,8.633,
0,12,,,10.642433166503908,55.87219238281251,484.40429687500006,0.07981750000000001,5.25,8.667,
0,12,,,10.614204406738283,55.726928710937514,486.3476562500001,0.07960531250000001,5.250195312500001,8.701,
0,12,,,10.614204406738283,55.726928710937514,488.1054687500001,0.07960531250000001,5.250195312500001,8.735,
0,12,,,10.616111755371096,55.73974609375,490.0390625,0.079619375,5.2505859375,8.769,
0,12,,,10.646629333496096,55.894775390625014,491.98242187500006,0.079848125,5.25,8.803,
0,12,,,10.646629333496096,55.894775390625014,493.9160156250001,0.079848125,5.25,8.837,
0,12,,,10.635948181152344,55.84228515625001,495.6738281250001,0.07976875000000001,5.2503906250000005,8.871,
0,12,,,10.588073730468752,55.5938720703125,497.607421875,0.07941031250000001,5.2505859375,8.905,
0,12,,,10.588073730468752,55.5938720703125,499.55078125000006,0.07941031250000001,5.2505859375,8.939,
0,12,,,10.656547546386719,55.94909667968751,501.49414062500006,0.07992375,5.250195312500001,8.973,
0,12,,,10.676765441894533,56.05346679687501,503.26171875000006,0.0800740625,5.250195312500001,9.007,
0,12,,,10.676765441894533,56.05346679687501,505.18554687500006,0.0800740625,5.250195312500001,9.041,
0,12,,,10.597991943359377,55.6396484375,507.12890625000006,0.07948375,5.25,9.076,
0,12,,,10.59722900390625,55.6396484375,509.0527343750001,0.07947812500000001,5.2503906250000005,9.11,
0,12,,,10.59722900390625,55.6396484375,510.9765625000001,0.07947812500000001,5.2503906250000005,9.144,
0,12,,,10.571861267089846,55.507202148437514,512.9101562500001,0.0792884375,5.2503906250000005,9.178,
0,12,,,10.598945617675783,55.65246582031251,514.6679687500001,0.07949062500000001,5.25078125,9.212,
0,12,,,10.598945617675783,55.65246582031251,516.5917968750001,0.07949062500000001,5.2503906250000005,9.246,
0,12,,,10.586357116699219,55.58288574218751,518.53515625,0.079396875,5.2503906250000005,9.28,
0,12,,,10.649681091308594,55.91857910156251,520.4785156250001,0.07987125,5.25078125,9.314,
0,12,,,10.649681091308594,55.91857910156251,522.2363281250001,0.07987125,5.2505859375,9.348,
0,12,,,10.656738281250002,55.95458984375001,524.1894531250001,0.07992531250000001,5.2505859375,9.382,
0,12,,,10.667610168457033,56.00463867187501,526.123046875,0.08000531250000001,5.25,9.416,
0,12,,,10.667610168457033,56.00463867187501,528.0664062500001,0.07984031250000001,5.250195312500001,9.45,
0,12,,,10.645484924316406,55.89111328125001,530.009765625,0.07984031250000001,5.250195312500001,9.484,
0,12,,,10.663223266601562,55.98510742187501,531.7773437500001,0.07997375000000001,5.250195312500001,9.518,
0,12,,,10.663223266601562,55.98510742187501,533.7207031250001,0.0800296875,5.250195312500001,9.552,
0,12,,,10.670661926269531,56.02294921875001,535.6640625000001,0.0800296875,5.250195312500001,9.586,
0,12,,,10.643959045410156,55.88073730468751,537.59765625,0.0798284375,5.25,9.62,
0,12,,,10.643959045410156,55.88073730468751,539.375,0.08000093750000001,5.25,9.654,
0,12,,,10.666847229003906,55.999755859375,541.3085937500001,0.08000093750000001,5.25,9.688,
0,12,,,10.660552978515627,55.9686279296875,543.2519531250001,0.0799534375,5.25,9.722,
0,12,,,10.660552978515627,55.9686279296875,545.1953125000001,0.07981656250000001,5.25,9.756,
0,12,,,10.642433166503908,55.87158203125001,547.1289062500001,0.07981656250000001,5.25,9.79,
0,12,,,10.617637634277346,55.74523925781251,548.8867187500001,0.07963125,5.250195312500001,9.824,
0,12,,,10.617637634277346,55.82092285156251,550.8300781250001,0.07974062500000001,5.250195312500001,9.858,
0,12,,,10.632133483886719,55.82092285156251,552.7636718750001,0.07974062500000001,5.250195312500001,9.892,
0,12,,,10.631370544433596,55.82153320312501,554.6972656250001,0.07973406250000001,5.25078125,9.926,
0,12,,,10.649299621582031,55.91247558593751,556.46484375,0.0798690625,5.2503906250000005,9.96,
0,12,,,10.649299621582031,55.91247558593751,558.4082031250001,0.0798690625,5.2503906250000005,9.994,
0,13,,,10.583114624023438,55.56396484375001,565.9277343750001,0.0793728125,5.250195312500001,10.128,
0,13,,,10.23521423339844,53.74572753906251,567.7929687500001,0.07676218750000001,5.251171875000001,10.162,
0,13,,,10.23521423339844,53.74572753906251,569.4921875000001,0.07676218750000001,5.251171875000001,10.196,
0,13,,,10.248756408691406,53.8177490234375,571.357421875,0.0768646875,5.251171875000001,10.231,
0,13,,,10.228347778320312,53.7078857421875,573.22265625,0.0767121875,5.2509765625,10.265,
0,13,,,10.228347778320312,53.7078857421875,575.078125,0.0767121875,5.2509765625,10.299,
0,13,,,10.199165344238281,53.56140136718751,576.9531250000001,0.0764921875,5.2515625,10.333,
0,13,,,10.326194763183596,54.21752929687501,578.6621093750001,0.07744625000000001,5.2503906250000005,10.367,
0,13,,,10.326194763183596,54.21752929687501,580.5371093750001,0.07744625000000001,5.2503906250000005,10.401,
0,13,,,10.297012329101562,54.0704345703125,582.421875,0.07722625000000001,5.251171875000001,10.435,
0,13,,,10.33935546875,54.290771484375,584.306640625,0.07754375000000001,5.2509765625,10.469,
0,13,,,10.33935546875,54.290771484375,586.005859375,0.07754375000000001,5.2509765625,10.503,
0,13,,,10.297203063964846,54.0704345703125,587.890625,0.0772278125,5.2509765625,10.537,
0,13,,,10.301780700683594,54.09301757812501,589.7656250000001,0.0772628125,5.2509765625,10.571,
0,13,,,10.301780700683594,54.09301757812501,591.640625,0.0772628125,5.2509765625,10.605,
0,13,,,10.267257690429688,53.91235351562501,593.5156250000001,0.07700375000000001,5.2509765625,10.639,
0,13,,,10.326576232910156,54.225463867187514,595.2246093750001,0.07744906250000001,5.2509765625,10.673,
0,13,,,10.326576232910156,54.225463867187514,597.0996093750001,0.07744906250000001,5.2509765625,10.707,
0,13,,,10.30387878417969,54.1046142578125,598.984375,0.077278125,5.2509765625,10.741,
0,13,,,10.318374633789062,54.1802978515625,600.8593750000001,0.07738750000000001,5.25078125,10.775,
0,13,,,10.318374633789062,54.1802978515625,602.5683593750001,0.07738750000000001,5.25078125,10.809,
0,13,,,10.32524108886719,54.21936035156251,604.453125,0.07743781250000001,5.251171875000001,10.843,
0,13,,,10.303115844726562,54.10278320312501,606.3281250000001,0.0772721875,5.251171875000001,10.877,
0,13,,,10.303115844726562,54.10278320312501,608.2031250000001,0.0772721875,5.251171875000001,10.911,
0,13,,,10.30101776123047,54.09057617187501,609.9121093750001,0.077256875,5.2509765625,10.945,
0,13,,,10.308074951171877,54.12597656250001,611.7871093750001,0.077309375,5.25078125,10.979,
0,13,,,10.308074951171877,54.12597656250001,613.6718750000001,0.077309375,5.25078125,11.013,
0,13,,,10.31150817871094,54.14733886718751,615.5468750000001,0.077335625,5.251171875000001,11.047,
0,13,,,10.293197631835938,54.04541015625001,617.4218750000001,0.0771975,5.25078125,11.081,
0,13,,,10.293197631835938,54.04541015625001,619.140625,0.0771975,5.2505859375,11.115,
0,13,,,10.301589965820312,54.0899658203125,620.9960937500001,0.0772609375,5.2505859375,11.149,
0,13,,,10.207557678222658,53.59680175781251,622.8613281250001,0.0765559375,5.25078125,11.183,
0,13,,,10.207557678222658,53.59680175781251,624.716796875,0.0766303125,5.251171875000001,11.217,
0,13,,,10.217475891113283,53.65295410156251,626.416015625,0.0766303125,5.251171875000001,11.251,
0,13,,,10.232925415039062,53.73046875000001,628.2812500000001,0.0767459375,5.25078125,11.286,
0,13,,,10.232925415039062,53.73046875000001,630.1464843750001,0.07688062500000001,5.2517578125,11.32,
0,13,,,10.250854492187502,53.834838867187514,632.021484375,0.07688062500000001,5.2517578125,11.354,
0,13,,,10.23082733154297,53.7237548828125,633.88671875,0.07673062500000001,5.251171875000001,11.388,
0,13,,,10.23082733154297,53.7237548828125,635.5859375000001,0.076965,5.2509765625,11.422,
0,13,,,10.262107849121094,53.88549804687501,637.4609375000001,0.076965,5.2509765625,11.456,
0,13,,,10.267829895019531,53.920288085937514,639.3261718750001,0.07700781250000001,5.2513671875000005,11.49,
0,13,,,10.267829895019531,53.920288085937514,641.2011718750001,0.07702875,5.251171875000001,11.524,
0,13,,,10.27069091796875,53.93310546875,643.06640625,0.07702875,5.251171875000001,11.558,
0,13,,,10.238075256347658,53.76342773437501,644.755859375,0.0767846875,5.2513671875000005,11.592,
0,13,,,10.238075256347658,53.57177734375001,646.6210937500001,0.0765115625,5.2513671875000005,11.626,
0,13,,,10.201644897460938,53.57177734375001,648.4863281250001,0.0765115625,5.2513671875000005,11.66,
0,13,,,10.222434997558594,53.68164062500001,650.3515625,0.07666718750000001,5.2513671875000005,11.694,
0,13,,,10.313415527343752,54.16015625000001,652.060546875,0.077350625,5.2513671875000005,11.727,
0,13,,,10.313415527343752,54.16015625000001,653.9453125000001,0.077350625,5.2513671875000005,11.761,
0,13,,,10.320663452148438,54.194946289062514,655.8105468750001,0.07740406250000001,5.251171875000001,11.795,
0,13,,,10.254859924316406,53.84338378906251,657.6855468750001,0.07691093750000001,5.2505859375,11.829,
0,13,,,10.254859924316406,53.84338378906251,659.3945312500001,0.07691093750000001,5.2505859375,11.864,
0,14,,,10.56175231933594,55.452270507812514,665.5371093750001,0.079211875,5.25,11.973,
0,14,,,10.774421691894533,56.566162109375014,667.6074218750001,0.0808075,5.25,12.007,
0,14,,,11.37847900390625,59.72106933593751,669.677734375,0.085336875,5.2486328125,12.041,
0,14,,,11.37847900390625,59.72106933593751,671.572265625,0.085336875,5.2486328125,12.075,
0,14,,,11.413955688476564,59.90661621093751,673.662109375,0.0856034375,5.2486328125,12.109,
0,14,,,11.438369750976562,60.03112792968751,675.7421875,0.0857871875,5.248242187500001,12.143,
0,14,,,11.438369750976562,60.03112792968751,677.83203125,0.085904375,5.2484375000000005,12.177,
0,14,,,11.454010009765627,60.11596679687501,679.912109375,0.085904375,5.2484375000000005,12.211,
0,14,,,11.466217041015625,60.17272949218751,681.8164062500001,0.085995625,5.2478515625,12.245,
0,14,,,11.466217041015625,60.17272949218751,683.9062500000001,0.0860078125,5.248242187500001,12.279,
0,14,,,11.467933654785156,60.18493652343751,685.9765625,0.0860078125,5.248242187500001,12.313,
0,14,,,11.366462707519531,59.65576171875001,688.0468750000001,0.0852475,5.2484375000000005,12.347,
0,14,,,11.366462707519531,59.65576171875001,689.9316406250001,0.0851346875,5.2490234375,12.381,
0,14,,,11.351394653320314,59.58374023437501,692.0019531250001,0.0851346875,5.2490234375,12.416,
0,14,,,11.388587951660158,59.77844238281251,693.9843750000001,0.08541343750000001,5.2490234375,12.45,
0,14,,,11.388587951660158,59.77844238281251,695.8398437500001,0.0765409375,5.2513671875000005,12.484,
0,14,,,10.205650329589846,53.59252929687501,697.705078125,0.0765409375,5.2513671875000005,12.518,
0,14,,,10.220909118652346,53.6737060546875,699.3945312500001,0.0766553125,5.2513671875000005,12.552,
0,14,,,10.230255126953125,53.71887207031251,701.2597656250001,0.076725625,5.2509765625,12.585,
0,14,,,10.230255126953125,53.71887207031251,703.125,0.076725625,5.2509765625,12.619,
0,14,,,10.22758483886719,53.70239257812501,704.9902343750001,0.0767065625,5.25078125,12.653,
0,14,,,10.190200805664062,53.50769042968751,706.8457031250001,0.07642625,5.2509765625,12.687,
0,14,,,10.190200805664062,53.50769042968751,708.5449218750001,0.07642625,5.2509765625,12.721,
0,14,,,10.233306884765627,53.737182617187514,710.400390625,0.0767490625,5.251171875000001,12.755,
0,14,,,10.224533081054688,53.6932373046875,712.2656250000001,0.0766834375,5.2513671875000005,12.789,
0,14,,,10.224533081054688,53.6932373046875,714.1308593750001,0.0766834375,5.2513671875000005,12.823,
0,14,,,10.236930847167969,53.75793457031251,715.8300781250001,0.0767765625,5.2513671875000005,12.857,
0,14,,,10.217857360839844,53.65478515625001,717.6855468750001,0.07663343750000001,5.251171875000001,12.891,
0,14,,,10.217857360839844,53.65478515625001,719.5507812500001,0.07663343750000001,5.251171875000001,12.925,
0,14,,,10.216522216796877,53.651733398437514,721.416015625,0.07662250000000001,5.2515625,12.959,
0,14,,,10.199356079101564,53.560180664062514,723.10546875,0.07649500000000001,5.2513671875000005,12.993,
0,14,,,10.199356079101564,53.560180664062514,724.9707031250001,0.07649500000000001,5.2513671875000005,13.027,
0,14,,,10.228919982910158,53.7164306640625,726.8261718750001,0.07671625,5.2515625,13.061,
0,14,,,10.188102722167969,53.50158691406251,728.6816406250001,0.0764096875,5.2515625,13.095,
0,14,,,10.188102722167969,53.50158691406251,730.546875,0.0764096875,5.2515625,13.129,
0,14,,,10.189056396484375,53.50708007812501,732.2363281250001,0.0764175,5.2513671875000005,13.163,
0,14,,,10.214424133300781,53.636474609375014,734.091796875,0.076606875,5.251171875000001,13.197,
0,14,,,10.214424133300781,53.636474609375014,735.9570312500001,0.076606875,5.251171875000001,13.231,
0,14,,,10.195350646972656,53.5406494140625,737.8222656250001,0.076464375,5.2515625,13.265,
0,14,,,10.211753845214846,53.61999511718751,739.5117187500001,0.0765878125,5.25078125,13.299,
0,15,,,10.604095458984375,55.6756591796875,747.0996093750001,0.07953062500000001,5.2503906250000005,13.434,
0,15,,,11.007308959960938,57.781982421875,749.1503906250001,0.08255375000000001,5.2494140625000005,13.468,
0,15,,,11.304092407226562,59.33593750000001,751.2109375000001,0.084779375,5.2490234375,13.502,
0,16,,,10.552597045898438,55.40954589843751,757.2167968750001,0.07914375000000001,5.25078125,13.611,
0,16,,,10.552597045898438,55.40954589843751,759.2089843750001,0.08222156250000001,5.2494140625000005,13.646,
0,16,,,10.963058471679688,57.54760742187501,761.2011718750001,0.08222156250000001,5.2494140625000005,13.68,
0,16,,,10.898590087890625,57.21191406250001,763.1933593750001,0.0817378125,5.249609375,13.714,
0,16,,,10.95714569091797,57.51831054687501,765.1757812500001,0.0821775,5.2494140625000005,13.748,
0,16,,,10.95714569091797,57.51831054687501,766.9921875000001,0.0821775,5.2494140625000005,13.782,
0,16,,,10.887718200683594,57.15759277343751,768.984375,0.0816565625,5.2498046875,13.816,
0,16,,,10.98899841308594,57.68737792968751,770.9765625,0.08241593750000001,5.249609375,13.85,
0,16,,,10.98899841308594,57.68737792968751,772.9589843750001,0.08241593750000001,5.249609375,13.884,
0,16,,,10.857772827148438,56.9970703125,774.7656250000001,0.081431875,5.249609375,13.918,
0,17,,,10.786628723144531,56.6314697265625,782.3925781250001,0.08089875,5.250195312500001,14.052,
0,17,,,10.786628723144531,56.6314697265625,784.4140625000001,0.08089875,5.250195312500001,14.086,
0,17,,,11.14788055419922,58.51562500000001,786.4648437500001,0.08360875000000001,5.2490234375,14.121,
0,17,,,11.12518310546875,58.39660644531251,788.3007812500001,0.083438125,5.2490234375,14.155,
0,17,,,11.12518310546875,58.39660644531251,790.3320312500001,0.083438125,5.2490234375,14.189,
0,18,,,8.730888366699219,45.88378906250001,0.7226562500000001,0.0654815625,5.2544921875,0.025,
0,18,,,8.741950988769531,45.93444824218751,2.3242187500000004,0.0655640625,5.2544921875,0.059,
0,18,,,8.800506591796875,46.240234375,3.9355468750000004,0.06600375,5.2542968750000005,0.093,
0,18,,,8.800506591796875,46.240234375,5.537109375000001,0.06592875000000001,5.2546875,0.127,
0,18,,,8.79058837890625,46.19201660156251,6.992187500000001,0.06592875000000001,5.2546875,0.161,
0,18,,,8.772850036621094,46.0968017578125,8.59375,0.06579625,5.2544921875,0.195,
0,18,,,8.772850036621094,46.0968017578125,10.195312500000002,0.0659303125,5.254101562500001,0.229,
0,18,,,8.790779113769533,46.1871337890625,11.796875000000002,0.0659303125,5.254101562500001,0.263,
0,18,,,8.759498596191406,46.02966308593751,13.388671875,0.06569593750000001,5.2548828125,0.297,
0,18,,,8.759498596191406,46.02966308593751,14.853515625,0.06594125,5.2544921875,0.331,
0,18,,,8.792304992675781,46.19873046875001,16.455078125,0.06594125,5.2544921875,0.365,
0,18,,,8.79650115966797,46.2237548828125,18.056640625000004,0.06597375000000001,5.2548828125,0.399,
0,18,,,8.79650115966797,46.2237548828125,19.658203125000004,0.06585625,5.254101562500001,0.433,
0,18,,,8.780860900878906,46.13586425781251,21.113281250000004,0.06585625,5.254101562500001,0.467,
0,18,,,8.773231506347656,46.09497070312501,22.714843750000004,0.0657990625,5.254101562500001,0.501,
0,18,,,8.773231506347656,46.09497070312501,24.316406250000004,0.065883125,5.2548828125,0.535,
0,18,,,8.78448486328125,46.16088867187501,25.917968750000007,0.065883125,5.2548828125,0.569,
0,18,,,8.774757385253906,46.1090087890625,27.373046875,0.0658109375,5.2546875,0.603,
0,18,,,8.789634704589844,46.1871337890625,28.974609375,0.0659221875,5.2546875,0.637,
0,18,,,8.789634704589844,46.1871337890625,30.576171875000004,0.0659221875,5.2546875,0.671,
0,18,,,8.779525756835938,46.12792968750001,32.177734375,0.0658459375,5.254101562500001,0.705,
0,18,,,8.794212341308594,46.20910644531251,33.779296875,0.065955625,5.2544921875,0.739,
0,18,,,8.794212341308594,46.20910644531251,35.244140625,0.065955625,5.2544921875,0.773,
0,18,,,8.799171447753906,46.23474121093751,36.84570312500001,0.0659934375,5.2544921875,0.807,
0,18,,,8.799171447753906,46.23229980468751,38.44726562500001,0.06599375,5.254101562500001,0.841,
0,18,,,8.799171447753906,46.23229980468751,40.04882812500001,0.06599375,5.254101562500001,0.875,
0,18,,,8.777999877929688,46.12854003906251,41.66015625000001,0.0658340625,5.255078125000001,0.909,
0,18,,,8.790016174316406,46.18896484375001,43.11523437500001,0.0659240625,5.2548828125,0.943,
0,18,,,8.790016174316406,46.18896484375001,44.71679687500001,0.0659240625,5.2548828125,0.977,
0,18,,,8.808135986328125,46.28112792968751,46.31835937500001,0.06606031250000001,5.2544921875,1.011,
0,18,,,8.782768249511719,46.148681640625,47.91992187500001,0.06586968750000001,5.2544921875,1.045,
0,18,,,8.782768249511719,46.148681640625,49.38476562500001,0.06586968750000001,5.2544921875,1.079,
0,18,,,8.815193176269531,46.32019042968751,50.99609375000001,0.0661128125,5.2546875,1.113,
0,18,,,8.780670166015625,46.13647460937501,52.587890625,0.065854375,5.2542968750000005,1.147,
0,18,,,8.780670166015625,46.13647460937501,54.19921875,0.065854375,5.2542968750000005,1.181,
0,18,,,8.79669189453125,46.2188720703125,55.80078125,0.0659740625,5.254101562500001,1.215,
0,18,,,8.788490295410156,46.18041992187501,57.25585937500001,0.0659128125,5.2546875,1.249,
0,18,,,8.788490295410156,46.18041992187501,58.86718750000001,0.0659128125,5.2546875,1.283,
0,18,,,8.79936218261719,46.234130859375,60.46875000000001,0.06599468750000001,5.2542968750000005,1.317,
0,18,,,8.783149719238283,46.15356445312501,62.0703125,0.065873125,5.2548828125,1.351,
0,18,,,8.783149719238283,46.15356445312501,63.525390625,0.065873125,5.2548828125,1.385,
0,18,,,8.780860900878906,46.14074707031251,65.12695312500001,0.06585625,5.2546875,1.419,
0,18,,,8.780479431152344,46.14013671875,66.72851562500001,0.065853125,5.2548828125,1.453,
0,18,,,8.780479431152344,46.14013671875,68.32031250000001,0.065853125,5.2548828125,1.487,
0,18,,,8.76922607421875,46.07604980468751,69.775390625,0.06576781250000001,5.2542968750000005,1.521,
0,18,,,8.7982177734375,46.22924804687501,71.38671875000001,0.06598593750000001,5.2544921875,1.555,
0,18,,,8.7982177734375,46.22924804687501,72.98828125000001,0.06598593750000001,5.2544921875,1.589,
0,18,,,8.78410339355469,46.15051269531251,74.58984375000001,0.0658796875,5.25390625,1.623,
0,18,,,8.77361297607422,46.10229492187501,76.19140625000001,0.06580187500000001,5.2546875,1.658,
0,18,,,8.77361297607422,46.10229492187501,77.783203125,0.06580187500000001,5.2546875,1.692,
0,18,,,8.766746520996094,46.0650634765625,79.23828125000001,0.0657496875,5.2546875,1.726,
0,18,,,8.784294128417969,46.1578369140625,80.83984375000001,0.065881875,5.2546875,1.76,
0,18,,,8.784294128417969,46.1578369140625,82.44140625000001,0.0657559375,5.2546875,1.794,
0,18,,,8.767509460449219,46.07055664062501,84.04296875,0.0657559375,5.2546875,1.828,
0,18,,,8.755493164062502,46.00830078125001,85.48828125000001,0.065665625,5.2548828125,1.862,
0,18,,,8.755493164062502,46.00830078125001,87.08984375,0.06580843750000001,5.2548828125,1.896,
0,18,,,8.774566650390627,46.109619140625,88.69140625000001,0.06580843750000001,5.2548828125,1.93,
0,18,,,8.770561218261719,46.08276367187501,90.29296875000001,0.065778125,5.2542968750000005,1.964,
0,18,,,8.770561218261719,46.08276367187501,91.89453125000001,0.0657378125,5.2542968750000005,1.998,
0,18,,,8.765029907226564,46.05468750000001,93.34960937500001,0.0657378125,5.2542968750000005,2.032,
0,18,,,8.772850036621094,46.0968017578125,94.94140625000001,0.065795,5.2544921875,2.066,
0,18,,,8.772850036621094,46.0968017578125,96.53320312500001,0.065538125,5.254101562500001,2.1,
0,18,,,8.738517761230469,45.9136962890625,98.13476562500001,0.065538125,5.254101562500001,2.134,
0,18,,,8.763504028320312,46.0479736328125,99.58984375000001,0.06572531250000001,5.2544921875,2.168,
0,18,,,8.783340454101562,46.15173339843751,101.19140625,0.06587406250000001,5.2544921875,2.202,
0,18,,,8.783340454101562,46.15173339843751,102.79296875000001,0.06587406250000001,5.2544921875,2.236,
0,18,,,8.765792846679688,46.05773925781251,104.39453125,0.06574375,5.2542968750000005,2.27,
0,18,,,8.779335021972658,46.1273193359375,105.83984375,0.06584406250000001,5.254101562500001,2.304,
0,18,,,8.779335021972658,46.1273193359375,107.44140625000001,0.06584406250000001,5.254101562500001,2.338,
0,18,,,8.748435974121094,45.96313476562501,109.04296875000003,0.06561312500000001,5.25390625,2.372,
0,18,,,8.77361297607422,46.1016845703125,110.63476562500001,0.06580156250000001,5.2546875,2.406,
0,18,,,8.77361297607422,46.1016845703125,112.236328125,0.06580156250000001,5.2546875,2.44,
0,18,,,8.757781982421875,46.016845703125,113.69140625000001,0.06568312500000001,5.2542968750000005,2.474,
0,18,,,8.76598358154297,46.05895996093751,115.28320312500001,0.06574437500000001,5.2542968750000005,2.508,
0,18,,,8.76598358154297,46.05895996093751,116.875,0.06574437500000001,5.2542968750000005,2.542,
0,18,,,8.712005615234375,45.77697753906251,118.46679687500001,0.065339375,5.2544921875,2.576,
0,18,,,8.729171752929688,45.86730957031251,119.91210937500001,0.065468125,5.2544921875,2.61,
0,18,,,8.729171752929688,45.86730957031251,121.50390625000001,0.065468125,5.2544921875,2.644,
0,18,,,8.722496032714844,45.83007812500001,123.09570312500001,0.0654175,5.2542968750000005,2.678,
0,18,,,8.730125427246094,45.87097167968751,124.68750000000001,0.06547593750000001,5.2542968750000005,2.713,
0,18,,,8.730125427246094,45.87097167968751,126.27929687500003,0.06547593750000001,5.2542968750000005,2.747,
0,18,,,8.731842041015625,45.87890625000001,127.73437500000001,0.06548812500000001,5.2542968750000005,2.781,
0,18,,,8.75358581542969,45.99609375,129.32617187500003,0.06565156250000001,5.2544921875,2.815,
0,18,,,8.75358581542969,45.99609375,130.91796875000003,0.06565156250000001,5.2544921875,2.849,
0,18,,,8.725929260253908,45.85327148437501,132.50976562500003,0.0654434375,5.2548828125,2.883,
0,18,,,8.689308166503906,45.660400390625,134.09179687500003,0.065169375,5.2548828125,2.917,
0,18,,,8.689308166503906,45.660400390625,135.53710937500003,0.065169375,5.2548828125,2.951,
0,18,,,8.714675903320312,45.79711914062501,137.12890625000003,0.06535875000000001,5.2552734375000005,2.985,
0,18,,,8.701705932617188,45.721435546875,138.71093750000003,0.0652628125,5.2542968750000005,3.019,
0,18,,,8.701705932617188,45.721435546875,140.29296875000003,0.0652628125,5.2542968750000005,3.053,
0,18,,,8.675575256347656,45.57983398437501,141.73828125000003,0.0650659375,5.25390625,3.087,
0,18,,,8.726119995117188,45.8526611328125,143.330078125,0.06544625000000001,5.2546875,3.121,
0,18,,,8.726119995117188,45.8526611328125,144.91210937500003,0.06544625000000001,5.2546875,3.155,
0,18,,,8.726310729980469,45.85449218750001,146.50390625,0.06544625000000001,5.2548828125,3.189,
0,18,,,8.691024780273438,45.6683349609375,147.94921875,0.0651821875,5.2546875,3.223,
0,18,,,8.691024780273438,45.6683349609375,149.54101562500003,0.0651821875,5.2544921875,3.257,
0,18,,,8.711433410644531,45.77453613281251,151.13281250000003,0.065335,5.2544921875,3.291,
0,18,,,8.750534057617188,45.98205566406251,152.72460937500003,0.06562812500000001,5.2548828125,3.325,
0,18,,,8.750534057617188,45.98205566406251,154.31640625,0.065486875,5.2544921875,3.359,
0,18,,,8.731651306152346,45.8807373046875,155.76171875,0.065486875,5.2544921875,3.393,
0,18,,,8.701133728027346,45.721435546875,157.35351562500003,0.065258125,5.2546875,3.427,
0,18,,,8.701133728027346,45.721435546875,158.955078125,0.06572562500000001,5.2546875,3.461,
0,18,,,8.763504028320312,46.048583984375,160.546875,0.06572562500000001,5.2546875,3.495,
0,18,,,8.730125427246094,45.87646484375001,161.99218750000003,0.06547562500000001,5.2548828125,3.529,
0,18,,,8.730125427246094,45.87646484375001,163.58398437500003,0.06562218750000001,5.2546875,3.563,
0,18,,,8.749771118164064,45.97778320312501,165.185546875,0.06562218750000001,5.2546875,3.597,
0,18,,,8.778381347656252,46.1236572265625,166.78710937500003,0.065836875,5.2542968750000005,3.631,
0,18,,,8.778381347656252,46.1236572265625,168.38867187500003,0.06570218750000001,5.2544921875,3.665,
0,18,,,8.760452270507812,46.03088378906251,169.83398437500003,0.06570218750000001,5.2544921875,3.699,
0,18,,,8.771896362304688,46.087646484375,171.435546875,0.06578875000000001,5.254101562500001,3.733,
0,18,,,8.771896362304688,46.087646484375,173.03710937500003,0.065655,5.2546875,3.767,
0,18,,,8.754158020019531,45.99914550781251,174.63867187500003,0.065655,5.2546875,3.801,
0,18,,,8.746910095214846,45.96130371093751,176.23046875000003,0.06560125,5.2544921875,3.835,
0,18,,,8.758544921875,46.02172851562501,177.67578125000003,0.065688125,5.2544921875,3.869,
0,18,,,8.758544921875,46.02172851562501,179.27734375000003,0.065688125,5.2544921875,3.903,
0,18,,,8.774185180664062,46.10229492187501,180.87890625000003,0.06580625000000001,5.2542968750000005,3.937,
0,18,,,8.753395080566406,45.99609375,182.47070312500003,0.06565,5.2546875,3.971,
0,18,,,8.753395080566406,45.99609375,183.92578125000003,0.06565,5.2546875,4.005,
0,18,,,8.77647399902344,46.11389160156251,185.52734375000003,0.06582281250000001,5.2542968750000005,4.039,
0,18,,,8.794212341308594,46.20544433593751,187.13867187500003,0.0659559375,5.254101562500001,4.073,
0,18,,,8.794212341308594,46.20544433593751,188.740234375,0.0659559375,5.254101562500001,4.107,
0,18,,,8.821868896484375,46.35192871093751,190.35156250000003,0.066163125,5.2542968750000005,4.141,
0,18,,,8.826255798339844,46.37268066406251,191.81640625000003,0.06619562500000001,5.254101562500001,4.175,
0,18,,,8.826255798339844,46.37268066406251,193.42773437500003,0.06619562500000001,5.254101562500001,4.209,
0,18,,,8.831787109375002,46.40380859375001,195.03906250000003,0.0662371875,5.2542968750000005,4.243,
0,18,,,8.827972412109377,46.38977050781251,196.650390625,0.06620875000000001,5.2548828125,4.277,
0,18,,,8.827972412109377,46.38977050781251,198.115234375,0.06620875000000001,5.2548828125,4.311,
0,18,,,8.844375610351562,46.474609375,199.7265625,0.0663328125,5.2546875,4.345,
0,18,,,8.85162353515625,46.51062011718751,201.33789062500006,0.06638656250000001,5.2544921875,4.379,
0,18,,,8.85162353515625,46.51062011718751,202.94921875000006,0.06638656250000001,5.2544921875,4.413,
0,18,,,8.83636474609375,46.42639160156251,204.56054687500003,0.06627218750000001,5.254101562500001,4.447,
0,18,,,8.814239501953125,46.31286621093751,206.02539062500003,0.06610625,5.2542968750000005,4.481,
0,18,,,8.814239501953125,46.31286621093751,207.63671875000003,0.06610625,5.2542968750000005,4.515,
0,18,,,8.826255798339844,46.37695312500001,209.24804687500003,0.066196875,5.2544921875,4.549,
0,18,,,8.831977844238281,46.40869140625001,210.849609375,0.06623875,5.2546875,4.583,
0,18,,,8.831977844238281,46.40869140625001,212.314453125,0.06623875,5.2546875,4.617,
0,18,,,8.819770812988281,46.33544921875001,213.92578125,0.06614718750000001,5.2537109375,4.651,
0,18,,,8.794403076171875,46.21459960937501,215.52734375000003,0.0659578125,5.255078125000001,4.685,
0,18,,,8.794403076171875,46.21459960937501,217.12890625000003,0.0659578125,5.255078125000001,4.719,
0,18,,,8.800697326660156,46.240234375,218.59375000000003,0.06600500000000001,5.254101562500001,4.753,
0,18,,,8.839225769042969,46.4447021484375,220.205078125,0.06629375,5.2544921875,4.787,
0,18,,,8.839225769042969,46.4447021484375,221.80664062500003,0.06629375,5.2548828125,4.822,
0,18,,,8.801269531250002,46.24877929687501,223.41796875000003,0.06600937500000001,5.2548828125,4.856,
0,18,,,8.821296691894533,46.35131835937501,225.02929687500003,0.06615968750000001,5.2544921875,4.89,
0,18,,,8.821296691894533,46.35131835937501,226.64062500000003,0.06615968750000001,5.25390625,4.924,
0,18,,,8.831214904785156,46.39770507812501,228.10546875000003,0.0662334375,5.25390625,4.958,
0,18,,,8.835601806640627,46.42150878906251,229.71679687500003,0.06626625,5.25390625,4.992,
0,18,,,8.835601806640627,46.42150878906251,231.31835937500003,0.0660846875,5.254101562500001,5.026,
0,18,,,8.811378479003906,46.295166015625,232.92968750000003,0.0660846875,5.254101562500001,5.06,
0,18,,,8.803367614746094,46.25732421875001,234.384765625,0.06602437500000001,5.2544921875,5.094,
0,18,,,8.803367614746094,46.25732421875001,236.00585937500006,0.0663384375,5.2542968750000005,5.128,
0,18,,,8.84513854980469,46.474609375,237.61718750000006,0.0663384375,5.2542968750000005,5.162,
0,18,,,8.848953247070314,46.49169921875001,239.22851562500003,0.06636625,5.25390625,5.196,
0,18,,,8.848953247070314,46.49169921875001,240.83007812500003,0.06613687500000001,5.2537109375,5.23,
0,18,,,8.818435668945314,46.32934570312501,242.29492187500003,0.06613687500000001,5.2537109375,5.264,
0,18,,,8.824920654296875,46.37084960937501,243.90625000000006,0.0661859375,5.2546875,5.298,
0,18,,,8.824920654296875,46.37084960937501,245.51757812500006,0.0662071875,5.2546875,5.332,
0,18,,,8.827781677246094,46.38671875,247.12890625000006,0.0662071875,5.2546875,5.366,
0,18,,,8.84513854980469,46.47644042968751,248.59375000000006,0.06633812500000001,5.2544921875,5.4,
0,18,,,8.837127685546875,46.43493652343751,250.20507812500003,0.0662775,5.2544921875,5.434,
0,18,,,8.837127685546875,46.43493652343751,251.81640625000006,0.0662775,5.2544921875,5.468,
0,18,,,8.820152282714844,46.34277343750001,253.42773437500006,0.0661503125,5.2542968750000005,5.502,
0,18,,,8.82225036621094,46.35498046875,254.8828125,0.06616625000000001,5.2542968750000005,5.536,
0,18,,,8.82225036621094,46.35498046875,256.50390625,0.06616625000000001,5.2542968750000005,5.57,
0,18,,,8.8348388671875,46.42517089843751,258.10546875,0.0662603125,5.2548828125,5.604,
0,18,,,8.816719055175781,46.324462890625,259.716796875,0.066125,5.2542968750000005,5.638,
0,18,,,8.816719055175781,46.324462890625,261.328125,0.066125,5.2542968750000005,5.672,
0,18,,,8.838653564453125,46.44042968750001,262.79296875,0.06628937500000001,5.2542968750000005,5.706,
0,18,,,8.794784545898438,46.20910644531251,264.39453125,0.0659603125,5.2542968750000005,5.74,
0,18,,,8.794784545898438,46.20910644531251,266.00585937500006,0.0659603125,5.2542968750000005,5.774,
0,18,,,8.8226318359375,46.35681152343751,267.60742187500006,0.06616843750000001,5.2544921875,5.808,
0,18,,,8.846664428710938,46.484375,269.08203125,0.0663496875,5.2544921875,5.842,
0,18,,,8.846664428710938,46.484375,270.693359375,0.0663496875,5.2544921875,5.877,
0,18,,,8.850669860839844,46.505126953125,272.30468750000006,0.0663796875,5.2544921875,5.911,
0,18,,,8.835220336914062,46.42272949218751,273.916015625,0.06626343750000001,5.2542968750000005,5.945,
0,18,,,8.835220336914062,46.42272949218751,275.53710937500006,0.06626343750000001,5.2542968750000005,5.979,
0,18,,,8.856391906738281,46.53137207031251,277.00195312500006,0.066421875,5.254101562500001,6.013,
0,18,,,8.862876892089844,46.56433105468751,278.62304687500006,0.066470625,5.25390625,6.047,
0,18,,,8.862876892089844,46.56433105468751,280.23437500000006,0.066470625,5.25390625,6.081,
0,18,,,8.838653564453125,46.43920898437501,281.84570312500006,0.06629,5.254101562500001,6.115,
0,18,,,8.830070495605469,46.39648437500001,283.45703125000006,0.06622531250000001,5.2542968750000005,6.149,
0,18,,,8.830070495605469,46.39648437500001,284.912109375,0.06622531250000001,5.2542968750000005,6.183,
0,18,,,8.833503723144531,46.41540527343751,286.533203125,0.06625,5.2544921875,6.217,
0,18,,,8.841133117675781,46.45751953125001,288.14453125000006,0.0663071875,5.2546875,6.251,
0,18,,,8.841133117675781,46.45751953125001,289.75585937500006,0.0663071875,5.2546875,6.285,
0,18,,,8.848190307617188,46.48925781250001,291.22070312500006,0.066360625,5.254101562500001,6.319,
0,18,,,8.816909790039062,46.324462890625,292.822265625,0.0661265625,5.254101562500001,6.353,
0,18,,,8.816909790039062,46.324462890625,294.43359375,0.0661265625,5.254101562500001,6.387,
0,18,,,8.806610107421875,46.27380371093751,296.03515625000006,0.0660490625,5.2544921875,6.421,
0,18,,,8.807373046875,46.27685546875,297.50000000000006,0.066054375,5.2542968750000005,6.455,
0,18,,,8.807373046875,46.27685546875,299.111328125,0.066054375,5.2542968750000005,6.489,
0,18,,,8.827400207519531,46.38183593750001,300.72265625000006,0.06620468750000001,5.2542968750000005,6.523,
0,18,,,8.824729919433594,46.36718750000001,302.33398437500006,0.066184375,5.2542968750000005,6.557,
0,18,,,8.824729919433594,46.36718750000001,303.935546875,0.0660459375,5.2542968750000005,6.591,
0,18,,,8.806228637695312,46.27014160156251,305.400390625,0.0660459375,5.2542968750000005,6.625,
0,18,,,8.806800842285156,46.27319335937501,307.00195312500006,0.0660509375,5.2542968750000005,6.659,
0,18,,,8.806800842285156,46.27319335937501,308.61328125000006,0.0661990625,5.2542968750000005,6.693,
0,18,,,8.826637268066406,46.37817382812501,310.22460937500006,0.0661990625,5.2542968750000005,6.727,
0,18,,,8.8348388671875,46.42028808593751,311.68945312500006,0.0662609375,5.2542968750000005,6.761,
0,18,,,8.8348388671875,46.42028808593751,313.30078125000006,0.0663328125,5.254101562500001,6.795,
0,18,,,8.844375610351562,46.47033691406251,314.912109375,0.0663328125,5.254101562500001,6.829,
0,18,,,8.817481994628908,46.32507324218751,316.51367187500006,0.0661309375,5.2537109375,6.863,
0,18,,,8.817481994628908,46.32507324218751,318.12500000000006,0.0660015625,5.254101562500001,6.897,
0,18,,,8.800315856933596,46.23779296875001,319.580078125,0.0660015625,5.254101562500001,6.931,
0,18,,,8.820724487304688,46.34521484375001,321.19140625000006,0.06615531250000001,5.254101562500001,6.965,
0,18,,,8.820724487304688,46.39343261718751,322.802734375,0.06622156250000001,5.2542968750000005,6.999,
0,18,,,8.829689025878906,46.39343261718751,324.41406250000006,0.06622156250000001,5.2542968750000005,7.033,
0,18,,,8.833122253417969,46.41357421875,326.025390625,0.06624843750000001,5.2544921875,7.067,
0,18,,,8.838081359863281,46.43188476562501,327.490234375,0.06628500000000001,5.2537109375,7.101,
0,18,,,8.838081359863281,46.43188476562501,329.1015625,0.06628500000000001,5.2537109375,7.136,
0,18,,,8.831214904785156,46.40563964843751,330.71289062500006,0.06623406250000001,5.2546875,7.17,
0,18,,,8.812522888183594,46.3067626953125,332.314453125,0.06609375,5.2546875,7.203,
0,18,,,8.812522888183594,46.3067626953125,333.779296875,0.06609375,5.2546875,7.237,
0,18,,,8.83464813232422,46.41906738281251,335.39062500000006,0.06626,5.2542968750000005,7.271,
0,18,,,8.833885192871094,46.414794921875,337.00195312500006,0.06625312500000001,5.2542968750000005,7.305,
0,18,,,8.833885192871094,46.414794921875,338.61328125,0.06625312500000001,5.2542968750000005,7.339,
0,18,,,8.818435668945314,46.33666992187501,340.22460937500006,0.0661371875,5.2544921875,7.373,
0,18,,,8.849143981933594,46.49719238281251,341.68945312500006,0.0663684375,5.2544921875,7.407,
0,18,,,8.849143981933594,46.49719238281251,343.30078125,0.0663684375,5.2544921875,7.441,
0,18,,,8.843612670898438,46.46850585937501,344.92187500000006,0.0663259375,5.2544921875,7.475,
0,18,,,8.835983276367188,46.42639160156251,346.52343750000006,0.0662690625,5.2542968750000005,7.509,
0,18,,,8.835983276367188,46.42639160156251,347.98828125000006,0.0662690625,5.2542968750000005,7.543,
0,18,,,8.800697326660156,46.23962402343751,349.58984375,0.06600500000000001,5.254101562500001,7.577,
0,18,,,8.783531188964844,46.148681640625,351.19140625000006,0.065875,5.254101562500001,7.611,
0,18,,,8.783531188964844,46.148681640625,352.80273437500006,0.065875,5.254101562500001,7.645,
0,18,,,8.8287353515625,46.38916015625001,354.41406250000006,0.0662140625,5.2544921875,7.679,
0,18,,,8.820533752441406,46.3470458984375,355.86914062500006,0.06615343750000001,5.2544921875,7.713,
0,18,,,8.820533752441406,46.3470458984375,357.48046875000006,0.06615343750000001,5.2544921875,7.747,
0,18,,,8.809280395507812,46.29028320312501,359.09179687500006,0.06606875000000001,5.2548828125,7.781,
0,18,,,8.834457397460938,46.422119140625,360.693359375,0.0662584375,5.2546875,7.815,
0,18,,,8.834457397460938,46.422119140625,362.158203125,0.0662584375,5.2546875,7.849,
0,18,,,8.81195068359375,46.29821777343751,363.76953125,0.06608875,5.254101562500001,7.883,
0,18,,,8.829498291015625,46.38671875,365.38085937500006,0.06622,5.2537109375,7.917,
0,18,,,8.829498291015625,46.38671875,366.9921875,0.06622,5.2537109375,7.951,
0,18,,,8.830070495605469,46.39770507812501,368.447265625,0.066224375,5.2544921875,7.986,
0,18,,,8.815193176269531,46.31958007812501,370.05859375000006,0.0661125,5.2546875,8.02,
0,18,,,8.815193176269531,46.31958007812501,371.66015625000006,0.0661125,5.254101562500001,8.054,
0,18,,,8.79669189453125,46.2188720703125,373.271484375,0.0659746875,5.254101562500001,8.088,
0,18,,,8.841514587402344,46.45507812500001,374.88281250000006,0.06631000000000001,5.2542968750000005,8.122,
0,18,,,8.841514587402344,46.45507812500001,376.34765625000006,0.06631000000000001,5.254101562500001,8.156,
0,18,,,8.823585510253906,46.35925292968751,377.95898437500006,0.06617656250000001,5.254101562500001,8.19,
0,18,,,8.824539184570312,46.36291503906251,379.57031250000006,0.06618343750000001,5.25390625,8.224,
0,18,,,8.824539184570312,46.36291503906251,381.18164062500006,0.0662621875,5.253515625,8.258,
0,18,,,8.835029602050781,46.41540527343751,382.783203125,0.0662621875,5.253515625,8.292,
0,18,,,8.819580078125,46.3372802734375,384.248046875,0.0661465625,5.25390625,8.326,
0,18,,,8.819580078125,46.3372802734375,385.84960937500006,0.065986875,5.2548828125,8.36,
0,18,,,8.7982177734375,46.234130859375,387.46093750000006,0.065986875,5.2548828125,8.394,
0,18,,,8.814239501953125,46.31408691406251,389.07226562500006,0.0661059375,5.2544921875,8.428,
0,18,,,8.814239501953125,46.31408691406251,390.53710937500006,0.0662546875,5.254101562500001,8.462,
0,18,,,8.834075927734375,46.414794921875,392.138671875,0.0662546875,5.254101562500001,8.496,
0,18,,,8.813285827636719,46.30493164062501,393.75000000000006,0.0660990625,5.254101562500001,8.53,
0,18,,,8.813285827636719,46.30493164062501,395.35156250000006,0.06610500000000001,5.2546875,8.564,
0,18,,,8.814048767089844,46.31469726562501,396.81640625000006,0.06610500000000001,5.2546875,8.598,
0,18,,,8.809852600097658,46.2939453125,398.427734375,0.0660725,5.2548828125,8.632,
0,18,,,8.809852600097658,46.38916015625001,400.0390625000001,0.06621531250000001,5.2542968750000005,8.666,
0,18,,,8.8287353515625,46.38916015625001,401.64062500000006,0.06621531250000001,5.2542968750000005,8.7,
0,18,,,8.809661865234375,46.28967285156251,403.25195312500006,0.0660721875,5.2544921875,8.734,
0,18,,,8.792304992675781,46.19873046875001,404.70703125,0.06594125,5.2544921875,8.768,
0,18,,,8.792304992675781,46.19873046875001,406.30859375000006,0.06594125,5.2544921875,8.802,
0,18,,,8.807182312011719,46.27929687500001,407.91992187500006,0.0660534375,5.2546875,8.836,
0,18,,,8.83026123046875,46.39465332031251,409.53125000000006,0.06622562500000001,5.254101562500001,8.87,
0,18,,,8.83026123046875,46.39465332031251,410.986328125,0.06622562500000001,5.254101562500001,8.904,
0,18,,,8.794021606445312,46.20605468750001,412.59765625,0.06595406250000001,5.2542968750000005,8.938,
0,18,,,8.8226318359375,46.35742187500001,414.1992187500001,0.06616875000000001,5.2544921875,8.971,
0,18,,,8.8226318359375,46.35742187500001,415.81054687500006,0.06616875000000001,5.2544921875,9.005,
0,18,,,8.803939819335938,46.2542724609375,417.26562500000006,0.0660290625,5.25390625,9.04,
0,18,,,8.819961547851562,46.34948730468751,418.87695312500006,0.06614937500000001,5.255078125000001,9.074,
0,18,,,8.819961547851562,46.34948730468751,420.48828125000006,0.06614937500000001,5.255078125000001,9.108,
0,18,,,8.824729919433594,46.3677978515625,422.099609375,0.06618531250000001,5.2542968750000005,9.142,
0,18,,,8.828926086425783,46.38793945312501,423.701171875,0.06621531250000001,5.2542968750000005,9.176,
0,18,,,8.828926086425783,46.38793945312501,425.15625000000006,0.06621531250000001,5.2542968750000005,9.21,
0,18,,,8.789825439453127,46.18408203125001,426.76757812500006,0.06592281250000001,5.2542968750000005,9.244,
0,18,,,8.812332153320312,46.30187988281251,428.37890625000006,0.06609218750000001,5.2542968750000005,9.278,
0,18,,,8.812332153320312,46.30187988281251,429.99023437500006,0.06609218750000001,5.2542968750000005,9.312,
0,18,,,8.82720947265625,46.37878417968751,431.60156250000006,0.066203125,5.254101562500001,9.346,
0,18,,,8.831024169921875,46.3983154296875,433.05664062500006,0.06623218750000001,5.254101562500001,9.38,
0,18,,,8.831024169921875,46.3983154296875,434.66796875,0.06623218750000001,5.254101562500001,9.414,
0,18,,,8.79974365234375,46.23535156250001,436.26953125000006,0.06599687500000001,5.2542968750000005,9.448,
0,18,,,8.819198608398438,46.3409423828125,437.8808593750001,0.06614312500000001,5.2546875,9.482,
0,18,,,8.819198608398438,46.3409423828125,439.3457031250001,0.06614312500000001,5.2546875,9.516,
0,18,,,8.82987976074219,46.39709472656251,440.95703125000006,0.06622312500000001,5.2544921875,9.55,
0,18,,,8.847045898437502,46.48498535156251,442.56835937500006,0.0663521875,5.2542968750000005,9.584,
0,18,,,8.847045898437502,46.48498535156251,444.1796875000001,0.0663521875,5.2542968750000005,9.618,
0,18,,,8.825111389160158,46.37084960937501,445.6445312500001,0.0661884375,5.2544921875,9.652,
0,18,,,8.818626403808594,46.33544921875001,447.24609375,0.06613843750000001,5.2542968750000005,9.686,
0,18,,,8.818626403808594,46.33544921875001,448.85742187500006,0.06613843750000001,5.2542968750000005,9.72,
0,18,,,8.810997009277344,46.29089355468751,450.458984375,0.06608125000000001,5.25390625,9.754,
0,18,,,8.815765380859375,46.32385253906251,452.0703125,0.066118125,5.2546875,9.788,
0,18,,,8.815765380859375,46.32385253906251,453.52539062500006,0.066118125,5.2544921875,9.822,
0,18,,,8.802604675292969,46.25183105468751,455.13671875000006,0.06601812500000001,5.2544921875,9.856,
0,18,,,8.811569213867188,46.30065917968751,456.74804687500006,0.06608593750000001,5.2546875,9.89,
0,18,,,8.811569213867188,46.30065917968751,458.349609375,0.0660528125,5.2546875,9.924,
0,18,,,8.807182312011719,46.27807617187501,459.814453125,0.0660528125,5.2546875,9.958,
0,18,,,8.809661865234375,46.28662109375001,461.41601562500006,0.06607125000000001,5.254101562500001,9.992,
0,19,,,8.794975280761719,46.20910644531251,467.646484375,0.0648034375,5.2544921875,10.126,
0,19,,,8.640480041503906,45.40222167968751,469.19921875000006,0.0648034375,5.2544921875,10.161,
0,19,,,8.502006530761719,44.68200683593751,470.60546875000006,0.0637646875,5.25546875,10.195,
0,19,,,8.502006530761719,44.68200683593751,472.15820312500006,0.0636128125,5.2546875,10.229,
0,19,,,8.481788635253908,44.56787109375,473.71093750000006,0.0636128125,5.2546875,10.263,
0,19,,,8.502960205078125,44.677734375,475.25390625000006,0.06377125,5.2544921875,10.297,
0,19,,,8.502960205078125,44.677734375,476.806640625,0.06366656250000001,5.255078125000001,10.331,
0,19,,,8.489036560058594,44.60937500000001,478.21289062500006,0.06366656250000001,5.255078125000001,10.365,
0,19,,,8.489227294921875,44.60937500000001,479.76562500000006,0.06366843750000001,5.2548828125,10.399,
0,19,,,8.489227294921875,44.81201171875,481.3183593750001,0.06395437500000001,5.255078125000001,10.433,
0,19,,,8.527374267578125,44.81201171875,482.87109375000006,0.06395437500000001,5.255078125000001,10.467,
0,19,,,8.503723144531252,44.68811035156251,484.41406250000006,0.0637778125,5.255078125000001,10.501,
0,19,,,8.487319946289062,44.60388183593751,485.83007812500006,0.06365406250000001,5.25546875,10.535,
0,19,,,8.487319946289062,44.60388183593751,487.3730468750001,0.06365406250000001,5.25546875,10.569,
0,19,,,8.499336242675781,44.6612548828125,488.92578125000006,0.0637440625,5.2546875,10.603,
0,19,,,8.484840393066406,44.58679199218751,490.46875000000006,0.063635625,5.2548828125,10.637,
0,19,,,8.484840393066406,44.58679199218751,491.88476562500006,0.063635625,5.2548828125,10.671,
0,19,,,8.509063720703125,44.71679687500001,493.43750000000006,0.0638175,5.2552734375000005,10.705,
0,19,,,8.52508544921875,44.79919433593751,494.9902343750001,0.063938125,5.255078125000001,10.739,
0,19,,,8.52508544921875,44.79919433593751,496.53320312500006,0.063938125,5.255078125000001,10.773,
0,19,,,8.465576171875002,44.48852539062501,498.07617187500006,0.0634915625,5.2552734375000005,10.807,
0,19,,,8.483314514160156,44.58435058593751,499.4921875,0.06362375,5.2556640625,10.841,
0,19,,,8.483314514160156,44.58435058593751,501.04492187500006,0.06362375,5.2556640625,10.875,
0,19,,,8.505058288574219,44.6978759765625,502.587890625,0.06378750000000001,5.25546875,10.909,
0,19,,,8.481979370117188,44.57275390625001,504.130859375,0.0636146875,5.255078125000001,10.943,
0,19,,,8.481979370117188,44.57275390625001,505.53710937500006,0.0636146875,5.255078125000001,10.977,
0,19,,,8.484840393066406,44.58923339843751,507.0898437500001,0.06363656250000001,5.2552734375000005,11.011,
0,19,,,8.496284484863281,44.64965820312501,508.642578125,0.06372125000000001,5.2552734375000005,11.045,
0,19,,,8.496284484863281,44.64965820312501,510.19531250000006,0.06372125000000001,5.2552734375000005,11.079,
0,19,,,8.535575866699219,44.857177734375,511.6113281250001,0.0640165625,5.2552734375000005,11.113,
0,19,,,8.474922180175781,44.5391845703125,513.1542968750001,0.0635615625,5.25546875,11.147,
0,19,,,8.474922180175781,44.5391845703125,514.7070312500001,0.0635615625,5.25546875,11.181,
0,19,,,8.491897583007812,44.62341308593751,516.2500000000001,0.06368875,5.2548828125,11.215,
0,19,,,8.517265319824219,44.76196289062501,517.802734375,0.06387875000000001,5.25546875,11.25,
0,19,,,8.517265319824219,44.76196289062501,519.3457031250001,0.06387875000000001,5.25546875,11.284,
0,19,,,8.451461791992188,44.41650390625001,520.7617187500001,0.06338468750000001,5.25546875,11.318,
0,19,,,8.512115478515625,44.73205566406251,522.3046875,0.0638396875,5.255078125000001,11.352,
0,19,,,8.512115478515625,44.73205566406251,523.8574218750001,0.0638396875,5.255078125000001,11.386,
0,19,,,8.512115478515625,44.73083496093751,525.4199218750001,0.0638409375,5.2548828125,11.42,
0,19,,,8.519935607910158,44.77355957031251,526.8261718750001,0.0638984375,5.2552734375000005,11.454,
0,19,,,8.519935607910158,44.77355957031251,528.3789062500001,0.0638984375,5.2552734375000005,11.488,
0,19,,,8.520889282226564,44.77905273437501,529.931640625,0.06390625000000001,5.2552734375000005,11.522,
0,19,,,8.498382568359375,44.6588134765625,531.4843750000001,0.0637375,5.255078125000001,11.556,
0,19,,,8.498382568359375,44.6588134765625,533.02734375,0.0637375,5.2552734375000005,11.59,
0,19,,,8.471870422363281,44.521484375,534.4335937500001,0.06353875,5.2552734375000005,11.624,
0,19,,,8.495903015136719,44.6441650390625,535.986328125,0.06371875,5.2548828125,11.658,
0,19,,,8.495903015136719,44.6441650390625,537.5292968750001,0.0636378125,5.255078125000001,11.692,
0,19,,,8.485031127929688,44.58923339843751,539.0820312500001,0.0636378125,5.255078125000001,11.726,
0,19,,,8.46710205078125,44.49279785156251,540.478515625,0.0635028125,5.2548828125,11.76,
0,19,,,8.46710205078125,44.49279785156251,542.0410156250001,0.0638665625,5.255078125000001,11.794,
0,19,,,8.515739440917969,44.74975585937501,543.583984375,0.0638665625,5.255078125000001,11.828,
0,19,,,8.481597900390625,44.57214355468751,545.1367187500001,0.06361125000000001,5.2552734375000005,11.862,
0,19,,,8.481597900390625,44.57214355468751,546.5429687500001,0.06367750000000001,5.2546875,11.896,
0,19,,,8.490371704101564,44.61486816406251,548.0859375000001,0.06367750000000001,5.2546875,11.93,
0,19,,,8.468246459960938,44.50500488281251,549.62890625,0.063510625,5.2556640625,11.964,
0,19,,,8.468246459960938,44.50500488281251,551.1816406250001,0.0635640625,5.25546875,11.998,
0,19,,,8.475303649902344,44.5404052734375,552.7246093750001,0.0635640625,5.25546875,12.032,
0,19,,,8.472824096679688,44.52392578125,554.1308593750001,0.0635453125,5.2548828125,12.066,
0,19,,,8.472824096679688,44.58740234375001,555.6738281250001,0.06363468750000001,5.255078125000001,12.1,
0,19,,,8.484649658203127,44.58740234375001,557.2265625,0.06363468750000001,5.255078125000001,12.134,
0,19,,,8.480834960937502,44.56359863281251,558.7695312500001,0.06360625,5.2546875,12.168,
0,19,,,8.502197265625,44.68017578125001,560.185546875,0.0637665625,5.255078125000001,12.202,
0,19,,,8.502197265625,44.68017578125001,561.728515625,0.0637665625,5.255078125000001,12.236,
0,19,,,8.503150939941406,44.68505859375001,563.2812500000001,0.0637734375,5.255078125000001,12.27,
0,19,,,8.493804931640625,44.63439941406251,564.8339843750001,0.0637034375,5.2548828125,12.305,
0,19,,,8.493804931640625,44.63439941406251,566.3769531250001,0.0637034375,5.2548828125,12.339,
0,19,,,8.484649658203127,44.58435058593751,567.7929687500001,0.063634375,5.2546875,12.373,
0,19,,,8.501052856445312,44.67346191406251,569.3359375,0.06375750000000001,5.255078125000001,12.407,
0,19,,,8.501052856445312,44.67346191406251,570.87890625,0.06375750000000001,5.255078125000001,12.441,
0,20,,,8.752059936523438,45.98571777343751,577.1679687500001,0.065639375,5.2542968750000005,12.575,
0,20,,,9.284591674804688,48.773193359375,578.7109375,0.06963375000000001,5.253125000000001,12.609,
0,20,,,9.284591674804688,48.773193359375,580.400390625,0.06963375000000001,5.253125000000001,12.643,
0,20,,,9.308433532714844,48.89709472656251,582.109375,0.0698125,5.253125000000001,12.677,
0,20,,,9.350013732910156,49.1168212890625,583.80859375,0.070124375,5.253125000000001,12.711,
0,20,,,9.350013732910156,49.1168212890625,585.3613281250001,0.070124375,5.253125000000001,12.745,
0,20,,,9.36126708984375,49.176025390625,587.0703125000001,0.070209375,5.253125000000001,12.779,
0,20,,,9.346199035644531,49.09301757812501,588.76953125,0.070095,5.252734375,12.813,
0,20,,,9.346199035644531,49.09301757812501,590.4882812500001,0.070095,5.252734375,12.847,
0,20,,,9.381103515625002,49.27856445312501,592.1875,0.0703575,5.2529296875,12.881,
0,20,,,9.382057189941408,49.28405761718751,593.75,0.0703653125,5.253125000000001,12.915,
0,20,,,9.382057189941408,49.28405761718751,595.458984375,0.0703653125,5.253125000000001,12.949,
0,20,,,9.379768371582033,49.27001953125001,597.16796875,0.0703471875,5.2529296875,12.983,
0,20,,,9.339714050292969,49.06372070312501,598.8671875000001,0.07004750000000001,5.2533203125000005,13.017,
0,20,,,9.339714050292969,49.06372070312501,600.4101562500001,0.07004750000000001,5.2533203125000005,13.051,
0,20,,,9.327316284179688,48.99719238281251,602.1093750000001,0.0699546875,5.253125000000001,13.085,
0,20,,,9.311676025390625,48.91479492187501,603.8085937500001,0.0698365625,5.253125000000001,13.119,
0,20,,,9.311676025390625,48.91479492187501,605.5078125000001,0.0698365625,5.253125000000001,13.153,
0,20,,,9.314537048339844,48.92944335937501,607.01171875,0.06985812500000001,5.253125000000001,13.187,
0,20,,,8.729743957519533,45.87158203125001,608.5449218750001,0.0654721875,5.2546875,13.221,
0,20,,,8.729743957519533,45.87158203125001,610.0781250000001,0.0654721875,5.2546875,13.255,
0,20,,,8.392906188964844,44.10766601562501,611.6210937500001,0.06294625000000001,5.25546875,13.289,
0,20,,,8.425331115722656,44.27490234375001,613.1640625000001,0.063189375,5.255078125000001,13.323,
0,20,,,8.425331115722656,44.27490234375001,614.5605468750001,0.063189375,5.2552734375000005,13.357,
0,20,,,8.451652526855469,44.41650390625001,616.0839843750001,0.0633875,5.2552734375000005,13.391,
0,20,,,8.391380310058594,44.09912109375001,617.626953125,0.0629340625,5.25546875,13.425,
0,20,,,8.391380310058594,44.09912109375001,619.1601562500001,0.0630878125,5.25546875,13.459,
0,20,,,8.411788940429688,44.20776367187501,620.6933593750001,0.0630878125,5.25546875,13.493,
0,20,,,8.449554443359375,44.40490722656251,622.0996093750001,0.0633709375,5.2552734375000005,13.527,
0,20,,,8.449554443359375,44.40490722656251,623.6328125,0.0632,5.25546875,13.561,
0,20,,,8.426666259765625,44.285888671875,625.1660156250001,0.0632,5.25546875,13.595,
0,20,,,8.408355712890627,44.18762207031251,626.708984375,0.06306250000000001,5.2552734375000005,13.629,
0,20,,,8.408355712890627,44.18762207031251,628.1054687500001,0.0633759375,5.25546875,13.663,
0,20,,,8.450126647949219,44.40856933593751,629.6484375000001,0.0633759375,5.25546875,13.697,
0,20,,,8.458518981933594,44.45007324218751,631.1914062500001,0.0634390625,5.255078125000001,13.731,
0,20,,,8.458518981933594,44.45007324218751,632.7148437500001,0.06297625000000001,5.255078125000001,13.765,
0,20,,,8.396911621093752,44.12658691406251,634.1210937500001,0.06297625000000001,5.255078125000001,13.799,
0,20,,,8.432960510253906,44.31640625,635.6542968750001,0.06324625,5.2552734375000005,13.833,
0,20,,,8.432960510253906,44.32861328125001,637.1972656250001,0.0632678125,5.2548828125,13.867,
0,20,,,8.435821533203125,44.32861328125001,638.7304687500001,0.0632678125,5.2548828125,13.901,
0,20,,,8.438301086425781,44.34265136718751,640.2734375000001,0.06328718750000001,5.2548828125,13.935,
0,20,,,8.448028564453125,44.39453125000001,641.6699218750001,0.06335937500000001,5.255078125000001,13.969,
0,20,,,8.448028564453125,44.39453125000001,643.2031250000001,0.06335937500000001,5.255078125000001,14.003,
0,20,,,8.40301513671875,44.15771484375,644.736328125,0.06302250000000001,5.255078125000001,14.037,
0,20,,,8.427429199218752,44.28833007812501,646.2792968750001,0.06320437500000001,5.2552734375000005,14.071,
0,20,,,8.427429199218752,44.28833007812501,647.685546875,0.06320437500000001,5.2552734375000005,14.105,
0,20,,,8.45489501953125,44.43298339843751,649.2187500000001,0.06341125,5.2552734375000005,14.139,
0,20,,,8.42132568359375,44.25415039062501,650.7617187500001,0.0631596875,5.255078125000001,14.173,
0,20,,,8.42132568359375,44.25415039062501,652.294921875,0.0631596875,5.255078125000001,14.207,
0,20,,,8.445930480957031,44.38598632812501,653.7011718750001,0.06334468750000001,5.2552734375000005,14.241,
0,20,,,8.449745178222656,44.40551757812501,655.234375,0.06337218750000001,5.2552734375000005,14.275,
0,20,,,8.449745178222656,44.40551757812501,656.7675781250001,0.06337218750000001,5.2552734375000005,14.309,
0,20,,,8.412361145019531,44.20837402343751,658.3105468750001,0.0630915625,5.2552734375000005,14.343,
0,21,,,8.9874267578125,47.21984863281251,664.4726562500001,0.06740562500000001,5.25390625,14.478,
0,21,,,8.9874267578125,47.21984863281251,666.1621093750001,0.06740562500000001,5.25390625,14.512,
0,21,,,9.24835205078125,48.58215332031251,667.8417968750001,0.0693615625,5.253125000000001,14.546,
0,22,,,8.893966674804688,46.727294921875,674.1992187500001,0.06670406250000001,5.25390625,14.68,
0,22,,,8.893966674804688,46.727294921875,675.6835937500001,0.06670406250000001,5.25390625,14.715,
0,22,,,9.009170532226564,47.332763671875,677.32421875,0.0675671875,5.25390625,14.749,
0,22,,,9.032630920410156,47.45361328125,678.9843750000001,0.06774437500000001,5.253515625,14.783,
0,22,,,9.032630920410156,47.45361328125,680.64453125,0.06774437500000001,5.253515625,14.817,
0,22,,,9.052467346191406,47.55859375,682.2949218750001,0.06789281250000001,5.2537109375,14.851,
0,22,,,9.042930603027344,47.5146484375,683.779296875,0.06782093750000001,5.2544921875,14.885,
0,22,,,9.042930603027344,47.5146484375,685.4492187500001,0.06782093750000001,5.2544921875,14.919,
0,22,,,9.064292907714844,47.61962890625,687.0996093750001,0.06798156250000001,5.253515625,14.953,
0,22,,,9.029769897460938,47.44079589843751,688.7500000000001,0.0677221875,5.25390625,14.987,
0,22,,,9.029769897460938,47.44079589843751,690.2343750000001,0.0677221875,5.25390625,15.021,
0,22,,,9.067153930664062,47.63122558593751,691.8847656250001,0.0680034375,5.253125000000001,15.055,
0,22,,,9.096145629882812,47.79479980468751,693.544921875,0.06822,5.2544921875,15.089,
0,23,,,8.793640136718752,46.20544433593751,699.8632812500001,0.06595187500000001,5.2544921875,15.223,
0,23,,,8.9263916015625,46.90185546875,701.376953125,0.06694781250000001,5.2542968750000005,15.257,
0,23,,,9.189796447753906,48.28125000000001,703.0566406250001,0.068923125,5.25390625,15.291,
0,23,,,9.189796447753906,48.28125000000001,704.7265625000001,0.068923125,5.25390625,15.325,
0,23,,,9.160232543945312,48.12744140625001,706.396484375,0.06870187500000001,5.25390625,15.359,
0,23,,,9.139442443847656,48.0181884765625,707.9199218750001,0.06854500000000001,5.25390625,15.393,
0,23,,,9.139442443847656,48.0181884765625,709.5898437500001,0.06854500000000001,5.254101562500001,15.427,
0,24,,,6.277465820312501,33.01818847656251,0.5175781250000001,0.047081250000000005,5.259765625,0.025,
0,24,,,6.277465820312501,33.01818847656251,1.6699218750000002,0.047081250000000005,5.259765625,0.06,
0,24,,,6.32171630859375,33.25256347656251,2.8320312500000004,0.04741312500000001,5.259960937500001,0.094,
0,24,,,6.329536437988281,33.29406738281251,3.984375000000001,0.047470937500000004,5.2601562500000005,0.127,
0,24,,,6.329536437988281,33.29406738281251,5.0390625,0.047470937500000004,5.2601562500000005,0.161,
0,24,,,6.323432922363281,33.2611083984375,6.181640625000001,0.0474259375,5.259960937500001,0.195,
0,24,,,6.3129425048828125,33.20556640625001,7.333984375000002,0.047347187500000006,5.259960937500001,0.23,
0,24,,,6.3129425048828125,33.20556640625001,8.486328125000002,0.047347187500000006,5.259960937500001,0.264,
0,24,,,6.316947937011719,33.2275390625,9.648437500000002,0.0473771875,5.2601562500000005,0.297,
0,24,,,6.316566467285157,33.223876953125,10.693359375000002,0.047373437500000004,5.259960937500001,0.331,
0,24,,,6.316566467285157,33.223876953125,11.845703125000002,0.047373437500000004,5.259960937500001,0.365,
0,24,,,6.3243865966796875,33.26477050781251,12.998046875,0.04743312500000001,5.259765625,0.399,
0,24,,,6.309318542480469,33.1866455078125,14.150390625000002,0.04731875000000001,5.259960937500001,0.434,
0,24,,,6.309318542480469,33.1866455078125,15.302734375000002,0.04731875000000001,5.259960937500001,0.468,
0,24,,,6.310081481933594,33.19030761718751,16.357421875,0.047325000000000006,5.259960937500001,0.502,
0,24,,,6.3274383544921875,33.28125000000001,17.509765625000004,0.0474559375,5.259765625,0.536,
0,24,,,6.3274383544921875,33.28125000000001,18.662109375000004,0.0474559375,5.259765625,0.57,
0,24,,,6.318092346191406,33.233642578125,19.814453125000004,0.047385312500000006,5.2601562500000005,0.604,
0,24,,,6.309700012207032,33.19091796875001,20.859375000000004,0.047322812500000005,5.2603515625,0.638,
0,24,,,6.309700012207032,33.19091796875001,22.011718750000004,0.047322812500000005,5.2603515625,0.672,
0,24,,,6.305885314941407,33.1689453125,23.164062500000004,0.047293125000000005,5.2601562500000005,0.706,
0,24,,,6.31866455078125,33.23608398437501,24.316406250000004,0.047389687500000006,5.2601562500000005,0.74,
0,24,,,6.31866455078125,33.23608398437501,25.468750000000004,0.047389687500000006,5.2601562500000005,0.774,
0,24,,,6.317138671875,33.22692871093751,26.523437500000004,0.04737812500000001,5.259765625,0.808,
0,24,,,6.32171630859375,33.25195312500001,27.675781250000004,0.0474125,5.259960937500001,0.842,
0,24,,,6.32171630859375,33.25195312500001,28.828125,0.0474125,5.259960937500001,0.876,
0,24,,,6.333351135253906,33.31237792968751,29.990234375000004,0.047499375,5.259960937500001,0.91,
0,24,,,6.315612792968751,33.21960449218751,31.03515625,0.04736750000000001,5.259765625,0.944,
0,24,,,6.315612792968751,33.21960449218751,32.1875,0.04736750000000001,5.259375,0.978,
0,24,,,6.322479248046875,33.25134277343751,33.33984375000001,0.0474178125,5.259375,1.012,
0,24,,,6.312561035156251,33.203125,34.49218750000001,0.0473434375,5.259960937500001,1.046,
0,24,,,6.312561035156251,33.203125,35.53710937500001,0.0473434375,5.259765625,1.08,
0,24,,,6.312751770019532,33.203125,36.68945312500001,0.047345000000000005,5.259765625,1.114,
0,24,,,6.31542205810547,33.22021484375001,37.85156250000001,0.047365312500000006,5.2603515625,1.148,
0,24,,,6.31542205810547,33.22021484375001,39.00390625000001,0.047438125000000005,5.259960937500001,1.182,
0,24,,,6.325149536132813,33.2696533203125,40.15625000000001,0.047438125000000005,5.259960937500001,1.216,
0,24,,,6.325721740722656,33.2757568359375,41.20117187500001,0.047443437500000005,5.2603515625,1.25,
0,24,,,6.325721740722656,33.2757568359375,42.35351562500001,0.047287812500000005,5.2595703125,1.284,
0,24,,,6.305122375488282,33.16101074218751,43.50585937500001,0.047287812500000005,5.2595703125,1.318,
0,24,,,6.317520141601563,33.22998046875,44.65820312500001,0.0473815625,5.259960937500001,1.352,
0,24,,,6.317520141601563,33.22998046875,45.712890625,0.0474440625,5.259765625,1.386,
0,24,,,6.325912475585938,33.2720947265625,46.86523437500001,0.0474440625,5.259765625,1.42,
0,24,,,6.316947937011719,33.2244873046875,48.01757812500001,0.047376562500000004,5.259765625,1.454,
0,24,,,6.316947937011719,33.2244873046875,49.169921875,0.047387187500000004,5.259765625,1.488,
0,24,,,6.318283081054688,33.23303222656251,50.32226562500001,0.047387187500000004,5.259765625,1.522,
0,24,,,6.312561035156251,33.20434570312501,51.37695312500001,0.047344062500000006,5.259960937500001,1.556,
0,24,,,6.325531005859375,33.27148437500001,52.529296875,0.047441875,5.259765625,1.59,
0,24,,,6.325531005859375,33.27148437500001,53.68164062500001,0.047441875,5.259765625,1.624,
0,24,,,6.319618225097656,33.2391357421875,54.83398437500001,0.0473965625,5.259765625,1.658,
0,24,,,6.3167572021484375,33.226318359375,55.986328125000014,0.047375625000000005,5.2601562500000005,1.692,
0,24,,,6.3167572021484375,33.226318359375,57.03125000000001,0.047375625000000005,5.2601562500000005,1.726,
0,24,,,6.311798095703126,33.199462890625,58.183593750000014,0.04733781250000001,5.259960937500001,1.76,
0,24,,,6.311988830566406,33.199462890625,59.33593750000001,0.047339687500000005,5.259765625,1.794,
0,24,,,6.311988830566406,33.199462890625,60.488281250000014,0.047339687500000005,5.259765625,1.828,
0,24,,,6.302833557128906,33.15246582031251,61.54296875000001,0.04727125,5.259960937500001,1.862,
0,24,,,6.321144104003907,33.25134277343751,62.6953125,0.047408750000000006,5.2603515625,1.896,
0,24,,,6.321144104003907,33.25134277343751,63.84765625000001,0.047408750000000006,5.2603515625,1.93,
0,24,,,6.337547302246095,33.3331298828125,65.0,0.047531562500000006,5.2595703125,1.964,
0,24,,,6.328773498535157,33.28674316406251,66.05468750000001,0.047465625000000004,5.2595703125,1.998,
0,24,,,6.328773498535157,33.28674316406251,67.20703125000001,0.047465625000000004,5.2595703125,2.032,
0,24,,,6.319999694824219,33.23974609375,68.359375,0.04740031250000001,5.259375,2.066,
0,24,,,6.312751770019532,33.20495605468751,69.51171875,0.04734531250000001,5.259960937500001,2.1,
0,24,,,6.312751770019532,33.20495605468751,70.6640625,0.04734531250000001,5.259960937500001,2.134,
0,24,,,6.308937072753907,33.18908691406251,71.708984375,0.0473171875,5.260546875,2.168,
0,24,,,6.311988830566406,33.19885253906251,72.87109375,0.0473390625,5.259765625,2.202,
0,24,,,6.311988830566406,33.19885253906251,74.0234375,0.0473390625,5.259765625,2.236,
0,24,,,6.317138671875,33.22998046875,75.17578125000001,0.04737812500000001,5.2603515625,2.27,
0,24,,,6.327247619628906,33.28186035156251,76.22070312500001,0.0474534375,5.2601562500000005,2.304,
0,24,,,6.327247619628906,33.28186035156251,77.37304687500001,0.0474534375,5.2601562500000005,2.338,
0,24,,,6.3121795654296875,33.199462890625,78.52539062500001,0.0473415625,5.2595703125,2.372,
0,24,,,6.302261352539063,33.1500244140625,79.67773437500001,0.04726625,5.2601562500000005,2.406,
0,24,,,6.302261352539063,33.1500244140625,80.72265625000001,0.04726625,5.2601562500000005,2.44,
0,24,,,6.299209594726563,33.1329345703125,81.87500000000001,0.047243437500000006,5.259960937500001,2.474,
0,24,,,6.3045501708984375,33.1640625,83.02734375000001,0.047283750000000006,5.2603515625,2.508,
0,24,,,6.3045501708984375,33.1640625,84.1796875,0.047283750000000006,5.2603515625,2.543,
0,24,,,6.306838989257813,33.1768798828125,85.33203125000001,0.0473009375,5.260546875,2.577,
0,24,,,6.3152313232421875,33.21777343750001,86.484375,0.04736375,5.259960937500001,2.611,
0,24,,,6.3152313232421875,33.21777343750001,87.52929687500001,0.04736375,5.259960937500001,2.645,
0,24,,,6.299591064453125,33.134765625,88.681640625,0.047246562500000006,5.259960937500001,2.679,
0,24,,,6.314277648925781,33.21166992187501,89.83398437500001,0.047356562500000005,5.259765625,2.713,
0,24,,,6.314277648925781,33.21166992187501,90.98632812500001,0.047319375000000004,5.259960937500001,2.747,
0,24,,,6.309318542480469,33.1866455078125,92.03125000000001,0.047319375000000004,5.259960937500001,2.781,
0,24,,,6.316375732421876,33.22204589843751,93.18359375000001,0.04737281250000001,5.259765625,2.815,
0,24,,,6.316375732421876,33.22204589843751,94.33593750000001,0.047456875,5.259960937500001,2.849,
0,24,,,6.327629089355469,33.28186035156251,95.48828125000001,0.047456875,5.259960937500001,2.883,
0,24,,,6.316566467285157,33.2232666015625,96.54296875000001,0.047373437500000004,5.259765625,2.917,
0,24,,,6.316566467285157,33.2232666015625,97.69531250000001,0.047394375,5.259765625,2.951,
0,24,,,6.319236755371095,33.23669433593751,98.84765625000001,0.047394375,5.259765625,2.985,
0,24,,,6.320381164550782,33.2464599609375,100.0,0.04740250000000001,5.2601562500000005,3.019,
0,24,,,6.320381164550782,33.2464599609375,101.15234375,0.04735906250000001,5.259765625,3.053,
0,24,,,6.314659118652345,33.2122802734375,102.20703125000003,0.04735906250000001,5.259765625,3.087,
0,24,,,6.314277648925781,33.21350097656251,103.35937500000001,0.047357500000000004,5.259960937500001,3.121,
0,24,,,6.314277648925781,33.21350097656251,104.51171875000001,0.047461562500000005,5.2601562500000005,3.155,
0,24,,,6.3282012939453125,33.28674316406251,105.6640625,0.047461562500000005,5.2601562500000005,3.189,
0,24,,,6.310653686523438,33.19519042968751,106.70898437500001,0.04732937500000001,5.2603515625,3.223,
0,24,,,6.332588195800782,33.306884765625,107.87109375000003,0.047493437500000006,5.259765625,3.257,
0,24,,,6.332588195800782,33.306884765625,109.013671875,0.047493437500000006,5.259765625,3.291,
0,24,,,6.301689147949219,33.14514160156251,110.16601562500001,0.047263125,5.259765625,3.325,
0,24,,,6.31103515625,33.19641113281251,111.22070312500001,0.0473328125,5.259960937500001,3.359,
0,24,,,6.31103515625,33.19641113281251,112.37304687500001,0.0473328125,5.259960937500001,3.393,
0,24,,,6.319999694824219,33.24401855468751,113.525390625,0.047400000000000005,5.2601562500000005,3.427,
0,24,,,6.315040588378906,33.21533203125,114.677734375,0.047363125000000006,5.259765625,3.461,
0,24,,,6.315040588378906,33.21533203125,115.83007812500001,0.047363125000000006,5.259765625,3.495,
0,24,,,6.3129425048828125,33.20495605468751,116.875,0.047346250000000006,5.259960937500001,3.529,
0,24,,,6.3152313232421875,33.21655273437501,118.02734375000001,0.047364062500000005,5.259765625,3.563,
0,24,,,6.3152313232421875,33.21655273437501,119.17968750000001,0.047364062500000005,5.259765625,3.597,
0,24,,,6.3083648681640625,33.1793212890625,120.33203125000001,0.047311875,5.259765625,3.631,
0,24,,,6.3243865966796875,33.262939453125,121.484375,0.04743218750000001,5.2595703125,3.665,
0,24,,,6.3243865966796875,33.262939453125,122.53906250000001,0.04743218750000001,5.2595703125,3.699,
0,24,,,6.321525573730469,33.2476806640625,123.69140625000003,0.047411562500000004,5.259375,3.733,
0,24,,,6.316566467285157,33.22265625,124.84375000000001,0.047373437500000004,5.259765625,3.767,
0,24,,,6.316566467285157,33.22265625,125.99609375000001,0.047373437500000004,5.259765625,3.801,
0,24,,,6.32610321044922,33.27453613281251,127.05078125,0.047445,5.259960937500001,3.835,
0,24,,,6.315612792968751,33.21960449218751,128.20312500000003,0.047366875,5.259960937500001,3.869,
0,24,,,6.315612792968751,33.21960449218751,129.35546875,0.047366875,5.259960937500001,3.903,
0,24,,,6.313896179199219,33.2080078125,130.50781250000003,0.047353437500000005,5.2595703125,3.937,
0,24,,,6.304740905761719,33.15917968750001,131.552734375,0.047284687500000006,5.2595703125,3.971,
0,24,,,6.304740905761719,33.15917968750001,132.70507812500003,0.047284687500000006,5.2595703125,4.005,
0,24,,,6.305694580078125,33.16589355468751,133.85742187500003,0.047293125000000005,5.2595703125,4.039,
0,24,,,6.318855285644531,33.23669433593751,135.009765625,0.0473909375,5.259960937500001,4.073,
0,24,,,6.318855285644531,33.23669433593751,136.16210937500003,0.0473909375,5.259960937500001,4.107,
0,24,,,6.319999694824219,33.2427978515625,137.21679687500003,0.0473996875,5.2601562500000005,4.141,
0,24,,,6.32171630859375,33.25134277343751,138.36914062500003,0.04741312500000001,5.259765625,4.175,
0,24,,,6.32171630859375,33.25134277343751,139.521484375,0.04741312500000001,5.259765625,4.209,
0,24,,,6.322288513183595,33.2537841796875,140.673828125,0.047416875000000004,5.259765625,4.243,
0,24,,,6.323432922363281,33.25866699218751,141.71875,0.04742625,5.2595703125,4.277,
0,24,,,6.323432922363281,33.25866699218751,142.88085937500003,0.04742625,5.259960937500001,4.311,
0,24,,,6.313514709472657,33.2086181640625,144.033203125,0.047351250000000004,5.259960937500001,4.345,
0,24,,,6.320762634277344,33.24707031250001,145.18554687500003,0.0474046875,5.2601562500000005,4.379,
0,24,,,6.320762634277344,33.24707031250001,146.23046875,0.0474046875,5.2595703125,4.413,
0,24,,,6.3121795654296875,33.19885253906251,147.38281250000003,0.047340625000000004,5.2595703125,4.447,
0,24,,,6.309318542480469,33.1866455078125,148.53515625,0.047319687500000006,5.259960937500001,4.481,
0,24,,,6.309318542480469,33.1866455078125,149.68750000000003,0.047354687500000006,5.2595703125,4.515,
0,24,,,6.313896179199219,33.2080078125,150.83984375000003,0.047354687500000006,5.2595703125,4.549,
0,24,,,6.316947937011719,33.22814941406251,151.88476562500003,0.04737625,5.2603515625,4.583,
0,24,,,6.316947937011719,33.22814941406251,153.03710937500003,0.047278437500000006,5.259375,4.617,
0,24,,,6.3037872314453125,33.154296875,154.18945312500003,0.047278437500000006,5.259375,4.652,
0,24,,,6.305885314941407,33.16772460937501,155.34179687500003,0.04729437500000001,5.259765625,4.686,
0,24,,,6.305885314941407,33.16772460937501,156.494140625,0.047352500000000006,5.2603515625,4.72,
0,24,,,6.313705444335938,33.2122802734375,157.53906250000003,0.047352500000000006,5.2603515625,4.754,
0,24,,,6.316566467285157,33.22937011718751,158.69140625,0.047373750000000006,5.2607421875,4.788,
0,24,,,6.316566467285157,33.2391357421875,159.85351562500003,0.047392812500000006,5.2601562500000005,4.822,
0,24,,,6.3190460205078125,33.2391357421875,160.99609375,0.047392812500000006,5.2601562500000005,4.856,
0,24,,,6.304931640625001,33.16162109375,162.158203125,0.047286562500000004,5.259765625,4.89,
0,24,,,6.328392028808594,33.2855224609375,163.203125,0.04746281250000001,5.259765625,4.924,
0,24,,,6.328392028808594,33.2855224609375,164.35546875,0.04746281250000001,5.259765625,4.958,
0,24,,,6.313133239746094,33.20678710937501,165.50781250000003,0.04734875,5.259960937500001,4.992,
0,24,,,6.320953369140625,33.253173828125,166.66015625000003,0.047406875,5.2607421875,5.026,
0,24,,,6.320953369140625,33.253173828125,167.71484375,0.047406875,5.2607421875,5.06,
0,24,,,6.319618225097656,33.2415771484375,168.86718750000003,0.04739718750000001,5.259960937500001,5.094,
0,24,,,6.330871582031251,33.29589843750001,170.01953125000003,0.04748187500000001,5.259375,5.128,
0,24,,,6.330871582031251,33.29589843750001,171.18164062500003,0.04748187500000001,5.259375,5.162,
0,24,,,6.3190460205078125,33.23669433593751,172.2265625,0.047392500000000004,5.259765625,5.196,
0,24,,,6.331062316894531,33.30078125,173.37890625000003,0.047482500000000004,5.259960937500001,5.23,
0,24,,,6.331062316894531,33.30078125,174.53125000000003,0.047482500000000004,5.259960937500001,5.264,
0,24,,,6.308937072753907,33.18603515625001,175.68359375,0.047316250000000004,5.2603515625,5.298,
0,24,,,6.314849853515625,33.2171630859375,176.83593750000003,0.047361875000000005,5.2601562500000005,5.332,
0,24,,,6.314849853515625,33.2171630859375,177.880859375,0.047361875000000005,5.2601562500000005,5.366,
0,24,,,6.305694580078125,33.16833496093751,179.03320312500003,0.047292187500000006,5.2601562500000005,5.4,
0,24,,,6.3121795654296875,33.20251464843751,180.18554687500003,0.047340937500000006,5.2601562500000005,5.434,
0,24,,,6.3121795654296875,33.20251464843751,181.33789062500003,0.047340937500000006,5.2601562500000005,5.468,
0,24,,,6.314277648925781,33.21411132812501,182.392578125,0.04735687500000001,5.2601562500000005,5.502,
0,24,,,6.315612792968751,33.22082519531251,183.54492187500003,0.047366875,5.2601562500000005,5.536,
0,24,,,6.315612792968751,33.22082519531251,184.69726562500003,0.047366875,5.2601562500000005,5.57,
0,24,,,6.309890747070313,33.18908691406251,185.84960937500003,0.04732406250000001,5.259960937500001,5.604,
0,24,,,6.311607360839845,33.19824218750001,186.89453125000003,0.047336562500000005,5.259960937500001,5.638,
0,24,,,6.311607360839845,33.19824218750001,188.04687500000003,0.047336562500000005,5.259960937500001,5.672,
0,24,,,6.315040588378906,33.21533203125,189.19921875,0.0473625,5.259765625,5.706,
0,24,,,6.3018798828125,33.1475830078125,190.35156250000003,0.047264375000000004,5.259960937500001,5.74,
0,24,,,6.3018798828125,33.1475830078125,191.50390625000003,0.047264375000000004,5.259960937500001,5.774,
0,24,,,6.311225891113281,33.19763183593751,192.65625000000003,0.047333437500000006,5.2601562500000005,5.808,
0,24,,,6.305122375488282,33.1640625,193.70117187500003,0.047288750000000004,5.259765625,5.842,
0,24,,,6.305122375488282,33.1640625,194.85351562500003,0.047288750000000004,5.2595703125,5.876,
0,24,,,6.304740905761719,33.15979003906251,196.00585937500003,0.047285,5.2595703125,5.91,
0,24,,,6.3167572021484375,33.226318359375,197.15820312500003,0.047375,5.2601562500000005,5.944,
0,24,,,6.3167572021484375,33.226318359375,198.20312500000003,0.047375,5.259765625,5.978,
0,24,,,6.3167572021484375,33.2244873046875,199.35546875000003,0.04737593750000001,5.259765625,6.012,
0,24,,,6.3159942626953125,33.21960449218751,200.50781250000006,0.047370312500000004,5.2595703125,6.046,
0,24,,,6.3159942626953125,33.21960449218751,201.66015625,0.047335312500000004,5.259960937500001,6.08,
0,24,,,6.3114166259765625,33.19824218750001,202.70507812500006,0.047335312500000004,5.259960937500001,6.114,
0,24,,,6.305694580078125,33.16711425781251,203.857421875,0.0472928125,5.259960937500001,6.148,
0,24,,,6.305694580078125,33.16711425781251,205.00976562500003,0.047403125000000004,5.2603515625,6.182,
0,24,,,6.320381164550782,33.24707031250001,206.17187500000003,0.047403125000000004,5.2603515625,6.216,
0,24,,,6.316947937011719,33.22509765625,207.32421875,0.047376562500000004,5.259765625,6.25,
0,24,,,6.316947937011719,33.22509765625,208.36914062500003,0.047325937500000005,5.2603515625,6.284,
0,24,,,6.310272216796875,33.1927490234375,209.521484375,0.047325937500000005,5.2603515625,6.318,
0,24,,,6.327247619628906,33.27880859375001,210.67382812500003,0.047454062500000005,5.2595703125,6.352,
0,24,,,6.327247619628906,33.27880859375001,211.826171875,0.047338437500000004,5.259960937500001,6.386,
0,24,,,6.311798095703126,33.2000732421875,212.880859375,0.047338437500000004,5.259960937500001,6.42,
0,24,,,6.318092346191406,33.23425292968751,214.03320312500006,0.0473859375,5.2601562500000005,6.454,
0,24,,,6.318092346191406,33.2080078125,215.18554687500003,0.047354375000000004,5.2595703125,6.488,
0,24,,,6.313896179199219,33.2080078125,216.33789062500003,0.047354375000000004,5.2595703125,6.522,
0,24,,,6.307220458984375,33.177490234375,217.490234375,0.047304375,5.2603515625,6.556,
0,24,,,6.306076049804688,33.16772460937501,218.53515625000003,0.047295312500000006,5.259765625,6.59,
0,24,,,6.306076049804688,33.16772460937501,219.6875,0.047295312500000006,5.259765625,6.624,
0,24,,,6.315803527832031,33.21960449218751,220.83984375000003,0.04736875,5.259765625,6.658,
0,24,,,6.327629089355469,33.2794189453125,221.99218750000006,0.047457187500000005,5.259375,6.692,
0,24,,,6.327629089355469,33.2794189453125,223.03710937500003,0.047457187500000005,5.259375,6.726,
0,24,,,6.30340576171875,33.15673828125001,224.18945312500006,0.0472746875,5.2603515625,6.761,
0,24,,,6.314468383789063,33.2147216796875,225.341796875,0.047359375,5.2601562500000005,6.795,
0,24,,,6.314468383789063,33.2147216796875,226.50390625000003,0.047359375,5.2601562500000005,6.829,
0,24,,,6.315040588378906,33.22082519531251,227.646484375,0.047361875000000005,5.260546875,6.863,
0,24,,,6.298255920410157,33.1268310546875,228.69140625000003,0.0472365625,5.259765625,6.897,
0,24,,,6.298255920410157,33.1268310546875,229.84375,0.0472365625,5.259765625,6.931,
0,24,,,6.31103515625,33.19885253906251,230.99609375000003,0.047333125000000004,5.260546875,6.965,
0,24,,,6.307411193847656,33.177490234375,232.14843750000003,0.047304687500000005,5.2601562500000005,6.999,
0,24,,,6.307411193847656,33.177490234375,233.30078125,0.047304687500000005,5.2601562500000005,7.033,
0,24,,,6.299400329589845,33.13232421875,234.34570312500003,0.047245625000000006,5.2595703125,7.067,
0,24,,,6.300354003906251,33.1390380859375,235.498046875,0.0472525,5.259960937500001,7.101,
0,24,,,6.300354003906251,33.1390380859375,236.65039062500003,0.0472525,5.259960937500001,7.135,
0,24,,,6.316947937011719,33.22570800781251,237.802734375,0.047376875000000006,5.259765625,7.169,
0,24,,,6.321525573730469,33.24951171875001,238.84765625000003,0.04741125,5.259765625,7.203,
0,24,,,6.321525573730469,33.24951171875001,240.00000000000006,0.04741125,5.259765625,7.237,
0,24,,,6.300354003906251,33.13659667968751,241.15234375000003,0.047251875000000006,5.2595703125,7.271,
0,24,,,6.328964233398438,33.291015625,242.31445312500003,0.047466875000000006,5.2601562500000005,7.305,
0,24,,,6.328964233398438,33.291015625,243.35937500000003,0.047466875000000006,5.2601562500000005,7.339,
0,24,,,6.327056884765626,33.2781982421875,244.51171875000003,0.047452187500000007,5.259765625,7.373,
0,24,,,6.318092346191406,33.23303222656251,245.66406250000006,0.047385000000000004,5.2601562500000005,7.407,
0,24,,,6.318092346191406,33.23303222656251,246.81640625,0.047385000000000004,5.2601562500000005,7.441,
0,24,,,6.314277648925781,33.21350097656251,247.96875000000006,0.047356562500000005,5.2601562500000005,7.475,
0,24,,,6.313133239746094,33.20617675781251,249.0234375,0.04734843750000001,5.259960937500001,7.509,
0,24,,,6.313133239746094,33.20617675781251,250.16601562500003,0.04734843750000001,5.2595703125,7.543,
0,24,,,6.304740905761719,33.15979003906251,251.31835937500003,0.047285,5.2595703125,7.577,
0,24,,,6.312561035156251,33.20373535156251,252.47070312500003,0.0473434375,5.2601562500000005,7.611,
0,24,,,6.312561035156251,33.20373535156251,253.52539062500006,0.0473434375,5.259765625,7.645,
0,24,,,6.319236755371095,33.23669433593751,254.67773437500003,0.047393750000000005,5.259765625,7.679,
0,24,,,6.308555603027344,33.184814453125,255.83007812500003,0.04731375,5.2603515625,7.713,
0,24,,,6.308555603027344,33.184814453125,256.98242187500006,0.047365937500000004,5.260546875,7.747,
0,24,,,6.31542205810547,33.22204589843751,258.037109375,0.047365937500000004,5.260546875,7.781,
0,24,,,6.32476806640625,33.270263671875,259.17968750000006,0.047435937500000004,5.2603515625,7.815,
0,24,,,6.32476806640625,33.270263671875,260.33203125000006,0.04727218750000001,5.2595703125,7.849,
0,24,,,6.303024291992188,33.1512451171875,261.48437500000006,0.04727218750000001,5.2595703125,7.883,
0,24,,,6.305503845214844,33.16650390625,262.63671875,0.047290625,5.259960937500001,7.917,
0,24,,,6.305503845214844,33.16650390625,263.78906250000006,0.047315312500000005,5.259960937500001,7.952,
0,24,,,6.308746337890626,33.18298339843751,264.833984375,0.047315312500000005,5.259960937500001,7.986,
0,24,,,6.3198089599609375,33.23974609375,265.98632812500006,0.04739875,5.2595703125,8.02,
0,24,,,6.3198089599609375,33.23974609375,267.138671875,0.0473390625,5.259765625,8.054,
0,24,,,6.311988830566406,33.199462890625,268.291015625,0.0473390625,5.259765625,8.088,
0,24,,,6.3114166259765625,33.197021484375,269.34570312500006,0.047335,5.259960937500001,8.122,
0,24,,,6.3167572021484375,33.22570800781251,270.498046875,0.047375625000000005,5.259960937500001,8.155,
0,24,,,6.3167572021484375,33.22570800781251,271.640625,0.047375625000000005,5.259960937500001,8.189,
0,24,,,6.2969207763671875,33.12194824218751,272.802734375,0.047226875,5.259960937500001,8.223,
0,24,,,6.321334838867188,33.2489013671875,273.95507812500006,0.047409687500000006,5.259960937500001,8.257,
0,24,,,6.321334838867188,33.2489013671875,275.0,0.047409687500000006,5.259960937500001,8.291,
0,24,,,6.310462951660156,33.19152832031251,276.15234375000006,0.047327812500000004,5.259765625,8.325,
0,24,,,6.3083648681640625,33.18115234375001,277.30468750000006,0.04731250000000001,5.259960937500001,8.359,
0,24,,,6.3083648681640625,33.18115234375001,278.44726562500006,0.04731250000000001,5.259960937500001,8.393,
0,24,,,6.308555603027344,33.1842041015625,279.50195312500006,0.047314375000000006,5.2601562500000005,8.427,
0,24,,,6.3129425048828125,33.20251464843751,280.65429687500006,0.047347187500000006,5.259375,8.461,
0,24,,,6.3129425048828125,33.20251464843751,281.80664062500006,0.047347187500000006,5.259375,8.495,
0,24,,,6.317138671875,33.22692871093751,282.958984375,0.047377812500000005,5.259960937500001,8.529,
0,24,,,6.307983398437501,33.177490234375,284.00390625000006,0.047309375,5.259765625,8.563,
0,24,,,6.307983398437501,33.177490234375,285.15625,0.047309375,5.259765625,8.597,
0,24,,,6.30321502685547,33.15307617187501,286.30859375,0.047274062500000005,5.259765625,8.631,
0,24,,,6.310081481933594,33.18908691406251,287.46093750000006,0.04732625000000001,5.259765625,8.665,
0,24,,,6.310081481933594,33.18908691406251,288.61328125,0.04732625000000001,5.259765625,8.699,
0,24,,,6.317329406738282,33.2305908203125,289.65820312500006,0.047380000000000005,5.2601562500000005,8.733,
0,24,,,6.3114166259765625,33.19641113281251,290.810546875,0.047335625000000006,5.259765625,8.767,
0,24,,,6.3114166259765625,33.19641113281251,291.962890625,0.047335625000000006,5.259765625,8.801,
0,24,,,6.314277648925781,33.21350097656251,293.11523437500006,0.047356562500000005,5.2601562500000005,8.835,
0,24,,,6.3243865966796875,33.26599121093751,294.26757812500006,0.04743312500000001,5.259960937500001,8.87,
0,24,,,6.3243865966796875,33.26599121093751,295.322265625,0.04743312500000001,5.259960937500001,8.904,
0,24,,,6.302452087402344,33.1500244140625,296.46484375000006,0.047268125,5.259960937500001,8.938,
0,24,,,6.318855285644531,33.23730468750001,297.62695312500006,0.04739125,5.259960937500001,8.972,
0,24,,,6.318855285644531,33.23730468750001,298.779296875,0.04739125,5.259960937500001,9.006,
0,24,,,6.31084442138672,33.19519042968751,299.82421875000006,0.0473309375,5.259960937500001,9.04,
0,24,,,6.312751770019532,33.20434570312501,300.97656250000006,0.0473446875,5.259960937500001,9.074,
0,24,,,6.312751770019532,33.20434570312501,302.12890625000006,0.0473446875,5.259960937500001,9.108,
0,24,,,6.324195861816407,33.26538085937501,303.28125000000006,0.0474315625,5.2601562500000005,9.142,
0,24,,,6.317520141601563,33.232421875,304.32617187500006,0.047380625,5.260546875,9.176,
0,24,,,6.317520141601563,33.232421875,305.47851562500006,0.047380625,5.2601562500000005,9.21,
0,24,,,6.308937072753907,33.1854248046875,306.630859375,0.047316875,5.2601562500000005,9.244,
0,24,,,6.307029724121095,33.17321777343751,307.78320312500006,0.0473021875,5.259765625,9.278,
0,24,,,6.307029724121095,33.17321777343751,308.935546875,0.0473021875,5.2601562500000005,9.312,
0,24,,,6.310462951660156,33.193359375,309.99023437500006,0.04732875,5.2601562500000005,9.346,
0,24,,,6.330871582031251,33.30322265625001,311.14257812500006,0.0474809375,5.260546875,9.38,
0,24,,,6.330871582031251,33.30322265625001,312.294921875,0.04737625,5.259960937500001,9.414,
0,24,,,6.316947937011719,33.22570800781251,313.45703125,0.04737625,5.259960937500001,9.448,
0,24,,,6.328964233398438,33.2861328125,314.501953125,0.047466562500000004,5.259375,9.482,
0,24,,,6.328964233398438,33.2861328125,315.654296875,0.0473571875,5.2603515625,9.516,
0,24,,,6.314277648925781,33.21533203125,316.80664062500006,0.0473571875,5.2603515625,9.55,
0,24,,,6.308937072753907,33.1854248046875,317.95898437500006,0.047317500000000005,5.259960937500001,9.584,
0,24,,,6.308937072753907,33.1854248046875,319.00390625000006,0.0473815625,5.259960937500001,9.618,
0,24,,,6.317520141601563,33.22998046875,320.15625000000006,0.0473815625,5.259960937500001,9.652,
0,24,,,6.3037872314453125,33.1573486328125,321.30859375000006,0.0472778125,5.259960937500001,9.686,
0,24,,,6.3037872314453125,33.1573486328125,322.46093750000006,0.0473446875,5.259960937500001,9.72,
0,24,,,6.312561035156251,33.20434570312501,323.61328125000006,0.0473446875,5.259960937500001,9.754,
0,24,,,6.3083648681640625,33.17993164062501,324.66796875000006,0.04731250000000001,5.259765625,9.788,
0,24,,,6.339263916015626,33.3465576171875,325.82031250000006,0.047544062500000005,5.2603515625,9.822,
0,24,,,6.339263916015626,33.3465576171875,326.97265625000006,0.047544062500000005,5.2603515625,9.856,
0,24,,,6.327247619628906,33.28247070312501,328.13476562500006,0.0474534375,5.2603515625,9.89,
0,24,,,6.3266754150390625,33.2757568359375,329.28710937500006,0.047449375,5.259765625,9.924,
0,24,,,6.3266754150390625,33.2757568359375,330.33203125000006,0.047449375,5.259765625,9.958,
0,24,,,6.309890747070313,33.192138671875,331.48437500000006,0.04732406250000001,5.2603515625,9.992,
0,25,,,6.1767578125,32.491455078125,335.927734375,0.046325000000000005,5.2603515625,10.127,
0,25,,,6.1767578125,32.491455078125,337.04101562500006,0.046325000000000005,5.2603515625,10.161,
0,25,,,6.07128143310547,31.9366455078125,338.04687500000006,0.04553406250000001,5.2603515625,10.195,
0,25,,,6.077766418457031,31.970214843750004,339.16015625,0.045583750000000006,5.2601562500000005,10.229,
0,25,,,6.077766418457031,31.970214843750004,340.26367187500006,0.045583750000000006,5.2601562500000005,10.263,
0,25,,,6.073188781738282,31.950073242187507,341.37695312500006,0.045549375,5.2607421875,10.297,
0,25,,,6.091880798339844,32.04467773437501,342.3828125,0.045689375000000004,5.2601562500000005,10.331,
0,25,,,6.091880798339844,32.04467773437501,343.49609375,0.045689375000000004,5.2601562500000005,10.365,
0,25,,,6.083869934082032,32.0037841796875,344.60937500000006,0.04562937500000001,5.2603515625,10.399,
0,25,,,6.081390380859375,31.992797851562504,345.72265625000006,0.045610000000000005,5.260937500000001,10.433,
0,25,,,6.081390380859375,31.992797851562504,346.728515625,0.045610000000000005,5.260937500000001,10.467,
0,25,,,6.08196258544922,31.992797851562504,347.84179687500006,0.045615,5.2603515625,10.501,
0,25,,,6.090354919433595,32.037353515625,348.95507812500006,0.045677812500000005,5.2603515625,10.535,
0,25,,,6.090354919433595,32.037353515625,350.05859375000006,0.045677812500000005,5.2603515625,10.569,
0,25,,,6.089019775390625,32.03063964843751,351.07421875,0.0456678125,5.2603515625,10.602,
0,25,,,6.0871124267578125,32.02148437500001,352.18750000000006,0.04565375000000001,5.260546875,10.636,
0,25,,,6.0871124267578125,32.02148437500001,353.29101562500006,0.04565375000000001,5.260546875,10.67,
0,25,,,6.0787200927734375,31.977539062500004,354.40429687500006,0.045590937500000005,5.260546875,10.704,
0,25,,,6.087684631347657,32.025146484375,355.517578125,0.045657500000000004,5.2607421875,10.738,
0,25,,,6.087684631347657,32.025146484375,356.52343750000006,0.045657500000000004,5.2607421875,10.772,
0,25,,,6.079101562500001,31.978759765625004,357.63671875,0.0455928125,5.260546875,10.806,
0,25,,,6.091308593750001,32.04345703125,358.75000000000006,0.045685312500000005,5.260546875,10.84,
0,25,,,6.091308593750001,32.04345703125,359.853515625,0.045685312500000005,5.260546875,10.874,
0,25,,,6.067085266113281,31.915893554687504,360.85937500000006,0.045503125000000005,5.260546875,10.908,
0,25,,,6.0832977294921875,31.999511718750004,361.97265625000006,0.04562406250000001,5.2603515625,10.942,
0,25,,,6.0832977294921875,31.999511718750004,363.0859375,0.04562406250000001,5.2603515625,10.976,
0,25,,,6.0840606689453125,32.00622558593751,364.19921875000006,0.045630312500000006,5.2607421875,11.01,
0,25,,,6.083106994628906,32.003173828125,365.205078125,0.045622812500000005,5.260937500000001,11.044,
0,25,,,6.083106994628906,32.003173828125,366.30859375,0.045622812500000005,5.2607421875,11.079,
0,25,,,6.069755554199219,31.931762695312504,367.421875,0.04552343750000001,5.2607421875,11.113,
0,25,,,6.08654022216797,32.017822265625,368.53515625000006,0.045649375000000006,5.2603515625,11.147,
0,25,,,6.08654022216797,32.017822265625,369.64843750000006,0.045581562500000006,5.2603515625,11.181,
0,25,,,6.07757568359375,31.968994140625004,370.75195312500006,0.045581562500000006,5.2603515625,11.215,
0,25,,,6.084442138671875,32.00866699218751,371.76757812500006,0.0456328125,5.2607421875,11.249,
0,25,,,6.084442138671875,32.00866699218751,372.88085937500006,0.0456815625,5.2603515625,11.283,
0,25,,,6.0909271240234375,32.039794921875,373.98437500000006,0.0456815625,5.2603515625,11.317,
0,25,,,6.087493896484376,32.0245361328125,375.09765625,0.045656562500000004,5.2607421875,11.351,
0,25,,,6.087493896484376,32.0245361328125,376.11328125000006,0.04566750000000001,5.2603515625,11.385,
0,25,,,6.089019775390625,32.02941894531251,377.21679687500006,0.04566750000000001,5.2603515625,11.419,
0,25,,,6.076812744140625,31.966552734375007,378.33007812500006,0.045576250000000006,5.2603515625,11.453,
0,25,,,6.076812744140625,31.966552734375007,379.443359375,0.0456634375,5.260546875,11.487,
0,25,,,6.088447570800782,32.0281982421875,380.44921875000006,0.0456634375,5.260546875,11.521,
0,25,,,6.083869934082032,32.003173828125,381.5625,0.045628125000000005,5.2603515625,11.555,
0,25,,,6.083869934082032,32.02941894531251,382.67578125000006,0.04566437500000001,5.260546875,11.589,
0,25,,,6.088638305664063,32.02941894531251,383.7890625,0.04566437500000001,5.260546875,11.623,
0,25,,,6.095123291015626,32.06237792968751,384.90234375000006,0.0457134375,5.2603515625,11.657,
0,25,,,6.088638305664063,32.02758789062501,385.90820312500006,0.04566437500000001,5.2603515625,11.691,
0,25,,,6.088638305664063,32.02758789062501,387.02148437500006,0.04566437500000001,5.2603515625,11.725,
0,25,,,6.093406677246095,32.05444335937501,388.13476562500006,0.045700000000000005,5.260546875,11.759,
0,25,,,6.081581115722656,31.9915771484375,389.24804687500006,0.0456115625,5.260546875,11.793,
0,25,,,6.081581115722656,31.9915771484375,390.25390625000006,0.0456115625,5.260546875,11.827,
0,25,,,6.089401245117188,32.032470703125,391.357421875,0.04566968750000001,5.260546875,11.861,
0,25,,,6.065559387207032,31.908569335937504,392.47070312500006,0.045491250000000004,5.260546875,11.895,
0,25,,,6.065559387207032,31.908569335937504,393.58398437500006,0.045491250000000004,5.260546875,11.929,
0,25,,,6.083106994628906,31.999511718750004,394.58984375000006,0.045623125,5.260546875,11.963,
0,25,,,6.0840606689453125,32.0037841796875,395.70312500000006,0.045630625,5.2603515625,11.996,
0,25,,,6.0840606689453125,32.0037841796875,396.81640625000006,0.045630625,5.2603515625,12.03,
0,25,,,6.086730957031251,32.02148437500001,397.919921875,0.04565062500000001,5.260937500000001,12.064,
0,25,,,6.083106994628906,32.00012207031251,398.93554687500006,0.045623125,5.260546875,12.098,
0,25,,,6.083106994628906,32.00012207031251,400.04882812500006,0.045623125,5.260546875,12.133,
0,25,,,6.0909271240234375,32.04162597656251,401.16210937500006,0.0456815625,5.260546875,12.167,
0,25,,,6.093215942382813,32.0489501953125,402.27539062500006,0.04569875,5.259765625,12.201,
0,25,,,6.093215942382813,32.0489501953125,403.37890625000006,0.04569875,5.259765625,12.235,
0,25,,,6.088638305664063,32.02758789062501,404.39453125,0.045665000000000004,5.2603515625,12.269,
0,25,,,6.093406677246095,32.05322265625001,405.50781250000006,0.045699375,5.260546875,12.303,
0,25,,,6.093406677246095,32.05322265625001,406.62109375000006,0.045699375,5.260546875,12.337,
0,25,,,6.098937988281251,32.0831298828125,407.734375,0.045741875,5.2603515625,12.371,
0,25,,,6.101036071777345,32.093505859375,408.84765625000006,0.045757500000000007,5.2603515625,12.405,
0,25,,,6.101036071777345,32.093505859375,409.86328125000006,0.045757500000000007,5.2603515625,12.439,
0,25,,,6.100845336914063,32.09289550781251,410.9765625000001,0.0457559375,5.2603515625,12.473,
0,25,,,6.090354919433595,32.037353515625,412.080078125,0.045676875000000006,5.260546875,12.507,
0,25,,,6.090354919433595,32.037353515625,413.19335937500006,0.045676875000000006,5.260546875,12.541,
0,25,,,6.0840606689453125,32.0037841796875,414.20898437500006,0.045630000000000004,5.2603515625,12.575,
0,25,,,6.0916900634765625,32.04711914062501,415.31250000000006,0.0456878125,5.2607421875,12.609,
0,25,,,6.0916900634765625,32.04711914062501,416.42578125,0.0456878125,5.2607421875,12.643,
0,25,,,6.079673767089844,31.982421875,417.53906250000006,0.0455978125,5.260546875,12.677,
0,25,,,6.091308593750001,32.04406738281251,418.5449218750001,0.045684375000000006,5.2607421875,12.711,
0,25,,,6.091308593750001,32.04406738281251,419.658203125,0.045684375000000006,5.2607421875,12.745,
0,25,,,6.0821533203125,31.995849609375007,420.771484375,0.045616250000000004,5.2607421875,12.779,
0,25,,,6.086158752441406,32.0172119140625,421.88476562500006,0.0456465625,5.260546875,12.813,
0,25,,,6.086158752441406,32.0172119140625,422.9882812500001,0.0456465625,5.2603515625,12.847,
0,25,,,6.0821533203125,31.994628906250004,424.00390625000006,0.045616250000000004,5.2603515625,12.881,
0,25,,,6.083106994628906,31.998291015625007,425.10742187500006,0.045623125,5.2603515625,12.915,
0,25,,,6.083106994628906,31.998291015625007,426.22070312500006,0.045651875,5.2601562500000005,12.949,
0,25,,,6.086921691894531,32.0184326171875,427.3339843750001,0.045651875,5.2601562500000005,12.983,
0,25,,,6.0878753662109375,32.0257568359375,428.34960937500006,0.04565906250000001,5.260546875,13.017,
0,25,,,6.0878753662109375,32.0257568359375,429.462890625,0.045750625,5.260546875,13.051,
0,25,,,6.100082397460938,32.0892333984375,430.57617187500006,0.045750625,5.260546875,13.085,
0,25,,,6.089401245117188,32.0343017578125,431.689453125,0.04567,5.2607421875,13.119,
0,25,,,6.089401245117188,32.0343017578125,432.69531250000006,0.0457125,5.260546875,13.153,
0,25,,,6.095123291015626,32.0635986328125,433.80859375,0.0457125,5.260546875,13.188,
0,25,,,6.0825347900390625,31.997070312500007,434.92187500000006,0.045618437500000004,5.260546875,13.222,
0,25,,,6.0825347900390625,32.03796386718751,436.02539062500006,0.045676562500000004,5.260546875,13.255,
0,25,,,6.090354919433595,32.03796386718751,437.13867187500006,0.045676562500000004,5.260546875,13.289,
0,25,,,6.09416961669922,32.05688476562501,438.251953125,0.0457059375,5.2603515625,13.323,
0,25,,,6.092262268066407,32.04650878906251,439.26757812500006,0.045692500000000004,5.2601562500000005,13.357,
0,25,,,6.092262268066407,32.04650878906251,440.38085937500006,0.045692500000000004,5.2601562500000005,13.391,
0,25,,,6.093215942382813,32.05322265625001,441.4941406250001,0.04569875,5.260546875,13.425,
0,25,,,6.094360351562501,32.05810546875001,442.607421875,0.045707500000000005,5.2603515625,13.459,
0,25,,,6.094360351562501,32.05810546875001,443.61328125000006,0.045707500000000005,5.2603515625,13.493,
0,25,,,6.100082397460938,32.0880126953125,444.72656250000006,0.0457503125,5.2603515625,13.527,
0,25,,,6.099128723144532,32.08435058593751,445.83984375000006,0.0457428125,5.2607421875,13.562,
0,25,,,6.099128723144532,32.08435058593751,446.95312500000006,0.0457428125,5.2607421875,13.596,
0,26,,,6.0955047607421875,32.064208984375,448.06640625,0.045715625,5.2603515625,13.63,
0,26,,,6.261253356933595,32.9351806640625,451.630859375,0.04695968750000001,5.2601562500000005,13.739,
0,26,,,6.572723388671875,34.566650390625,452.861328125,0.0492953125,5.2591796875000005,13.773,
0,26,,,6.572723388671875,34.566650390625,454.09179687500006,0.05052812500000001,5.2591796875000005,13.807,
0,26,,,6.737136840820313,35.430908203125,455.31250000000006,0.05052812500000001,5.2591796875000005,13.841,
0,26,,,6.729507446289063,35.38635253906251,456.4355468750001,0.050470625000000005,5.25859375,13.875,
0,26,,,6.729507446289063,35.38635253906251,457.66601562500006,0.050529375,5.2591796875000005,13.909,
0,26,,,6.737327575683594,35.43212890625001,458.89648437500006,0.050529375,5.2591796875000005,13.943,
0,26,,,6.749153137207031,35.49316406250001,460.126953125,0.050618750000000004,5.2587890625,13.977,
0,26,,,6.749153137207031,35.49316406250001,461.24023437500006,0.05053031250000001,5.258984375000001,14.011,
0,26,,,6.737518310546875,35.430908203125,462.470703125,0.05053031250000001,5.258984375000001,14.045,
0,26,,,6.743049621582031,35.46203613281251,463.70117187500006,0.050573437500000006,5.258984375000001,14.079,
0,26,,,6.743049621582031,35.46203613281251,464.9316406250001,0.05050062500000001,5.2587890625,14.113,
0,26,,,6.733512878417969,35.41015625000001,466.05468750000006,0.05050062500000001,5.2587890625,14.147,
0,26,,,6.747245788574219,35.48522949218751,467.28515625,0.05060437500000001,5.2591796875000005,14.181,
0,26,,,6.747245788574219,35.45959472656251,468.51562500000006,0.050566875000000004,5.259375,14.215,
0,26,,,6.742286682128906,35.45959472656251,469.74609375,0.050566875000000004,5.259375,14.249,
0,26,,,6.7615509033203125,35.5596923828125,470.98632812500006,0.050711875000000003,5.258984375000001,14.283,
0,26,,,6.754302978515626,35.52001953125,472.216796875,0.050657187500000006,5.258984375000001,14.318,
0,26,,,6.754302978515626,35.52001953125,473.33984375000006,0.050657187500000006,5.258984375000001,14.352,
0,26,,,6.744575500488282,35.47119140625001,474.56054687500006,0.050584375,5.2591796875000005,14.386,
0,26,,,6.747436523437501,35.4833984375,475.80078125,0.050605312500000006,5.258984375000001,14.42,
0,26,,,6.747436523437501,35.4833984375,477.03125,0.050605312500000006,5.258984375000001,14.454,
0,26,,,6.745529174804688,35.4754638671875,478.14453125,0.05059062500000001,5.2591796875000005,14.488,
0,26,,,6.737136840820313,35.430908203125,479.37500000000006,0.05052812500000001,5.2591796875000005,14.522,
0,26,,,6.737136840820313,35.430908203125,480.6054687500001,0.05052812500000001,5.2591796875000005,14.556,
0,26,,,6.7424774169921875,35.4583740234375,481.83593750000006,0.050569062500000005,5.258984375000001,14.59,
0,26,,,6.741523742675781,35.452880859375,482.958984375,0.050561562500000004,5.2587890625,14.624,
0,26,,,6.741523742675781,35.452880859375,484.18945312500006,0.050561562500000004,5.2587890625,14.658,
0,26,,,6.630516052246094,34.8712158203125,485.30273437500006,0.049729062500000004,5.2591796875000005,14.692,
0,26,,,6.025695800781251,31.699829101562507,486.40625000000006,0.045192500000000004,5.260937500000001,14.726,
0,26,,,6.025695800781251,31.699829101562507,487.50000000000006,0.045192500000000004,5.260937500000001,14.76,
0,26,,,6.01787567138672,31.655273437500007,488.505859375,0.04513375,5.2603515625,14.794,
0,26,,,6.023788452148438,31.6864013671875,489.599609375,0.0451775,5.2603515625,14.828,
0,26,,,6.023788452148438,31.6864013671875,490.703125,0.0451775,5.2603515625,14.862,
0,26,,,6.0344696044921875,31.743774414062504,491.80664062500006,0.04525875,5.2603515625,14.896,
0,26,,,6.015968322753907,31.649169921875004,492.80273437500006,0.045119375,5.260937500000001,14.93,
0,26,,,6.015968322753907,31.649169921875004,493.896484375,0.045119375,5.260937500000001,14.964,
0,26,,,6.014442443847656,31.636962890625004,495.00000000000006,0.0451084375,5.2601562500000005,14.998,
0,26,,,6.026649475097657,31.702880859375004,496.10351562500006,0.0451996875,5.260546875,15.032,
0,26,,,6.026649475097657,31.702880859375004,497.19726562500006,0.0451996875,5.260546875,15.066,
0,26,,,6.0253143310546875,31.696777343750004,498.20312500000006,0.045189375000000004,5.2607421875,15.1,
0,26,,,6.038665771484375,31.763305664062504,499.30664062500006,0.045290000000000004,5.259960937500001,15.134,
0,26,,,6.038665771484375,31.763305664062504,500.41015625000006,0.045290000000000004,5.259960937500001,15.168,
0,26,,,6.03618621826172,31.751708984375007,501.50390625000006,0.0452715625,5.2601562500000005,15.202,
0,26,,,6.024360656738281,31.691894531250007,502.50976562500006,0.045182187500000005,5.2607421875,15.236,
0,26,,,6.024360656738281,31.691894531250007,503.60351562500006,0.045182187500000005,5.2601562500000005,15.27,
0,26,,,6.02092742919922,31.670532226562507,504.70703125000006,0.045156562500000004,5.2601562500000005,15.304,
0,26,,,6.034088134765626,31.7449951171875,505.81054687500006,0.045255625,5.260937500000001,15.338,
0,26,,,6.034088134765626,31.7449951171875,506.90429687500006,0.0451065625,5.2607421875,15.372,
0,26,,,6.014251708984376,31.639404296875,507.90039062500006,0.0451065625,5.2607421875,15.406,
0,26,,,6.023597717285157,31.688232421875004,509.0039062500001,0.04517625,5.2607421875,15.44,
0,26,,,6.023597717285157,31.688232421875004,510.107421875,0.0451871875,5.260546875,15.474,
0,26,,,6.024932861328125,31.694946289062504,511.2011718750001,0.0451871875,5.260546875,15.508,
0,26,,,6.026649475097657,31.70166015625,512.3046875,0.0451996875,5.2603515625,15.542,
0,26,,,6.026649475097657,31.70166015625,513.3007812500001,0.045213750000000004,5.2601562500000005,15.576,
0,26,,,6.02855682373047,31.710815429687504,514.404296875,0.045213750000000004,5.2601562500000005,15.61,
0,26,,,6.035804748535156,31.752929687500007,515.5078125,0.045269062500000005,5.2607421875,15.644,
0,26,,,6.035804748535156,31.752929687500007,516.6113281250001,0.04514531250000001,5.260937500000001,15.678,
0,26,,,6.019401550292969,31.667480468750004,517.6074218750001,0.04514531250000001,5.260937500000001,15.712,
0,26,,,6.036949157714845,31.755371093750004,518.7109375000001,0.045276250000000004,5.2603515625,15.746,
0,26,,,6.036949157714845,31.746826171875007,519.8144531250001,0.045263750000000005,5.2603515625,15.78,
0,26,,,6.035232543945313,31.746826171875007,520.9082031250001,0.045263750000000005,5.2603515625,15.814,
0,26,,,6.022834777832032,31.682128906250004,522.0117187500001,0.045170625000000006,5.2603515625,15.848,
0,26,,,6.0291290283203125,31.7169189453125,523.017578125,0.0452178125,5.2607421875,15.882,
0,26,,,6.0291290283203125,31.7169189453125,524.111328125,0.0452178125,5.2607421875,15.916,
0,26,,,6.0260772705078125,31.6986083984375,525.21484375,0.045195937500000005,5.2601562500000005,15.95,
0,26,,,6.046485900878907,31.8072509765625,526.318359375,0.045348125,5.260546875,15.984,
0,26,,,6.046485900878907,31.8072509765625,527.3144531250001,0.045348125,5.260546875,16.018,
0,26,,,6.024360656738281,31.693115234375007,528.41796875,0.0451825,5.260937500000001,16.052,
0,26,,,6.02092742919922,31.674194335937504,529.521484375,0.045156875000000006,5.2607421875,16.086,
0,26,,,6.02092742919922,31.674194335937504,530.615234375,0.045156875000000006,5.2607421875,16.12,
0,26,,,6.032562255859375,31.732788085937504,531.62109375,0.0452440625,5.2603515625,16.154,
0,26,,,6.0337066650390625,31.741943359375004,532.7246093750001,0.0452528125,5.2607421875,16.188,
0,26,,,6.0337066650390625,31.741943359375004,533.818359375,0.0452528125,5.2607421875,16.222,
0,26,,,6.027030944824219,31.704711914062504,534.9218750000001,0.04520250000000001,5.2603515625,16.256,
0,26,,,6.019020080566407,31.6607666015625,536.0253906250001,0.045142812500000004,5.2601562500000005,16.29,
0,26,,,6.019020080566407,31.6607666015625,537.0214843750001,0.045142812500000004,5.2601562500000005,16.324,
0,26,,,6.027603149414063,31.704711914062504,538.1250000000001,0.045206875,5.259960937500001,16.358,
0,26,,,6.026268005371094,31.700439453125,539.2187500000001,0.04519625,5.260546875,16.392,
0,27,,,6.026268005371094,31.700439453125,540.3222656250001,0.04519625,5.260546875,16.427,
0,27,,,6.268882751464845,32.97668457031251,543.88671875,0.047715625000000005,5.259765625,16.536,
0,27,,,6.362152099609376,33.4625244140625,545.0976562500001,0.047715625000000005,5.259765625,16.57,
0,27,,,6.651878356933594,34.98168945312501,546.3085937500001,0.04988875,5.258984375000001,16.604,
0,27,,,6.651878356933594,34.98168945312501,547.5195312500001,0.049800312500000006,5.258984375000001,16.638,
0,27,,,6.640052795410156,34.91943359375001,548.73046875,0.049800312500000006,5.258984375000001,16.672,
0,28,,,6.270027160644531,32.982177734375,553.173828125,0.04702437500000001,5.2603515625,16.807,
0,28,,,6.270027160644531,32.982177734375,554.345703125,0.04866187500000001,5.259960937500001,16.841,
0,28,,,6.488227844238282,34.12719726562501,555.5566406250001,0.04866187500000001,5.259960937500001,16.875,
0,28,,,6.539535522460938,34.39208984375,556.62109375,0.049045937500000004,5.2591796875000005,16.909,
0,28,,,6.496238708496094,34.16564941406251,557.8125,0.048721875000000005,5.259375,16.943,
0,28,,,6.496238708496094,34.16564941406251,558.984375,0.048721875000000005,5.259375,16.977,
0,28,,,6.410980224609376,33.720703125,560.1757812500001,0.048082187500000005,5.259960937500001,17.011,
0,28,,,6.501960754394531,34.19677734375001,561.240234375,0.0487646875,5.259375,17.044,
0,28,,,6.501960754394531,34.19677734375001,562.44140625,0.0487646875,5.259375,17.078,
0,28,,,6.510925292968751,34.2449951171875,563.6132812500001,0.04883125000000001,5.259765625,17.112,
0,28,,,6.526374816894532,34.32556152343751,564.8144531250001,0.04894781250000001,5.2595703125,17.146,
0,28,,,6.526374816894532,34.32556152343751,565.9765625000001,0.04894781250000001,5.2595703125,17.18,
0,28,,,6.38713836669922,33.597412109375,567.0605468750001,0.0479028125,5.2601562500000005,17.214,
0,28,,,6.495094299316406,34.1607666015625,568.2324218750001,0.048712187500000004,5.2595703125,17.248,
0,28,,,6.495094299316406,34.1607666015625,569.423828125,0.048712187500000004,5.2595703125,17.282,
0,28,,,6.515693664550782,34.27001953125,570.5957031250001,0.048868125000000005,5.2595703125,17.316,
0,28,,,6.498718261718751,34.17724609375,571.6796875,0.048740625,5.2591796875000005,17.35,
0,28,,,6.498718261718751,34.17724609375,572.841796875,0.048740625,5.2591796875000005,17.384,
0,28,,,6.3739776611328125,33.52722167968751,574.052734375,0.04780500000000001,5.259960937500001,17.418,
0,28,,,6.516075134277344,34.2755126953125,575.2148437500001,0.048870000000000004,5.2601562500000005,17.452,
0,29,,,6.238174438476563,32.81372070312501,579.6093750000001,0.046786562500000003,5.2601562500000005,17.587,
0,29,,,6.440925598144531,33.87634277343751,580.8007812500001,0.048306875000000006,5.2595703125,17.621,
0,29,,,6.561470031738282,34.50866699218751,581.9921875,0.049210312500000006,5.259375,17.655,
0,29,,,6.561470031738282,34.50866699218751,583.1835937500001,0.049210312500000006,5.259375,17.689,
0,29,,,6.5265655517578125,34.32556152343751,584.2675781250001,0.0489490625,5.259375,17.723,
0,29,,,6.529808044433594,34.34570312500001,585.4687500000001,0.04897375,5.259765625,17.757,
0,29,,,6.529808044433594,34.34570312500001,586.6601562500001,0.04897375,5.259765625,17.791,
0,29,,,6.550979614257813,34.4512939453125,587.8515625,0.049131875000000005,5.258984375000001,17.825,
0,29,,,6.530952453613282,34.34814453125001,589.052734375,0.048981562500000006,5.259375,17.859,
0,29,,,6.530952453613282,34.34814453125001,590.1269531250001,0.048981562500000006,5.259375,17.893,
0,29,,,6.527900695800781,34.3292236328125,591.3183593750001,0.04895875,5.258984375000001,17.927,
0,0,,,,,,,,,10000085
0,1,,,,,,,,,1173795
0,2,,,,,,,,,899070
0,3,,,,,,,,,57560
0,4,,,,,,,,,223750
0,5,,,,,,,,,120540
0,6,,,,,,,,,10000085
0,7,,,,,,,,,1408550
0,8,,,,,,,,,1078880
0,9,,,,,,,,,69070
0,10,,,,,,,,,268490
0,11,,,,,,,,,144650
0,12,,,,,,,,,10000085
0,13,,,,,,,,,1760690
0,14,,,,,,,,,1348600
0,15,,,,,,,,,86340
0,16,,,,,,,,,335615
0,17,,,,,,,,,180810
0,18,,,,,,,,,10000084
0,19,,,,,,,,,2347590
0,20,,,,,,,,,1798135
0,21,,,,,,,,,115120
0,22,,,,,,,,,447495
0,23,,,,,,,,,241080
0,24,,,,,,,,,10000085
0,25,,,,,,,,,3521379
0,26,,,,,,,,,2697200
0,27,,,,,,,,,172680
0,28,,,,,,,,,671230
0,29,,,,,,,,,361620
